Scenario,Corn,Soybeans,Sorghum,Wheat,Nitrate_kgyr,NegProfit_usd,Irr_m3
baseline,0.4,0.4,0.05,0.1499999999999999,7528489.842216893,-115275087.09840955,586014782.6985989
