Year,FIPS,LandCover,area_m2,area_ha,area_prc,LandCoverGroup,Crop,irrigation_WaterUse_m,n_pdiv,fertilizer_kgHa,fertilizer_kgCrop,GDD,precip_gs_mm,precip_m,precip_m_avg,tmin_C_avg,tmax_C_avg
2006,20005,Corn,118091860.83939974,11809.186083939974,15.77812844928246,all_cult,Corn,NA,NA,250,2952296.5209849933,2108.9514801025425,634.329132190207,0.7821634115832857,0.0021429134563925637,6.872413614351478,19.56206999478277
2006,20005,Developed,44762140.91960411,4476.214091960411,5.9806222382665775,developed,NA,NA,NA,NA,NA,NA,NA,0.7821634115832857,0.0021429134563925637,6.872413614351478,19.56206999478277
2006,20005,Double Crop,979955.9567087728,97.99559567087728,0.13093087745156315,all_cult,NA,NA,NA,NA,NA,NA,NA,0.7821634115832857,0.0021429134563925637,6.872413614351478,19.56206999478277
2006,20005,Grass/Pasture/Shrubland,293484155.8224292,29348.415582242917,39.212107214509814,grassPastureHay,NA,NA,NA,NA,NA,NA,NA,0.7821634115832857,0.0021429134563925637,6.872413614351478,19.56206999478277
2006,20005,Other Crops,1135477.147230104,113.54771472301042,0.1517098989962233,all_cult,NA,NA,NA,NA,NA,NA,NA,0.7821634115832857,0.0021429134563925637,6.872413614351478,19.56206999478277
2006,20005,Sorghum,2080433.7255738794,208.04337255738795,0.27796454657417163,all_cult,Sorghum,NA,NA,112,23300.85772642745,2239.5775452660196,634.329132190207,0.7821634115832857,0.0021429134563925637,6.872413614351478,19.56206999478277
2006,20005,Soybeans,161957703.83806226,16195.770383806224,21.638997271649576,all_cult,Soybeans,NA,NA,56,906963.1414931485,2108.9514801025425,634.329132190207,0.7821634115832857,0.0021429134563925637,6.872413614351478,19.56206999478277
2006,20005,Wheat,13573262.047581404,1357.3262047581404,1.81350916600222,all_cult,Wheat,NA,NA,89,120802.0322234745,2785.7313934326226,484.0473133785126,0.7821634115832857,0.0021429134563925637,6.872413614351478,19.56206999478277
2006,20013,Corn,85337238.52510466,8533.723852510466,19.10575745167955,all_cult,Corn,NA,NA,250,2133430.9631276163,2063.576010131839,623.458638413169,0.7633699896361795,0.002091424629140218,6.384207195125237,19.330082054660767
2006,20013,Developed,29720712.020970963,2972.0712020970964,6.654031990932548,developed,NA,NA,NA,NA,NA,NA,NA,0.7633699896361795,0.002091424629140218,6.384207195125237,19.330082054660767
2006,20013,Double Crop,160097.40375406662,16.00974037540666,0.03584346315435283,all_cult,NA,NA,NA,NA,NA,NA,NA,0.7633699896361795,0.002091424629140218,6.384207195125237,19.330082054660767
2006,20013,Grass/Pasture/Shrubland,156338660.64175078,15633.86606417508,35.00193563989089,grassPastureHay,NA,NA,NA,NA,NA,NA,NA,0.7633699896361795,0.002091424629140218,6.384207195125237,19.330082054660767
2006,20013,Other Crops,472642.75992337416,47.26427599233742,0.10581778937845376,all_cult,NA,NA,NA,NA,NA,NA,NA,0.7633699896361795,0.002091424629140218,6.384207195125237,19.330082054660767
2006,20013,Sorghum,325231.2278667833,32.52312278667833,0.07281450703969874,all_cult,Sorghum,NA,NA,112,3642.589752107973,2184.6238885597695,623.458638413169,0.7633699896361795,0.002091424629140218,6.384207195125237,19.330082054660767
2006,20013,Soybeans,107760517.0938489,10776.05170938489,24.126001005492697,all_cult,Soybeans,NA,NA,56,603458.8957255539,2063.576010131839,623.458638413169,0.7633699896361795,0.002091424629140218,6.384207195125237,19.330082054660767
2006,20013,Wheat,7079528.23613884,707.952823613884,1.5850026517110047,all_cult,Wheat,NA,NA,89,63007.80130163568,2716.6637634277395,456.9078490774264,0.7633699896361795,0.002091424629140218,6.384207195125237,19.330082054660767
2006,20045,Corn,55482958.01798077,5548.295801798077,5.691967739118242,all_cult,Corn,0.22640575156891365,4,250,1387073.9504495193,2178.033261108402,603.8305091161383,0.7752083791691912,0.0021238585730662773,7.62212365555439,20.116700723726478
2006,20045,Developed,134406467.10952878,13440.646710952877,13.788689393027015,developed,NA,NA,NA,NA,NA,NA,NA,0.7752083791691912,0.0021238585730662773,7.62212365555439,20.116700723726478
2006,20045,Double Crop,3712205.151455038,371.22051514550384,0.3808331912697039,all_cult,NA,NA,NA,NA,NA,NA,NA,0.7752083791691912,0.0021238585730662773,7.62212365555439,20.116700723726478
2006,20045,Grass/Pasture/Shrubland,410371008.0530155,41037.10080530155,42.09974778471996,grassPastureHay,NA,NA,NA,NA,NA,NA,NA,0.7752083791691912,0.0021238585730662773,7.62212365555439,20.116700723726478
2006,20045,Other Crops,754764.71521443245,75.47647152144324,0.07743091866574686,all_cult,NA,NA,NA,NA,NA,NA,NA,0.7752083791691912,0.0021238585730662773,7.62212365555439,20.116700723726478
2006,20045,Sorghum,1403964.416930582,140.3964416930582,0.14403197762904096,all_cult,Sorghum,NA,NA,112,15724.401469622517,2324.4914928498088,603.8305091161383,0.7752083791691912,0.0021238585730662773,7.62212365555439,20.116700723726478
2006,20045,Soybeans,97069412.62489516,9706.941262489516,9.958300437712824,all_cult,Soybeans,0.15426283813044595,9,56,543588.7106994129,2178.033261108402,603.8305091161383,0.7752083791691912,0.0021238585730662773,7.62212365555439,20.116700723726478
2006,20045,Wheat,7219208.885423302,721.9208885423302,0.740614876093455,all_cult,Wheat,NA,NA,89,64250.959080267385,2927.6101837158258,451.4330244366429,0.7752083791691912,0.0021238585730662773,7.62212365555439,20.116700723726478
2006,20061,Corn,15506280.577331906,1550.6280577331906,1.976905017676546,all_cult,Corn,0.31264245352911846,10,250,387657.0144332977,2160.035910034183,594.418137394503,0.7215281301891955,0.001976789397778618,6.861519800473589,20.501881136959568
2006,20061,Developed,60482669.02496924,6048.266902496925,7.710971775702585,developed,NA,NA,NA,NA,NA,NA,NA,0.7215281301891955,0.001976789397778618,6.861519800473589,20.501881136959568
2006,20061,Double Crop,1720932.6891525905,172.09326891525905,0.2194027414441855,all_cult,NA,NA,NA,NA,NA,NA,NA,0.7215281301891955,0.001976789397778618,6.861519800473589,20.501881136959568
2006,20061,Grass/Pasture/Shrubland,518388055.431985,51838.805543198505,66.08960432363155,grassPastureHay,NA,NA,NA,NA,NA,NA,NA,0.7215281301891955,0.001976789397778618,6.861519800473589,20.501881136959568
2006,20061,Other Crops,9028358.636434183,902.8358636434182,1.1510308613815352,all_cult,NA,NA,NA,NA,NA,NA,NA,0.7215281301891955,0.001976789397778618,6.861519800473589,20.501881136959568
2006,20061,Sorghum,9736163.881892135,973.6163881892136,1.2412693769498104,all_cult,Sorghum,NA,NA,112,109045.03547719192,2324.8281292023476,594.418137394503,0.7215281301891955,0.001976789397778618,6.861519800473589,20.501881136959568
2006,20061,Soybeans,31049852.0111582,3104.98520111582,3.958564269029541,all_cult,Soybeans,0.13893555427555232,9,56,173879.1712624859,2160.035910034183,594.418137394503,0.7215281301891955,0.001976789397778618,6.861519800473589,20.501881136959568
2006,20061,Wheat,22942466.50788172,2294.246650788172,2.9249488251625273,all_cult,Wheat,NA,NA,89,204187.9519201473,2932.826855468755,401.67753042656113,0.7215281301891955,0.001976789397778618,6.861519800473589,20.501881136959568
2006,20085,Corn,72599027.34544902,7259.902734544902,4.266987754621103,all_cult,Corn,NA,NA,250,1814975.6836362255,2086.466668701175,616.2130380922463,0.7581852521353867,0.002077219868864073,6.421734326506337,19.764830539651136
2006,20085,Developed,87469900.48980564,8746.990048980564,5.141019211069689,developed,NA,NA,NA,NA,NA,NA,NA,0.7581852521353867,0.002077219868864073,6.421734326506337,19.764830539651136
2006,20085,Double Crop,1161389.985838177,116.13899858381768,0.06826037522969276,all_cult,NA,NA,NA,NA,NA,NA,NA,0.7581852521353867,0.002077219868864073,6.421734326506337,19.764830539651136
2006,20085,Grass/Pasture/Shrubland,1077275761.401393,107727.5761401393,63.3165849506112,grassPastureHay,NA,NA,NA,NA,NA,NA,NA,0.7581852521353867,0.002077219868864073,6.421734326506337,19.764830539651136
2006,20085,Other Crops,3701905.4521238017,370.1905452123802,0.21757846916894755,all_cult,NA,NA,NA,NA,NA,NA,NA,0.7581852521353867,0.002077219868864073,6.421734326506337,19.764830539651136
2006,20085,Sorghum,5097435.012022059,509.74350120220595,0.2996003331116044,all_cult,Sorghum,NA,NA,112,57091.272134647064,2222.224546088481,616.2130380922463,0.7581852521353867,0.002077219868864073,6.421734326506337,19.764830539651136
2006,20085,Soybeans,143466613.77682823,14346.661377682822,8.432210548356004,all_cult,Soybeans,NA,NA,56,803413.0371502381,2086.466668701175,616.2130380922463,0.7581852521353867,0.002077219868864073,6.421734326506337,19.764830539651136
2006,20085,Wheat,20139781.091941144,2013.9781091941145,1.1837100639262148,all_cult,Wheat,NA,NA,89,179244.0517182762,2763.862899780279,458.88509527617134,0.7581852521353867,0.002077219868864073,6.421734326506337,19.764830539651136
2006,20087,Corn,92966934.06250495,9296.693406250495,6.467112039687071,all_cult,Corn,0.24518974574560068,18,250,2324173.351562624,2126.0900695800815,610.0398034541868,0.7678725600000471,0.002103760438356293,7.1231002598592905,19.766153581175107
2006,20087,Developed,91182094.54657245,9118.209454657244,6.342952226966605,developed,NA,NA,NA,NA,NA,NA,NA,0.7678725600000471,0.002103760438356293,7.1231002598592905,19.766153581175107
2006,20087,Double Crop,3606968.693440179,360.6968693440179,0.2509136275101638,all_cult,NA,NA,NA,NA,NA,NA,NA,0.7678725600000471,0.002103760438356293,7.1231002598592905,19.766153581175107
2006,20087,Grass/Pasture/Shrubland,648222847.4039378,64822.284740393785,45.092696915526155,grassPastureHay,NA,NA,NA,NA,NA,NA,NA,0.7678725600000471,0.002103760438356293,7.1231002598592905,19.766153581175107
2006,20087,Other Crops,1889959.9948945602,188.995999489456,0.1314723687595403,all_cult,NA,NA,NA,NA,NA,NA,NA,0.7678725600000471,0.002103760438356293,7.1231002598592905,19.766153581175107
2006,20087,Sorghum,4537536.090241006,453.75360902410057,0.3156472199027526,all_cult,Sorghum,NA,NA,112,50820.404210699264,2265.496503836137,610.0398034541868,0.7678725600000471,0.002103760438356293,7.1231002598592905,19.766153581175107
2006,20087,Soybeans,176414245.31720728,17641.424531720728,12.272005109861515,all_cult,Soybeans,0.11521189499548469,10,56,987919.7737763608,2126.0900695800815,610.0398034541868,0.7678725600000471,0.002103760438356293,7.1231002598592905,19.766153581175107
2006,20087,Wheat,9056445.619277287,905.6445619277288,0.6299987096683357,all_cult,Wheat,NA,NA,89,80602.36601156786,2831.611859130865,491.0369743881747,0.7678725600000471,0.002103760438356293,7.1231002598592905,19.766153581175107
2006,20091,Corn,14087044.4623711,1408.70444623711,2.3329435015756927,all_cult,Corn,NA,NA,250,352176.1115592775,2182.9632110595735,619.6798290346599,0.8094005242424868,0.002217535682856128,7.836622431506872,19.956011043182816
2006,20091,Developed,240667089.00705132,24066.708900705133,39.8566727635383,developed,NA,NA,NA,NA,NA,NA,NA,0.8094005242424868,0.002217535682856128,7.836622431506872,19.956011043182816
2006,20091,Double Crop,1872345.508316817,187.2345508316817,0.31007755374095913,all_cult,NA,NA,NA,NA,NA,NA,NA,0.8094005242424868,0.002217535682856128,7.836622431506872,19.956011043182816
2006,20091,Grass/Pasture/Shrubland,192640452.15832272,19264.045215832273,31.903022113959945,grassPastureHay,NA,NA,NA,NA,NA,NA,NA,0.8094005242424868,0.002217535682856128,7.836622431506872,19.956011043182816
2006,20091,Other Crops,338962.6222315958,33.89626222315958,0.05613531276376446,all_cult,NA,NA,NA,NA,NA,NA,NA,0.8094005242424868,0.002217535682856128,7.836622431506872,19.956011043182816
2006,20091,Sorghum,295688.9182223288,29.56889182223288,0.04896879129595779,all_cult,Sorghum,NA,NA,112,3311.715884090083,2325.6141812683636,619.6798290346599,0.8094005242424868,0.002217535682856128,7.836622431506872,19.956011043182816
2006,20091,Soybeans,37197070.68375255,3719.707068375255,6.16017536972449,all_cult,Soybeans,NA,NA,56,208303.5958290143,2182.9632110595735,619.6798290346599,0.8094005242424868,0.002217535682856128,7.836622431506872,19.956011043182816
2006,20091,Wheat,3898800.226139845,389.88002261398447,0.6456770031365279,all_cult,Wheat,NA,NA,89,34699.32201264462,2934.7826934814507,429.8235467655183,0.8094005242424868,0.002217535682856128,7.836622431506872,19.956011043182816
2006,20103,Corn,31065075.41194876,3106.507541194876,3.4382491357816565,all_cult,Corn,NA,NA,250,776626.885298719,2165.645431518558,617.5153500963934,0.7936847697987105,0.00217447882136633,7.47350334271995,19.952537223084356
2006,20103,Developed,72824297.86213171,7282.429786213172,8.060114964088319,developed,NA,NA,NA,NA,NA,NA,NA,0.7936847697987105,0.00217447882136633,7.47350334271995,19.952537223084356
2006,20103,Double Crop,2247456.8242734456,224.74568242734455,0.2487461041473137,all_cult,NA,NA,NA,NA,NA,NA,NA,0.7936847697987105,0.00217447882136633,7.47350334271995,19.952537223084356
2006,20103,Grass/Pasture/Shrubland,450586106.1604654,45058.61061604654,49.870385619780365,grassPastureHay,NA,NA,NA,NA,NA,NA,NA,0.7936847697987105,0.00217447882136633,7.47350334271995,19.952537223084356
2006,20103,Other Crops,1228419.0361029692,122.84190361029692,0.13596009773838227,all_cult,NA,NA,NA,NA,NA,NA,NA,0.7936847697987105,0.00217447882136633,7.47350334271995,19.952537223084356
2006,20103,Sorghum,669019.7168417951,66.90197168417951,0.07404638272236186,all_cult,Sorghum,NA,NA,112,7493.020828628106,2311.2174602570353,617.5153500963934,0.7936847697987105,0.00217447882136633,7.47350334271995,19.952537223084356
2006,20103,Soybeans,91589841.46404745,9158.984146404744,10.13706514741035,all_cult,Soybeans,0.08142699840358612,4,56,512903.1121986657,2165.645431518558,617.5153500963934,0.7936847697987105,0.00217447882136633,7.47350334271995,19.952537223084356
2006,20103,Wheat,4629267.998372226,462.92679983722263,0.51236240323379,all_cult,Wheat,NA,NA,89,41200.485185512814,2888.3789031982474,461.95709226833424,0.7936847697987105,0.00217447882136633,7.47350334271995,19.952537223084356
2006,20117,Corn,1239165.2407493324,123.91652407493324,6.0566887833393634,all_cult,Corn,0.21035809485685694,10,250,30979.131018733307,2029.9621520996125,595.6796405240893,0.7216119726980105,0.0019770191032822204,5.9080009983010715,19.38723821770657
2006,20117,Developed,681545.6729603888,68.15456729603888,3.3312022456799117,developed,NA,NA,NA,NA,NA,NA,NA,0.7216119726980105,0.0019770191032822204,5.9080009983010715,19.38723821770657
2006,20117,Double Crop,3566.366329468723,0.3566366329468723,0.0174313886757431,all_cult,NA,NA,NA,NA,NA,NA,NA,0.7216119726980105,0.0019770191032822204,5.9080009983010715,19.38723821770657
2006,20117,Grass/Pasture/Shrubland,14734749.737229073,1473.4749737229074,72.01928405030274,grassPastureHay,NA,NA,NA,NA,NA,NA,NA,0.7216119726980105,0.0019770191032822204,5.9080009983010715,19.38723821770657
2006,20117,Other Crops,105187.99254896533,10.518799254896532,0.5141291198807749,all_cult,NA,NA,NA,NA,NA,NA,NA,0.7216119726980105,0.0019770191032822204,5.9080009983010715,19.38723821770657
2006,20117,Sorghum,154573.5822949542,15.45735822949542,0.7555118972836129,all_cult,Sorghum,NA,NA,112,1731.224121703487,2158.005312509965,595.6796405240893,0.7216119726980105,0.0019770191032822204,5.9080009983010715,19.38723821770657
2006,20117,Soybeans,1933599.060930498,193.3599060930498,9.450884642899942,all_cult,Soybeans,0.17318448365513603,11,56,10828.154741210788,2029.9621520996125,595.6796405240893,0.7216119726980105,0.0019770191032822204,5.9080009983010715,19.38723821770657
2006,20117,Wheat,168930.4450080473,16.89304450080473,0.8256841765720087,all_cult,Wheat,NA,NA,89,1503.480960571621,2676.9270751953177,380.8437259048223,0.7216119726980105,0.0019770191032822204,5.9080009983010715,19.38723821770657
2006,20127,Corn,4243193.4955923995,424.31934955924,1.5763836419554589,all_cult,Corn,NA,NA,250,106079.83738981,2171.3283843994172,585.4219764222798,0.7149836887453567,0.001958859421220155,6.8719184352927245,20.56716057764343
2006,20127,Developed,15010635.145430615,1501.0635145430615,5.576582760884666,developed,NA,NA,NA,NA,NA,NA,NA,0.7149836887453567,0.001958859421220155,6.8719184352927245,20.56716057764343
2006,20127,Double Crop,1378021.2615270142,137.80212615270142,0.5119469986920153,all_cult,NA,NA,NA,NA,NA,NA,NA,0.7149836887453567,0.001958859421220155,6.8719184352927245,20.56716057764343
2006,20127,Grass/Pasture/Shrubland,179824595.645973,17982.4595645973,66.80641627397445,grassPastureHay,NA,NA,NA,NA,NA,NA,NA,0.7149836887453567,0.001958859421220155,6.8719184352927245,20.56716057764343
2006,20127,Other Crops,2888651.694673591,288.86516946735907,1.0731594690462314,all_cult,NA,NA,NA,NA,NA,NA,NA,0.7149836887453567,0.001958859421220155,6.8719184352927245,20.56716057764343
2006,20127,Sorghum,10301772.970138941,1030.177297013894,3.827199115509271,all_cult,Sorghum,NA,NA,112,115379.85726555614,2338.654435704887,585.4219764222798,0.7149836887453567,0.001958859421220155,6.8719184352927245,20.56716057764343
2006,20127,Soybeans,14655274.11097969,1465.527411097969,5.44456301625631,all_cult,Soybeans,NA,NA,56,82069.53502148626,2171.3283843994172,585.4219764222798,0.7149836887453567,0.001958859421220155,6.8719184352927245,20.56716057764343
2006,20127,Wheat,24225812.21819729,2422.581221819729,9.000101959413291,all_cult,Wheat,NA,NA,89,215609.72874195586,2941.493963623052,435.09748442619457,0.7149836887453567,0.001958859421220155,6.8719184352927245,20.56716057764343
2006,20131,Corn,70072895.11409533,7007.289511409533,9.233607347083534,all_cult,Corn,NA,NA,250,1751822.377852383,2033.4953918457063,614.6623838879168,0.7493957977555692,0.002053139171933066,5.985094671380053,19.298530641320657
2006,20131,Developed,40312739.48970762,4031.273948970762,5.3120683386514385,developed,NA,NA,NA,NA,NA,NA,NA,0.7493957977555692,0.002053139171933066,5.985094671380053,19.298530641320657
2006,20131,Double Crop,296231.0448007125,29.62310448007125,0.0390347957973251,all_cult,NA,NA,NA,NA,NA,NA,NA,0.7493957977555692,0.002053139171933066,5.985094671380053,19.298530641320657
2006,20131,Grass/Pasture/Shrubland,401575473.76042026,40157.54737604203,52.9161844802513,grassPastureHay,NA,NA,NA,NA,NA,NA,NA,0.7493957977555692,0.002053139171933066,5.985094671380053,19.298530641320657
2006,20131,Other Crops,7872069.194677668,787.2069194677667,1.037314011849703,all_cult,NA,NA,NA,NA,NA,NA,NA,0.7493957977555692,0.002053139171933066,5.985094671380053,19.298530641320657
2006,20131,Sorghum,3095406.558484624,309.5406558484624,0.40788622610920056,all_cult,Sorghum,NA,NA,112,34668.55345502779,2158.516607415824,614.6623838879168,0.7493957977555692,0.002053139171933066,5.985094671380053,19.298530641320657
2006,20131,Soybeans,95488041.89567429,9548.804189567429,12.582598218196962,all_cult,Soybeans,NA,NA,56,534733.034615776,2033.4953918457063,614.6623838879168,0.7493957977555692,0.002053139171933066,5.985094671380053,19.298530641320657
2006,20131,Wheat,18338359.84686992,1833.835984686992,2.416472359816326,all_cult,Wheat,NA,NA,89,163211.4026371423,2667.671551513677,418.7930172681809,0.7493957977555692,0.002053139171933066,5.985094671380053,19.298530641320657
2006,20139,Corn,15324599.195961468,1532.4599195961468,6.9678653032021245,all_cult,Corn,NA,NA,250,383114.9798990367,2161.8722351074252,585.2637566027188,0.7441244796430511,0.0020386972045015094,7.2869439530046245,20.192407895440947
2006,20139,Developed,15095771.22636645,1509.5771226366448,6.863820659074433,developed,NA,NA,NA,NA,NA,NA,NA,0.7441244796430511,0.0020386972045015094,7.2869439530046245,20.192407895440947
2006,20139,Double Crop,1360151.2627042138,136.01512627042138,0.6184403695857077,all_cult,NA,NA,NA,NA,NA,NA,NA,0.7441244796430511,0.0020386972045015094,7.2869439530046245,20.192407895440947
2006,20139,Grass/Pasture/Shrubland,119102343.9514497,11910.234395144971,54.15404862060306,grassPastureHay,NA,NA,NA,NA,NA,NA,NA,0.7441244796430511,0.0020386972045015094,7.2869439530046245,20.192407895440947
2006,20139,Other Crops,138643.26260600617,13.864326260600617,0.06303901111421667,all_cult,NA,NA,NA,NA,NA,NA,NA,0.7441244796430511,0.0020386972045015094,7.2869439530046245,20.192407895440947
2006,20139,Sorghum,659807.2008916447,65.98072008916446,0.3000044335976749,all_cult,Sorghum,NA,NA,112,7389.8406499864195,2310.2267067330117,585.2637566027188,0.7441244796430511,0.0020386972045015094,7.2869439530046245,20.192407895440947
2006,20139,Soybeans,23180126.095951058,2318.012609595106,10.539655509580454,all_cult,Soybeans,NA,NA,56,129808.70613732593,2161.8722351074252,585.2637566027188,0.7441244796430511,0.0020386972045015094,7.2869439530046245,20.192407895440947
2006,20139,Wheat,2299685.139630636,229.96851396306363,1.0456323253755742,all_cult,Wheat,NA,NA,89,20467.197742712662,2905.76557617188,443.55101524524434,0.7441244796430511,0.0020386972045015094,7.2869439530046245,20.192407895440947
2006,20149,Corn,95741432.8022077,9574.14328022077,5.586746393907041,all_cult,Corn,0.2000070996966957,59,250,2393535.8200551923,2094.9987274169953,612.4722062993387,0.739827645756348,0.002026925056866707,6.370854876792617,19.963172306426607
2006,20149,Developed,102180823.94860052,10218.082394860052,5.962500591573879,developed,NA,NA,NA,NA,NA,NA,NA,0.739827645756348,0.002026925056866707,6.370854876792617,19.963172306426607
2006,20149,Double Crop,1169519.0643888616,116.95190643888616,0.06824429324217661,all_cult,NA,NA,NA,NA,NA,NA,NA,0.739827645756348,0.002026925056866707,6.370854876792617,19.963172306426607
2006,20149,Grass/Pasture/Shrubland,1096898432.707605,109689.8432707605,64.0067020520941,grassPastureHay,NA,NA,NA,NA,NA,NA,NA,0.739827645756348,0.002026925056866707,6.370854876792617,19.963172306426607
2006,20149,Other Crops,18793951.273266364,1879.3951273266364,1.096672949527494,all_cult,NA,NA,NA,NA,NA,NA,NA,0.739827645756348,0.002026925056866707,6.370854876792617,19.963172306426607
2006,20149,Sorghum,9243052.22299188,924.305222299188,0.5393546677139722,all_cult,Sorghum,NA,NA,112,103522.18489750905,2240.6116802277384,612.4722062993387,0.739827645756348,0.002026925056866707,6.370854876792617,19.963172306426607
2006,20149,Soybeans,137847266.35789204,13784.726635789202,8.04372459962954,all_cult,Soybeans,0.14985187827837423,43,56,771944.6916041953,2094.9987274169953,612.4722062993387,0.739827645756348,0.002026925056866707,6.370854876792617,19.963172306426607
2006,20149,Wheat,21275357.245994158,2127.535724599416,1.241469047352727,all_cult,Wheat,NA,NA,89,189350.67948934803,2796.7928039550834,394.8418179015643,0.739827645756348,0.002026925056866707,6.370854876792617,19.963172306426607
2006,20161,Corn,16294824.458711568,1629.4824458711569,2.0376898641511216,all_cult,Corn,0.17458497976494927,10,250,407370.6114677892,2153.9966308593785,605.247091779358,0.72605189578106,0.0019891832761124934,6.725869834586389,20.484506183781058
2006,20161,Developed,91775537.2633697,9177.55372633697,11.47665521236176,developed,NA,NA,NA,NA,NA,NA,NA,0.72605189578106,0.0019891832761124934,6.725869834586389,20.484506183781058
2006,20161,Double Crop,1366304.6776702844,136.63046776702845,0.1708582501201822,all_cult,NA,NA,NA,NA,NA,NA,NA,0.72605189578106,0.0019891832761124934,6.725869834586389,20.484506183781058
2006,20161,Grass/Pasture/Shrubland,451617128.88212967,45161.71288821297,56.47533352273444,grassPastureHay,NA,NA,NA,NA,NA,NA,NA,0.72605189578106,0.0019891832761124934,6.725869834586389,20.484506183781058
2006,20161,Other Crops,5857650.355213972,585.7650355213972,0.732507109039732,all_cult,NA,NA,NA,NA,NA,NA,NA,0.72605189578106,0.0019891832761124934,6.725869834586389,20.484506183781058
2006,20161,Sorghum,10303522.232072903,1030.3522232072903,1.2884694076054382,all_cult,Sorghum,NA,NA,112,115399.44899921652,2318.7837508904336,605.247091779358,0.72605189578106,0.0019891832761124934,6.725869834586389,20.484506183781058
2006,20161,Soybeans,42654332.07899309,4265.433207899309,5.333981986718054,all_cult,Soybeans,0.2421854314358448,10,56,238864.2596423613,2153.9966308593785,605.247091779358,0.72605189578106,0.0019891832761124934,6.725869834586389,20.484506183781058
2006,20161,Wheat,25194670.168030355,2519.4670168030357,3.150627621801669,all_cult,Wheat,NA,NA,89,224232.56449547017,2903.4958770752005,383.1577346499471,0.72605189578106,0.0019891832761124934,6.725869834586389,20.484506183781058
2006,20177,Corn,93437211.4828532,9343.72114828532,6.412069935444339,all_cult,Corn,0.17993325303159924,76,250,2335930.28707133,2158.2929199218784,614.5890596617392,0.7627762792987196,0.002089798025475944,7.209333404122989,20.183800600652848
2006,20177,Developed,257745745.97457093,25774.574597457093,17.687639886979145,developed,NA,NA,NA,NA,NA,NA,NA,0.7627762792987196,0.002089798025475944,7.209333404122989,20.183800600652848
2006,20177,Double Crop,2394466.5263100457,239.44665263100455,0.1643187610280731,all_cult,NA,NA,NA,NA,NA,NA,NA,0.7627762792987196,0.002089798025475944,7.209333404122989,20.183800600652848
2006,20177,Grass/Pasture/Shrubland,692988756.5306965,69298.87565306966,47.55591804199838,grassPastureHay,NA,NA,NA,NA,NA,NA,NA,0.7627762792987196,0.002089798025475944,7.209333404122989,20.183800600652848
2006,20177,Other Crops,2262533.983950881,226.25339839508808,0.1552649731961965,all_cult,NA,NA,NA,NA,NA,NA,NA,0.7627762792987196,0.002089798025475944,7.209333404122989,20.183800600652848
2006,20177,Sorghum,4187616.022912301,418.76160229123013,0.28737251867398117,all_cult,Sorghum,NA,NA,112,46901.29945661777,2306.4352028267617,614.5890596617392,0.7627762792987196,0.002089798025475944,7.209333404122989,20.183800600652848
2006,20177,Soybeans,143990498.75935298,14399.0498759353,9.881257514346034,all_cult,Soybeans,0.11368852685083412,44,56,806346.7930523767,2158.2929199218784,614.5890596617392,0.7627762792987196,0.002089798025475944,7.209333404122989,20.183800600652848
2006,20177,Wheat,11038895.337853089,1103.889533785309,0.7575372572987563,all_cult,Wheat,NA,NA,89,98246.1685068925,2898.0861938476614,444.57619731873274,0.7627762792987196,0.002089798025475944,7.209333404122989,20.183800600652848
2006,20197,Corn,38046488.97146962,3804.6488971469616,2.4752967475206193,all_cult,Corn,0.21197611072840464,28,250,951162.2242867404,2127.375656127933,613.8563183293445,0.7493118695937155,0.0020529092317636043,6.7095534233198,20.17572255591826
2006,20197,Developed,73191641.92890358,7319.164192890358,4.761833170681419,developed,NA,NA,NA,NA,NA,NA,NA,0.7493118695937155,0.0020529092317636043,6.7095534233198,20.17572255591826
2006,20197,Double Crop,1378954.6678710105,137.89546678710104,0.08971450708419054,all_cult,NA,NA,NA,NA,NA,NA,NA,0.7493118695937155,0.0020529092317636043,6.7095534233198,20.17572255591826
2006,20197,Grass/Pasture/Shrubland,1187422780.411165,118742.2780411165,77.25348187812334,grassPastureHay,NA,NA,NA,NA,NA,NA,NA,0.7493118695937155,0.0020529092317636043,6.7095534233198,20.17572255591826
2006,20197,Other Crops,9717290.059097204,971.7290059097204,0.6322048927046804,all_cult,NA,NA,NA,NA,NA,NA,NA,0.7493118695937155,0.0020529092317636043,6.7095534233198,20.17572255591826
2006,20197,Sorghum,3717928.0772612323,371.7928077261232,0.24188763604603472,all_cult,Sorghum,NA,NA,112,41640.7944653258,2278.19348564766,613.8563183293445,0.7493118695937155,0.0020529092317636043,6.7095534233198,20.17572255591826
2006,20197,Soybeans,77346750.63603944,7734.675063603943,5.032163688592825,all_cult,Soybeans,0.17401157583120083,19,56,433141.8035618208,2127.375656127933,613.8563183293445,0.7493118695937155,0.0020529092317636043,6.7095534233198,20.17572255591826
2006,20197,Wheat,11722937.640907591,1172.2937640907592,0.7626919118787937,all_cult,Wheat,NA,NA,89,104334.14500407757,2859.3506500244193,406.51916426513344,0.7493118695937155,0.0020529092317636043,6.7095534233198,20.17572255591826
2006,20209,Corn,1732542.6533628313,173.25426533628314,0.6752786248266495,all_cult,Corn,NA,NA,250,43313.56633407078,2177.747787475589,614.0003466652706,0.7948248388131324,0.002177602298118171,7.775356930249381,19.86657438931402
2006,20209,Developed,135688598.68091664,13568.859868091664,52.886207530912515,developed,NA,NA,NA,NA,NA,NA,NA,0.7948248388131324,0.002177602298118171,7.775356930249381,19.86657438931402
2006,20209,Double Crop,292918.1983496265,29.291819834962652,0.11416827042284178,all_cult,NA,NA,NA,NA,NA,NA,NA,0.7948248388131324,0.002177602298118171,7.775356930249381,19.86657438931402
2006,20209,Grass/Pasture/Shrubland,53526786.698635876,5352.678669863588,20.862686897252736,grassPastureHay,NA,NA,NA,NA,NA,NA,NA,0.7948248388131324,0.002177602298118171,7.775356930249381,19.86657438931402
2006,20209,Other Crops,77916.4458286862,7.791644582868621,0.03036883985998847,all_cult,NA,NA,NA,NA,NA,NA,NA,0.7948248388131324,0.002177602298118171,7.775356930249381,19.86657438931402
2006,20209,Sorghum,185051.55884312972,18.505155884312973,0.07212599466747263,all_cult,Sorghum,NA,NA,112,2072.577459043053,2319.637299034184,614.0003466652706,0.7948248388131324,0.002177602298118171,7.775356930249381,19.86657438931402
2006,20209,Soybeans,9251046.120340789,925.1046120340789,3.6057026880269114,all_cult,Soybeans,0.24961483170352222,5,56,51805.858273908416,2177.747787475589,614.0003466652706,0.7948248388131324,0.002177602298118171,7.775356930249381,19.86657438931402
2006,20209,Wheat,439277.22513839975,43.927722513839974,0.17121340125933596,all_cult,Wheat,NA,NA,89,3909.567303731758,2908.8550567627008,421.86968422911013,0.7948248388131324,0.002177602298118171,7.775356930249381,19.86657438931402
2007,20005,Corn,145637972.61461467,14563.797261461466,19.45853526799376,all_cult,Corn,0.1414556360334911,4,250,3640949.3153653666,2229.038595581058,800.1417387641268,1.0212398925713497,0.0027979175138941087,6.457211220101158,18.266667781464065
2007,20005,Developed,53448428.24244327,5344.842824244327,7.141187887354937,developed,NA,NA,NA,NA,NA,NA,NA,1.0212398925713497,0.0027979175138941087,6.457211220101158,18.266667781464065
2007,20005,Double Crop,5423086.638765474,542.3086638765474,0.7245728619214129,all_cult,NA,NA,NA,NA,NA,NA,NA,1.0212398925713497,0.0027979175138941087,6.457211220101158,18.266667781464065
2007,20005,Grass/Pasture/Shrubland,264638450.76812437,26463.84507681244,35.35806311424877,grassPastureHay,NA,NA,NA,NA,NA,NA,NA,1.0212398925713497,0.0027979175138941087,6.457211220101158,18.266667781464065
2007,20005,Other Crops,302719.8021209876,30.271980212098764,0.04044607213448826,all_cult,NA,NA,NA,NA,NA,NA,NA,1.0212398925713497,0.0027979175138941087,6.457211220101158,18.266667781464065
2007,20005,Sorghum,2596123.07854816,259.612307854816,0.3468652548306113,all_cult,Sorghum,NA,NA,112,29076.57847973939,2322.3596815765663,800.1417387641268,1.0212398925713497,0.0027979175138941087,6.457211220101158,18.266667781464065
2007,20005,Soybeans,134411109.7093308,13441.11097093308,17.958526006195818,all_cult,Soybeans,NA,NA,56,752702.2143722525,2229.038595581058,800.1417387641268,1.0212398925713497,0.0027979175138941087,6.457211220101158,18.266667781464065
2007,20005,Wheat,21065144.714434464,2106.5144714434464,2.814491674062775,all_cult,Wheat,NA,NA,89,187479.78795846674,2697.662722778325,659.644561447727,1.0212398925713497,0.0027979175138941087,6.457211220101158,18.266667781464065
2007,20013,Corn,84386834.45231488,8438.683445231489,18.89297590390931,all_cult,Corn,NA,NA,250,2109670.861307872,2192.095346069339,858.1110569092561,1.0784266774636344,0.00295459363688667,6.0217120862987175,18.03372083690071
2007,20013,Developed,33815010.21474302,3381.501021474302,7.570685372000724,developed,NA,NA,NA,NA,NA,NA,NA,1.0784266774636344,0.00295459363688667,6.0217120862987175,18.03372083690071
2007,20013,Double Crop,1668060.6395337628,166.80606395337628,0.3734543388611069,all_cult,NA,NA,NA,NA,NA,NA,NA,1.0784266774636344,0.00295459363688667,6.0217120862987175,18.03372083690071
2007,20013,Grass/Pasture/Shrubland,171126572.67614737,17112.657267614737,38.31273249046905,grassPastureHay,NA,NA,NA,NA,NA,NA,NA,1.0784266774636344,0.00295459363688667,6.0217120862987175,18.03372083690071
2007,20013,Other Crops,393235.7511561986,39.32357511561986,0.08803972348729258,all_cult,NA,NA,NA,NA,NA,NA,NA,1.0784266774636344,0.00295459363688667,6.0217120862987175,18.03372083690071
2007,20013,Sorghum,855310.0093061667,85.53100093061667,0.1914913801551016,all_cult,Sorghum,NA,NA,112,9579.472104229068,2281.194306470512,858.1110569092561,1.0784266774636344,0.00295459363688667,6.0217120862987175,18.03372083690071
2007,20013,Soybeans,95972545.18246564,9597.254518246564,21.486846797100487,all_cult,Soybeans,NA,NA,56,537446.2530218075,2192.095346069339,858.1110569092561,1.0784266774636344,0.00295459363688667,6.0217120862987175,18.03372083690071
2007,20013,Wheat,9108624.844252776,910.8624844252776,2.039287654491425,all_cult,Wheat,NA,NA,89,81066.7611138497,2620.921350097661,665.5979052581824,1.0784266774636344,0.00295459363688667,6.0217120862987175,18.03372083690071
2007,20045,Corn,71503128.33335648,7150.312833335649,7.335468660261395,all_cult,Corn,0.12551368628861825,11,250,1787578.2083339123,2292.7926544189486,844.5726973973215,1.0781911108791828,0.0029539482489840626,7.293242070446299,18.80004707231916
2007,20045,Developed,154741426.46429807,15474.142646429806,15.874842272369118,developed,NA,NA,NA,NA,NA,NA,NA,1.0781911108791828,0.0029539482489840626,7.293242070446299,18.80004707231916
2007,20045,Double Crop,4902818.404774683,490.2818404774682,0.50297758424647665,all_cult,NA,NA,NA,NA,NA,NA,NA,1.0781911108791828,0.0029539482489840626,7.293242070446299,18.80004707231916
2007,20045,Grass/Pasture/Shrubland,372712645.73673105,37271.26457367311,38.23639602645842,grassPastureHay,NA,NA,NA,NA,NA,NA,NA,1.0781911108791828,0.0029539482489840626,7.293242070446299,18.80004707231916
2007,20045,Other Crops,662174.9653808366,66.21749653808367,0.06793218449849028,all_cult,NA,NA,NA,NA,NA,NA,NA,1.0781911108791828,0.0029539482489840626,7.293242070446299,18.80004707231916
2007,20045,Sorghum,2416133.2570275376,241.61332570275377,0.247869851278559,all_cult,Sorghum,NA,NA,112,27060.69247870842,2389.464499601762,844.5726973973215,1.0781911108791828,0.0029539482489840626,7.293242070446299,18.80004707231916
2007,20045,Soybeans,77058140.26322474,7705.814026322474,7.905354438250738,all_cult,Soybeans,NA,NA,56,431525.5854740585,2292.7926544189486,844.5726973973215,1.0781911108791828,0.0029539482489840626,7.293242070446299,18.80004707231916
2007,20045,Wheat,18760156.472594064,1876.0156472594065,1.924594672623799,all_cult,Wheat,NA,NA,89,166965.39260608717,2829.2652893066456,794.6466751673324,1.0781911108791828,0.0029539482489840626,7.293242070446299,18.80004707231916
2007,20061,Corn,15914204.397984922,1591.4204397984922,2.0289114704075524,all_cult,Corn,0.1548257405950439,10,250,397855.10994962306,2241.017095947269,754.6274891381036,1.002908956860396,0.0027476957722202626,6.694952810627163,18.70824693653684
2007,20061,Developed,64495050.25831535,6449.505025831535,8.222512667373847,developed,NA,NA,NA,NA,NA,NA,NA,1.002908956860396,0.0027476957722202626,6.694952810627163,18.70824693653684
2007,20061,Double Crop,5112785.312550161,511.2785312550161,0.6518320681917205,all_cult,NA,NA,NA,NA,NA,NA,NA,1.002908956860396,0.0027476957722202626,6.694952810627163,18.70824693653684
2007,20061,Grass/Pasture/Shrubland,542777976.7487248,54277.79767487248,69.19909003113803,grassPastureHay,NA,NA,NA,NA,NA,NA,NA,1.002908956860396,0.0027476957722202626,6.694952810627163,18.70824693653684
2007,20061,Other Crops,3248648.880992013,324.8648880992013,0.4141721956773375,all_cult,NA,NA,NA,NA,NA,NA,NA,1.002908956860396,0.0027476957722202626,6.694952810627163,18.70824693653684
2007,20061,Sorghum,4104560.4243892664,410.45604243892666,0.5232928720633216,all_cult,Sorghum,NA,NA,112,45971.07675315979,2345.0659881591837,754.6274891381036,1.002908956860396,0.0027476957722202626,6.694952810627163,18.70824693653684
2007,20061,Soybeans,16226892.38541389,1622.6892385413892,2.06877624960026,all_cult,Soybeans,0.14469973994084137,5,56,90870.5973583178,2241.017095947269,754.6274891381036,1.002908956860396,0.0027476957722202626,6.694952810627163,18.70824693653684
2007,20061,Wheat,24762176.661461998,2476.2176661462,3.1569447648328515,all_cult,Wheat,NA,NA,89,220383.3722870118,2732.483087158208,693.4828947352071,1.002908956860396,0.0027476957722202626,6.694952810627163,18.70824693653684
2007,20085,Corn,87187145.40987192,8718.714540987192,5.124400359443851,all_cult,Corn,NA,NA,250,2179678.635246798,2204.0776824951204,854.7711968999356,1.0928503024205565,0.0029941104175905658,6.126335875628769,18.376699536467274
2007,20085,Developed,103516621.2357477,10351.66212357477,6.08416078511519,developed,NA,NA,NA,NA,NA,NA,NA,1.0928503024205565,0.0029941104175905658,6.126335875628769,18.376699536467274
2007,20085,Double Crop,2173481.0924530355,217.34810924530356,0.12774575012235295,all_cult,NA,NA,NA,NA,NA,NA,NA,1.0928503024205565,0.0029941104175905658,6.126335875628769,18.376699536467274
2007,20085,Grass/Pasture/Shrubland,1085284585.356678,108528.4585356678,63.78730136370458,grassPastureHay,NA,NA,NA,NA,NA,NA,NA,1.0928503024205565,0.0029941104175905658,6.126335875628769,18.376699536467274
2007,20085,Other Crops,4321226.642348177,432.1226642348177,0.25397890084815283,all_cult,NA,NA,NA,NA,NA,NA,NA,1.0928503024205565,0.0029941104175905658,6.126335875628769,18.376699536467274
2007,20085,Sorghum,4249781.407069344,424.9781407069344,0.24977972690316044,all_cult,Sorghum,NA,NA,112,47597.551759176655,2298.0436289802774,854.7711968999356,1.0928503024205565,0.0029941104175905658,6.126335875628769,18.376699536467274
2007,20085,Soybeans,106282199.47708714,10628.219947708714,6.246706881416048,all_cult,Soybeans,NA,NA,56,595180.317071688,2204.0776824951204,854.7711968999356,1.0928503024205565,0.0029941104175905658,6.126335875628769,18.376699536467274
2007,20085,Wheat,27749616.111344114,2774.961611134411,1.6309760126554138,all_cult,Wheat,NA,NA,89,246971.5833909626,2663.843292236333,707.4171470729634,1.0928503024205565,0.0029941104175905658,6.126335875628769,18.376699536467274
2007,20087,Corn,136593915.41477263,13659.391541477264,9.501960711460631,all_cult,Corn,0.1728809559237538,26,250,3414847.8853693157,2238.329168701175,834.9250207532896,1.0707870894117513,0.0029336632586623324,6.731607933567018,18.39404664758136
2007,20087,Developed,116192225.20894502,11619.222520894502,8.082746259671078,developed,NA,NA,NA,NA,NA,NA,NA,1.0707870894117513,0.0029336632586623324,6.731607933567018,18.39404664758136
2007,20087,Double Crop,11052892.226943279,1105.289222694328,0.7688786676149799,all_cult,NA,NA,NA,NA,NA,NA,NA,1.0707870894117513,0.0029336632586623324,6.731607933567018,18.39404664758136
2007,20087,Grass/Pasture/Shrubland,585312342.533521,58531.2342533521,40.71641746119107,grassPastureHay,NA,NA,NA,NA,NA,NA,NA,1.0707870894117513,0.0029336632586623324,6.731607933567018,18.39404664758136
2007,20087,Other Crops,907690.9513357737,90.76909513357737,0.06314222512438551,all_cult,NA,NA,NA,NA,NA,NA,NA,1.0707870894117513,0.0029336632586623324,6.731607933567018,18.39404664758136
2007,20087,Sorghum,3081953.4297194774,308.19534297194775,0.21439169025078472,all_cult,Sorghum,NA,NA,112,34517.87841285815,2329.2716261566447,834.9250207532896,1.0707870894117513,0.0029336632586623324,6.731607933567018,18.39404664758136
2007,20087,Soybeans,127773822.55444153,12777.382255444152,8.888403544028877,all_cult,Soybeans,0.11347649899143715,6,56,715533.4063048725,2238.329168701175,834.9250207532896,1.0707870894117513,0.0029336632586623324,6.731607933567018,18.39404664758136
2007,20087,Wheat,21278594.388711277,2127.8594388711276,1.4802150393206646,all_cult,Wheat,NA,NA,89,189379.49005953036,2734.531137084966,735.4203224710654,1.0707870894117513,0.0029336632586623324,6.731607933567018,18.39404664758136
2007,20091,Corn,18497608.668811604,1849.7608668811604,3.0633733040216917,all_cult,Corn,NA,NA,250,462440.2167202901,2309.077877807621,846.5337410073057,1.0857013354152032,0.002974524206616995,7.542161204716954,18.707999367909913
2007,20091,Developed,265273723.2307158,26527.37232307158,43.931756615306426,developed,NA,NA,NA,NA,NA,NA,NA,1.0857013354152032,0.002974524206616995,7.542161204716954,18.707999367909913
2007,20091,Double Crop,3992455.0582970316,399.2455058297032,0.6611871005636994,all_cult,NA,NA,NA,NA,NA,NA,NA,1.0857013354152032,0.002974524206616995,7.542161204716954,18.707999367909913
2007,20091,Grass/Pasture/Shrubland,151678683.29272267,15167.868329272267,25.119378267068697,grassPastureHay,NA,NA,NA,NA,NA,NA,NA,1.0857013354152032,0.002974524206616995,7.542161204716954,18.707999367909913
2007,20091,Other Crops,340223.611832508,34.0223611832508,0.0563441441835034,all_cult,NA,NA,NA,NA,NA,NA,NA,1.0857013354152032,0.002974524206616995,7.542161204716954,18.707999367909913
2007,20091,Sorghum,925293.5939047567,92.52935939047568,0.1532370883556067,all_cult,Sorghum,NA,NA,112,10363.288251733276,2395.949347624223,846.5337410073057,1.0857013354152032,0.002974524206616995,7.542161204716954,18.707999367909913
2007,20091,Soybeans,37271531.78117994,3727.1531781179942,6.172506809000304,all_cult,Soybeans,NA,NA,56,208720.57797460767,2309.077877807621,846.5337410073057,1.0857013354152032,0.002974524206616995,7.542161204716954,18.707999367909913
2007,20091,Wheat,11006409.274343604,1100.6409274343605,1.8227621174087216,all_cult,Wheat,NA,NA,89,97957.04254165808,2849.750769042974,834.6209458322264,1.0857013354152032,0.002974524206616995,7.542161204716954,18.707999367909913
2007,20103,Corn,54082380.944863535,5408.2380944863535,5.985779756812331,all_cult,Corn,NA,NA,250,1352059.5236215885,2283.596667480472,808.4747275705449,1.047432168122963,0.0028696771729396246,7.086454835656594,18.637028273491033
2007,20103,Developed,92948699.80329968,9294.869980329968,10.287462126932462,developed,NA,NA,NA,NA,NA,NA,NA,1.047432168122963,0.0028696771729396246,7.086454835656594,18.637028273491033
2007,20103,Double Crop,2479463.388202742,247.94633882027424,0.27442434111752734,all_cult,NA,NA,NA,NA,NA,NA,NA,1.047432168122963,0.0028696771729396246,7.086454835656594,18.637028273491033
2007,20103,Grass/Pasture/Shrubland,388173186.5266954,38817.318652669535,42.962590800461165,grassPastureHay,NA,NA,NA,NA,NA,NA,NA,1.047432168122963,0.0028696771729396246,7.086454835656594,18.637028273491033
2007,20103,Other Crops,667357.2412839044,66.73572412839044,0.07386238171562433,all_cult,NA,NA,NA,NA,NA,NA,NA,1.047432168122963,0.0028696771729396246,7.086454835656594,18.637028273491033
2007,20103,Sorghum,1638344.63554722,163.834463554722,0.18133022220561135,all_cult,Sorghum,NA,NA,112,18349.459918128865,2376.824256771879,808.4747275705449,1.047432168122963,0.0028696771729396246,7.086454835656594,18.637028273491033
2007,20103,Soybeans,78435803.33671436,7843.580333671436,8.681190354782421,all_cult,Soybeans,NA,NA,56,439240.4986856004,2283.596667480472,808.4747275705449,1.047432168122963,0.0028696771729396246,7.086454835656594,18.637028273491033
2007,20103,Wheat,10049553.385875145,1004.9553385875146,1.1122737603491073,all_cult,Wheat,NA,NA,89,89441.0251342888,2796.7478302002005,763.2239989420632,1.047432168122963,0.0028696771729396246,7.086454835656594,18.637028273491033
2007,20117,Corn,542502.4922617606,54.25024922617607,2.651598553416917,all_cult,Corn,0.17079613806243887,17,250,13562.562306544016,2151.066311645511,905.2617432633416,1.126005353984423,0.003084946175299789,5.766907616184206,17.92446682028577
2007,20117,Developed,771394.7867355584,77.13947867355584,3.770359269860139,developed,NA,NA,NA,NA,NA,NA,NA,1.126005353984423,0.003084946175299789,5.766907616184206,17.92446682028577
2007,20117,Double Crop,20542.98845108891,2.054298845108891,0.10040831007553204,all_cult,NA,NA,NA,NA,NA,NA,NA,1.126005353984423,0.003084946175299789,5.766907616184206,17.92446682028577
2007,20117,Grass/Pasture/Shrubland,16230572.920260098,1623.0572920260097,79.3304441737456,grassPastureHay,NA,NA,NA,NA,NA,NA,NA,1.126005353984423,0.003084946175299789,5.766907616184206,17.92446682028577
2007,20117,Other Crops,8549.684876685415,0.8549684876685414,0.04178843853172746,all_cult,NA,NA,NA,NA,NA,NA,NA,1.126005353984423,0.003084946175299789,5.766907616184206,17.92446682028577
2007,20117,Sorghum,317220.4510709723,31.72204510709723,1.5504837326502023,all_cult,Sorghum,NA,NA,112,3552.8690519948896,2233.000588989262,905.2617432633416,1.126005353984423,0.003084946175299789,5.766907616184206,17.92446682028577
2007,20117,Soybeans,1008191.1321693365,100.81911321693366,4.927752749084303,all_cult,Soybeans,NA,NA,56,5645.870340148285,2151.066311645511,905.2617432633416,1.126005353984423,0.003084946175299789,5.766907616184206,17.92446682028577
2007,20117,Wheat,620422.0807358122,62.042208073581214,3.0324474361920863,all_cult,Wheat,NA,NA,89,5521.756518548728,2552.122262573247,718.0762759754434,1.126005353984423,0.003084946175299789,5.766907616184206,17.92446682028577
2007,20127,Corn,3680611.232098957,368.0611232098957,1.3673793911838297,all_cult,Corn,NA,NA,250,92015.28080247392,2233.501754760746,712.0310467238305,0.9717472632364079,0.0026623212691408433,6.717380722254946,18.645690332700152
2007,20127,Developed,16040146.56197822,1604.014656197822,5.959055291995448,developed,NA,NA,NA,NA,NA,NA,NA,0.9717472632364079,0.0026623212691408433,6.717380722254946,18.645690332700152
2007,20127,Double Crop,696664.5463851928,69.66645463851928,0.25881699620644205,all_cult,NA,NA,NA,NA,NA,NA,NA,0.9717472632364079,0.0026623212691408433,6.717380722254946,18.645690332700152
2007,20127,Grass/Pasture/Shrubland,195097254.7818107,19509.72547818107,72.48034324805765,grassPastureHay,NA,NA,NA,NA,NA,NA,NA,0.9717472632364079,0.0026623212691408433,6.717380722254946,18.645690332700152
2007,20127,Other Crops,887198.7494827026,88.71987494827026,0.3296021256868502,all_cult,NA,NA,NA,NA,NA,NA,NA,0.9717472632364079,0.0026623212691408433,6.717380722254946,18.645690332700152
2007,20127,Sorghum,4362851.338154098,436.28513381540984,1.6208375811505198,all_cult,Sorghum,NA,NA,112,48863.934987325905,2334.0902130126997,712.0310467238305,0.9717472632364079,0.0026623212691408433,6.717380722254946,18.645690332700152
2007,20127,Soybeans,7914694.037182036,791.4694037182036,2.940378331616548,all_cult,Soybeans,NA,NA,56,44322.2866082194,2233.501754760746,712.0310467238305,0.9717472632364079,0.0026623212691408433,6.717380722254946,18.645690332700152
2007,20127,Wheat,28527252.36608318,2852.725236608318,10.598124744143998,all_cult,Wheat,NA,NA,89,253892.54605814032,2721.1348663330127,678.8042708539579,0.9717472632364079,0.0026623212691408433,6.717380722254946,18.645690332700152
2007,20131,Corn,65212744.31199695,6521.274431199695,8.593178204244216,all_cult,Corn,NA,NA,250,1630318.6077999237,2163.5596923828157,877.9910679105669,1.1054084358625114,0.003028516262637018,5.755610719445657,17.941003417968773
2007,20131,Developed,44160260.60893534,4416.026060893534,5.819061794776158,developed,NA,NA,NA,NA,NA,NA,NA,1.1054084358625114,0.003028516262637018,5.755610719445657,17.941003417968773
2007,20131,Double Crop,3545418.996956312,354.54189969563123,0.467185019906509,all_cult,NA,NA,NA,NA,NA,NA,NA,1.1054084358625114,0.003028516262637018,5.755610719445657,17.941003417968773
2007,20131,Grass/Pasture/Shrubland,448983761.2779336,44898.37612779336,59.163243506735064,grassPastureHay,NA,NA,NA,NA,NA,NA,NA,1.1054084358625114,0.003028516262637018,5.755610719445657,17.941003417968773
2007,20131,Other Crops,3057873.2268516882,305.7873226851688,0.40294040438794726,all_cult,NA,NA,NA,NA,NA,NA,NA,1.1054084358625114,0.003028516262637018,5.755610719445657,17.941003417968773
2007,20131,Sorghum,3982097.4301543958,398.2097430154396,0.5247267724275874,all_cult,Sorghum,NA,NA,112,44599.491217729235,2251.3349639892617,877.9910679105669,1.1054084358625114,0.003028516262637018,5.755610719445657,17.941003417968773
2007,20131,Soybeans,79667405.4266894,7966.74054266894,10.49788993123806,all_cult,Soybeans,NA,NA,56,446137.4703894607,2163.5596923828157,877.9910679105669,1.1054084358625114,0.003028516262637018,5.755610719445657,17.941003417968773
2007,20131,Wheat,17942662.754955262,1794.2662754955263,2.36433077826509,all_cult,Wheat,NA,NA,89,159689.69851910183,2571.7537017822315,679.8480155719444,1.1054084358625114,0.003028516262637018,5.755610719445657,17.941003417968773
2007,20139,Corn,20614189.071423758,2061.4189071423757,9.372962447349032,all_cult,Corn,NA,NA,250,515354.7267855939,2259.297616577152,851.9340481727925,1.0986130823819624,0.003009898855840993,7.019108560640541,18.758600187954862
2007,20139,Developed,17067115.667014524,1706.7115667014525,7.760161395494607,developed,NA,NA,NA,NA,NA,NA,NA,1.0986130823819624,0.003009898855840993,7.019108560640541,18.758600187954862
2007,20139,Double Crop,2619114.1900124815,261.91141900124813,1.190871921434766,all_cult,NA,NA,NA,NA,NA,NA,NA,1.0986130823819624,0.003009898855840993,7.019108560640541,18.758600187954862
2007,20139,Grass/Pasture/Shrubland,111442832.25326909,11144.28322532691,50.671383585207664,grassPastureHay,NA,NA,NA,NA,NA,NA,NA,1.0986130823819624,0.003009898855840993,7.019108560640541,18.758600187954862
2007,20139,Other Crops,77439.7338901473,7.74397338901473,0.0352106849883919,all_cult,NA,NA,NA,NA,NA,NA,NA,1.0986130823819624,0.003009898855840993,7.019108560640541,18.758600187954862
2007,20139,Sorghum,1070657.9642371133,107.06579642371132,0.4868121107252717,all_cult,Sorghum,NA,NA,112,11991.369199455668,2352.412078857426,851.9340481727925,1.0986130823819624,0.003009898855840993,7.019108560640541,18.758600187954862
2007,20139,Soybeans,21290274.370543867,2129.0274370543866,9.680368287952389,all_cult,Soybeans,NA,NA,56,119225.53647504565,2259.297616577152,851.9340481727925,1.0986130823819624,0.003009898855840993,7.019108560640541,18.758600187954862
2007,20139,Wheat,4979347.901160647,497.9347901160647,2.2640347737259563,all_cult,Wheat,NA,NA,89,44316.19632032976,2783.61193542481,803.1314501632787,1.0986130823819624,0.003009898855840993,7.019108560640541,18.758600187954862
2007,20149,Corn,112630953.67482783,11263.095367482783,6.572291179150243,all_cult,Corn,0.10432173834628364,65,250,2815773.841870696,2200.7019226074253,856.8471206951217,1.0932746679808043,0.0029952730629611074,6.193588967519287,18.396843897153275
2007,20149,Developed,107580986.19892992,10758.098619892991,6.277613245474385,developed,NA,NA,NA,NA,NA,NA,NA,1.0932746679808043,0.0029952730629611074,6.193588967519287,18.396843897153275
2007,20149,Double Crop,2159335.4436305533,215.93354436305535,0.12600249599210597,all_cult,NA,NA,NA,NA,NA,NA,NA,1.0932746679808043,0.0029952730629611074,6.193588967519287,18.396843897153275
2007,20149,Grass/Pasture/Shrubland,1144976505.10315,114497.65051031498,66.81217497766346,grassPastureHay,NA,NA,NA,NA,NA,NA,NA,1.0932746679808043,0.0029952730629611074,6.193588967519287,18.396843897153275
2007,20149,Other Crops,7348285.039725805,734.8285039725805,0.4287903757603109,all_cult,NA,NA,NA,NA,NA,NA,NA,1.0932746679808043,0.0029952730629611074,6.193588967519287,18.396843897153275
2007,20149,Sorghum,8618588.278513953,861.8588278513953,0.5029156716823966,all_cult,Sorghum,NA,NA,112,96528.18871935627,2292.970361328129,856.8471206951217,1.0932746679808043,0.0029952730629611074,6.193588967519287,18.396843897153275
2007,20149,Soybeans,101809603.61810838,10180.960361810838,5.940838978811027,all_cult,Soybeans,0.10667420421943832,40,56,570133.7802614069,2200.7019226074253,856.8471206951217,1.0932746679808043,0.0029952730629611074,6.193588967519287,18.396843897153275
2007,20149,Wheat,25158538.732580066,2515.8538732580064,1.4680621693910063,all_cult,Wheat,NA,NA,89,223910.99471996256,2649.561322021489,726.1325443170499,1.0932746679808043,0.0029952730629611074,6.193588967519287,18.396843897153275
2007,20161,Corn,18165266.728992302,1816.52667289923,2.2715912029036978,all_cult,Corn,0.10159289451362112,11,250,454131.66822480754,2249.7955993652376,791.7206179464993,1.0269125810079678,0.0028134591260492265,6.57447392711903,18.832072804072155
2007,20161,Developed,97676247.26302892,9767.624726302893,12.214546988248465,developed,NA,NA,NA,NA,NA,NA,NA,1.0269125810079678,0.0028134591260492265,6.57447392711903,18.832072804072155
2007,20161,Double Crop,1878679.406495509,187.8679406495509,0.2349314037905282,all_cult,NA,NA,NA,NA,NA,NA,NA,1.0269125810079678,0.0028134591260492265,6.57447392711903,18.832072804072155
2007,20161,Grass/Pasture/Shrubland,474686885.3306846,47468.68853306846,59.360237806469954,grassPastureHay,NA,NA,NA,NA,NA,NA,NA,1.0269125810079678,0.0028134591260492265,6.57447392711903,18.832072804072155
2007,20161,Other Crops,2223422.6933707176,222.34226933707177,0.2780420186473943,all_cult,NA,NA,NA,NA,NA,NA,NA,1.0269125810079678,0.0028134591260492265,6.57447392711903,18.832072804072155
2007,20161,Sorghum,9689923.620503224,968.9923620503224,1.2117380703258709,all_cult,Sorghum,NA,NA,112,108527.14454963611,2358.1167789146525,791.7206179464993,1.0269125810079678,0.0028134591260492265,6.57447392711903,18.832072804072155
2007,20161,Soybeans,35791902.93623117,3579.190293623117,4.475825929677172,all_cult,Soybeans,0.14943856558116525,6,56,200434.65644289457,2249.7955993652376,791.7206179464993,1.0269125810079678,0.0028134591260492265,6.57447392711903,18.832072804072155
2007,20161,Wheat,22157796.70362682,2215.779670362682,2.77086248270462,all_cult,Wheat,NA,NA,89,197204.3906622787,2737.500671386724,701.3580686663154,1.0269125810079678,0.0028134591260492265,6.57447392711903,18.832072804072155
2007,20177,Corn,118805805.18365897,11880.580518365898,8.152973740169829,all_cult,Corn,0.13052381069900496,95,250,2970145.1295914743,2268.5569244384797,834.8013483933173,1.080628310631495,0.0029606255085794383,6.961046861622455,18.762095161333498
2007,20177,Developed,288659613.9594475,28865.96139594475,19.80908465559254,developed,NA,NA,NA,NA,NA,NA,NA,1.080628310631495,0.0029606255085794383,6.961046861622455,18.762095161333498
2007,20177,Double Crop,1875948.922789295,187.5948922789295,0.1287358162486885,all_cult,NA,NA,NA,NA,NA,NA,NA,1.080628310631495,0.0029606255085794383,6.961046861622455,18.762095161333498
2007,20177,Grass/Pasture/Shrubland,645300434.9075065,64530.04349075064,44.28333693112081,grassPastureHay,NA,NA,NA,NA,NA,NA,NA,1.080628310631495,0.0029606255085794383,6.961046861622455,18.762095161333498
2007,20177,Other Crops,2623498.8157135826,262.34988157135825,0.1800359579972903,all_cult,NA,NA,NA,NA,NA,NA,NA,1.080628310631495,0.0029606255085794383,6.961046861622455,18.762095161333498
2007,20177,Sorghum,5546031.87052237,554.603187052237,0.3805929527821854,all_cult,Sorghum,NA,NA,112,62115.55694985054,2364.5107577964886,834.8013483933173,1.080628310631495,0.0029606255085794383,6.961046861622455,18.762095161333498
2007,20177,Soybeans,115377001.87062827,11537.700187062826,7.917674266982202,all_cult,Soybeans,0.11690310445792228,34,56,646111.2104755183,2268.5569244384797,834.8013483933173,1.080628310631495,0.0029606255085794383,6.961046861622455,18.762095161333498
2007,20177,Wheat,22400092.83237297,2240.009283237297,1.5371922976102397,all_cult,Wheat,NA,NA,89,199360.82620811943,2783.862094116216,762.6337515247433,1.080628310631495,0.0029606255085794383,6.961046861622455,18.762095161333498
2007,20197,Corn,55963372.02685011,5596.337202685011,3.640965474165741,all_cult,Corn,0.09611848296290226,34,250,1399084.300671253,2220.40350646973,805.5801176019013,1.0573300982334186,0.0028967947896805985,6.560057214188272,18.558358722843558
2007,20197,Developed,75613185.62169869,7561.3185621698685,4.919378305299482,developed,NA,NA,NA,NA,NA,NA,NA,1.0573300982334186,0.0028967947896805985,6.560057214188272,18.558358722843558
2007,20197,Double Crop,1934736.8901828995,193.47368901828995,0.12587358416092248,all_cult,NA,NA,NA,NA,NA,NA,NA,1.0573300982334186,0.0028967947896805985,6.560057214188272,18.558358722843558
2007,20197,Grass/Pasture/Shrubland,1210835007.4420345,121083.50074420344,78.77667655359477,grassPastureHay,NA,NA,NA,NA,NA,NA,NA,1.0573300982334186,0.0028967947896805985,6.560057214188272,18.558358722843558
2007,20197,Other Crops,5006156.695456838,500.61566954568383,0.3256995249978314,all_cult,NA,NA,NA,NA,NA,NA,NA,1.0573300982334186,0.0028967947896805985,6.560057214188272,18.558358722843558
2007,20197,Sorghum,3055592.1905591334,305.55921905591333,0.19879619947880495,all_cult,Sorghum,NA,NA,112,34222.632534262295,2313.150473022465,805.5801176019013,1.0573300982334186,0.0028967947896805985,6.560057214188272,18.558358722843558
2007,20197,Soybeans,54371782.34413053,5437.178234413053,3.5374169767478203,all_cult,Soybeans,0.1384296363943981,18,56,304481.981127131,2220.40350646973,805.5801176019013,1.0573300982334186,0.0028967947896805985,6.560057214188272,18.558358722843558
2007,20197,Wheat,16051014.014050996,1605.1014014050995,1.0442756705666558,all_cult,Wheat,NA,NA,89,142854.02472505387,2699.323126220708,732.676870242256,1.0573300982334186,0.0028967947896805985,6.560057214188272,18.558358722843558
2007,20209,Corn,4388773.351642168,438.8773351642168,1.7105753949666938,all_cult,Corn,NA,NA,250,109719.3337910542,2314.0635040283237,823.0605317409791,1.062653539942723,0.002911379561486912,7.469086989311346,18.636579874117103
2007,20209,Developed,147446557.62334454,14744.655762334454,57.46900861231719,developed,NA,NA,NA,NA,NA,NA,NA,1.062653539942723,0.002911379561486912,7.469086989311346,18.636579874117103
2007,20209,Double Crop,348899.0005910699,34.88990005910699,0.13598743838440414,all_cult,NA,NA,NA,NA,NA,NA,NA,1.062653539942723,0.002911379561486912,7.469086989311346,18.636579874117103
2007,20209,Grass/Pasture/Shrubland,37560140.25587747,3756.0140255877473,14.63950097335546,grassPastureHay,NA,NA,NA,NA,NA,NA,NA,1.062653539942723,0.002911379561486912,7.469086989311346,18.636579874117103
2007,20209,Other Crops,23266.71646273269,2.326671646273269,0.00906847301374656,all_cult,NA,NA,NA,NA,NA,NA,NA,1.062653539942723,0.002911379561486912,7.469086989311346,18.636579874117103
2007,20209,Sorghum,162745.80330040478,16.27458033004048,0.06343206733507796,all_cult,Sorghum,NA,NA,112,1822.7529969645336,2401.34704965059,823.0605317409791,1.062653539942723,0.002911379561486912,7.469086989311346,18.636579874117103
2007,20209,Soybeans,8412889.492991293,841.2889492991293,3.279021406266064,all_cult,Soybeans,NA,NA,56,47112.18116075124,2314.0635040283237,823.0605317409791,1.062653539942723,0.002911379561486912,7.469086989311346,18.636579874117103
2007,20209,Wheat,1145888.0072566778,114.5888007256678,0.44662316176962275,all_cult,Wheat,NA,NA,89,10198.403264584435,2832.384359741216,822.177830202505,1.062653539942723,0.002911379561486912,7.469086989311346,18.636579874117103
2008,20005,Corn,142253652.0812552,14225.36520812552,19.00635978604832,all_cult,Corn,NA,NA,250,3556341.30203138,1960.4487609863315,792.648300431727,0.9756680637335812,0.002665759736976998,4.763690118841809,16.571980110543695
2008,20005,Developed,36039149.85187459,3603.914985187459,4.815152640698337,developed,NA,NA,NA,NA,NA,NA,NA,0.9756680637335812,0.002665759736976998,4.763690118841809,16.571980110543695
2008,20005,Double Crop,6864875.84393164,686.487584393164,0.9172087905468244,all_cult,NA,NA,NA,NA,NA,NA,NA,0.9756680637335812,0.002665759736976998,4.763690118841809,16.571980110543695
2008,20005,Grass/Pasture/Shrubland,270061120.2566762,27006.112025667622,36.08258024117197,grassPastureHay,NA,NA,NA,NA,NA,NA,NA,0.9756680637335812,0.002665759736976998,4.763690118841809,16.571980110543695
2008,20005,Other Crops,22250364.256220166,2225.0364256220164,2.972847601710714,all_cult,NA,NA,NA,NA,NA,NA,NA,0.9756680637335812,0.002665759736976998,4.763690118841809,16.571980110543695
2008,20005,Sorghum,535032.8007864286,53.50328007864286,0.0714851658309302,all_cult,Sorghum,NA,NA,112,5992.367368808,2004.0331634521524,792.648300431727,0.9756680637335812,0.002665759736976998,4.763690118841809,16.571980110543695
2008,20005,Soybeans,166867709.51595894,16686.770951595892,22.29501792982108,all_cult,Soybeans,NA,NA,56,934459.17328937,1960.4487609863315,792.648300431727,0.9756680637335812,0.002665759736976998,4.763690118841809,16.571980110543695
2008,20005,Wheat,13782665.082263798,1378.2665082263798,1.8414872836760672,all_cult,Wheat,NA,NA,89,122665.71923214779,2330.5029296875045,747.0851459576224,0.9756680637335812,0.002665759736976998,4.763690118841809,16.571980110543695
2008,20013,Corn,88067560.99292392,8806.756099292392,19.717036650966975,all_cult,Corn,0.11621381194560146,5,250,2201689.024823098,1939.869784545902,751.4365360314259,0.9079707990015159,0.0024807945327910267,4.334758554260611,16.457287214102013
2008,20013,Developed,23993906.89121329,2399.390689121329,5.371884224339463,developed,NA,NA,NA,NA,NA,NA,NA,0.9079707990015159,0.0024807945327910267,4.334758554260611,16.457287214102013
2008,20013,Double Crop,1861463.0816499998,186.146308165,0.4167543121611369,all_cult,NA,NA,NA,NA,NA,NA,NA,0.9079707990015159,0.0024807945327910267,4.334758554260611,16.457287214102013
2008,20013,Grass/Pasture/Shrubland,156361397.9212131,15636.139792121308,35.00702618364442,grassPastureHay,NA,NA,NA,NA,NA,NA,NA,0.9079707990015159,0.0024807945327910267,4.334758554260611,16.457287214102013
2008,20013,Other Crops,6872118.053041195,687.2118053041195,1.5385665504290742,all_cult,NA,NA,NA,NA,NA,NA,NA,0.9079707990015159,0.0024807945327910267,4.334758554260611,16.457287214102013
2008,20013,Sorghum,147972.12225936612,14.797212225936612,0.03312879027209247,all_cult,Sorghum,NA,NA,112,1657.2877693049004,1984.5929107666057,751.4365360314259,0.9079707990015159,0.0024807945327910267,4.334758554260611,16.457287214102013
2008,20013,Soybeans,122189923.97751768,12218.992397751768,27.35653380519033,all_cult,Soybeans,NA,NA,56,684263.574274099,1939.869784545902,751.4365360314259,0.9079707990015159,0.0024807945327910267,4.334758554260611,16.457287214102013
2008,20013,Wheat,7762237.721424221,776.2237721424221,1.737851303264058,all_cult,Wheat,NA,NA,89,69083.91572067558,2279.469628906254,722.1642132442212,0.9079707990015159,0.0024807945327910267,4.334758554260611,16.457287214102013
2008,20045,Corn,62745776.92851959,6274.577692851959,6.437056544953856,all_cult,Corn,0.10994346972307228,9,250,1568644.4232129897,2028.2596862793005,815.1774187030642,1.0481777405173889,0.0028638736079710076,5.658440578439871,17.266727951967024
2008,20045,Developed,129997463.64960314,12999.746364960314,13.336372026540818,developed,NA,NA,NA,NA,NA,NA,NA,1.0481777405173889,0.0028638736079710076,5.658440578439871,17.266727951967024
2008,20045,Double Crop,6270507.06377511,627.050706377511,0.6432880507804606,all_cult,NA,NA,NA,NA,NA,NA,NA,1.0481777405173889,0.0028638736079710076,5.658440578439871,17.266727951967024
2008,20045,Grass/Pasture/Shrubland,385876063.8978483,38587.60638978483,39.58682423335613,grassPastureHay,NA,NA,NA,NA,NA,NA,NA,1.0481777405173889,0.0028638736079710076,5.658440578439871,17.266727951967024
2008,20045,Other Crops,39185399.51429173,3918.539951429173,4.020009708341889,all_cult,NA,NA,NA,NA,NA,NA,NA,1.0481777405173889,0.0028638736079710076,5.658440578439871,17.266727951967024
2008,20045,Sorghum,761191.1499606773,76.11911499606772,0.07809020325618488,all_cult,Sorghum,NA,NA,112,8525.340879559584,2078.516195678715,815.1774187030642,1.0481777405173889,0.0028638736079710076,5.658440578439871,17.266727951967024
2008,20045,Soybeans,92897943.5922873,9289.79435922873,9.530351604295548,all_cult,Soybeans,0.07843473580061272,7,56,520228.48411680886,2028.2596862793005,815.1774187030642,1.0481777405173889,0.0028638736079710076,5.658440578439871,17.266727951967024
2008,20045,Wheat,11366483.940012721,1136.6483940012722,1.166081661918439,all_cult,Wheat,NA,NA,89,101161.70706611323,2459.680770874028,810.5323669056779,1.0481777405173889,0.0028638736079710076,5.658440578439871,17.266727951967024
2008,20061,Corn,22033966.231770415,2203.3966231770414,2.8091235796790617,all_cult,Corn,0.1391643659846395,8,250,550849.1557942603,2008.9364379882848,728.718510018196,0.8990951486281119,0.002456544121934732,5.164382542677939,17.46115902759992
2008,20061,Developed,60569384.45370165,6056.938445370165,7.722027177758295,developed,NA,NA,NA,NA,NA,NA,NA,0.8990951486281119,0.002456544121934732,5.164382542677939,17.46115902759992
2008,20061,Double Crop,5895398.908831715,589.5398908831714,0.75160794530648245,all_cult,NA,NA,NA,NA,NA,NA,NA,0.8990951486281119,0.002456544121934732,5.164382542677939,17.46115902759992
2008,20061,Grass/Pasture/Shrubland,501296419.1819088,50129.64191819088,63.91058135970605,grassPastureHay,NA,NA,NA,NA,NA,NA,NA,0.8990951486281119,0.002456544121934732,5.164382542677939,17.46115902759992
2008,20061,Other Crops,19458225.277436778,1945.8225277436777,2.480740819450864,all_cult,NA,NA,NA,NA,NA,NA,NA,0.8990951486281119,0.002456544121934732,5.164382542677939,17.46115902759992
2008,20061,Sorghum,8824230.61969301,882.4230619693009,1.1250064580095294,all_cult,Sorghum,NA,NA,112,98831.3829405617,2073.46413949434,728.718510018196,0.8990951486281119,0.002456544121934732,5.164382542677939,17.46115902759992
2008,20061,Soybeans,34013938.91038164,3401.3938910381635,4.336457486857047,all_cult,Soybeans,0.10421163140516992,9,56,190478.05789813717,2008.9364379882848,728.718510018196,0.8990951486281119,0.002456544121934732,5.164382542677939,17.46115902759992
2008,20061,Wheat,22793072.641186226,2279.3072641186227,2.905902511431292,all_cult,Wheat,NA,NA,89,202858.34650655743,2424.5137908935594,694.1361898477189,0.8990951486281119,0.002456544121934732,5.164382542677939,17.46115902759992
2008,20085,Corn,93876225.44090328,9387.622544090327,5.517549188370697,all_cult,Corn,NA,NA,250,2346905.6360225817,1939.386282348636,766.60520144039765,0.9310412230850197,0.0025438284783743706,4.3859127690883515,16.72874565749874
2008,20085,Developed,72648378.08132385,7264.8378081323845,4.269888330473964,developed,NA,NA,NA,NA,NA,NA,NA,0.9310412230850197,0.0025438284783743706,4.3859127690883515,16.72874565749874
2008,20085,Double Crop,4167902.141471241,416.7902141471241,0.24496729571173376,all_cult,NA,NA,NA,NA,NA,NA,NA,0.9310412230850197,0.0025438284783743706,4.3859127690883515,16.72874565749874
2008,20085,Grass/Pasture/Shrubland,1060396806.2042304,106039.68062042304,62.324529026853625,grassPastureHay,NA,NA,NA,NA,NA,NA,NA,0.9310412230850197,0.0025438284783743706,4.3859127690883515,16.72874565749874
2008,20085,Other Crops,69904249.00453609,6990.42490045361,4.108602902887763,all_cult,NA,NA,NA,NA,NA,NA,NA,0.9310412230850197,0.0025438284783743706,4.3859127690883515,16.72874565749874
2008,20085,Sorghum,5259834.252872026,525.9834252872025,0.30914530358027564,all_cult,Sorghum,NA,NA,112,58910.143632166684,1985.8530517578165,766.60520144039765,0.9310412230850197,0.0025438284783743706,4.3859127690883515,16.72874565749874
2008,20085,Soybeans,145980247.16498235,14598.024716498236,8.57994865558745,all_cult,Soybeans,NA,NA,56,817489.3841239011,1939.386282348636,766.60520144039765,0.9310412230850197,0.0025438284783743706,4.3859127690883515,16.72874565749874
2008,20085,Wheat,26758829.914086167,2675.882991408617,1.5727428279182318,all_cult,Wheat,NA,NA,89,238153.5862353669,2297.8228942871137,730.6489880229346,0.9310412230850197,0.0025438284783743706,4.3859127690883515,16.72874565749874
2008,20087,Corn,124032953.57905194,12403.295357905194,8.628175334573585,all_cult,Corn,0.10962711954600866,15,250,3100823.8394762985,1969.355996704105,797.6089553119382,1.006175759790349,0.002749114097787838,5.042874887601949,16.776871878201867
2008,20087,Developed,82221535.4746426,8222.15354746426,5.719623728067808,developed,NA,NA,NA,NA,NA,NA,NA,1.006175759790349,0.002749114097787838,5.042874887601949,16.776871878201867
2008,20087,Double Crop,6093243.53419398,609.324353419398,0.4238677871665364,all_cult,NA,NA,NA,NA,NA,NA,NA,1.006175759790349,0.002749114097787838,5.042874887601949,16.776871878201867
2008,20087,Grass/Pasture/Shrubland,637486177.6346661,63748.61776346661,44.34581581171006,grassPastureHay,NA,NA,NA,NA,NA,NA,NA,1.006175759790349,0.002749114097787838,5.042874887601949,16.776871878201867
2008,20087,Other Crops,43249514.78059069,4324.951478059069,3.0085907486217636,all_cult,NA,NA,NA,NA,NA,NA,NA,1.006175759790349,0.002749114097787838,5.042874887601949,16.776871878201867
2008,20087,Sorghum,1742581.4581095537,174.25814581095537,0.1212201912596029,all_cult,Sorghum,NA,NA,112,19516.912330827003,2014.825555419926,797.6089553119382,1.006175759790349,0.002749114097787838,5.042874887601949,16.776871878201867
2008,20087,Soybeans,158327185.72242928,15832.718572242928,11.013804631944469,all_cult,Soybeans,0.10251457260960671,11,56,886632.240045604,1969.355996704105,797.6089553119382,1.006175759790349,0.002749114097787838,5.042874887601949,16.776871878201867
2008,20087,Wheat,11391279.680900082,1139.1279680900082,0.792418107735612,all_cult,Wheat,NA,NA,89,101382.38916001073,2363.4412780761763,779.2519035453442,1.006175759790349,0.002749114097787838,5.042874887601949,16.776871878201867
2008,20091,Corn,18101379.1456933,1810.13791456933,2.997754068307595,all_cult,Corn,NA,NA,250,452534.4786423325,2039.832281494144,894.3426504461095,1.1619393829132896,0.003174697767522649,5.988458377025189,17.216325670252754
2008,20091,Developed,274621971.3565251,27462.19713565251,45.479912069381925,developed,NA,NA,NA,NA,NA,NA,NA,1.1619393829132896,0.003174697767522649,5.988458377025189,17.216325670252754
2008,20091,Double Crop,2316022.7858190574,231.60227858190575,0.3835545718699576,all_cult,NA,NA,NA,NA,NA,NA,NA,1.1619393829132896,0.003174697767522649,5.988458377025189,17.216325670252754
2008,20091,Grass/Pasture/Shrubland,155117339.2360053,15511.733923600532,25.68885116526707,grassPastureHay,NA,NA,NA,NA,NA,NA,NA,1.1619393829132896,0.003174697767522649,5.988458377025189,17.216325670252754
2008,20091,Other Crops,11526751.437211612,1152.6751437211612,1.908935542267383,all_cult,NA,NA,NA,NA,NA,NA,NA,1.1619393829132896,0.003174697767522649,5.988458377025189,17.216325670252754
2008,20091,Sorghum,168615.14904515314,16.861514904515314,0.027924212015008842,all_cult,Sorghum,NA,NA,112,1888.489669305715,2085.615872192387,894.3426504461095,1.1619393829132896,0.003174697767522649,5.988458377025189,17.216325670252754
2008,20091,Soybeans,36050310.93403741,3605.031093403741,5.970261458888704,all_cult,Soybeans,NA,NA,56,201881.7412306095,2039.832281494144,894.3426504461095,1.1619393829132896,0.003174697767522649,5.988458377025189,17.216325670252754
2008,20091,Wheat,5283475.438292607,528.3475438292606,0.8749918921903388,all_cult,Wheat,NA,NA,89,47022.9314008042,2500.014331054692,854.8757332360427,1.1619393829132896,0.003174697767522649,5.988458377025189,17.216325670252754
2008,20103,Corn,42309326.30043513,4230.932630043513,4.682750730810141,all_cult,Corn,NA,NA,250,1057733.1575108783,2010.3367950439488,842.456670598127,1.0796868834525812,0.0029499641624387463,5.482328346127392,17.038141619572897
2008,20103,Developed,65505542.10589484,6550.554210589484,7.250082948386223,developed,NA,NA,NA,NA,NA,NA,NA,1.0796868834525812,0.0029499641624387463,5.482328346127392,17.038141619572897
2008,20103,Double Crop,2622347.965153927,262.2347965153927,0.2902386524206306,all_cult,NA,NA,NA,NA,NA,NA,NA,1.0796868834525812,0.0029499641624387463,5.482328346127392,17.038141619572897
2008,20103,Grass/Pasture/Shrubland,430128462.62965626,43012.84626296563,47.606155636199546,grassPastureHay,NA,NA,NA,NA,NA,NA,NA,1.0796868834525812,0.0029499641624387463,5.482328346127392,17.038141619572897
2008,20103,Other Crops,32117277.28569751,3211.727728569751,3.554705707514071,all_cult,NA,NA,NA,NA,NA,NA,NA,1.0796868834525812,0.0029499641624387463,5.482328346127392,17.038141619572897
2008,20103,Sorghum,324117.36940559023,32.411736940559024,0.03587296185419712,all_cult,Sorghum,NA,NA,112,3630.1145373426107,2056.9836303710977,842.456670598127,1.0796868834525812,0.0029499641624387463,5.482328346127392,17.038141619572897
2008,20103,Soybeans,91648762.89548814,9164.876289548814,10.143586508071596,all_cult,Soybeans,0.08337868375708826,4,56,513233.0722147336,2010.3367950439488,842.456670598127,1.0796868834525812,0.0029499641624387463,5.482328346127392,17.038141619572897
2008,20103,Wheat,6947345.019713335,694.7345019713334,0.7689246748397935,all_cult,Wheat,NA,NA,89,61831.37067544868,2430.7893554687544,811.587075623218,1.0796868834525812,0.0029499641624387463,5.482328346127392,17.038141619572897
2008,20117,Corn,1720170.3534493863,172.01703534493862,8.40770556061566,all_cult,Corn,0.11587487961079572,12,250,43004.25883623466,1903.015921020511,750.8869911525398,0.8947566403392703,0.0024446902741510116,4.029156527493193,16.544044519643336
2008,20117,Developed,684370.734073501,68.4370734073501,3.345010344384882,developed,NA,NA,NA,NA,NA,NA,NA,0.8947566403392703,0.0024446902741510116,4.029156527493193,16.544044519643336
2008,20117,Double Crop,60375.99288376747,6.037599288376747,0.29510075561913207,all_cult,NA,NA,NA,NA,NA,NA,NA,0.8947566403392703,0.0024446902741510116,4.029156527493193,16.544044519643336
2008,20117,Grass/Pasture/Shrubland,14485418.581651155,1448.5418581651154,70.80062396876863,grassPastureHay,NA,NA,NA,NA,NA,NA,NA,0.8947566403392703,0.0024446902741510116,4.029156527493193,16.544044519643336
2008,20117,Other Crops,300167.2875628655,30.016728756286547,1.467132698628666,all_cult,NA,NA,NA,NA,NA,NA,NA,0.8947566403392703,0.0024446902741510116,4.029156527493193,16.544044519643336
2008,20117,Sorghum,96145.87626927329,9.614587626927328,0.4699338161005106,all_cult,Sorghum,NA,NA,112,1076.8338142158607,1950.136099243168,750.8869911525398,0.8947566403392703,0.0024446902741510116,4.029156527493193,16.544044519643336
2008,20117,Soybeans,1783649.6721844499,178.36496721844497,8.717974494179508,all_cult,Soybeans,0.13475072726845413,4,56,9988.438164232919,1903.015921020511,750.8869911525398,0.8947566403392703,0.0024446902741510116,4.029156527493193,16.544044519643336
2008,20117,Wheat,322903.2030375881,32.29032030375881,1.578259414990911,all_cult,Wheat,NA,NA,89,2873.8385070345344,2230.8239379882857,678.9047547886148,0.8947566403392703,0.0024446902741510116,4.029156527493193,16.544044519643336
2008,20127,Corn,6444441.08821227,644.444108821227,2.3941664511778655,all_cult,Corn,NA,NA,250,161111.02720530675,1997.513842773441,712.7266805682739,0.88511205755439,0.0024183389550666394,5.170874907279949,17.416831244797027
2008,20127,Developed,11964300.687835827,1196.4300687835828,4.444842760843202,developed,NA,NA,NA,NA,NA,NA,NA,0.88511205755439,0.0024183389550666394,5.170874907279949,17.416831244797027
2008,20127,Double Crop,2647968.168257048,264.7968168257048,0.9837434256050586,all_cult,NA,NA,NA,NA,NA,NA,NA,0.88511205755439,0.0024183389550666394,5.170874907279949,17.416831244797027
2008,20127,Grass/Pasture/Shrubland,163672592.19210345,16367.259219210344,60.80580516445603,grassPastureHay,NA,NA,NA,NA,NA,NA,NA,0.88511205755439,0.0024183389550666394,5.170874907279949,17.416831244797027
2008,20127,Other Crops,12047016.70227188,1204.701670227188,4.475572486513312,all_cult,NA,NA,NA,NA,NA,NA,NA,0.88511205755439,0.0024183389550666394,5.170874907279949,17.416831244797027
2008,20127,Sorghum,8252959.808109968,825.2959808109968,3.0660470357371925,all_cult,Sorghum,NA,NA,112,92433.14985083163,2063.3822059005897,712.7266805682739,0.88511205755439,0.0024183389550666394,5.170874907279949,17.416831244797027
2008,20127,Soybeans,19555521.57350163,1955.552157350163,7.265047976340572,all_cult,Soybeans,NA,NA,56,109510.92081160913,1997.513842773441,712.7266805682739,0.88511205755439,0.0024183389550666394,5.170874907279949,17.416831244797027
2008,20127,Wheat,32270860.06715935,3227.086006715935,11.988907876707945,all_cult,Wheat,NA,NA,89,287210.6545977182,2429.9298370361375,700.063180512836,0.88511205755439,0.0024183389550666394,5.170874907279949,17.416831244797027
2008,20131,Corn,79110017.98112108,7911.001798112107,10.424442176522176,all_cult,Corn,NA,NA,250,1977750.4495280269,1915.0108825683628,745.6290779041592,0.8931154002689291,0.0024402060116637406,4.037189487811669,16.433488005758008
2008,20131,Developed,34986855.663041264,3498.685566304126,4.610268877511038,developed,NA,NA,NA,NA,NA,NA,NA,0.8931154002689291,0.0024402060116637406,4.037189487811669,16.433488005758008
2008,20131,Double Crop,3830788.6083326847,383.0788608332685,0.5047885888178384,all_cult,NA,NA,NA,NA,NA,NA,NA,0.8931154002689291,0.0024402060116637406,4.037189487811669,16.433488005758008
2008,20131,Grass/Pasture/Shrubland,399401160.9641638,39940.11609641638,52.62967211940647,grassPastureHay,NA,NA,NA,NA,NA,NA,NA,0.8931154002689291,0.0024402060116637406,4.037189487811669,16.433488005758008
2008,20131,Other Crops,23003133.674525324,2300.3133674525325,3.0311563944546736,all_cult,NA,NA,NA,NA,NA,NA,NA,0.8931154002689291,0.0024402060116637406,4.037189487811669,16.433488005758008
2008,20131,Sorghum,2582074.862517822,258.2074862517822,0.3402437616205817,all_cult,Sorghum,NA,NA,112,28919.238460199605,1960.741613769535,745.6290779041592,0.8931154002689291,0.0024402060116637406,4.037189487811669,16.433488005758008
2008,20131,Soybeans,113072343.86566235,11307.234386566235,14.899707274402587,all_cult,Soybeans,NA,NA,56,633205.1256477091,1915.0108825683628,745.6290779041592,0.8931154002689291,0.0024402060116637406,4.037189487811669,16.433488005758008
2008,20131,Wheat,20911764.66482693,2091.176466482693,2.7555736570499865,all_cult,Wheat,NA,NA,89,186114.70551695966,2234.4490814209025,709.0645525250584,0.8931154002689291,0.0024402060116637406,4.037189487811669,16.433488005758008
2008,20139,Corn,19255765.147914983,1925.5765147914983,8.755307472976137,all_cult,Corn,NA,NA,250,481394.1286978746,2011.0974487304725,800.0839504920878,1.0196533134239725,0.0027859380148195973,5.410751367787869,17.26749864588672
2008,20139,Developed,11417180.620493876,1141.7180620493875,5.191220709178213,developed,NA,NA,NA,NA,NA,NA,NA,1.0196533134239725,0.0027859380148195973,5.410751367787869,17.26749864588672
2008,20139,Double Crop,2206087.506305198,220.60875063051984,1.0030748859691312,all_cult,NA,NA,NA,NA,NA,NA,NA,1.0196533134239725,0.0027859380148195973,5.410751367787869,17.26749864588672
2008,20139,Grass/Pasture/Shrubland,117695881.22271635,11769.588122271634,53.51455112233434,grassPastureHay,NA,NA,NA,NA,NA,NA,NA,1.0196533134239725,0.0027859380148195973,5.410751367787869,17.26749864588672
2008,20139,Other Crops,6078305.515923172,607.8305515923172,2.7637143108985525,all_cult,NA,NA,NA,NA,NA,NA,NA,1.0196533134239725,0.0027859380148195973,5.410751367787869,17.26749864588672
2008,20139,Sorghum,126260.88732657032,12.626088732657031,0.05740893087671553,all_cult,Sorghum,NA,NA,112,1414.1219380575876,2060.5326904296917,800.0839504920878,1.0196533134239725,0.0027859380148195973,5.410751367787869,17.26749864588672
2008,20139,Soybeans,25564344.090892613,2556.4344090892614,11.623723655819571,all_cult,Soybeans,NA,NA,56,143160.32690899863,2011.0974487304725,800.0839504920878,1.0196533134239725,0.0027859380148195973,5.410751367787869,17.26749864588672
2008,20139,Wheat,2024871.3307138728,202.4871330713873,0.9206786101425802,all_cult,Wheat,NA,NA,89,18021.35484335347,2444.162252807622,788.4469578135634,1.0196533134239725,0.0027859380148195973,5.410751367787869,17.26749864588672
2008,20149,Corn,114682263.81154849,11468.22638115485,6.6919901346984085,all_cult,Corn,0.0762696959837874,52,250,2867056.595288712,1944.6394348144563,762.7603119622072,0.9167950009459018,0.0025049043741691306,4.446963225818094,16.94804655815085
2008,20149,Developed,86944534.36551026,8694.453436551026,5.073425889081124,developed,NA,NA,NA,NA,NA,NA,NA,0.9167950009459018,0.0025049043741691306,4.446963225818094,16.94804655815085
2008,20149,Double Crop,3184616.500956215,318.4616500956215,0.1858301493090224,all_cult,NA,NA,NA,NA,NA,NA,NA,0.9167950009459018,0.0025049043741691306,4.446963225818094,16.94804655815085
2008,20149,Grass/Pasture/Shrubland,1124828247.359631,112482.8247359631,65.63647493853142,grassPastureHay,NA,NA,NA,NA,NA,NA,NA,0.9167950009459018,0.0025049043741691306,4.446963225818094,16.94804655815085
2008,20149,Other Crops,26635845.942838904,2663.5845942838905,1.5542666525290123,all_cult,NA,NA,NA,NA,NA,NA,NA,0.9167950009459018,0.0025049043741691306,4.446963225818094,16.94804655815085
2008,20149,Sorghum,7521515.53480267,752.151553480267,0.43889879815758986,all_cult,Sorghum,NA,NA,112,84240.9739897899,1994.5907958984417,762.7603119622072,0.9167950009459018,0.0025049043741691306,4.446963225818094,16.94804655815085
2008,20149,Soybeans,141295686.17704543,14129.568617704545,8.244948316733643,all_cult,Soybeans,0.06881624883385966,39,56,791255.8425914545,1944.6394348144563,762.7603119622072,0.9167950009459018,0.0025049043741691306,4.446963225818094,16.94804655815085
2008,20149,Wheat,23742530.924509544,2374.2530924509542,1.3854346560569906,all_cult,Wheat,NA,NA,89,211308.52522813494,2320.733016967778,680.3418477675004,0.9167950009459018,0.0025049043741691306,4.446963225818094,16.94804655815085
2008,20161,Corn,20082240.139671702,2008.2240139671703,2.511311323773137,all_cult,Corn,0.0956302474429403,8,250,502056.0034917926,1997.5853637695343,749.251293506939,0.9101218804147903,0.002486671804411995,4.881352142167245,17.46646916957503
2008,20161,Developed,91799603.87870206,9179.960387870206,11.479664775198808,developed,NA,NA,NA,NA,NA,NA,NA,0.9101218804147903,0.002486671804411995,4.881352142167245,17.46646916957503
2008,20161,Double Crop,3725444.5899970434,372.5444589997043,0.4658718907791075,all_cult,NA,NA,NA,NA,NA,NA,NA,0.9101218804147903,0.002486671804411995,4.881352142167245,17.46646916957503
2008,20161,Grass/Pasture/Shrubland,458588944.8170318,45858.89448170318,57.34716854625825,grassPastureHay,NA,NA,NA,NA,NA,NA,NA,0.9101218804147903,0.002486671804411995,4.881352142167245,17.46646916957503
2008,20161,Other Crops,9952679.546203561,995.267954620356,1.244596054644872,all_cult,NA,NA,NA,NA,NA,NA,NA,0.9101218804147903,0.002486671804411995,4.881352142167245,17.46646916957503
2008,20161,Sorghum,10986859.509353127,1098.6859509353128,1.3739216594685206,all_cult,Sorghum,NA,NA,112,123052.82650475504,2062.094519393168,749.251293506939,0.9101218804147903,0.002486671804411995,4.881352142167245,17.46646916957503
2008,20161,Soybeans,41965129.438610695,4196.512943861069,5.24779626325648,all_cult,Soybeans,0.048560745643058484,7,56,235004.7248562199,1997.5853637695343,749.251293506939,0.9101218804147903,0.002486671804411995,4.881352142167245,17.46646916957503
2008,20161,Wheat,24504294.693802375,2450.4294693802376,3.0642952338795153,all_cult,Wheat,NA,NA,89,218088.22277484115,2401.848672485356,680.1205245603742,0.9101218804147903,0.002486671804411995,4.881352142167245,17.46646916957503
2008,20177,Corn,117312664.9613366,11731.26649613366,8.050507930488502,all_cult,Corn,0.10607664887057192,68,250,2932816.6240334148,2011.6511230468784,777.3185163006856,0.9760920447461976,0.002666918155044256,5.317812043070164,17.246924211679282
2008,20177,Developed,254465535.54979375,25446.553554979375,17.46253750739342,developed,NA,NA,NA,NA,NA,NA,NA,0.9760920447461976,0.002666918155044256,5.317812043070164,17.246924211679282
2008,20177,Double Crop,4579720.103655008,457.9720103655008,0.31428041487288194,all_cult,NA,NA,NA,NA,NA,NA,NA,0.9760920447461976,0.002666918155044256,5.317812043070164,17.246924211679282
2008,20177,Grass/Pasture/Shrubland,682175183.276343,68217.5183276343,46.81384337111963,grassPastureHay,NA,NA,NA,NA,NA,NA,NA,0.9760920447461976,0.002666918155044256,5.317812043070164,17.246924211679282
2008,20177,Other Crops,24795074.7643425,2479.5074764342503,1.7015464280278878,all_cult,NA,NA,NA,NA,NA,NA,NA,0.9760920447461976,0.002666918155044256,5.317812043070164,17.246924211679282
2008,20177,Sorghum,3732215.746095493,373.2215746095493,0.2561209607857628,all_cult,Sorghum,NA,NA,112,41800.81635626952,2063.5369354248087,777.3185163006856,0.9760920447461976,0.002666918155044256,5.317812043070164,17.246924211679282
2008,20177,Soybeans,132180529.46259196,13218.052946259197,9.070805791049702,all_cult,Soybeans,0.08552449596133696,48,56,740210.964990515,2011.6511230468784,777.3185163006856,0.9760920447461976,0.002666918155044256,5.317812043070164,17.246924211679282
2008,20177,Wheat,18326611.257141035,1832.6611257141035,1.257652183702577,all_cult,Wheat,NA,NA,89,163106.84018855522,2438.1497070312544,754.6029060613364,0.9760920447461976,0.002666918155044256,5.317812043070164,17.246924211679282
2008,20197,Corn,55727291.285839565,5572.7291285839565,3.6256061097099592,all_cult,Corn,0.07253935453989896,33,250,1393182.2821459891,1972.9583160400423,774.5084190986236,0.9515110166131635,0.00259975687599225,4.904185752660222,17.114781764296257
2008,20197,Developed,52867906.012504,5286.7906012504,3.4395750919121433,developed,NA,NA,NA,NA,NA,NA,NA,0.9515110166131635,0.00259975687599225,4.904185752660222,17.114781764296257
2008,20197,Double Crop,2276266.3237008406,227.62663237008405,0.14809341886376348,all_cult,NA,NA,NA,NA,NA,NA,NA,0.9515110166131635,0.00259975687599225,4.904185752660222,17.114781764296257
2008,20197,Grass/Pasture/Shrubland,1204567581.7339423,120456.75817339422,78.36891912603815,grassPastureHay,NA,NA,NA,NA,NA,NA,NA,0.9515110166131635,0.00259975687599225,4.904185752660222,17.114781764296257
2008,20197,Other Crops,33999079.75237302,3399.907975237302,2.2119731361506583,all_cult,NA,NA,NA,NA,NA,NA,NA,0.9515110166131635,0.00259975687599225,4.904185752660222,17.114781764296257
2008,20197,Sorghum,4625450.012808794,462.5450012808794,0.3009308265241107,all_cult,Sorghum,NA,NA,112,51805.04014345849,2022.43343200684,774.5084190986236,0.9515110166131635,0.00259975687599225,4.904185752660222,17.114781764296257
2008,20197,Soybeans,70505500.5166433,7050.55005166433,4.587073362854361,all_cult,Soybeans,0.09388787911045464,14,56,394830.80289320246,1972.9583160400423,774.5084190986236,0.9515110166131635,0.00259975687599225,4.904185752660222,17.114781764296257
2008,20197,Wheat,16221756.275076186,1622.1756275076186,1.0553841269526552,all_cult,Wheat,NA,NA,89,144373.63084817806,2387.9126312255903,701.4623809142504,0.9515110166131635,0.00259975687599225,4.904185752660222,17.114781764296257
2008,20209,Corn,2266562.555350213,226.65625553502127,0.8834190849441305,all_cult,Corn,NA,NA,250,56664.06388375532,2036.6463195800816,899.9280485396739,1.1592072935529285,0.0031672330424943403,5.950952565344328,17.101956627017184
2008,20209,Developed,144857559.429073,14485.7559429073,56.45991649160492,developed,NA,NA,NA,NA,NA,NA,NA,1.1592072935529285,0.0031672330424943403,5.950952565344328,17.101956627017184
2008,20209,Double Crop,45621.39144091317,4.562139144091317,0.01778146726437126,all_cult,NA,NA,NA,NA,NA,NA,NA,1.1592072935529285,0.0031672330424943403,5.950952565344328,17.101956627017184
2008,20209,Grass/Pasture/Shrubland,49412215.85814511,4941.221585814511,19.25898511621695,grassPastureHay,NA,NA,NA,NA,NA,NA,NA,1.1592072935529285,0.0031672330424943403,5.950952565344328,17.101956627017184
2008,20209,Other Crops,396849.21711016685,39.684921711016685,0.154676592275252,all_cult,NA,NA,NA,NA,NA,NA,NA,1.1592072935529285,0.0031672330424943403,5.950952565344328,17.101956627017184
2008,20209,Sorghum,25341.4295467618,2.53414295467618,0.00987711653866856,all_cult,Sorghum,NA,NA,112,283.82401092373215,2079.0856842041057,899.9280485396739,1.1592072935529285,0.0031672330424943403,5.950952565344328,17.101956627017184
2008,20209,Soybeans,7931298.024671325,793.1298024671325,3.0913155371931547,all_cult,Soybeans,NA,NA,56,44415.268938159425,2036.6463195800816,899.9280485396739,1.1592072935529285,0.0031672330424943403,5.950952565344328,17.101956627017184
2008,20209,Wheat,145999.05258844252,14.599905258844252,0.0569048267103588,all_cult,Wheat,NA,NA,89,1299.3915680371385,2486.490814208989,830.5883493596339,1.1592072935529285,0.0031672330424943403,5.950952565344328,17.101956627017184
2009,20005,Corn,170846487.80786183,17084.648780786185,22.82661828326318,all_cult,Corn,NA,NA,250,4271162.195196547,1864.216339111332,832.3016737886937,1.0507588995585684,0.0028787915056399135,5.2425047573978185,17.040503514956146
2009,20005,Developed,34404280.86566377,3440.4280865663764,4.5967195270287755,developed,NA,NA,NA,NA,NA,NA,NA,1.0507588995585684,0.0028787915056399135,5.2425047573978185,17.040503514956146
2009,20005,Double Crop,1251344.0896598585,125.13440896598586,0.16719075845332437,all_cult,NA,NA,NA,NA,NA,NA,NA,1.0507588995585684,0.0028787915056399135,5.2425047573978185,17.040503514956146
2009,20005,Grass/Pasture/Shrubland,259751564.18791518,25975.156418791517,34.70513137423261,grassPastureHay,NA,NA,NA,NA,NA,NA,NA,1.0507588995585684,0.0028787915056399135,5.2425047573978185,17.040503514956146
2009,20005,Other Crops,17922442.92100678,1792.2442921006782,2.3945986160481563,all_cult,NA,NA,NA,NA,NA,NA,NA,1.0507588995585684,0.0028787915056399135,5.2425047573978185,17.040503514956146
2009,20005,Sorghum,489379.18540760374,48.93791854076037,0.0653854346343759,all_cult,Sorghum,NA,NA,112,5481.046876565161,1912.0919006347697,832.3016737886937,1.0507588995585684,0.0028787915056399135,5.2425047573978185,17.040503514956146
2009,20005,Soybeans,168524157.23852965,16852.415723852966,22.51633415560048,all_cult,Soybeans,NA,NA,56,943735.2805357662,1864.216339111332,832.3016737886937,1.0507588995585684,0.0028787915056399135,5.2425047573978185,17.040503514956146
2009,20005,Wheat,5137760.163592934,513.7760163592934,0.6864506937782945,all_cult,Wheat,NA,NA,89,45726.065455977114,2492.1267456054734,679.9199114437797,1.0507588995585684,0.0028787915056399135,5.2425047573978185,17.040503514956146
2009,20013,Corn,110682826.34503004,11068.282634503004,24.7802632328255,all_cult,Corn,0.08582812418999079,9,250,2767070.6586257513,1821.1408569335972,798.0161953923525,0.9945676808432908,0.0027248429612144955,4.66223432985073,16.818358873341204
2009,20013,Developed,22588044.90586355,2258.804490586355,5.057132322744627,developed,NA,NA,NA,NA,NA,NA,NA,0.9945676808432908,0.0027248429612144955,4.66223432985073,16.818358873341204
2009,20013,Double Crop,600693.9771027893,60.069397710278935,0.13448658085923887,all_cult,NA,NA,NA,NA,NA,NA,NA,0.9945676808432908,0.0027248429612144955,4.66223432985073,16.818358873341204
2009,20013,Grass/Pasture/Shrubland,152461990.8642119,15246.199086421188,34.134006072798954,grassPastureHay,NA,NA,NA,NA,NA,NA,NA,0.9945676808432908,0.0027248429612144955,4.66223432985073,16.818358873341204
2009,20013,Other Crops,7965915.486045868,796.5915486045868,1.7834517707319228,all_cult,NA,NA,NA,NA,NA,NA,NA,0.9945676808432908,0.0027248429612144955,4.66223432985073,16.818358873341204
2009,20013,Sorghum,195944.688998853,19.5944688998853,0.04386914513123773,all_cult,Sorghum,NA,NA,112,2194.5805167871536,1867.3751098632852,798.0161953923525,0.9945676808432908,0.0027248429612144955,4.66223432985073,16.818358873341204
2009,20013,Soybeans,109627513.13761261,10962.75131376126,24.543994066809077,all_cult,Soybeans,NA,NA,56,613914.0735706306,1821.1408569335972,798.0161953923525,0.9945676808432908,0.0027248429612144955,4.66223432985073,16.818358873341204
2009,20013,Wheat,4110260.1825861502,411.026018258615,0.9202270365086292,all_cult,Wheat,NA,NA,89,36581.31562501674,2428.5307830810593,664.0671296145883,0.9945676808432908,0.0027248429612144955,4.66223432985073,16.818358873341204
2009,20045,Corn,72354287.30037627,7235.428730037627,7.422788614968346,all_cult,Corn,0.04593172339391305,12,250,1808857.1825094067,1932.0142883300816,907.0751898679882,1.1234968085017427,0.00307807344794998,6.2804253565122234,17.588590271832214
2009,20045,Developed,129242874.80816737,12924.287480816736,13.25895915067434,developed,NA,NA,NA,NA,NA,NA,NA,1.1234968085017427,0.00307807344794998,6.2804253565122234,17.588590271832214
2009,20045,Double Crop,4523960.196850644,452.39601968506446,0.4641107181989794,all_cult,NA,NA,NA,NA,NA,NA,NA,1.1234968085017427,0.00307807344794998,6.2804253565122234,17.588590271832214
2009,20045,Grass/Pasture/Shrubland,397131761.59330267,39713.176159330265,40.74154039219955,grassPastureHay,NA,NA,NA,NA,NA,NA,NA,1.1234968085017427,0.00307807344794998,6.2804253565122234,17.588590271832214
2009,20045,Other Crops,26532458.370276343,2653.2458370276345,2.7219510725107323,all_cult,NA,NA,NA,NA,NA,NA,NA,1.1234968085017427,0.00307807344794998,6.2804253565122234,17.588590271832214
2009,20045,Sorghum,994830.82044008,99.483082044008,0.10205917525144144,all_cult,Sorghum,NA,NA,112,11142.105188928896,1978.9458709716837,907.0751898679882,1.1234968085017427,0.00307807344794998,6.2804253565122234,17.588590271832214
2009,20045,Soybeans,95145156.72677867,9514.515672677868,9.760892028263251,all_cult,Soybeans,NA,NA,56,532812.8776699606,1932.0142883300816,907.0751898679882,1.1234968085017427,0.00307807344794998,6.2804253565122234,17.588590271832214
2009,20045,Wheat,6367340.945859097,636.7340945859097,0.6532221882627666,all_cult,Wheat,NA,NA,89,56669.33441814596,2641.256723022466,726.3180417146905,1.1234968085017427,0.00307807344794998,6.2804253565122234,17.588590271832214
2009,20061,Corn,27863710.361568138,2786.3710361568137,3.5523611578004894,all_cult,Corn,0.1302498531008167,13,250,696592.7590392034,1868.468399047855,771.1464064866886,0.9296645144559734,0.002547026067002667,5.092549070593452,17.741237023758586
2009,20061,Developed,60158442.52726412,6015.8442527264115,7.669635944909353,developed,NA,NA,NA,NA,NA,NA,NA,0.9296645144559734,0.002547026067002667,5.092549070593452,17.741237023758586
2009,20061,Double Crop,6201826.187348935,620.1826187348935,0.7906745429623527,all_cult,NA,NA,NA,NA,NA,NA,NA,0.9296645144559734,0.002547026067002667,5.092549070593452,17.741237023758586
2009,20061,Grass/Pasture/Shrubland,497204109.71206635,49720.410971206635,63.388850369190926,grassPastureHay,NA,NA,NA,NA,NA,NA,NA,0.9296645144559734,0.002547026067002667,5.092549070593452,17.741237023758586
2009,20061,Other Crops,15524835.451437209,1552.483545143721,1.97927058971287,all_cult,NA,NA,NA,NA,NA,NA,NA,0.9296645144559734,0.002547026067002667,5.092549070593452,17.741237023758586
2009,20061,Sorghum,7996552.816512535,799.6552816512535,1.0194853181096784,all_cult,Sorghum,NA,NA,112,89561.39154494039,1938.412781111918,771.1464064866886,0.9296645144559734,0.002547026067002667,5.092549070593452,17.741237023758586
2009,20061,Soybeans,33883308.46304234,3388.330846304234,4.319803332721341,all_cult,Soybeans,0.08073017324996326,6,56,189746.5273930371,1868.468399047855,771.1464064866886,0.9296645144559734,0.002547026067002667,5.092549070593452,17.741237023758586
2009,20061,Wheat,22770925.95404185,2277.092595404185,2.90307901699481,all_cult,Wheat,NA,NA,89,202661.24099097247,2580.596145629888,538.0874803848565,0.9296645144559734,0.002547026067002667,5.092549070593452,17.741237023758586
2009,20085,Corn,120502310.17070226,12050.231017070226,7.082489954793765,all_cult,Corn,NA,NA,250,3012557.7542675566,1832.9889617919955,821.0974280417431,1.0177273425713647,0.0027882940892366157,4.875706544640969,17.06800152504283
2009,20085,Developed,71491296.09665067,7149.129609665068,4.201881156821346,developed,NA,NA,NA,NA,NA,NA,NA,1.0177273425713647,0.0027882940892366157,4.875706544640969,17.06800152504283
2009,20085,Double Crop,1219928.842984813,121.99288429848131,0.07170098036928588,all_cult,NA,NA,NA,NA,NA,NA,NA,1.0177273425713647,0.0027882940892366157,4.875706544640969,17.06800152504283
2009,20085,Grass/Pasture/Shrubland,1051828181.9593471,105182.81819593471,61.82091050655457,grassPastureHay,NA,NA,NA,NA,NA,NA,NA,1.0177273425713647,0.0027882940892366157,4.875706544640969,17.06800152504283
2009,20085,Other Crops,66189874.87649498,6618.987487649498,3.890291590740047,all_cult,NA,NA,NA,NA,NA,NA,NA,1.0177273425713647,0.0027882940892366157,4.875706544640969,17.06800152504283
2009,20085,Sorghum,5231249.167594932,523.1249167594932,0.3074652230984563,all_cult,Sorghum,NA,NA,112,58589.99067706324,1881.0874908447304,821.0974280417431,1.0177273425713647,0.0027882940892366157,4.875706544640969,17.06800152504283
2009,20085,Soybeans,152601642.7017489,15260.16427017489,8.96911934708235,all_cult,Soybeans,NA,NA,56,854569.1991297938,1832.9889617919955,821.0974280417431,1.0177273425713647,0.0027882940892366157,4.875706544640969,17.06800152504283
2009,20085,Wheat,11705142.457089754,1170.5142457089753,0.6879665108024131,all_cult,Wheat,NA,NA,89,104175.7678680988,2464.612606811528,651.7681261887774,1.0177273425713647,0.0027882940892366157,4.875706544640969,17.06800152504283
2009,20087,Corn,157426628.22331214,15742.662822331213,10.95115863523928,all_cult,Corn,0.048695431083417944,15,250,3935665.705582803,1902.299533081058,858.0643414621009,1.0835969481345964,0.002968758762012593,5.745651328727013,17.36886270601458
2009,20087,Developed,80720954.11668794,8072.0954116687935,5.615237928273292,developed,NA,NA,NA,NA,NA,NA,NA,1.0835969481345964,0.002968758762012593,5.745651328727013,17.36886270601458
2009,20087,Double Crop,1314958.6083652514,131.49586083652514,0.09147321823188814,all_cult,NA,NA,NA,NA,NA,NA,NA,1.0835969481345964,0.002968758762012593,5.745651328727013,17.36886270601458
2009,20087,Grass/Pasture/Shrubland,634390208.267033,63439.0208267033,44.13044912274879,grassPastureHay,NA,NA,NA,NA,NA,NA,NA,1.0835969481345964,0.002968758762012593,5.745651328727013,17.36886270601458
2009,20087,Other Crops,33487470.862204313,3348.7470862204314,2.329508100654644,all_cult,NA,NA,NA,NA,NA,NA,NA,1.0835969481345964,0.002968758762012593,5.745651328727013,17.36886270601458
2009,20087,Sorghum,3904814.6679843534,390.48146679843535,0.2716328574962995,all_cult,Sorghum,NA,NA,112,43733.924281424755,1953.3411315918008,858.0643414621009,1.0835969481345964,0.002968758762012593,5.745651328727013,17.36886270601458
2009,20087,Soybeans,153083199.89672247,15308.319989672247,10.64901424478837,all_cult,Soybeans,0.03340060143285528,5,56,857265.9194216458,1902.299533081058,858.0643414621009,1.0835969481345964,0.002968758762012593,5.745651328727013,17.36886270601458
2009,20087,Wheat,3102034.5650688363,310.20345650688364,0.2157886057616384,all_cult,Wheat,NA,NA,89,27608.107629112645,2557.849468994146,691.4691697101807,1.0835969481345964,0.002968758762012593,5.745651328727013,17.36886270601458
2009,20091,Corn,20051073.996823825,2005.1073996823825,3.3206413811964306,all_cult,Corn,NA,NA,250,501276.84992059565,1939.136340332035,888.9381846664473,1.1157020701365545,0.003056718000374122,6.598575414370207,17.482870525203364
2009,20091,Developed,274024318.4675639,27402.43184675639,45.380935280657766,developed,NA,NA,NA,NA,NA,NA,NA,1.1157020701365545,0.003056718000374122,6.598575414370207,17.482870525203364
2009,20091,Double Crop,1104980.213827906,110.4980213827906,0.18299483728509747,all_cult,NA,NA,NA,NA,NA,NA,NA,1.1157020701365545,0.003056718000374122,6.598575414370207,17.482870525203364
2009,20091,Grass/Pasture/Shrubland,156067652.14772296,15606.765214772297,25.84623168165411,grassPastureHay,NA,NA,NA,NA,NA,NA,NA,1.1157020701365545,0.003056718000374122,6.598575414370207,17.482870525203364
2009,20091,Other Crops,8639876.217901064,863.9876217901065,1.430842582403406,all_cult,NA,NA,NA,NA,NA,NA,NA,1.1157020701365545,0.003056718000374122,6.598575414370207,17.482870525203364
2009,20091,Sorghum,311188.8323501465,31.118883235014646,0.05153571894611637,all_cult,Sorghum,NA,NA,112,3485.3149223216406,1981.6182708740275,888.9381846664473,1.1157020701365545,0.003056718000374122,6.598575414370207,17.482870525203364
2009,20091,Soybeans,40483999.3384891,4048.3999338489098,6.704520840180956,all_cult,Soybeans,NA,NA,56,226710.39629553896,1939.136340332035,888.9381846664473,1.1157020701365545,0.003056718000374122,6.598575414370207,17.482870525203364
2009,20091,Wheat,2592146.967273409,259.2146967273409,0.42928326368125663,all_cult,Wheat,NA,NA,89,23070.10800873334,2659.126724243169,763.4709669649601,1.1157020701365545,0.003056718000374122,6.598575414370207,17.482870525203364
2009,20103,Corn,59051223.76154164,5905.122376154164,6.535725935719955,all_cult,Corn,NA,NA,250,1476280.594038541,1922.8270843505895,877.3604518308275,1.1068333636634489,0.0030324201744204075,6.137837198335854,17.448304393193517
2009,20103,Developed,64915111.83455308,6491.511183455308,7.184734760968037,developed,NA,NA,NA,NA,NA,NA,NA,1.1068333636634489,0.0030324201744204075,6.137837198335854,17.448304393193517
2009,20103,Double Crop,2956145.347854245,295.6145347854245,0.3271829877353329,all_cult,NA,NA,NA,NA,NA,NA,NA,1.1068333636634489,0.0030324201744204075,6.137837198335854,17.448304393193517
2009,20103,Grass/Pasture/Shrubland,423119466.55121696,42311.9466551217,46.83040748848632,grassPastureHay,NA,NA,NA,NA,NA,NA,NA,1.1068333636634489,0.0030324201744204075,6.137837198335854,17.448304393193517
2009,20103,Other Crops,30839041.837487977,3083.9041837487975,3.4132319828618054,all_cult,NA,NA,NA,NA,NA,NA,NA,1.1068333636634489,0.0030324201744204075,6.137837198335854,17.448304393193517
2009,20103,Sorghum,237097.16020730848,23.70971602073085,0.02624165869127451,all_cult,Sorghum,NA,NA,112,2655.488194321855,1969.226412963871,877.3604518308275,1.1068333636634489,0.0030324201744204075,6.137837198335854,17.448304393193517
2009,20103,Soybeans,87917524.54538639,8791.752454538639,9.73061706046812,all_cult,Soybeans,NA,NA,56,492338.13745416375,1922.8270843505895,877.3604518308275,1.1068333636634489,0.0030324201744204075,6.137837198335854,17.448304393193517
2009,20103,Wheat,5547658.893106134,554.7658893106134,0.6140089197239463,all_cult,Wheat,NA,NA,89,49374.16414864459,2605.87527160645,718.1709502134909,1.1068333636634489,0.0030324201744204075,6.137837198335854,17.448304393193517
2009,20117,Corn,1615889.3673699938,161.5889367369994,7.898009631507216,all_cult,Corn,0.1521400416390541,12,250,40397.23418424985,1763.6035186767613,756.8836342105642,0.9200106873447077,0.0025205772256019386,4.256362831429282,16.716541781490818
2009,20117,Developed,677096.1112051404,67.70961112051404,3.309454047870964,developed,NA,NA,NA,NA,NA,NA,NA,0.9200106873447077,0.0025205772256019386,4.256362831429282,16.716541781490818
2009,20117,Double Crop,8023.326102286158,0.8023326102286158,0.03921574589955806,all_cult,NA,NA,NA,NA,NA,NA,NA,0.9200106873447077,0.0025205772256019386,4.256362831429282,16.716541781490818
2009,20117,Grass/Pasture/Shrubland,14120526.57414538,1412.052657414538,69.01713516815155,grassPastureHay,NA,NA,NA,NA,NA,NA,NA,0.9200106873447077,0.0025205772256019386,4.256362831429282,16.716541781490818
2009,20117,Other Crops,403535.39148657984,40.35353914865799,1.972366718275013,all_cult,NA,NA,NA,NA,NA,NA,NA,0.9200106873447077,0.0025205772256019386,4.256362831429282,16.716541781490818
2009,20117,Sorghum,239497.50403176784,23.949750403176782,1.1705959775225914,all_cult,Sorghum,NA,NA,112,2682.3720451557997,1808.8587558433633,756.8836342105642,0.9200106873447077,0.0025205772256019386,4.256362831429282,16.716541781490818
2009,20117,Soybeans,2052238.476722772,205.2238476722772,10.030760510348,all_cult,Soybeans,0.08400234710246429,6,56,11492.535469647522,1763.6035186767613,756.8836342105642,0.9200106873447077,0.0025205772256019386,4.256362831429282,16.716541781490818
2009,20117,Wheat,97243.3233538352,9.72433233538352,0.4752978266689117,all_cult,Wheat,NA,NA,89,865.4655778491333,2384.0052368164106,593.5096551850439,0.9200106873447077,0.0025205772256019386,4.256362831429282,16.716541781490818
2009,20127,Corn,8763343.770929797,876.3343770929796,3.2556591594693094,all_cult,Corn,NA,NA,250,219083.5942732449,1846.9497772216832,769.065625147894,0.9226772308106883,0.002527882824138872,4.9974938797624375,17.64104622618795
2009,20127,Developed,11782730.511634711,1178.273051163471,4.377387846065519,developed,NA,NA,NA,NA,NA,NA,NA,0.9226772308106883,0.002527882824138872,4.9974938797624375,17.64104622618795
2009,20127,Double Crop,3115542.9403924653,311.55429403924654,1.1574515591019068,all_cult,NA,NA,NA,NA,NA,NA,NA,0.9226772308106883,0.002527882824138872,4.9974938797624375,17.64104622618795
2009,20127,Grass/Pasture/Shrubland,162945932.12025416,16294.593212025417,60.53584456715702,grassPastureHay,NA,NA,NA,NA,NA,NA,NA,0.9226772308106883,0.002527882824138872,4.9974938797624375,17.64104622618795
2009,20127,Other Crops,11803573.766323088,1180.3573766323088,4.385131298201274,all_cult,NA,NA,NA,NA,NA,NA,NA,0.9226772308106883,0.002527882824138872,4.9974938797624375,17.64104622618795
2009,20127,Sorghum,10131368.293188168,1013.1368293188168,3.7638922817443414,all_cult,Sorghum,NA,NA,112,113471.32488370748,1916.3565673828164,769.065625147894,0.9226772308106883,0.002527882824138872,4.9974938797624375,17.64104622618795
2009,20127,Soybeans,20015836.92682111,2001.5836926821107,7.43605917200429,all_cult,Soybeans,NA,NA,56,112088.6867901982,1846.9497772216832,769.065625147894,0.9226772308106883,0.002527882824138872,4.9974938797624375,17.64104622618795
2009,20127,Wheat,27585941.224638805,2758.5941224638805,10.248419389697,all_cult,Wheat,NA,NA,89,245514.87689928536,2558.407699584966,540.1356656819116,0.9226772308106883,0.002527882824138872,4.9974938797624375,17.64104622618795
2009,20131,Corn,103102752.98703676,10310.275298703677,13.585999778310036,all_cult,Corn,NA,NA,250,2577568.824675919,1777.3129730224646,753.4004522147588,0.9284892609311355,0.0025438061943318783,4.382219790105974,16.622508093428962
2009,20131,Developed,33910832.095426366,3391.0832095426363,4.468479686363927,developed,NA,NA,NA,NA,NA,NA,NA,0.9284892609311355,0.0025438061943318783,4.382219790105974,16.622508093428962
2009,20131,Double Crop,1500197.12770247,150.019712770247,0.1976831583434996,all_cult,NA,NA,NA,NA,NA,NA,NA,0.9284892609311355,0.0025438061943318783,4.382219790105974,16.622508093428962
2009,20131,Grass/Pasture/Shrubland,385565205.2818948,38556.52052818948,50.80648810747569,grassPastureHay,NA,NA,NA,NA,NA,NA,NA,0.9284892609311355,0.0025438061943318783,4.382219790105974,16.622508093428962
2009,20131,Other Crops,25629170.769739293,2562.9170769739294,3.3771931234438277,all_cult,NA,NA,NA,NA,NA,NA,NA,0.9284892609311355,0.0025438061943318783,4.382219790105974,16.622508093428962
2009,20131,Sorghum,1814005.3087816767,181.40053087816767,0.23903411896343588,all_cult,Sorghum,NA,NA,112,20316.85945835478,1820.3715545654336,753.4004522147588,0.9284892609311355,0.0025438061943318783,4.382219790105974,16.622508093428962
2009,20131,Soybeans,114952376.5721246,11495.23765721246,15.147441919629989,all_cult,Soybeans,NA,NA,56,643733.3088038977,1777.3129730224646,753.4004522147588,0.9284892609311355,0.0025438061943318783,4.382219790105974,16.622508093428962
2009,20131,Wheat,13310440.695174726,1331.0440695174725,1.753936137443288,all_cult,Wheat,NA,NA,89,118462.92218705505,2385.6878723144578,615.8286218931316,0.9284892609311355,0.0025438061943318783,4.382219790105974,16.622508093428962
2009,20139,Corn,23017278.15020914,2301.727815020914,10.46561099224444,all_cult,Corn,NA,NA,250,575431.9537552285,1900.8907745361364,902.9307145988568,1.1274276172232676,0.003088842786913062,5.862755929607258,17.546298928456785
2009,20139,Developed,11359148.015563412,1135.9148015563412,5.16483415451674,developed,NA,NA,NA,NA,NA,NA,NA,1.1274276172232676,0.003088842786913062,5.862755929607258,17.546298928456785
2009,20139,Double Crop,1212372.2835522622,121.23722835522622,0.5512474852428092,all_cult,NA,NA,NA,NA,NA,NA,NA,1.1274276172232676,0.003088842786913062,5.862755929607258,17.546298928456785
2009,20139,Grass/Pasture/Shrubland,116727253.00591996,11672.725300591996,53.07413040677678,grassPastureHay,NA,NA,NA,NA,NA,NA,NA,1.1274276172232676,0.003088842786913062,5.862755929607258,17.546298928456785
2009,20139,Other Crops,6238506.96918469,623.850696918469,2.836555507815315,all_cult,NA,NA,NA,NA,NA,NA,NA,1.1274276172232676,0.003088842786913062,5.862755929607258,17.546298928456785
2009,20139,Sorghum,91307.45965271936,9.130745965271936,0.04151613180234922,all_cult,Sorghum,NA,NA,112,1022.6435481104569,1950.9521545410196,902.9307145988568,1.1274276172232676,0.003088842786913062,5.862755929607258,17.546298928456785
2009,20139,Soybeans,25462177.412086777,2546.2177412086776,11.577270000014844,all_cult,Soybeans,NA,NA,56,142588.19350768594,1900.8907745361364,902.9307145988568,1.1274276172232676,0.003088842786913062,5.862755929607258,17.546298928456785
2009,20139,Wheat,1203079.7784691271,120.3079778469127,0.5470223226189365,all_cult,Wheat,NA,NA,89,10707.41002837523,2606.021548461919,724.6892419811338,1.1274276172232676,0.003088842786913062,5.862755929607258,17.546298928456785
2009,20149,Corn,128431794.40024333,12843.179440024333,7.494308819368585,all_cult,Corn,0.042898037699955455,38,250,3210794.8600060833,1824.474359130863,789.1544276122622,0.9614219599145035,0.0026340327668890507,4.668988538768216,17.241832827215347
2009,20149,Developed,86009942.89923576,8600.994289923576,5.018890194855906,developed,NA,NA,NA,NA,NA,NA,NA,0.9614219599145035,0.0026340327668890507,4.668988538768216,17.241832827215347
2009,20149,Double Crop,1253149.357950782,125.3149357950782,0.07312432508736195,all_cult,NA,NA,NA,NA,NA,NA,NA,0.9614219599145035,0.0026340327668890507,4.668988538768216,17.241832827215347
2009,20149,Grass/Pasture/Shrubland,1119182066.8610194,111918.20668610193,65.30700651909451,grassPastureHay,NA,NA,NA,NA,NA,NA,NA,0.9614219599145035,0.0026340327668890507,4.668988538768216,17.241832827215347
2009,20149,Other Crops,26378850.423739113,2637.8850423739113,1.5392703364351517,all_cult,NA,NA,NA,NA,NA,NA,NA,0.9614219599145035,0.0026340327668890507,4.668988538768216,17.241832827215347
2009,20149,Sorghum,6451450.778547458,645.1450778547459,0.37645790665133727,all_cult,Sorghum,NA,NA,112,72256.24871973153,1878.3566104576212,789.1544276122622,0.9614219599145035,0.0026340327668890507,4.668988538768216,17.241832827215347
2009,20149,Soybeans,142673247.13914704,14267.324713914704,8.325332362722463,all_cult,Soybeans,0.031630811303407794,33,56,798970.1839792235,1824.474359130863,789.1544276122622,0.9614219599145035,0.0026340327668890507,4.668988538768216,17.241832827215347
2009,20149,Wheat,17218371.235281076,1721.8371235281077,1.004734006920368,all_cult,Wheat,NA,NA,89,153243.50399400157,2473.51992797852,599.9994323655883,0.9614219599145035,0.0026340327668890507,4.668988538768216,17.241832827215347
2009,20161,Corn,23373003.579382803,2337.3003579382803,2.922825748086769,all_cult,Corn,0.06799935848447383,10,250,584325.0894845701,1857.7219024658236,758.9325954706765,0.9231283880990231,0.002529118871504173,4.8465072840860675,17.706684603756443
2009,20161,Developed,91483201.13073118,9148.320113073118,11.440098183109187,developed,NA,NA,NA,NA,NA,NA,NA,0.9231283880990231,0.002529118871504173,4.8465072840860675,17.706684603756443
2009,20161,Double Crop,2299640.8280373025,229.96408280373024,0.2875731995980166,all_cult,NA,NA,NA,NA,NA,NA,NA,0.9231283880990231,0.002529118871504173,4.8465072840860675,17.706684603756443
2009,20161,Grass/Pasture/Shrubland,451771466.3871229,45177.14663871229,56.49463363672953,grassPastureHay,NA,NA,NA,NA,NA,NA,NA,0.9231283880990231,0.002529118871504173,4.8465072840860675,17.706684603756443
2009,20161,Other Crops,7927396.399125039,792.7396399125039,0.9913316545714084,all_cult,NA,NA,NA,NA,NA,NA,NA,0.9231283880990231,0.002529118871504173,4.8465072840860675,17.706684603756443
2009,20161,Sorghum,12119971.023276936,1211.9971023276937,1.51561878868436,all_cult,Sorghum,NA,NA,112,135743.6754607017,1926.1773441001992,758.9325954706765,0.9231283880990231,0.002529118871504173,4.8465072840860675,17.706684603756443
2009,20161,Soybeans,48116382.91567255,4811.638291567255,6.017018840265104,all_cult,Soybeans,0.04546280336598371,5,56,269451.74432776624,1857.7219024658236,758.9325954706765,0.9231283880990231,0.002529118871504173,4.8465072840860675,17.706684603756443
2009,20161,Wheat,21407478.55397227,2140.747855397227,2.6770341820491743,all_cult,Wheat,NA,NA,89,190526.55913035318,2551.671484375005,541.4505338196395,0.9231283880990231,0.002529118871504173,4.8465072840860675,17.706684603756443
2009,20177,Corn,130162384.85411032,13016.238485411031,8.932311885205786,all_cult,Corn,0.03768318709630471,50,250,3254059.621352758,1906.5016784668005,867.732302482138,1.0861764253497386,0.002975825822875996,5.786906997471663,17.588269377407986
2009,20177,Developed,252282820.59599775,25228.282059599776,17.312750064994752,developed,NA,NA,NA,NA,NA,NA,NA,1.0861764253497386,0.002975825822875996,5.786906997471663,17.588269377407986
2009,20177,Double Crop,1833306.5925738288,183.33065925738288,0.12580951312798735,all_cult,NA,NA,NA,NA,NA,NA,NA,1.0861764253497386,0.002975825822875996,5.786906997471663,17.588269377407986
2009,20177,Grass/Pasture/Shrubland,683448489.351835,68344.8489351835,46.90122320058703,grassPastureHay,NA,NA,NA,NA,NA,NA,NA,1.0861764253497386,0.002975825822875996,5.786906997471663,17.588269377407986
2009,20177,Other Crops,23240722.111689433,2324.0722111689433,1.5948799537722438,all_cult,NA,NA,NA,NA,NA,NA,NA,1.0861764253497386,0.002975825822875996,5.786906997471663,17.588269377407986
2009,20177,Sorghum,4732454.833686916,473.2454833686916,0.324761739764684,all_cult,Sorghum,NA,NA,112,53003.49413729346,1960.03795166016,867.732302482138,1.0861764253497386,0.002975825822875996,5.786906997471663,17.588269377407986
2009,20177,Soybeans,135287804.1347074,13528.780413470738,9.284040563257085,all_cult,Soybeans,0.03705213804281185,12,56,757611.7031543613,1906.5016784668005,867.732302482138,1.0861764253497386,0.002975825822875996,5.786906997471663,17.588269377407986
2009,20177,Wheat,10550732.178162878,1055.0732178162878,0.7240373671568556,all_cult,Wheat,NA,NA,89,93901.51638564961,2612.0573638916067,687.1108221640461,1.0861764253497386,0.002975825822875996,5.786906997471663,17.588269377407986
2009,20197,Corn,64477446.564785674,6447.744656478568,4.194889412527141,all_cult,Corn,0.055200859516378514,17,250,1611936.164119642,1851.9881134033235,812.8719607235398,0.9984502708082,0.0027354801939950685,5.118451638417724,17.389264334064663
2009,20197,Developed,52310823.002944954,5231.082300294495,3.403331385884642,developed,NA,NA,NA,NA,NA,NA,NA,0.9984502708082,0.0027354801939950685,5.118451638417724,17.389264334064663
2009,20197,Double Crop,974066.5475155384,97.40665475155384,0.06337256924658395,all_cult,NA,NA,NA,NA,NA,NA,NA,0.9984502708082,0.0027354801939950685,5.118451638417724,17.389264334064663
2009,20197,Grass/Pasture/Shrubland,1211683534.1883607,121168.35341883608,78.83188152919557,grassPastureHay,NA,NA,NA,NA,NA,NA,NA,0.9984502708082,0.0027354801939950685,5.118451638417724,17.389264334064663
2009,20197,Other Crops,29781118.830263704,2978.1118830263704,1.9375534660597975,all_cult,NA,NA,NA,NA,NA,NA,NA,0.9984502708082,0.0027354801939950685,5.118451638417724,17.389264334064663
2009,20197,Sorghum,2677929.16851244,267.792916851244,0.1742255209378232,all_cult,Sorghum,NA,NA,112,29992.80668733933,1906.0081756591835,812.8719607235398,0.9984502708082,0.0027354801939950685,5.118451638417724,17.389264334064663
2009,20197,Soybeans,74758434.10294648,7475.843410294648,4.863768347284901,all_cult,Soybeans,0.03620354359616443,15,56,418647.23097650026,1851.9881134033235,812.8719607235398,0.9984502708082,0.0027354801939950685,5.118451638417724,17.389264334064663
2009,20197,Wheat,8581823.113216596,858.1823113216597,0.5583316467354381,all_cult,Wheat,NA,NA,89,76378.22570762772,2529.7403991699266,610.8397894068185,0.9984502708082,0.0027354801939950685,5.118451638417724,17.389264334064663
2009,20209,Corn,4183461.74940306,418.346174940306,1.63055281303956,all_cult,Corn,NA,NA,250,104586.5437350765,1929.3907623291052,892.5573324672928,1.1228056218121252,0.003076179785786644,6.498392768755374,17.390045082405845
2009,20209,Developed,144445771.97847173,14444.577197847171,56.2994175493,developed,NA,NA,NA,NA,NA,NA,NA,1.1228056218121252,0.003076179785786644,6.498392768755374,17.390045082405845
2009,20209,Double Crop,141027.732773137,14.1027732773137,0.0549671970641639,all_cult,NA,NA,NA,NA,NA,NA,NA,1.1228056218121252,0.003076179785786644,6.498392768755374,17.390045082405845
2009,20209,Grass/Pasture/Shrubland,48215629.33830974,4821.5629338309745,18.792601620242312,grassPastureHay,NA,NA,NA,NA,NA,NA,NA,1.1228056218121252,0.003076179785786644,6.498392768755374,17.390045082405845
2009,20209,Other Crops,752843.3000680542,75.28433000680542,0.29342942143049616,all_cult,NA,NA,NA,NA,NA,NA,NA,1.1228056218121252,0.003076179785786644,6.498392768755374,17.390045082405845
2009,20209,Sorghum,17314.765739708047,1.731476573970805,0.00674863107999744,all_cult,Sorghum,NA,NA,112,193.92537628473013,1970.3014221191447,892.5573324672928,1.1228056218121252,0.003076179785786644,6.498392768755374,17.390045082405845
2009,20209,Soybeans,7229655.514052929,722.9655514052929,2.817842218212716,all_cult,Soybeans,NA,NA,56,40486.0708786964,1929.3907623291052,892.5573324672928,1.1228056218121252,0.003076179785786644,6.498392768755374,17.390045082405845
2009,20209,Wheat,186848.33513429723,18.684833513429723,0.07282630909878875,all_cult,Wheat,NA,NA,89,1662.9501826952453,2641.8007415771535,756.6370193264447,1.1228056218121252,0.003076179785786644,6.498392768755374,17.390045082405845
2010,20005,Corn,142737939.2385977,14273.79392385977,19.07106488020616,all_cult,Corn,NA,NA,250,3568448.4809649424,2277.2733978271517,920.5063848862192,1.0990765878120292,0.0030111687337315866,6.311327038072583,17.87021885702057
2010,20005,Developed,36893992.42407584,3689.399242407584,4.929367251360195,developed,NA,NA,NA,NA,NA,NA,NA,1.0990765878120292,0.0030111687337315866,6.311327038072583,17.87021885702057
2010,20005,Double Crop,1044543.7695093445,104.45437695093445,0.1395603867114056,all_cult,NA,NA,NA,NA,NA,NA,NA,1.0990765878120292,0.0030111687337315866,6.311327038072583,17.87021885702057
2010,20005,Grass/Pasture/Shrubland,306196658.4481745,30619.66584481745,40.91061122583732,grassPastureHay,NA,NA,NA,NA,NA,NA,NA,1.0990765878120292,0.0030111687337315866,6.311327038072583,17.87021885702057
2010,20005,Other Crops,646622.3335057845,64.66223335057845,0.08639452510706061,all_cult,NA,NA,NA,NA,NA,NA,NA,1.0990765878120292,0.0030111687337315866,6.311327038072583,17.87021885702057
2010,20005,Sorghum,113921.05627521266,11.392105627521266,0.01522087166898586,all_cult,Sorghum,NA,NA,112,1275.9158302823819,2380.0012000412153,920.5063848862192,1.0990765878120292,0.0030111687337315866,6.311327038072583,17.87021885702057
2010,20005,Soybeans,157249903.85548356,15724.990385548355,21.00999310226254,all_cult,Soybeans,NA,NA,56,880599.4615907079,2277.2733978271517,920.5063848862192,1.0990765878120292,0.0030111687337315866,6.311327038072583,17.87021885702057
2010,20005,Wheat,1764439.270666322,176.4439270666322,0.2357448621407717,all_cult,Wheat,NA,NA,89,15703.509508930265,2492.74749450684,718.2418682753778,1.0990765878120292,0.0030111687337315866,6.311327038072583,17.87021885702057
2010,20013,Corn,91332225.02739403,9133.222502739403,20.44794709852567,all_cult,Corn,0.11767423479396907,10,250,2283305.625684851,2235.594338989261,797.7406786246574,1.0026720747383662,0.0027470467801051124,5.715298169279775,17.650823389340776
2010,20013,Developed,24281353.69084529,2428.135369084529,5.436239351467404,developed,NA,NA,NA,NA,NA,NA,NA,1.0026720747383662,0.0027470467801051124,5.715298169279775,17.650823389340776
2010,20013,Double Crop,640921.5000785722,64.09215000785721,0.14349293389034934,all_cult,NA,NA,NA,NA,NA,NA,NA,1.0026720747383662,0.0027470467801051124,5.715298169279775,17.650823389340776
2010,20013,Grass/Pasture/Shrubland,163613894.985465,16361.3894985465,36.63075402184781,grassPastureHay,NA,NA,NA,NA,NA,NA,NA,1.0026720747383662,0.0027470467801051124,5.715298169279775,17.650823389340776
2010,20013,Other Crops,396882.1957686619,39.68821957686619,0.08885610901289419,all_cult,NA,NA,NA,NA,NA,NA,NA,1.0026720747383662,0.0027470467801051124,5.715298169279775,17.650823389340776
2010,20013,Sorghum,96956.58437253609,9.69565843725361,0.02170715875485035,all_cult,Sorghum,NA,NA,112,1085.9137449724042,2329.5087192222695,797.7406786246574,1.0026720747383662,0.0027470467801051124,5.715298169279775,17.650823389340776
2010,20013,Soybeans,117891939.95509097,11789.193995509097,26.39427815123544,all_cult,Soybeans,NA,NA,56,660194.8637485094,2235.594338989261,797.7406786246574,1.0026720747383662,0.0027470467801051124,5.715298169279775,17.650823389340776
2010,20013,Wheat,3808489.3815570744,380.84893815570746,0.85266497532517,all_cult,Wheat,NA,NA,89,33895.55549585797,2419.822140502934,736.8975392177235,1.0026720747383662,0.0027470467801051124,5.715298169279775,17.650823389340776
2010,20045,Corn,58882962.58674004,5888.296258674004,6.040772435363179,all_cult,Corn,0.14363216669648643,5,250,1472074.064668501,2336.537768554691,876.5778884589672,1.0462163116674865,0.002866346059362977,7.163480742990177,18.50456643300516
2010,20045,Developed,122378251.88265067,12237.825188265067,12.554721063357697,developed,NA,NA,NA,NA,NA,NA,NA,1.0462163116674865,0.002866346059362977,7.163480742990177,18.50456643300516
2010,20045,Double Crop,1825260.06109527,182.526006109527,0.18725247813731064,all_cult,NA,NA,NA,NA,NA,NA,NA,1.0462163116674865,0.002866346059362977,7.163480742990177,18.50456643300516
2010,20045,Grass/Pasture/Shrubland,442257474.8008486,44225.74748008486,45.37096378557401,grassPastureHay,NA,NA,NA,NA,NA,NA,NA,1.0462163116674865,0.002866346059362977,7.163480742990177,18.50456643300516
2010,20045,Other Crops,463758.22904808074,46.375822904808075,0.0475767149551907,all_cult,NA,NA,NA,NA,NA,NA,NA,1.0462163116674865,0.002866346059362977,7.163480742990177,18.50456643300516
2010,20045,Sorghum,101138.17114063667,10.113817114063666,0.01037571225274903,all_cult,Sorghum,NA,NA,112,1132.7475167751306,2454.079122324418,876.5778884589672,1.0462163116674865,0.002866346059362977,7.163480742990177,18.50456643300516
2010,20045,Soybeans,93363950.91311504,9336.395091311504,9.578159052403931,all_cult,Soybeans,0.08934111313733559,13,56,522838.1251134442,2336.537768554691,876.5778884589672,1.0462163116674865,0.002866346059362977,7.163480742990177,18.50456643300516
2010,20045,Wheat,466594.2531751894,46.659425317518945,0.04786766119193663,all_cult,Wheat,NA,NA,89,4152.6888532591865,2613.500942993169,755.4238288775086,1.0462163116674865,0.002866346059362977,7.163480742990177,18.50456643300516
2010,20061,Corn,30678543.671307556,3067.8543671307557,3.911225945922647,all_cult,Corn,0.11207164013514252,11,250,766963.591782689,2271.01336975098,738.1599462867016,0.8642582757081254,0.0023678308923510286,6.348041398557921,18.462838034433883
2010,20061,Developed,56655493.89396723,5665.549389396723,7.223042921179909,developed,NA,NA,NA,NA,NA,NA,NA,0.8642582757081254,0.0023678308923510286,6.348041398557921,18.462838034433883
2010,20061,Double Crop,5551151.797219685,555.1151797219685,0.7077196744298841,all_cult,NA,NA,NA,NA,NA,NA,NA,0.8642582757081254,0.0023678308923510286,6.348041398557921,18.462838034433883
2010,20061,Grass/Pasture/Shrubland,471797693.56953305,47179.76935695331,60.14977112624365,grassPastureHay,NA,NA,NA,NA,NA,NA,NA,0.8642582757081254,0.0023678308923510286,6.348041398557921,18.462838034433883
2010,20061,Other Crops,5866875.5058515,586.68755058515,0.7479714795407831,all_cult,NA,NA,NA,NA,NA,NA,NA,0.8642582757081254,0.0023678308923510286,6.348041398557921,18.462838034433883
2010,20061,Sorghum,5572380.274892681,557.2380274892681,0.7104261057897506,all_cult,Sorghum,NA,NA,112,62410.65907879803,2398.2366086365273,738.1599462867016,0.8642582757081254,0.0023678308923510286,6.348041398557921,18.462838034433883
2010,20061,Soybeans,44276883.47119323,4427.688347119323,5.644886448736162,all_cult,Soybeans,0.11998714329020863,10,56,247950.54743868212,2271.01336975098,738.1599462867016,0.8642582757081254,0.0023678308923510286,6.348041398557921,18.462838034433883
2010,20061,Wheat,12316902.28139255,1231.690228139255,1.5702892644617878,all_cult,Wheat,NA,NA,89,109620.4303043937,2474.8764801025436,639.4388912967115,0.8642582757081254,0.0023678308923510286,6.348041398557921,18.462838034433883
2010,20085,Corn,114164572.50289775,11416.457250289775,6.709991176100168,all_cult,Corn,NA,NA,250,2854114.312572444,2241.812277221683,858.6537206007051,1.0381921357387327,0.0028443620157225557,5.835506073416119,18.03053731003855
2010,20085,Developed,72818657.06235965,7281.865706235965,4.279896430492879,developed,NA,NA,NA,NA,NA,NA,NA,1.0381921357387327,0.0028443620157225557,5.835506073416119,18.03053731003855
2010,20085,Double Crop,464840.32905608293,46.484032905608295,0.02732086178645872,all_cult,NA,NA,NA,NA,NA,NA,NA,1.0381921357387327,0.0028443620157225557,5.835506073416119,18.03053731003855
2010,20085,Grass/Pasture/Shrubland,1106350644.7457435,110635.06447457436,65.02545317837759,grassPastureHay,NA,NA,NA,NA,NA,NA,NA,1.0381921357387327,0.0028443620157225557,5.835506073416119,18.03053731003855
2010,20085,Other Crops,1583790.0239999322,158.37900239999323,0.09308682065590251,all_cult,NA,NA,NA,NA,NA,NA,NA,1.0381921357387327,0.0028443620157225557,5.835506073416119,18.03053731003855
2010,20085,Sorghum,620939.9462283815,62.093994622838146,0.03649557361566608,all_cult,Sorghum,NA,NA,112,6954.527397757873,2349.867650766801,858.6537206007051,1.0381921357387327,0.0028443620157225557,5.835506073416119,18.03053731003855
2010,20085,Soybeans,141969227.37120682,14196.922737120683,8.344202076474968,all_cult,Soybeans,NA,NA,56,795027.6732787583,2241.812277221683,858.6537206007051,1.0381921357387327,0.0028443620157225557,5.835506073416119,18.03053731003855
2010,20085,Wheat,4925119.689909286,492.5119689909286,0.28947254770905123,all_cult,Wheat,NA,NA,89,43833.56524019265,2437.350460815434,761.899888340733,1.0381921357387327,0.0028443620157225557,5.835506073416119,18.03053731003855
2010,20087,Corn,130209893.732665,13020.9893732665,9.057865357576816,all_cult,Corn,0.11750460960933144,19,250,3255247.3433166253,2296.7883728027377,941.4559362250149,1.1132530691466527,0.0030500084086209664,6.587505601856829,18.2151360498716
2010,20087,Developed,78992272.15918101,7899.227215918101,5.494984635928872,developed,NA,NA,NA,NA,NA,NA,NA,1.1132530691466527,0.0030500084086209664,6.587505601856829,18.2151360498716
2010,20087,Double Crop,264920.8589738205,26.492085897382054,0.01842884132848719,all_cult,NA,NA,NA,NA,NA,NA,NA,1.1132530691466527,0.0030500084086209664,6.587505601856829,18.2151360498716
2010,20087,Grass/Pasture/Shrubland,679125235.3671187,67912.52353671187,47.2423774150186,grassPastureHay,NA,NA,NA,NA,NA,NA,NA,1.1132530691466527,0.0030500084086209664,6.587505601856829,18.2151360498716
2010,20087,Other Crops,625882.2737467043,62.58822737467043,0.04353860680457259,all_cult,NA,NA,NA,NA,NA,NA,NA,1.1132530691466527,0.0030500084086209664,6.587505601856829,18.2151360498716
2010,20087,Sorghum,224993.88633825493,22.499388633825493,0.01565137848060928,all_cult,Sorghum,NA,NA,112,2519.931526988455,2414.7445459084024,941.4559362250149,1.1132530691466527,0.0030500084086209664,6.587505601856829,18.2151360498716
2010,20087,Soybeans,143560203.5146162,14356.02035146162,9.986560597395744,all_cult,Soybeans,0.08332130340327074,15,56,803937.1396818508,2296.7883728027377,941.4559362250149,1.1132530691466527,0.0030500084086209664,6.587505601856829,18.2151360498716
2010,20087,Wheat,327657.59600917145,32.76575960091714,0.02279303287146327,all_cult,Wheat,NA,NA,89,2916.1526044816255,2545.382321166997,751.077994707506,1.1132530691466527,0.0030500084086209664,6.587505601856829,18.2151360498716
2010,20091,Corn,17317495.14946457,1731.749514946457,2.867935703648073,all_cult,Corn,NA,NA,250,432937.37873661425,2332.742321777347,931.8634468265808,1.120368154342752,0.003069501792719868,7.378086873929817,18.176636411065946
2010,20091,Developed,230801761.572272,23080.1761572272,38.22288424307452,developed,NA,NA,NA,NA,NA,NA,NA,1.120368154342752,0.003069501792719868,7.378086873929817,18.176636411065946
2010,20091,Double Crop,286597.5174205971,28.659751742059708,0.04746317210967107,all_cult,NA,NA,NA,NA,NA,NA,NA,1.120368154342752,0.003069501792719868,7.378086873929817,18.176636411065946
2010,20091,Grass/Pasture/Shrubland,212708616.7072014,21270.86167072014,35.226493847006346,grassPastureHay,NA,NA,NA,NA,NA,NA,NA,1.120368154342752,0.003069501792719868,7.378086873929817,18.176636411065946
2010,20091,Other Crops,88547.6423211279,8.85476423211279,0.01466430004425169,all_cult,NA,NA,NA,NA,NA,NA,NA,1.120368154342752,0.003069501792719868,7.378086873929817,18.176636411065946
2010,20091,Sorghum,30309.29380103413,3.030929380103413,0.00501949647417874,all_cult,Sorghum,NA,NA,112,339.4640905715823,2438.1498267501997,931.8634468265808,1.120368154342752,0.003069501792719868,7.378086873929817,18.176636411065946
2010,20091,Soybeans,35410756.32569946,3541.0756325699463,5.8643453619096455,all_cult,Soybeans,NA,NA,56,198300.23542391698,2332.742321777347,931.8634468265808,1.120368154342752,0.003069501792719868,7.378086873929817,18.176636411065946
2010,20091,Wheat,74413.4566080079,7.44134566080079,0.01232354952006849,all_cult,Wheat,NA,NA,89,662.2797638112703,2626.3287139892627,862.359710527584,1.120368154342752,0.003069501792719868,7.378086873929817,18.176636411065946
2010,20103,Corn,36936338.39652632,3693.633839652632,4.088074208310082,all_cult,Corn,0.03361046747383832,5,250,923408.459913158,2329.2687530517615,936.5882930262014,1.123802322546253,0.00307891047272946,7.076344027584569,18.248039350117747
2010,20103,Developed,64292657.223099455,6429.265722309946,7.115842154028781,developed,NA,NA,NA,NA,NA,NA,NA,1.123802322546253,0.00307891047272946,7.076344027584569,18.248039350117747
2010,20103,Double Crop,1332430.6335320396,133.24306335320395,0.1474719894762732,all_cult,NA,NA,NA,NA,NA,NA,NA,1.123802322546253,0.00307891047272946,7.076344027584569,18.248039350117747
2010,20103,Grass/Pasture/Shrubland,477393861.33739585,47739.38613373959,52.83743913074254,grassPastureHay,NA,NA,NA,NA,NA,NA,NA,1.123802322546253,0.00307891047272946,7.076344027584569,18.248039350117747
2010,20103,Other Crops,416901.21120749554,41.69012112074955,0.04614217767484174,all_cult,NA,NA,NA,NA,NA,NA,NA,1.123802322546253,0.00307891047272946,7.076344027584569,18.248039350117747
2010,20103,Sorghum,123200.46757281685,12.320046757281686,0.01363569524757065,all_cult,Sorghum,NA,NA,112,1379.8452368155488,2444.236188794731,936.5882930262014,1.123802322546253,0.00307891047272946,7.076344027584569,18.248039350117747
2010,20103,Soybeans,78205311.1980799,7820.53111980799,8.65567973277506,all_cult,Soybeans,NA,NA,56,437949.74270924745,2329.2687530517615,936.5882930262014,1.123802322546253,0.00307891047272946,7.076344027584569,18.248039350117747
2010,20103,Wheat,607729.7159026194,60.77297159026194,0.06726287133644958,all_cult,Wheat,NA,NA,89,5408.794471533312,2593.2050170898483,773.5311647327617,1.123802322546253,0.00307891047272946,7.076344027584569,18.248039350117747
2010,20117,Corn,2252746.7967104916,225.27467967104917,11.010788397429042,all_cult,Corn,0.16795571863779388,12,250,56318.669917762294,2180.526336669925,644.7048763539642,0.8251618145909161,0.0022607173002490853,5.406271404109612,17.593179279484183
2010,20117,Developed,672614.9173680585,67.26149173680585,3.287551241403757,developed,NA,NA,NA,NA,NA,NA,NA,0.8251618145909161,0.0022607173002490853,5.406271404109612,17.593179279484183
2010,20117,Double Crop,5356.721803069427,0.5356721803069426,0.02618213922826053,all_cult,NA,NA,NA,NA,NA,NA,NA,0.8251618145909161,0.0022607173002490853,5.406271404109612,17.593179279484183
2010,20117,Grass/Pasture/Shrubland,13644778.136237528,1364.4778136237528,66.69181152864624,grassPastureHay,NA,NA,NA,NA,NA,NA,NA,0.8251618145909161,0.0022607173002490853,5.406271404109612,17.593179279484183
2010,20117,Other Crops,41337.20464066268,4.133720464066268,0.20204455019276285,all_cult,NA,NA,NA,NA,NA,NA,NA,0.8251618145909161,0.0022607173002490853,5.406271404109612,17.593179279484183
2010,20117,Sorghum,6946.6189623068985,0.6946618962306899,0.03395310630702856,all_cult,Sorghum,NA,NA,112,77.80213237783727,2278.5558122978555,644.7048763539642,0.8251618145909161,0.0022607173002490853,5.406271404109612,17.593179279484183
2010,20117,Soybeans,1640708.034648422,164.07080346484219,8.01931624888117,all_cult,Soybeans,0.1422090131245091,7,56,9187.964994031163,2180.526336669925,644.7048763539642,0.8251618145909161,0.0022607173002490853,5.406271404109612,17.593179279484183
2010,20117,Wheat,431199.4608990486,43.11994608990486,2.1075808555039597,all_cult,Wheat,NA,NA,89,3837.6752020015324,2334.7906219482466,696.3644998390228,0.8251618145909161,0.0022607173002490853,5.406271404109612,17.593179279484183
2010,20127,Corn,11607990.430915864,1160.7990430915863,4.312470371732731,all_cult,Corn,NA,NA,250,290199.7607728966,2269.8095947265656,784.8670450029895,0.9099375917436555,0.0024929797034072753,6.3908974007384645,18.444037450503018
2010,20127,Developed,11851541.651388548,1185.1541651388548,4.402951788696212,developed,NA,NA,NA,NA,NA,NA,NA,0.9099375917436555,0.0024929797034072753,6.3908974007384645,18.444037450503018
2010,20127,Double Crop,2783563.5948860887,278.35635948860886,1.034118317224784,all_cult,NA,NA,NA,NA,NA,NA,NA,0.9099375917436555,0.0024929797034072753,6.3908974007384645,18.444037450503018
2010,20127,Grass/Pasture/Shrubland,156777543.63850224,15677.754363850225,58.244234083223006,grassPastureHay,NA,NA,NA,NA,NA,NA,NA,0.9099375917436555,0.0024929797034072753,6.3908974007384645,18.444037450503018
2010,20127,Other Crops,3884067.5133069116,388.4067513306912,1.4429651861475667,all_cult,NA,NA,NA,NA,NA,NA,NA,0.9099375917436555,0.0024929797034072753,6.3908974007384645,18.444037450503018
2010,20127,Sorghum,7929686.718209361,792.968671820936,2.945948244264906,all_cult,Sorghum,NA,NA,112,88812.49124394484,2394.14581273809,784.8670450029895,0.9099375917436555,0.0024929797034072753,6.3908974007384645,18.444037450503018
2010,20127,Soybeans,36710946.178532176,3671.0946178532176,13.638438854287028,all_cult,Soybeans,NA,NA,56,205581.2985997802,2269.8095947265656,784.8670450029895,0.9099375917436555,0.0024929797034072753,6.3908974007384645,18.444037450503018
2010,20127,Wheat,16680772.22132572,1668.077222132572,6.197053349604966,all_cult,Wheat,NA,NA,89,148458.8727697989,2467.1014831543016,577.0519990941684,0.9099375917436555,0.0024929797034072753,6.3908974007384645,18.444037450503018
2010,20131,Corn,98694683.2621003,9869.46832621003,13.005142016798162,all_cult,Corn,NA,NA,250,2467367.0815525074,2189.048522949222,716.4490014661278,0.915180535245483,0.0025073439321794057,5.428997635514792,17.495320944590134
2010,20131,Developed,34667202.361917235,3466.7202361917234,4.568147696917993,developed,NA,NA,NA,NA,NA,NA,NA,0.915180535245483,0.0025073439321794057,5.428997635514792,17.495320944590134
2010,20131,Double Crop,777018.0523646007,77.70180523646007,0.10238879934171741,all_cult,NA,NA,NA,NA,NA,NA,NA,0.915180535245483,0.0025073439321794057,5.428997635514792,17.495320944590134
2010,20131,Grass/Pasture/Shrubland,379079768.60472786,37907.97686047279,49.951892680045034,grassPastureHay,NA,NA,NA,NA,NA,NA,NA,0.915180535245483,0.0025073439321794057,5.428997635514792,17.495320944590134
2010,20131,Other Crops,1979451.7166239931,197.9451716623993,0.2608352328536781,all_cult,NA,NA,NA,NA,NA,NA,NA,0.915180535245483,0.0025073439321794057,5.428997635514792,17.495320944590134
2010,20131,Sorghum,671509.8205414438,67.15098205414438,0.08848582611713705,all_cult,Sorghum,NA,NA,112,7520.90999006417,2281.620963575004,716.4490014661278,0.915180535245483,0.0025073439321794057,5.428997635514792,17.495320944590134
2010,20131,Soybeans,124407527.56687315,12440.752756687314,16.39336092370055,all_cult,Soybeans,NA,NA,56,696682.1543744896,2189.048522949222,716.4490014661278,0.915180535245483,0.0025073439321794057,5.428997635514792,17.495320944590134
2010,20131,Wheat,10256164.044475364,1025.6164044475363,1.3514696591280455,all_cult,Wheat,NA,NA,89,91279.85999583073,2354.3600982666057,740.6791575148382,0.915180535245483,0.0025073439321794057,5.428997635514792,17.495320944590134
2010,20139,Corn,19516022.684671443,1951.6022684671443,8.873642669680015,all_cult,Corn,NA,NA,250,487900.5671167861,2316.864733886722,846.2111232258176,1.0050905600228144,0.0027536727671857927,6.837105696168687,18.518470492428317
2010,20139,Developed,11399571.418335736,1139.9571418335736,5.18321406918941,developed,NA,NA,NA,NA,NA,NA,NA,1.0050905600228144,0.0027536727671857927,6.837105696168687,18.518470492428317
2010,20139,Double Crop,87544.62502358801,8.754462502358802,0.03980522735918954,all_cult,NA,NA,NA,NA,NA,NA,NA,1.0050905600228144,0.0027536727671857927,6.837105696168687,18.518470492428317
2010,20139,Grass/Pasture/Shrubland,126097030.95403482,12609.703095403482,57.33442784284827,grassPastureHay,NA,NA,NA,NA,NA,NA,NA,1.0050905600228144,0.0027536727671857927,6.837105696168687,18.518470492428317
2010,20139,Other Crops,62633.48966152893,6.263348966152893,0.0284785079107353,all_cult,NA,NA,NA,NA,NA,NA,NA,1.0050905600228144,0.0027536727671857927,6.837105696168687,18.518470492428317
2010,20139,Sorghum,13204.07299188199,1.320407299188199,0.00600369385747647,all_cult,Sorghum,NA,NA,112,147.8856175090783,2437.072363031059,846.2111232258176,1.0050905600228144,0.0027536727671857927,6.837105696168687,18.518470492428317
2010,20139,Soybeans,24428124.408208817,2442.812440820882,11.107101615494097,all_cult,Soybeans,NA,NA,56,136797.49668596938,2316.864733886722,846.2111232258176,1.0050905600228144,0.0027536727671857927,6.837105696168687,18.518470492428317
2010,20139,Wheat,107729.05719282199,10.772905719282198,0.04898278579177197,all_cult,Wheat,NA,NA,89,958.7886090161156,2568.9558898925825,744.7846310071509,1.0050905600228144,0.0027536727671857927,6.837105696168687,18.518470492428317
2010,20149,Corn,134626194.30836913,13462.619430836914,7.855767180041269,all_cult,Corn,0.06597783749954857,54,250,3365654.8577092285,2238.9942535400423,745.5665762951027,0.912259807534319,0.0024993419384501895,5.8231693215566365,18.211610642524636
2010,20149,Developed,86445820.68820877,8644.582068820877,5.044324728207417,developed,NA,NA,NA,NA,NA,NA,NA,0.912259807534319,0.0024993419384501895,5.8231693215566365,18.211610642524636
2010,20149,Double Crop,1007894.514965075,100.7894514965075,0.0588131061141794,all_cult,NA,NA,NA,NA,NA,NA,NA,0.912259807534319,0.0024993419384501895,5.8231693215566365,18.211610642524636
2010,20149,Grass/Pasture/Shrubland,1081648271.0467412,108164.82710467411,63.11681787998919,grassPastureHay,NA,NA,NA,NA,NA,NA,NA,0.912259807534319,0.0024993419384501895,5.8231693215566365,18.211610642524636
2010,20149,Other Crops,7203768.611655724,720.3768611655724,0.42035748928942634,all_cult,NA,NA,NA,NA,NA,NA,NA,0.912259807534319,0.0024993419384501895,5.8231693215566365,18.211610642524636
2010,20149,Sorghum,1479582.1406846256,147.95821406846255,0.08633723088347688,all_cult,Sorghum,NA,NA,112,16571.319975667808,2354.974010630082,745.5665762951027,0.912259807534319,0.0024993419384501895,5.8231693215566365,18.211610642524636
2010,20149,Soybeans,142489274.22161537,14248.927422161538,8.31459709374315,all_cult,Soybeans,0.09714822527623528,52,56,797939.9356410461,2238.9942535400423,745.5665762951027,0.912259807534319,0.0024993419384501895,5.8231693215566365,18.211610642524636
2010,20149,Wheat,14540843.115951682,1454.0843115951682,0.8484937029325288,all_cult,Wheat,NA,NA,89,129413.50373196996,2420.0004333496136,728.3432488774779,0.912259807534319,0.0024993419384501895,5.8231693215566365,18.211610642524636
2010,20161,Corn,30092169.539402597,3009.21695394026,3.7630665501263247,all_cult,Corn,0.08948222512465565,12,250,752304.2384850649,2261.620190429691,698.80387018896,0.8455683917756687,0.0023166257308922427,6.030978351749809,18.523724448844202
2010,20161,Developed,86838971.04057711,8683.89710405771,10.859330921364725,developed,NA,NA,NA,NA,NA,NA,NA,0.8455683917756687,0.0023166257308922427,6.030978351749809,18.523724448844202
2010,20161,Double Crop,2212791.6813492174,221.27916813492175,0.27671259619815164,all_cult,NA,NA,NA,NA,NA,NA,NA,0.8455683917756687,0.0023166257308922427,6.030978351749809,18.523724448844202
2010,20161,Grass/Pasture/Shrubland,414483944.3025602,41448.39443025602,51.83177850726516,grassPastureHay,NA,NA,NA,NA,NA,NA,NA,0.8455683917756687,0.0023166257308922427,6.030978351749809,18.523724448844202
2010,20161,Other Crops,2769923.950655727,276.99239506557274,0.3463827409139759,all_cult,NA,NA,NA,NA,NA,NA,NA,0.8455683917756687,0.0023166257308922427,6.030978351749809,18.523724448844202
2010,20161,Sorghum,4602617.652550871,460.2617652550871,0.5755635700728201,all_cult,Sorghum,NA,NA,112,51549.31770856975,2392.8921445251995,698.80387018896,0.8455683917756687,0.0023166257308922427,6.030978351749809,18.523724448844202
2010,20161,Soybeans,61849639.13241173,6184.963913241173,7.73438112701738,all_cult,Soybeans,0.12755932261852604,11,56,346357.97914150567,2261.620190429691,698.80387018896,0.8455683917756687,0.0023166257308922427,6.030978351749809,18.523724448844202
2010,20161,Wheat,15081987.264790555,1508.1987264790555,1.886022930691334,all_cult,Wheat,NA,NA,89,134229.68665663595,2448.682043457036,673.8306453261321,0.8455683917756687,0.0023166257308922427,6.030978351749809,18.523724448844202
2010,20177,Corn,124452171.0788721,12445.21710788721,8.54045205236088,all_cult,Corn,0.08893147930868524,79,250,3111304.2769718026,2314.2499633789093,834.6840384568786,0.9945123881661566,0.0027246914744278265,6.681341051075579,18.531720974020786
2010,20177,Developed,242245779.997897,24224.5779997897,16.623964459789416,developed,NA,NA,NA,NA,NA,NA,NA,0.9945123881661566,0.0027246914744278265,6.681341051075579,18.531720974020786
2010,20177,Double Crop,425366.1937194086,42.53661937194086,0.02919048780477718,all_cult,NA,NA,NA,NA,NA,NA,NA,0.9945123881661566,0.0027246914744278265,6.681341051075579,18.531720974020786
2010,20177,Grass/Pasture/Shrubland,723594033.4673377,72359.40334673377,49.65618594380105,grassPastureHay,NA,NA,NA,NA,NA,NA,NA,0.9945123881661566,0.0027246914744278265,6.681341051075579,18.531720974020786
2010,20177,Other Crops,1045052.910385266,104.5052910385266,0.0717160994135583,all_cult,NA,NA,NA,NA,NA,NA,NA,0.9945123881661566,0.0027246914744278265,6.681341051075579,18.531720974020786
2010,20177,Sorghum,291354.14034097246,29.13541403409725,0.01999399483567008,all_cult,Sorghum,NA,NA,112,3263.166371818892,2436.1825894714884,834.6840384568786,0.9945123881661566,0.0027246914744278265,6.681341051075579,18.531720974020786
2010,20177,Soybeans,121958080.48107809,12195.808048107809,8.369296652016724,all_cult,Soybeans,0.11397928492935984,47,56,682965.2506940373,2314.2499633789093,834.6840384568786,0.9945123881661566,0.0027246914744278265,6.681341051075579,18.531720974020786
2010,20177,Wheat,2373186.4542182963,237.31864542182964,0.16285842945012752,all_cult,Wheat,NA,NA,89,21121.35944254284,2557.311956787114,750.1567326815566,0.9945123881661566,0.0027246914744278265,6.681341051075579,18.531720974020786
2010,20197,Corn,68904375.32744463,6890.437532744462,4.482904487346064,all_cult,Corn,0.10999034929324412,32,250,1722609.3831861157,2262.257183837894,747.7927161094558,0.9102887942653324,0.0024939419020968013,6.323071707111539,18.332443362719417
2010,20197,Developed,53614320.96449672,5361.432096449672,3.4881366951747683,developed,NA,NA,NA,NA,NA,NA,NA,0.9102887942653324,0.0024939419020968013,6.323071707111539,18.332443362719417
2010,20197,Double Crop,405377.3934872389,40.53773934872389,0.02637376984693127,all_cult,NA,NA,NA,NA,NA,NA,NA,0.9102887942653324,0.0024939419020968013,6.323071707111539,18.332443362719417
2010,20197,Grass/Pasture/Shrubland,1205839341.0868282,120583.93410868282,78.45165952797612,grassPastureHay,NA,NA,NA,NA,NA,NA,NA,0.9102887942653324,0.0024939419020968013,6.323071707111539,18.332443362719417
2010,20197,Other Crops,2775134.846771263,277.5134846771263,0.18054970237319903,all_cult,NA,NA,NA,NA,NA,NA,NA,0.9102887942653324,0.0024939419020968013,6.323071707111539,18.332443362719417
2010,20197,Sorghum,694278.1594562345,69.42781594562345,0.04516959426309547,all_cult,Sorghum,NA,NA,112,7775.915385909826,2381.873202264457,747.7927161094558,0.9102887942653324,0.0024939419020968013,6.323071707111539,18.332443362719417
2010,20197,Soybeans,74524656.16658814,7452.465616658814,4.848558802826178,all_cult,Soybeans,0.11137067545734372,16,56,417338.0745328936,2262.257183837894,747.7927161094558,0.9102887942653324,0.0024939419020968013,6.323071707111539,18.332443362719417
2010,20197,Wheat,5336032.687202007,533.6032687202006,0.3471611891756813,all_cult,Wheat,NA,NA,89,47490.690916097854,2468.428692626958,691.9068440793199,0.9102887942653324,0.0024939419020968013,6.323071707111539,18.332443362719417
2010,20209,Corn,1587623.4261288736,158.76234261288735,0.618794672591741,all_cult,Corn,NA,NA,250,39690.58565322184,2349.308633422855,949.084864195378,1.1361624803833243,0.0031127739188584226,7.529009633521534,18.026444777397284
2010,20209,Developed,134548346.55701917,13454.834655701918,52.441781020150074,developed,NA,NA,NA,NA,NA,NA,NA,1.1361624803833243,0.0031127739188584226,7.529009633521534,18.026444777397284
2010,20209,Double Crop,102806.42157951652,10.280642157951652,0.04006999703748479,all_cult,NA,NA,NA,NA,NA,NA,NA,1.1361624803833243,0.0031127739188584226,7.529009633521534,18.026444777397284
2010,20209,Grass/Pasture/Shrubland,56632136.92209454,5663.213692209454,22.073033219423856,grassPastureHay,NA,NA,NA,NA,NA,NA,NA,1.1361624803833243,0.0031127739188584226,7.529009633521534,18.026444777397284
2010,20209,Other Crops,17855.852169073925,1.7855852169073925,0.00695952580124735,all_cult,NA,NA,NA,NA,NA,NA,NA,1.1361624803833243,0.0031127739188584226,7.529009633521534,18.026444777397284
2010,20209,Sorghum,26513.235038927945,2.6513235038927947,0.01033384134124608,all_cult,Sorghum,NA,NA,112,296.948232435993,2452.8426425621137,949.084864195378,1.1361624803833243,0.0031127739188584226,7.529009633521534,18.026444777397284
2010,20209,Soybeans,7421469.660125322,742.1469660125322,2.8926040098088146,all_cult,Soybeans,NA,NA,56,41560.2300967018,2349.308633422855,949.084864195378,1.1361624803833243,0.0031127739188584226,7.529009633521534,18.026444777397284
2010,20209,Wheat,30549.336988220017,3.0549336988220017,0.01190695896042156,all_cult,Wheat,NA,NA,89,271.88909919515817,2617.608068847661,831.2524873155089,1.1361624803833243,0.0031127739188584226,7.529009633521534,18.026444777397284
2011,20005,Corn,177666061.5153118,17766.60615153118,23.73777430333663,all_cult,Corn,NA,NA,250,4441651.537882796,2353.179425048831,665.767032115371,0.9582538841982022,0.002625353107392335,6.754907310172326,20.471164316673825
2011,20005,Developed,35927294.83520893,3592.7294835208927,4.800207810393329,developed,NA,NA,NA,NA,NA,NA,NA,0.9582538841982022,0.002625353107392335,6.754907310172326,20.471164316673825
2011,20005,Double Crop,266350.6386152859,26.635063861528593,0.03558682671903737,all_cult,NA,NA,NA,NA,NA,NA,NA,0.9582538841982022,0.002625353107392335,6.754907310172326,20.471164316673825
2011,20005,Grass/Pasture/Shrubland,276789488.32356507,27678.94883235651,36.98155037221087,grassPastureHay,NA,NA,NA,NA,NA,NA,NA,0.9582538841982022,0.002625353107392335,6.754907310172326,20.471164316673825
2011,20005,Other Crops,306998.5272393055,30.699852723930547,0.04101774806571778,all_cult,NA,NA,NA,NA,NA,NA,NA,0.9582538841982022,0.002625353107392335,6.754907310172326,20.471164316673825
2011,20005,Sorghum,405250.75808603014,40.52507580860301,0.05414512456490288,all_cult,Sorghum,NA,NA,112,4538.808490563538,2625.105281942191,665.767032115371,0.9582538841982022,0.002625353107392335,6.754907310172326,20.471164316673825
2011,20005,Soybeans,159617068.9272541,15961.706892725411,21.32626752030939,all_cult,Soybeans,NA,NA,56,893855.585992623,2353.179425048831,665.767032115371,0.9582538841982022,0.002625353107392335,6.754907310172326,20.471164316673825
2011,20005,Wheat,3383848.723329983,338.3848723329983,0.4521124439071234,all_cult,Wheat,NA,NA,89,30116.25363763685,2718.2629241943405,504.1221225326299,0.9582538841982022,0.002625353107392335,6.754907310172326,20.471164316673825
2011,20013,Corn,113561465.42420736,11356.146542420736,25.4247483484472,all_cult,Corn,0.10517449282787734,10,250,2839036.635605184,2323.199441528323,674.052970408753,0.9293545463861083,0.002546176839413995,6.274365568814235,20.356116893193516
2011,20013,Developed,23743007.742056236,2374.3007742056234,5.315711580702568,developed,NA,NA,NA,NA,NA,NA,NA,0.9293545463861083,0.002546176839413995,6.274365568814235,20.356116893193516
2011,20013,Double Crop,354995.5621647185,35.49955621647185,0.07947830541934475,all_cult,NA,NA,NA,NA,NA,NA,NA,0.9293545463861083,0.002546176839413995,6.274365568814235,20.356116893193516
2011,20013,Grass/Pasture/Shrubland,151180086.45677382,15118.00864567738,33.84700645682772,grassPastureHay,NA,NA,NA,NA,NA,NA,NA,0.9293545463861083,0.002546176839413995,6.274365568814235,20.356116893193516
2011,20013,Other Crops,335818.05653057736,33.581805653057735,0.07518474287259876,all_cult,NA,NA,NA,NA,NA,NA,NA,0.9293545463861083,0.002546176839413995,6.274365568814235,20.356116893193516
2011,20013,Sorghum,440043.3431900379,44.00433431900379,0.0985192575775903,all_cult,Sorghum,NA,NA,112,4928.485443728425,2591.033603905668,674.052970408753,0.9293545463861083,0.002546176839413995,6.274365568814235,20.356116893193516
2011,20013,Soybeans,111483586.27518018,11148.358627518017,24.959541649456852,all_cult,Soybeans,0.06389194764837684,7,56,624308.083141009,2323.199441528323,674.052970408753,0.9293545463861083,0.002546176839413995,6.274365568814235,20.356116893193516
2011,20013,Wheat,3754837.714658244,375.4837714658244,0.8406531531433941,all_cult,Wheat,NA,NA,89,33418.055660458376,2656.615209960942,491.1135626086034,0.9293545463861083,0.002546176839413995,6.274365568814235,20.356116893193516
2011,20045,Corn,74468965.1908704,7446.89651908704,7.639732317346624,all_cult,Corn,0.18500470055238263,16,250,1861724.1297717602,2398.9098876953153,510.3802744286368,0.8604941986949416,0.002357518352588881,7.344466661427142,20.976033417166118
2011,20045,Developed,129940307.13622497,12994.030713622496,13.330508369629742,developed,NA,NA,NA,NA,NA,NA,NA,0.8604941986949416,0.002357518352588881,7.344466661427142,20.976033417166118
2011,20045,Double Crop,3505085.841120604,350.5085841120604,0.3595849291963307,all_cult,NA,NA,NA,NA,NA,NA,NA,0.8604941986949416,0.002357518352588881,7.344466661427142,20.976033417166118
2011,20045,Grass/Pasture/Shrubland,420489180.6180662,42048.91806180662,43.137765833441065,grassPastureHay,NA,NA,NA,NA,NA,NA,NA,0.8604941986949416,0.002357518352588881,7.344466661427142,20.976033417166118
2011,20045,Other Crops,975998.2726752132,97.59982726752132,0.10012715399388188,all_cult,NA,NA,NA,NA,NA,NA,NA,0.8604941986949416,0.002357518352588881,7.344466661427142,20.976033417166118
2011,20045,Sorghum,314815.6982052423,31.48156982052423,0.03229677836159173,all_cult,Sorghum,NA,NA,112,3525.935819898714,2695.651935664652,510.3802744286368,0.8604941986949416,0.002357518352588881,7.344466661427142,20.976033417166118
2011,20045,Soybeans,90198969.01224099,9019.8969012241,9.253465209137143,all_cult,Soybeans,0.15278361105201985,6,56,505114.2264685496,2398.9098876953153,510.3802744286368,0.8604941986949416,0.002357518352588881,7.344466661427142,20.976033417166118
2011,20045,Wheat,5538463.3814535085,553.8463381453508,0.5681880710344361,all_cult,Wheat,NA,NA,89,49292.32409493622,2847.952758789067,538.0026703779813,0.8604941986949416,0.002357518352588881,7.344466661427142,20.976033417166118
2011,20061,Corn,37215897.41258514,3721.5897412585136,4.744677098119063,all_cult,Corn,0.18654378170638475,12,250,930397.4353146284,2345.8339447021513,549.1322186898274,0.8098172678470918,0.002218677446156416,6.692084785356936,20.857592522608115
2011,20061,Developed,61042203.21282523,6104.220321282523,7.782307125144868,developed,NA,NA,NA,NA,NA,NA,NA,0.8098172678470918,0.002218677446156416,6.692084785356936,20.857592522608115
2011,20061,Double Crop,5213576.423259102,521.3576423259102,0.6646819873908468,all_cult,NA,NA,NA,NA,NA,NA,NA,0.8098172678470918,0.002218677446156416,6.692084785356936,20.857592522608115
2011,20061,Grass/Pasture/Shrubland,466484291.3062291,46648.42913062291,59.47236228259,grassPastureHay,NA,NA,NA,NA,NA,NA,NA,0.8098172678470918,0.002218677446156416,6.692084785356936,20.857592522608115
2011,20061,Other Crops,6541522.038408757,654.1522038408757,0.8339825708994828,all_cult,NA,NA,NA,NA,NA,NA,NA,0.8098172678470918,0.002218677446156416,6.692084785356936,20.857592522608115
2011,20061,Sorghum,3328196.868129461,332.8196868129461,0.4243138163022074,all_cult,Sorghum,NA,NA,112,37275.80492304996,2647.340229121683,549.1322186898274,0.8098172678470918,0.002218677446156416,6.692084785356936,20.857592522608115
2011,20061,Soybeans,42394337.23867962,4239.433723867962,5.4048794996484,all_cult,Soybeans,0.1683798012392905,10,56,237408.28853660586,2345.8339447021513,549.1322186898274,0.8098172678470918,0.002218677446156416,6.692084785356936,20.857592522608115
2011,20061,Wheat,18455278.301508754,1845.5278301508756,2.352874507520838,all_cult,Wheat,NA,NA,89,164251.97688342794,2777.8607208252,469.40860674125224,0.8098172678470918,0.002218677446156416,6.692084785356936,20.857592522608115
2011,20085,Corn,126986541.96107776,12698.654196107776,7.46359888502782,all_cult,Corn,NA,NA,250,3174663.549026944,2344.4967590332058,607.2835134016932,0.890810865906009,0.0024405777148109836,6.556424828098268,20.58344609508778
2011,20085,Developed,72269139.6936588,7226.91396936588,4.247598699119138,developed,NA,NA,NA,NA,NA,NA,NA,0.890810865906009,0.0024405777148109836,6.556424828098268,20.58344609508778
2011,20085,Double Crop,1157160.2597221374,115.71602597221374,0.06801177424697351,all_cult,NA,NA,NA,NA,NA,NA,NA,0.890810865906009,0.0024405777148109836,6.556424828098268,20.58344609508778
2011,20085,Grass/Pasture/Shrubland,1087560855.852771,108756.0855852771,63.921088532598965,grassPastureHay,NA,NA,NA,NA,NA,NA,NA,0.890810865906009,0.0024405777148109836,6.556424828098268,20.58344609508778
2011,20085,Other Crops,3315884.7514104913,331.5884751410491,0.19489020924039072,all_cult,NA,NA,NA,NA,NA,NA,NA,0.890810865906009,0.0024405777148109836,6.556424828098268,20.58344609508778
2011,20085,Sorghum,2202016.465171113,220.2016465171113,0.12942290876226437,all_cult,Sorghum,NA,NA,112,24662.584409916464,2624.485378377738,607.2835134016932,0.890810865906009,0.0024405777148109836,6.556424828098268,20.58344609508778
2011,20085,Soybeans,147834339.9134004,14783.433991340042,8.688922444117518,all_cult,Soybeans,NA,NA,56,827872.3035150423,2344.4967590332058,607.2835134016932,0.890810865906009,0.0024405777148109836,6.556424828098268,20.58344609508778
2011,20085,Wheat,12771197.619266689,1277.1197619266688,0.7506236081367172,all_cult,Wheat,NA,NA,89,113663.65881147352,2708.1369995117234,481.12698222580366,0.890810865906009,0.0024405777148109836,6.556424828098268,20.58344609508778
2011,20087,Corn,142462094.76092926,14246.209476092925,9.91017222970923,all_cult,Corn,0.17755349177094765,21,250,3561552.3690232313,2367.3207244873074,582.2050807254855,0.9032734461829532,0.002474721770364255,7.024664181225943,20.63931441633671
2011,20087,Developed,82342645.79555137,8234.264579555138,5.728048594633299,developed,NA,NA,NA,NA,NA,NA,NA,0.9032734461829532,0.002474721770364255,7.024664181225943,20.63931441633671
2011,20087,Double Crop,795012.7450745358,79.50127450745359,0.05530392657586651,all_cult,NA,NA,NA,NA,NA,NA,NA,0.9032734461829532,0.002474721770364255,7.024664181225943,20.63931441633671
2011,20087,Grass/Pasture/Shrubland,659770476.4719008,65977.04764719008,45.895991245153645,grassPastureHay,NA,NA,NA,NA,NA,NA,NA,0.9032734461829532,0.002474721770364255,7.024664181225943,20.63931441633671
2011,20087,Other Crops,854676.4552527904,85.46764552527904,0.05945434739287192,all_cult,NA,NA,NA,NA,NA,NA,NA,0.9032734461829532,0.002474721770364255,7.024664181225943,20.63931441633671
2011,20087,Sorghum,1697129.6873254557,169.71296873254556,0.11805840371624572,all_cult,Sorghum,NA,NA,112,19007.852498045104,2649.1633186212925,582.2050807254855,0.9032734461829532,0.002474721770364255,7.024664181225943,20.63931441633671
2011,20087,Soybeans,165182897.5433977,16518.28975433977,11.490712436908767,all_cult,Soybeans,0.1807572195251281,14,56,925024.2262430271,2367.3207244873074,582.2050807254855,0.9032734461829532,0.002474721770364255,7.024664181225943,20.63931441633671
2011,20087,Wheat,2907063.707096576,290.7063707096576,0.20222573638560007,all_cult,Wheat,NA,NA,89,25872.86699315953,2769.4450927734424,521.1033433958655,0.9032734461829532,0.002474721770364255,7.024664181225943,20.63931441633671
2011,20091,Corn,23635991.699287653,2363.599169928765,3.9143365654479423,all_cult,Corn,0.14955141172933145,4,250,590899.7924821912,2410.7606475830107,546.2127947002678,0.9165463071778445,0.002511085773089985,7.5890545988736315,20.853150250160553
2011,20091,Developed,274591771.73668915,27459.177173668915,45.47491073592021,developed,NA,NA,NA,NA,NA,NA,NA,0.9165463071778445,0.002511085773089985,7.5890545988736315,20.853150250160553
2011,20091,Double Crop,526891.6066571011,52.68916066571011,0.08725807269714278,all_cult,NA,NA,NA,NA,NA,NA,NA,0.9165463071778445,0.002511085773089985,7.5890545988736315,20.853150250160553
2011,20091,Grass/Pasture/Shrubland,162337965.36516678,16233.796536516678,26.88465294259031,grassPastureHay,NA,NA,NA,NA,NA,NA,NA,0.9165463071778445,0.002511085773089985,7.5890545988736315,20.853150250160553
2011,20091,Other Crops,53845.71142655835,5.384571142655835,0.00891734266161075,all_cult,NA,NA,NA,NA,NA,NA,NA,0.9165463071778445,0.002511085773089985,7.5890545988736315,20.853150250160553
2011,20091,Sorghum,188188.04195544636,18.818804195544637,0.03116566223148808,all_cult,Sorghum,NA,NA,112,2107.7060699009994,2696.4762068949253,546.2127947002678,0.9165463071778445,0.002511085773089985,7.5890545988736315,20.853150250160553
2011,20091,Soybeans,36672647.35426866,3667.2647354268665,6.073326066319354,all_cult,Soybeans,NA,NA,56,205366.82518390453,2410.7606475830107,546.2127947002678,0.9165463071778445,0.002511085773089985,7.5890545988736315,20.853150250160553
2011,20091,Wheat,928444.7244580529,92.8444724458053,0.15375894441750568,all_cult,Wheat,NA,NA,89,8263.15804767667,2848.7246643066455,561.2051700155512,0.9165463071778445,0.002511085773089985,7.5890545988736315,20.853150250160553
2011,20103,Corn,57132484.81118065,5713.248481118065,6.323361972317766,all_cult,Corn,NA,NA,250,1428312.120279516,2393.4549987793,570.1767842338304,0.9072248256347957,0.002485547467492591,7.283360478649423,20.79658470676372
2011,20103,Developed,65191699.31625345,6519.169931625345,7.215347165969911,developed,NA,NA,NA,NA,NA,NA,NA,0.9072248256347957,0.002485547467492591,7.283360478649423,20.79658470676372
2011,20103,Double Crop,2911970.9293637197,291.197092936372,0.32229381060684964,all_cult,NA,NA,NA,NA,NA,NA,NA,0.9072248256347957,0.002485547467492591,7.283360478649423,20.79658470676372
2011,20103,Grass/Pasture/Shrubland,451070841.54088324,45107.08415408833,49.924035610347055,grassPastureHay,NA,NA,NA,NA,NA,NA,NA,0.9072248256347957,0.002485547467492591,7.283360478649423,20.79658470676372
2011,20103,Other Crops,428826.39955412,42.882639955412,0.04746204469538161,all_cult,NA,NA,NA,NA,NA,NA,NA,0.9072248256347957,0.002485547467492591,7.283360478649423,20.79658470676372
2011,20103,Sorghum,143193.52590700204,14.319352590700204,0.01584850544125536,all_cult,Sorghum,NA,NA,112,1603.7674901584228,2679.6981459818394,570.1767842338304,0.9072248256347957,0.002485547467492591,7.283360478649423,20.79658470676372
2011,20103,Soybeans,84992383.29524884,8499.238329524884,9.40686557292284,all_cult,Soybeans,NA,NA,56,475957.34645339346,2393.4549987793,570.1767842338304,0.9072248256347957,0.002485547467492591,7.283360478649423,20.79658470676372
2011,20103,Wheat,3598663.387434919,359.8663387434919,0.39829619332126426,all_cult,Wheat,NA,NA,89,32028.10414817078,2812.7918151855515,537.4101565112069,0.9072248256347957,0.002485547467492591,7.283360478649423,20.79658470676372
2011,20117,Corn,1852336.191097747,185.2336191097747,9.053694747611752,all_cult,Corn,0.19930184456161998,11,250,46308.40477744368,2289.4098876953153,612.7496535740793,0.8345828267745675,0.0022865282925330615,6.044289325034804,20.12489114003641
2011,20117,Developed,679027.1810255726,67.90271810255726,3.3188925703025527,developed,NA,NA,NA,NA,NA,NA,NA,0.8345828267745675,0.0022865282925330615,6.044289325034804,20.12489114003641
2011,20117,Double Crop,534.7817673357276,0.05347817673357277,0.00261386183637466,all_cult,NA,NA,NA,NA,NA,NA,NA,0.8345828267745675,0.0022865282925330615,6.044289325034804,20.12489114003641
2011,20117,Grass/Pasture/Shrubland,13550230.622284437,1355.0230622284437,66.22969005491443,grassPastureHay,NA,NA,NA,NA,NA,NA,NA,0.8345828267745675,0.0022865282925330615,6.044289325034804,20.12489114003641
2011,20117,Other Crops,1180.9358580080805,0.11809358580080805,0.0057720800502083,all_cult,NA,NA,NA,NA,NA,NA,NA,0.8345828267745675,0.0022865282925330615,6.044289325034804,20.12489114003641
2011,20117,Sorghum,70534.90023265466,7.053490023265466,0.34475461788675155,all_cult,Sorghum,NA,NA,112,789.9908826057322,2550.3199968179724,612.7496535740793,0.8345828267745675,0.0022865282925330615,6.044289325034804,20.12489114003641
2011,20117,Soybeans,2368575.286737468,236.85752867374683,11.576925255749329,all_cult,Soybeans,0.04522386819823796,5,56,13264.021605729822,2289.4098876953153,612.7496535740793,0.8345828267745675,0.0022865282925330615,6.044289325034804,20.12489114003641
2011,20117,Wheat,398187.32686373463,39.818732686373465,1.946226892892102,all_cult,Wheat,NA,NA,89,3543.8672090872383,2623.0099792480514,453.4691715352238,0.8345828267745675,0.0022865282925330615,6.044289325034804,20.12489114003641
2011,20127,Corn,13479509.51967885,1347.950951967885,5.007756146514837,all_cult,Corn,NA,NA,250,336987.73799197125,2360.8571319580105,521.3158121912129,0.7789617090693064,0.0021341416686830312,6.901831096492424,20.976169533925535
2011,20127,Developed,11971059.642743647,1197.1059642743646,4.447353771940025,developed,NA,NA,NA,NA,NA,NA,NA,0.7789617090693064,0.0021341416686830312,6.901831096492424,20.976169533925535
2011,20127,Double Crop,4227726.70144072,422.772670144072,1.5706375921183429,all_cult,NA,NA,NA,NA,NA,NA,NA,0.7789617090693064,0.0021341416686830312,6.901831096492424,20.976169533925535
2011,20127,Grass/Pasture/Shrubland,156898919.7943758,15689.891979437582,58.28932639090148,grassPastureHay,NA,NA,NA,NA,NA,NA,NA,0.7789617090693064,0.0021341416686830312,6.901831096492424,20.976169533925535
2011,20127,Other Crops,3675152.1399319055,367.51521399319057,1.365351290508947,all_cult,NA,NA,NA,NA,NA,NA,NA,0.7789617090693064,0.0021341416686830312,6.901831096492424,20.976169533925535
2011,20127,Sorghum,7496783.340805659,749.678334080566,2.7851208383510992,all_cult,Sorghum,NA,NA,112,83963.97341702339,2669.2973868945346,521.3158121912129,0.7789617090693064,0.0021341416686830312,6.901831096492424,20.976169533925535
2011,20127,Soybeans,27354831.467170484,2735.4831467170484,10.162560085484786,all_cult,Soybeans,NA,NA,56,153187.0562161547,2360.8571319580105,521.3158121912129,0.7789617090693064,0.0021341416686830312,6.901831096492424,20.976169533925535
2011,20127,Wheat,26777345.676682826,2677.7345676682826,9.948019043570936,all_cult,Wheat,NA,NA,89,238318.37652247716,2806.1067626953172,453.5033789724112,0.7789617090693064,0.0021341416686830312,6.901831096492424,20.976169533925535
2011,20131,Corn,117022240.35065879,11702.22403506588,15.420190881433491,all_cult,Corn,NA,NA,250,2925556.00876647,2295.4591003417995,636.9677835471666,0.8648194940036629,0.002369368476722364,6.076979838332107,20.132179741010297
2011,20131,Developed,34319191.43075212,3431.919143075212,4.522289790153339,developed,NA,NA,NA,NA,NA,NA,NA,0.8648194940036629,0.002369368476722364,6.076979838332107,20.132179741010297
2011,20131,Double Crop,1568367.373974469,156.8367373974469,0.20666605088425616,all_cult,NA,NA,NA,NA,NA,NA,NA,0.8648194940036629,0.002369368476722364,6.076979838332107,20.132179741010297
2011,20131,Grass/Pasture/Shrubland,365721235.4729275,36572.12354729275,48.19161933225183,grassPastureHay,NA,NA,NA,NA,NA,NA,NA,0.8648194940036629,0.002369368476722364,6.076979838332107,20.132179741010297
2011,20131,Other Crops,3200887.370255705,320.0887370255705,0.421785586153622,all_cult,NA,NA,NA,NA,NA,NA,NA,0.8648194940036629,0.002369368476722364,6.076979838332107,20.132179741010297
2011,20131,Sorghum,1780949.8975198637,178.09498975198636,0.2346783593249769,all_cult,Sorghum,NA,NA,112,19946.638852222473,2556.353937767972,636.9677835471666,0.8648194940036629,0.002369368476722364,6.076979838332107,20.132179741010297
2011,20131,Soybeans,128936306.6362522,12893.63066362522,16.990124731164883,all_cult,Soybeans,NA,NA,56,722043.3171630122,2295.4591003417995,636.9677835471666,0.8648194940036629,0.002369368476722364,6.076979838332107,20.132179741010297
2011,20131,Wheat,10540013.466677092,1054.0013466677092,1.3888729104999171,all_cult,Wheat,NA,NA,89,93806.11985342612,2616.811999511723,465.3193964797392,0.8648194940036629,0.002369368476722364,6.076979838332107,20.132179741010297
2011,20139,Corn,21960450.806067996,2196.0450806067997,9.985087456943306,all_cult,Corn,NA,NA,250,549011.2701516999,2384.142291259768,480.0846964037046,0.817136271414347,0.002238729510724238,7.125037331777099,20.920130565068515
2011,20139,Developed,11358237.331866669,1135.823733186667,5.164420080304972,developed,NA,NA,NA,NA,NA,NA,NA,0.817136271414347,0.002238729510724238,7.125037331777099,20.920130565068515
2011,20139,Double Crop,1433522.0863546403,143.35220863546402,0.6518009821435811,all_cult,NA,NA,NA,NA,NA,NA,NA,0.817136271414347,0.002238729510724238,7.125037331777099,20.920130565068515
2011,20139,Grass/Pasture/Shrubland,120153442.95222792,12015.344295222792,54.63196756413294,grassPastureHay,NA,NA,NA,NA,NA,NA,NA,0.817136271414347,0.002238729510724238,7.125037331777099,20.920130565068515
2011,20139,Other Crops,87956.8816710699,8.79568816710699,0.03999267427073815,all_cult,NA,NA,NA,NA,NA,NA,NA,0.817136271414347,0.002238729510724238,7.125037331777099,20.920130565068515
2011,20139,Sorghum,185862.9748056545,18.58629748056545,0.08450910570238881,all_cult,Sorghum,NA,NA,112,2081.66531782333,2685.147394298832,480.0846964037046,0.817136271414347,0.002238729510724238,7.125037331777099,20.920130565068515
2011,20139,Soybeans,25138480.26150154,2513.848026150154,11.430089762837571,all_cult,Soybeans,NA,NA,56,140775.48946440863,2384.142291259768,480.0846964037046,0.817136271414347,0.002238729510724238,7.125037331777099,20.920130565068515
2011,20139,Wheat,1065317.0141842833,106.53170141842834,0.4843836608791539,all_cult,Wheat,NA,NA,89,9481.321426240122,2827.8894134521533,512.1906064632349,0.817136271414347,0.002238729510724238,7.125037331777099,20.920130565068515
2011,20149,Corn,136778034.08566537,13677.803408566537,7.981332285599186,all_cult,Corn,0.2046177285469947,66,250,3419450.852141634,2335.3177795410184,573.5946102262824,0.820466172199871,0.0022478525265749887,6.449862754508263,20.604101144451008
2011,20149,Developed,86655972.0892705,8665.59720892705,5.056587575625646,developed,NA,NA,NA,NA,NA,NA,NA,0.820466172199871,0.0022478525265749887,6.449862754508263,20.604101144451008
2011,20149,Double Crop,1722538.3077593062,172.25383077593062,0.10051431650414087,all_cult,NA,NA,NA,NA,NA,NA,NA,0.820466172199871,0.0022478525265749887,6.449862754508263,20.604101144451008
2011,20149,Grass/Pasture/Shrubland,1069489110.9201185,106948.91109201184,62.407301195288184,grassPastureHay,NA,NA,NA,NA,NA,NA,NA,0.820466172199871,0.0022478525265749887,6.449862754508263,20.604101144451008
2011,20149,Other Crops,9610052.996987728,961.0052996987728,0.5607700590515784,all_cult,NA,NA,NA,NA,NA,NA,NA,0.820466172199871,0.0022478525265749887,6.449862754508263,20.604101144451008
2011,20149,Sorghum,3184945.501643084,318.4945501643084,0.1858493473024842,all_cult,Sorghum,NA,NA,112,35671.38961840254,2616.6837673998084,573.5946102262824,0.820466172199871,0.0022478525265749887,6.449862754508263,20.604101144451008
2011,20149,Soybeans,155624846.1173558,15562.48461173558,9.0810897894608,all_cult,Soybeans,0.18336624630371626,55,56,871499.1382571924,2335.3177795410184,573.5946102262824,0.820466172199871,0.0022478525265749887,6.449862754508263,20.604101144451008
2011,20149,Wheat,17589969.78463586,1758.996978463586,1.0264176896774222,all_cult,Wheat,NA,NA,89,156550.73108325916,2714.985653686528,450.69774090044666,0.820466172199871,0.0022478525265749887,6.449862754508263,20.604101144451008
2011,20161,Corn,35476141.24327559,3547.614124327559,4.436339502385296,all_cult,Corn,0.23906039373461288,16,250,886903.5310818896,2341.2167205810574,565.2038454414469,0.8108727756111075,0.0022215692482496093,6.5256856839951,20.815328854077507
2011,20161,Developed,91836992.01738533,9183.699201738533,11.484340212570189,developed,NA,NA,NA,NA,NA,NA,NA,0.8108727756111075,0.0022215692482496093,6.5256856839951,20.815328854077507
2011,20161,Double Crop,1578076.8961289553,157.80768961289553,0.1973406528091739,all_cult,NA,NA,NA,NA,NA,NA,NA,0.8108727756111075,0.0022215692482496093,6.5256856839951,20.815328854077507
2011,20161,Grass/Pasture/Shrubland,403211851.4250825,40321.18514250825,50.42218802886472,grassPastureHay,NA,NA,NA,NA,NA,NA,NA,0.8108727756111075,0.0022215692482496093,6.5256856839951,20.815328854077507
2011,20161,Other Crops,5418743.585227772,541.8743585227771,0.6776212231086292,all_cult,NA,NA,NA,NA,NA,NA,NA,0.8108727756111075,0.0022215692482496093,6.5256856839951,20.815328854077507
2011,20161,Sorghum,5496721.658124577,549.6721658124577,0.6873724867181558,all_cult,Sorghum,NA,NA,112,61563.28257099526,2637.9254083849646,565.2038454414469,0.8108727756111075,0.0022215692482496093,6.5256856839951,20.815328854077507
2011,20161,Soybeans,56667164.05948706,5666.716405948706,7.086305601314573,all_cult,Soybeans,0.1655745248116707,11,56,317336.11873312754,2341.2167205810574,565.2038454414469,0.8108727756111075,0.0022215692482496093,6.5256856839951,20.815328854077507
2011,20161,Wheat,24069519.84345721,2406.951984345721,3.009926050094751,all_cult,Wheat,NA,NA,89,214218.72660676917,2748.2753295898483,468.4437198919368,0.8108727756111075,0.0022215692482496093,6.5256856839951,20.815328854077507
2011,20177,Corn,133182201.26257624,13318.220126257624,9.139544889016474,all_cult,Corn,0.19486033523143986,94,250,3329555.031564406,2379.2842590332057,499.9462439036579,0.816911171154934,0.0022381127976847507,7.064970711486003,20.781654002568516
2011,20177,Developed,253870701.08568907,25387.070108568907,17.42171736600305,developed,NA,NA,NA,NA,NA,NA,NA,0.816911171154934,0.0022381127976847507,7.064970711486003,20.781654002568516
2011,20177,Double Crop,2714888.3945273887,271.4888394527389,0.18630751042726051,all_cult,NA,NA,NA,NA,NA,NA,NA,0.816911171154934,0.0022381127976847507,7.064970711486003,20.781654002568516
2011,20177,Grass/Pasture/Shrubland,683828361.3765448,68382.83613765448,46.92729167962555,grassPastureHay,NA,NA,NA,NA,NA,NA,NA,0.816911171154934,0.0022381127976847507,7.064970711486003,20.781654002568516
2011,20177,Other Crops,1671244.573275288,167.1244573275288,0.1146881088701958,all_cult,NA,NA,NA,NA,NA,NA,NA,0.816911171154934,0.0022381127976847507,7.064970711486003,20.781654002568516
2011,20177,Sorghum,1550108.3089474416,155.01083089474417,0.106375208835383,all_cult,Sorghum,NA,NA,112,17361.213060211347,2672.7474051050817,499.9462439036579,0.816911171154934,0.0022381127976847507,7.064970711486003,20.781654002568516
2011,20177,Soybeans,134793684.63363782,13479.368463363782,9.250131922930136,all_cult,Soybeans,0.12967375201830258,44,56,754844.6339483717,2379.2842590332057,499.9462439036579,0.816911171154934,0.0022381127976847507,7.064970711486003,20.781654002568516
2011,20177,Wheat,8153434.065707476,815.3434065707476,0.5595242903085208,all_cult,Wheat,NA,NA,89,72565.56318479653,2809.876068115239,477.4522488217335,0.816911171154934,0.0022381127976847507,7.064970711486003,20.781654002568516
2011,20197,Corn,76715812.4340335,7671.5812434033505,4.991114978934415,all_cult,Corn,0.20397818926767713,23,250,1917895.3108508377,2354.12822570801,499.9062984187112,0.7855251744912893,0.0021521237657295598,6.74003546727849,20.79071605107558
2011,20197,Developed,52853056.83038136,5285.3056830381365,3.4386090071772535,developed,NA,NA,NA,NA,NA,NA,NA,0.7855251744912893,0.0021521237657295598,6.74003546727849,20.79071605107558
2011,20197,Double Crop,1346938.474733593,134.69384747335928,0.08763154014339161,all_cult,NA,NA,NA,NA,NA,NA,NA,0.7855251744912893,0.0021521237657295598,6.74003546727849,20.79071605107558
2011,20197,Grass/Pasture/Shrubland,1193460571.7207592,119346.05717207592,77.64629933894224,grassPastureHay,NA,NA,NA,NA,NA,NA,NA,0.7855251744912893,0.0021521237657295598,6.74003546727849,20.79071605107558
2011,20197,Other Crops,4570509.114295817,457.0509114295817,0.297356382966467,all_cult,NA,NA,NA,NA,NA,NA,NA,0.7855251744912893,0.0021521237657295598,6.74003546727849,20.79071605107558
2011,20197,Sorghum,601111.9324513089,60.1111932451309,0.03910821869551043,all_cult,Sorghum,NA,NA,112,6732.453643454661,2652.468026182816,499.9062984187112,0.7855251744912893,0.0021521237657295598,6.74003546727849,20.79071605107558
2011,20197,Soybeans,76070500.20223449,7607.05002022345,4.949131097853951,all_cult,Soybeans,0.2075902462630556,31,56,425994.8011325132,2354.12822570801,499.9062984187112,0.7855251744912893,0.0021521237657295598,6.74003546727849,20.79071605107558
2011,20197,Wheat,11967161.175686643,1196.7161175686642,0.778581044822438,all_cult,Wheat,NA,NA,89,106507.73446361112,2771.245483398442,441.8298061636742,0.7855251744912893,0.0021521237657295598,6.74003546727849,20.79071605107558
2011,20209,Corn,3359144.7783017997,335.91447783018,1.3092656980666075,all_cult,Corn,NA,NA,250,83978.61945754499,2416.5587158203152,563.5959547454358,0.9216280093854443,0.0025250082448916283,7.643503267471128,20.6800069730576
2011,20209,Developed,144665764.54734156,14466.576454734157,56.38516220850949,developed,NA,NA,NA,NA,NA,NA,NA,0.9216280093854443,0.0025250082448916283,7.643503267471128,20.6800069730576
2011,20209,Double Crop,61936.580128537855,6.193658012853786,0.02414050157696504,all_cult,NA,NA,NA,NA,NA,NA,NA,0.9216280093854443,0.0025250082448916283,7.643503267471128,20.6800069730576
2011,20209,Grass/Pasture/Shrubland,47011159.33228901,4701.115933228901,18.32314544395025,grassPastureHay,NA,NA,NA,NA,NA,NA,NA,0.9216280093854443,0.0025250082448916283,7.643503267471128,20.6800069730576
2011,20209,Other Crops,4869.777864292888,0.4869777864292888,0.00189805249124927,all_cult,NA,NA,NA,NA,NA,NA,NA,0.9216280093854443,0.0025250082448916283,7.643503267471128,20.6800069730576
2011,20209,Sorghum,23246.81440096969,2.324681440096969,0.00906071595398676,all_cult,Sorghum,NA,NA,112,260.3643212908605,2695.1280006281286,563.5959547454358,0.9216280093854443,0.0025250082448916283,7.643503267471128,20.6800069730576
2011,20209,Soybeans,7649904.799906717,764.9904799906717,2.9816392591022467,all_cult,Soybeans,NA,NA,56,42839.466879477615,2416.5587158203152,563.5959547454358,0.9216280093854443,0.0025250082448916283,7.643503267471128,20.6800069730576
2011,20209,Wheat,87200.01157262361,8.720001157262361,0.03398721744906881,all_cult,Wheat,NA,NA,89,776.0801029963502,2836.5376831054737,549.1319227362501,0.9216280093854443,0.0025250082448916283,7.643503267471128,20.6800069730576
2012,20005,Corn,162632194.68738827,16263.219468738827,21.729115279638332,all_cult,Corn,NA,NA,250,4065804.867184707,2430.9501037597684,385.5354379056953,0.5957150787492282,0.0016276368271836838,8.53485014034753,23.078063864786138
2012,20005,Developed,35782460.43760505,3578.2460437605055,4.78085663993141,developed,NA,NA,NA,NA,NA,NA,NA,0.5957150787492282,0.0016276368271836838,8.53485014034753,23.078063864786138
2012,20005,Double Crop,1565848.1945913162,156.5848194591316,0.20921131880492772,all_cult,NA,NA,NA,NA,NA,NA,NA,0.5957150787492282,0.0016276368271836838,8.53485014034753,23.078063864786138
2012,20005,Grass/Pasture/Shrubland,287886192.8672942,28788.61928672942,38.46416931317923,grassPastureHay,NA,NA,NA,NA,NA,NA,NA,0.5957150787492282,0.0016276368271836838,8.53485014034753,23.078063864786138
2012,20005,Other Crops,372137.8238085154,37.21378238085154,0.04972094048778176,all_cult,NA,NA,NA,NA,NA,NA,NA,0.5957150787492282,0.0016276368271836838,8.53485014034753,23.078063864786138
2012,20005,Sorghum,9092.290876425424,0.9092290876425424,0.00121481135386272,all_cult,Sorghum,NA,NA,112,101.83365781596476,2734.4749380640665,385.5354379056953,0.5957150787492282,0.0016276368271836838,8.53485014034753,23.078063864786138
2012,20005,Soybeans,165679980.38263276,16567.998038263275,22.136326698305457,all_cult,Soybeans,NA,NA,56,927807.8901427434,2430.9501037597684,385.5354379056953,0.5957150787492282,0.0016276368271836838,8.53485014034753,23.078063864786138
2012,20005,Wheat,2514284.0864491053,251.42840864491052,0.3359308337763545,all_cult,Wheat,NA,NA,89,22377.128369397036,3474.1013732910214,532.0034639302175,0.5957150787492282,0.0016276368271836838,8.53485014034753,23.078063864786138
2012,20013,Corn,101511575.57951929,10151.157557951929,22.7269545520808,all_cult,Corn,0.19159817805316032,17,250,2537789.3894879823,2385.6437683105496,432.86633672908647,0.6164503472220968,0.0016842905661805922,7.995629966193884,22.903919224139795
2012,20013,Developed,24153339.329099793,2415.3339329099795,5.407578811378314,developed,NA,NA,NA,NA,NA,NA,NA,0.6164503472220968,0.0016842905661805922,7.995629966193884,22.903919224139795
2012,20013,Double Crop,606379.3941169992,60.637939411699925,0.13575946243312753,all_cult,NA,NA,NA,NA,NA,NA,NA,0.6164503472220968,0.0016842905661805922,7.995629966193884,22.903919224139795
2012,20013,Grass/Pasture/Shrubland,160300561.6404596,16030.05616404596,35.8889472287019,grassPastureHay,NA,NA,NA,NA,NA,NA,NA,0.6164503472220968,0.0016842905661805922,7.995629966193884,22.903919224139795
2012,20013,Other Crops,411211.6527053818,41.12116527053818,0.09206426448381112,all_cult,NA,NA,NA,NA,NA,NA,NA,0.6164503472220968,0.0016842905661805922,7.995629966193884,22.903919224139795
2012,20013,Sorghum,15582.548119579402,1.5582548119579402,0.00348870422804021,all_cult,Sorghum,NA,NA,112,174.5245389392893,2681.1178298197306,432.86633672908647,0.6164503472220968,0.0016842905661805922,7.995629966193884,22.903919224139795
2012,20013,Soybeans,116374289.34989017,11637.428934989017,26.05449841544247,all_cult,Soybeans,0.1420511887061807,4,56,651696.020359385,2385.6437683105496,432.86633672908647,0.6164503472220968,0.0016842905661805922,7.995629966193884,22.903919224139795
2012,20013,Wheat,2586795.571859791,258.6795571859791,0.5791456300580033,all_cult,Wheat,NA,NA,89,23022.48058955214,3384.2148651123102,509.59147361741634,0.6164503472220968,0.0016842905661805922,7.995629966193884,22.903919224139795
2012,20045,Corn,67408711.23171121,6740.871123171121,6.915424544273451,all_cult,Corn,0.2615143651333157,12,250,1685217.7807927802,2449.4772857666044,357.9861986616161,0.583178581351487,0.0015933841020532432,9.036189328386508,23.24084295887767
2012,20045,Developed,130127899.06571464,13012.789906571465,13.349753327882114,developed,NA,NA,NA,NA,NA,NA,NA,0.583178581351487,0.0015933841020532432,9.036189328386508,23.24084295887767
2012,20045,Double Crop,6447075.6199432025,644.7075619943203,0.6614021269103916,all_cult,NA,NA,NA,NA,NA,NA,NA,0.583178581351487,0.0015933841020532432,9.036189328386508,23.24084295887767
2012,20045,Grass/Pasture/Shrubland,427349655.41471875,42734.96554147187,43.84157836638001,grassPastureHay,NA,NA,NA,NA,NA,NA,NA,0.583178581351487,0.0015933841020532432,9.036189328386508,23.24084295887767
2012,20045,Other Crops,183711.00647370785,18.371100647370785,0.01884681638333715,all_cult,NA,NA,NA,NA,NA,NA,NA,0.583178581351487,0.0015933841020532432,9.036189328386508,23.24084295887767
2012,20045,Sorghum,57147.14848165398,5.714714848165398,0.00586269617122358,all_cult,Sorghum,NA,NA,112,640.0480629945246,2747.354739179496,357.9861986616161,0.583178581351487,0.0015933841020532432,9.036189328386508,23.24084295887767
2012,20045,Soybeans,90738630.50756279,9073.86305075628,9.308828800610051,all_cult,Soybeans,0.21429864133603216,9,56,508136.33084235166,2449.4772857666044,357.9861986616161,0.583178581351487,0.0015933841020532432,9.036189328386508,23.24084295887767
2012,20045,Wheat,6205999.161682249,620.5999161682249,0.6366702187335144,all_cult,Wheat,NA,NA,89,55233.39253897202,3549.000961303717,558.8193473570282,0.583178581351487,0.0015933841020532432,9.036189328386508,23.24084295887767
2012,20061,Corn,31964743.8264358,3196.47438264358,4.0752043756775205,all_cult,Corn,0.2788051240384963,13,250,799118.595660895,2392.9975799560575,446.6323569393717,0.606628815687407,0.001657455780566686,8.313008025956307,23.000244874381
2012,20061,Developed,60610409.79635165,6061.040979635165,7.727257523316162,developed,NA,NA,NA,NA,NA,NA,NA,0.606628815687407,0.001657455780566686,8.313008025956307,23.000244874381
2012,20061,Double Crop,7021214.155584586,702.1214155584586,0.8951388068295276,all_cult,NA,NA,NA,NA,NA,NA,NA,0.606628815687407,0.001657455780566686,8.313008025956307,23.000244874381
2012,20061,Grass/Pasture/Shrubland,485577712.93740684,48557.77129374068,61.90659406622408,grassPastureHay,NA,NA,NA,NA,NA,NA,NA,0.606628815687407,0.001657455780566686,8.313008025956307,23.000244874381
2012,20061,Other Crops,7434452.334673601,743.4452334673601,0.9478227903072184,all_cult,NA,NA,NA,NA,NA,NA,NA,0.606628815687407,0.001657455780566686,8.313008025956307,23.000244874381
2012,20061,Sorghum,4956822.849580131,495.6822849580131,0.6319483201789718,all_cult,Sorghum,NA,NA,112,55516.41591529747,2671.7218635431677,446.6323569393717,0.606628815687407,0.001657455780566686,8.313008025956307,23.000244874381
2012,20061,Soybeans,40676887.183407985,4067.6887183407985,5.185920761287976,all_cult,Soybeans,0.24268554164141903,6,56,227790.5682270847,2392.9975799560575,446.6323569393717,0.606628815687407,0.001657455780566686,8.313008025956307,23.000244874381
2012,20061,Wheat,17947097.83924611,1794.7097839246107,2.2880862753769646,all_cult,Wheat,NA,NA,89,159729.17076929036,3396.330233764654,550.2202755229614,0.606628815687407,0.001657455780566686,8.313008025956307,23.000244874381
2012,20085,Corn,123079286.74444368,12307.928674444369,7.23395104024024,all_cult,Corn,NA,NA,250,3076982.168611092,2412.2460784912137,396.48071278224234,0.5815006756533985,0.0015887996602551872,8.283174091610123,23.09221068001838
2012,20085,Developed,72367475.25046737,7236.747525046738,4.2533783442753945,developed,NA,NA,NA,NA,NA,NA,NA,0.5815006756533985,0.0015887996602551872,8.283174091610123,23.09221068001838
2012,20085,Double Crop,2359735.469514101,235.9735469514101,0.13869279962457975,all_cult,NA,NA,NA,NA,NA,NA,NA,0.5815006756533985,0.0015887996602551872,8.283174091610123,23.09221068001838
2012,20085,Grass/Pasture/Shrubland,1095799925.4786816,109579.99254786815,64.40533757130783,grassPastureHay,NA,NA,NA,NA,NA,NA,NA,0.5815006756533985,0.0015887996602551872,8.283174091610123,23.09221068001838
2012,20085,Other Crops,2319930.298618172,231.9930298618172,0.1363532617134816,all_cult,NA,NA,NA,NA,NA,NA,NA,0.5815006756533985,0.0015887996602551872,8.283174091610123,23.09221068001838
2012,20085,Sorghum,543763.8804373934,54.37638804373935,0.03195957169221026,all_cult,Sorghum,NA,NA,112,6090.155460898807,2709.190763779691,396.48071278224234,0.5815006756533985,0.0015887996602551872,8.283174091610123,23.09221068001838
2012,20085,Soybeans,156521202.47835946,15652.120247835945,9.199490388979662,all_cult,Soybeans,NA,NA,56,876518.7338788129,2412.2460784912137,396.48071278224234,0.5815006756533985,0.0015887996602551872,8.283174091610123,23.09221068001838
2012,20085,Wheat,10168962.946580663,1016.8962946580664,0.5976779849100202,all_cult,Wheat,NA,NA,89,90503.77022456791,3430.1565032959043,526.651967458427,0.5815006756533985,0.0015887996602551872,8.283174091610123,23.09221068001838
2012,20087,Corn,141049719.300694,14104.9719300694,9.811922347258498,all_cult,Corn,0.2566728690542226,26,250,3526242.98251735,2436.145504760745,366.177722549648,0.5851277258342016,0.0015987096334267802,8.760193938375194,23.10948437966938
2012,20087,Developed,82738573.01929149,8273.857301929149,5.7555907066897,developed,NA,NA,NA,NA,NA,NA,NA,0.5851277258342016,0.0015987096334267802,8.760193938375194,23.10948437966938
2012,20087,Double Crop,3523284.641174663,352.3284641174663,0.24509226588956584,all_cult,NA,NA,NA,NA,NA,NA,NA,0.5851277258342016,0.0015987096334267802,8.760193938375194,23.10948437966938
2012,20087,Grass/Pasture/Shrubland,661608454.8720326,66160.84548720326,46.02384758848734,grassPastureHay,NA,NA,NA,NA,NA,NA,NA,0.5851277258342016,0.0015987096334267802,8.760193938375194,23.10948437966938
2012,20087,Other Crops,821740.2611346816,82.17402611346816,0.05716318807186556,all_cult,NA,NA,NA,NA,NA,NA,NA,0.5851277258342016,0.0015987096334267802,8.760193938375194,23.10948437966938
2012,20087,Sorghum,513071.4198928715,51.30714198928715,0.03569108081565495,all_cult,Sorghum,NA,NA,112,5746.399902800161,2734.642586729691,366.177722549648,0.5851277258342016,0.0015987096334267802,8.760193938375194,23.10948437966938
2012,20087,Soybeans,158630940.33358112,15863.094033358111,11.03493488780049,all_cult,Soybeans,0.2031722732966197,8,56,888333.2658680542,2436.145504760745,366.177722549648,0.5851277258342016,0.0015987096334267802,8.760193938375194,23.10948437966938
2012,20087,Wheat,4372158.777697318,437.21587776973183,0.30414298326391387,all_cult,Wheat,NA,NA,89,38912.21312150613,3500.0345428466853,540.7803538506269,0.5851277258342016,0.0015987096334267802,8.760193938375194,23.10948437966938
2012,20091,Corn,21407000.50391829,2140.700050391829,3.545195221555916,all_cult,Corn,NA,NA,250,535175.0125979573,2451.622244262698,416.3551766290626,0.6715811381950135,0.0018349211426093267,9.251926426288232,23.113337682505147
2012,20091,Developed,274712726.37370104,27471.272637370104,45.49494193090622,developed,NA,NA,NA,NA,NA,NA,NA,0.6715811381950135,0.0018349211426093267,9.251926426288232,23.113337682505147
2012,20091,Double Crop,1354310.9152176478,135.43109152176478,0.2242862835571852,all_cult,NA,NA,NA,NA,NA,NA,NA,0.6715811381950135,0.0018349211426093267,9.251926426288232,23.113337682505147
2012,20091,Grass/Pasture/Shrubland,167064680.90716314,16706.468090716313,27.66744029993504,grassPastureHay,NA,NA,NA,NA,NA,NA,NA,0.6715811381950135,0.0018349211426093267,9.251926426288232,23.113337682505147
2012,20091,Other Crops,102252.46210295928,10.225246210295929,0.01693394364023052,all_cult,NA,NA,NA,NA,NA,NA,NA,0.6715811381950135,0.0018349211426093267,9.251926426288232,23.113337682505147
2012,20091,Sorghum,43511.68600125927,4.351168600125927,0.00720593346392788,all_cult,Sorghum,NA,NA,112,487.33088321410384,2744.3207083277384,416.3551766290626,0.6715811381950135,0.0018349211426093267,9.251926426288232,23.113337682505147
2012,20091,Soybeans,34086311.63690786,3408.6311636907863,5.64500519881395,all_cult,Soybeans,NA,NA,56,190883.34516668404,2451.622244262698,416.3551766290626,0.6715811381950135,0.0018349211426093267,9.251926426288232,23.113337682505147
2012,20091,Wheat,1711258.101296411,171.12581012964108,0.28340000470661186,all_cult,Wheat,NA,NA,89,15230.197101538057,3574.1211853027403,598.4530361450538,0.6715811381950135,0.0018349211426093267,9.251926426288232,23.113337682505147
2012,20103,Corn,52753943.93225459,5275.394393225459,5.838749777004645,all_cult,Corn,NA,NA,250,1318848.5983063646,2447.1652465820343,370.53095191018656,0.6119816347849555,0.001672080969357802,8.98094033830155,23.178631958674888
2012,20103,Developed,65283920.40282512,6528.3920402825115,7.22555409664692,developed,NA,NA,NA,NA,NA,NA,NA,0.6119816347849555,0.001672080969357802,8.98094033830155,23.178631958674888
2012,20103,Double Crop,2537729.425595141,253.77294255951412,0.28087316347038666,all_cult,NA,NA,NA,NA,NA,NA,NA,0.6119816347849555,0.001672080969357802,8.98094033830155,23.178631958674888
2012,20103,Grass/Pasture/Shrubland,454952886.9512118,45495.288695121184,50.353696221181856,grassPastureHay,NA,NA,NA,NA,NA,NA,NA,0.6119816347849555,0.001672080969357802,8.98094033830155,23.178631958674888
2012,20103,Other Crops,351229.40316811827,35.12294031681183,0.03887369259175843,all_cult,NA,NA,NA,NA,NA,NA,NA,0.6119816347849555,0.001672080969357802,8.98094033830155,23.178631958674888
2012,20103,Sorghum,88617.88018395599,8.861788018395599,0.0098081316693052,all_cult,Sorghum,NA,NA,112,992.520258060307,2747.343539228324,370.53095191018656,0.6119816347849555,0.001672080969357802,8.98094033830155,23.178631958674888
2012,20103,Soybeans,88928748.21598873,8892.874821598873,9.842538208748776,all_cult,Soybeans,0.1970804183036175,6,56,498000.99000953685,2447.1652465820343,370.53095191018656,0.6119816347849555,0.001672080969357802,8.98094033830155,23.178631958674888
2012,20103,Wheat,2641474.544091219,264.1474544091219,0.29235556160657483,all_cult,Wheat,NA,NA,89,23509.12344241185,3541.3722686767637,556.9693002696149,0.6119816347849555,0.001672080969357802,8.98094033830155,23.178631958674888
2012,20117,Corn,1391060.5252192186,139.10605252192187,6.799109919308753,all_cult,Corn,0.30096238232408073,14,250,34776.51313048047,2345.5699462890652,452.7955736331643,0.6015701180547477,0.0016436342023353763,7.684404533678088,22.643031452783493
2012,20117,Developed,672481.2926471715,67.24812926471715,3.2868981216086244,developed,NA,NA,NA,NA,NA,NA,NA,0.6015701180547477,0.0016436342023353763,7.684404533678088,22.643031452783493
2012,20117,Double Crop,131985.76028383107,13.198576028383108,0.6451090198335426,all_cult,NA,NA,NA,NA,NA,NA,NA,0.6015701180547477,0.0016436342023353763,7.684404533678088,22.643031452783493
2012,20117,Grass/Pasture/Shrubland,13224587.497238217,1322.4587497238217,64.63803867705111,grassPastureHay,NA,NA,NA,NA,NA,NA,NA,0.6015701180547477,0.0016436342023353763,7.684404533678088,22.643031452783493
2012,20117,Other Crops,50117.8764622781,5.01178764622781,0.24496198749918915,all_cult,NA,NA,NA,NA,NA,NA,NA,0.6015701180547477,0.0016436342023353763,7.684404533678088,22.643031452783493
2012,20117,Sorghum,0,0,0,all_cult,Sorghum,NA,NA,112,0,2621.2440983003944,452.7955736331643,0.6015701180547477,0.0016436342023353763,7.684404533678088,22.643031452783493
2012,20117,Soybeans,2843317.2925511445,284.33172925511445,13.897329740185132,all_cult,Soybeans,NA,NA,56,15922.57683828641,2345.5699462890652,452.7955736331643,0.6015701180547477,0.0016436342023353763,7.684404533678088,22.643031452783493
2012,20117,Wheat,443949.5274870102,44.394952748701016,2.1698995703538366,all_cult,Wheat,NA,NA,89,3951.1507946343904,3287.4057342529354,528.2646556571126,0.6015701180547477,0.0016436342023353763,7.684404533678088,22.643031452783493
2012,20127,Corn,9571366.767777462,957.1366767777462,3.5558467978312165,all_cult,Corn,NA,NA,250,239284.16919443654,2409.6470123291047,422.7629711670743,0.5967501043633965,0.0016304647660202092,8.5004105531453,22.942933112806333
2012,20127,Developed,11898284.631988281,1189.828463198828,4.420317216426575,developed,NA,NA,NA,NA,NA,NA,NA,0.5967501043633965,0.0016304647660202092,8.5004105531453,22.942933112806333
2012,20127,Double Crop,7229316.173757589,722.931617375759,2.685754437235357,all_cult,NA,NA,NA,NA,NA,NA,NA,0.5967501043633965,0.0016304647660202092,8.5004105531453,22.942933112806333
2012,20127,Grass/Pasture/Shrubland,165048864.14443728,16504.88641444373,61.31710227942257,grassPastureHay,NA,NA,NA,NA,NA,NA,NA,0.5967501043633965,0.0016304647660202092,8.5004105531453,22.942933112806333
2012,20127,Other Crops,4398734.847876858,439.87348478768575,1.6341686200959895,all_cult,NA,NA,NA,NA,NA,NA,NA,0.5967501043633965,0.0016304647660202092,8.5004105531453,22.942933112806333
2012,20127,Sorghum,4712649.964048261,471.2649964048261,1.750790842158022,all_cult,Sorghum,NA,NA,112,52781.679597340524,2687.216379884574,422.7629711670743,0.5967501043633965,0.0016304647660202092,8.5004105531453,22.942933112806333
2012,20127,Soybeans,27435530.301284768,2743.5530301284766,10.19254041095304,all_cult,Soybeans,NA,NA,56,153638.96968719468,2409.6470123291047,422.7629711670743,0.5967501043633965,0.0016304647660202092,8.5004105531453,22.942933112806333
2012,20127,Wheat,24667687.926653102,2466.7687926653102,9.164262665096588,all_cult,Wheat,NA,NA,89,219542.4225472126,3399.827331542974,549.8144263424911,0.5967501043633965,0.0016304647660202092,8.5004105531453,22.942933112806333
2012,20131,Corn,129439400.83624065,12943.940083624066,17.056418185912612,all_cult,Corn,NA,NA,250,3235985.020906016,2349.60932312012,439.8215343276388,0.6051099683534703,0.0016533059244630338,7.74243737726266,22.60344189920063
2012,20131,Developed,34909138.56700878,3490.913856700878,4.600027982686426,developed,NA,NA,NA,NA,NA,NA,NA,0.6051099683534703,0.0016533059244630338,7.74243737726266,22.60344189920063
2012,20131,Double Crop,2157976.7203948707,215.79767203948708,0.2843597323591268,all_cult,NA,NA,NA,NA,NA,NA,NA,0.6051099683534703,0.0016533059244630338,7.74243737726266,22.60344189920063
2012,20131,Grass/Pasture/Shrubland,366628874.44237965,36662.88744423797,48.31122023989503,grassPastureHay,NA,NA,NA,NA,NA,NA,NA,0.6051099683534703,0.0016533059244630338,7.74243737726266,22.60344189920063
2012,20131,Other Crops,2735920.414763798,273.5920414763798,0.3605162138893451,all_cult,NA,NA,NA,NA,NA,NA,NA,0.6051099683534703,0.0016533059244630338,7.74243737726266,22.60344189920063
2012,20131,Sorghum,93225.31482166676,9.322531482166676,0.01228443537932778,all_cult,Sorghum,NA,NA,112,1044.1235260026676,2629.81759108223,439.8215343276388,0.6051099683534703,0.0016533059244630338,7.74243737726266,22.60344189920063
2012,20131,Soybeans,123257833.90957087,12325.783390957087,16.24186411764342,all_cult,Soybeans,NA,NA,56,690243.8698935969,2349.60932312012,439.8215343276388,0.6051099683534703,0.0016533059244630338,7.74243737726266,22.60344189920063
2012,20131,Wheat,7812314.066190964,781.2314066190963,1.0294399916237318,all_cult,Wheat,NA,NA,89,69529.59518909958,3302.5861022949275,505.4430524730851,0.6051099683534703,0.0016533059244630338,7.74243737726266,22.60344189920063
2012,20139,Corn,19964054.990288004,1996.4054990288005,9.077356236155673,all_cult,Corn,NA,NA,250,499101.37475720013,2433.5102966308623,364.67323133003447,0.5785306058111419,0.0015806847153309886,8.773721230095225,23.077732507257537
2012,20139,Developed,11387666.58144422,1138.766658144422,5.177801118491258,developed,NA,NA,NA,NA,NA,NA,NA,0.5785306058111419,0.0015806847153309886,8.773721230095225,23.077732507257537
2012,20139,Double Crop,1512806.617860665,151.2806617860665,0.6878504689260512,all_cult,NA,NA,NA,NA,NA,NA,NA,0.5785306058111419,0.0015806847153309886,8.773721230095225,23.077732507257537
2012,20139,Grass/Pasture/Shrubland,122447134.4605417,12244.71344605417,55.67487467528537,grassPastureHay,NA,NA,NA,NA,NA,NA,NA,0.5785306058111419,0.0015806847153309886,8.773721230095225,23.077732507257537
2012,20139,Other Crops,199169.75852511392,19.916975852511392,0.09055950058648282,all_cult,NA,NA,NA,NA,NA,NA,NA,0.5785306058111419,0.0015806847153309886,8.773721230095225,23.077732507257537
2012,20139,Sorghum,1641.7027709391405,0.16417027709391405,7.46457615597034e-4,all_cult,Sorghum,NA,NA,112,18.387071034518375,2720.55009910684,364.67323133003447,0.5785306058111419,0.0015806847153309886,8.773721230095225,23.077732507257537
2012,20139,Soybeans,25430718.89685993,2543.071889685993,11.562966285187697,all_cult,Soybeans,NA,NA,56,142412.0258224156,2433.5102966308623,364.67323133003447,0.5785306058111419,0.0015806847153309886,8.773721230095225,23.077732507257537
2012,20139,Wheat,1921278.5124354104,192.12785124354104,0.8735765101193937,all_cult,Wheat,NA,NA,89,17099.378760675154,3481.6339599609432,556.1800772149909,0.5785306058111419,0.0015806847153309886,8.773721230095225,23.077732507257537
2012,20149,Corn,129416906.1193384,12941.69061193384,7.551792493710703,all_cult,Corn,0.2134849876856868,67,250,3235422.65298346,2396.0856170654324,438.4262073493155,0.5962055618210288,0.001628976944866199,8.111797628767526,23.081069846231454
2012,20149,Developed,87340702.64908314,8734.070264908314,5.096543275826354,developed,NA,NA,NA,NA,NA,NA,NA,0.5962055618210288,0.001628976944866199,8.111797628767526,23.081069846231454
2012,20149,Double Crop,3770648.0977413384,377.06480977413383,0.22002652400521744,all_cult,NA,NA,NA,NA,NA,NA,NA,0.5962055618210288,0.001628976944866199,8.111797628767526,23.081069846231454
2012,20149,Grass/Pasture/Shrubland,1069694106.062739,106969.4106062739,62.41926316243536,grassPastureHay,NA,NA,NA,NA,NA,NA,NA,0.5962055618210288,0.001628976944866199,8.111797628767526,23.081069846231454
2012,20149,Other Crops,9123104.890813734,912.3104890813734,0.5323554479833733,all_cult,NA,NA,NA,NA,NA,NA,NA,0.5962055618210288,0.001628976944866199,8.111797628767526,23.081069846231454
2012,20149,Sorghum,1611002.8756032868,161.10028756032867,0.09400595168075444,all_cult,Sorghum,NA,NA,112,18043.23220675681,2684.8342818460974,438.4262073493155,0.5962055618210288,0.001628976944866199,8.111797628767526,23.081069846231454
2012,20149,Soybeans,167129731.42141852,16712.97314214185,9.752427940599317,all_cult,Soybeans,0.21746088241264008,50,56,935926.4959599436,2396.0856170654324,438.4262073493155,0.5962055618210288,0.001628976944866199,8.111797628767526,23.081069846231454
2012,20149,Wheat,10614297.63286493,1061.429763286493,0.6193701858083829,all_cult,Wheat,NA,NA,89,94467.24893249788,3390.5932861328183,544.6600240236148,0.5962055618210288,0.001628976944866199,8.111797628767526,23.081069846231454
2012,20161,Corn,23219613.462293226,2321.9613462293228,2.903644106231936,all_cult,Corn,0.22281791824102568,12,250,580490.3365573307,2389.9552001953152,454.5435906036,0.6037890920961582,0.001649696972940323,8.161259118585662,23.087409414489436
2012,20161,Developed,91806046.30409509,9180.604630409509,11.480470409218196,developed,NA,NA,NA,NA,NA,NA,NA,0.6037890920961582,0.001649696972940323,8.161259118585662,23.087409414489436
2012,20161,Double Crop,6039502.963497451,603.950296349745,0.7552480239607626,all_cult,NA,NA,NA,NA,NA,NA,NA,0.6037890920961582,0.001649696972940323,8.161259118585662,23.087409414489436
2012,20161,Grass/Pasture/Shrubland,399219539.84603214,39921.95398460321,49.92294405972734,grassPastureHay,NA,NA,NA,NA,NA,NA,NA,0.6037890920961582,0.001649696972940323,8.161259118585662,23.087409414489436
2012,20161,Other Crops,3601540.065287252,360.1540065287252,0.4503774621791956,all_cult,NA,NA,NA,NA,NA,NA,NA,0.6037890920961582,0.001649696972940323,8.161259118585662,23.087409414489436
2012,20161,Sorghum,5709401.69144464,570.940169144464,0.7139684128848793,all_cult,Sorghum,NA,NA,112,63945.298944179965,2674.4880938418005,454.5435906036,0.6037890920961582,0.001649696972940323,8.161259118585662,23.087409414489436
2012,20161,Soybeans,63659348.82809989,6365.934882809989,7.960687775076315,all_cult,Soybeans,0.18885102703068415,12,56,356492.3534373594,2389.9552001953152,454.5435906036,0.6037890920961582,0.001649696972940323,8.161259118585662,23.087409414489436
2012,20161,Wheat,18721334.37756403,1872.133437756403,2.341128215354985,all_cult,Wheat,NA,NA,89,166619.87596031989,3390.312936401373,549.0915794505636,0.6037890920961582,0.001649696972940323,8.161259118585662,23.087409414489436
2012,20177,Corn,135725286.272519,13572.5286272519,9.314062500113264,all_cult,Corn,0.23693713450569662,89,250,3393132.156812975,2440.886117553714,372.50348422292154,0.5832770698117674,0.0015936531962070148,8.75020059887831,23.102732407199902
2012,20177,Developed,253976918.31766632,25397.69183176663,17.429006456815788,developed,NA,NA,NA,NA,NA,NA,NA,0.5832770698117674,0.0015936531962070148,8.75020059887831,23.102732407199902
2012,20177,Double Crop,5777524.801609774,577.7524801609774,0.396479009741043,all_cult,NA,NA,NA,NA,NA,NA,NA,0.5832770698117674,0.0015936531962070148,8.75020059887831,23.102732407199902
2012,20177,Grass/Pasture/Shrubland,696176055.8378319,69617.60558378318,47.77464445450797,grassPastureHay,NA,NA,NA,NA,NA,NA,NA,0.5832770698117674,0.0015936531962070148,8.75020059887831,23.102732407199902
2012,20177,Other Crops,1257109.0189386094,125.71090189386094,0.08626831663733256,all_cult,NA,NA,NA,NA,NA,NA,NA,0.5832770698117674,0.0015936531962070148,8.75020059887831,23.102732407199902
2012,20177,Sorghum,525134.2519648517,52.51342519648518,0.03603700812190652,all_cult,Sorghum,NA,NA,112,5881.50362200634,2730.826422519144,372.50348422292154,0.5832770698117674,0.0015936531962070148,8.75020059887831,23.102732407199902
2012,20177,Soybeans,123529031.8845354,12352.90318845354,8.47710220511803,all_cult,Soybeans,0.20637822948263834,45,56,691762.5785533983,2440.886117553714,372.50348422292154,0.5832770698117674,0.0015936531962070148,8.75020059887831,23.102732407199902
2012,20177,Wheat,8650135.860054823,865.0135860054822,0.5936101388893118,all_cult,Wheat,NA,NA,89,76986.20915448792,3483.222018432623,553.215634668828,0.5832770698117674,0.0015936531962070148,8.75020059887831,23.102732407199902
2012,20197,Corn,65299865.64724827,6529.986564724827,4.2483958288864825,all_cult,Corn,0.2769964517574542,36,250,1632496.6411812068,2409.560726928714,401.9275945199188,0.5873504971256479,0.001604782779031825,8.388242694458699,23.038993443556844
2012,20197,Developed,52918921.11365048,5291.892111365048,3.4428941239005355,developed,NA,NA,NA,NA,NA,NA,NA,0.5873504971256479,0.001604782779031825,8.388242694458699,23.038993443556844
2012,20197,Double Crop,2654092.5627784203,265.409256277842,0.17267471627120612,all_cult,NA,NA,NA,NA,NA,NA,NA,0.5873504971256479,0.001604782779031825,8.388242694458699,23.038993443556844
2012,20197,Grass/Pasture/Shrubland,1199510378.7306888,119951.03787306888,78.03989853875369,grassPastureHay,NA,NA,NA,NA,NA,NA,NA,0.5873504971256479,0.001604782779031825,8.388242694458699,23.038993443556844
2012,20197,Other Crops,4203427.673777403,420.3427673777403,0.2734741399434174,all_cult,NA,NA,NA,NA,NA,NA,NA,0.5873504971256479,0.001604782779031825,8.388242694458699,23.038993443556844
2012,20197,Sorghum,726347.6388200754,72.63476388200755,0.0472560279948262,all_cult,Sorghum,NA,NA,112,8135.093554784846,2694.0969181246132,401.9275945199188,0.5873504971256479,0.001604782779031825,8.388242694458699,23.038993443556844
2012,20197,Soybeans,84844166.13040341,8484.416613040341,5.519943998674169,all_cult,Soybeans,0.1957868113091907,15,56,475127.3303302591,2409.560726928714,401.9275945199188,0.5873504971256479,0.001604782779031825,8.388242694458699,23.038993443556844
2012,20197,Wheat,7783361.199811356,778.3361199811357,0.5063838788677337,all_cult,Wheat,NA,NA,89,69271.91467832107,3414.875711059576,560.151470707613,0.5873504971256479,0.001604782779031825,8.388242694458699,23.038993443556844
2012,20209,Corn,2239981.7846951117,223.99817846951117,0.8730589208119692,all_cult,Corn,NA,NA,250,55999.5446173778,2461.6263305664093,394.0124437743507,0.6466181233013972,0.0017667161838835989,9.29853452255168,23.01874769867446
2012,20209,Developed,144796377.09433645,14479.637709433644,56.43606996593099,developed,NA,NA,NA,NA,NA,NA,NA,0.6466181233013972,0.0017667161838835989,9.29853452255168,23.01874769867446
2012,20209,Double Crop,154917.56983986456,15.491756983986456,0.06038092240898041,all_cult,NA,NA,NA,NA,NA,NA,NA,0.6466181233013972,0.0017667161838835989,9.29853452255168,23.01874769867446
2012,20209,Grass/Pasture/Shrubland,48697388.69025169,4869.738869025169,18.98037292390707,grassPastureHay,NA,NA,NA,NA,NA,NA,NA,0.6466181233013972,0.0017667161838835989,9.29853452255168,23.01874769867446
2012,20209,Other Crops,4869.777864292888,0.4869777864292888,0.00189805249124927,all_cult,NA,NA,NA,NA,NA,NA,NA,0.6466181233013972,0.0017667161838835989,9.29853452255168,23.01874769867446
2012,20209,Sorghum,3246.5185761952594,0.3246518576195259,0.00126536832749952,all_cult,Sorghum,NA,NA,112,36.361008053386904,2755.470984386722,394.0124437743507,0.6466181233013972,0.0017667161838835989,9.29853452255168,23.01874769867446
2012,20209,Soybeans,6967568.051834348,696.7568051834347,2.7156905853350195,all_cult,Soybeans,NA,NA,56,39018.38109027234,2461.6263305664093,394.0124437743507,0.6466181233013972,0.0017667161838835989,9.29853452255168,23.01874769867446
2012,20209,Wheat,264801.1630595476,26.480116305954763,0.10320932930353728,all_cult,Wheat,NA,NA,89,2356.730351229974,3564.802749633795,568.1500282668858,0.6466181233013972,0.0017667161838835989,9.29853452255168,23.01874769867446
2013,20005,Corn,190404305.58323875,19040.430558323875,25.43971760148987,all_cult,Corn,0.09051118309375876,6,250,4760107.639580969,2214.9293518066434,716.0757915957947,0.8653462088779197,0.0023708115311723826,6.1248188175567435,19.550107438596985
2013,20005,Developed,35198132.484457895,3519.813248445789,4.702785201004722,developed,NA,NA,NA,NA,NA,NA,NA,0.8653462088779197,0.0023708115311723826,6.1248188175567435,19.550107438596985
2013,20005,Double Crop,781323.5898890075,78.13235898890075,0.10439181730304511,all_cult,NA,NA,NA,NA,NA,NA,NA,0.8653462088779197,0.0023708115311723826,6.1248188175567435,19.550107438596985
2013,20005,Grass/Pasture/Shrubland,77166320.63166219,7716.632063166218,10.310110368577284,grassPastureHay,NA,NA,NA,NA,NA,NA,NA,0.8653462088779197,0.0023708115311723826,6.1248188175567435,19.550107438596985
2013,20005,Other Crops,142106867.80129823,14210.686780129823,18.986748093870432,all_cult,NA,NA,NA,NA,NA,NA,NA,0.8653462088779197,0.0023708115311723826,6.1248188175567435,19.550107438596985
2013,20005,Sorghum,778727.9715338481,77.87279715338481,0.10404501948377191,all_cult,Sorghum,NA,NA,112,8721.753281179099,2456.871251690824,716.0757915957947,0.8653462088779197,0.0023708115311723826,6.1248188175567435,19.550107438596985
2013,20005,Soybeans,188965232.23161924,18896.523223161923,25.24744453518032,all_cult,Soybeans,NA,NA,56,1058205.3004970676,2214.9293518066434,716.0757915957947,0.8653462088779197,0.0023708115311723826,6.1248188175567435,19.550107438596985
2013,20005,Wheat,10749086.67105427,1074.908667105427,1.436174085181147,all_cult,Wheat,NA,NA,89,95666.871372383,2696.2209594726614,541.5976688418887,0.8653462088779197,0.0023708115311723826,6.1248188175567435,19.550107438596985
2013,20013,Corn,118161704.63791305,11816.170463791304,26.454674511465814,all_cult,Corn,0.10997161956814008,17,250,2954042.6159478263,2187.371273803714,747.384332574904,0.8658847539229318,0.0023722869970491285,5.668557363013721,19.521386384310812
2013,20013,Developed,23122157.29221487,2312.215729221487,5.176712260904498,developed,NA,NA,NA,NA,NA,NA,NA,0.8658847539229318,0.0023722869970491285,5.668557363013721,19.521386384310812
2013,20013,Double Crop,657882.2168709369,65.7882216870937,0.1472901898930289,all_cult,NA,NA,NA,NA,NA,NA,NA,0.8658847539229318,0.0023722869970491285,5.668557363013721,19.521386384310812
2013,20013,Grass/Pasture/Shrubland,75909960.56832568,7590.996056832569,16.995128033798895,grassPastureHay,NA,NA,NA,NA,NA,NA,NA,0.8658847539229318,0.0023722869970491285,5.668557363013721,19.521386384310812
2013,20013,Other Crops,51492550.922618285,5149.255092261828,11.528427747358917,all_cult,NA,NA,NA,NA,NA,NA,NA,0.8658847539229318,0.0023722869970491285,5.668557363013721,19.521386384310812
2013,20013,Sorghum,347251.9619499695,34.725196194996954,0.07774462678077193,all_cult,Sorghum,NA,NA,112,3889.221973839659,2428.1598323632847,747.384332574904,0.8658847539229318,0.0023722869970491285,5.668557363013721,19.521386384310812
2013,20013,Soybeans,126938083.49260336,12693.808349260336,28.41957715654536,all_cult,Soybeans,0.11119858072921385,9,56,710853.2675585789,2187.371273803714,747.384332574904,0.8658847539229318,0.0023722869970491285,5.668557363013721,19.521386384310812
2013,20013,Wheat,5488435.915033799,548.8435915033799,1.228780391702909,all_cult,Wheat,NA,NA,89,48847.07964380081,2638.008190917974,573.3410432398086,0.8658847539229318,0.0023722869970491285,5.668557363013721,19.521386384310812
2013,20045,Corn,76858289.96903631,7685.8289969036305,7.884851900754357,all_cult,Corn,0.17590518338294878,15,250,1921457.2492259077,2241.1685913085967,697.8829610090106,0.8807400591066907,0.0024129864633060023,6.6514875856164615,19.629091027664835
2013,20045,Developed,129301654.32030836,12930.165432030835,13.264989310182406,developed,NA,NA,NA,NA,NA,NA,NA,0.8807400591066907,0.0024129864633060023,6.6514875856164615,19.629091027664835
2013,20045,Double Crop,5187436.6343795825,518.7436634379583,0.53217642004667,all_cult,NA,NA,NA,NA,NA,NA,NA,0.8807400591066907,0.0024129864633060023,6.6514875856164615,19.629091027664835
2013,20045,Grass/Pasture/Shrubland,227991374.31129315,22799.137431129315,23.389516235896263,grassPastureHay,NA,NA,NA,NA,NA,NA,NA,0.8807400591066907,0.0024129864633060023,6.6514875856164615,19.629091027664835
2013,20045,Other Crops,158957895.10010418,15895.78951001042,16.307407591619665,all_cult,NA,NA,NA,NA,NA,NA,NA,0.8807400591066907,0.0024129864633060023,6.6514875856164615,19.629091027664835
2013,20045,Sorghum,238878.97743861328,23.887897743861327,0.024506469764887,all_cult,Sorghum,NA,NA,112,2675.444547312469,2464.6090100396523,697.8829610090106,0.8807400591066907,0.0024129864633060023,6.6514875856164615,19.629091027664835
2013,20045,Soybeans,94944340.44651152,9494.434044651152,9.740290390758634,all_cult,Soybeans,0.15205669794091686,6,56,531688.3065004646,2241.1685913085967,697.8829610090106,0.8807400591066907,0.0024129864633060023,6.6514875856164615,19.629091027664835
2013,20045,Wheat,20027934.652294975,2002.7934652294975,2.0546553751710035,all_cult,Wheat,NA,NA,89,178248.61840542528,2765.2277587890676,566.2850927482723,0.8807400591066907,0.0024129864633060023,6.6514875856164615,19.629091027664835
2013,20061,Corn,33616437.84999789,3361.643784999789,4.285779838088513,all_cult,Corn,0.14887940439014244,14,250,840410.9462499473,2214.759442138675,737.5041355374851,0.8612485331686621,0.002359585022379896,6.110185597040905,19.695747939854474
2013,20061,Developed,60059103.684638076,6005.910368463808,7.656971176239767,developed,NA,NA,NA,NA,NA,NA,NA,0.8612485331686621,0.002359585022379896,6.110185597040905,19.695747939854474
2013,20061,Double Crop,4212736.707232076,421.27367072320754,0.5370843312903765,all_cult,NA,NA,NA,NA,NA,NA,NA,0.8612485331686621,0.002359585022379896,6.110185597040905,19.695747939854474
2013,20061,Grass/Pasture/Shrubland,475500559.34132224,47550.05593413222,60.62185170594979,grassPastureHay,NA,NA,NA,NA,NA,NA,NA,0.8612485331686621,0.002359585022379896,6.110185597040905,19.695747939854474
2013,20061,Other Crops,36638040.38657877,3663.804038657877,4.6710057590436165,all_cult,NA,NA,NA,NA,NA,NA,NA,0.8612485331686621,0.002359585022379896,6.110185597040905,19.695747939854474
2013,20061,Sorghum,5607313.317700658,560.7313317700658,0.7148797403841585,all_cult,Sorghum,NA,NA,112,62801.90915824737,2437.9532530236365,737.5041355374851,0.8612485331686621,0.002359585022379896,6.110185597040905,19.695747939854474
2013,20061,Soybeans,34242309.8772243,3424.2309877224297,4.365572638488115,all_cult,Soybeans,0.156735628246837,8,56,191756.93531245607,2214.759442138675,737.5041355374851,0.8612485331686621,0.002359585022379896,6.110185597040905,19.695747939854474
2013,20061,Wheat,21559201.949378353,2155.9201949378353,2.7485955963632867,all_cult,Wheat,NA,NA,89,191876.89734946733,2723.9110992431692,461.9636187008,0.8612485331686621,0.002359585022379896,6.110185597040905,19.695747939854474
2013,20085,Corn,146041701.18814144,14604.170118814143,8.583560598803219,all_cult,Corn,NA,NA,250,3651042.5297035356,2205.2574340820343,707.9527824756224,0.8327433280758559,0.0022814885700708385,5.927937964870528,19.64229410249895
2013,20085,Developed,71640852.6909101,7164.08526909101,4.210671304288353,developed,NA,NA,NA,NA,NA,NA,NA,0.8327433280758559,0.0022814885700708385,5.927937964870528,19.64229410249895
2013,20085,Double Crop,1249990.250500214,124.9990250500214,0.07346783128237776,all_cult,NA,NA,NA,NA,NA,NA,NA,0.8327433280758559,0.0022814885700708385,5.927937964870528,19.64229410249895
2013,20085,Grass/Pasture/Shrubland,657894550.0702686,65789.45500702686,38.66757023650085,grassPastureHay,NA,NA,NA,NA,NA,NA,NA,0.8327433280758559,0.0022814885700708385,5.927937964870528,19.64229410249895
2013,20085,Other Crops,363873268.4809931,36387.32684809931,21.38655072408052,all_cult,NA,NA,NA,NA,NA,NA,NA,0.8327433280758559,0.0022814885700708385,5.927937964870528,19.64229410249895
2013,20085,Sorghum,4785184.817285166,478.51848172851663,0.2812479142702258,all_cult,Sorghum,NA,NA,112,53594.06995359386,2443.871608746488,707.9527824756224,0.8327433280758559,0.0022814885700708385,5.927937964870528,19.64229410249895
2013,20085,Soybeans,168143071.05197084,16814.307105197084,9.882562500310424,all_cult,Soybeans,NA,NA,56,941601.1978910367,2205.2574340820343,707.9527824756224,0.8327433280758559,0.0022814885700708385,5.927937964870528,19.64229410249895
2013,20085,Wheat,30310947.668392923,3031.0947668392923,1.7815175665724854,all_cult,Wheat,NA,NA,89,269767.434248697,2687.000195312505,505.76260003302014,0.8327433280758559,0.0022814885700708385,5.927937964870528,19.64229410249895
2013,20087,Corn,157117673.02121678,15711.767302121678,10.929666607699131,all_cult,Corn,0.16366036788532623,28,250,3927941.8255304196,2222.3957763671906,677.5054351433646,0.834289771957614,0.0022857254026236,6.37182717519266,19.579034591047755
2013,20087,Developed,81227557.57589474,8122.755757589474,5.650479074638092,developed,NA,NA,NA,NA,NA,NA,NA,0.834289771957614,0.0022857254026236,6.37182717519266,19.579034591047755
2013,20087,Double Crop,2652901.5309182922,265.2901530918292,0.18454530746567324,all_cult,NA,NA,NA,NA,NA,NA,NA,0.834289771957614,0.0022857254026236,6.37182717519266,19.579034591047755
2013,20087,Grass/Pasture/Shrubland,264611453.2984282,26461.14532984282,18.40731796441527,grassPastureHay,NA,NA,NA,NA,NA,NA,NA,0.834289771957614,0.0022857254026236,6.37182717519266,19.579034591047755
2013,20087,Other Crops,318345044.5152619,31834.50445152619,22.145218522267072,all_cult,NA,NA,NA,NA,NA,NA,NA,0.834289771957614,0.0022857254026236,6.37182717519266,19.579034591047755
2013,20087,Sorghum,2758248.5262166536,275.82485262166534,0.19187362079028855,all_cult,Sorghum,NA,NA,112,30892.38349362652,2458.860069700004,677.5054351433646,0.834289771957614,0.0022857254026236,6.37182717519266,19.579034591047755
2013,20087,Soybeans,177452656.75184348,17745.26567518435,12.344240718777794,all_cult,Soybeans,0.1392760044627757,11,56,993734.8778103236,2222.3957763671906,677.5054351433646,0.834289771957614,0.0022857254026236,6.37182717519266,19.579034591047755
2013,20087,Wheat,21621535.44745447,2162.153544745447,1.5040712444571065,all_cult,Wheat,NA,NA,89,192431.6654823448,2727.818557739263,520.0598251565243,0.834289771957614,0.0022857254026236,6.37182717519266,19.579034591047755
2013,20091,Corn,22893436.120118923,2289.343612011892,3.7913625649322302,all_cult,Corn,NA,NA,250,572335.9030029731,2244.318640136722,734.7037839030177,0.9554708713209051,0.0026177284145778223,6.867908132892788,19.47620164008992
2013,20091,Developed,273573553.93438536,27357.355393438535,45.30628454811919,developed,NA,NA,NA,NA,NA,NA,NA,0.9554708713209051,0.0026177284145778223,6.867908132892788,19.47620164008992
2013,20091,Double Crop,3017909.176552971,301.7909176552971,0.4997933825361011,all_cult,NA,NA,NA,NA,NA,NA,NA,0.9554708713209051,0.0026177284145778223,6.867908132892788,19.47620164008992
2013,20091,Grass/Pasture/Shrubland,69763659.05689338,6976.3659056893375,11.553500486043552,grassPastureHay,NA,NA,NA,NA,NA,NA,NA,0.9554708713209051,0.0026177284145778223,6.867908132892788,19.47620164008992
2013,20091,Other Crops,71928967.6235084,7192.89676235084,11.91209540372726,all_cult,NA,NA,NA,NA,NA,NA,NA,0.9554708713209051,0.0026177284145778223,6.867908132892788,19.47620164008992
2013,20091,Sorghum,127083.95008859575,12.708395008859576,0.02104626533306592,all_cult,Sorghum,NA,NA,112,1423.3402409922724,2457.7270971078165,734.7037839030177,0.9554708713209051,0.0026177284145778223,6.867908132892788,19.47620164008992
2013,20091,Soybeans,38233045.95741989,3823.3045957419886,6.3317423573173235,all_cult,Soybeans,NA,NA,56,214105.05736155136,2244.318640136722,734.7037839030177,0.9554708713209051,0.0026177284145778223,6.867908132892788,19.47620164008992
2013,20091,Wheat,9664650.89947922,966.465089947922,1.6005546494273395,all_cult,Wheat,NA,NA,89,86015.39300536505,2773.7372741699273,659.4300520696938,0.9554708713209051,0.0026177284145778223,6.867908132892788,19.47620164008992
2013,20103,Corn,62281572.87659107,6228.157287659107,6.893257501499438,all_cult,Corn,0.12092671836028396,5,250,1557039.3219147767,2242.037124633792,687.7091853243764,0.8710440088197356,0.0023864219419718782,6.613154999197369,19.605581121575366
2013,20103,Developed,64732973.35121856,6473.297335121856,7.164575869524412,developed,NA,NA,NA,NA,NA,NA,NA,0.8710440088197356,0.0023864219419718782,6.613154999197369,19.605581121575366
2013,20103,Double Crop,3069078.9145984603,306.90789145984604,0.3396823534413529,all_cult,NA,NA,NA,NA,NA,NA,NA,0.8710440088197356,0.0023864219419718782,6.613154999197369,19.605581121575366
2013,20103,Grass/Pasture/Shrubland,174319552.925247,17431.9552925247,19.29350063526779,grassPastureHay,NA,NA,NA,NA,NA,NA,NA,0.8710440088197356,0.0023864219419718782,6.613154999197369,19.605581121575366
2013,20103,Other Crops,227367913.1523417,22736.791315234168,25.16483609113754,all_cult,NA,NA,NA,NA,NA,NA,NA,0.8710440088197356,0.0023864219419718782,6.613154999197369,19.605581121575366
2013,20103,Sorghum,452815.7536228971,45.28157536228971,0.05011716060291318,all_cult,Sorghum,NA,NA,112,5071.536440576448,2474.2533558328164,687.7091853243764,0.8710440088197356,0.0023864219419718782,6.613154999197369,19.605581121575366
2013,20103,Soybeans,100951719.74027768,10095.171974027768,11.173227766225718,all_cult,Soybeans,NA,NA,56,565329.630545555,2242.037124633792,687.7091853243764,0.8710440088197356,0.0023864219419718782,6.613154999197369,19.605581121575366
2013,20103,Wheat,14125551.61282256,1412.555161282256,1.5634008603290128,all_cult,Wheat,NA,NA,89,125717.40935412078,2755.5543090820365,568.9414104282623,0.8710440088197356,0.0023864219419718782,6.613154999197369,19.605581121575366
2013,20117,Corn,2504459.1715968396,250.44591715968397,12.241087204616337,all_cult,Corn,0.15571997581034674,20,250,62611.47928992099,2161.855575561526,778.7993838945404,0.8733451075246558,0.0023927263219853585,5.50660065951415,19.27508394424232
2013,20117,Developed,683836.3787687082,68.38363787687082,3.34239856697665,developed,NA,NA,NA,NA,NA,NA,NA,0.8733451075246558,0.0023927263219853585,5.50660065951415,19.27508394424232
2013,20117,Double Crop,6939.1190499633885,0.6939119049963388,0.03391644885935879,all_cult,NA,NA,NA,NA,NA,NA,NA,0.8733451075246558,0.0023927263219853585,5.50660065951415,19.27508394424232
2013,20117,Grass/Pasture/Shrubland,13362936.674026724,1336.2936674026723,65.31425027473317,grassPastureHay,NA,NA,NA,NA,NA,NA,NA,0.8733451075246558,0.0023927263219853585,5.50660065951415,19.27508394424232
2013,20117,Other Crops,708479.2183403586,70.84792183403586,3.4628457883117085,all_cult,NA,NA,NA,NA,NA,NA,NA,0.8733451075246558,0.0023927263219853585,5.50660065951415,19.27508394424232
2013,20117,Sorghum,50060.54629196053,5.006054629196052,0.24468177386174125,all_cult,Sorghum,NA,NA,112,560.6781184699579,2383.103777675785,778.7993838945404,0.8733451075246558,0.0023927263219853585,5.50660065951415,19.27508394424232
2013,20117,Soybeans,1779535.3472000249,177.9535347200025,8.697864838772205,all_cult,Soybeans,0.09918351032643986,5,56,9965.397944320139,2161.855575561526,778.7993838945404,0.8733451075246558,0.0023927263219853585,5.50660065951415,19.27508394424232
2013,20117,Wheat,98970.47821688959,9.89704782168896,0.4837396705345659,all_cult,Wheat,NA,NA,89,880.8372561303174,2588.267810058599,529.8025361057371,0.8733451075246558,0.0023927263219853585,5.50660065951415,19.27508394424232
2013,20127,Corn,11773214.189711181,1177.3214189711182,4.373852448910659,all_cult,Corn,NA,NA,250,294330.3547427796,2214.96694030762,735.5363860922807,0.865733893608849,0.0023718736811201343,6.186516832325579,19.61285417112588
2013,20127,Developed,11634098.96359888,1163.409896359888,4.322169920876488,developed,NA,NA,NA,NA,NA,NA,NA,0.865733893608849,0.0023718736811201343,6.186516832325579,19.61285417112588
2013,20127,Double Crop,4780568.5588140525,478.0568558814053,1.7760231964884596,all_cult,NA,NA,NA,NA,NA,NA,NA,0.865733893608849,0.0023718736811201343,6.186516832325579,19.61285417112588
2013,20127,Grass/Pasture/Shrubland,143057509.42054638,14305.75094205464,53.14712089931547,grassPastureHay,NA,NA,NA,NA,NA,NA,NA,0.865733893608849,0.0023718736811201343,6.186516832325579,19.61285417112588
2013,20127,Other Crops,29372625.28450601,2937.262528450601,10.912188206330711,all_cult,NA,NA,NA,NA,NA,NA,NA,0.865733893608849,0.0023718736811201343,6.186516832325579,19.61285417112588
2013,20127,Sorghum,6857877.852457084,685.7877852457084,2.547761839372042,all_cult,Sorghum,NA,NA,112,76808.23194751934,2427.79925827266,735.5363860922807,0.865733893608849,0.0023718736811201343,6.186516832325579,19.61285417112588
2013,20127,Soybeans,20812613.1190603,2081.26131190603,7.73206852369898,all_cult,Soybeans,NA,NA,56,116550.6334667377,2214.96694030762,735.5363860922807,0.865733893608849,0.0023718736811201343,6.186516832325579,19.61285417112588
2013,20127,Wheat,28095268.918532744,2809.5268918532743,10.437639100248337,all_cult,Wheat,NA,NA,89,250047.8933749414,2731.38290405274,448.0767122339457,0.865733893608849,0.0023718736811201343,6.186516832325579,19.61285417112588
2013,20131,Corn,128965347.23628928,12896.534723628927,16.993951453286606,all_cult,Corn,0.14046516113390242,9,250,3224133.6809072318,2163.597915649417,785.5827773682977,0.8830127080952807,0.0024192128988911803,5.49904885488016,19.304250638778917
2013,20131,Developed,34091951.10082129,3409.195110082129,4.492346001237716,developed,NA,NA,NA,NA,NA,NA,NA,0.8830127080952807,0.0024192128988911803,5.49904885488016,19.304250638778917
2013,20131,Double Crop,754074.0891760284,75.40740891760284,0.09936543992829136,all_cult,NA,NA,NA,NA,NA,NA,NA,0.8830127080952807,0.0024192128988911803,5.49904885488016,19.304250638778917
2013,20131,Grass/Pasture/Shrubland,282976122.55771697,28297.6122557717,37.28817540710627,grassPastureHay,NA,NA,NA,NA,NA,NA,NA,0.8830127080952807,0.0024192128988911803,5.49904885488016,19.304250638778917
2013,20131,Other Crops,68278798.98713064,6827.879898713065,8.997196689976507,all_cult,NA,NA,NA,NA,NA,NA,NA,0.8830127080952807,0.0024192128988911803,5.49904885488016,19.304250638778917
2013,20131,Sorghum,1368061.3171473783,136.80613171473783,0.18027143032558715,all_cult,Sorghum,NA,NA,112,15322.286752050637,2393.2168914293006,785.5827773682977,0.8830127080952807,0.0024192128988911803,5.49904885488016,19.304250638778917
2013,20131,Soybeans,140254384.3579799,14025.438435797989,18.4815243006567,all_cult,Soybeans,NA,NA,56,785424.5524046874,2163.597915649417,785.5827773682977,0.8830127080952807,0.0024192128988911803,5.49904885488016,19.304250638778917
2013,20131,Wheat,12537063.39333222,1253.706339333222,1.6520270850952543,all_cult,Wheat,NA,NA,89,111579.86420065677,2590.380566406255,569.8284365853615,0.8830127080952807,0.0024192128988911803,5.49904885488016,19.304250638778917
2013,20139,Corn,21664707.288708292,2166.470728870829,9.850617317339216,all_cult,Corn,NA,NA,250,541617.6822177073,2219.520474243167,704.2199840163812,0.8790507833617739,0.002408358310580203,6.355954857395143,19.51095397113123
2013,20139,Developed,11305805.897161053,1130.5805897161054,5.140580293697134,developed,NA,NA,NA,NA,NA,NA,NA,0.8790507833617739,0.002408358310580203,6.355954857395143,19.51095397113123
2013,20139,Double Crop,2388893.304699347,238.8893304699347,1.0861939394312556,all_cult,NA,NA,NA,NA,NA,NA,NA,0.8790507833617739,0.002408358310580203,6.355954857395143,19.51095397113123
2013,20139,Grass/Pasture/Shrubland,83153839.36393116,8315.383936393117,37.80880300508421,grassPastureHay,NA,NA,NA,NA,NA,NA,NA,0.8790507833617739,0.002408358310580203,6.355954857395143,19.51095397113123
2013,20139,Other Crops,30976851.49635049,3097.685149635049,14.084709556433095,all_cult,NA,NA,NA,NA,NA,NA,NA,0.8790507833617739,0.002408358310580203,6.355954857395143,19.51095397113123
2013,20139,Sorghum,185177.5765228436,18.51775765228436,0.08419746538784599,all_cult,Sorghum,NA,NA,112,2073.9888570558483,2434.201141907621,704.2199840163812,0.8790507833617739,0.002408358310580203,6.355954857395143,19.51095397113123
2013,20139,Soybeans,26618398.393725198,2661.8398393725197,12.102986330848198,all_cult,Soybeans,NA,NA,56,149063.0310048611,2219.520474243167,704.2199840163812,0.8790507833617739,0.002408358310580203,6.355954857395143,19.51095397113123
2013,20139,Wheat,5159728.224896961,515.9728224896961,2.3460510002562955,all_cult,Wheat,NA,NA,89,45921.58120158295,2727.6586212158254,542.3522577939511,0.8790507833617739,0.002408358310580203,6.355954857395143,19.51095397113123
2013,20149,Corn,151284234.23499084,15128.423423499084,8.827804486834816,all_cult,Corn,0.16412300824983084,72,250,3782105.855874771,2207.60815124512,746.9092071216292,0.8529877220779781,0.002336952663227337,5.899758702108327,19.702047854906915
2013,20149,Developed,85845224.47430386,8584.522447430385,5.009278472537112,developed,NA,NA,NA,NA,NA,NA,NA,0.8529877220779781,0.002336952663227337,5.899758702108327,19.702047854906915
2013,20149,Double Crop,2429363.21771902,242.936321771902,0.14175927598786864,all_cult,NA,NA,NA,NA,NA,NA,NA,0.8529877220779781,0.002336952663227337,5.899758702108327,19.702047854906915
2013,20149,Grass/Pasture/Shrubland,1032656288.4572853,103265.62884572853,60.25801606293839,grassPastureHay,NA,NA,NA,NA,NA,NA,NA,0.8529877220779781,0.002336952663227337,5.899758702108327,19.702047854906915
2013,20149,Other Crops,75541942.6014317,7554.194260143169,4.408056815790097,all_cult,NA,NA,NA,NA,NA,NA,NA,0.8529877220779781,0.002336952663227337,5.899758702108327,19.702047854906915
2013,20149,Sorghum,5471000.164475774,547.1000164475774,0.3192462191692316,all_cult,Sorghum,NA,NA,112,61275.20184212868,2442.336001186527,746.9092071216292,0.8529877220779781,0.002336952663227337,5.899758702108327,19.702047854906915
2013,20149,Soybeans,143397270.0821274,14339.727008212738,8.367580869428622,all_cult,Soybeans,0.12553361979307712,50,56,803024.7124599133,2207.60815124512,746.9092071216292,0.8529877220779781,0.002336952663227337,5.899758702108327,19.702047854906915
2013,20149,Wheat,17821504.727452658,1782.150472745266,1.0399283189732835,all_cult,Wheat,NA,NA,89,158611.39207432867,2689.9300903320363,487.54962038410304,0.8529877220779781,0.002336952663227337,5.899758702108327,19.702047854906915
2013,20161,Corn,28669532.46238249,2866.953246238249,3.585163857185092,all_cult,Corn,0.15624114619458926,14,250,716738.3115595622,2216.8256744384794,750.4596637405921,0.8640744777427535,0.0023673273362815163,5.98110777972498,19.797697636852547
2013,20161,Developed,91301300.51975712,9130.130051975711,11.417351265386698,developed,NA,NA,NA,NA,NA,NA,NA,0.8640744777427535,0.0023673273362815163,5.98110777972498,19.797697636852547
2013,20161,Double Crop,2119369.5699510546,211.93695699510545,0.2650300346605304,all_cult,NA,NA,NA,NA,NA,NA,NA,0.8640744777427535,0.0023673273362815163,5.98110777972498,19.797697636852547
2013,20161,Grass/Pasture/Shrubland,429345330.6891562,42934.53306891562,53.69021499941223,grassPastureHay,NA,NA,NA,NA,NA,NA,NA,0.8640744777427535,0.0023673273362815163,5.98110777972498,19.797697636852547
2013,20161,Other Crops,21719980.534834072,2171.998053483407,2.7161129779295927,all_cult,NA,NA,NA,NA,NA,NA,NA,0.8640744777427535,0.0023673273362815163,5.98110777972498,19.797697636852547
2013,20161,Sorghum,11401582.422937056,1140.1582422937056,1.4257833214080204,all_cult,Sorghum,NA,NA,112,127697.72313689503,2451.7228202943397,750.4596637405921,0.8640744777427535,0.0023673273362815163,5.98110777972498,19.797697636852547
2013,20161,Soybeans,48498844.03197763,4849.884403197763,6.064846120767665,all_cult,Soybeans,0.14827079424350476,11,56,271593.52657907474,2216.8256744384794,750.4596637405921,0.8640744777427535,0.0023673273362815163,5.98110777972498,19.797697636852547
2013,20161,Wheat,18314035.755617894,1831.4035755617892,2.290194971138374,all_cult,Wheat,NA,NA,89,162994.91822499924,2712.455569458013,477.88408963263646,0.8640744777427535,0.0023673273362815163,5.98110777972498,19.797697636852547
2013,20177,Corn,143036149.09879115,14303.614909879114,9.81576586846667,all_cult,Corn,0.15371672743928028,102,250,3575903.7274697786,2229.9429595947295,691.067433062708,0.842662078612484,0.002308663229075299,6.364839820339278,19.60998493351351
2013,20177,Developed,252833600.10259542,25283.36001025954,17.350546962604028,developed,NA,NA,NA,NA,NA,NA,NA,0.842662078612484,0.002308663229075299,6.364839820339278,19.60998493351351
2013,20177,Double Crop,4050870.884903109,405.0870884903109,0.27798846948916756,all_cult,NA,NA,NA,NA,NA,NA,NA,0.842662078612484,0.002308663229075299,6.364839820339278,19.60998493351351
2013,20177,Grass/Pasture/Shrubland,504458531.4051026,50445.85314051026,34.61814978815644,grassPastureHay,NA,NA,NA,NA,NA,NA,NA,0.842662078612484,0.002308663229075299,6.364839820339278,19.60998493351351
2013,20177,Other Crops,146626546.3572807,14662.654635728071,10.06215462463891,all_cult,NA,NA,NA,NA,NA,NA,NA,0.842662078612484,0.002308663229075299,6.364839820339278,19.60998493351351
2013,20177,Sorghum,1472581.761361204,147.2581761361204,0.10105499821386062,all_cult,Sorghum,NA,NA,112,16492.915727245483,2456.6827733773475,691.067433062708,0.842662078612484,0.002308663229075299,6.364839820339278,19.60998493351351
2013,20177,Soybeans,137876166.50172952,13787.616650172951,9.461665304537636,all_cult,Soybeans,0.11701858519060114,39,56,772106.5324096853,2229.9429595947295,691.067433062708,0.842662078612484,0.002308663229075299,6.364839820339278,19.60998493351351
2013,20177,Wheat,21986692.571158584,2198.6692571158583,1.5088229644059403,all_cult,Wheat,NA,NA,89,195681.56388331138,2742.292593383794,515.8805279065855,0.842662078612484,0.002308663229075299,6.364839820339278,19.60998493351351
2013,20197,Corn,79130618.31177948,7913.061831177948,5.1482217526911365,all_cult,Corn,0.16938529744096445,28,250,1978265.457794487,2209.649685668948,735.4657912862021,0.8616592802773303,0.0023607103569241927,6.0671551430062305,19.596468321917833
2013,20197,Developed,52323147.912236944,5232.314791223695,3.404133241948334,developed,NA,NA,NA,NA,NA,NA,NA,0.8616592802773303,0.0023607103569241927,6.0671551430062305,19.596468321917833
2013,20197,Double Crop,825395.2505273314,82.53952505273314,0.05370004524152946,all_cult,NA,NA,NA,NA,NA,NA,NA,0.8616592802773303,0.0023607103569241927,6.0671551430062305,19.596468321917833
2013,20197,Grass/Pasture/Shrubland,1130426850.9013493,113042.68509013492,73.54533842648037,grassPastureHay,NA,NA,NA,NA,NA,NA,NA,0.8616592802773303,0.0023607103569241927,6.0671551430062305,19.596468321917833
2013,20197,Other Crops,83282280.75670001,8328.22807567,5.418328057491601,all_cult,NA,NA,NA,NA,NA,NA,NA,0.8616592802773303,0.0023607103569241927,6.0671551430062305,19.596468321917833
2013,20197,Sorghum,3097410.1891218647,309.74101891218646,0.20151686986465245,all_cult,Sorghum,NA,NA,112,34690.99411816488,2434.9431130830117,735.4657912862021,0.8616592802773303,0.0023607103569241927,6.0671551430062305,19.596468321917833
2013,20197,Soybeans,75779978.9835925,7577.99789835925,4.930229847120158,all_cult,Soybeans,0.17455184956818517,25,56,424367.882308118,2209.649685668948,735.4657912862021,0.8616592802773303,0.0023607103569241927,6.0671551430062305,19.596468321917833
2013,20197,Wheat,14523327.337258197,1452.3327337258197,0.9448846895714984,all_cult,Wheat,NA,NA,89,129257.61330159796,2705.1079101562555,492.30769020936714,0.8616592802773303,0.0023607103569241927,6.0671551430062305,19.596468321917833
2013,20209,Corn,3645375.3927762574,364.53753927762574,1.4208274049893408,all_cult,Corn,NA,NA,250,91134.38481940643,2256.6779571533234,726.6221572455834,0.9301220988575856,0.0025482797228974946,6.926433155634655,19.378529086178318
2013,20209,Developed,143919472.1425695,14391.94721425695,56.09428607461757,developed,NA,NA,NA,NA,NA,NA,NA,0.9301220988575856,0.0025482797228974946,6.926433155634655,19.378529086178318
2013,20209,Double Crop,613812.1253451451,61.38121253451452,0.2392404060589605,all_cult,NA,NA,NA,NA,NA,NA,NA,0.9301220988575856,0.0025482797228974946,6.926433155634655,19.378529086178318
2013,20209,Grass/Pasture/Shrubland,27959941.508616753,2795.9941508616753,10.897711993136276,grassPastureHay,NA,NA,NA,NA,NA,NA,NA,0.9301220988575856,0.0025482797228974946,6.926433155634655,19.378529086178318
2013,20209,Other Crops,15085472.387796698,1508.54723877967,5.879738100022634,all_cult,NA,NA,NA,NA,NA,NA,NA,0.9301220988575856,0.0025482797228974946,6.926433155634655,19.378529086178318
2013,20209,Sorghum,40639.81931953959,4.0639819319539585,0.01583984166279282,all_cult,Sorghum,NA,NA,112,455.16597637884337,2473.9922765511756,726.6221572455834,0.9301220988575856,0.0025482797228974946,6.926433155634655,19.378529086178318
2013,20209,Soybeans,8358256.508819894,835.8256508819894,3.257727566053916,all_cult,Soybeans,NA,NA,56,46806.23644939141,2256.6779571533234,726.6221572455834,0.9301220988575856,0.0025482797228974946,6.926433155634655,19.378529086178318
2013,20209,Wheat,707127.8208175121,70.71278208175121,0.2756112823493729,all_cult,Wheat,NA,NA,89,6293.437605275858,2759.9894317627004,641.0275263266476,0.9301220988575856,0.0025482797228974946,6.926433155634655,19.378529086178318
2014,20005,Corn,172770375.21431443,17277.037521431444,23.083666841946226,all_cult,Corn,0.05606639334858104,5,250,4319259.3803578615,2078.747671508793,807.5376348891878,0.9286492664280231,0.0025442445655562275,4.752759416136046,17.05140648410747
2014,20005,Developed,36496232.050231166,3649.623205023117,4.876222909100308,developed,NA,NA,NA,NA,NA,NA,NA,0.9286492664280231,0.0025442445655562275,4.752759416136046,17.05140648410747
2014,20005,Double Crop,1382020.568162784,138.2020568162784,0.184650304339582,all_cult,NA,NA,NA,NA,NA,NA,NA,0.9286492664280231,0.0025442445655562275,4.752759416136046,17.05140648410747
2014,20005,Grass/Pasture/Shrubland,152579756.75575504,15257.975675575504,20.38601969467291,grassPastureHay,NA,NA,NA,NA,NA,NA,NA,0.9286492664280231,0.0025442445655562275,4.752759416136046,17.05140648410747
2014,20005,Other Crops,79011083.13356842,7901.108313356842,10.556587132569346,all_cult,NA,NA,NA,NA,NA,NA,NA,0.9286492664280231,0.0025442445655562275,4.752759416136046,17.05140648410747
2014,20005,Sorghum,354954.7303535389,35.49547303535389,0.04742512557080494,all_cult,Sorghum,NA,NA,112,3975.4929799596357,2133.402691650395,807.5376348891878,0.9286492664280231,0.0025442445655562275,4.752759416136046,17.05140648410747
2014,20005,Soybeans,195658700.15571848,19565.870015571847,26.141751695105725,all_cult,Soybeans,NA,NA,56,1095688.7208720234,2078.747671508793,807.5376348891878,0.9286492664280231,0.0025442445655562275,4.752759416136046,17.05140648410747
2014,20005,Wheat,5657641.893607718,565.7641893607718,0.7559115410907428,all_cult,Wheat,NA,NA,89,50353.01285310869,2524.466052246098,573.1777213216992,0.9286492664280231,0.0025442445655562275,4.752759416136046,17.05140648410747
2014,20013,Corn,110369645.3574964,11036.96453574964,24.7101465980514,all_cult,Corn,0.1381755901050704,20,250,2759241.1339374096,2042.36978759766,755.1766638585832,0.8588373327133013,0.0023529789937350725,4.246669110859933,16.951678299577292
2014,20013,Developed,24439918.44976821,2443.991844976821,5.4717396778984515,developed,NA,NA,NA,NA,NA,NA,NA,0.8588373327133013,0.0023529789937350725,4.246669110859933,16.951678299577292
2014,20013,Double Crop,281918.7261588565,28.19187261588565,0.06311747246769693,all_cult,NA,NA,NA,NA,NA,NA,NA,0.8588373327133013,0.0023529789937350725,4.246669110859933,16.951678299577292
2014,20013,Grass/Pasture/Shrubland,117292031.02977796,11729.203102977795,26.259967331970344,grassPastureHay,NA,NA,NA,NA,NA,NA,NA,0.8588373327133013,0.0023529789937350725,4.246669110859933,16.951678299577292
2014,20013,Other Crops,22278697.878778353,2227.8697878778353,4.987874055544556,all_cult,NA,NA,NA,NA,NA,NA,NA,0.8588373327133013,0.0023529789937350725,4.246669110859933,16.951678299577292
2014,20013,Sorghum,176555.09484667907,17.655509484667906,0.03952809907255891,all_cult,Sorghum,NA,NA,112,1977.4170622828055,2095.645770263676,755.1766638585832,0.8588373327133013,0.0023529789937350725,4.246669110859933,16.951678299577292
2014,20013,Soybeans,122634790.5207077,12263.47905207077,27.456132906584443,all_cult,Soybeans,0.09300011196443346,8,56,686754.8269159631,2042.36978759766,755.1766638585832,0.8588373327133013,0.0023529789937350725,4.246669110859933,16.951678299577292
2014,20013,Wheat,3839343.950019001,383.9343950019001,0.8595728611613913,all_cult,Wheat,NA,NA,89,34170.16115516911,2471.5621246337932,526.5459258042974,0.8588373327133013,0.0023529789937350725,4.246669110859933,16.951678299577292
2014,20045,Corn,72866993.60009216,7286.699360009216,7.475386886976119,all_cult,Corn,0.17060734117031054,8,250,1821674.8400023042,2176.7163055419956,776.0423791335134,0.9122323989776132,0.0024992668465140086,5.613032009177035,18.007736080640004
2014,20045,Developed,132153512.71137425,13215.351271137426,13.557559975813104,developed,NA,NA,NA,NA,NA,NA,NA,0.9122323989776132,0.0024992668465140086,5.613032009177035,18.007736080640004
2014,20045,Double Crop,3965927.961376926,396.5927961376926,0.4068624820707782,all_cult,NA,NA,NA,NA,NA,NA,NA,0.9122323989776132,0.0024992668465140086,5.613032009177035,18.007736080640004
2014,20045,Grass/Pasture/Shrubland,345100151.84964055,34510.01518496405,35.40364467331348,grassPastureHay,NA,NA,NA,NA,NA,NA,NA,0.9122323989776132,0.0024992668465140086,5.613032009177035,18.007736080640004
2014,20045,Other Crops,52996444.23251485,5299.644423251485,5.436877586117421,all_cult,NA,NA,NA,NA,NA,NA,NA,0.9122323989776132,0.0024992668465140086,5.613032009177035,18.007736080640004
2014,20045,Sorghum,235663.95516720167,23.566395516720167,0.02417664230609343,all_cult,Sorghum,NA,NA,112,2639.4362978726585,2260.289859709184,776.0423791335134,0.9122323989776132,0.0024992668465140086,5.613032009177035,18.007736080640004
2014,20045,Soybeans,98348767.25989194,9834.876725989194,10.089548762773884,all_cult,Soybeans,0.10676650359651753,13,56,550753.0966553949,2176.7163055419956,776.0423791335134,0.9122323989776132,0.0024992668465140086,5.613032009177035,18.007736080640004
2014,20045,Wheat,9742578.717540812,974.2578717540812,0.9994860717067526,all_cult,Wheat,NA,NA,89,86708.95058611322,2630.7652130127,589.2021487294405,0.9122323989776132,0.0024992668465140086,5.613032009177035,18.007736080640004
2014,20061,Corn,28449324.85821401,2844.932485821401,3.627021501463802,all_cult,Corn,0.20204703454748424,16,250,711233.1214553502,2153.8943664550816,630.9089877298102,0.736347424047708,0.002017390202870433,5.22926777878855,17.9691101910317
2014,20061,Developed,63442335.484257385,6344.233548425738,8.088301428989592,developed,NA,NA,NA,NA,NA,NA,NA,0.736347424047708,0.002017390202870433,5.22926777878855,17.9691101910317
2014,20061,Double Crop,2532822.8569501317,253.28228569501317,0.32291110623332453,all_cult,NA,NA,NA,NA,NA,NA,NA,0.736347424047708,0.002017390202870433,5.22926777878855,17.9691101910317
2014,20061,Grass/Pasture/Shrubland,509886443.8701402,50988.64438701402,65.00572876294311,grassPastureHay,NA,NA,NA,NA,NA,NA,NA,0.736347424047708,0.002017390202870433,5.22926777878855,17.9691101910317
2014,20061,Other Crops,13788635.088651624,1378.8635088651624,1.757921363393553,all_cult,NA,NA,NA,NA,NA,NA,NA,0.736347424047708,0.002017390202870433,5.22926777878855,17.9691101910317
2014,20061,Sorghum,2633120.1576306815,263.31201576306813,0.33569806929554646,all_cult,Sorghum,NA,NA,112,29490.94576546363,2257.557414120512,630.9089877298102,0.736347424047708,0.002017390202870433,5.22926777878855,17.9691101910317
2014,20061,Soybeans,31548162.2949542,3154.81622949542,4.022094146196618,all_cult,Soybeans,0.14012760519965492,4,56,176669.70885174352,2153.8943664550816,630.9089877298102,0.736347424047708,0.002017390202870433,5.22926777878855,17.9691101910317
2014,20061,Wheat,14694812.571456589,1469.481257145659,1.8734504745642528,all_cult,Wheat,NA,NA,89,130783.83188596365,2576.2225524902387,534.9661224816518,0.736347424047708,0.002017390202870433,5.22926777878855,17.9691101910317
2014,20085,Corn,124027648.80918044,12402.764880918045,7.289690758321086,all_cult,Corn,NA,NA,250,3100691.220229511,2057.8629394531285,726.7468785906676,0.8447455297855194,0.002314371314480875,4.353810600385297,17.30250478248076
2014,20085,Developed,72780788.11784264,7278.078811784264,4.277670693751729,developed,NA,NA,NA,NA,NA,NA,NA,0.8447455297855194,0.002314371314480875,4.353810600385297,17.30250478248076
2014,20085,Double Crop,3208350.073386361,320.8350073386361,0.18856988827875112,all_cult,NA,NA,NA,NA,NA,NA,NA,0.8447455297855194,0.002314371314480875,4.353810600385297,17.30250478248076
2014,20085,Grass/Pasture/Shrubland,875628489.2988191,87562.8489298819,51.464822299298355,grassPastureHay,NA,NA,NA,NA,NA,NA,NA,0.8447455297855194,0.002314371314480875,4.353810600385297,17.30250478248076
2014,20085,Other Crops,181013353.27485973,18101.335327485973,10.639009778622718,all_cult,NA,NA,NA,NA,NA,NA,NA,0.8447455297855194,0.002314371314480875,4.353810600385297,17.30250478248076
2014,20085,Sorghum,1483615.4039669817,148.36154039669816,0.08719908506723531,all_cult,Sorghum,NA,NA,112,16616.492524430192,2124.944433943949,726.7468785906676,0.8447455297855194,0.002314371314480875,4.353810600385297,17.30250478248076
2014,20085,Soybeans,169065459.9385789,16906.54599385789,9.936775652029764,all_cult,Soybeans,NA,NA,56,946766.5756560419,2057.8629394531285,726.7468785906676,0.8447455297855194,0.002314371314480875,4.353810600385297,17.30250478248076
2014,20085,Wheat,21326879.72341992,2132.687972341992,1.253481457693585,all_cult,Wheat,NA,NA,89,189809.2295384373,2494.018103027348,567.2639314781409,0.8447455297855194,0.002314371314480875,4.353810600385297,17.30250478248076
2014,20087,Corn,150837336.22614744,15083.733622614744,10.4927839449518,all_cult,Corn,0.1360816580278892,26,250,3770933.405653686,2111.2478088378944,796.5578035895014,0.9323196418808075,0.002554300388714541,5.040507486421791,17.56805252702271
2014,20087,Developed,83136657.2906362,8313.66572906362,5.78328287068311,developed,NA,NA,NA,NA,NA,NA,NA,0.9323196418808075,0.002554300388714541,5.040507486421791,17.56805252702271
2014,20087,Double Crop,4460347.169090526,446.0347169090526,0.31027768280510987,all_cult,NA,NA,NA,NA,NA,NA,NA,0.9323196418808075,0.002554300388714541,5.040507486421791,17.56805252702271
2014,20087,Grass/Pasture/Shrubland,439157232.72630644,43915.72327263065,30.549345912283904,grassPastureHay,NA,NA,NA,NA,NA,NA,NA,0.9323196418808075,0.002554300388714541,5.040507486421791,17.56805252702271
2014,20087,Other Crops,162813847.81383723,16281.384781383724,11.325912874750925,all_cult,NA,NA,NA,NA,NA,NA,NA,0.9323196418808075,0.002554300388714541,5.040507486421791,17.56805252702271
2014,20087,Sorghum,1288890.338797321,128.8890338797321,0.08965981627691753,all_cult,Sorghum,NA,NA,112,14435.571794529995,2183.40589294434,796.5578035895014,0.9323196418808075,0.002554300388714541,5.040507486421791,17.56805252702271
2014,20087,Soybeans,176930486.42951053,17693.048642951053,12.307916685804344,all_cult,Soybeans,0.1260332424824784,17,56,990810.724005259,2111.2478088378944,796.5578035895014,0.9323196418808075,0.002554300388714541,5.040507486421791,17.56805252702271
2014,20087,Wheat,11808493.386150852,1180.8493386150851,0.8214409834877117,all_cult,Wheat,NA,NA,89,105095.59113674257,2563.255926513676,588.976135390345,0.9323196418808075,0.002554300388714541,5.040507486421791,17.56805252702271
2014,20091,Corn,22463532.79223671,2246.353279223671,3.7201666389331622,all_cult,Corn,NA,NA,250,561588.3198059178,2147.1034912109412,843.3638652269728,0.9871174782798625,0.0027044314473420893,5.833603783176393,17.48710285343538
2014,20091,Developed,281727843.8375705,28172.78438375705,46.65670959223791,developed,NA,NA,NA,NA,NA,NA,NA,0.9871174782798625,0.0027044314473420893,5.833603783176393,17.48710285343538
2014,20091,Double Crop,3011528.675536802,301.1528675536802,0.4987367131671479,all_cult,NA,NA,NA,NA,NA,NA,NA,0.9871174782798625,0.0027044314473420893,5.833603783176393,17.48710285343538
2014,20091,Grass/Pasture/Shrubland,102989153.94609664,10298.915394609665,17.055946552388704,grassPastureHay,NA,NA,NA,NA,NA,NA,NA,0.9871174782798625,0.0027044314473420893,5.833603783176393,17.48710285343538
2014,20091,Other Crops,38515534.1212835,3851.5534121283504,6.378524982865078,all_cult,NA,NA,NA,NA,NA,NA,NA,0.9871174782798625,0.0027044314473420893,5.833603783176393,17.48710285343538
2014,20091,Sorghum,137605.70697898243,13.760570697898244,0.02278876457967192,all_cult,Sorghum,NA,NA,112,1541.1839181646033,2210.901535034184,843.3638652269728,0.9871174782798625,0.0027044314473420893,5.833603783176393,17.48710285343538
2014,20091,Soybeans,38706178.9399052,3870.6178939905194,6.410097509799353,all_cult,Soybeans,NA,NA,56,216754.6020634691,2147.1034912109412,843.3638652269728,0.9871174782798625,0.0027044314473420893,5.833603783176393,17.48710285343538
2014,20091,Wheat,2879440.5048091635,287.94405048091636,0.47686170309266446,all_cult,Wheat,NA,NA,89,25627.020492801556,2625.3227722168012,655.2680715641472,0.9871174782798625,0.0027044314473420893,5.833603783176393,17.48710285343538
2014,20103,Corn,55938786.87091971,5593.878687091971,6.19124476812428,all_cult,Corn,0.0970101324820474,4,250,1398469.6717729927,2134.9325500488317,842.162924428354,0.9798464288745891,0.00268451076403997,5.420286079302249,17.539299951840775
2014,20103,Developed,66778250.61792286,6677.825061792286,7.390944957686196,developed,NA,NA,NA,NA,NA,NA,NA,0.9798464288745891,0.00268451076403997,5.420286079302249,17.539299951840775
2014,20103,Double Crop,3347789.4654679694,334.77894654679693,0.37052973745548384,all_cult,NA,NA,NA,NA,NA,NA,NA,0.9798464288745891,0.00268451076403997,5.420286079302249,17.539299951840775
2014,20103,Grass/Pasture/Shrubland,260465938.3198799,26046.59383198799,28.82808991940916,grassPastureHay,NA,NA,NA,NA,NA,NA,NA,0.9798464288745891,0.00268451076403997,5.420286079302249,17.539299951840775
2014,20103,Other Crops,149817014.5419912,14981.70145419912,16.581586039744806,all_cult,NA,NA,NA,NA,NA,NA,NA,0.9798464288745891,0.00268451076403997,5.420286079302249,17.539299951840775
2014,20103,Sorghum,240707.26957972968,24.07072695797297,0.02664122171390378,all_cult,Sorghum,NA,NA,112,2695.9214192929726,2201.334161376957,842.162924428354,0.9798464288745891,0.00268451076403997,5.420286079302249,17.539299951840775
2014,20103,Soybeans,107175039.03854746,10717.503903854746,11.862018052913358,all_cult,Soybeans,NA,NA,56,600180.2186158658,2134.9325500488317,842.162924428354,0.9798464288745891,0.00268451076403997,5.420286079302249,17.539299951840775
2014,20103,Wheat,4477419.635279656,447.74196352796565,0.4955559897212037,all_cult,Wheat,NA,NA,89,39849.03475398894,2599.517858886723,605.1135443657404,0.9798464288745891,0.00268451076403997,5.420286079302249,17.539299951840775
2014,20117,Corn,1166566.2135831371,116.65662135831371,5.7018452975319764,all_cult,Corn,0.1479677339493917,23,250,29164.15533957843,2007.202688598636,684.6667639873923,0.7794567738510669,0.0021354980105508683,3.9016534256608746,17.013269377407987
2014,20117,Developed,682767.6681591226,68.27676681591225,3.3371750121601833,developed,NA,NA,NA,NA,NA,NA,NA,0.7794567738510669,0.0021354980105508683,3.9016534256608746,17.013269377407987
2014,20117,Double Crop,0,0,0,all_cult,NA,NA,NA,NA,NA,NA,NA,0.7794567738510669,0.0021354980105508683,3.9016534256608746,17.013269377407987
2014,20117,Grass/Pasture/Shrubland,14867626.136175122,1486.7626136175122,72.6687462597014,grassPastureHay,NA,NA,NA,NA,NA,NA,NA,0.7794567738510669,0.0021354980105508683,3.9016534256608746,17.013269377407987
2014,20117,Other Crops,187763.1506576347,18.77631506576347,0.9177331086408362,all_cult,NA,NA,NA,NA,NA,NA,NA,0.7794567738510669,0.0021354980105508683,3.9016534256608746,17.013269377407987
2014,20117,Sorghum,5873.9540406046435,0.5873954040604643,0.02871022393274005,all_cult,Sorghum,NA,NA,112,65.788285254772,2078.5547427818396,684.6667639873923,0.7794567738510669,0.0021354980105508683,3.9016534256608746,17.013269377407987
2014,20117,Soybeans,2184491.575919622,218.4491575919622,10.677176207081915,all_cult,Soybeans,0.14285746545121067,7,56,12233.152825149884,2007.202688598636,684.6667639873923,0.7794567738510669,0.0021354980105508683,3.9016534256608746,17.013269377407987
2014,20117,Wheat,289727.72378376033,28.972772378376032,1.4161070672079306,all_cult,Wheat,NA,NA,89,2578.576741675467,2403.1851684570356,532.7711343038827,0.7794567738510669,0.0021354980105508683,3.9016534256608746,17.013269377407987
2014,20127,Corn,9322828.445278913,932.2828445278913,3.463512628674722,all_cult,Corn,NA,NA,250,233070.7111319728,2150.0531738281284,616.8157900811639,0.71630519821099,0.001962479995098603,5.224410968937309,17.95666002247434
2014,20127,Developed,11962613.765383469,1196.261376538347,4.444216054339738,developed,NA,NA,NA,NA,NA,NA,NA,0.71630519821099,0.001962479995098603,5.224410968937309,17.95666002247434
2014,20127,Double Crop,3890637.112561178,389.0637112561178,1.445405849956414,all_cult,NA,NA,NA,NA,NA,NA,NA,0.71630519821099,0.001962479995098603,5.224410968937309,17.95666002247434
2014,20127,Grass/Pasture/Shrubland,181069163.16012773,18106.916316012772,67.26878403369614,grassPastureHay,NA,NA,NA,NA,NA,NA,NA,0.71630519821099,0.001962479995098603,5.224410968937309,17.95666002247434
2014,20127,Other Crops,8512206.80701171,851.220680701171,3.162359572207485,all_cult,NA,NA,NA,NA,NA,NA,NA,0.71630519821099,0.001962479995098603,5.224410968937309,17.95666002247434
2014,20127,Sorghum,2599888.6320985775,259.98886320985775,0.965881455748688,all_cult,Sorghum,NA,NA,112,29118.75267950407,2252.6091078460977,616.8157900811639,0.71630519821099,0.001962479995098603,5.224410968937309,17.95666002247434
2014,20127,Soybeans,19024836.78286361,1902.4836782863608,7.0678939168178765,all_cult,Soybeans,0.14157838737667,4,56,106539.08598403621,2150.0531738281284,616.8157900811639,0.71630519821099,0.001962479995098603,5.224410968937309,17.95666002247434
2014,20127,Wheat,19604270.69613705,1960.4270696137048,7.283158703452587,all_cult,Wheat,NA,NA,89,174478.00919561973,2580.224276733403,495.1537927103636,0.71630519821099,0.001962479995098603,5.224410968937309,17.95666002247434
2014,20131,Corn,112099188.78954001,11209.918878954,14.7714732140558,all_cult,Corn,0.10642749605657645,6,250,2802479.7197385,2007.3121093750033,715.4706389508792,0.8072731723166071,0.002211707321415362,3.9509068319242524,16.868363973539193
2014,20131,Developed,35180856.28197266,3518.0856281972665,4.635832621343615,developed,NA,NA,NA,NA,NA,NA,NA,0.8072731723166071,0.002211707321415362,3.9509068319242524,16.868363973539193
2014,20131,Double Crop,1019618.586106687,101.9618586106687,0.13435662466304793,all_cult,NA,NA,NA,NA,NA,NA,NA,0.8072731723166071,0.002211707321415362,3.9509068319242524,16.868363973539193
2014,20131,Grass/Pasture/Shrubland,355545821.62260574,35554.58216226057,46.850790243701056,grassPastureHay,NA,NA,NA,NA,NA,NA,NA,0.8072731723166071,0.002211707321415362,3.9509068319242524,16.868363973539193
2014,20131,Other Crops,33411285.703437112,3341.128570343711,4.402653731438408,all_cult,NA,NA,NA,NA,NA,NA,NA,0.8072731723166071,0.002211707321415362,3.9509068319242524,16.868363973539193
2014,20131,Sorghum,453874.10416034336,45.387410416034335,0.05980765110392729,all_cult,Sorghum,NA,NA,112,5083.389966595845,2066.7324466392615,715.4706389508792,0.8072731723166071,0.002211707321415362,3.9509068319242524,16.868363973539193
2014,20131,Soybeans,125251035.7585013,12525.103575850131,16.50451122543792,all_cult,Soybeans,0.10976695800465497,4,56,701405.8002476073,2007.3121093750033,715.4706389508792,0.8072731723166071,0.002211707321415362,3.9509068319242524,16.868363973539193
2014,20131,Wheat,8636119.172618024,863.6119172618024,1.1379939891556496,all_cult,Wheat,NA,NA,89,76861.46063630041,2415.9421722412153,527.2031631944701,0.8072731723166071,0.002211707321415362,3.9509068319242524,16.868363973539193
2014,20139,Corn,19281634.046303418,1928.1634046303416,8.7670696729011,all_cult,Corn,NA,NA,250,482040.8511575854,2177.245614624027,685.3891474818811,0.8119352865845758,0.0022244802372180157,5.500301622364642,18.15936513404326
2014,20139,Developed,11431507.910383992,1143.1507910383991,5.197735112905038,developed,NA,NA,NA,NA,NA,NA,NA,0.8119352865845758,0.0022244802372180157,5.500301622364642,18.15936513404326
2014,20139,Double Crop,1810326.894819148,181.0326894819148,0.8231284744587781,all_cult,NA,NA,NA,NA,NA,NA,NA,0.8119352865845758,0.0022244802372180157,5.500301622364642,18.15936513404326
2014,20139,Grass/Pasture/Shrubland,116595718.39038205,11659.571839038204,53.01432359081657,grassPastureHay,NA,NA,NA,NA,NA,NA,NA,0.8119352865845758,0.0022244802372180157,5.500301622364642,18.15936513404326
2014,20139,Other Crops,5463294.021152337,546.3294021152337,2.484077812698098,all_cult,NA,NA,NA,NA,NA,NA,NA,0.8119352865845758,0.0022244802372180157,5.500301622364642,18.15936513404326
2014,20139,Sorghum,207642.01546002564,20.764201546002564,0.09441170868548109,all_cult,Sorghum,NA,NA,112,2325.590573152287,2270.769380062895,685.3891474818811,0.8119352865845758,0.0022244802372180157,5.500301622364642,18.15936513404326
2014,20139,Soybeans,25863522.100629743,2586.3522100629743,11.759755407571864,all_cult,Soybeans,NA,NA,56,144835.72376352656,2177.245614624027,685.3891474818811,0.8119352865845758,0.0022244802372180157,5.500301622364642,18.15936513404326
2014,20139,Wheat,1777737.062836529,177.7737062836529,0.8083103668785995,all_cult,Wheat,NA,NA,89,15821.859859245107,2615.6800933837935,559.3949834206142,0.8119352865845758,0.0022244802372180157,5.500301622364642,18.15936513404326
2014,20149,Corn,127469115.90477428,12746.911590477428,7.438134178404474,all_cult,Corn,0.1651521413765224,75,250,3186727.897619357,2087.6467102050815,670.8281535468996,0.7757121407472151,0.0021252387417731917,4.536357095796791,17.56329362425088
2014,20149,Developed,88918660.58193007,8891.866058193007,5.188620974405211,developed,NA,NA,NA,NA,NA,NA,NA,0.7757121407472151,0.0021252387417731917,4.536357095796791,17.56329362425088
2014,20149,Double Crop,1769796.6713387112,176.97966713387112,0.103271957418651,all_cult,NA,NA,NA,NA,NA,NA,NA,0.7757121407472151,0.0021252387417731917,4.536357095796791,17.56329362425088
2014,20149,Grass/Pasture/Shrubland,1101874833.140228,110187.4833140228,64.29708716915236,grassPastureHay,NA,NA,NA,NA,NA,NA,NA,0.7757121407472151,0.0021252387417731917,4.536357095796791,17.56329362425088
2014,20149,Other Crops,32789319.95512493,3278.931995512493,1.913336887242973,all_cult,NA,NA,NA,NA,NA,NA,NA,0.7757121407472151,0.0021252387417731917,4.536357095796791,17.56329362425088
2014,20149,Sorghum,1099077.9324186542,109.90779324186542,0.06413388118232898,all_cult,Sorghum,NA,NA,112,12309.672843088927,2175.048929883598,670.8281535468996,0.7757121407472151,0.0021252387417731917,4.536357095796791,17.56329362425088
2014,20149,Soybeans,146993944.33047017,14699.394433047017,8.577455594496703,all_cult,Soybeans,0.146981513455751,50,56,823166.088250633,2087.6467102050815,670.8281535468996,0.7757121407472151,0.0021252387417731917,4.536357095796791,17.56329362425088
2014,20149,Wheat,11075784.604793811,1107.5784604793812,0.6462990775201363,all_cult,Wheat,NA,NA,89,98574.48298266492,2506.608422851567,556.621583906297,0.7757121407472151,0.0021252387417731917,4.536357095796791,17.56329362425088
2014,20161,Corn,26993455.226303313,2699.3455226303313,3.375568129158267,all_cult,Corn,0.14820051389469316,19,250,674836.3806575828,2143.5361358642613,639.782197565888,0.7431193797060077,0.0020359435060438567,4.981056359696084,17.99934073670272
2014,20161,Developed,96165090.6301778,9616.50906301778,12.025574804982062,developed,NA,NA,NA,NA,NA,NA,NA,0.7431193797060077,0.0020359435060438567,4.981056359696084,17.99934073670272
2014,20161,Double Crop,1897237.0776446979,189.7237077644698,0.2372520656975509,all_cult,NA,NA,NA,NA,NA,NA,NA,0.7431193797060077,0.0020359435060438567,4.981056359696084,17.99934073670272
2014,20161,Grass/Pasture/Shrubland,459440097.40860105,45944.00974086011,57.4536063304198,grassPastureHay,NA,NA,NA,NA,NA,NA,NA,0.7431193797060077,0.0020359435060438567,4.981056359696084,17.99934073670272
2014,20161,Other Crops,7259506.208331058,725.9506208331057,0.907811081791058,all_cult,NA,NA,NA,NA,NA,NA,NA,0.7431193797060077,0.0020359435060438567,4.981056359696084,17.99934073670272
2014,20161,Sorghum,3292371.0465732403,329.23710465732404,0.4117154577286793,all_cult,Sorghum,NA,NA,112,36874.555721620294,2251.469700497465,639.782197565888,0.7431193797060077,0.0020359435060438567,4.981056359696084,17.99934073670272
2014,20161,Soybeans,46672171.61782651,4667.217161782651,5.836418261794921,all_cult,Soybeans,0.21037929788280824,9,56,261364.16105982845,2143.5361358642613,639.782197565888,0.7431193797060077,0.0020359435060438567,4.981056359696084,17.99934073670272
2014,20161,Wheat,12027200.359655157,1202.7200359655158,1.5040176915733316,all_cult,Wheat,NA,NA,89,107042.08320093091,2560.955444335942,548.637817065839,0.7431193797060077,0.0020359435060438567,4.981056359696084,17.99934073670272
2014,20177,Corn,128633778.97088298,12863.377897088298,8.8274122668264,all_cult,Corn,0.1467243040162269,87,250,3215844.4742720746,2165.1235015869174,687.4265469731763,0.8165586765408516,0.0022371470590160317,5.329736829783841,18.056497903066163
2014,20177,Developed,258618904.29909256,25861.890429909257,17.747559828431758,developed,NA,NA,NA,NA,NA,NA,NA,0.8165586765408516,0.0022371470590160317,5.329736829783841,18.056497903066163
2014,20177,Double Crop,1929088.0799628498,192.908807996285,0.13238245752468514,all_cult,NA,NA,NA,NA,NA,NA,NA,0.8165586765408516,0.0022371470590160317,5.329736829783841,18.056497903066163
2014,20177,Grass/Pasture/Shrubland,630732151.970729,63073.2151970729,43.283597667207744,grassPastureHay,NA,NA,NA,NA,NA,NA,NA,0.8165586765408516,0.0022371470590160317,5.329736829783841,18.056497903066163
2014,20177,Other Crops,42722518.408800095,4272.25184088001,2.9318059850898432,all_cult,NA,NA,NA,NA,NA,NA,NA,0.8165586765408516,0.0022371470590160317,5.329736829783841,18.056497903066163
2014,20177,Sorghum,1175286.6108474077,117.52866108474076,0.08065330528756072,all_cult,Sorghum,NA,NA,112,13163.210041490966,2254.4854780853557,687.4265469731763,0.8165586765408516,0.0022371470590160317,5.329736829783841,18.056497903066163
2014,20177,Soybeans,142828483.04071632,14282.848304071633,9.801514915698908,all_cult,Soybeans,0.11940359597420375,60,56,799839.5050280114,2165.1235015869174,687.4265469731763,0.8165586765408516,0.0022371470590160317,5.329736829783841,18.056497903066163
2014,20177,Wheat,13261337.49355395,1326.133749355395,0.9100509539692604,all_cult,Wheat,NA,NA,89,118025.90369263015,2606.640859985356,556.9803994972026,0.8165586765408516,0.0022371470590160317,5.329736829783841,18.056497903066163
2014,20197,Corn,61726695.68286026,6172.669568286026,4.0159261258917995,all_cult,Corn,0.19892607431084708,32,250,1543167.3920715065,2125.4818145751988,648.3680983120576,0.7657064101072029,0.002097825781115624,5.065059546901778,17.751152979184525
2014,20197,Developed,53366279.04487896,5336.627904487896,3.471999138898839,developed,NA,NA,NA,NA,NA,NA,NA,0.7657064101072029,0.002097825781115624,5.065059546901778,17.751152979184525
2014,20197,Double Crop,542293.9170679899,54.229391706799,0.03528153071168295,all_cult,NA,NA,NA,NA,NA,NA,NA,0.7657064101072029,0.002097825781115624,5.065059546901778,17.751152979184525
2014,20197,Grass/Pasture/Shrubland,1191701288.4484386,119170.12884484386,77.53184073107415,grassPastureHay,NA,NA,NA,NA,NA,NA,NA,0.7657064101072029,0.002097825781115624,5.065059546901778,17.751152979184525
2014,20197,Other Crops,32286294.708671313,3228.629470867131,2.1005396934733054,all_cult,NA,NA,NA,NA,NA,NA,NA,0.7657064101072029,0.002097825781115624,5.065059546901778,17.751152979184525
2014,20197,Sorghum,560225.4794560096,56.02254794560096,0.0364481544726905,all_cult,Sorghum,NA,NA,112,6274.525369907307,2217.4383738533243,648.3680983120576,0.7657064101072029,0.002097825781115624,5.065059546901778,17.751152979184525
2014,20197,Soybeans,86992584.64945197,8699.258464945196,5.659719665661517,all_cult,Soybeans,0.13576339743786428,23,56,487158.474036931,2125.4818145751988,648.3680983120576,0.7657064101072029,0.002097825781115624,5.065059546901778,17.751152979184525
2014,20197,Wheat,7518588.5580542,751.85885580542,0.48915782525039736,all_cult,Wheat,NA,NA,89,66915.43816668239,2553.6297363281296,551.4366061348701,0.7657064101072029,0.002097825781115624,5.065059546901778,17.751152979184525
2014,20209,Corn,2098781.0753513905,209.87810753513904,0.8180243041200779,all_cult,Corn,NA,NA,250,52469.52688378476,2162.8031402587926,855.7903195754625,0.999438103312983,0.0027381865844191317,6.076675247819479,17.30076837409035
2014,20209,Developed,147363846.98044094,14736.384698044094,57.43677117845658,developed,NA,NA,NA,NA,NA,NA,NA,0.999438103312983,0.0027381865844191317,6.076675247819479,17.30076837409035
2014,20209,Double Crop,36135.00482820021,3.613500482820021,0.01408403788566424,all_cult,NA,NA,NA,NA,NA,NA,NA,0.999438103312983,0.0027381865844191317,6.076675247819479,17.30076837409035
2014,20209,Grass/Pasture/Shrubland,31171049.457098287,3117.104945709829,12.14927861714506,grassPastureHay,NA,NA,NA,NA,NA,NA,NA,0.999438103312983,0.0027381865844191317,6.076675247819479,17.30076837409035
2014,20209,Other Crops,7918077.63810013,791.807763810013,3.0861627379554877,all_cult,NA,NA,NA,NA,NA,NA,NA,0.999438103312983,0.0027381865844191317,6.076675247819479,17.30076837409035
2014,20209,Sorghum,11362.815016683404,1.1362815016683403,0.00442878914624832,all_cult,Sorghum,NA,NA,112,127.26352818685412,2220.215264892582,855.7903195754625,0.999438103312983,0.0027381865844191317,6.076675247819479,17.30076837409035
2014,20209,Soybeans,9515627.41093776,951.562741093776,3.708826319484063,all_cult,Soybeans,NA,NA,56,53287.51350125146,2162.8031402587926,855.7903195754625,0.999438103312983,0.0027381865844191317,6.076675247819479,17.30076837409035
2014,20209,Wheat,225232.7113265677,22.52327113265677,0.08778706560289828,all_cult,Wheat,NA,NA,89,2004.5711308064526,2630.5450317382856,642.3714025592271,0.999438103312983,0.0027381865844191317,6.076675247819479,17.30076837409035
2015,20005,Corn,162473574.86807343,16247.357486807345,21.707922253582495,all_cult,Corn,NA,NA,250,4061839.371701836,2172.5339416503944,856.2130205128342,1.0948873921385966,0.0029996914853112236,6.621640599917082,18.874780022608114
2015,20005,Developed,36051736.28243579,3605.173628243579,4.8168343003546505,developed,NA,NA,NA,NA,NA,NA,NA,1.0948873921385966,0.0029996914853112236,6.621640599917082,18.874780022608114
2015,20005,Double Crop,695680.7745725174,69.56807745725173,0.09294917145754146,all_cult,NA,NA,NA,NA,NA,NA,NA,1.0948873921385966,0.0029996914853112236,6.621640599917082,18.874780022608114
2015,20005,Grass/Pasture/Shrubland,218477206.06470525,21847.720606470524,29.190508101293062,grassPastureHay,NA,NA,NA,NA,NA,NA,NA,1.0948873921385966,0.0029996914853112236,6.621640599917082,18.874780022608114
2015,20005,Other Crops,17009533.09706799,1700.9533097067988,2.272625701383809,all_cult,NA,NA,NA,NA,NA,NA,NA,1.0948873921385966,0.0029996914853112236,6.621640599917082,18.874780022608114
2015,20005,Sorghum,1687457.7233298924,168.74577233298925,0.22545943913646707,all_cult,Sorghum,NA,NA,112,18899.526501294797,2240.7964721679728,856.2130205128342,1.0948873921385966,0.0029996914853112236,6.621640599917082,18.874780022608114
2015,20005,Soybeans,143721759.64870116,14372.175964870115,19.202512083182736,all_cult,Soybeans,NA,NA,56,804841.8540327265,2172.5339416503944,856.2130205128342,1.0948873921385966,0.0029996914853112236,6.621640599917082,18.874780022608114
2015,20005,Wheat,5328618.735386393,532.8618735386393,0.7119511054069941,all_cult,Wheat,NA,NA,89,47424.7067449389,2597.2576873779344,807.971929596737,1.0948873921385966,0.0029996914853112236,6.621640599917082,18.874780022608114
2015,20013,Corn,114297871.73140146,11429.787173140146,25.589618931727188,all_cult,Corn,0.11884738983186292,19,250,2857446.7932850365,2116.9684234619176,879.5665321137058,1.118321577447583,0.003063894732733104,6.084384991371492,18.75361729452057
2015,20013,Developed,24270300.210620362,2427.030021062036,5.43376463918676,developed,NA,NA,NA,NA,NA,NA,NA,1.118321577447583,0.003063894732733104,6.084384991371492,18.75361729452057
2015,20013,Double Crop,80846.52947049211,8.08465294704921,0.01810035348658349,all_cult,NA,NA,NA,NA,NA,NA,NA,1.118321577447583,0.003063894732733104,6.084384991371492,18.75361729452057
2015,20013,Grass/Pasture/Shrubland,117120608.39723556,11712.060839723556,26.22158831601332,grassPastureHay,NA,NA,NA,NA,NA,NA,NA,1.118321577447583,0.003063894732733104,6.084384991371492,18.75361729452057
2015,20013,Other Crops,12608464.257582635,1260.8464257582634,2.8228504238823944,all_cult,NA,NA,NA,NA,NA,NA,NA,1.118321577447583,0.003063894732733104,6.084384991371492,18.75361729452057
2015,20013,Sorghum,252602.0356127965,25.26020356127965,0.05655389496578147,all_cult,Sorghum,NA,NA,112,2829.142798863321,2181.826910400395,879.5665321137058,1.118321577447583,0.003063894732733104,6.084384991371492,18.75361729452057
2015,20013,Soybeans,117450527.5294534,11745.05275294534,26.295452376155932,all_cult,Soybeans,0.10097012209793915,15,56,657722.954164939,2116.9684234619176,879.5665321137058,1.118321577447583,0.003063894732733104,6.084384991371492,18.75361729452057
2015,20013,Wheat,4096706.7887998093,409.6706788799809,0.917192630207179,all_cult,Wheat,NA,NA,89,36460.6904203183,2526.7056152343794,801.9810741888359,1.118321577447583,0.003063894732733104,6.084384991371492,18.75361729452057
2015,20045,Corn,74439628.08604802,7443.9628086048015,7.636722639056687,all_cult,Corn,0.07767792508352817,11,250,1860990.7021512003,2244.9152374267615,902.1930699639996,1.19176624078643,0.0032651129884559726,7.452480911881979,19.341877140410983
2015,20045,Developed,131231312.91971938,13123.131291971938,13.462951979941288,developed,NA,NA,NA,NA,NA,NA,NA,1.19176624078643,0.0032651129884559726,7.452480911881979,19.341877140410983
2015,20045,Double Crop,2011835.5962703887,201.18355962703887,0.2063931650268116,all_cult,NA,NA,NA,NA,NA,NA,NA,1.19176624078643,0.0032651129884559726,7.452480911881979,19.341877140410983
2015,20045,Grass/Pasture/Shrubland,352307020.1134355,35230.70201134355,36.1429935314674,grassPastureHay,NA,NA,NA,NA,NA,NA,NA,1.19176624078643,0.0032651129884559726,7.452480911881979,19.341877140410983
2015,20045,Other Crops,39877126.14361546,3987.712614361546,4.090973582638636,all_cult,NA,NA,NA,NA,NA,NA,NA,1.19176624078643,0.0032651129884559726,7.452480911881979,19.341877140410983
2015,20045,Sorghum,1416052.2660979074,141.60522660979075,0.14527206377357288,all_cult,Sorghum,NA,NA,112,15859.785380296564,2323.2247833251995,902.1930699639996,1.19176624078643,0.0032651129884559726,7.452480911881979,19.341877140410983
2015,20045,Soybeans,100839961.93140788,10083.996193140789,10.345119125434374,all_cult,Soybeans,0.07328964935616536,5,56,564703.7868158842,2244.9152374267615,902.1930699639996,1.19176624078643,0.0032651129884559726,7.452480911881979,19.341877140410983
2015,20045,Wheat,10042050.742651327,1004.2050742651326,1.030208750644401,all_cult,Wheat,NA,NA,89,89374.2516095968,2743.0389038085987,759.0723754074097,1.19176624078643,0.0032651129884559726,7.452480911881979,19.341877140410983
2015,20061,Corn,30354594.03658997,3035.459403658997,3.8699254125578704,all_cult,Corn,0.10812575350857552,15,250,758864.8509147492,2218.666870117191,762.6161601756467,1.017297440262453,0.0027871162746916527,6.864990527009334,19.489693754013295
2015,20061,Developed,63056976.385594875,6305.697638559487,8.039171766208504,developed,NA,NA,NA,NA,NA,NA,NA,1.017297440262453,0.0027871162746916527,6.864990527009334,19.489693754013295
2015,20061,Double Crop,7513574.485788543,751.3574485788542,0.9579101208419922,all_cult,NA,NA,NA,NA,NA,NA,NA,1.017297440262453,0.0027871162746916527,6.864990527009334,19.489693754013295
2015,20061,Grass/Pasture/Shrubland,457212717.04012996,45721.271704012994,58.290323714604405,grassPastureHay,NA,NA,NA,NA,NA,NA,NA,1.017297440262453,0.0027871162746916527,6.864990527009334,19.489693754013295
2015,20061,Other Crops,20289114.16384088,2028.911416384088,2.586671342278188,all_cult,NA,NA,NA,NA,NA,NA,NA,1.017297440262453,0.0027871162746916527,6.864990527009334,19.489693754013295
2015,20061,Sorghum,7170132.960115606,717.0132960115606,0.9141245546002816,all_cult,Sorghum,NA,NA,112,80305.48915329478,2324.66448094102,762.6161601756467,1.017297440262453,0.0027871162746916527,6.864990527009334,19.489693754013295
2015,20061,Soybeans,39264414.47360738,3926.441447360738,5.005843767749112,all_cult,Soybeans,0.10287216515397929,6,56,219880.72105220132,2218.666870117191,762.6161601756467,1.017297440262453,0.0027871162746916527,6.864990527009334,19.489693754013295
2015,20061,Wheat,14662900.860558102,1466.2900860558102,1.8693820313883895,all_cult,Wheat,NA,NA,89,130499.8176589671,2651.2414123535204,590.8826539069414,1.017297440262453,0.0027871162746916527,6.864990527009334,19.489693754013295
2015,20085,Corn,128952511.33815058,12895.251133815058,7.579148191467057,all_cult,Corn,NA,NA,250,3223812.7834537644,2156.015158081058,843.2103335420834,1.075195577638282,0.002945741308598033,6.303660060934847,19.068902922329862
2015,20085,Developed,72216650.42522533,7221.6650425225325,4.244513656883118,developed,NA,NA,NA,NA,NA,NA,NA,1.075195577638282,0.002945741308598033,6.303660060934847,19.068902922329862
2015,20085,Double Crop,3471252.8713959996,347.12528713959995,0.20402192752474352,all_cult,NA,NA,NA,NA,NA,NA,NA,1.075195577638282,0.002945741308598033,6.303660060934847,19.068902922329862
2015,20085,Grass/Pasture/Shrubland,942928186.7507838,94292.81867507838,55.420343404984905,grassPastureHay,NA,NA,NA,NA,NA,NA,NA,1.075195577638282,0.002945741308598033,6.303660060934847,19.068902922329862
2015,20085,Other Crops,88330107.41154924,8833.010741154923,5.1915776350008365,all_cult,NA,NA,NA,NA,NA,NA,NA,1.075195577638282,0.002945741308598033,6.303660060934847,19.068902922329862
2015,20085,Sorghum,3163199.65600044,316.319965600044,0.1859161849834571,all_cult,Sorghum,NA,NA,112,35427.83614720493,2233.2734283447307,843.2103335420834,1.075195577638282,0.002945741308598033,6.303660060934847,19.068902922329862
2015,20085,Soybeans,157987351.22699144,15798.735122699143,9.28566287621007,all_cult,Soybeans,NA,NA,56,884729.166871152,2156.015158081058,843.2103335420834,1.075195577638282,0.002945741308598033,6.303660060934847,19.068902922329862
2015,20085,Wheat,19967542.921852846,1996.7542921852844,1.1735868131125635,all_cult,Wheat,NA,NA,89,177711.1320044903,2564.737246704106,791.5120080724591,1.075195577638282,0.002945741308598033,6.303660060934847,19.068902922329862
2015,20087,Corn,156621650.23732138,15662.16502373214,10.8951614909064,all_cult,Corn,0.05306036471158494,25,250,3915541.2559330347,2200.988476562504,839.1905903869192,1.1007453294888838,0.0030157406287366676,6.976761574941162,19.103360696034912
2015,20087,Developed,82007715.1881137,8200.77151881137,5.704749625105451,developed,NA,NA,NA,NA,NA,NA,NA,1.1007453294888838,0.0030157406287366676,6.976761574941162,19.103360696034912
2015,20087,Double Crop,4510799.670893235,451.07996708932353,0.3137873390622611,all_cult,NA,NA,NA,NA,NA,NA,NA,1.1007453294888838,0.0030157406287366676,6.976761574941162,19.103360696034912
2015,20087,Grass/Pasture/Shrubland,541868287.5867567,54186.82875867567,37.694293803653345,grassPastureHay,NA,NA,NA,NA,NA,NA,NA,1.1007453294888838,0.0030157406287366676,6.976761574941162,19.103360696034912
2015,20087,Other Crops,58237660.87918811,5823.7660879188115,4.051219733478451,all_cult,NA,NA,NA,NA,NA,NA,NA,1.1007453294888838,0.0030157406287366676,6.976761574941162,19.103360696034912
2015,20087,Sorghum,4778508.895174416,477.8508895174416,0.3324101490424213,all_cult,Sorghum,NA,NA,112,53519.299625953456,2274.828955078129,839.1905903869192,1.1007453294888838,0.0030157406287366676,6.976761574941162,19.103360696034912
2015,20087,Soybeans,165707565.37026072,16570.75653702607,11.527210205219172,all_cult,Soybeans,0.04643360468946619,15,56,927962.36607346,2200.988476562504,839.1905903869192,1.1007453294888838,0.0030157406287366676,6.976761574941162,19.103360696034912
2015,20087,Wheat,7694192.903170386,769.4192903170386,0.5352355443529324,all_cult,Wheat,NA,NA,89,68478.31683821644,2658.5670654296923,744.8344190717908,1.1007453294888838,0.0030157406287366676,6.976761574941162,19.103360696034912
2015,20091,Corn,20271990.43313529,2027.1990433135288,3.3572271650960106,all_cult,Corn,NA,NA,250,506799.7608283822,2228.804144287113,914.4508882756344,1.2129736638856121,0.003323215517494828,7.676065397915798,19.01656276755139
2015,20091,Developed,279883384.14843506,27988.338414843507,46.351250185392075,developed,NA,NA,NA,NA,NA,NA,NA,1.2129736638856121,0.003323215517494828,7.676065397915798,19.01656276755139
2015,20091,Double Crop,1156466.2725967083,115.64662725967084,0.19152139986870165,all_cult,NA,NA,NA,NA,NA,NA,NA,1.2129736638856121,0.003323215517494828,7.676065397915798,19.01656276755139
2015,20091,Grass/Pasture/Shrubland,135009168.49852222,13500.916849852223,22.35875404121145,grassPastureHay,NA,NA,NA,NA,NA,NA,NA,1.2129736638856121,0.003323215517494828,7.676065397915798,19.01656276755139
2015,20091,Other Crops,10754840.588293659,1075.484058829366,1.781100040392648,all_cult,NA,NA,NA,NA,NA,NA,NA,1.2129736638856121,0.003323215517494828,7.676065397915798,19.01656276755139
2015,20091,Sorghum,613648.0443626672,61.364804436266724,0.10162573286217567,all_cult,Sorghum,NA,NA,112,6872.8580968618735,2296.6710235595747,914.4508882756344,1.2129736638856121,0.003323215517494828,7.676065397915798,19.01656276755139
2015,20091,Soybeans,39970189.12760577,3997.0189127605777,6.619429166357865,all_cult,Soybeans,NA,NA,56,223833.05911459235,2228.804144287113,914.4508882756344,1.2129736638856121,0.003323215517494828,7.676065397915798,19.01656276755139
2015,20091,Wheat,4556840.133394891,455.6840133394892,0.7546544348120532,all_cult,Wheat,NA,NA,89,40555.87718721454,2742.18347473145,806.6966124870814,1.2129736638856121,0.003323215517494828,7.676065397915798,19.01656276755139
2015,20103,Corn,62472524.40348547,6247.252440348547,6.914391811125749,all_cult,Corn,0.029542738291112387,4,250,1561813.1100871367,2215.4058471679723,863.2780846836395,1.14493879193248,0.0031368186080341916,7.31480951178566,19.03306332940927
2015,20103,Developed,66099462.63078502,6609.946263078502,7.315817433313345,developed,NA,NA,NA,NA,NA,NA,NA,1.14493879193248,0.0031368186080341916,7.31480951178566,19.03306332940927
2015,20103,Double Crop,1417768.1397070796,141.77681397070796,0.15691705287834806,all_cult,NA,NA,NA,NA,NA,NA,NA,1.14493879193248,0.0031368186080341916,7.31480951178566,19.03306332940927
2015,20103,Grass/Pasture/Shrubland,367214731.80809647,36721.47318080965,40.64293157324343,grassPastureHay,NA,NA,NA,NA,NA,NA,NA,1.14493879193248,0.0031368186080341916,7.31480951178566,19.03306332940927
2015,20103,Other Crops,48228477.457514375,4822.847745751437,5.337876014766824,all_cult,NA,NA,NA,NA,NA,NA,NA,1.14493879193248,0.0031368186080341916,7.31480951178566,19.03306332940927
2015,20103,Sorghum,2554468.699194793,255.4468699194793,0.28272584826913266,all_cult,Sorghum,NA,NA,112,28610.049430981682,2283.970526123051,863.2780846836395,1.14493879193248,0.0031368186080341916,7.31480951178566,19.03306332940927
2015,20103,Soybeans,87147486.196863845,8714.748619686385,9.645390044237926,all_cult,Soybeans,NA,NA,56,488025.92270243756,2215.4058471679723,863.2780846836395,1.14493879193248,0.0031368186080341916,7.31480951178566,19.03306332940927
2015,20103,Wheat,8318444.466130761,831.8444466130761,0.9206764869375096,all_cult,Wheat,NA,NA,89,74034.15574856377,2693.3843444824265,788.3792936412501,1.14493879193248,0.0031368186080341916,7.31480951178566,19.03306332940927
2015,20117,Corn,2558072.8048843294,255.80728048843292,12.503135461530034,all_cult,Corn,0.13468481552073477,9,250,63951.82012210823,2075.7237426757847,830.7436098922044,1.090290871905163,0.002987098279192227,5.976330942650387,18.439138166871814
2015,20117,Developed,653378.1263955164,65.33781263955164,3.1935272547073703,developed,NA,NA,NA,NA,NA,NA,NA,1.090290871905163,0.002987098279192227,5.976330942650387,18.439138166871814
2015,20117,Double Crop,0,0,0,all_cult,NA,NA,NA,NA,NA,NA,NA,1.090290871905163,0.002987098279192227,5.976330942650387,18.439138166871814
2015,20117,Grass/Pasture/Shrubland,13097949.894374894,1309.7949894374894,64.01906993616917,grassPastureHay,NA,NA,NA,NA,NA,NA,NA,1.090290871905163,0.002987098279192227,5.976330942650387,18.439138166871814
2015,20117,Other Crops,491166.3004068874,49.11663004068874,2.400681785287795,all_cult,NA,NA,NA,NA,NA,NA,NA,1.090290871905163,0.002987098279192227,5.976330942650387,18.439138166871814
2015,20117,Sorghum,103022.70286970446,10.302270286970446,0.5035457971068651,all_cult,Sorghum,NA,NA,112,1153.85427214069,2141.7818908691447,830.7436098922044,1.090290871905163,0.002987098279192227,5.976330942650387,18.439138166871814
2015,20117,Soybeans,1801058.8506134758,180.10588506134758,8.803065628316288,all_cult,Soybeans,0.10950890048041832,7,56,10085.929563435464,2075.7237426757847,830.7436098922044,1.090290871905163,0.002987098279192227,5.976330942650387,18.439138166871814
2015,20117,Wheat,85172.0406642804,8.51720406642804,0.4162968152927906,all_cult,Wheat,NA,NA,89,758.0311619120955,2463.3303741455125,696.2837881073356,1.090290871905163,0.002987098279192227,5.976330942650387,18.439138166871814
2015,20127,Corn,9017556.929686408,901.7556929686408,3.3501015801248872,all_cult,Corn,NA,NA,250,225438.9232421602,2196.761859130863,817.9323938207817,1.0672336594544467,0.002923927834121772,6.745697397728512,19.479356656009227
2015,20127,Developed,11885287.15965934,1188.528715965934,4.41548854132906,developed,NA,NA,NA,NA,NA,NA,NA,1.0672336594544467,0.002923927834121772,6.745697397728512,19.479356656009227
2015,20127,Double Crop,5394236.456482179,539.423645648218,2.004006208925222,all_cult,NA,NA,NA,NA,NA,NA,NA,1.0672336594544467,0.002923927834121772,6.745697397728512,19.479356656009227
2015,20127,Grass/Pasture/Shrubland,154442546.61313793,15444.254661313793,57.37676218531818,grassPastureHay,NA,NA,NA,NA,NA,NA,NA,1.0672336594544467,0.002923927834121772,6.745697397728512,19.479356656009227
2015,20127,Other Crops,11580414.595869372,1158.0414595869372,4.302225706876955,all_cult,NA,NA,NA,NA,NA,NA,NA,1.0672336594544467,0.002923927834121772,6.745697397728512,19.479356656009227
2015,20127,Sorghum,8997268.249452904,899.7268249452903,3.3425641572686864,all_cult,Sorghum,NA,NA,112,100769.40439387252,2301.973215071879,817.9323938207817,1.0672336594544467,0.002923927834121772,6.745697397728512,19.479356656009227
2015,20127,Soybeans,27606780.21052397,2760.678021052397,10.25616125593488,all_cult,Soybeans,NA,NA,56,154597.96917893423,2196.761859130863,817.9323938207817,1.0672336594544467,0.002923927834121772,6.745697397728512,19.479356656009227
2015,20127,Wheat,22696476.03147923,2269.647603147923,8.431940137357069,all_cult,Wheat,NA,NA,89,201998.63668016513,2630.8626464843796,607.8598842445062,1.0672336594544467,0.002923927834121772,6.745697397728512,19.479356656009227
2015,20131,Corn,124960440.3192237,12496.04403192237,16.466219041580327,all_cult,Corn,0.09951093291753768,8,250,3124011.0079805925,2078.9936279296912,817.130288052751,1.062146077883808,0.0029099892544761866,5.913397049577291,18.470795931881444
2015,20131,Developed,34830355.71288463,3483.035571288463,4.589646651367369,developed,NA,NA,NA,NA,NA,NA,NA,1.062146077883808,0.0029099892544761866,5.913397049577291,18.470795931881444
2015,20131,Double Crop,427771.01601027674,42.777101601027674,0.05636800919771551,all_cult,NA,NA,NA,NA,NA,NA,NA,1.062146077883808,0.0029099892544761866,5.913397049577291,18.470795931881444
2015,20131,Grass/Pasture/Shrubland,312943578.1397239,31294.357813972387,41.23703063258072,grassPastureHay,NA,NA,NA,NA,NA,NA,NA,1.062146077883808,0.0029099892544761866,5.913397049577291,18.470795931881444
2015,20131,Other Crops,27684883.101188216,2768.4883101188216,3.64807732847418,all_cult,NA,NA,NA,NA,NA,NA,NA,1.062146077883808,0.0029099892544761866,5.913397049577291,18.470795931881444
2015,20131,Sorghum,1029583.4598947276,102.95834598947276,0.1356697105812506,all_cult,Sorghum,NA,NA,112,11531.33475082095,2142.7097106933634,817.130288052751,1.062146077883808,0.0029099892544761866,5.913397049577291,18.470795931881444
2015,20131,Soybeans,134906396.76068437,13490.639676068438,17.776812193498937,all_cult,Soybeans,NA,NA,56,755475.8218598325,2078.9936279296912,817.130288052751,1.062146077883808,0.0029099892544761866,5.913397049577291,18.470795931881444
2015,20131,Wheat,12351555.928789528,1235.1555928789528,1.6275824965742407,all_cult,Wheat,NA,NA,89,109928.8477662268,2467.720028686528,748.8832409362658,1.062146077883808,0.0029099892544761866,5.913397049577291,18.470795931881444
2015,20139,Corn,22193140.26008246,2219.314026008246,10.090887860093536,all_cult,Corn,NA,NA,250,554828.5065020615,2250.877578735355,972.0502835661172,1.2540719492658974,0.0034358135596325953,7.269820957967703,19.59012986274617
2015,20139,Developed,11341260.787963849,1134.126078796385,5.156701100531595,developed,NA,NA,NA,NA,NA,NA,NA,1.2540719492658974,0.0034358135596325953,7.269820957967703,19.59012986274617
2015,20139,Double Crop,1340288.633647981,134.0288633647981,0.6094091301998338,all_cult,NA,NA,NA,NA,NA,NA,NA,1.2540719492658974,0.0034358135596325953,7.269820957967703,19.59012986274617
2015,20139,Grass/Pasture/Shrubland,108569391.52819811,10856.93915281981,49.364873204544224,grassPastureHay,NA,NA,NA,NA,NA,NA,NA,1.2540719492658974,0.0034358135596325953,7.269820957967703,19.59012986274617
2015,20139,Other Crops,5630099.450937353,563.0099450937353,2.559921738645017,all_cult,NA,NA,NA,NA,NA,NA,NA,1.2540719492658974,0.0034358135596325953,7.269820957967703,19.59012986274617
2015,20139,Sorghum,413527.0919252723,41.35270919252723,0.18802456357354677,all_cult,Sorghum,NA,NA,112,4631.503429563049,2343.1656555175823,972.0502835661172,1.2540719492658974,0.0034358135596325953,7.269820957967703,19.59012986274617
2015,20139,Soybeans,26619410.86036245,2661.941086036245,12.103446684235728,all_cult,Soybeans,NA,NA,56,149068.70081802973,2250.877578735355,972.0502835661172,1.2540719492658974,0.0034358135596325953,7.269820957967703,19.59012986274617
2015,20139,Wheat,2790982.0622340017,279.09820622340015,1.269017663993769,all_cult,Wheat,NA,NA,89,24839.740353882615,2741.9677673339893,802.5870552391607,1.2540719492658974,0.0034358135596325953,7.269820957967703,19.59012986274617
2015,20149,Corn,136150731.2038682,13615.073120386822,7.9447276306426655,all_cult,Corn,0.06709845908502698,44,250,3403768.2800967055,2162.8224243164095,789.0026667165657,1.0370568600987171,0.0028412516715033346,6.380727814974873,19.166548971933885
2015,20149,Developed,87141527.43225965,8714.152743225965,5.084920915561043,developed,NA,NA,NA,NA,NA,NA,NA,1.0370568600987171,0.0028412516715033346,6.380727814974873,19.166548971933885
2015,20149,Double Crop,2578773.3044960652,257.8773304496065,0.1504777193940733,all_cult,NA,NA,NA,NA,NA,NA,NA,1.0370568600987171,0.0028412516715033346,6.380727814974873,19.166548971933885
2015,20149,Grass/Pasture/Shrubland,1040722327.5647299,104072.232756473,60.72868914122546,grassPastureHay,NA,NA,NA,NA,NA,NA,NA,1.0370568600987171,0.0028412516715033346,6.380727814974873,19.166548971933885
2015,20149,Other Crops,34742178.013142236,3474.2178013142234,2.0272909235898044,all_cult,NA,NA,NA,NA,NA,NA,NA,1.0370568600987171,0.0028412516715033346,6.380727814974873,19.166548971933885
2015,20149,Sorghum,3239395.295491297,323.9395295491297,0.1890266257338497,all_cult,Sorghum,NA,NA,112,36281.22730950253,2249.01533813477,789.0026667165657,1.0370568600987171,0.0028412516715033346,6.380727814974873,19.166548971933885
2015,20149,Soybeans,160510001.9219511,16051.000192195108,9.366150559664431,all_cult,Soybeans,0.07398043552749375,59,56,898856.0107629261,2162.8224243164095,789.0026667165657,1.0370568600987171,0.0028412516715033346,6.380727814974873,19.166548971933885
2015,20149,Wheat,12305698.171517529,1230.5698171517529,0.7180675374501888,all_cult,Wheat,NA,NA,89,109520.713726506,2575.9277984619184,694.7833461681003,1.0370568600987171,0.0028412516715033346,6.380727814974873,19.166548971933885
2015,20161,Corn,21669055.904441703,2166.9055904441702,2.7097447839395867,all_cult,Corn,0.12262170734272884,8,250,541726.3976110426,2213.8544769287146,764.6751731467593,1.0216246091929424,0.0027989715320354586,6.655090499250879,19.52519982742939
2015,20161,Developed,95624743.53425471,9562.474353425472,11.95800366892743,developed,NA,NA,NA,NA,NA,NA,NA,1.0216246091929424,0.0027989715320354586,6.655090499250879,19.52519982742939
2015,20161,Double Crop,3221906.0858053486,322.19060858053484,0.4029037189647323,all_cult,NA,NA,NA,NA,NA,NA,NA,1.0216246091929424,0.0027989715320354586,6.655090499250879,19.52519982742939
2015,20161,Grass/Pasture/Shrubland,408849587.05051017,40884.958705051016,51.127194503147784,grassPastureHay,NA,NA,NA,NA,NA,NA,NA,1.0216246091929424,0.0027989715320354586,6.655090499250879,19.52519982742939
2015,20161,Other Crops,11278011.445862137,1127.8011445862137,1.4103306033915215,all_cult,NA,NA,NA,NA,NA,NA,NA,1.0216246091929424,0.0027989715320354586,6.655090499250879,19.52519982742939
2015,20161,Sorghum,11500736.802371856,1150.0736802371855,1.438182710825957,all_cult,Sorghum,NA,NA,112,128808.25218656477,2321.7789096519573,764.6751731467593,1.0216246091929424,0.0027989715320354586,6.655090499250879,19.52519982742939
2015,20161,Soybeans,58158173.394082114,5815.817339408211,7.272758337651648,all_cult,Soybeans,0.06384165687466098,15,56,325685.77100685984,2213.8544769287146,764.6751731467593,1.0216246091929424,0.0027989715320354586,6.655090499250879,19.52519982742939
2015,20161,Wheat,17133408.53857806,1713.3408538578058,2.1425559389046236,all_cult,Wheat,NA,NA,89,152487.33599334472,2632.5983978271533,591.1066998788156,1.0216246091929424,0.0027989715320354586,6.655090499250879,19.52519982742939
2015,20177,Corn,136011087.65057912,13601.108765057914,9.3336754401259725,all_cult,Corn,0.03241550865539526,51,250,3400277.1912644785,2236.1400604248083,947.7568074776792,1.212980909674894,0.0033232353689723127,7.083544420216205,19.525774477605975
2015,20177,Developed,256076615.1681533,25607.66151681533,17.573096834031563,developed,NA,NA,NA,NA,NA,NA,NA,1.212980909674894,0.0033232353689723127,7.083544420216205,19.525774477605975
2015,20177,Double Crop,3786466.580502821,378.6466580502821,0.25984389021350834,all_cult,NA,NA,NA,NA,NA,NA,NA,1.212980909674894,0.0033232353689723127,7.083544420216205,19.525774477605975
2015,20177,Grass/Pasture/Shrubland,626298621.6275102,62629.862162751015,42.97934943280008,grassPastureHay,NA,NA,NA,NA,NA,NA,NA,1.212980909674894,0.0033232353689723127,7.083544420216205,19.525774477605975
2015,20177,Other Crops,28430605.623261925,2843.0605623261927,1.9510324491741335,all_cult,NA,NA,NA,NA,NA,NA,NA,1.212980909674894,0.0033232353689723127,7.083544420216205,19.525774477605975
2015,20177,Sorghum,2238165.2168461215,223.81652168461213,0.1535926818634768,all_cult,Sorghum,NA,NA,112,25067.45042867656,2325.5373321533248,947.7568074776792,1.212980909674894,0.0033232353689723127,7.083544420216205,19.525774477605975
2015,20177,Soybeans,136348919.5870055,13634.89195870055,9.356858944518008,all_cult,Soybeans,0.06186982293887133,30,56,763553.94968723075,2236.1400604248083,947.7568074776792,1.212980909674894,0.0033232353689723127,7.083544420216205,19.525774477605975
2015,20177,Wheat,18119800.556511357,1811.980055651136,1.243459929302101,all_cult,Wheat,NA,NA,89,161266.2249529511,2716.805999755864,747.1127515216358,1.212980909674894,0.0033232353689723127,7.083544420216205,19.525774477605975
2015,20197,Corn,77345774.20852666,7734.5774208526655,5.032100162419664,all_cult,Corn,0.055984427861606026,17,250,1933644.3552131664,2196.7592010498083,858.2037160062464,1.0955713275299641,0.003001565280904011,6.758323021457643,19.386442419600836
2015,20197,Developed,52741449.28703714,5274.144928703714,3.431347843361431,developed,NA,NA,NA,NA,NA,NA,NA,1.0955713275299641,0.003001565280904011,6.758323021457643,19.386442419600836
2015,20197,Double Crop,1592169.501174323,159.2169501174323,0.1035862202873354,all_cult,NA,NA,NA,NA,NA,NA,NA,1.0955713275299641,0.003001565280904011,6.758323021457643,19.386442419600836
2015,20197,Grass/Pasture/Shrubland,1173993800.8290465,117399.38008290464,76.3797952284284,grassPastureHay,NA,NA,NA,NA,NA,NA,NA,1.0955713275299641,0.003001565280904011,6.758323021457643,19.386442419600836
2015,20197,Other Crops,26291827.35678521,2629.182735678521,1.7105408804325273,all_cult,NA,NA,NA,NA,NA,NA,NA,1.0955713275299641,0.003001565280904011,6.758323021457643,19.386442419600836
2015,20197,Sorghum,4313898.078114924,431.3898078114924,0.28066132172933744,all_cult,Sorghum,NA,NA,112,48315.65847488715,2290.8190063476604,858.2037160062464,1.0955713275299641,0.003001565280904011,6.758323021457643,19.386442419600836
2015,20197,Soybeans,79166883.97817016,7916.688397817015,5.15058118948781,all_cult,Soybeans,0.08324077850713692,24,56,443334.55027775286,2196.7592010498083,858.2037160062464,1.0955713275299641,0.003001565280904011,6.758323021457643,19.386442419600836
2015,20197,Wheat,6850053.370865419,685.0053370865419,0.4456630634685046,all_cult,Wheat,NA,NA,89,60965.47500070223,2641.3479095459033,689.2975637393538,1.0955713275299641,0.003001565280904011,6.758323021457643,19.386442419600836
2015,20209,Corn,5038937.881260996,503.89378812609954,1.963984572870565,all_cult,Corn,NA,NA,250,125973.44703152489,2250.868905639652,918.8649705772988,1.2095704204348148,0.003313891562835109,7.870280811884655,18.93663639434399
2015,20209,Developed,147029342.5473648,14702.93425473648,57.30639418997226,developed,NA,NA,NA,NA,NA,NA,NA,1.2095704204348148,0.003313891562835109,7.870280811884655,18.93663639434399
2015,20209,Double Crop,235801.56098938073,23.580156098938073,0.0919063975295619,all_cult,NA,NA,NA,NA,NA,NA,NA,1.2095704204348148,0.003313891562835109,7.870280811884655,18.93663639434399
2015,20209,Grass/Pasture/Shrubland,41002324.46146737,4100.232446146737,15.981132252815785,grassPastureHay,NA,NA,NA,NA,NA,NA,NA,1.2095704204348148,0.003313891562835109,7.870280811884655,18.93663639434399
2015,20209,Other Crops,383775.22862413607,38.377522862413606,0.1495808533918772,all_cult,NA,NA,NA,NA,NA,NA,NA,1.2095704204348148,0.003313891562835109,7.870280811884655,18.93663639434399
2015,20209,Sorghum,133673.84452805595,13.367384452805595,0.05210093369591238,all_cult,Sorghum,NA,NA,112,1497.1470587142267,2317.611889648442,918.8649705772988,1.2095704204348148,0.003313891562835109,7.870280811884655,18.93663639434399
2015,20209,Soybeans,5580567.327342181,558.056732734218,2.175090941193104,all_cult,Soybeans,NA,NA,56,31251.17703311621,2250.868905639652,918.8649705772988,1.2095704204348148,0.003313891562835109,7.870280811884655,18.93663639434399
2015,20209,Wheat,261583.90856964304,26.158390856964303,0.101955366993609,all_cult,Wheat,NA,NA,89,2328.096786269823,2743.615426635747,842.9457115146797,1.2095704204348148,0.003313891562835109,7.870280811884655,18.93663639434399
2016,20005,Corn,185263918.53921616,18526.391853921617,24.752915932999642,all_cult,Corn,0.12702644416620548,9,250,4631597.963480405,2245.7660308837926,974.3625627076252,1.0808228451786563,0.002953067883001793,7.064383901794123,19.69296621520665
2016,20005,Developed,35672095.58078772,3567.209558078772,4.7661109083054285,developed,NA,NA,NA,NA,NA,NA,NA,1.0808228451786563,0.002953067883001793,7.064383901794123,19.69296621520665
2016,20005,Double Crop,608049.2876082766,60.804928760827664,0.0812408212994914,all_cult,NA,NA,NA,NA,NA,NA,NA,1.0808228451786563,0.002953067883001793,7.064383901794123,19.69296621520665
2016,20005,Grass/Pasture/Shrubland,201559225.90422598,20155.922590422597,26.930114690798217,grassPastureHay,NA,NA,NA,NA,NA,NA,NA,1.0808228451786563,0.002953067883001793,7.064383901794123,19.69296621520665
2016,20005,Other Crops,24494223.860659596,2449.4223860659595,3.2726473068669346,all_cult,NA,NA,NA,NA,NA,NA,NA,1.0808228451786563,0.002953067883001793,7.064383901794123,19.69296621520665
2016,20005,Sorghum,546359.7752304102,54.635977523041014,0.07299855088938,all_cult,Sorghum,NA,NA,112,6119.229482580594,2341.5516452476604,974.3625627076252,1.0808228451786563,0.002953067883001793,7.064383901794123,19.69296621520665
2016,20005,Soybeans,194403280.62449035,19440.328062449036,25.974016421220988,all_cult,Soybeans,NA,NA,56,1088658.371497146,2245.7660308837926,974.3625627076252,1.0808228451786563,0.002953067883001793,7.064383901794123,19.69296621520665
2016,20005,Wheat,3336465.461193685,333.6465461193685,0.4457816164392654,all_cult,Wheat,NA,NA,89,29694.5426046238,2996.855258178716,630.3552848300897,1.0808228451786563,0.002953067883001793,7.064383901794123,19.69296621520665
2016,20013,Corn,128713971.05426559,12871.397105426558,28.817172363526332,all_cult,Corn,0.12276562632996832,21,250,3217849.27635664,2215.076962280277,981.7197226682327,1.1097779639728251,0.003032180229433948,6.794217535967407,19.539112011852183
2016,20013,Developed,24270657.414324798,2427.0657414324796,5.433844611862881,developed,NA,NA,NA,NA,NA,NA,NA,1.1097779639728251,0.003032180229433948,6.794217535967407,19.539112011852183
2016,20013,Double Crop,117610.7620439944,11.76107620439944,0.02633132653640669,all_cult,NA,NA,NA,NA,NA,NA,NA,1.1097779639728251,0.003032180229433948,6.794217535967407,19.539112011852183
2016,20013,Grass/Pasture/Shrubland,111142987.94808973,11114.298794808974,24.883286674040423,grassPastureHay,NA,NA,NA,NA,NA,NA,NA,1.1097779639728251,0.003032180229433948,6.794217535967407,19.539112011852183
2016,20013,Other Crops,12029308.634878121,1202.930863487812,2.6931859650199987,all_cult,NA,NA,NA,NA,NA,NA,NA,1.1097779639728251,0.003032180229433948,6.794217535967407,19.539112011852183
2016,20013,Sorghum,412814.3766535713,41.28143766535713,0.09242309089471144,all_cult,Sorghum,NA,NA,112,4623.5210185199985,2309.4001773521527,981.7197226682327,1.1097779639728251,0.003032180229433948,6.794217535967407,19.539112011852183
2016,20013,Soybeans,120410277.03310649,12041.027703310649,26.958096927489624,all_cult,Soybeans,0.14316615930869012,15,56,674297.5513853963,2215.076962280277,981.7197226682327,1.1097779639728251,0.003032180229433948,6.794217535967407,19.539112011852183
2016,20013,Wheat,4120822.073103216,412.0822073103216,0.922591689055839,all_cult,Wheat,NA,NA,89,36675.31645061862,2959.9737487793022,624.1662298953161,1.1097779639728251,0.003032180229433948,6.794217535967407,19.539112011852183
2016,20045,Corn,85828685.18572128,8582.868518572128,8.805120069657036,all_cult,Corn,0.17119114711364242,14,250,2145717.129643032,2350.3495269775426,918.6107619082032,1.0448643842972525,0.0028548207221236405,8.077954468440511,20.235699829768638
2016,20045,Developed,131194235.20303981,13119.42352030398,13.459148196316198,developed,NA,NA,NA,NA,NA,NA,NA,1.0448643842972525,0.0028548207221236405,8.077954468440511,20.235699829768638
2016,20045,Double Crop,3799284.611924788,379.9284611924788,0.38976662772370496,all_cult,NA,NA,NA,NA,NA,NA,NA,1.0448643842972525,0.0028548207221236405,8.077954468440511,20.235699829768638
2016,20045,Grass/Pasture/Shrubland,356417764.8089318,35641.77648089318,36.564712686796746,grassPastureHay,NA,NA,NA,NA,NA,NA,NA,1.0448643842972525,0.0028548207221236405,8.077954468440511,20.235699829768638
2016,20045,Other Crops,36251033.93598491,3625.103393598491,3.7189746733841527,all_cult,NA,NA,NA,NA,NA,NA,NA,1.0448643842972525,0.0028548207221236405,8.077954468440511,20.235699829768638
2016,20045,Sorghum,1294743.8832825506,129.47438832825506,0.132827100020093,all_cult,Sorghum,NA,NA,112,14501.131492764567,2453.000314681254,918.6107619082032,1.0448643842972525,0.0028548207221236405,8.077954468440511,20.235699829768638
2016,20045,Soybeans,94653958.03532733,9465.395803532732,9.71050021057516,all_cult,Soybeans,0.08524264249883506,9,56,530062.164997833,2350.3495269775426,918.6107619082032,1.0448643842972525,0.0028548207221236405,8.077954468440511,20.235699829768638
2016,20045,Wheat,5502923.215159679,550.2923215159678,0.5645420239018767,all_cult,Wheat,NA,NA,89,48976.016614921136,3145.936920166021,728.4426086466046,1.0448643842972525,0.0028548207221236405,8.077954468440511,20.235699829768638
2016,20061,Corn,38076559.84928406,3807.6559849284063,4.854403468743565,all_cult,Corn,0.10886623011392334,15,250,951913.9962321016,2355.8724975585974,923.8731418685638,1.0050034909917158,0.0027459111775729943,8.157870041477247,20.359309195429923
2016,20061,Developed,62769827.87766283,6276.982787766283,8.00256303058566,developed,NA,NA,NA,NA,NA,NA,NA,1.0050034909917158,0.0027459111775729943,8.157870041477247,20.359309195429923
2016,20061,Double Crop,4502533.330061273,450.25333300612726,0.574030676670858,all_cult,NA,NA,NA,NA,NA,NA,NA,1.0050034909917158,0.0027459111775729943,8.157870041477247,20.359309195429923
2016,20061,Grass/Pasture/Shrubland,466478181.0704688,46647.81810704688,59.47158328496554,grassPastureHay,NA,NA,NA,NA,NA,NA,NA,1.0050034909917158,0.0027459111775729943,8.157870041477247,20.359309195429923
2016,20061,Other Crops,18745653.81075136,1874.565381075136,2.3898946554776126,all_cult,NA,NA,NA,NA,NA,NA,NA,1.0050034909917158,0.0027459111775729943,8.157870041477247,20.359309195429923
2016,20061,Sorghum,7015447.028817643,701.5447028817644,0.8944035523765796,all_cult,Sorghum,NA,NA,112,78573.00672275761,2469.1436259285197,923.8731418685638,1.0050034909917158,0.0027459111775729943,8.157870041477247,20.359309195429923
2016,20061,Soybeans,35186044.00489351,3518.604400489351,4.485889868854064,all_cult,Soybeans,0.032449117194684636,6,56,197041.84642740365,2355.8724975585974,923.8731418685638,1.0050034909917158,0.0027459111775729943,8.157870041477247,20.359309195429923
2016,20061,Wheat,14983910.32182396,1498.391032182396,1.9103077202751129,all_cult,Wheat,NA,NA,89,133356.80186423325,3146.96506042481,658.8772908833344,1.0050034909917158,0.0027459111775729943,8.157870041477247,20.359309195429923
2016,20085,Corn,157817927.97162747,15781.792797162749,9.275705071230863,all_cult,Corn,NA,NA,250,3945448.199290687,2239.597518920902,1034.1760711441748,1.1344538525238168,0.003099600689955783,6.896687517009821,19.78725635966319
2016,20085,Developed,72304129.43234307,7230.412943234306,4.249655211333726,developed,NA,NA,NA,NA,NA,NA,NA,1.1344538525238168,0.003099600689955783,6.896687517009821,19.78725635966319
2016,20085,Double Crop,651032.8301079171,65.10328301079171,0.03826427454335506,all_cult,NA,NA,NA,NA,NA,NA,NA,1.1344538525238168,0.003099600689955783,6.896687517009821,19.78725635966319
2016,20085,Grass/Pasture/Shrubland,933759971.8632455,93375.99718632454,54.88148411048344,grassPastureHay,NA,NA,NA,NA,NA,NA,NA,1.1344538525238168,0.003099600689955783,6.896687517009821,19.78725635966319
2016,20085,Other Crops,93752857.17911333,9375.285717911333,5.510298252902075,all_cult,NA,NA,NA,NA,NA,NA,NA,1.1344538525238168,0.003099600689955783,6.896687517009821,19.78725635966319
2016,20085,Sorghum,4644092.111353758,464.4092111353758,0.27295522949896883,all_cult,Sorghum,NA,NA,112,52013.83164716209,2337.4610995933635,1034.1760711441748,1.1344538525238168,0.003099600689955783,6.896687517009821,19.78725635966319
2016,20085,Soybeans,169218998.09385663,16921.899809385664,9.945799814644504,all_cult,Soybeans,NA,NA,56,947626.3893255972,2239.597518920902,1034.1760711441748,1.1344538525238168,0.003099600689955783,6.896687517009821,19.78725635966319
2016,20085,Wheat,11924273.035814391,1192.4273035814392,0.7008458499653459,all_cult,Wheat,NA,NA,89,106126.03001874809,2988.194293212896,672.4340136139072,1.1344538525238168,0.003099600689955783,6.896687517009821,19.78725635966319
2016,20087,Corn,167828868.1119332,16782.88681119332,11.674775601871575,all_cult,Corn,0.1256565735277252,31,250,4195721.702798329,2299.045077514652,1017.428978335578,1.1249930450026877,0.003073751489078382,7.606670258735721,19.991328488542756
2016,20087,Developed,81675510.61426839,8167.551061426839,5.6816402882125105,developed,NA,NA,NA,NA,NA,NA,NA,1.1249930450026877,0.003073751489078382,7.606670258735721,19.991328488542756
2016,20087,Double Crop,2559103.1244660504,255.91031244660505,0.1780203552362826,all_cult,NA,NA,NA,NA,NA,NA,NA,1.1249930450026877,0.003073751489078382,7.606670258735721,19.991328488542756
2016,20087,Grass/Pasture/Shrubland,534323116.01779443,53432.311601779445,37.16942471565768,grassPastureHay,NA,NA,NA,NA,NA,NA,NA,1.1249930450026877,0.003073751489078382,7.606670258735721,19.991328488542756
2016,20087,Other Crops,59241030.15456166,5924.103015456166,4.121017684615117,all_cult,NA,NA,NA,NA,NA,NA,NA,1.1249930450026877,0.003073751489078382,7.606670258735721,19.991328488542756
2016,20087,Sorghum,4564589.275794595,456.4589275794595,0.31752913613210654,all_cult,Sorghum,NA,NA,112,51123.39988889946,2400.9323276207074,1017.428978335578,1.1249930450026877,0.003073751489078382,7.606670258735721,19.991328488542756
2016,20087,Soybeans,174400234.2839086,17440.02342839086,12.131903307722366,all_cult,Soybeans,0.07819674611880117,18,56,976641.3119898882,2299.045077514652,1017.428978335578,1.1249930450026877,0.003073751489078382,7.606670258735721,19.991328488542756
2016,20087,Wheat,6732991.415124014,673.2991415124014,0.46837093513896766,all_cult,Wheat,NA,NA,89,59923.62359460373,3063.3952423095757,693.6665521664545,1.1249930450026877,0.003073751489078382,7.606670258735721,19.991328488542756
2016,20091,Corn,24680279.466487993,2468.027946648799,4.087280178054028,all_cult,Corn,NA,NA,250,617006.9866621997,2344.689102172855,1005.409485177719,1.1421947882423205,0.003120750787547324,8.413584749815916,19.938840588845864
2016,20091,Developed,279915386.833711,27991.5386833711,46.3565501229941,developed,NA,NA,NA,NA,NA,NA,NA,1.1421947882423205,0.003120750787547324,8.413584749815916,19.938840588845864
2016,20091,Double Crop,2676312.415702483,267.63124157024833,0.4432218323067981,all_cult,NA,NA,NA,NA,NA,NA,NA,1.1421947882423205,0.003120750787547324,8.413584749815916,19.938840588845864
2016,20091,Grass/Pasture/Shrubland,133715199.16354586,13371.519916354586,22.144460875648225,grassPastureHay,NA,NA,NA,NA,NA,NA,NA,1.1421947882423205,0.003120750787547324,8.413584749815916,19.938840588845864
2016,20091,Other Crops,12909112.740940543,1290.9112740940543,2.1378672269070216,all_cult,NA,NA,NA,NA,NA,NA,NA,1.1421947882423205,0.003120750787547324,8.413584749815916,19.938840588845864
2016,20091,Sorghum,312003.6993443482,31.20036993443482,0.05167066837882735,all_cult,Sorghum,NA,NA,112,3494.4414326567,2437.859591674809,1005.409485177719,1.1421947882423205,0.003120750787547324,8.413584749815916,19.938840588845864
2016,20091,Soybeans,37656207.216757506,3765.6207216757502,6.236212582063181,all_cult,Soybeans,NA,NA,56,210874.760413842,2344.689102172855,1005.409485177719,1.1421947882423205,0.003120750787547324,8.413584749815916,19.938840588845864
2016,20091,Wheat,2148909.6333799483,214.89096333799483,0.35587910424067265,all_cult,Wheat,NA,NA,89,19125.29573708154,3149.9210937500056,763.7598598315176,1.1421947882423205,0.003120750787547324,8.413584749815916,19.938840588845864
2016,20103,Corn,58316777.48516132,5831.677748516132,6.454438211754817,all_cult,Corn,0.1295590501140536,5,250,1457919.437129033,2299.868011474613,982.7497671525052,1.1004992614666989,0.003006828583242347,7.657601636876197,19.916448107443244
2016,20103,Developed,66264017.43572862,6626.401743572862,7.334030182144093,developed,NA,NA,NA,NA,NA,NA,NA,1.1004992614666989,0.003006828583242347,7.657601636876197,19.916448107443244
2016,20103,Double Crop,1230096.3378632176,123.00963378632176,0.13614573969325103,all_cult,NA,NA,NA,NA,NA,NA,NA,1.1004992614666989,0.003006828583242347,7.657601636876197,19.916448107443244
2016,20103,Grass/Pasture/Shrubland,362013529.87173736,36201.352987173734,40.06726813687417,grassPastureHay,NA,NA,NA,NA,NA,NA,NA,1.1004992614666989,0.003006828583242347,7.657601636876197,19.916448107443244
2016,20103,Other Crops,49326258.47936727,4932.625847936727,5.459377237590555,all_cult,NA,NA,NA,NA,NA,NA,NA,1.1004992614666989,0.003006828583242347,7.657601636876197,19.916448107443244
2016,20103,Sorghum,1169599.7711061721,116.95997711061722,0.1294500447492702,all_cult,Sorghum,NA,NA,112,13099.517436389127,2395.760065047465,982.7497671525052,1.1004992614666989,0.003006828583242347,7.657601636876197,19.916448107443244
2016,20103,Soybeans,106720511.72338162,10672.051172338162,11.811711458519676,all_cult,Soybeans,NA,NA,56,597634.8656509371,2299.868011474613,982.7497671525052,1.1004992614666989,0.003006828583242347,7.657601636876197,19.916448107443244
2016,20103,Wheat,5982934.898283551,598.2934898283552,0.6621847998330964,all_cult,Wheat,NA,NA,89,53248.12059472361,3087.985800170904,714.1339858807623,1.1004992614666989,0.003006828583242347,7.657601636876197,19.916448107443244
2016,20117,Corn,1304486.1574053536,130.44861574053536,6.375958926027298,all_cult,Corn,0.16720492532529674,14,250,32612.15393513384,2136.284640502933,917.5582404863088,1.0436514903586358,0.002851506804258568,6.411002762591275,19.056752089203403
2016,20117,Developed,672080.5620632659,67.20805620632659,3.2849394639955247,developed,NA,NA,NA,NA,NA,NA,NA,1.0436514903586358,0.002851506804258568,6.411002762591275,19.056752089203403
2016,20117,Double Crop,0,0,0,all_cult,NA,NA,NA,NA,NA,NA,NA,1.0436514903586358,0.002851506804258568,6.411002762591275,19.056752089203403
2016,20117,Grass/Pasture/Shrubland,13208127.017280262,1320.8127017280262,64.55758451238341,grassPastureHay,NA,NA,NA,NA,NA,NA,NA,1.0436514903586358,0.002851506804258568,6.411002762591275,19.056752089203403
2016,20117,Other Crops,443901.76053322357,44.39017605332236,2.1696660990106293,all_cult,NA,NA,NA,NA,NA,NA,NA,1.0436514903586358,0.002851506804258568,6.411002762591275,19.056752089203403
2016,20117,Sorghum,106985.85766920798,10.698585766920798,0.5229165754594564,all_cult,Sorghum,NA,NA,112,1198.2416058951294,2226.8910770103557,917.5582404863088,1.0436514903586358,0.002851506804258568,6.411002762591275,19.056752089203403
2016,20117,Soybeans,3211075.1915085968,321.1075191508597,15.69482620663954,all_cult,Soybeans,0.12971218907519488,10,56,17982.02107244814,2136.284640502933,917.5582404863088,1.0436514903586358,0.002851506804258568,6.411002762591275,19.056752089203403
2016,20117,Wheat,85496.84876685415,8.549684876685415,0.4178843853172746,all_cult,Wheat,NA,NA,89,760.9219540250019,2889.4781829834037,645.0922166248783,1.0436514903586358,0.002851506804258568,6.411002762591275,19.056752089203403
2016,20127,Corn,14326112.191031456,1432.6112191031457,5.322276472713095,all_cult,Corn,NA,NA,250,358152.8047757864,2327.41893615723,799.0455540600233,0.8777224386511371,0.002398148739483981,7.921512441166135,20.27947746235167
2016,20127,Developed,11712058.173440978,1171.2058173440978,4.3511324518717185,developed,NA,NA,NA,NA,NA,NA,NA,0.8777224386511371,0.002398148739483981,7.921512441166135,20.27947746235167
2016,20127,Double Crop,4938506.627307618,493.8506627307618,1.834698575745596,all_cult,NA,NA,NA,NA,NA,NA,NA,0.8777224386511371,0.002398148739483981,7.921512441166135,20.27947746235167
2016,20127,Grass/Pasture/Shrubland,154816753.888641,15481.6753888641,57.515783473981195,grassPastureHay,NA,NA,NA,NA,NA,NA,NA,0.8777224386511371,0.002398148739483981,7.921512441166135,20.27947746235167
2016,20127,Other Crops,11063877.195499307,1106.3877195499306,4.110327527063242,all_cult,NA,NA,NA,NA,NA,NA,NA,0.8777224386511371,0.002398148739483981,7.921512441166135,20.27947746235167
2016,20127,Sorghum,6547859.409159308,654.7859409159308,2.432587265498201,all_cult,Sorghum,NA,NA,112,73336.02538258425,2435.530131055473,799.0455540600233,0.8777224386511371,0.002398148739483981,7.921512441166135,20.27947746235167
2016,20127,Soybeans,28448797.666141145,2844.8797666141145,10.568978134225876,all_cult,Soybeans,NA,NA,56,159313.2669303904,2327.41893615723,799.0455540600233,0.8777224386511371,0.002398148739483981,7.921512441166135,20.27947746235167
2016,20127,Wheat,20815523.063580167,2081.5523063580167,7.733149593639551,all_cult,Wheat,NA,NA,89,185258.1552658635,3117.4803009033258,595.1726574149798,0.8777224386511371,0.002398148739483981,7.921512441166135,20.27947746235167
2016,20131,Corn,147602045.16942188,14760.204516942187,19.449736256819495,all_cult,Corn,0.1938040325419429,13,250,3690051.1292355466,2158.6235778808627,919.454951607695,1.0327362546196237,0.002821683755791321,6.48732305641385,19.189012938119046
2016,20131,Developed,34887785.519673906,3488.7785519673903,4.597214260569866,developed,NA,NA,NA,NA,NA,NA,NA,1.0327362546196237,0.002821683755791321,6.48732305641385,19.189012938119046
2016,20131,Double Crop,1159148.453012341,115.9148453012341,0.15274267824481977,all_cult,NA,NA,NA,NA,NA,NA,NA,1.0327362546196237,0.002821683755791321,6.48732305641385,19.189012938119046
2016,20131,Grass/Pasture/Shrubland,305748747.646769,30574.8747646769,40.28895734985709,grassPastureHay,NA,NA,NA,NA,NA,NA,NA,1.0327362546196237,0.002821683755791321,6.48732305641385,19.189012938119046
2016,20131,Other Crops,25740091.29812008,2574.0091298120083,3.3918092828608404,all_cult,NA,NA,NA,NA,NA,NA,NA,1.0327362546196237,0.002821683755791321,6.48732305641385,19.189012938119046
2016,20131,Sorghum,1631727.7588390121,163.1727758839012,0.2150151409888778,all_cult,Sorghum,NA,NA,112,18275.350898996934,2249.279040877543,919.454951607695,1.0327362546196237,0.002821683755791321,6.48732305641385,19.189012938119046
2016,20131,Soybeans,137738883.29021123,13773.888329021123,18.150053064836836,all_cult,Soybeans,NA,NA,56,771337.7464251829,2158.6235778808627,919.454951607695,1.0327362546196237,0.002821683755791321,6.48732305641385,19.189012938119046
2016,20131,Wheat,8056948.236222738,805.6948236222738,1.0616757921579487,all_cult,Wheat,NA,NA,89,71706.83930238237,2897.777182006841,627.2843430947833,1.0327362546196237,0.002821683755791321,6.48732305641385,19.189012938119046
2016,20139,Corn,20574491.715462495,2057.4491715462495,9.354912655266755,all_cult,Corn,NA,NA,250,514362.2928865624,2380.6941711425816,981.5320575476762,1.1080833158197019,0.0030275500432232296,8.151203368140072,20.576189701935004
2016,20139,Developed,11311553.75257962,1131.155375257962,5.14319375730729,developed,NA,NA,NA,NA,NA,NA,NA,1.1080833158197019,0.0030275500432232296,8.151203368140072,20.576189701935004
2016,20139,Double Crop,2568248.77273909,256.824877273909,1.1677441794546977,all_cult,NA,NA,NA,NA,NA,NA,NA,1.1080833158197019,0.0030275500432232296,8.151203368140072,20.576189701935004
2016,20139,Grass/Pasture/Shrubland,109261508.80350664,10926.150880350664,49.6795685441548,grassPastureHay,NA,NA,NA,NA,NA,NA,NA,1.1080833158197019,0.0030275500432232296,8.151203368140072,20.576189701935004
2016,20139,Other Crops,5977201.236681781,597.7201236681781,2.717743712234086,all_cult,NA,NA,NA,NA,NA,NA,NA,1.1080833158197019,0.0030275500432232296,8.151203368140072,20.576189701935004
2016,20139,Sorghum,119934.91717799715,11.993491717799715,0.05453260717364918,all_cult,Sorghum,NA,NA,112,1343.2710723935681,2494.943597762309,981.5320575476762,1.1080833158197019,0.0030275500432232296,8.151203368140072,20.576189701935004
2016,20139,Soybeans,29767181.700853426,2976.7181700853425,13.534690851957164,all_cult,Soybeans,NA,NA,56,166696.21752477917,2380.6941711425816,981.5320575476762,1.1080833158197019,0.0030275500432232296,8.151203368140072,20.576189701935004
2016,20139,Wheat,977399.1708957104,97.73991708957104,0.44440873677515186,all_cult,Wheat,NA,NA,89,8698.852620971822,3184.3683929443414,829.8850653601949,1.1080833158197019,0.0030275500432232296,8.151203368140072,20.576189701935004
2016,20149,Corn,151801224.0464272,15180.12240464272,8.857972104763574,all_cult,Corn,0.11302939546387719,74,250,3795030.60116068,2250.234362792972,948.5394973810036,1.039120232334637,0.002839126317854199,7.130004365848085,19.856858033560687
2016,20149,Developed,87181725.77680837,8718.172577680836,5.087266587125334,developed,NA,NA,NA,NA,NA,NA,NA,1.039120232334637,0.002839126317854199,7.130004365848085,19.856858033560687
2016,20149,Double Crop,1365353.7274134944,136.53537274134945,0.0796717240360642,all_cult,NA,NA,NA,NA,NA,NA,NA,1.039120232334637,0.002839126317854199,7.130004365848085,19.856858033560687
2016,20149,Grass/Pasture/Shrubland,1053278966.5508384,105327.89665508384,61.461399687976495,grassPastureHay,NA,NA,NA,NA,NA,NA,NA,1.039120232334637,0.002839126317854199,7.130004365848085,19.856858033560687
2016,20149,Other Crops,32549752.927412175,3254.9752927412173,1.8993575661799775,all_cult,NA,NA,NA,NA,NA,NA,NA,1.039120232334637,0.002839126317854199,7.130004365848085,19.856858033560687
2016,20149,Sorghum,4974998.8073456315,497.49988073456313,0.29030332880070636,all_cult,Sorghum,NA,NA,112,55719.98664227107,2354.2402259201212,948.5394973810036,1.039120232334637,0.002839126317854199,7.130004365848085,19.856858033560687
2016,20149,Soybeans,149993956.71802106,14999.395671802107,8.752513643005875,all_cult,Soybeans,0.06334603269343424,49,56,839966.157620918,2250.234362792972,948.5394973810036,1.039120232334637,0.002839126317854199,7.130004365848085,19.856858033560687
2016,20149,Wheat,11637863.676537452,1163.7863676537452,0.6790977638907667,all_cult,Wheat,NA,NA,89,103576.98672118332,3026.1658294677786,643.6851785316103,1.039120232334637,0.002839126317854199,7.130004365848085,19.856858033560687
2016,20161,Corn,33152388.979856223,3315.2388979856223,4.145751135142323,all_cult,Corn,0.14557152917510194,8,250,828809.7244964056,2351.959982299808,896.6245064469585,0.9778633102819622,0.002671757678366017,8.074132308543078,20.32291081329515
2016,20161,Developed,95500271.07857572,9550.027107857572,11.942438219790755,developed,NA,NA,NA,NA,NA,NA,NA,0.9778633102819622,0.002671757678366017,8.074132308543078,20.32291081329515
2016,20161,Double Crop,2195915.558366251,219.59155583662513,0.27460221416637876,all_cult,NA,NA,NA,NA,NA,NA,NA,0.9778633102819622,0.002671757678366017,8.074132308543078,20.32291081329515
2016,20161,Grass/Pasture/Shrubland,414533209.581031,41453.320958103104,51.837939197050375,grassPastureHay,NA,NA,NA,NA,NA,NA,NA,0.9778633102819622,0.002671757678366017,8.074132308543078,20.32291081329515
2016,20161,Other Crops,9871160.421683336,987.1160421683336,1.234401977734732,all_cult,NA,NA,NA,NA,NA,NA,NA,0.9778633102819622,0.002671757678366017,8.074132308543078,20.32291081329515
2016,20161,Sorghum,10189531.14559868,1018.953114559868,1.2742146678811377,all_cult,Sorghum,NA,NA,112,114122.74883070521,2464.8758185714887,896.6245064469585,0.9778633102819622,0.002671757678366017,8.074132308543078,20.32291081329515
2016,20161,Soybeans,55009121.15685959,5500.912115685959,6.878965091107026,all_cult,Soybeans,0.05359669214500514,6,56,308051.0784784137,2351.959982299808,896.6245064469585,0.9778633102819622,0.002671757678366017,8.074132308543078,20.32291081329515
2016,20161,Wheat,11945751.43968408,1194.575143968408,1.4938323938371298,all_cult,Wheat,NA,NA,89,106317.1878131883,3140.3521972656304,657.558407963872,0.9778633102819622,0.002671757678366017,8.074132308543078,20.32291081329515
2016,20177,Corn,149716119.09294465,14971.611909294465,10.274174612578667,all_cult,Corn,0.10474593448899466,95,250,3742902.977323616,2361.7924957275427,990.0100684619974,1.1006598380606156,0.003007267317105507,8.056761302843794,20.37550552451548
2016,20177,Developed,255834633.88958326,25583.463388958327,17.55649102081609,developed,NA,NA,NA,NA,NA,NA,NA,1.1006598380606156,0.003007267317105507,8.056761302843794,20.37550552451548
2016,20177,Double Crop,3916822.028841496,391.6822028841496,0.26878945095904894,all_cult,NA,NA,NA,NA,NA,NA,NA,1.1006598380606156,0.003007267317105507,8.056761302843794,20.37550552451548
2016,20177,Grass/Pasture/Shrubland,624647056.3720657,62464.70563720656,42.866011804752354,grassPastureHay,NA,NA,NA,NA,NA,NA,NA,1.1006598380606156,0.003007267317105507,8.056761302843794,20.37550552451548
2016,20177,Other Crops,31004644.148109246,3100.4644148109246,2.1276742257844923,all_cult,NA,NA,NA,NA,NA,NA,NA,1.1006598380606156,0.003007267317105507,8.056761302843794,20.37550552451548
2016,20177,Sorghum,2783612.912624582,278.3612912624582,0.1910236873050324,all_cult,Sorghum,NA,NA,112,31176.46462139532,2466.286130110942,990.0100684619974,1.1006598380606156,0.003007267317105507,8.056761302843794,20.37550552451548
2016,20177,Soybeans,137631422.24922037,13763.142224922036,9.444869883971444,all_cult,Soybeans,0.050988485170803385,45,56,770735.964595634,2361.7924957275427,990.0100684619974,1.1006598380606156,0.003007267317105507,8.056761302843794,20.37550552451548
2016,20177,Wheat,8674882.76218084,867.488276218084,0.5953083795002995,all_cult,Wheat,NA,NA,89,77206.45658340948,3157.5639312744197,755.9028367268038,1.1006598380606156,0.003007267317105507,8.056761302843794,20.37550552451548
2016,20197,Corn,75686851.29459186,7568.685129459186,4.924170978827205,all_cult,Corn,0.13026819430778278,29,250,1892171.2823647966,2310.1357391357456,916.5838212023956,1.006969059359515,0.002751281582949495,7.751815153861981,20.155747694005104
2016,20197,Developed,52642108.277341634,5264.210827734163,3.4248847377019542,developed,NA,NA,NA,NA,NA,NA,NA,1.006969059359515,0.002751281582949495,7.751815153861981,20.155747694005104
2016,20197,Double Crop,94601.92854157116,9.460192854157116,0.00615478201428067,all_cult,NA,NA,NA,NA,NA,NA,NA,1.006969059359515,0.002751281582949495,7.751815153861981,20.155747694005104
2016,20197,Grass/Pasture/Shrubland,1174090383.7480528,117409.03837480528,76.38607889327488,grassPastureHay,NA,NA,NA,NA,NA,NA,NA,1.006969059359515,0.002751281582949495,7.751815153861981,20.155747694005104
2016,20197,Other Crops,27949360.916009113,2794.9360916009114,1.8183796728932424,all_cult,NA,NA,NA,NA,NA,NA,NA,1.006969059359515,0.002751281582949495,7.751815153861981,20.155747694005104
2016,20197,Sorghum,3840324.8596976926,384.03248596976925,0.24985074553819184,all_cult,Sorghum,NA,NA,112,43011.638428614155,2412.446261946879,916.5838212023956,1.006969059359515,0.002751281582949495,7.751815153861981,20.155747694005104
2016,20197,Soybeans,86406732.23589845,8640.673223589845,5.6216042281270955,all_cult,Soybeans,0.07109814968967959,22,56,483877.70052103134,2310.1357391357456,916.5838212023956,1.006969059359515,0.002751281582949495,7.751815153861981,20.155747694005104
2016,20197,Wheat,6115773.363887075,611.5773363887075,0.39789095723273954,all_cult,Wheat,NA,NA,89,54430.38293859497,3100.427194213873,652.3776885801926,1.006969059359515,0.002751281582949495,7.751815153861981,20.155747694005104
2016,20209,Corn,1960117.6760074932,196.01176760074932,0.7639786334746893,all_cult,Corn,NA,NA,250,49002.94190018733,2350.0035858154333,938.153065024322,1.0830347940119391,0.002959111459049014,8.464034642287313,19.954447078183723
2016,20209,Developed,147095313.2068046,14709.53132068046,57.33210702082173,developed,NA,NA,NA,NA,NA,NA,NA,1.0830347940119391,0.002959111459049014,8.464034642287313,19.954447078183723
2016,20209,Double Crop,102806.42157951652,10.280642157951652,0.04006999703748479,all_cult,NA,NA,NA,NA,NA,NA,NA,1.0830347940119391,0.002959111459049014,8.464034642287313,19.954447078183723
2016,20209,Grass/Pasture/Shrubland,39305389.07086427,3930.538907086427,15.31973197227322,grassPastureHay,NA,NA,NA,NA,NA,NA,NA,1.0830347940119391,0.002959111459049014,8.464034642287313,19.954447078183723
2016,20209,Other Crops,542178.8236581533,54.21788236581533,0.21132049461487895,all_cult,NA,NA,NA,NA,NA,NA,NA,1.0830347940119391,0.002959111459049014,8.464034642287313,19.954447078183723
2016,20209,Sorghum,19576.73418817129,1.9576734188171288,0.00763025955841599,all_cult,Sorghum,NA,NA,112,219.25942290751843,2448.107482910161,938.153065024322,1.0830347940119391,0.002959111459049014,8.464034642287313,19.954447078183723
2016,20209,Soybeans,9843064.444521543,984.3064444521542,3.836448706919432,all_cult,Soybeans,NA,NA,56,55121.160889320636,2350.0035858154333,938.153065024322,1.0830347940119391,0.002959111459049014,8.464034642287313,19.954447078183723
2016,20209,Wheat,91265.17753899936,9.126517753899936,0.03557166310651804,all_cult,Wheat,NA,NA,89,812.2600800970943,3165.3157928466853,777.4921701377607,1.0830347940119391,0.002959111459049014,8.464034642287313,19.954447078183723
2017,20005,Corn,181380348.75380355,18138.034875380356,24.23403628726923,all_cult,Corn,0.11263224522797093,7,250,4534508.718845089,2099.2556427001987,793.0786784508964,0.9374308549480047,0.0025683037121863143,6.564288789932065,19.183662644477764
2017,20005,Developed,35595573.25279432,3559.557325279432,4.755886841111162,developed,NA,NA,NA,NA,NA,NA,NA,0.9374308549480047,0.0025683037121863143,6.564288789932065,19.183662644477764
2017,20005,Double Crop,181857.30561735504,18.185730561735504,0.02429776198863756,all_cult,NA,NA,NA,NA,NA,NA,NA,0.9374308549480047,0.0025683037121863143,6.564288789932065,19.183662644477764
2017,20005,Grass/Pasture/Shrubland,199427107.18031937,19942.710718031936,26.645244566339183,grassPastureHay,NA,NA,NA,NA,NA,NA,NA,0.9374308549480047,0.0025683037121863143,6.564288789932065,19.183662644477764
2017,20005,Other Crops,23718555.105790623,2371.8555105790624,3.169011026081575,all_cult,NA,NA,NA,NA,NA,NA,NA,0.9374308549480047,0.0025683037121863143,6.564288789932065,19.183662644477764
2017,20005,Sorghum,242282.80982474808,24.228280982474807,0.03237114960587135,all_cult,Sorghum,NA,NA,112,2713.5674700371783,2165.734463851176,793.0786784508964,0.9374308549480047,0.0025683037121863143,6.564288789932065,19.183662644477764
2017,20005,Soybeans,202643025.0776354,20264.30250776354,27.07491995044719,all_cult,Soybeans,0.060947333791581175,5,56,1134800.940434758,2099.2556427001987,793.0786784508964,0.9374308549480047,0.0025683037121863143,6.564288789932065,19.183662644477764
2017,20005,Wheat,3022549.9623603527,302.25499623603525,0.40383969912500794,all_cult,Wheat,NA,NA,89,26900.694665007137,2875.86691589356,647.6275744301965,0.9374308549480047,0.0025683037121863143,6.564288789932065,19.183662644477764
2017,20013,Corn,116715616.7339374,11671.56167339374,26.1309166160303,all_cult,Corn,0.18261012256260226,22,250,2917890.4183484353,2068.4880676269563,626.2461667330936,0.7730180996146518,0.0021178578071634297,6.146287808352977,19.064509561617104
2017,20013,Developed,23914122.038625427,2391.412203862543,5.354021564752544,developed,NA,NA,NA,NA,NA,NA,NA,0.7730180996146518,0.0021178578071634297,6.146287808352977,19.064509561617104
2017,20013,Double Crop,541314.248297101,54.131424829710106,0.1211923295368898,all_cult,NA,NA,NA,NA,NA,NA,NA,0.7730180996146518,0.0021178578071634297,6.146287808352977,19.064509561617104
2017,20013,Grass/Pasture/Shrubland,111364967.40861109,11136.496740861108,24.93298462308676,grassPastureHay,NA,NA,NA,NA,NA,NA,NA,0.7730180996146518,0.0021178578071634297,6.146287808352977,19.064509561617104
2017,20013,Other Crops,11118724.816179652,1111.8724816179651,2.4893195887444284,all_cult,NA,NA,NA,NA,NA,NA,NA,0.7730180996146518,0.0021178578071634297,6.146287808352977,19.064509561617104
2017,20013,Sorghum,46976.975290243565,4.6976975290243566,0.01051745651981578,all_cult,Sorghum,NA,NA,112,526.142123250728,2144.2619784996136,626.2461667330936,0.7730180996146518,0.0021178578071634297,6.146287808352977,19.064509561617104
2017,20013,Soybeans,137613909.15828207,13761.390915828208,30.809738114295,all_cult,Soybeans,0.12091101756770688,14,56,770637.8912863797,2068.4880676269563,626.2461667330936,0.7730180996146518,0.0021178578071634297,6.146287808352977,19.064509561617104
2017,20013,Wheat,1203459.6131227699,120.345961312277,0.2694369757986911,all_cult,Wheat,NA,NA,89,10710.790556792654,2800.783822631841,585.0619953935384,0.7730180996146518,0.0021178578071634297,6.146287808352977,19.064509561617104
2017,20045,Corn,78282363.3497531,7828.23633497531,8.030946846495175,all_cult,Corn,0.12146695214798404,10,250,1957059.0837438274,2203.103851318363,1020.2121931750808,1.1545439827083956,0.0031631341992010833,7.831453966114642,19.841527818653706
2017,20045,Developed,131414720.7668149,13141.47207668149,13.481767695362056,developed,NA,NA,NA,NA,NA,NA,NA,1.1545439827083956,0.0031631341992010833,7.831453966114642,19.841527818653706
2017,20045,Double Crop,3767060.723478403,376.7060723478403,0.3864607958066985,all_cult,NA,NA,NA,NA,NA,NA,NA,1.1545439827083956,0.0031631341992010833,7.831453966114642,19.841527818653706
2017,20045,Grass/Pasture/Shrubland,352663529.8660758,35266.352986607584,36.17956768113787,grassPastureHay,NA,NA,NA,NA,NA,NA,NA,1.1545439827083956,0.0031631341992010833,7.831453966114642,19.841527818653706
2017,20045,Other Crops,36204252.99215703,3620.425299215703,3.7141754407443304,all_cult,NA,NA,NA,NA,NA,NA,NA,1.1545439827083956,0.0031631341992010833,7.831453966114642,19.841527818653706
2017,20045,Sorghum,64116.8413876976,6.411684138769759,0.00657771333306821,all_cult,Sorghum,NA,NA,112,718.1086235422131,2257.6429992675826,1020.2121931750808,1.1545439827083956,0.0031631341992010833,7.831453966114642,19.841527818653706
2017,20045,Soybeans,109334932.14299147,10933.493214299147,11.21661369090859,all_cult,Soybeans,0.07720369653631441,11,56,612275.6200007523,2203.103851318363,1020.2121931750808,1.1545439827083956,0.0031631341992010833,7.831453966114642,19.841527818653706
2017,20045,Wheat,3206324.6505240886,320.63246505240886,0.3289351744009066,all_cult,Wheat,NA,NA,89,28536.289389664387,3113.5068298339897,684.3220382869258,1.1545439827083956,0.0031631341992010833,7.831453966114642,19.841527818653706
2017,20061,Corn,35946185.47297206,3594.618547297206,4.582800760856449,all_cult,Corn,0.20116214612915254,15,250,898654.6368243016,2207.4954864501988,663.8119047768414,0.847571747639624,0.0023221143770948602,7.552106925232793,20.069848298373312
2017,20061,Developed,62912788.80872904,6291.278880872904,8.020789205492468,developed,NA,NA,NA,NA,NA,NA,NA,0.847571747639624,0.0023221143770948602,7.552106925232793,20.069848298373312
2017,20061,Double Crop,6999057.495650663,699.9057495650663,0.8923140409561203,all_cult,NA,NA,NA,NA,NA,NA,NA,0.847571747639624,0.0023221143770948602,7.552106925232793,20.069848298373312
2017,20061,Grass/Pasture/Shrubland,459871535.0872248,45987.15350872248,58.62929802325161,grassPastureHay,NA,NA,NA,NA,NA,NA,NA,0.847571747639624,0.0023221143770948602,7.552106925232793,20.069848298373312
2017,20061,Other Crops,19763555.676963225,1976.3555676963224,2.519667575345853,all_cult,NA,NA,NA,NA,NA,NA,NA,0.847571747639624,0.0023221143770948602,7.552106925232793,20.069848298373312
2017,20061,Sorghum,2721800.9869195726,272.18009869195726,0.34700404144783753,all_cult,Sorghum,NA,NA,112,30484.171053499213,2301.9261820808633,663.8119047768414,0.847571747639624,0.0023221143770948602,7.552106925232793,20.069848298373312
2017,20061,Soybeans,46398164.18236524,4639.8164182365235,5.9153297997965595,all_cult,Soybeans,0.11420349410011356,7,56,259829.71942124533,2207.4954864501988,663.8119047768414,0.847571747639624,0.0023221143770948602,7.552106925232793,20.069848298373312
2017,20061,Wheat,8267150.511066419,826.7150511066419,1.05398398060114,all_cult,Wheat,NA,NA,89,73577.63954849113,3082.7738098144587,658.0849379612482,0.847571747639624,0.0023221143770948602,7.552106925232793,20.069848298373312
2017,20085,Corn,146268858.4253813,14626.885842538131,8.596911702600575,all_cult,Corn,NA,NA,250,3656721.460634533,2080.4508453369176,743.7419982659048,0.913358512120496,0.0025023520880013586,6.268292152718344,19.335850629414622
2017,20085,Developed,72486741.41367677,7248.674141367676,4.260388180034399,developed,NA,NA,NA,NA,NA,NA,NA,0.913358512120496,0.0025023520880013586,6.268292152718344,19.335850629414622
2017,20085,Double Crop,479256.15555915696,47.9256155559157,0.02816814800241125,all_cult,NA,NA,NA,NA,NA,NA,NA,0.913358512120496,0.0025023520880013586,6.268292152718344,19.335850629414622
2017,20085,Grass/Pasture/Shrubland,919338578.977124,91933.8578977124,54.03387073190672,grassPastureHay,NA,NA,NA,NA,NA,NA,NA,0.913358512120496,0.0025023520880013586,6.268292152718344,19.335850629414622
2017,20085,Other Crops,102345207.79511522,10234.520779511522,6.015311284101997,all_cult,NA,NA,NA,NA,NA,NA,NA,0.913358512120496,0.0025023520880013586,6.268292152718344,19.335850629414622
2017,20085,Sorghum,574785.3780558311,57.47853780558311,0.03378285163559064,all_cult,Sorghum,NA,NA,112,6437.596234225308,2155.543616423051,743.7419982659048,0.913358512120496,0.0025023520880013586,6.268292152718344,19.335850629414622
2017,20085,Soybeans,201314604.3484078,20131.46043484078,11.832210196062588,all_cult,Soybeans,NA,NA,56,1127361.7843510837,2080.4508453369176,743.7419982659048,0.913358512120496,0.0025023520880013586,6.268292152718344,19.335850629414622
2017,20085,Wheat,4101971.5825335323,410.1971582533532,0.2410922453435808,all_cult,Wheat,NA,NA,89,36507.54708454844,2842.773150634771,652.6374436271144,0.913358512120496,0.0025023520880013586,6.268292152718344,19.335850629414622
2017,20087,Corn,163518885.04350922,16351.888504350922,11.37495778305535,all_cult,Corn,0.08426408965341839,23,250,4087972.1260877303,2147.3370605468785,927.7700730762444,1.0746424901222926,0.0029442260003350483,7.139645803791225,19.538488351482258
2017,20087,Developed,81841314.09261516,8184.131409261516,5.693174170467006,developed,NA,NA,NA,NA,NA,NA,NA,1.0746424901222926,0.0029442260003350483,7.139645803791225,19.538488351482258
2017,20087,Double Crop,632815.9222700407,63.28159222700407,0.04402093616496732,all_cult,NA,NA,NA,NA,NA,NA,NA,1.0746424901222926,0.0029442260003350483,7.139645803791225,19.538488351482258
2017,20087,Grass/Pasture/Shrubland,530284562.52453804,53028.456252453805,36.8884885077195,grassPastureHay,NA,NA,NA,NA,NA,NA,NA,1.0746424901222926,0.0029442260003350483,7.139645803791225,19.538488351482258
2017,20087,Other Crops,59602787.1587666,5960.27871587666,4.146182794134185,all_cult,NA,NA,NA,NA,NA,NA,NA,1.0746424901222926,0.0029442260003350483,7.139645803791225,19.538488351482258
2017,20087,Sorghum,919399.4779865381,91.9399477986538,0.06395671206464801,all_cult,Sorghum,NA,NA,112,10297.274153449227,2212.5929721519574,927.7700730762444,1.0746424901222926,0.0029442260003350483,7.139645803791225,19.538488351482258
2017,20087,Soybeans,191746179.5879307,19174.61795879307,13.3385492280877,all_cult,Soybeans,0.07391650189707581,22,56,1073778.605692412,2147.3370605468785,927.7700730762444,1.0746424901222926,0.0029442260003350483,7.139645803791225,19.538488351482258
2017,20087,Wheat,2675801.7973745414,267.58017973745416,0.18613833180712008,all_cult,Wheat,NA,NA,89,23814.63599663342,3000.5248199462944,730.2111813912634,1.0746424901222926,0.0029442260003350483,7.139645803791225,19.538488351482258
2017,20091,Corn,21012103.296812396,2101.2103296812397,3.479796629568153,all_cult,Corn,NA,NA,250,525302.5824203099,2202.2664886474645,1122.3214987171814,1.2631216643352527,0.0034606072995486373,8.056899397340562,19.53010136852528
2017,20091,Developed,280684541.9968461,28068.45419968461,46.483929258080416,developed,NA,NA,NA,NA,NA,NA,NA,1.2631216643352527,0.0034606072995486373,8.056899397340562,19.53010136852528
2017,20091,Double Crop,1616872.7738711657,161.68727738711658,0.2677689305768326,all_cult,NA,NA,NA,NA,NA,NA,NA,1.2631216643352527,0.0034606072995486373,8.056899397340562,19.53010136852528
2017,20091,Grass/Pasture/Shrubland,133826894.32346138,13382.689432346138,22.162958616475155,grassPastureHay,NA,NA,NA,NA,NA,NA,NA,1.2631216643352527,0.0034606072995486373,8.056899397340562,19.53010136852528
2017,20091,Other Crops,10806236.778891182,1080.6236778891182,1.7896117199845254,all_cult,NA,NA,NA,NA,NA,NA,NA,1.2631216643352527,0.0034606072995486373,8.056899397340562,19.53010136852528
2017,20091,Sorghum,71456.8821621561,7.145688216215609,0.0118339137303328,all_cult,Sorghum,NA,NA,112,800.3170802161482,2255.0009735107465,1122.3214987171814,1.2631216643352527,0.0034606072995486373,8.056899397340562,19.53010136852528
2017,20091,Soybeans,45229455.18200648,4522.945518200648,7.490411762987404,all_cult,Soybeans,NA,NA,56,253284.94901923626,2202.2664886474645,1122.3214987171814,1.2631216643352527,0.0034606072995486373,8.056899397340562,19.53010136852528
2017,20091,Wheat,1777773.9239259153,177.77739239259154,0.29441563375285856,all_cult,Wheat,NA,NA,89,15822.187922940648,3125.1248901367244,686.4542889173608,1.2631216643352527,0.0034606072995486373,8.056899397340562,19.53010136852528
2017,20103,Corn,64145481.40111179,6414.548140111179,7.099552892340318,all_cult,Corn,0.060194834455880926,5,250,1603637.0350277948,2144.086843872074,990.0355883069932,1.128172786300689,0.003090884346029285,7.226887240475194,19.485585419119243
2017,20103,Developed,66208282.95413227,6620.828295413226,7.327861549664025,developed,NA,NA,NA,NA,NA,NA,NA,1.128172786300689,0.003090884346029285,7.226887240475194,19.485585419119243
2017,20103,Double Crop,1419210.3409659876,141.92103409659876,0.15707667416258148,all_cult,NA,NA,NA,NA,NA,NA,NA,1.128172786300689,0.003090884346029285,7.226887240475194,19.485585419119243
2017,20103,Grass/Pasture/Shrubland,358094876.2977975,35809.48762977975,39.63355577386333,grassPastureHay,NA,NA,NA,NA,NA,NA,NA,1.128172786300689,0.003090884346029285,7.226887240475194,19.485585419119243
2017,20103,Other Crops,48908341.48677699,4890.834148677699,5.413122634324751,all_cult,NA,NA,NA,NA,NA,NA,NA,1.128172786300689,0.003090884346029285,7.226887240475194,19.485585419119243
2017,20103,Sorghum,169670.81937659867,16.967081937659866,0.01877898380586484,all_cult,Sorghum,NA,NA,112,1900.313177017905,2199.9659729003947,990.0355883069932,1.128172786300689,0.003090884346029285,7.226887240475194,19.485585419119243
2017,20103,Soybeans,108054828.81638792,10805.482881638793,11.959392239301652,all_cult,Soybeans,NA,NA,56,605107.0413717724,2144.086843872074,990.0355883069932,1.128172786300689,0.003090884346029285,7.226887240475194,19.485585419119243
2017,20103,Wheat,3207903.0704798265,320.79030704798265,0.35504726170747397,all_cult,Wheat,NA,NA,89,28550.337327270456,3003.516687011724,702.847127127985,1.128172786300689,0.003090884346029285,7.226887240475194,19.485585419119243
2017,20117,Corn,1955668.301618733,195.5668301618733,9.558752841698368,all_cult,Corn,0.17628146039953527,12,250,48891.70754046833,1985.2705474853549,646.769851461053,0.8027746864408257,0.0021993827025776043,5.641581454342382,18.75412773236839
2017,20117,Developed,676889.7598064013,67.68897598064014,3.3084454606696214,developed,NA,NA,NA,NA,NA,NA,NA,0.8027746864408257,0.0021993827025776043,5.641581454342382,18.75412773236839
2017,20117,Double Crop,6253.031999167952,0.6253031999167952,0.03056304964487283,all_cult,NA,NA,NA,NA,NA,NA,NA,0.8027746864408257,0.0021993827025776043,5.641581454342382,18.75412773236839
2017,20117,Grass/Pasture/Shrubland,13174302.550004214,1317.4302550004213,64.39226009493171,grassPastureHay,NA,NA,NA,NA,NA,NA,NA,0.8027746864408257,0.0021993827025776043,5.641581454342382,18.75412773236839
2017,20117,Other Crops,435340.5653660226,43.53405653660226,2.1278214014384074,all_cult,NA,NA,NA,NA,NA,NA,NA,0.8027746864408257,0.0021993827025776043,5.641581454342382,18.75412773236839
2017,20117,Sorghum,6412.2636575140605,0.641226365751406,0.03134132889879559,all_cult,Sorghum,NA,NA,112,71.81735296415748,2074.69228620684,646.769851461053,0.8027746864408257,0.0021993827025776043,5.641581454342382,18.75412773236839
2017,20117,Soybeans,2490039.5957645103,249.00395957645105,12.170608401360548,all_cult,Soybeans,0.1408178416098239,13,56,13944.221736281259,1985.2705474853549,646.769851461053,0.8027746864408257,0.0021993827025776043,5.641581454342382,18.75412773236839
2017,20117,Wheat,244203.58129159085,24.420358129159084,1.1935979504764669,all_cult,Wheat,NA,NA,89,2173.4118734951585,2658.96362304688,649.0835634432734,0.8027746864408257,0.0021993827025776043,5.641581454342382,18.75412773236839
2017,20127,Corn,12744927.26617902,1274.492726617902,4.734852389170102,all_cult,Corn,NA,NA,250,318623.1816544755,2189.049050903324,659.591663422063,0.8378473356605973,0.002295472152494787,7.3923141688516925,20.023294276407345
2017,20127,Developed,11739754.567949075,1173.9754567949076,4.361421905626081,developed,NA,NA,NA,NA,NA,NA,NA,0.8378473356605973,0.002295472152494787,7.3923141688516925,20.023294276407345
2017,20127,Double Crop,5206118.989182734,520.6118989182734,1.9341189180145029,all_cult,NA,NA,NA,NA,NA,NA,NA,0.8378473356605973,0.002295472152494787,7.3923141688516925,20.023294276407345
2017,20127,Grass/Pasture/Shrubland,152891313.4599039,15289.13134599039,56.800465447929895,grassPastureHay,NA,NA,NA,NA,NA,NA,NA,0.8378473356605973,0.002295472152494787,7.3923141688516925,20.023294276407345
2017,20127,Other Crops,11509136.638448626,1150.9136638448626,4.275745319822541,all_cult,NA,NA,NA,NA,NA,NA,NA,0.8378473356605973,0.002295472152494787,7.3923141688516925,20.023294276407345
2017,20127,Sorghum,2325005.7863892964,232.50057863892965,0.8637600648952218,all_cult,Sorghum,NA,NA,112,26040.06480756012,2277.7089793220744,659.591663422063,0.8378473356605973,0.002295472152494787,7.3923141688516925,20.023294276407345
2017,20127,Soybeans,42471514.144875236,4247.151414487524,15.778540435784205,all_cult,Soybeans,0.10481641241011928,4,56,237840.4792113013,2189.049050903324,659.591663422063,0.8378473356605973,0.002295472152494787,7.3923141688516925,20.023294276407345
2017,20127,Wheat,13931269.83858373,1393.126983858373,5.175589071774074,all_cult,Wheat,NA,NA,89,123988.3015633952,3054.4344665527397,656.2501340215094,0.8378473356605973,0.002295472152494787,7.3923141688516925,20.023294276407345
2017,20131,Corn,136523508.24275914,13652.350824275913,17.98990132643152,all_cult,Corn,0.18710458166956384,7,250,3413087.706068978,2013.658761596683,589.3857664555107,0.741655141234005,0.0020319318937917943,5.789319265705288,18.825179343027635
2017,20131,Developed,34796018.12359015,3479.6018123590147,4.585121937263943,developed,NA,NA,NA,NA,NA,NA,NA,0.741655141234005,0.0020319318937917943,5.789319265705288,18.825179343027635
2017,20131,Double Crop,535616.7534927964,53.56167534927964,0.0705789989441621,all_cult,NA,NA,NA,NA,NA,NA,NA,0.741655141234005,0.0020319318937917943,5.789319265705288,18.825179343027635
2017,20131,Grass/Pasture/Shrubland,298577561.4953659,29857.75614953659,39.34399971642288,grassPastureHay,NA,NA,NA,NA,NA,NA,NA,0.741655141234005,0.0020319318937917943,5.789319265705288,18.825179343027635
2017,20131,Other Crops,28448647.919662017,2844.8647919662017,3.748719729902304,all_cult,NA,NA,NA,NA,NA,NA,NA,0.741655141234005,0.0020319318937917943,5.789319265705288,18.825179343027635
2017,20131,Sorghum,292445.5965162971,29.244559651629707,0.0385359817689612,all_cult,Sorghum,NA,NA,112,3275.390680982527,2097.8685001060585,589.3857664555107,0.741655141234005,0.0020319318937917943,5.789319265705288,18.825179343027635
2017,20131,Soybeans,158619161.9624604,15861.916196246038,20.901477766831903,all_cult,Soybeans,0.12704638295481477,7,56,888267.3069897782,2013.658761596683,589.3857664555107,0.741655141234005,0.0020319318937917943,5.789319265705288,18.825179343027635
2017,20131,Wheat,4600797.60603476,460.079760603476,0.60625379482831665,all_cult,Wheat,NA,NA,89,40947.09869370936,2704.986010742193,564.4763947633328,0.741655141234005,0.0020319318937917943,5.789319265705288,18.825179343027635
2017,20139,Corn,22548368.291428752,2254.836829142875,10.252404715620491,all_cult,Corn,NA,NA,250,563709.2072857188,2244.054882812504,874.422777077158,1.0200013219748512,0.0027945241697941124,7.927461305383156,20.157988331415904
2017,20139,Developed,11356190.925028866,1135.6190925028866,5.1634896098229035,developed,NA,NA,NA,NA,NA,NA,NA,1.0200013219748512,0.0027945241697941124,7.927461305383156,20.157988331415904
2017,20139,Double Crop,1425464.8358809939,142.5464835880994,0.6481374712551968,all_cult,NA,NA,NA,NA,NA,NA,NA,1.0200013219748512,0.0027945241697941124,7.927461305383156,20.157988331415904
2017,20139,Grass/Pasture/Shrubland,109359960.78642677,10935.996078642676,49.72433318348066,grassPastureHay,NA,NA,NA,NA,NA,NA,NA,1.0200013219748512,0.0027945241697941124,7.927461305383156,20.157988331415904
2017,20139,Other Crops,5590889.707877009,559.0889707877009,2.542093656831977,all_cult,NA,NA,NA,NA,NA,NA,NA,1.0200013219748512,0.0027945241697941124,7.927461305383156,20.157988331415904
2017,20139,Sorghum,40049.61915125138,4.004961915125138,0.018209960868928,all_cult,Sorghum,NA,NA,112,448.5557344940155,2311.9649234459025,874.422777077158,1.0200013219748512,0.0027945241697941124,7.927461305383156,20.157988331415904
2017,20139,Soybeans,29114805.741103217,2911.480574110322,13.238065292198018,all_cult,Soybeans,NA,NA,56,163042.91215017802,2244.054882812504,874.422777077158,1.0200013219748512,0.0027945241697941124,7.927461305383156,20.157988331415904
2017,20139,Wheat,1050893.154498482,105.0893154498482,0.47782534831529655,all_cult,Wheat,NA,NA,89,9352.94907503649,3156.917825317388,649.8563428194942,1.0200013219748512,0.0027945241697941124,7.927461305383156,20.157988331415904
2017,20149,Corn,138185135.98101908,13818.513598101908,8.063440117178931,all_cult,Corn,0.16415643550230585,64,250,3454628.399525477,2098.639355468754,648.3252114809002,0.8205064232910226,0.002247962803537048,6.517671224515755,19.480267584813806
2017,20149,Developed,87616798.8247893,8761.67988247893,5.112654161874868,developed,NA,NA,NA,NA,NA,NA,NA,0.8205064232910226,0.002247962803537048,6.517671224515755,19.480267584813806
2017,20149,Double Crop,1211056.0108363475,121.10560108363474,0.07066807549597687,all_cult,NA,NA,NA,NA,NA,NA,NA,0.8205064232910226,0.002247962803537048,6.517671224515755,19.480267584813806
2017,20149,Grass/Pasture/Shrubland,1042016631.7551894,104201.66317551894,60.8042149512852,grassPastureHay,NA,NA,NA,NA,NA,NA,NA,0.8205064232910226,0.002247962803537048,6.517671224515755,19.480267584813806
2017,20149,Other Crops,36463030.947196595,3646.3030947196594,2.1277068944227673,all_cult,NA,NA,NA,NA,NA,NA,NA,0.8205064232910226,0.002247962803537048,6.517671224515755,19.480267584813806
2017,20149,Sorghum,2637721.5993721234,263.77215993721234,0.15391749634525126,all_cult,Sorghum,NA,NA,112,29542.48191296778,2191.2372324959024,648.3252114809002,0.8205064232910226,0.002247962803537048,6.517671224515755,19.480267584813806
2017,20149,Soybeans,172454237.78145635,17245.423778145636,10.063125888558066,all_cult,Soybeans,0.11732094042975284,67,56,965743.7315761556,2098.639355468754,648.3252114809002,0.8205064232910226,0.002247962803537048,6.517671224515755,19.480267584813806
2017,20149,Wheat,5498000.127486838,549.8000127486838,0.3208217329418248,all_cult,Wheat,NA,NA,89,48932.20113463286,2872.884313964849,626.7866586620512,0.8205064232910226,0.002247962803537048,6.517671224515755,19.480267584813806
2017,20161,Corn,28264081.814259574,2826.4081814259575,3.534461704597504,all_cult,Corn,0.14438643971749596,10,250,706602.0453564894,2200.4061859130893,625.2138650321576,0.8051270961730915,0.002205827660748196,7.5248356649320645,19.88786930450024
2017,20161,Developed,95685819.75621904,9568.581975621904,11.965641333190256,developed,NA,NA,NA,NA,NA,NA,NA,0.8051270961730915,0.002205827660748196,7.5248356649320645,19.88786930450024
2017,20161,Double Crop,3059907.6268311874,305.99076268311876,0.38264559230027057,all_cult,NA,NA,NA,NA,NA,NA,NA,0.8051270961730915,0.002205827660748196,7.5248356649320645,19.88786930450024
2017,20161,Grass/Pasture/Shrubland,407988526.31469536,40798.852631469534,51.019517692131245,grassPastureHay,NA,NA,NA,NA,NA,NA,NA,0.8051270961730915,0.002205827660748196,7.5248356649320645,19.88786930450024
2017,20161,Other Crops,10320727.744909644,1032.0727744909643,1.2906209802844677,all_cult,NA,NA,NA,NA,NA,NA,NA,0.8051270961730915,0.002205827660748196,7.5248356649320645,19.88786930450024
2017,20161,Sorghum,4308427.415026789,430.8427415026789,0.5387746824935775,all_cult,Sorghum,NA,NA,112,48254.387048300036,2298.096042920707,625.2138650321576,0.8051270961730915,0.002205827660748196,7.5248356649320645,19.88786930450024
2017,20161,Soybeans,70974858.01059793,7097.485801059793,8.87550210462322,all_cult,Soybeans,0.1373089458281074,17,56,397459.20485934836,2200.4061859130893,625.2138650321576,0.8051270961730915,0.002205827660748196,7.5248356649320645,19.88786930450024
2017,20161,Wheat,7921220.3074687,792.12203074687,0.9905593259464464,all_cult,Wheat,NA,NA,89,70498.86073647143,3054.4785949707084,601.2080112836484,0.8051270961730915,0.002205827660748196,7.5248356649320645,19.88786930450024
2017,20177,Corn,132227186.90659724,13222.718690659724,9.074007628831708,all_cult,Corn,0.08994102219761943,85,250,3305679.672664931,2218.249484252933,839.4353745847839,1.0023642305900358,0.0027462033714795503,7.65991365615638,19.939624943145358
2017,20177,Developed,256694299.9930711,25669.42999930711,17.61548506707684,developed,NA,NA,NA,NA,NA,NA,NA,1.0023642305900358,0.0027462033714795503,7.65991365615638,19.939624943145358
2017,20177,Double Crop,2038169.810743612,203.8169810743612,0.13986812276817234,all_cult,NA,NA,NA,NA,NA,NA,NA,1.0023642305900358,0.0027462033714795503,7.65991365615638,19.939624943145358
2017,20177,Grass/Pasture/Shrubland,622766218.5830926,62276.621858309256,42.73694049313327,grassPastureHay,NA,NA,NA,NA,NA,NA,NA,1.0023642305900358,0.0027462033714795503,7.65991365615638,19.939624943145358
2017,20177,Other Crops,29089400.468526565,2908.9400468526565,1.996241831538057,all_cult,NA,NA,NA,NA,NA,NA,NA,1.0023642305900358,0.0027462033714795503,7.65991365615638,19.939624943145358
2017,20177,Sorghum,389014.7460418572,38.901474604185715,0.02669589254595056,all_cult,Sorghum,NA,NA,112,4356.9651556688,2287.35552403184,839.4353745847839,1.0023642305900358,0.0027462033714795503,7.65991365615638,19.939624943145358
2017,20177,Soybeans,165481030.29394457,16548.103029394457,11.356031739334124,all_cult,Soybeans,0.08847769262518439,53,56,926693.7696460895,2218.249484252933,839.4353745847839,1.0023642305900358,0.0027462033714795503,7.65991365615638,19.939624943145358
2017,20177,Wheat,4514185.082087738,451.4185082087738,0.309783115190653,all_cult,Wheat,NA,NA,89,40176.24723058087,3110.6375946044977,694.8961559208183,1.0023642305900358,0.0027462033714795503,7.65991365615638,19.939624943145358
2017,20197,Corn,77133913.3386837,7713.391333868369,5.018316537800782,all_cult,Corn,0.1251891420984715,29,250,1928347.8334670921,2166.222155761722,745.1748563102738,0.9271954786274873,0.002540261585280787,7.256347990689235,19.7310567777451
2017,20197,Developed,52833675.50875704,5283.367550875704,3.437348062378501,developed,NA,NA,NA,NA,NA,NA,NA,0.9271954786274873,0.002540261585280787,7.256347990689235,19.7310567777451
2017,20197,Double Crop,289223.15911308443,28.92231591130844,0.01881679924781251,all_cult,NA,NA,NA,NA,NA,NA,NA,0.9271954786274873,0.002540261585280787,7.256347990689235,19.7310567777451
2017,20197,Grass/Pasture/Shrubland,1165716236.4876592,116571.62364876592,75.84125859481173,grassPastureHay,NA,NA,NA,NA,NA,NA,NA,0.9271954786274873,0.002540261585280787,7.256347990689235,19.7310567777451
2017,20197,Other Crops,28867058.2100567,2886.70582100567,1.8780848701025796,all_cult,NA,NA,NA,NA,NA,NA,NA,0.9271954786274873,0.002540261585280787,7.256347990689235,19.7310567777451
2017,20197,Sorghum,2088680.381514717,208.8680381514717,0.1358891160456481,all_cult,Sorghum,NA,NA,112,23393.22027296483,2244.0842994064496,745.1748563102738,0.9271954786274873,0.002540261585280787,7.256347990689235,19.7310567777451
2017,20197,Soybeans,92610679.95114489,9261.067995114488,6.025231790524589,all_cult,Soybeans,0.15257480358743347,33,56,518619.8077264114,2166.222155761722,745.1748563102738,0.9271954786274873,0.002540261585280787,7.256347990689235,19.7310567777451
2017,20197,Wheat,1895720.4703609261,189.5720470360926,0.12333518391175226,all_cult,Wheat,NA,NA,89,16871.91218621224,3021.939959716802,697.3812986084085,0.9271954786274873,0.002540261585280787,7.256347990689235,19.7310567777451
2017,20209,Corn,3722140.3180954885,372.2140318095488,1.450747426354399,all_cult,Corn,NA,NA,250,93053.50795238721,2218.382363891605,1089.6847311235906,1.2190563196198492,0.0033398803277256135,8.09985447713776,19.521538972201437
2017,20209,Developed,147062549.4265167,14706.25494265167,57.3193369568617,developed,NA,NA,NA,NA,NA,NA,NA,1.2190563196198492,0.0033398803277256135,8.09985447713776,19.521538972201437
2017,20209,Double Crop,113805.08506971171,11.380508506971172,0.04435685389620288,all_cult,NA,NA,NA,NA,NA,NA,NA,1.2190563196198492,0.0033398803277256135,8.09985447713776,19.521538972201437
2017,20209,Grass/Pasture/Shrubland,39874825.64002913,3987.4825640029135,15.541676489832591,grassPastureHay,NA,NA,NA,NA,NA,NA,NA,1.2190563196198492,0.0033398803277256135,8.09985447713776,19.521538972201437
2017,20209,Other Crops,944782.4624669153,94.47824624669153,0.36823993959205864,all_cult,NA,NA,NA,NA,NA,NA,NA,1.2190563196198492,0.0033398803277256135,8.09985447713776,19.521538972201437
2017,20209,Sorghum,33555.31535179701,3.3555315351797015,0.01307857394587372,all_cult,Sorghum,NA,NA,112,375.8195319401266,2277.4147460937543,1089.6847311235906,1.2190563196198492,0.0033398803277256135,8.09985447713776,19.521538972201437
2017,20209,Soybeans,8624529.590837307,862.4529590837307,3.3615105928694855,all_cult,Soybeans,NA,NA,56,48297.365708688914,2218.382363891605,1089.6847311235906,1.2190563196198492,0.0033398803277256135,8.09985447713776,19.521538972201437
2017,20209,Wheat,14837.764513449725,1.4837764513449725,0.00578319107855503,all_cult,Wheat,NA,NA,89,132.05610416970256,3132.425106811529,643.1783845711034,1.2190563196198492,0.0033398803277256135,8.09985447713776,19.521538972201437
2018,20005,Corn,180561226.0977907,18056.122609779068,24.12459417677641,all_cult,Corn,0.10112713887435908,8,250,4514030.652444767,2224.8954315185574,767.7157400429569,0.9291536568622251,0.002545626457156781,5.663301692596876,18.153571476348482
2018,20005,Developed,35431692.01603047,3543.169201603047,4.733990842642616,developed,NA,NA,NA,NA,NA,NA,NA,0.9291536568622251,0.002545626457156781,5.663301692596876,18.153571476348482
2018,20005,Double Crop,584363.4897650187,58.43634897650187,0.07807618693656183,all_cult,NA,NA,NA,NA,NA,NA,NA,0.9291536568622251,0.002545626457156781,5.663301692596876,18.153571476348482
2018,20005,Grass/Pasture/Shrubland,193337691.7911131,19333.76917911131,25.831644225816156,grassPastureHay,NA,NA,NA,NA,NA,NA,NA,0.9291536568622251,0.002545626457156781,5.663301692596876,18.153571476348482
2018,20005,Other Crops,28419925.58562903,2841.992558562903,3.797156156417317,all_cult,NA,NA,NA,NA,NA,NA,NA,0.9291536568622251,0.002545626457156781,5.663301692596876,18.153571476348482
2018,20005,Sorghum,326252.7902717358,32.62527902717358,0.0435902897562506,all_cult,Sorghum,NA,NA,112,3654.0312510434414,2361.3741882324257,767.7157400429569,0.9291536568622251,0.002545626457156781,5.663301692596876,18.153571476348482
2018,20005,Soybeans,205829406.6550647,20582.94066550647,27.500649018138652,all_cult,Soybeans,0.06751825272393676,4,56,1152644.6772683624,2224.8954315185574,767.7157400429569,0.9291536568622251,0.002545626457156781,5.663301692596876,18.153571476348482
2018,20005,Wheat,3388592.7122465116,338.85927122465114,0.4527462832416458,all_cult,Wheat,NA,NA,89,30158.475138993952,2708.539389038091,476.65084595840017,0.9291536568622251,0.002545626457156781,5.663301692596876,18.153571476348482
2018,20013,Corn,124289222.82535036,12428.922282535035,27.82653606092869,all_cult,Corn,0.1899013390070632,21,250,3107230.570633759,2174.077133178714,810.80801289808,0.9717272871828172,0.002662266540226896,5.235579566433028,17.827601769852336
2018,20013,Developed,23861692.31921749,2386.1692319217486,5.342283318711536,developed,NA,NA,NA,NA,NA,NA,NA,0.9717272871828172,0.002662266540226896,5.235579566433028,17.827601769852336
2018,20013,Double Crop,194293.79044550637,19.429379044550636,0.04349953313203657,all_cult,NA,NA,NA,NA,NA,NA,NA,0.9717272871828172,0.002662266540226896,5.235579566433028,17.827601769852336
2018,20013,Grass/Pasture/Shrubland,103147210.01318848,10314.721001318849,23.093149138516896,grassPastureHay,NA,NA,NA,NA,NA,NA,NA,0.9717272871828172,0.002662266540226896,5.235579566433028,17.827601769852336
2018,20013,Other Crops,15842577.738935513,1584.2577738935513,3.546921050186496,all_cult,NA,NA,NA,NA,NA,NA,NA,0.9717272871828172,0.002662266540226896,5.235579566433028,17.827601769852336
2018,20013,Sorghum,419657.3141593308,41.96573141593308,0.09395512434812088,all_cult,Sorghum,NA,NA,112,4700.161918584505,2301.21177978516,810.80801289808,0.9717272871828172,0.002662266540226896,5.235579566433028,17.827601769852336
2018,20013,Soybeans,132272141.53360635,13227.214153360635,29.61379460400359,all_cult,Soybeans,0.09409141038719189,11,56,740723.9925881956,2174.077133178714,810.80801289808,0.9717272871828172,0.002662266540226896,5.235579566433028,17.827601769852336
2018,20013,Wheat,2258070.375670521,225.8070375670521,0.5055488747001377,all_cult,Wheat,NA,NA,89,20096.826343467637,2641.968502807622,416.6183188492432,0.9717272871828172,0.002662266540226896,5.235579566433028,17.827601769852336
2018,20045,Corn,76955754.98650408,7695.575498650407,7.894850786086665,all_cult,Corn,0.20808159563546147,10,250,1923893.8746626019,2317.1872802734406,621.7145066878152,0.8398985178187763,0.002301091829640483,7.034483525524424,18.854752130377804
2018,20045,Developed,131058394.71572126,13105.839471572126,13.4452123915375,developed,NA,NA,NA,NA,NA,NA,NA,0.8398985178187763,0.002301091829640483,7.034483525524424,18.854752130377804
2018,20045,Double Crop,3521806.3340546796,352.180633405468,0.36130027584983954,all_cult,NA,NA,NA,NA,NA,NA,NA,0.8398985178187763,0.002301091829640483,7.034483525524424,18.854752130377804
2018,20045,Grass/Pasture/Shrubland,342974133.91866255,34297.413391866256,35.18553760209367,grassPastureHay,NA,NA,NA,NA,NA,NA,NA,0.8398985178187763,0.002301091829640483,7.034483525524424,18.854752130377804
2018,20045,Other Crops,45254083.67958203,4525.408367958203,4.642592853179544,all_cult,NA,NA,NA,NA,NA,NA,NA,0.8398985178187763,0.002301091829640483,7.034483525524424,18.854752130377804
2018,20045,Sorghum,214437.87144544447,21.443787144544448,0.0219990694424961,all_cult,Sorghum,NA,NA,112,2401.704160188978,2462.722558593754,621.7145066878152,0.8398985178187763,0.002301091829640483,7.034483525524424,18.854752130377804
2018,20045,Soybeans,112208356.54814811,11220.835654814811,11.511396802682228,all_cult,Soybeans,0.1116319089340206,9,56,628366.7966696294,2317.1872802734406,621.7145066878152,0.8398985178187763,0.002301091829640483,7.034483525524424,18.854752130377804
2018,20045,Wheat,3330663.9676853116,333.06639676853115,0.34169108012886557,all_cult,Wheat,NA,NA,89,29642.90931239927,2941.261087036138,429.04934338627754,0.8398985178187763,0.002301091829640483,7.034483525524424,18.854752130377804
2018,20061,Corn,35368152.6634316,3536.8152663431597,4.509107011032735,all_cult,Corn,0.20675379480483025,9,250,884203.8165857899,2302.0614440918,753.9046129071503,0.9085467418077751,0.00248916915563774,6.71825214542757,18.977915055784482
2018,20061,Developed,62798203.4402991,6279.82034402991,8.006180648097178,developed,NA,NA,NA,NA,NA,NA,NA,0.9085467418077751,0.00248916915563774,6.71825214542757,18.977915055784482
2018,20061,Double Crop,4282382.398014027,428.2382398014027,0.5459635022095242,all_cult,NA,NA,NA,NA,NA,NA,NA,0.9085467418077751,0.00248916915563774,6.71825214542757,18.977915055784482
2018,20061,Grass/Pasture/Shrubland,460889452.7760714,46088.94527760714,58.75907296035707,grassPastureHay,NA,NA,NA,NA,NA,NA,NA,0.9085467418077751,0.00248916915563774,6.71825214542757,18.977915055784482
2018,20061,Other Crops,21821511.777385008,2182.151177738501,2.782037633774263,all_cult,NA,NA,NA,NA,NA,NA,NA,0.9085467418077751,0.00248916915563774,6.71825214542757,18.977915055784482
2018,20061,Sorghum,1630190.711652727,163.01907116527272,0.20783399226937607,all_cult,Sorghum,NA,NA,112,18258.135970510546,2463.6218302742227,753.9046129071503,0.9085467418077751,0.00248916915563774,6.71825214542757,18.977915055784482
2018,20061,Soybeans,48320338.00600576,4832.033800600576,6.160388894261578,all_cult,Soybeans,0.09234224562791517,15,56,270593.89283363224,2302.0614440918,753.9046129071503,0.9085467418077751,0.00248916915563774,6.71825214542757,18.977915055784482
2018,20061,Wheat,12609096.624149892,1260.9096624149893,1.6075412965950209,all_cult,Wheat,NA,NA,89,112220.95995493405,2926.52345886231,314.59377324342495,0.9085467418077751,0.00248916915563774,6.71825214542757,18.977915055784482
2018,20085,Corn,147211503.17712882,14721.150317712883,8.652315387191628,all_cult,Corn,NA,NA,250,3680287.5794282206,2196.8969512939484,710.6322171424981,0.8804130461440655,0.0024120905373810012,5.369110483666012,18.237600248153917
2018,20085,Developed,72125309.17888851,7212.530917888852,4.23914510039053,developed,NA,NA,NA,NA,NA,NA,NA,0.8804130461440655,0.0024120905373810012,5.369110483666012,18.237600248153917
2018,20085,Double Crop,432028.2253360822,43.20282253360822,0.02539233946465963,all_cult,NA,NA,NA,NA,NA,NA,NA,0.8804130461440655,0.0024120905373810012,5.369110483666012,18.237600248153917
2018,20085,Grass/Pasture/Shrubland,896371962.9632987,89637.19629632987,52.68401422722146,grassPastureHay,NA,NA,NA,NA,NA,NA,NA,0.8804130461440655,0.0024120905373810012,5.369110483666012,18.237600248153917
2018,20085,Other Crops,115533574.21706617,11553.357421706616,6.790453873246457,all_cult,NA,NA,NA,NA,NA,NA,NA,0.8804130461440655,0.0024120905373810012,5.369110483666012,18.237600248153917
2018,20085,Sorghum,1982073.6550830367,198.20736550830367,0.11649583092557204,all_cult,Sorghum,NA,NA,112,22199.22493693001,2334.108868408207,710.6322171424981,0.8804130461440655,0.0024120905373810012,5.369110483666012,18.237600248153917
2018,20085,Soybeans,201364135.16589922,20136.41351658992,11.835121356162658,all_cult,Soybeans,NA,NA,56,1127639.1569290357,2196.8969512939484,710.6322171424981,0.8804130461440655,0.0024120905373810012,5.369110483666012,18.237600248153917
2018,20085,Wheat,6382127.629504527,638.2127629504527,0.3751077864162588,all_cult,Wheat,NA,NA,89,56800.93590259029,2689.0747772216846,430.3612854661187,0.8804130461440655,0.0024120905373810012,5.369110483666012,18.237600248153917
2018,20087,Corn,167026188.45976725,16702.618845976725,11.618938337849896,all_cult,Corn,0.18978453047305743,28,250,4175654.7114941813,2270.1834716796902,595.7828879824374,0.7711494462462142,0.0021127382088937377,6.2151013936082204,18.642928366465135
2018,20087,Developed,81404816.49523413,8140.481649523414,5.662809838290371,developed,NA,NA,NA,NA,NA,NA,NA,0.7711494462462142,0.0021127382088937377,6.2151013936082204,18.642928366465135
2018,20087,Double Crop,2298885.470378261,229.8885470378261,0.15991868564095288,all_cult,NA,NA,NA,NA,NA,NA,NA,0.7711494462462142,0.0021127382088937377,6.2151013936082204,18.642928366465135
2018,20087,Grass/Pasture/Shrubland,512771348.83745575,51277.13488374557,35.670206801094714,grassPastureHay,NA,NA,NA,NA,NA,NA,NA,0.7711494462462142,0.0021127382088937377,6.2151013936082204,18.642928366465135
2018,20087,Other Crops,71751686.78912638,7175.168678912638,4.991303652004202,all_cult,NA,NA,NA,NA,NA,NA,NA,0.7711494462462142,0.0021127382088937377,6.2151013936082204,18.642928366465135
2018,20087,Sorghum,857890.3579803964,85.78903579803963,0.05967791794764691,all_cult,Sorghum,NA,NA,112,9608.372009380439,2425.315195052348,595.7828879824374,0.7711494462462142,0.0021127382088937377,6.2151013936082204,18.642928366465135
2018,20087,Soybeans,191100004.83100903,19110.000483100903,13.293599003662528,all_cult,Soybeans,0.11936011275485296,19,56,1070160.0270536505,2270.1834716796902,595.7828879824374,0.7711494462462142,0.0021127382088937377,6.2151013936082204,18.642928366465135
2018,20087,Wheat,3182906.0019293143,318.29060019293144,0.22141431180714005,all_cult,Wheat,NA,NA,89,28327.863417170898,2806.5506713867235,430.9744449654245,0.7711494462462142,0.0021127382088937377,6.2151013936082204,18.642928366465135
2018,20091,Corn,22070637.638042953,2207.0637638042954,3.655099605232424,all_cult,Corn,NA,NA,250,551765.9409510739,2335.690121459964,683.5712682371892,0.9102567108065056,0.0024938540022096042,7.3147803737692865,18.61289764822348
2018,20091,Developed,279472555.54140335,27947.255554140334,46.28321320775662,developed,NA,NA,NA,NA,NA,NA,NA,0.9102567108065056,0.0024938540022096042,7.3147803737692865,18.61289764822348
2018,20091,Double Crop,1061169.2602697075,106.11692602697076,0.17573934237454691,all_cult,NA,NA,NA,NA,NA,NA,NA,0.9102567108065056,0.0024938540022096042,7.3147803737692865,18.61289764822348
2018,20091,Grass/Pasture/Shrubland,129670247.93810616,12967.024793810617,21.474579929308696,grassPastureHay,NA,NA,NA,NA,NA,NA,NA,0.9102567108065056,0.0024938540022096042,7.3147803737692865,18.61289764822348
2018,20091,Other Crops,14981184.479749355,1498.1184479749356,2.4810212725100707,all_cult,NA,NA,NA,NA,NA,NA,NA,0.9102567108065056,0.0024938540022096042,7.3147803737692865,18.61289764822348
2018,20091,Sorghum,71516.03938169942,7.151603938169942,0.01184371070735474,all_cult,Sorghum,NA,NA,112,800.9796410750336,2471.8348083496135,683.5712682371892,0.9102567108065056,0.0024938540022096042,7.3147803737692865,18.61289764822348
2018,20091,Soybeans,46787644.75425871,4678.764475425871,7.748462218249258,all_cult,Soybeans,NA,NA,56,262010.81062384875,2335.690121459964,683.5712682371892,0.9102567108065056,0.0024938540022096042,7.3147803737692865,18.61289764822348
2018,20091,Wheat,740486.0356484151,74.04860356484151,0.12263126516623105,all_cult,Wheat,NA,NA,89,6590.3257172708945,2932.1673095703177,420.7341328455301,0.9102567108065056,0.0024938540022096042,7.3147803737692865,18.61289764822348
2018,20103,Corn,61022602.44171109,6102.260244171109,6.753916007802763,all_cult,Corn,NA,NA,250,1525565.0610427773,2292.3025054931672,652.2769339675142,0.8631583183089097,0.0023648173104353688,6.559233197773995,18.5278097074326
2018,20103,Developed,65993469.46881635,6599.346946881635,7.304086224143404,developed,NA,NA,NA,NA,NA,NA,NA,0.8631583183089097,0.0023648173104353688,6.559233197773995,18.5278097074326
2018,20103,Double Crop,1871383.9559282318,187.13839559282317,0.20712276354916043,all_cult,NA,NA,NA,NA,NA,NA,NA,0.8631583183089097,0.0023648173104353688,6.559233197773995,18.5278097074326
2018,20103,Grass/Pasture/Shrubland,350852872.04064256,35085.287204064254,38.832018531532576,grassPastureHay,NA,NA,NA,NA,NA,NA,NA,0.8631583183089097,0.0023648173104353688,6.559233197773995,18.5278097074326
2018,20103,Other Crops,56925153.326789126,5692.515332678912,6.300414746612489,all_cult,NA,NA,NA,NA,NA,NA,NA,0.8631583183089097,0.0023648173104353688,6.559233197773995,18.5278097074326
2018,20103,Sorghum,393668.8707787977,39.366887077879774,0.04357084722281808,all_cult,Sorghum,NA,NA,112,4409.091352722535,2433.819793701176,652.2769339675142,0.8631583183089097,0.0023648173104353688,6.559233197773995,18.5278097074326
2018,20103,Soybeans,112977712.29018316,11297.771229018315,12.504251687568752,all_cult,Soybeans,0.16567573329899934,5,56,632675.1888250257,2292.3025054931672,652.2769339675142,0.8631583183089097,0.0023648173104353688,6.559233197773995,18.5278097074326
2018,20103,Wheat,2011651.766558958,201.1651766558958,0.22264745397027488,all_cult,Wheat,NA,NA,89,17903.700722374728,2829.6367584228565,455.14966063111206,0.8631583183089097,0.0023648173104353688,6.559233197773995,18.5278097074326
2018,20117,Corn,1673220.6997621572,167.32206997621572,8.178228948846634,all_cult,Corn,0.14902894844372386,27,250,41830.51749405393,2095.2364654541047,770.554224186577,0.9391810724530371,0.0025730988286384576,5.018511879280845,17.414106562366246
2018,20117,Developed,669408.7855393016,66.94087855393016,3.2718805769543597,developed,NA,NA,NA,NA,NA,NA,NA,0.9391810724530371,0.0025730988286384576,5.018511879280845,17.414106562366246
2018,20117,Double Crop,13893.237924613799,1.38932379246138,0.06790621261405713,all_cult,NA,NA,NA,NA,NA,NA,NA,0.9391810724530371,0.0025730988286384576,5.018511879280845,17.414106562366246
2018,20117,Grass/Pasture/Shrubland,12947499.966159247,1294.7499966159246,63.28371329226678,grassPastureHay,NA,NA,NA,NA,NA,NA,NA,0.9391810724530371,0.0025730988286384576,5.018511879280845,17.414106562366246
2018,20117,Other Crops,616308.6268640502,61.63086268640502,3.0123420385367914,all_cult,NA,NA,NA,NA,NA,NA,NA,0.9391810724530371,0.0025730988286384576,5.018511879280845,17.414106562366246
2018,20117,Sorghum,61902.05882948759,6.190205882948759,0.30255973380229184,all_cult,Sorghum,NA,NA,112,693.303058890261,2221.780658309184,770.554224186577,0.9391810724530371,0.0025730988286384576,5.018511879280845,17.414106562366246
2018,20117,Soybeans,2951962.72154349,295.196272154349,14.428357830305796,all_cult,Soybeans,0.07411140187159182,6,56,16530.991240643543,2095.2364654541047,770.554224186577,0.9391810724530371,0.0025730988286384576,5.018511879280845,17.414106562366246
2018,20117,Wheat,85350.85094650576,8.535085094650576,0.41717078931585566,all_cult,Wheat,NA,NA,89,759.6225734239013,2578.1029968261764,426.57963205594575,0.9391810724530371,0.0025730988286384576,5.018511879280845,17.414106562366246
2018,20127,Corn,16454999.42336316,1645.499942336316,6.113176772711551,all_cult,Corn,NA,NA,250,411374.985584079,2295.948187255862,783.450351023348,0.9402202456467785,0.002575945878484325,6.659138217037694,18.877197683674037
2018,20127,Developed,11807589.753099114,1180.7589753099114,4.386623272551869,developed,NA,NA,NA,NA,NA,NA,NA,0.9402202456467785,0.002575945878484325,6.659138217037694,18.877197683674037
2018,20127,Double Crop,4956396.164376577,495.6396164376577,1.841344695849936,all_cult,NA,NA,NA,NA,NA,NA,NA,0.9402202456467785,0.002575945878484325,6.659138217037694,18.877197683674037
2018,20127,Grass/Pasture/Shrubland,150788143.6622206,15078.81436622206,56.01911940072121,grassPastureHay,NA,NA,NA,NA,NA,NA,NA,0.9402202456467785,0.002575945878484325,6.659138217037694,18.877197683674037
2018,20127,Other Crops,13018584.883818442,1301.8584883818442,4.836518597037217,all_cult,NA,NA,NA,NA,NA,NA,NA,0.9402202456467785,0.002575945878484325,6.659138217037694,18.877197683674037
2018,20127,Sorghum,2280654.246396752,228.06542463967523,0.8472830783490264,all_cult,Sorghum,NA,NA,112,25543.327559643625,2454.326392652152,783.450351023348,0.9402202456467785,0.002575945878484325,6.659138217037694,18.877197683674037
2018,20127,Soybeans,35131396.70125321,3513.139670125321,13.051622353878006,all_cult,Soybeans,NA,NA,56,196735.82152701798,2295.948187255862,783.450351023348,0.9402202456467785,0.002575945878484325,6.659138217037694,18.877197683674037
2018,20127,Wheat,18474715.608413544,1847.4715608413544,6.863519070043339,all_cult,Wheat,NA,NA,89,164424.96891488053,2911.391787719732,328.13356643985026,0.9402202456467785,0.002575945878484325,6.659138217037694,18.877197683674037
2018,20131,Corn,143935526.58717665,14393.552658717666,18.9665937683564,all_cult,Corn,0.14964330348934088,8,250,3598388.1646794165,2117.4402923584016,751.6856480152928,0.911249688850512,0.002496574490001403,5.0356408524186875,17.48616884832515
2018,20131,Developed,34511329.01089662,3451.1329010896625,4.547608038654196,developed,NA,NA,NA,NA,NA,NA,NA,0.911249688850512,0.002496574490001403,5.0356408524186875,17.48616884832515
2018,20131,Double Crop,210266.86743271755,21.026686743271757,0.02770717106541298,all_cult,NA,NA,NA,NA,NA,NA,NA,0.911249688850512,0.002496574490001403,5.0356408524186875,17.48616884832515
2018,20131,Grass/Pasture/Shrubland,289217797.12437505,28921.779712437507,38.110649946554915,grassPastureHay,NA,NA,NA,NA,NA,NA,NA,0.911249688850512,0.002496574490001403,5.0356408524186875,17.48616884832515
2018,20131,Other Crops,33779947.4471563,3377.99474471563,4.451232825820787,all_cult,NA,NA,NA,NA,NA,NA,NA,0.911249688850512,0.002496574490001403,5.0356408524186875,17.48616884832515
2018,20131,Sorghum,3442765.590206262,344.2765590206262,0.4536582311356573,all_cult,Sorghum,NA,NA,112,38558.974610310135,2241.8521640464883,751.6856480152928,0.911249688850512,0.002496574490001403,5.0356408524186875,17.48616884832515
2018,20131,Soybeans,153245749.9677361,15324.574996773608,20.19341544983178,all_cult,Soybeans,0.11589754627687056,6,56,858176.1998193221,2117.4402923584016,751.6856480152928,0.911249688850512,0.002496574490001403,5.0356408524186875,17.48616884832515
2018,20131,Wheat,4929381.773681685,492.93817736816857,0.649551808697729,all_cult,Wheat,NA,NA,89,43871.497785767,2584.586453247075,394.70274875972245,0.911249688850512,0.002496574490001403,5.0356408524186875,17.48616884832515
2018,20139,Corn,22596933.21618718,2259.693321618718,10.274486458173737,all_cult,Corn,NA,NA,250,564923.3304046795,2342.4853149414093,595.3040695228337,0.7996069344347998,0.0021907039299583556,7.124902594579432,19.161810553563807
2018,20139,Developed,11355468.863230264,1135.5468863230265,5.16316129915788,developed,NA,NA,NA,NA,NA,NA,NA,0.7996069344347998,0.0021907039299583556,7.124902594579432,19.161810553563807
2018,20139,Double Crop,2126086.392055048,212.6086392055048,0.9666995797654928,all_cult,NA,NA,NA,NA,NA,NA,NA,0.7996069344347998,0.0021907039299583556,7.124902594579432,19.161810553563807
2018,20139,Grass/Pasture/Shrubland,107146776.6131754,10714.67766131754,48.71803154953918,grassPastureHay,NA,NA,NA,NA,NA,NA,NA,0.7996069344347998,0.0021907039299583556,7.124902594579432,19.161810553563807
2018,20139,Other Crops,7355840.580679343,735.5840580679343,3.3445903349634745,all_cult,NA,NA,NA,NA,NA,NA,NA,0.7996069344347998,0.0021907039299583556,7.124902594579432,19.161810553563807
2018,20139,Sorghum,9301.884326722351,0.9301884326722352,0.00422942722519287,all_cult,Sorghum,NA,NA,112,104.18110445929034,2502.0506473228556,595.3040695228337,0.7996069344347998,0.0021907039299583556,7.124902594579432,19.161810553563807
2018,20139,Soybeans,29251043.154452212,2925.1043154452213,13.300010399755717,all_cult,Soybeans,NA,NA,56,163805.8416649324,2342.4853149414093,595.3040695228337,0.7996069344347998,0.0021907039299583556,7.124902594579432,19.161810553563807
2018,20139,Wheat,580082.9951416875,58.00829951416875,0.2637550335339611,all_cult,Wheat,NA,NA,89,5162.738656761018,2997.6692382812553,408.2558600029115,0.7996069344347998,0.0021907039299583556,7.124902594579432,19.161810553563807
2018,20149,Corn,138473971.84375563,13847.397184375564,8.080294395074564,all_cult,Corn,0.2038930373478591,69,250,3461849.296093891,2200.385604858401,782.4194694294929,0.9526706538477301,0.0026100565858841918,5.735067581803854,18.263804563757514
2018,20149,Developed,87001124.12888452,8700.112412888453,5.076728039959901,developed,NA,NA,NA,NA,NA,NA,NA,0.9526706538477301,0.0026100565858841918,5.735067581803854,18.263804563757514
2018,20149,Double Crop,898583.4176870489,89.85834176870489,0.05243453666250151,all_cult,NA,NA,NA,NA,NA,NA,NA,0.9526706538477301,0.0026100565858841918,5.735067581803854,18.263804563757514
2018,20149,Grass/Pasture/Shrubland,1034290749.8705392,103429.07498705391,60.35339087757418,grassPastureHay,NA,NA,NA,NA,NA,NA,NA,0.9526706538477301,0.0026100565858841918,5.735067581803854,18.263804563757514
2018,20149,Other Crops,44455556.339453004,4445.5556339453005,2.59409026791631,all_cult,NA,NA,NA,NA,NA,NA,NA,0.9526706538477301,0.0026100565858841918,5.735067581803854,18.263804563757514
2018,20149,Sorghum,3008742.696926383,300.8742696926383,0.17556748337967232,all_cult,Sorghum,NA,NA,112,33697.918205575486,2345.91907148516,782.4194694294929,0.9526706538477301,0.0026100565858841918,5.735067581803854,18.263804563757514
2018,20149,Soybeans,171140795.80026,17114.079580026002,9.986483341676466,all_cult,Soybeans,0.13802686588847823,62,56,958388.45648145606,2200.385604858401,782.4194694294929,0.9526706538477301,0.0026100565858841918,5.735067581803854,18.263804563757514
2018,20149,Wheat,7379540.43892149,737.954043892149,0.4306142046255772,all_cult,Wheat,NA,NA,89,65677.90990640126,2745.579669189458,410.7183389383936,0.9526706538477301,0.0026100565858841918,5.735067581803854,18.263804563757514
2018,20161,Corn,34550114.87590235,3455.011487590235,4.320538651169356,all_cult,Corn,0.17856866986674705,19,250,863752.8718975588,2282.1509185791047,761.6717130777324,0.9130132360028729,0.0025014061260352684,6.584957760327506,18.732668022260295
2018,20161,Developed,95444233.19729951,9544.42331972995,11.93543060685363,developed,NA,NA,NA,NA,NA,NA,NA,0.9130132360028729,0.0025014061260352684,6.584957760327506,18.732668022260295
2018,20161,Double Crop,1368841.2875061936,136.88412875061937,0.1711754566151055,all_cult,NA,NA,NA,NA,NA,NA,NA,0.9130132360028729,0.0025014061260352684,6.584957760327506,18.732668022260295
2018,20161,Grass/Pasture/Shrubland,407680749.1653109,40768.07491653109,50.98102974282519,grassPastureHay,NA,NA,NA,NA,NA,NA,NA,0.9130132360028729,0.0025014061260352684,6.584957760327506,18.732668022260295
2018,20161,Other Crops,13321342.745433431,1332.134274543343,1.66585194937406,all_cult,NA,NA,NA,NA,NA,NA,NA,0.9130132360028729,0.0025014061260352684,6.584957760327506,18.732668022260295
2018,20161,Sorghum,1773234.2818230195,177.32342818230194,0.22174534816202396,all_cult,Sorghum,NA,NA,112,19860.223956417816,2435.894343441801,761.6717130777324,0.9130132360028729,0.0025014061260352684,6.584957760327506,18.732668022260295
2018,20161,Soybeans,68936403.20723249,6893.640320723249,8.620590571094716,all_cult,Soybeans,0.11925701550317366,9,56,386043.8579605019,2282.1509185791047,761.6717130777324,0.9130132360028729,0.0025014061260352684,6.584957760327506,18.732668022260295
2018,20161,Wheat,8519465.054624448,851.9465054624447,1.0653706416896604,all_cult,Wheat,NA,NA,89,75823.23898615758,2894.082635498052,335.85371122069773,0.9130132360028729,0.0025014061260352684,6.584957760327506,18.732668022260295
2018,20177,Corn,138084072.6924271,13808.40726924271,9.475932736255771,all_cult,Corn,0.16690422666122898,84,250,3452101.817310678,2315.8893615722686,621.6484320440213,0.8092404984288732,0.002217097255969516,6.742537448830824,18.973347703071514
2018,20177,Developed,256199340.11138824,25619.934011138823,17.581518756158278,developed,NA,NA,NA,NA,NA,NA,NA,0.8092404984288732,0.002217097255969516,6.742537448830824,18.973347703071514
2018,20177,Double Crop,4004855.297455482,400.4855297455482,0.2748306787101813,all_cult,NA,NA,NA,NA,NA,NA,NA,0.8092404984288732,0.002217097255969516,6.742537448830824,18.973347703071514
2018,20177,Grass/Pasture/Shrubland,608789903.2095342,60878.99032095342,41.77782463133844,grassPastureHay,NA,NA,NA,NA,NA,NA,NA,0.8092404984288732,0.002217097255969516,6.742537448830824,18.973347703071514
2018,20177,Other Crops,39989958.86720064,3998.995886720064,2.7442858032967807,all_cult,NA,NA,NA,NA,NA,NA,NA,0.8092404984288732,0.002217097255969516,6.742537448830824,18.973347703071514
2018,20177,Sorghum,755242.0174201746,75.52420174201745,0.05182800895950235,all_cult,Sorghum,NA,NA,112,8458.710595105955,2467.1796905517617,621.6484320440213,0.8092404984288732,0.002217097255969516,6.742537448830824,18.973347703071514
2018,20177,Soybeans,158599818.02726847,15859.981802726848,10.883812870702096,all_cult,Soybeans,0.12242870268328984,55,56,888158.9809527035,2315.8893615722686,621.6484320440213,0.8092404984288732,0.002217097255969516,6.742537448830824,18.973347703071514
2018,20177,Wheat,4884341.629724833,488.43416297248336,0.33518487571886885,all_cult,Wheat,NA,NA,89,43470.64050455102,2931.3136505127004,418.4840124651673,0.8092404984288732,0.002217097255969516,6.742537448830824,18.973347703071514
2018,20197,Corn,70404954.35295409,7040.495435295409,4.580531850123917,all_cult,Corn,0.23506579883396753,31,250,1760123.8588238524,2292.614016723636,674.0121146147721,0.8381824523816467,0.002296390280497662,6.44612159206445,18.859251926369886
2018,20197,Developed,52612785.99651179,5261.278599651178,3.4229770361418335,developed,NA,NA,NA,NA,NA,NA,NA,0.8381824523816467,0.002296390280497662,6.44612159206445,18.859251926369886
2018,20197,Double Crop,245064.68596960267,24.506468596960268,0.01594385806710321,all_cult,NA,NA,NA,NA,NA,NA,NA,0.8381824523816467,0.002296390280497662,6.44612159206445,18.859251926369886
2018,20197,Grass/Pasture/Shrubland,1161016519.377732,116101.6519377732,75.5354959662235,grassPastureHay,NA,NA,NA,NA,NA,NA,NA,0.8381824523816467,0.002296390280497662,6.44612159206445,18.859251926369886
2018,20197,Other Crops,35629426.23801195,3562.942623801195,2.3180431431954593,all_cult,NA,NA,NA,NA,NA,NA,NA,0.8381824523816467,0.002296390280497662,6.44612159206445,18.859251926369886
2018,20197,Sorghum,1448408.6350275974,144.84086350275973,0.09423316790290688,all_cult,Sorghum,NA,NA,112,16222.17671230909,2448.5981296226605,674.0121146147721,0.8381824523816467,0.002296390280497662,6.44612159206445,18.859251926369886
2018,20197,Soybeans,98661444.30872282,9866.144430872282,6.418893275177161,all_cult,Soybeans,0.15993157541994033,25,56,552504.0881288478,2292.614016723636,674.0121146147721,0.8381824523816467,0.002296390280497662,6.44612159206445,18.859251926369886
2018,20197,Wheat,2882214.069344079,288.2214069344079,0.18751625457096657,all_cult,Wheat,NA,NA,89,25651.705217162304,2882.4270507812553,379.04511925240513,0.8381824523816467,0.002296390280497662,6.44612159206445,18.859251926369886
2018,20209,Corn,2349612.0849347934,234.96120849347932,0.9157886038252514,all_cult,Corn,NA,NA,250,58740.30212336983,2353.5728912353547,691.0329410513805,0.9074152559528352,0.0024860691943913295,7.309459696730545,18.563212355522282
2018,20209,Developed,147039112.53939372,14703.911253939372,57.31020215785637,developed,NA,NA,NA,NA,NA,NA,NA,0.9074152559528352,0.0024860691943913295,7.309459696730545,18.563212355522282
2018,20209,Double Crop,214944.640507647,21.4944640507647,0.08377717049224381,all_cult,NA,NA,NA,NA,NA,NA,NA,0.9074152559528352,0.0024860691943913295,7.309459696730545,18.563212355522282
2018,20209,Grass/Pasture/Shrubland,39753666.42417793,3975.366642417793,15.494453278036756,grassPastureHay,NA,NA,NA,NA,NA,NA,NA,0.9074152559528352,0.0024860691943913295,7.309459696730545,18.563212355522282
2018,20209,Other Crops,1180755.5175461741,118.07555175461742,0.46021317893527186,all_cult,NA,NA,NA,NA,NA,NA,NA,0.9074152559528352,0.0024860691943913295,7.309459696730545,18.563212355522282
2018,20209,Sorghum,61127.23617997504,6.112723617997505,0.02382505037145708,all_cult,Sorghum,NA,NA,112,684.6250452157205,2494.3382972091836,691.0329410513805,0.9074152559528352,0.0024860691943913295,7.309459696730545,18.563212355522282
2018,20209,Soybeans,9701035.830654496,970.1035830654496,3.7810914048224142,all_cult,Soybeans,0.18344680400297325,5,56,54325.80065166518,2353.5728912353547,691.0329410513805,0.9074152559528352,0.0024860691943913295,7.309459696730545,18.563212355522282
2018,20209,Wheat,239160.20177971746,23.916020177971745,0.09321546679246465,all_cult,Wheat,NA,NA,89,2128.5257958394855,2912.235812377935,462.279439647682,0.9074152559528352,0.0024860691943913295,7.309459696730545,18.563212355522282
2019,20005,Corn,197797597.19978338,19779.759719978338,26.427527463741814,all_cult,Corn,0.09038024038335535,4,250,4944939.929994584,2103.3724121093783,1135.270566156643,1.3821953640795182,0.003786836613916488,5.610736209399103,17.14993863040456
2019,20005,Developed,31324483.48005027,3132.448348005027,4.185231060316754,developed,NA,NA,NA,NA,NA,NA,NA,1.3821953640795182,0.003786836613916488,5.610736209399103,17.14993863040456
2019,20005,Double Crop,771374.7472090557,77.13747472090557,0.10306256296993356,all_cult,NA,NA,NA,NA,NA,NA,NA,1.3821953640795182,0.003786836613916488,5.610736209399103,17.14993863040456
2019,20005,Grass/Pasture/Shrubland,163840833.15764335,16384.083315764336,21.890600185514813,grassPastureHay,NA,NA,NA,NA,NA,NA,NA,1.3821953640795182,0.003786836613916488,5.610736209399103,17.14993863040456
2019,20005,Other Crops,37359848.48061559,3735.984848061559,4.991609785661153,all_cult,NA,NA,NA,NA,NA,NA,NA,1.3821953640795182,0.003786836613916488,5.610736209399103,17.14993863040456
2019,20005,Sorghum,897588.9288105355,89.75889288105354,0.1199259060934488,all_cult,Sorghum,NA,NA,112,10052.996002677997,2164.4303283691447,1135.270566156643,1.3821953640795182,0.003786836613916488,5.610736209399103,17.14993863040456
2019,20005,Soybeans,197973808.09868452,19797.380809868453,26.451070815309524,all_cult,Soybeans,NA,NA,56,1108653.3253526334,2103.3724121093783,1135.270566156643,1.3821953640795182,0.003786836613916488,5.610736209399103,17.14993863040456
2019,20005,Wheat,3183207.8924806393,318.32078924806393,0.42530503500688616,all_cult,Wheat,NA,NA,89,28330.55024307769,2316.4522949218795,1039.8203322701593,1.3821953640795182,0.003786836613916488,5.610736209399103,17.14993863040456
2019,20013,Corn,130739945.6495065,13073.99456495065,29.270758393364293,all_cult,Corn,0.0905678370209317,22,250,3268498.6412376626,2066.2211578369174,1119.0557701401997,1.3435148915190949,0.0036808627164906706,5.273675537109398,16.845762822399422
2019,20013,Developed,20970558.82134703,2097.055882134703,4.695000885796989,developed,NA,NA,NA,NA,NA,NA,NA,1.3435148915190949,0.0036808627164906706,5.273675537109398,16.845762822399422
2019,20013,Double Crop,209713.55189085845,20.971355189085845,0.04695179180866329,all_cult,NA,NA,NA,NA,NA,NA,NA,1.3435148915190949,0.0036808627164906706,5.273675537109398,16.845762822399422
2019,20013,Grass/Pasture/Shrubland,88107893.17185721,8810.789317185721,19.726066434933685,grassPastureHay,NA,NA,NA,NA,NA,NA,NA,1.3435148915190949,0.0036808627164906706,5.273675537109398,16.845762822399422
2019,20013,Other Crops,21509495.253828194,2150.9495253828195,4.815660857209464,all_cult,NA,NA,NA,NA,NA,NA,NA,1.3435148915190949,0.0036808627164906706,5.273675537109398,16.845762822399422
2019,20013,Sorghum,555911.3324739382,55.59113324739383,0.12446040282593064,all_cult,Sorghum,NA,NA,112,6226.206923708109,2124.6930572509805,1119.0557701401997,1.3435148915190949,0.0036808627164906706,5.273675537109398,16.845762822399422
2019,20013,Soybeans,133421431.11271544,13342.143111271544,29.87110370281796,all_cult,Soybeans,0.049640131040133116,6,56,747160.0142312064,2066.2211578369174,1119.0557701401997,1.3435148915190949,0.0036808627164906706,5.273675537109398,16.845762822399422
2019,20013,Wheat,2073710.7683566003,207.37107683566003,0.46427345962808264,all_cult,Wheat,NA,NA,89,18456.025838373742,2260.2555450439495,1072.5540008817916,1.3435148915190949,0.0036808627164906706,5.273675537109398,16.845762822399422
2019,20045,Corn,80151422.1042684,8015.14221042684,8.222692609757651,all_cult,Corn,0.06703360421686898,12,250,2003785.55260671,2192.002954101566,1241.7900511454282,1.4900623496320986,0.004082362601731777,6.976186297691054,17.803642711900707
2019,20045,Developed,121050175.95006038,12105.017595006038,12.418474445775528,developed,NA,NA,NA,NA,NA,NA,NA,1.4900623496320986,0.004082362601731777,6.976186297691054,17.803642711900707
2019,20045,Double Crop,2998306.5987562053,299.83065987562054,0.30759471091240076,all_cult,NA,NA,NA,NA,NA,NA,NA,1.4900623496320986,0.004082362601731777,6.976186297691054,17.803642711900707
2019,20045,Grass/Pasture/Shrubland,281024969.6848373,28102.49696848373,28.830205138204533,grassPastureHay,NA,NA,NA,NA,NA,NA,NA,1.4900623496320986,0.004082362601731777,6.976186297691054,17.803642711900707
2019,20045,Other Crops,62209297.437750496,6220.929743775049,6.382019393669192,all_cult,NA,NA,NA,NA,NA,NA,NA,1.4900623496320986,0.004082362601731777,6.976186297691054,17.803642711900707
2019,20045,Sorghum,349311.1350494069,34.93111350494069,0.03583564724454033,all_cult,Sorghum,NA,NA,112,3912.284712553357,2256.045669555668,1241.7900511454282,1.4900623496320986,0.004082362601731777,6.976186297691054,17.803642711900707
2019,20045,Soybeans,109883845.72251716,10988.384572251716,11.272926448876747,all_cult,Soybeans,0.08587964223525467,6,56,615349.5360460961,2192.002954101566,1241.7900511454282,1.4900623496320986,0.004082362601731777,6.976186297691054,17.803642711900707
2019,20045,Wheat,5587860.546953945,558.7860546953946,0.5732557004917779,all_cult,Wheat,NA,NA,89,49731.95886789012,2514.086050415044,1090.7781267997234,1.4900623496320986,0.004082362601731777,6.976186297691054,17.803642711900707
2019,20061,Corn,40944048.447458506,4094.404844745851,5.219981311192018,all_cult,Corn,0.09141675932517371,16,250,1023601.2111864627,2180.6558044433627,968.832976893289,1.1592300370780577,0.0031759727043234455,6.361969955653383,17.827641902557815
2019,20061,Developed,59271927.937500544,5927.192793750054,7.556613667774172,developed,NA,NA,NA,NA,NA,NA,NA,1.1592300370780577,0.0031759727043234455,6.361969955653383,17.827641902557815
2019,20061,Double Crop,3958837.425512501,395.8837425512501,0.5047145594735516,all_cult,NA,NA,NA,NA,NA,NA,NA,1.1592300370780577,0.0031759727043234455,6.361969955653383,17.827641902557815
2019,20061,Grass/Pasture/Shrubland,450932732.1717306,45093.27321717306,57.48968467448408,grassPastureHay,NA,NA,NA,NA,NA,NA,NA,1.1592300370780577,0.0031759727043234455,6.361969955653383,17.827641902557815
2019,20061,Other Crops,26741674.62217436,2674.167462217436,3.4093121479391164,all_cult,NA,NA,NA,NA,NA,NA,NA,1.1592300370780577,0.0031759727043234455,6.361969955653383,17.827641902557815
2019,20061,Sorghum,5184195.681960775,518.4195681960774,0.6609362190483966,all_cult,Sorghum,NA,NA,112,58062.99163796067,2261.372180175785,968.832976893289,1.1592300370780577,0.0031759727043234455,6.361969955653383,17.827641902557815
2019,20061,Soybeans,42206448.08858642,4220.644808858642,5.3809253991319155,all_cult,Soybeans,0.0368273008846036,7,56,236356.10929608397,2180.6558044433627,968.832976893289,1.1592300370780577,0.0031759727043234455,6.361969955653383,17.827641902557815
2019,20061,Wheat,10875261.678158559,1087.5261678158558,1.3864936386825268,all_cult,Wheat,NA,NA,89,96789.82893561116,2447.645141601567,966.9221838568336,1.1592300370780577,0.0031759727043234455,6.361969955653383,17.827641902557815
2019,20085,Corn,170563623.2276492,17056.362322764922,10.02482978502066,all_cult,Corn,NA,NA,250,4264090.5806912305,2083.427667236331,1112.757120037335,1.3376177750711795,0.003664706233071725,5.397180761049895,17.101280734963638
2019,20085,Developed,70812226.10097896,7081.222610097895,4.1619690056257905,developed,NA,NA,NA,NA,NA,NA,NA,1.3376177750711795,0.003664706233071725,5.397180761049895,17.101280734963638
2019,20085,Double Crop,2001533.019190012,200.1533019190012,0.11763954966937944,all_cult,NA,NA,NA,NA,NA,NA,NA,1.3376177750711795,0.003664706233071725,5.397180761049895,17.101280734963638
2019,20085,Grass/Pasture/Shrubland,803880426.2111477,80388.04262111477,47.24784973358991,grassPastureHay,NA,NA,NA,NA,NA,NA,NA,1.3376177750711795,0.003664706233071725,5.397180761049895,17.101280734963638
2019,20085,Other Crops,142416863.95936742,14241.686395936744,8.37051179314807,all_cult,NA,NA,NA,NA,NA,NA,NA,1.3376177750711795,0.003664706233071725,5.397180761049895,17.101280734963638
2019,20085,Sorghum,6131333.415766917,613.1333415766917,0.36036742586216813,all_cult,Sorghum,NA,NA,112,68670.93425658948,2142.755050659184,1112.757120037335,1.3376177750711795,0.003664706233071725,5.397180761049895,17.101280734963638
2019,20085,Soybeans,190253813.42534122,19025.38134253412,11.182115268473888,all_cult,Soybeans,NA,NA,56,1065421.3551819108,2083.427667236331,1112.757120037335,1.3376177750711795,0.003664706233071725,5.397180761049895,17.101280734963638
2019,20085,Wheat,10160870.264379565,1016.0870264379564,0.5972023397517204,all_cult,Wheat,NA,NA,89,90431.74535297812,2290.6434295654344,1011.814384614234,1.3376177750711795,0.003664706233071725,5.397180761049895,17.101280734963638
2019,20087,Corn,182363175.73622358,18236.317573622357,12.68583396120574,all_cult,Corn,0.07588702949267573,37,250,4559079.393405589,2153.0893188476593,1204.268454333942,1.460296142815554,0.0040008113501796005,6.237918383454646,17.612526755137008
2019,20087,Developed,73289644.69979268,7328.964469979269,5.0982894983258085,developed,NA,NA,NA,NA,NA,NA,NA,1.460296142815554,0.0040008113501796005,6.237918383454646,17.612526755137008
2019,20087,Double Crop,5293088.112920059,529.3088112920059,0.36820611766302974,all_cult,NA,NA,NA,NA,NA,NA,NA,1.460296142815554,0.0040008113501796005,6.237918383454646,17.612526755137008
2019,20087,Grass/Pasture/Shrubland,419532265.8610334,41953.22658610334,29.18416311075646,grassPastureHay,NA,NA,NA,NA,NA,NA,NA,1.460296142815554,0.0040008113501796005,6.237918383454646,17.612526755137008
2019,20087,Other Crops,98254967.47998835,9825.496747998835,6.8349665346786095,all_cult,NA,NA,NA,NA,NA,NA,NA,1.460296142815554,0.0040008113501796005,6.237918383454646,17.612526755137008
2019,20087,Sorghum,1843758.6089632532,184.37586089632532,0.1282584353086889,all_cult,Sorghum,NA,NA,112,20650.096420388436,2219.3574981689494,1204.268454333942,1.460296142815554,0.0040008113501796005,6.237918383454646,17.612526755137008
2019,20087,Soybeans,175621474.2732458,17562.14742732458,12.216857124023116,all_cult,Soybeans,0.03088008980571869,7,56,983480.2559301765,2153.0893188476593,1204.268454333942,1.460296142815554,0.0040008113501796005,6.237918383454646,17.612526755137008
2019,20087,Wheat,6391561.731261819,639.1561731261819,0.44461986663834147,all_cult,Wheat,NA,NA,89,56884.89940823019,2408.9483581543013,1028.689970449137,1.460296142815554,0.0040008113501796005,6.237918383454646,17.612526755137008
2019,20091,Corn,17976474.133675102,1797.6474133675104,2.9770686550627907,all_cult,Corn,NA,NA,250,449411.8533418776,2189.0113891601595,1087.954257499851,1.3504998073954655,0.0036999994723163443,7.106419936924787,17.624677600599338
2019,20091,Developed,271007997.1623031,27100.79971623031,44.88140486414142,developed,NA,NA,NA,NA,NA,NA,NA,1.3504998073954655,0.0036999994723163443,7.106419936924787,17.624677600599338
2019,20091,Double Crop,901491.2264686689,90.14912264686689,0.14929519844530884,all_cult,NA,NA,NA,NA,NA,NA,NA,1.3504998073954655,0.0036999994723163443,7.106419936924787,17.624677600599338
2019,20091,Grass/Pasture/Shrubland,113088199.11050124,11308.819911050125,18.728440868094975,grassPastureHay,NA,NA,NA,NA,NA,NA,NA,1.3504998073954655,0.0036999994723163443,7.106419936924787,17.624677600599338
2019,20091,Other Crops,20306806.791985538,2030.680679198554,3.362993072795471,all_cult,NA,NA,NA,NA,NA,NA,NA,1.3504998073954655,0.0036999994723163443,7.106419936924787,17.624677600599338
2019,20091,Sorghum,207496.00573806904,20.749600573806905,0.03436323775953087,all_cult,Sorghum,NA,NA,112,2323.9552642663734,2245.3193023681683,1087.954257499851,1.3504998073954655,0.0036999994723163443,7.106419936924787,17.624677600599338
2019,20091,Soybeans,49626793.200119585,4962.679320011958,8.218651187587188,all_cult,Soybeans,NA,NA,56,277910.04192066967,2189.0113891601595,1087.954257499851,1.3504998073954655,0.0036999994723163443,7.106419936924787,17.624677600599338
2019,20091,Wheat,572955.1941733566,57.29551941733567,0.09488662440948852,all_cult,Wheat,NA,NA,89,5099.301228142875,2525.8290771484426,1164.9236952690408,1.3504998073954655,0.0036999994723163443,7.106419936924787,17.624677600599338
2019,20103,Corn,50620560.3416471,5062.056034164711,5.602629175672527,all_cult,Corn,NA,NA,250,1265514.0085411777,2152.965045166019,1056.0902239110146,1.3146869943288328,0.003601882176243378,6.405603152758477,17.58528718295165
2019,20103,Developed,54063273.43432175,5406.327343432175,5.983664958095894,developed,NA,NA,NA,NA,NA,NA,NA,1.3146869943288328,0.003601882176243378,6.405603152758477,17.58528718295165
2019,20103,Double Crop,1656967.9784455672,165.69679784455673,0.1833914337680007,all_cult,NA,NA,NA,NA,NA,NA,NA,1.3146869943288328,0.003601882176243378,6.405603152758477,17.58528718295165
2019,20103,Grass/Pasture/Shrubland,281887164.53821534,28188.716453821533,31.19896819850215,grassPastureHay,NA,NA,NA,NA,NA,NA,NA,1.3146869943288328,0.003601882176243378,6.405603152758477,17.58528718295165
2019,20103,Other Crops,78986146.3352418,7898.61463352418,8.742101725959799,all_cult,NA,NA,NA,NA,NA,NA,NA,1.3146869943288328,0.003601882176243378,6.405603152758477,17.58528718295165
2019,20103,Sorghum,804680.9534061009,80.46809534061009,0.08906122248022338,all_cult,Sorghum,NA,NA,112,9012.426678148331,2214.48352966309,1056.0902239110146,1.3146869943288328,0.003601882176243378,6.405603152758477,17.58528718295165
2019,20103,Soybeans,122280262.90472572,12228.026290472571,13.533847984596044,all_cult,Soybeans,NA,NA,56,684769.472266464,2152.965045166019,1056.0902239110146,1.3146869943288328,0.003601882176243378,6.405603152758477,17.58528718295165
2019,20103,Wheat,4415368.900706399,441.5368900706399,0.48868828115484825,all_cult,Wheat,NA,NA,89,39296.78321628695,2433.475805664067,1093.756583695911,1.3146869943288328,0.003601882176243378,6.405603152758477,17.58528718295165
2019,20117,Corn,2103731.1274830424,210.37311274830424,10.282442005299831,all_cult,Corn,0.0907692116319312,14,250,52593.27818707606,1992.136334228519,1184.8874700460583,1.3781557181049138,0.003775769090698394,5.059699991304603,16.379132247297754
2019,20117,Developed,745969.1076296977,74.59691076296977,3.646085750570549,developed,NA,NA,NA,NA,NA,NA,NA,1.3781557181049138,0.003775769090698394,5.059699991304603,16.379132247297754
2019,20117,Double Crop,22436.740422347684,2.2436740422347685,0.10966443342822868,all_cult,NA,NA,NA,NA,NA,NA,NA,1.3781557181049138,0.003775769090698394,5.059699991304603,16.379132247297754
2019,20117,Grass/Pasture/Shrubland,12806293.858597655,1280.6293858597655,62.59353782600682,grassPastureHay,NA,NA,NA,NA,NA,NA,NA,1.3781557181049138,0.003775769090698394,5.059699991304603,16.379132247297754
2019,20117,Other Crops,594225.2305617711,59.422523056177106,2.904404651105579,all_cult,NA,NA,NA,NA,NA,NA,NA,1.3781557181049138,0.003775769090698394,5.059699991304603,16.379132247297754
2019,20117,Sorghum,109812.71824861495,10.981271824861496,0.5367334694460929,all_cult,Sorghum,NA,NA,112,1229.9024443844876,2042.4825103759804,1184.8874700460583,1.3781557181049138,0.003775769090698394,5.059699991304603,16.379132247297754
2019,20117,Soybeans,2246987.5433106082,224.69875433106083,10.982638797746608,all_cult,Soybeans,0.06267738824426636,4,56,12583.130242539406,1992.136334228519,1184.8874700460583,1.3781557181049138,0.003775769090698394,5.059699991304603,16.379132247297754
2019,20117,Wheat,273128.98551375157,27.31289855137516,1.3349771350636477,all_cult,Wheat,NA,NA,89,2430.847971072389,2175.8133972168016,982.89191950392,1.3781557181049138,0.003775769090698394,5.059699991304603,16.379132247297754
2019,20127,Corn,13257413.536738273,1325.7413536738272,4.925245538687215,all_cult,Corn,NA,NA,250,331435.3384184568,2153.53338928223,943.8673415442828,1.1319670817339502,0.0031012796759834252,6.245060918102548,17.74164269852314
2019,20127,Developed,10979464.80325313,1097.946480325313,4.0789675821412334,developed,NA,NA,NA,NA,NA,NA,NA,1.1319670817339502,0.0031012796759834252,6.245060918102548,17.74164269852314
2019,20127,Double Crop,1858668.706105822,185.8668706105822,0.6905117447892102,all_cult,NA,NA,NA,NA,NA,NA,NA,1.1319670817339502,0.0031012796759834252,6.245060918102548,17.74164269852314
2019,20127,Grass/Pasture/Shrubland,146435262.72929713,14643.526272929714,54.40198591266132,grassPastureHay,NA,NA,NA,NA,NA,NA,NA,1.1319670817339502,0.0031012796759834252,6.245060918102548,17.74164269852314
2019,20127,Other Crops,14776301.270376176,1477.6301270376175,5.489525668679098,all_cult,NA,NA,NA,NA,NA,NA,NA,1.1319670817339502,0.0031012796759834252,6.245060918102548,17.74164269852314
2019,20127,Sorghum,6899163.535873814,689.9163535873813,2.5630998332798587,all_cult,Sorghum,NA,NA,112,77270.6316017867,2228.179995727543,943.8673415442828,1.1319670817339502,0.0031012796759834252,6.245060918102548,17.74164269852314
2019,20127,Soybeans,42260032.3145233,4226.0032314523305,15.69997307884329,all_cult,Soybeans,NA,NA,56,236656.1809613305,2153.53338928223,943.8673415442828,1.1319670817339502,0.0031012796759834252,6.245060918102548,17.74164269852314
2019,20127,Wheat,15029168.231980802,1502.9168231980802,5.583467965272117,all_cult,Wheat,NA,NA,89,133759.59726462915,2426.2529296875045,984.727676618728,1.1319670817339502,0.0031012796759834252,6.245060918102548,17.74164269852314
2019,20131,Corn,149725914.02789852,14972.59140278985,19.729601546585823,all_cult,Corn,0.08496096989610051,10,250,3743147.8506974624,2017.4255493164096,1118.3932252190425,1.317849832387583,0.0036105474859933775,5.092896343910554,16.491161440496597
2019,20131,Developed,30843751.490366723,3084.375149036672,4.064326012352541,developed,NA,NA,NA,NA,NA,NA,NA,1.317849832387583,0.0036105474859933775,5.092896343910554,16.491161440496597
2019,20131,Double Crop,211508.47138067902,21.150847138067903,0.02787077902420215,all_cult,NA,NA,NA,NA,NA,NA,NA,1.317849832387583,0.0036105474859933775,5.092896343910554,16.491161440496597
2019,20131,Grass/Pasture/Shrubland,261109567.45112386,26110.956745112388,34.40678762429964,grassPastureHay,NA,NA,NA,NA,NA,NA,NA,1.317849832387583,0.0036105474859933775,5.092896343910554,16.491161440496597
2019,20131,Other Crops,43716142.058078855,4371.614205807886,5.760539647125666,all_cult,NA,NA,NA,NA,NA,NA,NA,1.317849832387583,0.0036105474859933775,5.092896343910554,16.491161440496597
2019,20131,Sorghum,4309732.599503683,430.9732599503683,0.5678997354105025,all_cult,Sorghum,NA,NA,112,48269.00511444125,2069.231250000004,1118.3932252190425,1.317849832387583,0.0036105474859933775,5.092896343910554,16.491161440496597
2019,20131,Soybeans,162670480.52684566,16267.048052684568,21.43532590883566,all_cult,Soybeans,0.05046646753395173,5,56,910954.6909503358,2017.4255493164096,1118.3932252190425,1.317849832387583,0.0036105474859933775,5.092896343910554,16.491161440496597
2019,20131,Wheat,6775841.068810534,677.5841068810533,0.8928624366635324,all_cult,Wheat,NA,NA,89,60304.98551241375,2201.0275573730514,989.7738515420642,1.317849832387583,0.0036105474859933775,5.092896343910554,16.491161440496597
2019,20139,Corn,21330885.771594968,2133.0885771594967,9.698833682621435,all_cult,Corn,NA,NA,250,533272.1442898741,2215.6743438720737,1171.8751189481443,1.4029106865013237,0.0038435909219214346,6.945486617414941,17.98939058486732
2019,20139,Developed,10554030.577568581,1055.403057756858,4.798759336541365,developed,NA,NA,NA,NA,NA,NA,NA,1.4029106865013237,0.0038435909219214346,6.945486617414941,17.98939058486732
2019,20139,Double Crop,1994711.2058684824,199.47112058684823,0.9069652539390576,all_cult,NA,NA,NA,NA,NA,NA,NA,1.4029106865013237,0.0038435909219214346,6.945486617414941,17.98939058486732
2019,20139,Grass/Pasture/Shrubland,91429445.55489789,9142.944555489788,41.57159696162682,grassPastureHay,NA,NA,NA,NA,NA,NA,NA,1.4029106865013237,0.0038435909219214346,6.945486617414941,17.98939058486732
2019,20139,Other Crops,9671990.88232253,967.199088232253,4.397709122440393,all_cult,NA,NA,NA,NA,NA,NA,NA,1.4029106865013237,0.0038435909219214346,6.945486617414941,17.98939058486732
2019,20139,Sorghum,198161.19026368775,19.816119026368774,0.09010091973194705,all_cult,Sorghum,NA,NA,112,2219.405330953303,2290.4575805664103,1171.8751189481443,1.4029106865013237,0.0038435909219214346,6.945486617414941,17.98939058486732
2019,20139,Soybeans,32367456.31191952,3236.7456311919523,14.716996699539765,all_cult,Soybeans,NA,NA,56,181257.75534674933,2215.6743438720737,1171.8751189481443,1.4029106865013237,0.0038435909219214346,6.945486617414941,17.98939058486732
2019,20139,Wheat,1645649.2040808902,164.56492040808902,0.7482519995289185,all_cult,Wheat,NA,NA,89,14646.277916319923,2538.2905609130908,1022.60253493876,1.4029106865013237,0.0038435909219214346,6.945486617414941,17.98939058486732
2019,20149,Corn,153810109.5443652,15381.01095443652,8.975195479042535,all_cult,Corn,0.0815830293059521,52,250,3845252.73860913,2086.789001464847,1126.5711229875303,1.3327865501375344,0.0036514700003768066,5.611484976990605,17.12316125321064
2019,20149,Developed,78272564.48241426,7827.2564482414255,4.567395270419441,developed,NA,NA,NA,NA,NA,NA,NA,1.3327865501375344,0.0036514700003768066,5.611484976990605,17.12316125321064
2019,20149,Double Crop,1069235.5591642933,106.92355591642934,0.06239250583119069,all_cult,NA,NA,NA,NA,NA,NA,NA,1.3327865501375344,0.0036514700003768066,5.611484976990605,17.12316125321064
2019,20149,Grass/Pasture/Shrubland,1000422898.2347776,100042.28982347775,58.37711903311201,grassPastureHay,NA,NA,NA,NA,NA,NA,NA,1.3327865501375344,0.0036514700003768066,5.611484976990605,17.12316125321064
2019,20149,Other Crops,51744274.119377375,5174.427411937738,3.0194047486106044,all_cult,NA,NA,NA,NA,NA,NA,NA,1.3327865501375344,0.0036514700003768066,5.611484976990605,17.12316125321064
2019,20149,Sorghum,9843128.650096403,984.3128650096404,0.5743705925552132,all_cult,Sorghum,NA,NA,112,110243.04088107972,2150.1285522460976,1126.5711229875303,1.3327865501375344,0.0036514700003768066,5.611484976990605,17.12316125321064
2019,20149,Soybeans,159987652.1331855,15998.765213318551,9.335670173970051,all_cult,Soybeans,0.045765420124969855,48,56,895930.8519458389,2086.789001464847,1126.5711229875303,1.3327865501375344,0.0036514700003768066,5.611484976990605,17.12316125321064
2019,20149,Wheat,10379470.614543343,1037.9470614543343,0.6056674558679362,all_cult,Wheat,NA,NA,89,92377.28846943575,2312.2478088378953,981.5873785783988,1.3327865501375344,0.0036514700003768066,5.611484976990605,17.12316125321064
2019,20161,Corn,36839549.77083068,3683.954977083068,4.60683558501176,all_cult,Corn,0.08607325369391913,9,250,920988.7442707671,2154.445562744144,1040.2174225321105,1.2286041977830355,0.003366038898035714,6.176997856244672,17.530701018032985
2019,20161,Developed,90426839.51261352,9042.683951261351,11.307998732294555,developed,NA,NA,NA,NA,NA,NA,NA,1.2286041977830355,0.003366038898035714,6.176997856244672,17.530701018032985
2019,20161,Double Crop,447430.1234873958,44.74301234873958,0.05595174282830176,all_cult,NA,NA,NA,NA,NA,NA,NA,1.2286041977830355,0.003366038898035714,6.176997856244672,17.530701018032985
2019,20161,Grass/Pasture/Shrubland,403084856.75928926,40308.485675928925,50.40630717393782,grassPastureHay,NA,NA,NA,NA,NA,NA,NA,1.2286041977830355,0.003366038898035714,6.176997856244672,17.530701018032985
2019,20161,Other Crops,15631579.020098848,1563.1579020098848,1.9547501239207157,all_cult,NA,NA,NA,NA,NA,NA,NA,1.2286041977830355,0.003366038898035714,6.176997856244672,17.530701018032985
2019,20161,Sorghum,10635016.249292668,1063.5016249292669,1.3299231833504304,all_cult,Sorghum,NA,NA,112,119112.1819920779,2228.5292907714884,1040.2174225321105,1.2286041977830355,0.003366038898035714,6.176997856244672,17.530701018032985
2019,20161,Soybeans,59744211.56834844,5974.421156834844,7.471094559072641,all_cult,Soybeans,0.034815711044833074,10,56,334567.5847827513,2154.445562744144,1040.2174225321105,1.2286041977830355,0.003366038898035714,6.176997856244672,17.530701018032985
2019,20161,Wheat,8278458.837964022,827.8458837964022,1.0352324879384056,all_cult,Wheat,NA,NA,89,73678.28365787979,2413.088360595708,961.715067304216,1.2286041977830355,0.003366038898035714,6.176997856244672,17.530701018032985
2019,20177,Corn,138364100.2545598,13836.410025455978,9.495149451777898,all_cult,Corn,0.06638780442578676,85,250,3459102.5063639944,2194.972613525394,1087.5958780596848,1.3252580801536096,0.003630844055215369,6.6195957549631,17.808809212462567
2019,20177,Developed,241695455.731891,24169.5455731891,16.586198802779734,developed,NA,NA,NA,NA,NA,NA,NA,1.3252580801536096,0.003630844055215369,6.6195957549631,17.808809212462567
2019,20177,Double Crop,1227135.1079214285,122.71351079214284,0.08421137582509287,all_cult,NA,NA,NA,NA,NA,NA,NA,1.3252580801536096,0.003630844055215369,6.6195957549631,17.808809212462567
2019,20177,Grass/Pasture/Shrubland,547579578.143244,54757.95781432441,37.57730452946918,grassPastureHay,NA,NA,NA,NA,NA,NA,NA,1.3252580801536096,0.003630844055215369,6.6195957549631,17.808809212462567
2019,20177,Other Crops,51839286.95397069,5183.9286953970695,3.5574384988300523,all_cult,NA,NA,NA,NA,NA,NA,NA,1.3252580801536096,0.003630844055215369,6.6195957549631,17.808809212462567
2019,20177,Sorghum,1290774.017883006,129.0774017883006,0.0885785560396262,all_cult,Sorghum,NA,NA,112,14456.669000289667,2265.252249145512,1087.5958780596848,1.3252580801536096,0.003630844055215369,6.6195957549631,17.808809212462567
2019,20177,Soybeans,167798882.46185973,16779.888246185972,11.515092888150845,all_cult,Soybeans,0.028194809306797786,24,56,939673.7417864144,2194.972613525394,1087.5958780596848,1.3252580801536096,0.003630844055215369,6.6195957549631,17.808809212462567
2019,20177,Wheat,6339018.304091568,633.9018304091568,0.4350111485867272,all_cult,Wheat,NA,NA,89,56417.26290641495,2491.1954010009813,1002.8869948905776,1.3252580801536096,0.003630844055215369,6.6195957549631,17.808809212462567
2019,20197,Corn,82816833.93391022,8281.683393391022,5.388046182928634,all_cult,Corn,0.0859779160819259,27,250,2070420.8483477556,2160.9347503662143,1033.650580581976,1.235053918100195,0.003383709364658069,6.192831755337672,17.632164858465348
2019,20197,Developed,47465035.30651223,4746.503530651223,3.088065434980473,developed,NA,NA,NA,NA,NA,NA,NA,1.235053918100195,0.003383709364658069,6.192831755337672,17.632164858465348
2019,20197,Double Crop,426201.0181965967,42.62010181965967,0.02772855058775905,all_cult,NA,NA,NA,NA,NA,NA,NA,1.235053918100195,0.003383709364658069,6.192831755337672,17.632164858465348
2019,20197,Grass/Pasture/Shrubland,1117381435.2778232,111738.14352778232,72.69660636904445,grassPastureHay,NA,NA,NA,NA,NA,NA,NA,1.235053918100195,0.003383709364658069,6.192831755337672,17.632164858465348
2019,20197,Other Crops,42429119.278948225,4242.911927894823,2.760429773956306,all_cult,NA,NA,NA,NA,NA,NA,NA,1.235053918100195,0.003383709364658069,6.192831755337672,17.632164858465348
2019,20197,Sorghum,4191109.3861232926,419.1109386123293,0.27267271468212434,all_cult,Sorghum,NA,NA,112,46940.42512458088,2235.1166870117227,1033.650580581976,1.235053918100195,0.003383709364658069,6.192831755337672,17.632164858465348
2019,20197,Soybeans,88461002.18508177,8846.100218508176,5.755254608522403,all_cult,Soybeans,0.07579847278130705,24,56,495381.6122364579,2160.9347503662143,1033.650580581976,1.235053918100195,0.003383709364658069,6.192831755337672,17.632164858465348
2019,20197,Wheat,3251101.1349696564,325.11011349696565,0.21151597119212803,all_cult,Wheat,NA,NA,89,28934.800101229943,2422.439108276372,994.3930539607536,1.235053918100195,0.003383709364658069,6.192831755337672,17.632164858465348
2019,20209,Corn,2676491.5508371745,267.64915508371746,1.0431936727799396,all_cult,Corn,NA,NA,250,66912.28877092937,2217.831390380863,994.599823121971,1.2524117267579422,0.00343126500481628,7.137997770962673,17.685905811884655
2019,20209,Developed,143490488.2732803,14349.048827328028,55.92708462837081,developed,NA,NA,NA,NA,NA,NA,NA,1.2524117267579422,0.00343126500481628,7.137997770962673,17.685905811884655
2019,20209,Double Crop,7575.21001112227,0.757521001112227,0.00295252609749887,all_cult,NA,NA,NA,NA,NA,NA,NA,1.2524117267579422,0.00343126500481628,7.137997770962673,17.685905811884655
2019,20209,Grass/Pasture/Shrubland,32245594.74407206,3224.559474407206,12.568095124948313,grassPastureHay,NA,NA,NA,NA,NA,NA,NA,1.2524117267579422,0.00343126500481628,7.137997770962673,17.685905811884655
2019,20209,Other Crops,2375566.741003827,237.5566741003827,0.9259047325243788,all_cult,NA,NA,NA,NA,NA,NA,NA,1.2524117267579422,0.00343126500481628,7.137997770962673,17.685905811884655
2019,20209,Sorghum,37524.63795645298,3.7524637956452978,0.01462566353975056,all_cult,Sorghum,NA,NA,112,420.27594511227335,2282.615167236332,994.599823121971,1.2524117267579422,0.00343126500481628,7.137997770962673,17.685905811884655
2019,20209,Soybeans,8076505.395552055,807.6505395552055,3.1479117967615458,all_cult,Soybeans,NA,NA,56,45228.4302150915,2217.831390380863,994.599823121971,1.2524117267579422,0.00343126500481628,7.137997770962673,17.685905811884655
2019,20209,Wheat,24645.373235968487,2.464537323596849,0.00960582050596073,all_cult,Wheat,NA,NA,89,219.34382180011954,2521.922052001958,1126.5019750070985,1.2524117267579422,0.00343126500481628,7.137997770962673,17.685905811884655
2020,20005,Corn,193738801.0607066,19373.880106070657,25.885236010490036,all_cult,Corn,0.08210093819896608,9,250,4843470.026517664,2026.7349884033235,713.9685455165163,0.9695381350875032,0.002649011298053287,6.019722885382003,18.510985144109696
2020,20005,Developed,31355546.095520657,3135.554609552066,4.189381303469658,developed,NA,NA,NA,NA,NA,NA,NA,0.9695381350875032,0.002649011298053287,6.019722885382003,18.510985144109696
2020,20005,Double Crop,185295.07086828223,18.52950708682822,0.02475707816269104,all_cult,NA,NA,NA,NA,NA,NA,NA,0.9695381350875032,0.002649011298053287,6.019722885382003,18.510985144109696
2020,20005,Grass/Pasture/Shrubland,160718430.62289006,16071.843062289005,21.473419289951632,grassPastureHay,NA,NA,NA,NA,NA,NA,NA,0.9695381350875032,0.002649011298053287,6.019722885382003,18.510985144109696
2020,20005,Other Crops,37855803.927473545,3785.5803927473544,5.057873867622637,all_cult,NA,NA,NA,NA,NA,NA,NA,0.9695381350875032,0.002649011298053287,6.019722885382003,18.510985144109696
2020,20005,Sorghum,675503.72805443,67.550372805443,0.09025333764285984,all_cult,Sorghum,NA,NA,112,7565.641754209617,2097.9604736328165,713.9685455165163,0.9695381350875032,0.002649011298053287,6.019722885382003,18.510985144109696
2020,20005,Soybeans,213216358.48747268,21321.635848747268,28.48761182854691,all_cult,Soybeans,NA,NA,56,1194011.607529847,2026.7349884033235,713.9685455165163,0.9695381350875032,0.002649011298053287,6.019722885382003,18.510985144109696
2020,20005,Wheat,2175932.3746950864,217.59323746950864,0.2907240199354775,all_cult,Wheat,NA,NA,89,19365.79813478627,2502.920343017583,680.9956231862961,0.9695381350875032,0.002649011298053287,6.019722885382003,18.510985144109696
2020,20013,Corn,133953506.59327419,13395.35065932742,29.990227607613058,all_cult,Corn,0.09237760248773594,23,250,3348837.664831855,1984.8057678222688,731.6612933764118,0.9595268025110126,0.002621657930357958,5.505891793673179,18.23488494372761
2020,20013,Developed,20803544.39039113,2080.354439039113,4.657608801591746,developed,NA,NA,NA,NA,NA,NA,NA,0.9595268025110126,0.002621657930357958,5.505891793673179,18.23488494372761
2020,20013,Double Crop,28721.793364516936,2.8721793364516937,0.00643038873865466,all_cult,NA,NA,NA,NA,NA,NA,NA,0.9595268025110126,0.002621657930357958,5.505891793673179,18.23488494372761
2020,20013,Grass/Pasture/Shrubland,87051175.4871051,8705.11754871051,19.48948282701866,grassPastureHay,NA,NA,NA,NA,NA,NA,NA,0.9595268025110126,0.002621657930357958,5.505891793673179,18.23488494372761
2020,20013,Other Crops,20892892.145123888,2089.2892145123888,4.677612454865269,all_cult,NA,NA,NA,NA,NA,NA,NA,0.9595268025110126,0.002621657930357958,5.505891793673179,18.23488494372761
2020,20013,Sorghum,448374.60622269876,44.83746062226987,0.10038450531139569,all_cult,Sorghum,NA,NA,112,5021.795589694226,2053.0835357666056,731.6612933764118,0.9595268025110126,0.002621657930357958,5.505891793673179,18.23488494372761
2020,20013,Soybeans,134593820.45423254,13459.382045423254,30.133584500006748,all_cult,Soybeans,0.10001577512919474,8,56,753725.3945437022,1984.8057678222688,731.6612933764118,0.9595268025110126,0.002621657930357958,5.505891793673179,18.23488494372761
2020,20013,Wheat,1983054.627252871,198.3054627252871,0.4439768778149326,all_cult,Wheat,NA,NA,89,17649.18618255055,2413.5862426757863,612.2767239580862,0.9595268025110126,0.002621657930357958,5.505891793673179,18.23488494372761
2020,20045,Corn,84270300.7532213,8427.03007532213,8.64524622313178,all_cult,Corn,0.09353376926075281,11,250,2106757.5188305327,2091.463269042972,725.73718734504655,0.9801161475768313,0.0026779129715213974,7.160819115143679,18.88327216476693
2020,20045,Developed,120931069.55088525,12093.106955088524,12.406255382375774,developed,NA,NA,NA,NA,NA,NA,NA,0.9801161475768313,0.0026779129715213974,7.160819115143679,18.88327216476693
2020,20045,Double Crop,2140292.4460821506,214.02924460821504,0.21957148628286915,all_cult,NA,NA,NA,NA,NA,NA,NA,0.9801161475768313,0.0026779129715213974,7.160819115143679,18.88327216476693
2020,20045,Grass/Pasture/Shrubland,288889203.64334434,28888.920364334437,29.636992800286176,grassPastureHay,NA,NA,NA,NA,NA,NA,NA,0.9801161475768313,0.0026779129715213974,7.160819115143679,18.88327216476693
2020,20045,Other Crops,56477184.9070651,5647.71849070651,5.793964957366733,all_cult,NA,NA,NA,NA,NA,NA,NA,0.9801161475768313,0.0026779129715213974,7.160819115143679,18.88327216476693
2020,20045,Sorghum,450411.8077437849,45.04118077437849,0.04620751255123609,all_cult,Sorghum,NA,NA,112,5044.61224673039,2166.7227478027385,725.73718734504655,0.9801161475768313,0.0026779129715213974,7.160819115143679,18.88327216476693
2020,20045,Soybeans,117842838.29827766,11784.283829827766,12.089435348103583,all_cult,Soybeans,0.06991176902971165,7,56,659919.8944703549,2091.463269042972,725.73718734504655,0.9801161475768313,0.0026779129715213974,7.160819115143679,18.88327216476693
2020,20045,Wheat,3272249.7204853566,327.2249720485357,0.33569839296068565,all_cult,Wheat,NA,NA,89,29123.022512319676,2687.0645568847713,684.3275445220061,0.9801161475768313,0.0026779129715213974,7.160819115143679,18.88327216476693
2020,20061,Corn,36383772.94155129,3638.3772941551288,4.638589049865695,all_cult,Corn,0.13444466335163383,15,250,909594.3235387822,2084.0297485351593,645.992614209652,0.8576526155332104,0.002343313157194564,6.647263473760909,19.049065745202594
2020,20061,Developed,58824012.01822457,5882.401201822457,7.49950859838646,developed,NA,NA,NA,NA,NA,NA,NA,0.8576526155332104,0.002343313157194564,6.647263473760909,19.049065745202594
2020,20061,Double Crop,4732764.439577773,473.27644395777736,0.6033829790078717,all_cult,NA,NA,NA,NA,NA,NA,NA,0.8576526155332104,0.002343313157194564,6.647263473760909,19.049065745202594
2020,20061,Grass/Pasture/Shrubland,452140580.3845114,45214.05803845114,57.64367396808223,grassPastureHay,NA,NA,NA,NA,NA,NA,NA,0.8576526155332104,0.002343313157194564,6.647263473760909,19.049065745202594
2020,20061,Other Crops,25943085.76332877,2594.308576332877,3.3074995750117098,all_cult,NA,NA,NA,NA,NA,NA,NA,0.8576526155332104,0.002343313157194564,6.647263473760909,19.049065745202594
2020,20061,Sorghum,4928220.780754033,492.8220780754032,0.6283018252573654,all_cult,Sorghum,NA,NA,112,55196.07274444516,2176.3515533447303,645.992614209652,0.8576526155332104,0.002343313157194564,6.647263473760909,19.049065745202594
2020,20061,Soybeans,48523075.81505436,4852.307581505435,6.186236059220454,all_cult,Soybeans,0.06786026644923414,7,56,271729.2245643044,2084.0297485351593,645.992614209652,0.8576526155332104,0.002343313157194564,6.647263473760909,19.049065745202594
2020,20061,Wheat,11719309.22945616,1171.930922945616,1.4941017675949562,all_cult,Wheat,NA,NA,89,104301.85214215983,2612.753292846685,610.4301068334898,0.8576526155332104,0.002343313157194564,6.647263473760909,19.049065745202594
2020,20085,Corn,163565558.29901135,16356.555829901134,9.61352045418824,all_cult,Corn,NA,NA,250,4089138.957475283,2023.7525451660188,689.1869332523202,0.9234406989114942,0.0025230620188838636,5.919945163414149,18.562155201396028
2020,20085,Developed,69505919.73047638,6950.591973047638,4.0851912099647665,developed,NA,NA,NA,NA,NA,NA,NA,0.9234406989114942,0.0025230620188838636,5.919945163414149,18.562155201396028
2020,20085,Double Crop,258304.30368996755,25.830430368996755,0.01518176401408928,all_cult,NA,NA,NA,NA,NA,NA,NA,0.9234406989114942,0.0025230620188838636,5.919945163414149,18.562155201396028
2020,20085,Grass/Pasture/Shrubland,810375068.9348289,81037.50689348289,47.62957056354982,grassPastureHay,NA,NA,NA,NA,NA,NA,NA,0.9234406989114942,0.0025230620188838636,5.919945163414149,18.562155201396028
2020,20085,Other Crops,139297169.06712523,13929.716906712523,8.187152588623054,all_cult,NA,NA,NA,NA,NA,NA,NA,0.9234406989114942,0.0025230620188838636,5.919945163414149,18.562155201396028
2020,20085,Sorghum,7565137.16980914,756.5137169809141,0.44463884498072537,all_cult,Sorghum,NA,NA,112,84729.53630186238,2096.183639526371,689.1869332523202,0.9234406989114942,0.0025230620188838636,5.919945163414149,18.562155201396028
2020,20085,Soybeans,216071952.55260915,21607.195255260915,12.699569255549408,all_cult,Soybeans,NA,NA,56,1210002.9342946112,2023.7525451660188,689.1869332523202,0.9234406989114942,0.0025230620188838636,5.919945163414149,18.562155201396028
2020,20085,Wheat,4289255.021664198,428.92550216641973,0.2520997776843563,all_cult,Wheat,NA,NA,89,38174.36969281136,2472.1457763671924,649.9973623431288,0.9234406989114942,0.0025230620188838636,5.919945163414149,18.562155201396028
2020,20087,Corn,186948995.41329795,18694.899541329796,13.004839959892356,all_cult,Corn,0.07330388513400811,26,250,4673724.885332449,2088.6698364257845,718.00666440645,0.9582927833487629,0.002618286293302631,6.768857762070976,18.929815473712882
2020,20087,Developed,72279979.13666418,7227.997913666418,5.0280535549206435,developed,NA,NA,NA,NA,NA,NA,NA,0.9582927833487629,0.002618286293302631,6.768857762070976,18.929815473712882
2020,20087,Double Crop,486137.8695222247,48.61378695222247,0.03381748683699992,all_cult,NA,NA,NA,NA,NA,NA,NA,0.9582927833487629,0.002618286293302631,6.768857762070976,18.929815473712882
2020,20087,Grass/Pasture/Shrubland,425946877.68362075,42594.68776836208,29.63038642408938,grassPastureHay,NA,NA,NA,NA,NA,NA,NA,0.9582927833487629,0.002618286293302631,6.768857762070976,18.929815473712882
2020,20087,Other Crops,92218594.51463692,9221.859451463692,6.415054867439811,all_cult,NA,NA,NA,NA,NA,NA,NA,0.9582927833487629,0.002618286293302631,6.768857762070976,18.929815473712882
2020,20087,Sorghum,1445155.1032460984,144.51551032460983,0.1005301515174677,all_cult,Sorghum,NA,NA,112,16185.737156356301,2169.8151763916057,718.00666440645,0.9582927833487629,0.002618286293302631,6.768857762070976,18.929815473712882
2020,20087,Soybeans,200735469.05491218,20073.546905491217,13.963876315900038,all_cult,Soybeans,0.07688467772627625,21,56,1124118.6267075082,2088.6698364257845,718.00666440645,0.9582927833487629,0.002618286293302631,6.768857762070976,18.929815473712882
2020,20087,Wheat,1990376.785116284,199.0376785116284,0.13845771940682555,all_cult,Wheat,NA,NA,89,17714.353387534928,2629.3637817382864,685.9086884704884,0.9582927833487629,0.002618286293302631,6.768857762070976,18.929815473712882
2020,20091,Corn,19752740.863561265,1975.2740863561264,3.2712346836873305,all_cult,Corn,NA,NA,250,493818.5215890316,2079.952706909183,688.097481709905,0.9596093075753888,0.0026218833540311167,7.3338467790781054,18.66070888498444
2020,20091,Developed,272100001.26187754,27210.000126187755,45.06225073813588,developed,NA,NA,NA,NA,NA,NA,NA,0.9596093075753888,0.0026218833540311167,7.3338467790781054,18.66070888498444
2020,20091,Double Crop,1521097.5817568575,152.10975817568576,0.25190768213312387,all_cult,NA,NA,NA,NA,NA,NA,NA,0.9596093075753888,0.0026218833540311167,7.3338467790781054,18.66070888498444
2020,20091,Grass/Pasture/Shrubland,112205730.27502567,11220.573027502567,18.58229595170992,grassPastureHay,NA,NA,NA,NA,NA,NA,NA,0.9596093075753888,0.0026218833540311167,7.3338467790781054,18.66070888498444
2020,20091,Other Crops,19464958.100353714,1946.4958100353715,3.223575224026795,all_cult,NA,NA,NA,NA,NA,NA,NA,0.9596093075753888,0.0026218833540311167,7.3338467790781054,18.66070888498444
2020,20091,Sorghum,87046.80275174795,8.704680275174795,0.01441574727438961,all_cult,Sorghum,NA,NA,112,974.924190819577,2151.9598571777383,688.097481709905,0.9596093075753888,0.0026218833540311167,7.3338467790781054,18.66070888498444
2020,20091,Soybeans,48334954.59030305,4833.495459030305,8.004710889612946,all_cult,Soybeans,NA,NA,56,270675.7457056971,2079.952706909183,688.097481709905,0.9596093075753888,0.0026218833540311167,7.3338467790781054,18.66070888498444
2020,20091,Wheat,2539038.683589644,253.90386835896436,0.4204880458035227,all_cult,Wheat,NA,NA,89,22597.44428394783,2675.715588378911,671.2700158961405,0.9596093075753888,0.0026218833540311167,7.3338467790781054,18.66070888498444
2020,20103,Corn,57128657.96790624,5712.865796790624,6.322938421419964,all_cult,Corn,0.18015201694917904,4,250,1428216.449197656,2077.423315429691,665.8491836945177,0.9284919332333957,0.002536863205555726,6.918327189794678,18.745221063999555
2020,20103,Developed,54008350.85002991,5400.835085002991,5.977586185536285,developed,NA,NA,NA,NA,NA,NA,NA,0.9284919332333957,0.002536863205555726,6.918327189794678,18.745221063999555
2020,20103,Double Crop,970860.5539737896,97.08605539737896,0.10745380194316032,all_cult,NA,NA,NA,NA,NA,NA,NA,0.9284919332333957,0.002536863205555726,6.918327189794678,18.745221063999555
2020,20103,Grass/Pasture/Shrubland,286698493.7169597,28669.84937169597,31.73148093737083,grassPastureHay,NA,NA,NA,NA,NA,NA,NA,0.9284919332333957,0.002536863205555726,6.918327189794678,18.745221063999555
2020,20103,Other Crops,75327671.31744951,7532.76713174495,8.337185645718613,all_cult,NA,NA,NA,NA,NA,NA,NA,0.9284919332333957,0.002536863205555726,6.918327189794678,18.745221063999555
2020,20103,Sorghum,416065.453635532,41.6065453635532,0.04604967692564282,all_cult,Sorghum,NA,NA,112,4659.933080717959,2151.35608825684,665.8491836945177,0.9284919332333957,0.002536863205555726,6.918327189794678,18.745221063999555
2020,20103,Soybeans,132185684.0949134,13218.56840949134,14.630169348542148,all_cult,Soybeans,0.048885021018604057,4,56,740239.830931515,2077.423315429691,665.8491836945177,0.9284919332333957,0.002536863205555726,6.918327189794678,18.745221063999555
2020,20103,Wheat,2313321.132242721,231.33211322427212,0.25603589491560247,all_cult,Wheat,NA,NA,89,20588.55807696022,2631.339114379888,648.9843287261901,0.9284919332333957,0.002536863205555726,6.918327189794678,18.745221063999555
2020,20117,Corn,1658152.8902563148,165.81528902563147,8.104581762964996,all_cult,Corn,0.11231959220863304,16,250,41453.82225640787,1959.7745086669952,569.77268011868,0.7903193589560688,0.002159342510808931,5.649330997988198,17.95916729702978
2020,20117,Developed,787706.4085306233,78.77064085306233,3.850085857982078,developed,NA,NA,NA,NA,NA,NA,NA,0.7903193589560688,0.002159342510808931,5.649330997988198,17.95916729702978
2020,20117,Double Crop,0,0,0,all_cult,NA,NA,NA,NA,NA,NA,NA,0.7903193589560688,0.002159342510808931,5.649330997988198,17.95916729702978
2020,20117,Grass/Pasture/Shrubland,12857028.782319047,1285.7028782319046,62.84151576576982,grassPastureHay,NA,NA,NA,NA,NA,NA,NA,0.7903193589560688,0.002159342510808931,5.649330997988198,17.95916729702978
2020,20117,Other Crops,542476.157749023,54.2476157749023,2.6514698377762036,all_cult,NA,NA,NA,NA,NA,NA,NA,0.7903193589560688,0.002159342510808931,5.649330997988198,17.95916729702978
2020,20117,Sorghum,102104.83972608412,10.210483972608412,0.4990595419862453,all_cult,Sorghum,NA,NA,112,1143.574204932142,2021.2594299316445,569.77268011868,0.7903193589560688,0.002159342510808931,5.649330997988198,17.95916729702978
2020,20117,Soybeans,2941953.1595107396,294.19531595107395,14.379433925651048,all_cult,Soybeans,0.1587926156221978,12,56,16474.93769326014,1959.7745086669952,569.77268011868,0.7903193589560688,0.002159342510808931,5.649330997988198,17.95916729702978
2020,20117,Wheat,191092.86578919008,19.109286578919008,0.9340078132773316,all_cult,Wheat,NA,NA,89,1700.7265055237917,2369.5875762939504,567.9790557213128,0.7903193589560688,0.002159342510808931,5.649330997988198,17.95916729702978
2020,20127,Corn,12331145.272464272,1233.114527246427,4.5811287451964775,all_cult,Corn,NA,NA,250,308278.63181160676,2042.462600708011,617.1860150001012,0.827029412847478,0.0022596432045013056,6.4013516618906054,18.805641866381727
2020,20127,Developed,11064474.625107544,1106.4474625107543,4.110549477408571,developed,NA,NA,NA,NA,NA,NA,NA,0.827029412847478,0.0022596432045013056,6.4013516618906054,18.805641866381727
2020,20127,Double Crop,5537469.813789196,553.7469813789196,2.0572186588584342,all_cult,NA,NA,NA,NA,NA,NA,NA,0.827029412847478,0.0022596432045013056,6.4013516618906054,18.805641866381727
2020,20127,Grass/Pasture/Shrubland,145364205.9775475,14536.42059775475,54.00407892472454,grassPastureHay,NA,NA,NA,NA,NA,NA,NA,0.827029412847478,0.0022596432045013056,6.4013516618906054,18.805641866381727
2020,20127,Other Crops,14406092.901711067,1440.6092901711067,5.351990009019717,all_cult,NA,NA,NA,NA,NA,NA,NA,0.827029412847478,0.0022596432045013056,6.4013516618906054,18.805641866381727
2020,20127,Sorghum,10438803.269211216,1043.8803269211217,3.878107074840889,all_cult,Sorghum,NA,NA,112,116914.59661516562,2128.088247680668,617.1860150001012,0.827029412847478,0.0022596432045013056,6.4013516618906054,18.805641866381727
2020,20127,Soybeans,36886556.59443491,3688.655659443491,13.703679665782811,all_cult,Soybeans,NA,NA,56,206564.7169288355,2042.462600708011,617.1860150001012,0.827029412847478,0.0022596432045013056,6.4013516618906054,18.805641866381727
2020,20127,Wheat,16618308.327681111,1661.8308327681111,6.173847464637315,all_cult,Wheat,NA,NA,89,147902.94411636188,2570.7310516357475,543.6400886921256,0.827029412847478,0.0022596432045013056,6.4013516618906054,18.805641866381727
2020,20131,Corn,160366297.1306251,16036.62971306251,21.131700310068435,all_cult,Corn,0.08667536702500746,11,250,4009157.4282656275,1965.057833862308,643.912727513205,0.8598556083471922,0.002349332263243694,5.538314302371522,18.021006249599793
2020,20131,Developed,31082333.04997068,3108.233304997068,4.095764251603978,developed,NA,NA,NA,NA,NA,NA,NA,0.8598556083471922,0.002349332263243694,5.538314302371522,18.021006249599793
2020,20131,Double Crop,1492964.255390199,149.29642553901988,0.1967300722348928,all_cult,NA,NA,NA,NA,NA,NA,NA,0.8598556083471922,0.002349332263243694,5.538314302371522,18.021006249599793
2020,20131,Grass/Pasture/Shrubland,259700028.65622935,25970.002865622933,34.22105064638048,grassPastureHay,NA,NA,NA,NA,NA,NA,NA,0.8598556083471922,0.002349332263243694,5.538314302371522,18.021006249599793
2020,20131,Other Crops,41749501.79584751,4174.950179584751,5.501392598258309,all_cult,NA,NA,NA,NA,NA,NA,NA,0.8598556083471922,0.002349332263243694,5.538314302371522,18.021006249599793
2020,20131,Sorghum,2654423.3826640635,265.44233826640635,0.34977723138924516,all_cult,Sorghum,NA,NA,112,29729.541885837512,2028.1171569824255,643.912727513205,0.8598556083471922,0.002349332263243694,5.538314302371522,18.021006249599793
2020,20131,Soybeans,162225688.48394048,16222.568848394048,21.376715014157963,all_cult,Soybeans,0.15269815532918446,5,56,908463.8555100667,1965.057833862308,643.912727513205,0.8598556083471922,0.002349332263243694,5.538314302371522,18.021006249599793
2020,20131,Wheat,2986930.0271398965,298.69300271398964,0.3935921157377093,all_cult,Wheat,NA,NA,89,26583.67724154508,2377.101339721685,604.1545854363067,0.8598556083471922,0.002349332263243694,5.538314302371522,18.021006249599793
2020,20139,Corn,21120213.79645059,2112.021379645059,9.60304429673313,all_cult,Corn,NA,NA,250,528005.3449112647,2116.6929626464876,705.0666022176556,0.9493091322390065,0.002593740798467231,7.180295666970864,19.23031222650916
2020,20139,Developed,10063104.403803928,1006.3104403803928,4.575542571856911,developed,NA,NA,NA,NA,NA,NA,NA,0.9493091322390065,0.002593740798467231,7.180295666970864,19.23031222650916
2020,20139,Double Crop,1923585.8419931028,192.3585841993103,0.8746256182469547,all_cult,NA,NA,NA,NA,NA,NA,NA,0.9493091322390065,0.002593740798467231,7.180295666970864,19.23031222650916
2020,20139,Grass/Pasture/Shrubland,92885758.0330763,9288.57580330763,42.23376039295454,grassPastureHay,NA,NA,NA,NA,NA,NA,NA,0.9493091322390065,0.002593740798467231,7.180295666970864,19.23031222650916
2020,20139,Other Crops,8631156.618040452,863.1156618040452,3.9244574005691777,all_cult,NA,NA,NA,NA,NA,NA,NA,0.9493091322390065,0.002593740798467231,7.180295666970864,19.23031222650916
2020,20139,Sorghum,131782.53119293394,13.178253119293393,0.05991953948847046,all_cult,Sorghum,NA,NA,112,1475.96434936086,2208.676712036137,705.0666022176556,0.9493091322390065,0.002593740798467231,7.180295666970864,19.23031222650916
2020,20139,Soybeans,36227005.8309319,3622.7005830931903,16.471875951886148,all_cult,Soybeans,NA,NA,56,202871.23265321867,2116.6929626464876,705.0666022176556,0.9493091322390065,0.002593740798467231,7.180295666970864,19.23031222650916
2020,20139,Wheat,613882.6869734175,61.38826869734176,0.2791232462331423,all_cult,Wheat,NA,NA,89,5463.555914063417,2721.251522827154,676.8191688497136,0.9493091322390065,0.002593740798467231,7.180295666970864,19.23031222650916
2020,20149,Corn,153860576.99561548,15386.057699561548,8.978140378058875,all_cult,Corn,0.0975394169485136,72,250,3846514.424890387,2027.6369262695343,604.5192090399796,0.8293848521012115,0.002266078830877627,6.073254511265178,18.545074112688933
2020,20149,Developed,77512187.0955765,7751.21870955765,4.523025393140705,developed,NA,NA,NA,NA,NA,NA,NA,0.8293848521012115,0.002266078830877627,6.073254511265178,18.545074112688933
2020,20149,Double Crop,390027.3096170497,39.00273096170497,0.02275904591933443,all_cult,NA,NA,NA,NA,NA,NA,NA,0.8293848521012115,0.002266078830877627,6.073254511265178,18.545074112688933
2020,20149,Grass/Pasture/Shrubland,1001438172.892897,100143.8172892897,58.43636278860074,grassPastureHay,NA,NA,NA,NA,NA,NA,NA,0.8293848521012115,0.002266078830877627,6.073254511265178,18.545074112688933
2020,20149,Other Crops,52607244.08009265,5260.724408009265,3.0697611530947135,all_cult,NA,NA,NA,NA,NA,NA,NA,0.8293848521012115,0.002266078830877627,6.073254511265178,18.545074112688933
2020,20149,Sorghum,8291697.208348426,829.1697208348426,0.48384077950671184,all_cult,Sorghum,NA,NA,112,92867.00873350237,2102.7514373779336,604.5192090399796,0.8293848521012115,0.002266078830877627,6.073254511265178,18.545074112688933
2020,20149,Soybeans,170176771.98866075,17017.677198866077,9.930230198231044,all_cult,Soybeans,0.07356777060105775,52,56,952989.9231365003,2027.6369262695343,604.5192090399796,0.8293848521012115,0.002266078830877627,6.073254511265178,18.545074112688933
2020,20149,Wheat,8186575.909766175,818.6575909766175,0.4777066950399535,all_cult,Wheat,NA,NA,89,72860.52559691896,2486.411972045903,596.7868857319554,0.8293848521012115,0.002266078830877627,6.073254511265178,18.545074112688933
2020,20161,Corn,41722248.59543071,4172.224859543071,5.217423684920433,all_cult,Corn,0.096180612293953,17,250,1043056.2148857678,2062.015948486331,623.9849925121744,0.8399070334020289,0.0022948279601148333,6.410656521489734,18.70682619855706
2020,20161,Developed,90749956.19904605,9074.995619904605,11.348404911480465,developed,NA,NA,NA,NA,NA,NA,NA,0.8399070334020289,0.0022948279601148333,6.410656521489734,18.70682619855706
2020,20161,Double Crop,1532714.8415363138,153.27148415363138,0.19166806645546955,all_cult,NA,NA,NA,NA,NA,NA,NA,0.8399070334020289,0.0022948279601148333,6.410656521489734,18.70682619855706
2020,20161,Grass/Pasture/Shrubland,404098023.5572574,40409.80235572574,50.53300505400062,grassPastureHay,NA,NA,NA,NA,NA,NA,NA,0.8399070334020289,0.0022948279601148333,6.410656521489734,18.70682619855706
2020,20161,Other Crops,15120413.729280587,1512.0413729280588,1.8908282121108977,all_cult,NA,NA,NA,NA,NA,NA,NA,0.8399070334020289,0.0022948279601148333,6.410656521489734,18.70682619855706
2020,20161,Sorghum,9239535.235797584,923.9535235797584,1.1554163929263068,all_cult,Sorghum,NA,NA,112,103482.79464093295,2148.7175659179725,623.9849925121744,0.8399070334020289,0.0022948279601148333,6.410656521489734,18.70682619855706
2020,20161,Soybeans,57936082.76213349,5793.608276213348,7.244985603383087,all_cult,Soybeans,0.08852438152537218,8,56,324442.06346794753,2062.015948486331,623.9849925121744,0.8399070334020289,0.0022948279601148333,6.410656521489734,18.70682619855706
2020,20161,Wheat,8480596.805733861,848.0596805733862,1.0605101145325664,all_cult,Wheat,NA,NA,89,75477.31157103137,2544.792776489263,573.0674345501066,0.8399070334020289,0.0022948279601148333,6.410656521489734,18.70682619855706
2020,20177,Corn,149826706.43749288,14982.670643749289,10.28176359962104,all_cult,Corn,0.06628666204929373,95,250,3745667.6609373223,2101.6467834472687,699.945088449982,0.9178621293866308,0.0025078200256465322,6.886379037659048,19.057439651906186
2020,20177,Developed,240814093.7848595,24081.40937848595,16.52571589288636,developed,NA,NA,NA,NA,NA,NA,NA,0.9178621293866308,0.0025078200256465322,6.886379037659048,19.057439651906186
2020,20177,Double Crop,488845.5874249835,48.88455874249835,0.03354672131645948,all_cult,NA,NA,NA,NA,NA,NA,NA,0.9178621293866308,0.0025078200256465322,6.886379037659048,19.057439651906186
2020,20177,Grass/Pasture/Shrubland,553145835.4612178,55314.58354612177,37.95928544087594,grassPastureHay,NA,NA,NA,NA,NA,NA,NA,0.9178621293866308,0.0025078200256465322,6.886379037659048,19.057439651906186
2020,20177,Other Crops,48439723.63995516,4843.972363995516,3.3241456022046143,all_cult,NA,NA,NA,NA,NA,NA,NA,0.9178621293866308,0.0025078200256465322,6.886379037659048,19.057439651906186
2020,20177,Sorghum,2391935.026898158,239.19350268981577,0.1641450384713641,all_cult,Sorghum,NA,NA,112,26789.672301259365,2185.5631683349648,699.945088449982,0.9178621293866308,0.0025078200256465322,6.886379037659048,19.057439651906186
2020,20177,Soybeans,166181040.59736478,16618.104059736477,11.40406950662008,all_cult,Soybeans,0.04861009454003127,37,56,930613.8273452427,2101.6467834472687,699.945088449982,0.9178621293866308,0.0025078200256465322,6.886379037659048,19.057439651906186
2020,20177,Wheat,2736364.903689516,273.63649036895157,0.18778132237574788,all_cult,Wheat,NA,NA,89,24353.64764283669,2667.2709503173883,634.0499646759708,0.9178621293866308,0.0025078200256465322,6.886379037659048,19.057439651906186
2020,20197,Corn,76030194.73123662,7603.0194731236625,4.946508832200394,all_cult,Corn,0.12769437163134162,33,250,1900754.8682809155,2090.307305908206,608.1976547843369,0.8282420666410181,0.0022629564662322897,6.669393303876389,19.061383506899997
2020,20197,Developed,47126464.227979906,4712.6464227979905,3.066038070244556,developed,NA,NA,NA,NA,NA,NA,NA,0.8282420666410181,0.0022629564662322897,6.669393303876389,19.061383506899997
2020,20197,Double Crop,1075720.4963377905,107.57204963377905,0.0699861542499475,all_cult,NA,NA,NA,NA,NA,NA,NA,0.8282420666410181,0.0022629564662322897,6.669393303876389,19.061383506899997
2020,20197,Grass/Pasture/Shrubland,1124185524.250171,112418.55242501709,73.1392789981988,grassPastureHay,NA,NA,NA,NA,NA,NA,NA,0.8282420666410181,0.0022629564662322897,6.669393303876389,19.061383506899997
2020,20197,Other Crops,40270391.424952,4027.0391424952,2.6199833837575675,all_cult,NA,NA,NA,NA,NA,NA,NA,0.8282420666410181,0.0022629564662322897,6.669393303876389,19.061383506899997
2020,20197,Sorghum,4880203.21781437,488.02032178143696,0.31750501764707145,all_cult,Sorghum,NA,NA,112,54658.27603952094,2183.553753662113,608.1976547843369,0.8282420666410181,0.0022629564662322897,6.669393303876389,19.061383506899997
2020,20197,Soybeans,97996062.07536049,9799.60620753605,6.375603643922754,all_cult,Soybeans,0.07960281889943693,23,56,548777.9476220187,2090.307305908206,608.1976547843369,0.8282420666410181,0.0022629564662322897,6.669393303876389,19.061383506899997
2020,20197,Wheat,3591574.486326735,359.1574486326735,0.23366709740678615,all_cult,Wheat,NA,NA,89,31965.01292830794,2613.6299591064508,595.2772755933984,0.8282420666410181,0.0022629564662322897,6.669393303876389,19.061383506899997
2020,20209,Corn,2738508.1766127585,273.85081766127587,1.0673653730776724,all_cult,Corn,NA,NA,250,68462.70441531896,2099.9333312988315,656.2428517392837,0.9232328564083436,0.002522494143192196,7.441174850046983,18.64096517927662
2020,20209,Developed,143569948.60078508,14356.994860078508,55.95805521404821,developed,NA,NA,NA,NA,NA,NA,NA,0.9232328564083436,0.002522494143192196,7.441174850046983,18.64096517927662
2020,20209,Double Crop,54262.796078932224,5.426279607893222,0.02114955510290489,all_cult,NA,NA,NA,NA,NA,NA,NA,0.9232328564083436,0.002522494143192196,7.441174850046983,18.64096517927662
2020,20209,Grass/Pasture/Shrubland,31595325.96995437,3159.532596995437,12.314645316540078,grassPastureHay,NA,NA,NA,NA,NA,NA,NA,0.9232328564083436,0.002522494143192196,7.441174850046983,18.64096517927662
2020,20209,Other Crops,2305186.0548929027,230.51860548929025,0.8984730425517866,all_cult,NA,NA,NA,NA,NA,NA,NA,0.9232328564083436,0.002522494143192196,7.441174850046983,18.64096517927662
2020,20209,Sorghum,15691.506451610416,1.5691506451610415,0.00611594691624768,all_cult,Sorghum,NA,NA,112,175.74487225803665,2175.0242828369182,656.2428517392837,0.9232328564083436,0.002522494143192196,7.441174850046983,18.64096517927662
2020,20209,Soybeans,9231992.744454278,923.1992744454278,3.598276413446038,all_cult,Soybeans,0.059911079267270136,5,56,51699.15936894396,2099.9333312988315,656.2428517392837,0.9232328564083436,0.002522494143192196,7.441174850046983,18.64096517927662
2020,20209,Wheat,97770.07616774489,9.777007616774489,0.03810702290971252,all_cult,Wheat,NA,NA,89,870.1536778929295,2673.45737304688,629.5390133512847,0.9232328564083436,0.002522494143192196,7.441174850046983,18.64096517927662
2021,20005,Corn,198829423.29852504,19882.942329852503,26.565388655931933,all_cult,Corn,0.08909320238492967,6,250,4970735.582463126,2149.0020019531285,721.2476174277253,0.929735063422937,0.0025472193518436626,6.532077528026029,18.72872607087438
2021,20005,Developed,34627864.661117576,3462.786466111758,4.626592321129682,developed,NA,NA,NA,NA,NA,NA,NA,0.929735063422937,0.0025472193518436626,6.532077528026029,18.72872607087438
2021,20005,Double Crop,812673.1661969644,81.26731661969644,0.10858040098952132,all_cult,NA,NA,NA,NA,NA,NA,NA,0.929735063422937,0.0025472193518436626,6.532077528026029,18.72872607087438
2021,20005,Grass/Pasture/Shrubland,177378133.9920271,17737.81339920271,23.69930461191015,grassPastureHay,NA,NA,NA,NA,NA,NA,NA,0.929735063422937,0.0025472193518436626,6.532077528026029,18.72872607087438
2021,20005,Other Crops,32385939.132076107,3238.5939132076105,4.3270510257389,all_cult,NA,NA,NA,NA,NA,NA,NA,0.929735063422937,0.0025472193518436626,6.532077528026029,18.72872607087438
2021,20005,Sorghum,901783.7919361964,90.17837919361963,0.1204863773126622,all_cult,Sorghum,NA,NA,112,10099.978469685399,2217.206433105473,721.2476174277253,0.929735063422937,0.0025472193518436626,6.532077528026029,18.72872607087438
2021,20005,Soybeans,204817552.7607893,20481.75527607893,27.365456291033635,all_cult,Soybeans,0.08526083461493249,7,56,1146978.29546042,2149.0020019531285,721.2476174277253,0.929735063422937,0.0025472193518436626,6.532077528026029,18.72872607087438
2021,20005,Wheat,2274958.209269268,227.4958209269268,0.30395475680932255,all_cult,Wheat,NA,NA,89,20247.128062496486,2519.601547241216,601.9598809740346,0.929735063422937,0.0025472193518436626,6.532077528026029,18.72872607087438
2021,20013,Corn,126168018.33815372,12616.801833815372,28.247170850492036,all_cult,Corn,0.11769407913731987,23,250,3154200.458453843,2144.8880035400425,656.3453571051359,0.888221535266377,0.0024334836582640467,6.133584427506979,18.824365359789727
2021,20013,Developed,22242495.345940214,2224.2495345940215,4.979768838836161,developed,NA,NA,NA,NA,NA,NA,NA,0.888221535266377,0.0024334836582640467,6.133584427506979,18.824365359789727
2021,20013,Double Crop,450570.1008926242,45.05701008926242,0.1008760444023602,all_cult,NA,NA,NA,NA,NA,NA,NA,0.888221535266377,0.0024334836582640467,6.133584427506979,18.824365359789727
2021,20013,Grass/Pasture/Shrubland,94265824.77719977,9426.582477719978,21.10473710308632,grassPastureHay,NA,NA,NA,NA,NA,NA,NA,0.888221535266377,0.0024334836582640467,6.133584427506979,18.824365359789727
2021,20013,Other Crops,15893530.458650002,1589.3530458650002,3.5583286176352837,all_cult,NA,NA,NA,NA,NA,NA,NA,0.888221535266377,0.0024334836582640467,6.133584427506979,18.824365359789727
2021,20013,Sorghum,624934.5721046673,62.49345721046673,0.13991369493739164,all_cult,Sorghum,NA,NA,112,6999.267207572274,2224.544873046879,656.3453571051359,0.888221535266377,0.0024334836582640467,6.133584427506979,18.824365359789727
2021,20013,Soybeans,141765395.00382262,14176.539500382263,31.739194972752458,all_cult,Soybeans,0.09352282293460255,12,56,793886.2120214067,2144.8880035400425,656.3453571051359,0.888221535266377,0.0024334836582640467,6.133584427506979,18.824365359789727
2021,20013,Wheat,2740893.1582162394,274.0893158216239,0.6136458219988222,all_cult,Wheat,NA,NA,89,24393.94910812453,2471.1710052490284,573.4216912025586,0.888221535266377,0.0024334836582640467,6.133584427506979,18.824365359789727
2021,20045,Corn,86620641.85517684,8662.064185517684,8.886366491519759,all_cult,Corn,0.10892742654337748,8,250,2165516.046379421,2252.8985626220738,1008.4688060086592,1.2157635908894262,0.003330859153121716,7.868115234375023,19.349034097749914
2021,20045,Developed,129288726.60104884,12928.872660104884,13.263663062202948,developed,NA,NA,NA,NA,NA,NA,NA,1.2157635908894262,0.003330859153121716,7.868115234375023,19.349034097749914
2021,20045,Double Crop,5095189.374235704,509.5189374235703,0.5227128217181374,all_cult,NA,NA,NA,NA,NA,NA,NA,1.2157635908894262,0.003330859153121716,7.868115234375023,19.349034097749914
2021,20045,Grass/Pasture/Shrubland,320120136.30259514,32012.013630259517,32.84095790073053,grassPastureHay,NA,NA,NA,NA,NA,NA,NA,1.2157635908894262,0.003330859153121716,7.868115234375023,19.349034097749914
2021,20045,Other Crops,45312777.607605934,4531.277760760593,4.648614232657652,all_cult,NA,NA,NA,NA,NA,NA,NA,1.2157635908894262,0.003330859153121716,7.868115234375023,19.349034097749914
2021,20045,Sorghum,386342.0299714159,38.634202997141585,0.03963462744992959,all_cult,Sorghum,NA,NA,112,4327.030735679858,2338.786804199223,1008.4688060086592,1.2157635908894262,0.003330859153121716,7.868115234375023,19.349034097749914
2021,20045,Soybeans,106480404.1953778,10648.04041953778,10.923769156863324,all_cult,Soybeans,0.07845116906093794,9,56,596290.2634941157,2252.8985626220738,1008.4688060086592,1.2157635908894262,0.003330859153121716,7.868115234375023,19.349034097749914
2021,20045,Wheat,5446062.630147398,544.6062630147399,0.5587087261275872,all_cult,Wheat,NA,NA,89,48469.95740831185,2714.8909179687553,708.8487004542512,1.2157635908894262,0.003330859153121716,7.868115234375023,19.349034097749914
2021,20061,Corn,38863586.96559791,3886.358696559791,4.95474202817624,all_cult,Corn,0.200267814052149,11,250,971589.6741399477,2228.2770141601595,693.9422093069588,0.848122073157545,0.0023236221182398493,7.237295072372668,19.606265509618495
2021,20061,Developed,61287314.24305082,6128.731424305082,7.813556477504016,developed,NA,NA,NA,NA,NA,NA,NA,0.848122073157545,0.0023236221182398493,7.237295072372668,19.606265509618495
2021,20061,Double Crop,6924892.900576856,692.4892900576856,0.8828587522165569,all_cult,NA,NA,NA,NA,NA,NA,NA,0.848122073157545,0.0023236221182398493,7.237295072372668,19.606265509618495
2021,20061,Grass/Pasture/Shrubland,451278035.8992574,45127.803589925745,57.53370765395784,grassPastureHay,NA,NA,NA,NA,NA,NA,NA,0.848122073157545,0.0023236221182398493,7.237295072372668,19.606265509618495
2021,20061,Other Crops,27682085.460370746,2768.2085460370745,3.529205690135534,all_cult,NA,NA,NA,NA,NA,NA,NA,0.848122073157545,0.0023236221182398493,7.237295072372668,19.606265509618495
2021,20061,Sorghum,7562607.1296337545,756.2607129633755,0.9641613220352202,all_cult,Sorghum,NA,NA,112,84701.19985189805,2343.279803466801,693.9422093069588,0.848122073157545,0.0023236221182398493,7.237295072372668,19.606265509618495
2021,20061,Soybeans,44544490.48482677,4454.449048482677,5.679003827522082,all_cult,Soybeans,0.13793474182194473,9,56,249449.14671502993,2228.2770141601595,693.9422093069588,0.848122073157545,0.0023236221182398493,7.237295072372668,19.606265509618495
2021,20061,Wheat,9250473.838230174,925.0473838230174,1.179348461772092,all_cult,Wheat,NA,NA,89,82329.21716024855,2677.5883453369192,553.9178305699606,0.848122073157545,0.0023236221182398493,7.237295072372668,19.606265509618495
2021,20085,Corn,169859578.06133428,16985.95780613343,9.983449725077554,all_cult,Corn,NA,NA,250,4246489.451533358,2176.95138549805,641.2755447253585,0.8475419024531002,0.0023220326094605484,6.587890792219629,19.062129274133156
2021,20085,Developed,78205258.12304364,7820.525812304364,4.5964924181443365,developed,NA,NA,NA,NA,NA,NA,NA,0.8475419024531002,0.0023220326094605484,6.587890792219629,19.062129274133156
2021,20085,Double Crop,1987665.2880336214,198.76652880336215,0.11682447760584988,all_cult,NA,NA,NA,NA,NA,NA,NA,0.8475419024531002,0.0023220326094605484,6.587890792219629,19.062129274133156
2021,20085,Grass/Pasture/Shrubland,844353173.3043814,84435.31733043813,49.62662425106326,grassPastureHay,NA,NA,NA,NA,NA,NA,NA,0.8475419024531002,0.0023220326094605484,6.587890792219629,19.062129274133156
2021,20085,Other Crops,128575786.22108796,12857.578622108796,7.557006276896833,all_cult,NA,NA,NA,NA,NA,NA,NA,0.8475419024531002,0.0023220326094605484,6.587890792219629,19.062129274133156
2021,20085,Sorghum,9123351.454131491,912.3351454131492,0.5362224586101709,all_cult,Sorghum,NA,NA,112,102181.53628627272,2263.340603637699,641.2755447253585,0.8475419024531002,0.0023220326094605484,6.587890792219629,19.062129274133156
2021,20085,Soybeans,203935696.3401537,20393.56963401537,11.986264153001944,all_cult,Soybeans,NA,NA,56,1142039.8995048606,2176.95138549805,641.2755447253585,0.8475419024531002,0.0023220326094605484,6.587890792219629,19.062129274133156
2021,20085,Wheat,4615387.375220294,461.5387375220294,0.2712681165711563,all_cult,Wheat,NA,NA,89,41076.94763946062,2558.0917419433645,569.2857386593678,0.8475419024531002,0.0023220326094605484,6.587890792219629,19.062129274133156
2021,20087,Corn,175776622.0210545,17577.66220210545,12.227649755595856,all_cult,Corn,0.08192040755099883,36,250,4394415.550526363,2222.0946868896517,794.4188341492554,0.9938684419965139,0.0027229272383466133,7.495102764808991,19.169129045042297
2021,20087,Developed,81069447.57191136,8106.944757191137,5.639480377943756,developed,NA,NA,NA,NA,NA,NA,NA,0.9938684419965139,0.0027229272383466133,7.495102764808991,19.169129045042297
2021,20087,Double Crop,2289111.2562902994,228.91112562902995,0.15923875639251456,all_cult,NA,NA,NA,NA,NA,NA,NA,0.9938684419965139,0.0027229272383466133,7.495102764808991,19.169129045042297
2021,20087,Grass/Pasture/Shrubland,471012433.8040981,47101.24338040981,32.76530749576831,grassPastureHay,NA,NA,NA,NA,NA,NA,NA,0.9938684419965139,0.0027229272383466133,7.495102764808991,19.169129045042297
2021,20087,Other Crops,76222867.41558346,7622.286741558347,5.302334948804151,all_cult,NA,NA,NA,NA,NA,NA,NA,0.9938684419965139,0.0027229272383466133,7.495102764808991,19.169129045042297
2021,20087,Sorghum,1612593.7066092629,161.2593706609263,0.11217777890927,all_cult,Sorghum,NA,NA,112,18061.049514023744,2301.2178527832075,794.4188341492554,0.9938684419965139,0.0027229272383466133,7.495102764808991,19.169129045042297
2021,20087,Soybeans,203463517.68797308,20346.351768797307,14.153649124239168,all_cult,Soybeans,0.056389372879930316,17,56,1139395.699052649,2222.0946868896517,794.4188341492554,0.9938684419965139,0.0027229272383466133,7.495102764808991,19.169129045042297
2021,20087,Wheat,5586600.408699704,558.6600408699704,0.3886238814730799,all_cult,Wheat,NA,NA,89,49720.74363742737,2665.736883544927,639.2713093113271,0.9938684419965139,0.0027229272383466133,7.495102764808991,19.169129045042297
2021,20091,Corn,21958352.78279854,2195.835278279854,3.636504205461552,all_cult,Corn,NA,NA,250,548958.8195699635,2248.399075317386,943.16226338917,1.1639802816940321,0.0031889870731343344,7.994659632852656,19.13297215291901
2021,20091,Developed,278563862.69878614,27856.386269878614,46.13272535576078,developed,NA,NA,NA,NA,NA,NA,NA,1.1639802816940321,0.0031889870731343344,7.994659632852656,19.13297215291901
2021,20091,Double Crop,2245669.8619797677,224.56698619797675,0.3719034837424132,all_cult,NA,NA,NA,NA,NA,NA,NA,1.1639802816940321,0.0031889870731343344,7.994659632852656,19.13297215291901
2021,20091,Grass/Pasture/Shrubland,123263359.72407997,12326.335972407996,20.413540598868583,grassPastureHay,NA,NA,NA,NA,NA,NA,NA,1.1639802816940321,0.0031889870731343344,7.994659632852656,19.13297215291901
2021,20091,Other Crops,14943006.753285224,1494.3006753285224,2.4746986915671805,all_cult,NA,NA,NA,NA,NA,NA,NA,1.1639802816940321,0.0031889870731343344,7.994659632852656,19.13297215291901
2021,20091,Sorghum,637976.3606748646,63.797636067486465,0.10565472472036325,all_cult,Sorghum,NA,NA,112,7145.335239558484,2332.4814361572307,943.16226338917,1.1639802816940321,0.0031889870731343344,7.994659632852656,19.13297215291901
2021,20091,Soybeans,42720351.402400844,4272.035140240085,7.0748812112775745,all_cult,Soybeans,NA,NA,56,239233.96785344474,2248.399075317386,943.16226338917,1.1639802816940321,0.0031889870731343344,7.994659632852656,19.13297215291901
2021,20091,Wheat,2240054.2186633456,224.00542186633456,0.3709734818092746,all_cult,Wheat,NA,NA,89,19936.482546103776,2706.7251098632864,706.1439103379175,1.1639802816940321,0.0031889870731343344,7.994659632852656,19.13297215291901
2021,20103,Corn,65336773.70422071,6533.677370422071,7.231403843201109,all_cult,Corn,NA,NA,250,1633419.342605518,2237.554910278324,865.8495346340351,1.0718277900130488,0.002936514493186435,7.695685901380588,19.10296463639771
2021,20103,Developed,65499122.44894081,6549.912244894082,7.249372427658961,developed,NA,NA,NA,NA,NA,NA,NA,1.0718277900130488,0.002936514493186435,7.695685901380588,19.10296463639771
2021,20103,Double Crop,2413347.029207365,241.3347029207365,0.2671066536127531,all_cult,NA,NA,NA,NA,NA,NA,NA,1.0718277900130488,0.002936514493186435,7.695685901380588,19.10296463639771
2021,20103,Grass/Pasture/Shrubland,317464185.42285216,31746.418542285217,35.13659460655648,grassPastureHay,NA,NA,NA,NA,NA,NA,NA,1.0718277900130488,0.002936514493186435,7.695685901380588,19.10296463639771
2021,20103,Other Crops,63741183.05401106,6374.118305401106,7.054805586110302,all_cult,NA,NA,NA,NA,NA,NA,NA,1.0718277900130488,0.002936514493186435,7.695685901380588,19.10296463639771
2021,20103,Sorghum,505707.05849912163,50.570705849912166,0.05597111334146329,all_cult,Sorghum,NA,NA,112,5663.919055190163,2314.74651794434,865.8495346340351,1.0718277900130488,0.002936514493186435,7.695685901380588,19.10296463639771
2021,20103,Soybeans,117944145.4621392,11794.41454621392,13.053931169590138,all_cult,Soybeans,0.07776272687497901,4,56,660487.2145879795,2237.554910278324,865.8495346340351,1.0718277900130488,0.002936514493186435,7.695685901380588,19.10296463639771
2021,20103,Wheat,2781539.133181218,278.1539133181218,0.3078577596861285,all_cult,Wheat,NA,NA,89,24755.69828531284,2674.1328765869193,689.2859614793852,1.0718277900130488,0.002936514493186435,7.695685901380588,19.10296463639771
2021,20117,Corn,2485437.176232221,248.5437176232221,12.14811307802451,all_cult,Corn,0.16003254305338838,20,250,62135.929405805524,2131.608325195316,575.8765200935305,0.7764165956573562,0.0021271687552256334,6.520069738936773,18.743253692208928
2021,20117,Developed,783658.9329790595,78.36589329790596,3.8303029436718177,developed,NA,NA,NA,NA,NA,NA,NA,0.7764165956573562,0.0021271687552256334,6.520069738936773,18.743253692208928
2021,20117,Double Crop,22977.278106092057,2.2977278106092056,0.11230642855401755,all_cult,NA,NA,NA,NA,NA,NA,NA,0.7764165956573562,0.0021271687552256334,6.520069738936773,18.743253692208928
2021,20117,Grass/Pasture/Shrubland,12809518.291797267,1280.9518291797267,62.60929794237429,grassPastureHay,NA,NA,NA,NA,NA,NA,NA,0.7764165956573562,0.0021271687552256334,6.520069738936773,18.743253692208928
2021,20117,Other Crops,623213.8801983033,62.32138801983032,3.0460929613680325,all_cult,NA,NA,NA,NA,NA,NA,NA,0.7764165956573562,0.0021271687552256334,6.520069738936773,18.743253692208928
2021,20117,Sorghum,359791.4586956952,35.97914586956952,1.7585587624341206,all_cult,Sorghum,NA,NA,112,4029.6643373917864,2221.87151794434,575.8765200935305,0.7764165956573562,0.0021271687552256334,6.520069738936773,18.743253692208928
2021,20117,Soybeans,2144270.53565205,214.42705356520497,10.480587152263418,all_cult,Soybeans,0.12184051880758127,15,56,12007.914999651479,2131.608325195316,575.8765200935305,0.7764165956573562,0.0021271687552256334,6.520069738936773,18.743253692208928
2021,20117,Wheat,30410.660200388917,3.0410660200388917,0.1486386952060248,all_cult,Wheat,NA,NA,89,270.65487578346136,2511.86147460938,519.5251818681137,0.7764165956573562,0.0021271687552256334,6.520069738936773,18.743253692208928
2021,20127,Corn,11372736.402589675,1137.2736402589676,4.22507143450709,all_cult,Corn,NA,NA,250,284318.4100647419,2177.0670379638705,745.8414530840964,0.9055317957733496,0.0024809090295160262,7.051491598887009,19.27816563436432
2021,20127,Developed,11657531.74252081,1165.753174252081,4.330875404002925,developed,NA,NA,NA,NA,NA,NA,NA,0.9055317957733496,0.0024809090295160262,7.051491598887009,19.27816563436432
2021,20127,Double Crop,6385574.080712331,638.5574080712331,2.3722968409962495,all_cult,NA,NA,NA,NA,NA,NA,NA,0.9055317957733496,0.0024809090295160262,7.051491598887009,19.27816563436432
2021,20127,Grass/Pasture/Shrubland,145068717.29557535,14506.871729557535,53.89430228476511,grassPastureHay,NA,NA,NA,NA,NA,NA,NA,0.9055317957733496,0.0024809090295160262,7.051491598887009,19.27816563436432
2021,20127,Other Crops,15415486.547955748,1541.5486547955747,5.726988611814225,all_cult,NA,NA,NA,NA,NA,NA,NA,0.9055317957733496,0.0024809090295160262,7.051491598887009,19.27816563436432
2021,20127,Sorghum,10259217.41228933,1025.9217412289331,3.811389352099213,all_cult,Sorghum,NA,NA,112,114903.23501764052,2277.9315185546916,745.8414530840964,0.9055317957733496,0.0024809090295160262,7.051491598887009,19.27816563436432
2021,20127,Soybeans,39820229.07274592,3982.022907274592,14.793564751265754,all_cult,Soybeans,0.10419978807601539,4,56,222993.28280737714,2177.0670379638705,745.8414530840964,0.9055317957733496,0.0024809090295160262,7.051491598887009,19.27816563436432
2021,20127,Wheat,13325820.425445992,1332.5820425445993,4.950659298504657,all_cult,Wheat,NA,NA,89,118599.80178646934,2620.2789031982475,581.63371555919,0.9055317957733496,0.0024809090295160262,7.051491598887009,19.27816563436432
2021,20131,Corn,157771098.28999934,15777.109828999934,20.78972718275684,all_cult,Corn,0.11041093172278456,9,250,3944277.457249983,2140.328961181644,607.8652727956651,0.8295715968710138,0.002272798895537024,6.322258100117746,18.764026464174894
2021,20131,Developed,33101756.925964795,3310.1756925964796,4.361866674058397,developed,NA,NA,NA,NA,NA,NA,NA,0.8295715968710138,0.002272798895537024,6.322258100117746,18.764026464174894
2021,20131,Double Crop,950263.1523702794,95.02631523702794,0.12521755824562739,all_cult,NA,NA,NA,NA,NA,NA,NA,0.8295715968710138,0.002272798895537024,6.322258100117746,18.764026464174894
2021,20131,Grass/Pasture/Shrubland,263115285.39856082,26311.52853985608,34.67108399660559,grassPastureHay,NA,NA,NA,NA,NA,NA,NA,0.8295715968710138,0.002272798895537024,6.322258100117746,18.764026464174894
2021,20131,Other Crops,42002618.71626478,4200.261871626478,5.534746183153446,all_cult,NA,NA,NA,NA,NA,NA,NA,0.8295715968710138,0.002272798895537024,6.322258100117746,18.764026464174894
2021,20131,Sorghum,3146611.10557716,314.66111055771603,0.4146335237835424,all_cult,Sorghum,NA,NA,112,35242.0443824642,2228.1175811767616,607.8652727956651,0.8295715968710138,0.002272798895537024,6.322258100117746,18.764026464174894
2021,20131,Soybeans,169061098.12246498,16906.109812246497,22.27742688792653,all_cult,Soybeans,0.09749315644455701,4,56,946742.1494858039,2140.328961181644,607.8652727956651,0.8295715968710138,0.002272798895537024,6.322258100117746,18.764026464174894
2021,20131,Wheat,3575746.612908927,357.57466129089266,0.4711813339880612,all_cult,Wheat,NA,NA,89,31824.144854889448,2489.9789978027393,542.1658520759083,0.8295715968710138,0.002272798895537024,6.322258100117746,18.764026464174894
2021,20139,Corn,24223890.46233842,2422.3890462338422,11.014239504911693,all_cult,Corn,NA,NA,250,605597.2615584605,2266.869085693362,1072.0027043921873,1.2855736395819113,0.0035221195604983866,7.781094820205502,19.63789923680974
2021,20139,Developed,11883584.003324289,1188.3584003324288,5.403287328798293,developed,NA,NA,NA,NA,NA,NA,NA,1.2855736395819113,0.0035221195604983866,7.781094820205502,19.63789923680974
2021,20139,Double Crop,1359488.628950258,135.9488628950258,0.6181390799608452,all_cult,NA,NA,NA,NA,NA,NA,NA,1.2855736395819113,0.0035221195604983866,7.781094820205502,19.63789923680974
2021,20139,Grass/Pasture/Shrubland,96230052.91361412,9623.005291361413,43.75436109277036,grassPastureHay,NA,NA,NA,NA,NA,NA,NA,1.2855736395819113,0.0035221195604983866,7.781094820205502,19.63789923680974
2021,20139,Other Crops,7661049.592614416,766.1049592614416,3.4833642929177846,all_cult,NA,NA,NA,NA,NA,NA,NA,1.2855736395819113,0.0035221195604983866,7.781094820205502,19.63789923680974
2021,20139,Sorghum,166971.055613305,16.697105561330503,0.07591923352576703,all_cult,Sorghum,NA,NA,112,1870.0758228690163,2363.988140869145,1072.0027043921873,1.2855736395819113,0.0035221195604983866,7.781094820205502,19.63789923680974
2021,20139,Soybeans,31567351.563129716,3156.7351563129714,14.353201076128682,all_cult,Soybeans,NA,NA,56,176777.1687535264,2266.869085693362,1072.0027043921873,1.2855736395819113,0.0035221195604983866,7.781094820205502,19.63789923680974
2021,20139,Wheat,1969166.6393568432,196.9166639356843,0.8953505228517544,all_cult,Wheat,NA,NA,89,17525.583090275904,2743.289736938482,745.7392019270919,1.2855736395819113,0.0035221195604983866,7.781094820205502,19.63789923680974
2021,20149,Corn,151800337.25025943,15180.033725025944,8.857920358041728,all_cult,Corn,0.14534459834492988,67,250,3795008.431256486,2184.1799591064487,558.1503551627393,0.769695993982954,0.0021087561478985036,6.77119863849799,19.20990654932312
2021,20149,Developed,85748241.34497657,8574.824134497658,5.003619270118882,developed,NA,NA,NA,NA,NA,NA,NA,0.769695993982954,0.0021087561478985036,6.77119863849799,19.20990654932312
2021,20149,Double Crop,750024.0014766204,75.00240014766204,0.04376573196110155,all_cult,NA,NA,NA,NA,NA,NA,NA,0.769695993982954,0.0021087561478985036,6.77119863849799,19.20990654932312
2021,20149,Grass/Pasture/Shrubland,1008888388.2188034,100888.83882188034,58.87110104546208,grassPastureHay,NA,NA,NA,NA,NA,NA,NA,0.769695993982954,0.0021087561478985036,6.77119863849799,19.20990654932312
2021,20149,Other Crops,53127330.265306115,5312.733026530612,3.1001094519943644,all_cult,NA,NA,NA,NA,NA,NA,NA,0.769695993982954,0.0021087561478985036,6.77119863849799,19.20990654932312
2021,20149,Sorghum,9074913.31586375,907.4913315863752,0.529543351906592,all_cult,Sorghum,NA,NA,112,101639.02913767402,2283.8281005859417,558.1503551627393,0.769695993982954,0.0021087561478985036,6.77119863849799,19.20990654932312
2021,20149,Soybeans,173895803.32148078,17389.580332148078,10.147244757960722,all_cult,Soybeans,0.11702566848412624,57,56,973816.4986002924,2184.1799591064487,558.1503551627393,0.769695993982954,0.0021087561478985036,6.77119863849799,19.20990654932312
2021,20149,Wheat,6898293.025602439,689.829302560244,0.4025322429059141,all_cult,Wheat,NA,NA,89,61394.80792786171,2589.4673797607475,502.7268162483815,0.769695993982954,0.0021087561478985036,6.77119863849799,19.20990654932312
2021,20161,Corn,36599617.63961323,3659.9617639613234,4.57683174709962,all_cult,Corn,0.15692250704481253,12,250,914990.4409903309,2209.9918884277376,643.9589164736972,0.805163330631487,0.002205926933236951,7.06957430904861,19.370270151634763
2021,20161,Developed,94426780.44921221,9442.67804492122,11.808196762924627,developed,NA,NA,NA,NA,NA,NA,NA,0.805163330631487,0.002205926933236951,7.06957430904861,19.370270151634763
2021,20161,Double Crop,1292642.5825105682,129.26425825105682,0.16164670537114736,all_cult,NA,NA,NA,NA,NA,NA,NA,0.805163330631487,0.002205926933236951,7.06957430904861,19.370270151634763
2021,20161,Grass/Pasture/Shrubland,402393480.0572935,40239.34800572935,50.31984958112749,grassPastureHay,NA,NA,NA,NA,NA,NA,NA,0.805163330631487,0.002205926933236951,7.06957430904861,19.370270151634763
2021,20161,Other Crops,15354839.156183021,1535.483915618302,1.920143429191558,all_cult,NA,NA,NA,NA,NA,NA,NA,0.805163330631487,0.002205926933236951,7.06957430904861,19.370270151634763
2021,20161,Sorghum,11124678.870254232,1112.4678870254231,1.391156157176891,all_cult,Sorghum,NA,NA,112,124596.4033468474,2320.2017734214883,643.9589164736972,0.805163330631487,0.002205926933236951,7.06957430904861,19.370270151634763
2021,20161,Soybeans,66111444.64553891,6611.144464553891,8.267325677545498,all_cult,Soybeans,0.10447526626154456,13,56,370224.0900150179,2209.9918884277376,643.9589164736972,0.805163330631487,0.002205926933236951,7.06957430904861,19.370270151634763
2021,20161,Wheat,5937121.05804374,593.712105804374,0.7424450280436161,all_cult,Wheat,NA,NA,89,52840.37741658928,2620.0007598877005,483.57502537512846,0.805163330631487,0.002205926933236951,7.06957430904861,19.370270151634763
2021,20177,Corn,139678145.81898245,13967.814581898245,9.5853250030783,all_cult,Corn,0.1266635676235167,83,250,3491953.645474561,2252.587619018558,839.7032800088346,1.0447076087463356,0.0028622126267022893,7.443066322640219,19.554385166952077
2021,20177,Developed,255911448.10151455,25591.144810151454,17.561762347850824,developed,NA,NA,NA,NA,NA,NA,NA,1.0447076087463356,0.0028622126267022893,7.443066322640219,19.554385166952077
2021,20177,Double Crop,1506686.1223964258,150.66861223964258,0.1033953885636049,all_cult,NA,NA,NA,NA,NA,NA,NA,1.0447076087463356,0.0028622126267022893,7.443066322640219,19.554385166952077
2021,20177,Grass/Pasture/Shrubland,572766928.2866845,57276.692828668456,39.30577060893798,grassPastureHay,NA,NA,NA,NA,NA,NA,NA,1.0447076087463356,0.0028622126267022893,7.443066322640219,19.554385166952077
2021,20177,Other Crops,43139223.608819075,4313.9223608819075,2.9604021176432567,all_cult,NA,NA,NA,NA,NA,NA,NA,1.0447076087463356,0.0028622126267022893,7.443066322640219,19.554385166952077
2021,20177,Sorghum,2836822.5186195364,283.68225186195366,0.19467516308713767,all_cult,Sorghum,NA,NA,112,31772.412208538808,2348.835028076176,839.7032800088346,1.0447076087463356,0.0028622126267022893,7.443066322640219,19.554385166952077
2021,20177,Soybeans,169869357.48294374,16986.935748294374,11.657177935682656,all_cult,Soybeans,0.09367383571755811,58,56,951268.401904485,2252.587619018558,839.7032800088346,1.0447076087463356,0.0028622126267022893,7.443066322640219,19.554385166952077
2021,20177,Wheat,4505853.504742081,450.58535047420816,0.30921136592967774,all_cult,Wheat,NA,NA,89,40102.096192204524,2698.7284912109426,651.3208051647525,1.0447076087463356,0.0028622126267022893,7.443066322640219,19.554385166952077
2021,20197,Corn,78850302.39216883,7885.030239216884,5.129984456613415,all_cult,Corn,0.12273936137817483,28,250,1971257.5598042211,2220.3635192871125,764.0853131533368,0.9526206857407232,0.002609919686960886,7.2046795152638285,19.43925739445101
2021,20197,Developed,50890320.34133313,5089.032034133313,3.310913774872786,developed,NA,NA,NA,NA,NA,NA,NA,0.9526206857407232,0.002609919686960886,7.2046795152638285,19.43925739445101
2021,20197,Double Crop,1419893.703514626,141.9893703514626,0.09237799232329531,all_cult,NA,NA,NA,NA,NA,NA,NA,0.9526206857407232,0.002609919686960886,7.2046795152638285,19.43925739445101
2021,20197,Grass/Pasture/Shrubland,1132014944.5063748,113201.49445063747,73.64865946980255,grassPastureHay,NA,NA,NA,NA,NA,NA,NA,0.9526206857407232,0.002609919686960886,7.2046795152638285,19.43925739445101
2021,20197,Other Crops,39205485.48617959,3920.548548617959,2.5507008223986096,all_cult,NA,NA,NA,NA,NA,NA,NA,0.9526206857407232,0.002609919686960886,7.2046795152638285,19.43925739445101
2021,20197,Sorghum,7051124.8137033535,705.1124813703353,0.45874473018548456,all_cult,Sorghum,NA,NA,112,78972.59791347756,2321.914883422856,764.0853131533368,0.9526206857407232,0.002609919686960886,7.2046795152638285,19.43925739445101
2021,20197,Soybeans,94277235.21645568,9427.723521645568,6.133657533327837,all_cult,Soybeans,0.12389849945706524,30,56,527952.5172121518,2220.3635192871125,764.0853131533368,0.9526206857407232,0.002609919686960886,7.2046795152638285,19.43925739445101
2021,20197,Wheat,2809400.6741931033,280.9400674193103,0.18277903005786364,all_cult,Wheat,NA,NA,89,25003.66600031862,2667.5733123779346,602.5827663511736,0.9526206857407232,0.002609919686960886,7.2046795152638285,19.43925739445101
2021,20209,Corn,2685351.2478388897,268.535124783889,1.0466468426029665,all_cult,Corn,NA,NA,250,67133.78119597225,2260.366699218753,859.1798317593639,1.0703234859381918,0.00293239311215943,8.01166059938198,19.045739495264364
2021,20209,Developed,146070369.456366,14607.0369456366,56.932623288067774,developed,NA,NA,NA,NA,NA,NA,NA,1.0703234859381918,0.00293239311215943,8.01166059938198,19.045739495264364
2021,20209,Double Crop,48156.692213563,4.8156692213563,0.01876963019124287,all_cult,NA,NA,NA,NA,NA,NA,NA,1.0703234859381918,0.00293239311215943,8.01166059938198,19.045739495264364
2021,20209,Grass/Pasture/Shrubland,37685782.50545809,3768.5782505458087,14.688471499623452,grassPastureHay,NA,NA,NA,NA,NA,NA,NA,1.0703234859381918,0.00293239311215943,8.01166059938198,19.045739495264364
2021,20209,Other Crops,1285124.2642760633,128.51242642760633,0.5008921103485008,all_cult,NA,NA,NA,NA,NA,NA,NA,1.0703234859381918,0.00293239311215943,8.01166059938198,19.045739495264364
2021,20209,Sorghum,103065.61122184285,10.306561122184284,0.04017101921139764,all_cult,Sorghum,NA,NA,112,1154.3348456846397,2345.1717742919964,859.1798317593639,1.0703234859381918,0.00293239311215943,8.01166059938198,19.045739495264364
2021,20209,Soybeans,8258116.014375545,825.8116014375545,3.218696645085485,all_cult,Soybeans,NA,NA,56,46245.44968050305,2260.366699218753,859.1798317593639,1.0703234859381918,0.00293239311215943,8.01166059938198,19.045739495264364
2021,20209,Wheat,61311.70059532362,6.131170059532362,0.02389694752012713,all_cult,Wheat,NA,NA,89,545.6741352983802,2703.1140869140677,708.9598613991984,1.0703234859381918,0.00293239311215943,8.01166059938198,19.045739495264364
2022,20005,Corn,185389728.85444006,18538.972885444007,24.769725315964205,all_cult,Corn,0.15638440140625492,6,250,4634743.221361002,2107.1243408203154,556.7388069496956,0.7602020981133683,0.002082745474283201,4.792720387079967,18.227390696904454
2022,20005,Developed,34732148.96712566,3473.2148967125663,4.6405256368022805,developed,NA,NA,NA,NA,NA,NA,NA,0.7602020981133683,0.002082745474283201,4.792720387079967,18.227390696904454
2022,20005,Double Crop,570965.0381597322,57.09650381597323,0.07628603400860347,all_cult,NA,NA,NA,NA,NA,NA,NA,0.7602020981133683,0.002082745474283201,4.792720387079967,18.227390696904454
2022,20005,Grass/Pasture/Shrubland,188264861.33128464,18826.486133128463,25.153868720987276,grassPastureHay,NA,NA,NA,NA,NA,NA,NA,0.7602020981133683,0.002082745474283201,4.792720387079967,18.227390696904454
2022,20005,Other Crops,30017611.997652635,3001.7611997652634,4.010621345731797,all_cult,NA,NA,NA,NA,NA,NA,NA,0.7602020981133683,0.002082745474283201,4.792720387079967,18.227390696904454
2022,20005,Sorghum,266228.2853527233,26.62282853527233,0.03557047922921733,all_cult,Sorghum,NA,NA,112,2981.756795950501,2211.474819946293,556.7388069496956,0.7602020981133683,0.002082745474283201,4.792720387079967,18.227390696904454
2022,20005,Soybeans,211390205.88586944,21139.020588586944,28.243621513623584,all_cult,Soybeans,NA,NA,56,1183785.1529608688,2107.1243408203154,556.7388069496956,0.7602020981133683,0.002082745474283201,4.792720387079967,18.227390696904454
2022,20005,Wheat,2975712.8783941027,297.5712878394103,0.3975818459439633,all_cult,Wheat,NA,NA,89,26483.844617707513,2681.2678710937553,611.9587362211896,0.7602020981133683,0.002082745474283201,4.792720387079967,18.227390696904454
2022,20013,Corn,127366228.40062147,12736.622840062148,28.515432528808898,all_cult,Corn,0.12101716196260408,20,250,3184155.7100155368,2090.602377319339,584.9599960742053,0.7911566063163337,0.002167552346072147,4.218879469780096,18.28764393427603
2022,20013,Developed,22465031.29161723,2246.503129161723,5.029591376755928,developed,NA,NA,NA,NA,NA,NA,NA,0.7911566063163337,0.002167552346072147,4.218879469780096,18.28764393427603
2022,20013,Double Crop,390499.00902261666,39.04990090226167,0.08742700701889379,all_cult,NA,NA,NA,NA,NA,NA,NA,0.7911566063163337,0.002167552346072147,4.218879469780096,18.28764393427603
2022,20013,Grass/Pasture/Shrubland,95989375.79651794,9598.937579651794,21.490614925005765,grassPastureHay,NA,NA,NA,NA,NA,NA,NA,0.7911566063163337,0.002167552346072147,4.218879469780096,18.28764393427603
2022,20013,Other Crops,16073316.809578516,1607.3316809578516,3.598580147604258,all_cult,NA,NA,NA,NA,NA,NA,NA,0.7911566063163337,0.002167552346072147,4.218879469780096,18.28764393427603
2022,20013,Sorghum,170491.69048513952,17.049169048513953,0.03817059166939926,all_cult,Sorghum,NA,NA,112,1909.5069334335626,2203.839825439457,584.9599960742053,0.7911566063163337,0.002167552346072147,4.218879469780096,18.28764393427603
2022,20013,Soybeans,140398723.149502,14039.872314950202,31.43321716733044,all_cult,Soybeans,0.12895824796204555,15,56,786232.8496372113,2090.602377319339,584.9599960742053,0.7911566063163337,0.002167552346072147,4.218879469780096,18.28764393427603
2022,20013,Wheat,1528036.0767460598,152.80360767460598,0.34210489071705535,all_cult,Wheat,NA,NA,89,13599.521083039932,2640.8606384277396,633.3508502517361,0.7911566063163337,0.002167552346072147,4.218879469780096,18.28764393427603
2022,20045,Corn,68898746.4666608,6889.8746466660805,7.068286482253289,all_cult,Corn,0.17578445439276577,17,250,1722468.6616665202,2249.6370697021516,642.2845576183317,0.9268988445958967,0.0025394488893038265,6.450589825355866,19.02944515698579
2022,20045,Developed,129394857.01965764,12939.485701965765,13.274550926520936,developed,NA,NA,NA,NA,NA,NA,NA,0.9268988445958967,0.0025394488893038265,6.450589825355866,19.02944515698579
2022,20045,Double Crop,3456163.4068385893,345.61634068385894,0.35456600216720374,all_cult,NA,NA,NA,NA,NA,NA,NA,0.9268988445958967,0.0025394488893038265,6.450589825355866,19.02944515698579
2022,20045,Grass/Pasture/Shrubland,333695748.6946664,33369.57486946664,34.233672898899904,grassPastureHay,NA,NA,NA,NA,NA,NA,NA,0.9268988445958967,0.0025394488893038265,6.450589825355866,19.02944515698579
2022,20045,Other Crops,39639293.60754517,3963.929360754517,4.066574466748202,all_cult,NA,NA,NA,NA,NA,NA,NA,0.9268988445958967,0.0025394488893038265,6.450589825355866,19.02944515698579
2022,20045,Sorghum,924935.6635214647,92.49356635214647,0.09488866754036314,all_cult,Sorghum,NA,NA,112,10359.279431440405,2376.768710677348,642.2845576183317,0.9268988445958967,0.0025394488893038265,6.450589825355866,19.02944515698579
2022,20045,Soybeans,126244420.53966364,12624.442053966364,12.951349290399524,all_cult,Soybeans,0.14127474574504942,7,56,706968.7550221164,2249.6370697021516,642.2845576183317,0.9268988445958967,0.0025394488893038265,6.450589825355866,19.02944515698579
2022,20045,Wheat,853805.855505311,85.38058555053111,0.08759149761682712,all_cult,Wheat,NA,NA,89,7598.872113997269,2951.2523468017635,781.7575576089002,0.9268988445958967,0.0025394488893038265,6.450589825355866,19.02944515698579
2022,20061,Corn,35227226.391629376,3522.7226391629374,4.491140236056695,all_cult,Corn,0.13940885478945972,13,250,880680.6597907343,2228.9254150390657,658.9451098467689,0.8696216201876701,0.0023825249868155342,5.851091316954753,19.063312520066376
2022,20061,Developed,61309076.38812071,6130.907638812071,7.816330946440618,developed,NA,NA,NA,NA,NA,NA,NA,0.8696216201876701,0.0023825249868155342,5.851091316954753,19.063312520066376
2022,20061,Double Crop,6916345.29640844,691.634529640844,0.8817690130308518,all_cult,NA,NA,NA,NA,NA,NA,NA,0.8696216201876701,0.0023825249868155342,5.851091316954753,19.063312520066376
2022,20061,Grass/Pasture/Shrubland,452124496.06061107,45212.449606061105,57.64162336797436,grassPastureHay,NA,NA,NA,NA,NA,NA,NA,0.8696216201876701,0.0023825249868155342,5.851091316954753,19.063312520066376
2022,20061,Other Crops,24973434.05552762,2497.343405552762,3.183878096799005,all_cult,NA,NA,NA,NA,NA,NA,NA,0.8696216201876701,0.0023825249868155342,5.851091316954753,19.063312520066376
2022,20061,Sorghum,5350433.399687853,535.0433399687853,0.6821299654573311,all_cult,Sorghum,NA,NA,112,59924.85407650395,2370.989526717387,658.9451098467689,0.8696216201876701,0.0023825249868155342,5.851091316954753,19.063312520066376
2022,20061,Soybeans,52937149.76892445,5293.7149768924455,6.748988996927367,all_cult,Soybeans,0.15616892395263973,9,56,296448.038705977,2228.9254150390657,658.9451098467689,0.8696216201876701,0.0023825249868155342,5.851091316954753,19.063312520066376
2022,20061,Wheat,7688413.123429693,768.8413123429693,0.9802004036930456,all_cult,Wheat,NA,NA,89,68426.87679852427,2884.4936370849664,605.5812720417921,0.8696216201876701,0.0023825249868155342,5.851091316954753,19.063312520066376
2022,20085,Corn,162645571.410867,16264.5571410867,9.559448479264322,all_cult,Corn,NA,NA,250,4066139.285271675,2143.918276977542,584.0725502935238,0.803417834725231,0.0022011447526718653,4.798543851669543,18.627572966275174
2022,20085,Developed,78215455.06252363,7821.545506252363,4.59709174044226,developed,NA,NA,NA,NA,NA,NA,NA,0.803417834725231,0.0022011447526718653,4.798543851669543,18.627572966275174
2022,20085,Double Crop,2922167.1281548236,292.21671281548237,0.1717495648180275,all_cult,NA,NA,NA,NA,NA,NA,NA,0.803417834725231,0.0022011447526718653,4.798543851669543,18.627572966275174
2022,20085,Grass/Pasture/Shrubland,851952029.7500206,85195.20297500206,50.07324493715567,grassPastureHay,NA,NA,NA,NA,NA,NA,NA,0.803417834725231,0.0022011447526718653,4.798543851669543,18.627572966275174
2022,20085,Other Crops,127755814.89503282,12775.581489503282,7.508812688974927,all_cult,NA,NA,NA,NA,NA,NA,NA,0.803417834725231,0.0022011447526718653,4.798543851669543,18.627572966275174
2022,20085,Sorghum,3881181.2600245485,388.11812600245486,0.22811535519873324,all_cult,Sorghum,NA,NA,112,43469.23011227494,2267.55345153809,584.0725502935238,0.803417834725231,0.0022011447526718653,4.798543851669543,18.627572966275174
2022,20085,Soybeans,209760484.75810713,20976.048475810712,12.328614481394109,all_cult,Soybeans,NA,NA,56,1174658.7146454,2143.918276977542,584.0725502935238,0.803417834725231,0.0022011447526718653,4.798543851669543,18.627572966275174
2022,20085,Wheat,6895261.128042689,689.5261128042689,0.4052670658833201,all_cult,Wheat,NA,NA,89,61367.82403957993,2725.9967864990285,625.8973007297609,0.803417834725231,0.0022011447526718653,4.798543851669543,18.627572966275174
2022,20087,Corn,173865324.46221045,17386.532446221045,12.09469306966369,all_cult,Corn,0.1373709215685237,28,250,4346633.111555262,2204.5197387695343,602.748539146909,0.8317066867255489,0.002278648456782326,5.921703307269394,18.810419495465027
2022,20087,Developed,81200019.56350335,8120.001956350336,5.648563432121952,developed,NA,NA,NA,NA,NA,NA,NA,0.8317066867255489,0.002278648456782326,5.921703307269394,18.810419495465027
2022,20087,Double Crop,1584916.0927037802,158.491609270378,0.11025242521310942,all_cult,NA,NA,NA,NA,NA,NA,NA,0.8317066867255489,0.002278648456782326,5.921703307269394,18.810419495465027
2022,20087,Grass/Pasture/Shrubland,483368364.31540287,48336.83643154029,33.62483016129443,grassPastureHay,NA,NA,NA,NA,NA,NA,NA,0.8317066867255489,0.002278648456782326,5.921703307269394,18.810419495465027
2022,20087,Other Crops,71715237.26821636,7171.523726821635,4.988768093120873,all_cult,NA,NA,NA,NA,NA,NA,NA,0.8317066867255489,0.002278648456782326,5.921703307269394,18.810419495465027
2022,20087,Sorghum,294205.6706790465,29.42056706790465,0.02046599744499957,all_cult,Sorghum,NA,NA,112,3295.103511605321,2329.957150618754,602.748539146909,0.8317066867255489,0.002278648456782326,5.921703307269394,18.810419495465027
2022,20087,Soybeans,203122951.7088855,20312.29517088855,14.12995813812808,all_cult,Soybeans,0.10235049023388744,19,56,1137488.5295697588,2204.5197387695343,602.748539146909,0.8317066867255489,0.002278648456782326,5.921703307269394,18.810419495465027
2022,20087,Wheat,2910162.197150551,291.01621971505506,0.20244127842250795,all_cult,Wheat,NA,NA,89,25900.4435546399,2859.8182098388725,712.4336981214001,0.8317066867255489,0.002278648456782326,5.921703307269394,18.810419495465027
2022,20091,Corn,15297512.51274927,1529.751251274927,2.5334080901228515,all_cult,Corn,NA,NA,250,382437.81281873176,2279.074322509769,594.5962378634642,0.9193550614526328,0.0025187809902811856,6.868615011972946,18.972072862599017
2022,20091,Developed,278510162.1611287,27851.016216112872,46.12383205520411,developed,NA,NA,NA,NA,NA,NA,NA,0.9193550614526328,0.0025187809902811856,6.868615011972946,18.972072862599017
2022,20091,Double Crop,2729569.451416774,272.9569451416774,0.4520416848823132,all_cult,NA,NA,NA,NA,NA,NA,NA,0.9193550614526328,0.0025187809902811856,6.868615011972946,18.972072862599017
2022,20091,Grass/Pasture/Shrubland,130666726.62419316,13066.672662419316,21.63960592048627,grassPastureHay,NA,NA,NA,NA,NA,NA,NA,0.9193550614526328,0.0025187809902811856,6.868615011972946,18.972072862599017
2022,20091,Other Crops,13809329.278710337,1380.9329278710338,2.2869513252365814,all_cult,NA,NA,NA,NA,NA,NA,NA,0.9193550614526328,0.0025187809902811856,6.868615011972946,18.972072862599017
2022,20091,Sorghum,111559.29586048565,11.155929586048565,0.01847524049585298,all_cult,Sorghum,NA,NA,112,1249.4641136374394,2408.714734236918,594.5962378634642,0.9193550614526328,0.0025187809902811856,6.868615011972946,18.972072862599017
2022,20091,Soybeans,48495656.430283405,4849.565643028341,8.03132458521637,all_cult,Soybeans,NA,NA,56,271575.67600958707,2279.074322509769,594.5962378634642,0.9193550614526328,0.0025187809902811856,6.868615011972946,18.972072862599017
2022,20091,Wheat,1153472.5448702706,115.34725448702706,0.19102561115563724,all_cult,Wheat,NA,NA,89,10265.905649345408,2980.165530395513,733.9378951934724,0.9193550614526328,0.0025187809902811856,6.868615011972946,18.972072862599017
2022,20103,Corn,59382042.50717427,5938.2042507174265,6.572340598687559,all_cult,Corn,NA,NA,250,1484551.0626793567,2249.0744781494172,588.1549104878213,0.8669133721627295,0.002375105129212958,6.455871205787159,18.82557849622755
2022,20103,Developed,65710162.425797895,6571.01624257979,7.272730105321805,developed,NA,NA,NA,NA,NA,NA,NA,0.8669133721627295,0.002375105129212958,6.455871205787159,18.82557849622755
2022,20103,Double Crop,1488200.7220059051,148.82007220059052,0.16471245533620468,all_cult,NA,NA,NA,NA,NA,NA,NA,0.8669133721627295,0.002375105129212958,6.455871205787159,18.82557849622755
2022,20103,Grass/Pasture/Shrubland,334776536.7282895,33477.65367282895,37.052707029427765,grassPastureHay,NA,NA,NA,NA,NA,NA,NA,0.8669133721627295,0.002375105129212958,6.455871205787159,18.82557849622755
2022,20103,Other Crops,56350963.48968859,5635.096348968859,6.236864032989364,all_cult,NA,NA,NA,NA,NA,NA,NA,0.8669133721627295,0.002375105129212958,6.455871205787159,18.82557849622755
2022,20103,Sorghum,80887.18689168393,8.088718689168394,0.00895250685015785,all_cult,Sorghum,NA,NA,112,905.93649318686,2370.5594699546914,588.1549104878213,0.8669133721627295,0.002375105129212958,6.455871205787159,18.82557849622755
2022,20103,Soybeans,119530300.90212081,11953.030090212082,13.229485147760572,all_cult,Soybeans,0.14449713616840543,5,56,669369.6850518766,2249.0744781494172,588.1549104878213,0.8669133721627295,0.002375105129212958,6.455871205787159,18.82557849622755
2022,20103,Wheat,2145044.5521990126,214.50445521990125,0.23741122401958292,all_cult,Wheat,NA,NA,89,19090.89651457121,2906.03957214356,745.4956658671144,0.8669133721627295,0.002375105129212958,6.455871205787159,18.82557849622755
2022,20117,Corn,1671068.1499691976,167.10681499691975,8.167707895029215,all_cult,Corn,0.16107802551646497,21,250,41776.703749229935,2084.5573516845734,575.5426901467144,0.7577318648584187,0.002075977711940873,4.601671652597947,18.22114337241815
2022,20117,Developed,784727.6435886452,78.47276435886451,3.835526498488283,developed,NA,NA,NA,NA,NA,NA,NA,0.7577318648584187,0.002075977711940873,4.601671652597947,18.22114337241815
2022,20117,Double Crop,1068.7106095856768,0.10687106095856767,0.00522355481646593,all_cult,NA,NA,NA,NA,NA,NA,NA,0.7577318648584187,0.002075977711940873,4.601671652597947,18.22114337241815
2022,20117,Grass/Pasture/Shrubland,12938041.626838751,1293.8041626838751,63.23748360813134,grassPastureHay,NA,NA,NA,NA,NA,NA,NA,0.7577318648584187,0.002075977711940873,4.601671652597947,18.22114337241815
2022,20117,Other Crops,510011.58534894057,51.00115853489406,2.4927922013759236,all_cult,NA,NA,NA,NA,NA,NA,NA,0.7577318648584187,0.002075977711940873,4.601671652597947,18.22114337241815
2022,20117,Sorghum,130190.08472955058,13.019008472955058,0.6363322662332314,all_cult,Sorghum,NA,NA,112,1458.1289489709666,2194.7248474121134,575.5426901467144,0.7577318648584187,0.002075977711940873,4.601671652597947,18.22114337241815
2022,20117,Soybeans,3075308.435202358,307.5308435202358,15.031236748971152,all_cult,Soybeans,0.15493902412228014,10,56,17221.727237133204,2084.5573516845734,575.5426901467144,0.7577318648584187,0.002075977711940873,4.601671652597947,18.22114337241815
2022,20117,Wheat,157067.0810353266,15.70670810353266,0.7676994130042378,all_cult,Wheat,NA,NA,89,1397.8970212144068,2673.469955444341,524.4148085191846,0.7577318648584187,0.002075977711940873,4.601671652597947,18.22114337241815
2022,20127,Corn,11803467.739900786,1180.3467739900786,4.385091908454399,all_cult,Corn,NA,NA,250,295086.69349751965,2181.668750000003,657.081350395456,0.865440132373762,0.002371068855818526,5.578886936135511,18.783138118378126
2022,20127,Developed,11669554.97646044,1166.955497646044,4.335342140984287,developed,NA,NA,NA,NA,NA,NA,NA,0.865440132373762,0.002371068855818526,5.578886936135511,18.783138118378126
2022,20127,Double Crop,8409816.133939365,840.9816133939365,3.1243205380960988,all_cult,NA,NA,NA,NA,NA,NA,NA,0.865440132373762,0.002371068855818526,5.578886936135511,18.783138118378126
2022,20127,Grass/Pasture/Shrubland,146232361.11127457,14623.236111127457,54.3266061799413,grassPastureHay,NA,NA,NA,NA,NA,NA,NA,0.865440132373762,0.002371068855818526,5.578886936135511,18.783138118378126
2022,20127,Other Crops,13527776.098097496,1352.7776098097495,5.025687604213232,all_cult,NA,NA,NA,NA,NA,NA,NA,0.865440132373762,0.002371068855818526,5.578886936135511,18.783138118378126
2022,20127,Sorghum,9972758.487768076,997.2758487768076,3.7049673463206583,all_cult,Sorghum,NA,NA,112,111694.89506300245,2314.4882297203167,657.081350395456,0.865440132373762,0.002371068855818526,5.578886936135511,18.783138118378126
2022,20127,Soybeans,38262319.40592967,3826.231940592967,14.214787630456998,all_cult,Soybeans,NA,NA,56,214268.98867320616,2181.668750000003,657.081350395456,0.865440132373762,0.002371068855818526,5.578886936135511,18.783138118378126
2022,20127,Wheat,13057955.317908367,1305.7955317908368,4.851145059002835,all_cult,Wheat,NA,NA,89,116215.80232938447,2813.602117919927,630.4936267433732,0.865440132373762,0.002371068855818526,5.578886936135511,18.783138118378126
2022,20131,Corn,154783495.7256166,15478.34957256166,20.39604644580808,all_cult,Corn,0.1286494562800005,10,250,3869587.3931404147,2089.819125366214,573.1424585987697,0.7526048717263039,0.002061931155414531,4.346507033256659,18.259719054339705
2022,20131,Developed,33185201.288814913,3318.5201288814915,4.372862259164892,developed,NA,NA,NA,NA,NA,NA,NA,0.7526048717263039,0.002061931155414531,4.346507033256659,18.259719054339705
2022,20131,Double Crop,435603.5345949032,43.560353459490315,0.05740011156813159,all_cult,NA,NA,NA,NA,NA,NA,NA,0.7526048717263039,0.002061931155414531,4.346507033256659,18.259719054339705
2022,20131,Grass/Pasture/Shrubland,268051348.29908508,26805.134829908508,35.32151618710858,grassPastureHay,NA,NA,NA,NA,NA,NA,NA,0.7526048717263039,0.002061931155414531,4.346507033256659,18.259719054339705
2022,20131,Other Crops,36180402.47934606,3618.040247934606,4.767544278137427,all_cult,NA,NA,NA,NA,NA,NA,NA,0.7526048717263039,0.002061931155414531,4.346507033256659,18.259719054339705
2022,20131,Sorghum,2007387.3328024836,200.73873328024837,0.26451634964457166,all_cult,Sorghum,NA,NA,112,22482.738127387816,2204.370587158207,573.1424585987697,0.7526048717263039,0.002061931155414531,4.346507033256659,18.259719054339705
2022,20131,Soybeans,174340297.6805893,17434.02976805893,22.973074695074313,all_cult,Soybeans,NA,NA,56,976305.6670113,2089.819125366214,573.1424585987697,0.7526048717263039,0.002061931155414531,4.346507033256659,18.259719054339705
2022,20131,Wheat,4624846.591617835,462.4846591617835,0.6094227646505028,all_cult,Wheat,NA,NA,89,41161.134665398735,2648.5168579101614,548.3308584514889,0.7526048717263039,0.002061931155414531,4.346507033256659,18.259719054339705
2022,20139,Corn,17889228.052458018,1788.9228052458018,8.133963561059502,all_cult,Corn,NA,NA,250,447230.70131145045,2259.1823181152376,668.1208382357145,0.9427514640699248,0.002582880723479246,6.327296677680888,19.24235421794737
2022,20139,Developed,11887961.36065451,1188.796136065451,5.405277647492501,developed,NA,NA,NA,NA,NA,NA,NA,0.9427514640699248,0.002582880723479246,6.327296677680888,19.24235421794737
2022,20139,Double Crop,3043251.379045219,304.3251379045219,1.3837207369546995,all_cult,NA,NA,NA,NA,NA,NA,NA,0.9427514640699248,0.002582880723479246,6.327296677680888,19.24235421794737
2022,20139,Grass/Pasture/Shrubland,99623815.50780554,9962.381550780554,45.29745401970337,grassPastureHay,NA,NA,NA,NA,NA,NA,NA,0.9427514640699248,0.002582880723479246,6.327296677680888,19.24235421794737
2022,20139,Other Crops,6609579.114143215,660.9579114143215,3.0052764440550495,all_cult,NA,NA,NA,NA,NA,NA,NA,0.9427514640699248,0.002582880723479246,6.327296677680888,19.24235421794737
2022,20139,Sorghum,499293.747954237,49.9293747954237,0.2270213751099545,all_cult,Sorghum,NA,NA,112,5592.089977087454,2394.2891421959025,668.1208382357145,0.9427514640699248,0.002582880723479246,6.327296677680888,19.24235421794737
2022,20139,Soybeans,36007797.191935174,3600.7797191935174,16.37220507303993,all_cult,Soybeans,NA,NA,56,201643.66427483698,2259.1823181152376,668.1208382357145,0.9427514640699248,0.002582880723479246,6.327296677680888,19.24235421794737
2022,20139,Wheat,307544.2836087491,30.754428360874908,0.13983577094272637,all_cult,Wheat,NA,NA,89,2737.144124117867,2962.3692962646537,778.9421877977438,0.9427514640699248,0.002582880723479246,6.327296677680888,19.24235421794737
2022,20149,Corn,148629349.2300733,14862.934923007331,8.67288546386487,all_cult,Corn,0.1276497380128235,68,250,3715733.730751833,2153.617517089847,624.5152870201418,0.8208249630968203,0.002248835515333754,5.0266142544681305,18.681887064894607
2022,20149,Developed,85858012.86244483,8585.801286244483,5.010024706212955,developed,NA,NA,NA,NA,NA,NA,NA,0.8208249630968203,0.002248835515333754,5.0266142544681305,18.681887064894607
2022,20149,Double Crop,2418449.757589757,241.8449757589757,0.141122448939874,all_cult,NA,NA,NA,NA,NA,NA,NA,0.8208249630968203,0.002248835515333754,5.0266142544681305,18.681887064894607
2022,20149,Grass/Pasture/Shrubland,1017535417.1514958,101753.54171514958,59.37567629876469,grassPastureHay,NA,NA,NA,NA,NA,NA,NA,0.8208249630968203,0.002248835515333754,5.0266142544681305,18.681887064894607
2022,20149,Other Crops,48730601.75848866,4873.0601758488665,2.8435496073010404,all_cult,NA,NA,NA,NA,NA,NA,NA,0.8208249630968203,0.002248835515333754,5.0266142544681305,18.681887064894607
2022,20149,Sorghum,5923865.2745202705,592.386527452027,0.34567200418640615,all_cult,Sorghum,NA,NA,112,66347.29107462704,2277.051141707622,624.5152870201418,0.8208249630968203,0.002248835515333754,5.0266142544681305,18.681887064894607
2022,20149,Soybeans,175985466.74835685,17598.546674835685,10.269181721643912,all_cult,Soybeans,0.11972079280341975,58,56,985518.6137907984,2153.617517089847,624.5152870201418,0.8208249630968203,0.002248835515333754,5.0266142544681305,18.681887064894607
2022,20149,Wheat,8351846.903031656,835.1846903031656,0.4873506610703226,all_cult,Wheat,NA,NA,89,74331.43743698174,2766.09096679688,618.6980311677326,0.8208249630968203,0.002248835515333754,5.0266142544681305,18.681887064894607
2022,20161,Corn,40976726.52286832,4097.672652286832,5.124195140199957,all_cult,Corn,0.1191425496519352,14,250,1024418.163071708,2205.1505920410186,659.5383640675791,0.8527851756160598,0.0023363977414138626,5.660869817864428,18.829561750856186
2022,20161,Developed,94420828.7061597,9442.08287061597,11.807452489396375,developed,NA,NA,NA,NA,NA,NA,NA,0.8527851756160598,0.0023363977414138626,5.660869817864428,18.829561750856186
2022,20161,Double Crop,2339280.016367589,233.9280016367589,0.29253013377601067,all_cult,NA,NA,NA,NA,NA,NA,NA,0.8527851756160598,0.0023363977414138626,5.660869817864428,18.829561750856186
2022,20161,Grass/Pasture/Shrubland,402426712.3873025,40242.671238730254,50.32400532899659,grassPastureHay,NA,NA,NA,NA,NA,NA,NA,0.8527851756160598,0.0023363977414138626,5.660869817864428,18.829561750856186
2022,20161,Other Crops,13399962.586868208,1339.9962586868207,1.675683467008309,all_cult,NA,NA,NA,NA,NA,NA,NA,0.8527851756160598,0.0023363977414138626,5.660869817864428,18.829561750856186
2022,20161,Sorghum,7204595.88014091,720.459588014091,0.9009444708942184,all_cult,Sorghum,NA,NA,112,80691.47385757818,2337.6003238365274,659.5383640675791,0.8527851756160598,0.0023363977414138626,5.660869817864428,18.829561750856186
2022,20161,Soybeans,64470526.280914865,6447.052628091486,8.062126614004422,all_cult,Soybeans,0.12262181511025239,13,56,361034.94717312325,2205.1505920410186,659.5383640675791,0.8527851756160598,0.0023363977414138626,5.660869817864428,18.829561750856186
2022,20161,Wheat,6504756.77832399,650.475677832399,0.8134286435269242,all_cult,Wheat,NA,NA,89,57892.335327083514,2835.815692138677,610.2129290976263,0.8527851756160598,0.0023363977414138626,5.660869817864428,18.829561750856186
2022,20177,Corn,129616400.79764922,12961.640079764922,8.894844072349358,all_cult,Corn,0.11302057058346424,82,250,3240410.0199412303,2243.627996826175,632.463000442629,0.8756029615835578,0.0023989122235165963,5.924680526942446,19.167884931172434
2022,20177,Developed,256301005.40647694,25630.100540647694,17.588495473161828,developed,NA,NA,NA,NA,NA,NA,NA,0.8756029615835578,0.0023989122235165963,5.924680526942446,19.167884931172434
2022,20177,Double Crop,2358503.627676364,235.8503627676364,0.16185082970327347,all_cult,NA,NA,NA,NA,NA,NA,NA,0.8756029615835578,0.0023989122235165963,5.924680526942446,19.167884931172434
2022,20177,Grass/Pasture/Shrubland,588373667.5976081,58837.366759760815,40.37677328910952,grassPastureHay,NA,NA,NA,NA,NA,NA,NA,0.8756029615835578,0.0023989122235165963,5.924680526942446,19.167884931172434
2022,20177,Other Crops,38715025.11502064,3871.502511502064,2.6567942755392684,all_cult,NA,NA,NA,NA,NA,NA,NA,0.8756029615835578,0.0023989122235165963,5.924680526942446,19.167884931172434
2022,20177,Sorghum,2240177.424103541,224.0177424103541,0.15373076832233426,all_cult,Sorghum,NA,NA,112,25089.98714995966,2378.4488773033245,632.463000442629,0.8756029615835578,0.0023989122235165963,5.924680526942446,19.167884931172434
2022,20177,Soybeans,177106427.91994756,17710.642791994756,12.153817347683098,all_cult,Soybeans,0.11108881342664977,48,56,991795.9963517063,2243.627996826175,632.463000442629,0.8756029615835578,0.0023989122235165963,5.924680526942446,19.167884931172434
2022,20177,Wheat,1789992.5518742069,178.9992551874207,0.1228371142973178,all_cult,Wheat,NA,NA,89,15930.933711680442,2906.2922943115286,726.1459061258938,0.8756029615835578,0.0023989122235165963,5.924680526942446,19.167884931172434
2022,20197,Corn,68587548.87462077,6858.754887462077,4.462291823486556,all_cult,Corn,0.1379938422853988,33,250,1714688.7218655192,2205.1028808593783,651.9277228183346,0.8886050308620179,0.002434534331128816,5.642204430985147,18.895110833154988
2022,20197,Developed,50928320.04589004,5092.832004589004,3.3133860278359184,developed,NA,NA,NA,NA,NA,NA,NA,0.8886050308620179,0.002434534331128816,5.642204430985147,18.895110833154988
2022,20197,Double Crop,1806706.2495407285,180.67062495407285,0.11754393701260885,all_cult,NA,NA,NA,NA,NA,NA,NA,0.8886050308620179,0.002434534331128816,5.642204430985147,18.895110833154988
2022,20197,Grass/Pasture/Shrubland,1136822726.0480642,113682.27260480642,73.96145274809578,grassPastureHay,NA,NA,NA,NA,NA,NA,NA,0.8886050308620179,0.002434534331128816,5.642204430985147,18.895110833154988
2022,20197,Other Crops,36073649.10930118,3607.364910930118,2.3469441918388982,all_cult,NA,NA,NA,NA,NA,NA,NA,0.8886050308620179,0.002434534331128816,5.642204430985147,18.895110833154988
2022,20197,Sorghum,5342286.672413635,534.2286672413635,0.34756807216730234,all_cult,Sorghum,NA,NA,112,59833.61073103271,2335.198526351176,651.9277228183346,0.8886050308620179,0.002434534331128816,5.642204430985147,18.895110833154988
2022,20197,Soybeans,105016427.69068444,10501.642769068443,6.832347186987871,all_cult,Soybeans,0.12434241312847569,24,56,588091.9950678328,2205.1028808593783,651.9277228183346,0.8886050308620179,0.002434534331128816,5.642204430985147,18.895110833154988
2022,20197,Wheat,2487410.524422603,248.74105244226033,0.16183041713701657,all_cult,Wheat,NA,NA,89,22137.95366736117,2857.111996459966,651.445463560638,0.8886050308620179,0.002434534331128816,5.642204430985147,18.895110833154988
2022,20209,Corn,1507760.5196231923,150.77605196231923,0.5876671770722863,all_cult,Corn,NA,NA,250,37694.01299057981,2301.277017211917,592.9827990243211,0.9010123753733933,0.002468527055817516,7.023247120478405,18.822270557978406
2022,20209,Developed,146095259.43211684,14609.525943211684,56.94232444524527,developed,NA,NA,NA,NA,NA,NA,NA,0.9010123753733933,0.002468527055817516,7.023247120478405,18.822270557978406
2022,20209,Double Crop,73587.7543937592,7.358775439375919,0.02868168208998911,all_cult,NA,NA,NA,NA,NA,NA,NA,0.9010123753733933,0.002468527055817516,7.023247120478405,18.822270557978406
2022,20209,Grass/Pasture/Shrubland,38726652.15297036,3872.665215297036,15.09416253576136,grassPastureHay,NA,NA,NA,NA,NA,NA,NA,0.9010123753733933,0.002468527055817516,7.023247120478405,18.822270557978406
2022,20209,Other Crops,938319.3994175352,93.83193994175352,0.3657208856918952,all_cult,NA,NA,NA,NA,NA,NA,NA,0.9010123753733933,0.002468527055817516,7.023247120478405,18.822270557978406
2022,20209,Sorghum,46533.43292546538,4.653343292546538,0.01813694602749312,all_cult,Sorghum,NA,NA,112,521.1744487652122,2425.855945174418,592.9827990243211,0.9010123753733933,0.002468527055817516,7.023247120478405,18.822270557978406
2022,20209,Soybeans,8908164.628122717,890.8164628122717,3.4720606434318686,all_cult,Soybeans,NA,NA,56,49885.721917487215,2301.277017211917,592.9827990243211,0.9010123753733933,0.002468527055817516,7.023247120478405,18.822270557978406
2022,20209,Wheat,135577.94781685408,13.557794781685407,0.05284308007129412,all_cult,Wheat,NA,NA,89,1206.6437355700014,2963.8989013671926,724.4665206709178,0.9010123753733933,0.002468527055817516,7.023247120478405,18.822270557978406
2023,20005,Corn,200750550.94331193,20075.055094331194,26.82206848578183,all_cult,Corn,0.13292213070461797,4,250,5018763.773582798,2190.6599914550816,566.4835735705274,0.812372410005919,0.0022256778356326548,6.184263297303105,19.463553065469842
2023,20005,Developed,34672246.815469205,3467.2246815469207,4.632522173765067,developed,NA,NA,NA,NA,NA,NA,NA,0.812372410005919,0.0022256778356326548,6.184263297303105,19.463553065469842
2023,20005,Double Crop,2151245.81716069,215.12458171606903,0.2874256751301736,all_cult,NA,NA,NA,NA,NA,NA,NA,0.812372410005919,0.0022256778356326548,6.184263297303105,19.463553065469842
2023,20005,Grass/Pasture/Shrubland,183634125.53506792,18363.41255350679,24.53516101591721,grassPastureHay,NA,NA,NA,NA,NA,NA,NA,0.812372410005919,0.0022256778356326548,6.184263297303105,19.463553065469842
2023,20005,Other Crops,30373479.77046331,3037.347977046331,4.058168461938247,all_cult,NA,NA,NA,NA,NA,NA,NA,0.812372410005919,0.0022256778356326548,6.184263297303105,19.463553065469842
2023,20005,Sorghum,273935.27308375627,27.393527308375628,0.03660020169707357,all_cult,Sorghum,NA,NA,112,3068.07505853807,2276.969953443168,566.4835735705274,0.812372410005919,0.0022256778356326548,6.184263297303105,19.463553065469842
2023,20005,Soybeans,195883416.6600181,19588.34166600181,26.17177582923581,all_cult,Soybeans,0.08560419325451732,4,56,1096947.1332961014,2190.6599914550816,566.4835735705274,0.812372410005919,0.0022256778356326548,6.184263297303105,19.463553065469842
2023,20005,Wheat,3031083.7677482287,303.1083767748229,0.4049798918242678,all_cult,Wheat,NA,NA,89,26976.645532959235,2564.703710937505,503.7157942032791,0.812372410005919,0.0022256778356326548,6.184263297303105,19.463553065469842
2023,20013,Corn,133317903.1260924,13331.79031260924,29.847925303375153,all_cult,Corn,0.12301194303869532,22,250,3332947.57815231,2181.149969482425,616.818196119275,0.8532925478314864,0.002337787802278045,5.837235542192874,19.42060296045593
2023,20013,Developed,22421740.6119373,2242.17406119373,5.019899227816284,developed,NA,NA,NA,NA,NA,NA,NA,0.8532925478314864,0.002337787802278045,5.837235542192874,19.42060296045593
2023,20013,Double Crop,910897.8996906087,91.08978996906087,0.20393669440819012,all_cult,NA,NA,NA,NA,NA,NA,NA,0.8532925478314864,0.002337787802278045,5.837235542192874,19.42060296045593
2023,20013,Grass/Pasture/Shrubland,92221806.476438507,9222.18064764385,20.647111351936065,grassPastureHay,NA,NA,NA,NA,NA,NA,NA,0.8532925478314864,0.002337787802278045,5.837235542192874,19.42060296045593
2023,20013,Other Crops,19036805.959199615,1903.6805959199617,4.262061950881596,all_cult,NA,NA,NA,NA,NA,NA,NA,0.8532925478314864,0.002337787802278045,5.837235542192874,19.42060296045593
2023,20013,Sorghum,472854.63199064956,47.28546319906496,0.10586522443023318,all_cult,Sorghum,NA,NA,112,5295.971878295275,2270.041199781059,616.818196119275,0.8532925478314864,0.002337787802278045,5.837235542192874,19.42060296045593
2023,20013,Soybeans,132496476.50464584,13249.647650464583,29.66401991734495,all_cult,Soybeans,0.0777550111110842,12,56,741980.2684260167,2181.149969482425,616.818196119275,0.8532925478314864,0.002337787802278045,5.837235542192874,19.42060296045593
2023,20013,Wheat,2769885.129426164,276.9885129426164,0.6201366995987572,all_cult,Wheat,NA,NA,89,24651.97765189286,2513.438150024419,555.8067505151848,0.8532925478314864,0.002337787802278045,5.837235542192874,19.42060296045593
2023,20045,Corn,91051575.93183064,9105.157593183065,9.3409337085434,all_cult,Corn,0.15899322180706205,13,250,2276289.398295766,2314.5010070800813,593.5077429138728,0.8751339850970217,0.0023976273564301964,7.44014206977742,20.357621618819586
2023,20045,Developed,129390502.95120189,12939.050295120189,13.274104244907887,developed,NA,NA,NA,NA,NA,NA,NA,0.8751339850970217,0.0023976273564301964,7.44014206977742,20.357621618819586
2023,20045,Double Crop,8831851.965937559,883.1851965937558,0.9060550890327989,all_cult,NA,NA,NA,NA,NA,NA,NA,0.8751339850970217,0.0023976273564301964,7.44014206977742,20.357621618819586
2023,20045,Grass/Pasture/Shrubland,329568357.0833847,32956.83570833847,33.81024594515837,grassPastureHay,NA,NA,NA,NA,NA,NA,NA,0.8751339850970217,0.0023976273564301964,7.44014206977742,20.357621618819586
2023,20045,Other Crops,41425408.59745534,4142.5408597455335,4.249811072439439,all_cult,NA,NA,NA,NA,NA,NA,NA,0.8751339850970217,0.0023976273564301964,7.44014206977742,20.357621618819586
2023,20045,Sorghum,454888.5014497352,45.48885014497352,0.04666677422477421,all_cult,Sorghum,NA,NA,112,5094.751216237034,2435.3340597183637,593.5077429138728,0.8751339850970217,0.0023976273564301964,7.44014206977742,20.357621618819586
2023,20045,Soybeans,93263766.4314269,9326.37664314269,9.567881178654948,all_cult,Soybeans,0.15652293358785435,10,56,522277.09201599064,2314.5010070800813,593.5077429138728,0.8751339850970217,0.0023976273564301964,7.44014206977742,20.357621618819586
2023,20045,Wheat,4607409.143226238,460.7409143226238,0.4726717021046925,all_cult,Wheat,NA,NA,89,41005.94137471352,2801.9230407714895,574.3246145638077,0.8751339850970217,0.0023976273564301964,7.44014206977742,20.357621618819586
2023,20061,Corn,36590601.1747543,3659.06011747543,4.664957705455091,all_cult,Corn,0.1928860110045901,17,250,914765.0293688575,2286.1257446289096,470.7991466684616,0.686415328741793,0.001880589941758337,6.977045764661838,20.260773457566376
2023,20061,Developed,61342931.278818175,6134.293127881818,7.820647126775351,developed,NA,NA,NA,NA,NA,NA,NA,0.686415328741793,0.001880589941758337,6.977045764661838,20.260773457566376
2023,20061,Double Crop,11579720.912518358,1157.9720912518358,1.476305569287622,all_cult,NA,NA,NA,NA,NA,NA,NA,0.686415328741793,0.001880589941758337,6.977045764661838,20.260773457566376
2023,20061,Grass/Pasture/Shrubland,451582972.46750975,45158.297246750975,57.57258420006732,grassPastureHay,NA,NA,NA,NA,NA,NA,NA,0.686415328741793,0.001880589941758337,6.977045764661838,20.260773457566376
2023,20061,Other Crops,24610759.447328087,2461.0759447328087,3.1376404933222792,all_cult,NA,NA,NA,NA,NA,NA,NA,0.686415328741793,0.001880589941758337,6.977045764661838,20.260773457566376
2023,20061,Sorghum,4531861.359312469,453.1861359312469,0.5777697247227817,all_cult,Sorghum,NA,NA,112,50756.84722429965,2430.2293743195355,470.7991466684616,0.686415328741793,0.001880589941758337,6.977045764661838,20.260773457566376
2023,20061,Soybeans,45149291.20112727,4514.929120112727,5.756110233844735,all_cult,Soybeans,0.16207336153496418,5,56,252836.03072631272,2286.1257446289096,470.7991466684616,0.686415328741793,0.001880589941758337,6.977045764661838,20.260773457566376
2023,20061,Wheat,10612904.095026111,1061.290409502611,1.3530455129419008,all_cult,Wheat,NA,NA,89,94454.84644573239,2691.8646850585988,468.72993730707094,0.686415328741793,0.001880589941758337,6.977045764661838,20.260773457566376
2023,20085,Corn,173444846.93532094,17344.484693532093,10.194172911622893,all_cult,Corn,NA,NA,250,4336121.173383024,2195.2024169921906,535.4135938893305,0.7634859735703794,0.0020917423933435055,6.07934996722498,19.66741533671342
2023,20085,Developed,78255706.13941829,7825.570613941829,4.599457486355116,developed,NA,NA,NA,NA,NA,NA,NA,0.7634859735703794,0.0020917423933435055,6.07934996722498,19.66741533671342
2023,20085,Double Crop,4200252.818078397,420.0252818078397,0.24686869778258527,all_cult,NA,NA,NA,NA,NA,NA,NA,0.7634859735703794,0.0020917423933435055,6.07934996722498,19.66741533671342
2023,20085,Grass/Pasture/Shrubland,840400275.3219838,84040.02753219838,49.394293765340656,grassPastureHay,NA,NA,NA,NA,NA,NA,NA,0.7634859735703794,0.0020917423933435055,6.07934996722498,19.66741533671342
2023,20085,Other Crops,130712293.74723616,13071.229374723616,7.682578915884836,all_cult,NA,NA,NA,NA,NA,NA,NA,0.7634859735703794,0.0020917423933435055,6.07934996722498,19.66741533671342
2023,20085,Sorghum,6704490.725060752,670.4490725060751,0.39405458820652256,all_cult,Sorghum,NA,NA,112,75090.29612068042,2294.7277510345743,535.4135938893305,0.7634859735703794,0.0020917423933435055,6.07934996722498,19.66741533671342
2023,20085,Soybeans,192141993.48943144,19214.199348943144,11.29309252955558,all_cult,Soybeans,NA,NA,56,1075995.1635408162,2195.2024169921906,535.4135938893305,0.7634859735703794,0.0020917423933435055,6.07934996722498,19.66741533671342
2023,20085,Wheat,12867344.072270805,1286.7344072270805,0.7562745893222734,all_cult,Wheat,NA,NA,89,114519.36224321017,2566.592578125005,494.17858048784547,0.7634859735703794,0.0020917423933435055,6.07934996722498,19.66741533671342
2023,20087,Corn,185046191.54181823,18504.619154181823,12.872474125195298,all_cult,Corn,0.10498679919751078,36,250,4626154.788545456,2264.077767944339,564.6720510600135,0.8205359193722251,0.002248043614718425,6.972039711312095,19.999684289383584
2023,20087,Developed,81154157.5003409,8115.41575003409,5.645373103175065,developed,NA,NA,NA,NA,NA,NA,NA,0.8205359193722251,0.002248043614718425,6.972039711312095,19.999684289383584
2023,20087,Double Crop,4432897.19568877,443.289719568877,0.30836816459558997,all_cult,NA,NA,NA,NA,NA,NA,NA,0.8205359193722251,0.002248043614718425,6.972039711312095,19.999684289383584
2023,20087,Grass/Pasture/Shrubland,481024504.01143765,48102.45040114377,33.461782865565326,grassPastureHay,NA,NA,NA,NA,NA,NA,NA,0.8205359193722251,0.002248043614718425,6.972039711312095,19.999684289383584
2023,20087,Other Crops,73367415.50460288,7336.741550460289,5.103699513329488,all_cult,NA,NA,NA,NA,NA,NA,NA,0.8205359193722251,0.002248043614718425,6.972039711312095,19.999684289383584
2023,20087,Sorghum,1355602.3795913327,135.56023795913327,0.09430054415034594,all_cult,Sorghum,NA,NA,112,15182.746651422927,2372.2695360527387,564.6720510600135,0.8205359193722251,0.002248043614718425,6.972039711312095,19.999684289383584
2023,20087,Soybeans,182250902.19706398,18225.0902197064,12.678023812746408,all_cult,Soybeans,0.11590327624032189,14,56,1020605.0523035583,2264.077767944339,564.6720510600135,0.8205359193722251,0.002248043614718425,6.972039711312095,19.999684289383584
2023,20087,Wheat,9763830.093270255,976.3830093270255,0.6792069006728048,all_cult,Wheat,NA,NA,89,86898.08783010527,2723.533645629888,512.5796812347835,0.8205359193722251,0.002248043614718425,6.972039711312095,19.999684289383584
2023,20091,Corn,20992483.38161881,2099.248338161881,3.476547392031166,all_cult,Corn,NA,NA,250,524812.0845404702,2341.5404724121126,628.7336835435126,0.9368523523120675,0.002566718773457719,8.076833479371812,20.193207539597626
2023,20091,Developed,278802861.4070167,27880.286140701668,46.172305729397046,developed,NA,NA,NA,NA,NA,NA,NA,0.9368523523120675,0.002566718773457719,8.076833479371812,20.193207539597626
2023,20091,Double Crop,4858612.0862807995,485.8612086280799,0.804630632326268,all_cult,NA,NA,NA,NA,NA,NA,NA,0.9368523523120675,0.002566718773457719,8.076833479371812,20.193207539597626
2023,20091,Grass/Pasture/Shrubland,132201118.15705556,13220.111815705555,21.8937152026019,grassPastureHay,NA,NA,NA,NA,NA,NA,NA,0.9368523523120675,0.002566718773457719,8.076833479371812,20.193207539597626
2023,20091,Other Crops,12955823.665331312,1295.582366533131,2.145602983530856,all_cult,NA,NA,NA,NA,NA,NA,NA,0.9368523523120675,0.002566718773457719,8.076833479371812,20.193207539597626
2023,20091,Sorghum,434236.94883178966,43.42369488317897,0.07191361329391772,all_cult,Sorghum,NA,NA,112,4863.453826916044,2455.9540358246136,628.7336835435126,0.9368523523120675,0.002566718773457719,8.076833479371812,20.193207539597626
2023,20091,Soybeans,36190892.36753613,3619.089236753613,5.993543031016846,all_cult,Soybeans,NA,NA,56,202668.99725820232,2341.5404724121126,628.7336835435126,0.9368523523120675,0.002566718773457719,8.076833479371812,20.193207539597626
2023,20091,Wheat,1079060.7162838134,107.90607162838134,0.1787023312508388,all_cult,Wheat,NA,NA,89,9603.640374925939,2871.374453735357,586.7388894429691,0.9368523523120675,0.002566718773457719,8.076833479371812,20.193207539597626
2023,20103,Corn,72203228.12853219,7220.322812853219,7.991375633940504,all_cult,Corn,0.14309203322299474,6,250,1805080.7032133047,2305.356988525394,613.8960192171216,0.8908949605246089,0.002440808111026326,7.604752046768002,19.97059836191676
2023,20103,Developed,65686177.166254446,6568.617716625445,7.270075442591932,developed,NA,NA,NA,NA,NA,NA,NA,0.8908949605246089,0.002440808111026326,7.604752046768002,19.97059836191676
2023,20103,Double Crop,4335166.397670069,433.5166397670069,0.4798115543774163,all_cult,NA,NA,NA,NA,NA,NA,NA,0.8908949605246089,0.002440808111026326,7.604752046768002,19.97059836191676
2023,20103,Grass/Pasture/Shrubland,330291622.99066776,33029.162299066775,36.55632160051932,grassPastureHay,NA,NA,NA,NA,NA,NA,NA,0.8908949605246089,0.002440808111026326,7.604752046768002,19.97059836191676
2023,20103,Other Crops,57768942.47260453,5776.894247260453,6.393804421767305,all_cult,NA,NA,NA,NA,NA,NA,NA,0.8908949605246089,0.002440808111026326,7.604752046768002,19.97059836191676
2023,20103,Sorghum,210361.17429236314,21.036117429236313,0.02328254852504025,all_cult,Sorghum,NA,NA,112,2356.0451520744673,2407.3824354828166,613.8960192171216,0.8908949605246089,0.002440808111026326,7.604752046768002,19.97059836191676
2023,20103,Soybeans,102020005.17829448,10202.000517829449,11.291464449553278,all_cult,Soybeans,NA,NA,56,571312.0289984491,2305.356988525394,613.8960192171216,0.8908949605246089,0.002440808111026326,7.604752046768002,19.97059836191676
2023,20103,Wheat,2911263.231869518,291.12632318695177,0.32221548340932743,all_cult,Wheat,NA,NA,89,25910.242763638707,2806.8954467773488,552.7025334691934,0.8908949605246089,0.002440808111026326,7.604752046768002,19.97059836191676
2023,20117,Corn,2668070.5389834247,266.8070538983425,13.040773236059495,all_cult,Corn,0.15451496735168102,19,250,66701.76347458562,2154.282040405277,560.1092402655634,0.7807456802828241,0.002139029261048833,6.093462883936239,19.007079409246597
2023,20117,Developed,784727.6435886452,78.47276435886451,3.835526498488283,developed,NA,NA,NA,NA,NA,NA,NA,0.7807456802828241,0.002139029261048833,6.093462883936239,19.007079409246597
2023,20117,Double Crop,2137.4212191713536,0.21374212191713535,0.01044710963293186,all_cult,NA,NA,NA,NA,NA,NA,NA,0.7807456802828241,0.002139029261048833,6.093462883936239,19.007079409246597
2023,20117,Grass/Pasture/Shrubland,12897440.904820507,1289.7440904820508,63.03903877643587,grassPastureHay,NA,NA,NA,NA,NA,NA,NA,0.7807456802828241,0.002139029261048833,6.093462883936239,19.007079409246597
2023,20117,Other Crops,571292.4321467446,57.12924321467446,2.7923156266854936,all_cult,NA,NA,NA,NA,NA,NA,NA,0.7807456802828241,0.002139029261048833,6.093462883936239,19.007079409246597
2023,20117,Sorghum,116721.89644018153,11.672189644018154,0.5705035758684205,all_cult,Sorghum,NA,NA,112,1307.2852401300333,2235.7998942390664,560.1092402655634,0.7807456802828241,0.002139029261048833,6.093462883936239,19.007079409246597
2023,20117,Soybeans,2044602.0586803507,204.46020586803508,9.993435861478366,all_cult,Soybeans,0.18275099043214876,10,56,11449.771528609965,2154.282040405277,560.1092402655634,0.7807456802828241,0.002139029261048833,6.093462883936239,19.007079409246597
2023,20117,Wheat,201950.65774080856,20.195065774080856,0.98707762556922,all_cult,Wheat,NA,NA,89,1797.3608538931962,2504.2136413574267,504.8684080764653,0.7807456802828241,0.002139029261048833,6.093462883936239,19.007079409246597
2023,20127,Corn,16750124.364898732,1675.0124364898732,6.222818279904893,all_cult,Corn,NA,NA,250,418753.1091224683,2226.0582183837923,469.1140728255268,0.6737294818561058,0.0018458341968660434,6.649028704917617,19.93293799831445
2023,20127,Developed,11685369.715120176,1168.5369715120175,4.3412174552613525,developed,NA,NA,NA,NA,NA,NA,NA,0.6737294818561058,0.0018458341968660434,6.649028704917617,19.93293799831445
2023,20127,Double Crop,7548787.570209226,754.8787570209225,2.8044408662097,all_cult,NA,NA,NA,NA,NA,NA,NA,0.6737294818561058,0.0018458341968660434,6.649028704917617,19.93293799831445
2023,20127,Grass/Pasture/Shrubland,145398761.68253225,14539.876168253224,54.01691667255074,grassPastureHay,NA,NA,NA,NA,NA,NA,NA,0.6737294818561058,0.0018458341968660434,6.649028704917617,19.93293799831445
2023,20127,Other Crops,14897890.678819597,1489.7890678819597,5.534697201559779,all_cult,NA,NA,NA,NA,NA,NA,NA,0.6737294818561058,0.0018458341968660434,6.649028704917617,19.93293799831445
2023,20127,Sorghum,10536425.26288925,1053.642526288925,3.914374502684795,all_cult,Sorghum,NA,NA,112,118007.96294435959,2362.071237983012,469.1140728255268,0.6737294818561058,0.0018458341968660434,6.649028704917617,19.93293799831445
2023,20127,Soybeans,31985707.671148162,3198.570767114816,11.882971257743154,all_cult,Soybeans,NA,NA,56,179119.9629584297,2226.0582183837923,469.1140728255268,0.6737294818561058,0.0018458341968660434,6.649028704917617,19.93293799831445
2023,20127,Wheat,14442863.302689763,1444.2863302689764,5.365650535854322,all_cult,Wheat,NA,NA,89,128541.48339393889,2591.418634033208,424.12335292925127,0.6737294818561058,0.0018458341968660434,6.649028704917617,19.93293799831445
2023,20131,Corn,166872218.9737299,16687.22189737299,21.988995097621174,all_cult,Corn,0.09048430030177464,13,250,4171805.4743432477,2160.561499023441,591.5308779100887,0.808537757448852,0.0022151719382160332,5.911157310172326,19.169186777611323
2023,20131,Developed,33125026.518542312,3312.5026518542313,4.364932942130203,developed,NA,NA,NA,NA,NA,NA,NA,0.808537757448852,0.0022151719382160332,5.911157310172326,19.169186777611323
2023,20131,Double Crop,2321926.179629102,232.1926179629102,0.30596359115318217,all_cult,NA,NA,NA,NA,NA,NA,NA,0.808537757448852,0.0022151719382160332,5.911157310172326,19.169186777611323
2023,20131,Grass/Pasture/Shrubland,261617145.99300343,26161.714599300343,34.473671987303184,grassPastureHay,NA,NA,NA,NA,NA,NA,NA,0.808537757448852,0.0022151719382160332,5.911157310172326,19.169186777611323
2023,20131,Other Crops,39360319.921937786,3936.031992193779,5.186566626410971,all_cult,NA,NA,NA,NA,NA,NA,NA,0.808537757448852,0.0022151719382160332,5.911157310172326,19.169186777611323
2023,20131,Sorghum,2646203.294420502,264.6203294420502,0.3486940584009472,all_cult,Sorghum,NA,NA,112,29637.476897509623,2245.976600171684,591.5308779100887,0.808537757448852,0.0022151719382160332,5.911157310172326,19.169186777611323
2023,20131,Soybeans,162053413.02669302,16205.341302669302,21.354014026491157,all_cult,Soybeans,0.09377031550722056,5,56,907499.1129494809,2160.561499023441,591.5308779100887,0.808537757448852,0.0022151719382160332,5.911157310172326,19.169186777611323
2023,20131,Wheat,4405160.049497911,440.51600494979107,0.5804743493456831,all_cult,Wheat,NA,NA,89,39205.9244405314,2493.880462646489,523.5034894007258,0.808537757448852,0.0022151719382160332,5.911157310172326,19.169186777611323
2023,20139,Corn,22961503.118465718,2296.1503118465716,10.440250922235403,all_cult,Corn,NA,NA,250,574037.5779616429,2316.9374206543,563.9694246919644,0.8486724246837948,0.002325129930640534,7.298381732261367,20.46988517029647
2023,20139,Developed,11878659.476327788,1187.865947632779,5.401048220267309,developed,NA,NA,NA,NA,NA,NA,NA,0.8486724246837948,0.002325129930640534,7.298381732261367,20.46988517029647
2023,20139,Double Crop,2872487.6209332054,287.2487620933205,1.306077018513654,all_cult,NA,NA,NA,NA,NA,NA,NA,0.8486724246837948,0.002325129930640534,7.298381732261367,20.46988517029647
2023,20139,Grass/Pasture/Shrubland,98584030.5631229,9858.40305631229,44.82467940770861,grassPastureHay,NA,NA,NA,NA,NA,NA,NA,0.8486724246837948,0.002325129930640534,7.298381732261367,20.46988517029647
2023,20139,Other Crops,7002511.5432393905,700.2511543239391,3.1839369234706347,all_cult,NA,NA,NA,NA,NA,NA,NA,0.8486724246837948,0.002325129930640534,7.298381732261367,20.46988517029647
2023,20139,Sorghum,429068.83073859575,42.906883073859575,0.19509115900250415,all_cult,Sorghum,NA,NA,112,4805.570904272272,2448.687884271293,563.9694246919644,0.8486724246837948,0.002325129930640534,7.298381732261367,20.46988517029647
2023,20139,Soybeans,31263040.59011375,3126.304059011375,14.21483544299549,all_cult,Soybeans,NA,NA,56,175073.027304637,2316.9374206543,563.9694246919644,0.8486724246837948,0.002325129930640534,7.298381732261367,20.46988517029647
2023,20139,Wheat,815402.7849052976,81.54027849052976,0.37075141088018143,all_cult,Wheat,NA,NA,89,7257.084785657148,2806.642807006841,578.9541415617771,0.8486724246837948,0.002325129930640534,7.298381732261367,20.46988517029647
2023,20149,Corn,158481867.8983845,15848.18678983845,9.247803986912292,all_cult,Corn,0.14996800527023532,66,250,3962046.6974596125,2218.4292297363313,516.2327758895117,0.7268913886197115,0.0019914832564923604,6.350544801476906,19.68467607890092
2023,20149,Developed,85811736.63449253,8581.173663449254,5.007324375310552,developed,NA,NA,NA,NA,NA,NA,NA,0.7268913886197115,0.0019914832564923604,6.350544801476906,19.68467607890092
2023,20149,Double Crop,3308631.8222773224,330.86318222773224,0.19306674613968888,all_cult,NA,NA,NA,NA,NA,NA,NA,0.7268913886197115,0.0019914832564923604,6.350544801476906,19.68467607890092
2023,20149,Grass/Pasture/Shrubland,1008140095.7017803,100814.00957017804,58.82743634984694,grassPastureHay,NA,NA,NA,NA,NA,NA,NA,0.7268913886197115,0.0019914832564923604,6.350544801476906,19.68467607890092
2023,20149,Other Crops,52899557.526705414,5289.955752670541,3.086818356501395,all_cult,NA,NA,NA,NA,NA,NA,NA,0.7268913886197115,0.0019914832564923604,6.350544801476906,19.68467607890092
2023,20149,Sorghum,9972799.351264872,997.2799351264872,0.5819371946097798,all_cult,Sorghum,NA,NA,112,111695.35273416656,2326.2240564064496,516.2327758895117,0.7268913886197115,0.0019914832564923604,6.350544801476906,19.68467607890092
2023,20149,Soybeans,157080776.12818336,15708.077612818335,9.166046860811257,all_cult,Soybeans,0.1744406963674813,65,56,879652.3463178268,2218.4292297363313,516.2327758895117,0.7268913886197115,0.0019914832564923604,6.350544801476906,19.68467607890092
2023,20149,Wheat,11964227.180200417,1196.4227180200417,0.6981418712727683,all_cult,Wheat,NA,NA,89,106481.62190378371,2593.1792175293017,472.1957271249121,0.7268913886197115,0.0019914832564923604,6.350544801476906,19.68467607890092
2023,20161,Corn,41836093.29920007,4183.609329920007,5.231660119289268,all_cult,Corn,0.1978500413331192,15,250,1045902.3324800018,2276.2901611328157,463.0081017926277,0.6704297113427601,0.001836793729706192,6.835406326921042,20.02793913540777
2023,20161,Developed,94452210.62407288,9445.221062407289,11.811376840727156,developed,NA,NA,NA,NA,NA,NA,NA,0.6704297113427601,0.001836793729706192,6.835406326921042,20.02793913540777
2023,20161,Double Crop,3214239.892366613,321.42398923666127,0.4019450510940648,all_cult,NA,NA,NA,NA,NA,NA,NA,0.6704297113427601,0.001836793729706192,6.835406326921042,20.02793913540777
2023,20161,Grass/Pasture/Shrubland,401414596.9881932,40141.45969881932,50.197438927784845,grassPastureHay,NA,NA,NA,NA,NA,NA,NA,0.6704297113427601,0.001836793729706192,6.835406326921042,20.02793913540777
2023,20161,Other Crops,14611428.519614583,1461.1428519614583,1.8271789224013195,all_cult,NA,NA,NA,NA,NA,NA,NA,0.6704297113427601,0.001836793729706192,6.835406326921042,20.02793913540777
2023,20161,Sorghum,5251889.480441396,525.1889480441396,0.6567558913600912,all_cult,Sorghum,NA,NA,112,58821.16218094363,2411.839820136332,463.0081017926277,0.6704297113427601,0.001836793729706192,6.835406326921042,20.02793913540777
2023,20161,Soybeans,61559474.78675892,6155.947478675892,7.69809568266829,all_cult,Soybeans,0.1849950446456623,14,56,344733.0588058499,2276.2901611328157,463.0081017926277,0.6704297113427601,0.001836793729706192,6.835406326921042,20.02793913540777
2023,20161,Wheat,9542955.929957332,954.2955929957332,1.1933595616072357,all_cult,Wheat,NA,NA,89,84932.30777662025,2664.294741821294,463.5690613021143,0.6704297113427601,0.001836793729706192,6.835406326921042,20.02793913540777
2023,20177,Corn,146288207.70073426,14628.820770073426,10.038936346896984,all_cult,Corn,0.12373040195302666,94,250,3657205.1925183563,2287.0469177246127,497.1122683819413,0.7678480035391403,0.0021036931603812064,6.867968582780417,20.29285880310897
2023,20177,Developed,256024300.3569911,25602.43003569911,17.5695067629827,developed,NA,NA,NA,NA,NA,NA,NA,0.7678480035391403,0.0021036931603812064,6.867968582780417,20.29285880310897
2023,20177,Double Crop,5441776.962655132,544.1776962655132,0.3734385252286543,all_cult,NA,NA,NA,NA,NA,NA,NA,0.7678480035391403,0.0021036931603812064,6.867968582780417,20.29285880310897
2023,20177,Grass/Pasture/Shrubland,582430594.1128149,58243.059411281494,39.9689336049921,grassPastureHay,NA,NA,NA,NA,NA,NA,NA,0.7678480035391403,0.0021036931603812064,6.867968582780417,20.29285880310897
2023,20177,Other Crops,43615300.104604766,4361.530010460477,2.993072568068239,all_cult,NA,NA,NA,NA,NA,NA,NA,0.7678480035391403,0.0021036931603812064,6.867968582780417,20.29285880310897
2023,20177,Sorghum,3332654.387055645,333.2654387055645,0.22870131354880685,all_cult,Sorghum,NA,NA,112,37325.729135023226,2410.6017019302776,497.1122683819413,0.7678480035391403,0.0021036931603812064,6.867968582780417,20.29285880310897
2023,20177,Soybeans,154461609.03650156,15446.160903650156,10.599830878568786,all_cult,Soybeans,0.11333675576900767,48,56,864985.0106044087,2287.0469177246127,497.1122683819413,0.7678480035391403,0.0021036931603812064,6.867968582780417,20.29285880310897
2023,20177,Wheat,3876100.986279343,387.6100986279343,0.2659949949964944,all_cult,Wheat,NA,NA,89,34497.29877788615,2747.117623901372,529.0880423838971,0.7678480035391403,0.0021036931603812064,6.867968582780417,20.29285880310897
2023,20197,Corn,82356078.96579221,8235.60789657922,5.358069559465645,all_cult,Corn,0.13747692828307587,26,250,2058901.974144805,2270.9687103271517,496.9737822136376,0.7299255905962782,0.0019997961386199405,6.765052523678319,20.095500622056957
2023,20197,Developed,50909882.04575642,5090.988204575642,3.31218645533934,developed,NA,NA,NA,NA,NA,NA,NA,0.7299255905962782,0.0019997961386199405,6.765052523678319,20.095500622056957
2023,20197,Double Crop,977955.9283245564,97.79559283245564,0.06362561156209567,all_cult,NA,NA,NA,NA,NA,NA,NA,0.7299255905962782,0.0019997961386199405,6.765052523678319,20.095500622056957
2023,20197,Grass/Pasture/Shrubland,1130382810.6791825,113038.28106791826,73.54247317868389,grassPastureHay,NA,NA,NA,NA,NA,NA,NA,0.7299255905962782,0.0019997961386199405,6.765052523678319,20.095500622056957
2023,20197,Other Crops,41366079.19758044,4136.607919758044,2.6912686048963455,all_cult,NA,NA,NA,NA,NA,NA,NA,0.7299255905962782,0.0019997961386199405,6.765052523678319,20.095500622056957
2023,20197,Sorghum,6270456.047928351,627.0456047928351,0.407954580843114,all_cult,Sorghum,NA,NA,112,70229.10773679754,2398.0467679382855,496.9737822136376,0.7299255905962782,0.0019997961386199405,6.765052523678319,20.095500622056957
2023,20197,Soybeans,85053157.57512064,8505.315757512064,5.533540939084521,all_cult,Soybeans,0.19148523591509783,29,56,476297.6824206756,2270.9687103271517,496.9737822136376,0.7299255905962782,0.0019997961386199405,6.765052523678319,20.095500622056957
2023,20197,Wheat,5955802.95199242,595.580295199242,0.3874833151357432,all_cult,Wheat,NA,NA,89,53006.646272732534,2685.2124359130908,493.1807535664266,0.7299255905962782,0.0019997961386199405,6.765052523678319,20.095500622056957
2023,20209,Corn,2190785.252660472,219.0785252660472,0.8538840009714044,all_cult,Corn,NA,NA,250,54769.6313165118,2358.791534423832,614.998779208865,0.9276205703543383,0.002541426220148872,8.344496551931744,19.97630556707515
2023,20209,Developed,146093095.08639935,14609.309508639935,56.941480866360266,developed,NA,NA,NA,NA,NA,NA,NA,0.9276205703543383,0.002541426220148872,8.344496551931744,19.97630556707515
2023,20209,Double Crop,99940.73893079476,9.994073893079475,0.03895306393660999,all_cult,NA,NA,NA,NA,NA,NA,NA,0.9276205703543383,0.002541426220148872,8.344496551931744,19.97630556707515
2023,20209,Grass/Pasture/Shrubland,39132375.10277108,3913.237510277108,15.252297768432404,grassPastureHay,NA,NA,NA,NA,NA,NA,NA,0.9276205703543383,0.002541426220148872,8.344496551931744,19.97630556707515
2023,20209,Other Crops,1027077.7441434298,102.70777441434298,0.4003154815894658,all_cult,NA,NA,NA,NA,NA,NA,NA,0.9276205703543383,0.002541426220148872,8.344496551931744,19.97630556707515
2023,20209,Sorghum,28089.398216803773,2.808939821680377,0.010948169248955881,all_cult,Sorghum,NA,NA,112,314.60126002820226,2464.3333723724654,614.998779208865,0.9276205703543383,0.002541426220148872,8.344496551931744,19.97630556707515
2023,20209,Soybeans,7432732.612922668,743.2732612922669,2.89699387649505,all_cult,Soybeans,0.08953753973798172,4,56,41623.30263236695,2358.791534423832,614.998779208865,0.9276205703543383,0.002541426220148872,8.344496551931744,19.97630556707515
2023,20209,Wheat,69134.50957645799,6.913450957645798,0.02694597819236403,all_cult,Wheat,NA,NA,89,615.2971352304761,2881.761904907232,541.123465834622,0.9276205703543383,0.002541426220148872,8.344496551931744,19.97630556707515
