Year,FIPS,LandCover,area_m2,area_ha,area_prc,LandCoverGroup,Crop,irrigation_WaterUse_m,n_pdiv,fertilizer_kgHa,fertilizer_kgCrop,GDD,precip_gs_mm,GDD_sd,precip_gs_mm_sd,n_gcms,precip_m,precip_m_avg,tmin_C_avg,tmax_C_avg
2050,20005,Corn,172734778.84431297,17273.477884431297,23.078910848652363,all_cult,Corn,0.10724545034749912,6.181818181818182,250,4318369.471107824,2607.4918878173858,772.1113789936762,147.3365456247827,264.44219412343625,5,1.118080021021799,0.003063232934306299,9.133969960669972,21.164304031999166
2050,20005,Developed,36578638.84791646,3657.863884791646,4.88723319405755,developed,NA,NA,NA,NA,NA,NA,NA,NA,NA,NA,1.118080021021799,0.003063232934306299,9.133969960669972,21.164304031999166
2050,20005,Double Crop,1451158.554832854,145.11585548328543,0.1938877575107932,all_cult,NA,NA,NA,NA,NA,NA,NA,NA,NA,NA,1.118080021021799,0.003063232934306299,9.133969960669972,21.164304031999166
2050,20005,Grass/Pasture/Shrubland,215288406.86893737,21528.840686893738,28.764456018176027,grassPastureHay,NA,NA,NA,NA,NA,NA,NA,NA,NA,NA,1.118080021021799,0.003063232934306299,9.133969960669972,21.164304031999166
2050,20005,Other Crops,29204979.705745928,2920.4979705745927,3.902046405912905,all_cult,NA,NA,NA,NA,NA,NA,NA,NA,NA,NA,1.118080021021799,0.003063232934306299,9.133969960669972,21.164304031999166
2050,20005,Sorghum,732239.3724075308,73.22393724075309,0.09783372699309156,all_cult,Sorghum,NA,NA,112,8201.080970964345,2607.4918878173858,772.1113789936762,147.3365456247827,264.44219412343625,5,1.118080021021799,0.003063232934306299,9.133969960669972,21.164304031999166
2050,20005,Soybeans,181600576.65296197,18160.057665296197,24.263460703620524,all_cult,Soybeans,0.07483265359624193,5,56,1016963.2292565871,2607.4918878173858,772.1113789936762,147.3365456247827,264.44219412343625,5,1.118080021021799,0.003063232934306299,9.133969960669972,21.164304031999166
2050,20005,Wheat,5908069.702597459,590.8069702597459,0.7893709354082403,all_cult,Wheat,NA,NA,89,52581.82035311738,2321.635313720706,471.93260173742584,127.94995725168503,99.90121581503244,5,1.118080021021799,0.003063232934306299,9.133969960669972,21.164304031999166
2050,20013,Corn,113276297.82191704,11327.629782191703,25.36090350021212,all_cult,Corn,0.12646432205391206,17.5625,250,2831907.445547926,2565.8613195800813,739.7370159101835,144.9056409337601,257.0558683716732,5,1.0736621861584952,0.002941540236050672,8.612054886491354,21.095170614164193
2050,20013,Developed,24170977.38782201,2417.0977387822013,5.411527714315524,developed,NA,NA,NA,NA,NA,NA,NA,NA,NA,NA,1.0736621861584952,0.002941540236050672,8.612054886491354,21.095170614164193
2050,20013,Double Crop,542048.8992527233,54.20488992527234,0.12135680712267008,all_cult,NA,NA,NA,NA,NA,NA,NA,NA,NA,NA,1.0736621861584952,0.002941540236050672,8.612054886491354,21.095170614164193
2050,20013,Grass/Pasture/Shrubland,122499833.68113159,12249.983368113159,27.425918047421547,grassPastureHay,NA,NA,NA,NA,NA,NA,NA,NA,NA,NA,1.0736621861584952,0.002941540236050672,8.612054886491354,21.095170614164193
2050,20013,Other Crops,13090232.71280689,1309.023271280689,2.9307113227404837,all_cult,NA,NA,NA,NA,NA,NA,NA,NA,NA,NA,1.0736621861584952,0.002941540236050672,8.612054886491354,21.095170614164193
2050,20013,Sorghum,333636.9508835004,33.363695088350035,0.07469642527304013,all_cult,Sorghum,NA,NA,112,3736.733849895204,2565.8613195800813,739.7370159101835,144.9056409337601,257.0558683716732,5,1.0736621861584952,0.002941540236050672,8.612054886491354,21.095170614164193
2050,20013,Soybeans,123405327.24801578,12340.532724801578,27.62864479089188,all_cult,Soybeans,0.10147480973744562,10.461538461538462,56,691069.8325888884,2565.8613195800813,739.7370159101835,144.9056409337601,257.0558683716732,5,1.0736621861584952,0.002941540236050672,8.612054886491354,21.095170614164193
2050,20013,Wheat,3906288.4515680084,390.6288451568008,0.8745607542714157,all_cult,Wheat,NA,NA,89,34765.96721895527,2279.2597393798856,461.4571788173766,124.22933568490276,97.8874625696702,5,1.0736621861584952,0.002941540236050672,8.612054886491354,21.095170614164193
2050,20045,Corn,74392843.99321488,7439.284399321487,7.631923083362056,all_cult,Corn,0.1459526935617447,11,250,1859821.0998303718,2670.8024237060577,823.1281549334476,142.12189785323292,283.2046487097579,5,1.1947016311647847,0.003273155153876122,9.87506206355685,21.455612374919756
2050,20045,Developed,130402436.2681122,13040.24362681122,13.37791795635647,developed,NA,NA,NA,NA,NA,NA,NA,NA,NA,NA,1.1947016311647847,0.003273155153876122,9.87506206355685,21.455612374919756
2050,20045,Double Crop,4220114.888463862,422.01148884638627,0.4329393864098648,all_cult,NA,NA,NA,NA,NA,NA,NA,NA,NA,NA,1.1947016311647847,0.003273155153876122,9.87506206355685,21.455612374919756
2050,20045,Grass/Pasture/Shrubland,354830010.0217444,35483.00100217444,36.40182575089523,grassPastureHay,NA,NA,NA,NA,NA,NA,NA,NA,NA,NA,1.1947016311647847,0.003273155153876122,9.87506206355685,21.455612374919756
2050,20045,Other Crops,37964614.628596716,3796.4614628596714,3.8947700233285687,all_cult,NA,NA,NA,NA,NA,NA,NA,NA,NA,NA,1.1947016311647847,0.003273155153876122,9.87506206355685,21.455612374919756
2050,20045,Sorghum,671055.755263424,67.1055755263424,0.06884326010288025,all_cult,Sorghum,NA,NA,112,7515.824458950349,2670.8024237060577,823.1281549334476,142.12189785323292,283.2046487097579,5,1.1947016311647847,0.003273155153876122,9.87506206355685,21.455612374919756
2050,20045,Soybeans,100028766.3995359,10002.876639953589,10.261898998705805,all_cult,Soybeans,0.11420951862362651,8.5,56,560161.091837401,2670.8024237060577,823.1281549334476,142.12189785323292,283.2046487097579,5,1.1947016311647847,0.003273155153876122,9.87506206355685,21.455612374919756
2050,20045,Wheat,7085783.937909698,708.5783937909698,0.7269268802840957,all_cult,Wheat,NA,NA,89,63063.477047396314,2390.287019653323,499.85021031910026,129.87349424769224,146.53566277360554,5,1.1947016311647847,0.003273155153876122,9.87506206355685,21.455612374919756
2050,20061,Corn,31722102.062803604,3172.21020628036,4.044269831598419,all_cult,Corn,0.16936452361704205,12.944444444444445,250,793052.55157009,2595.3656170654326,746.10239006653,150.57306027825655,282.01068663546937,5,1.0660555021202456,0.002920700005808892,8.99238384926158,21.459067683807813
2050,20061,Developed,61171563.9285717,6117.15639285717,7.798799400437711,developed,NA,NA,NA,NA,NA,NA,NA,NA,NA,NA,1.0660555021202456,0.002920700005808892,8.99238384926158,21.459067683807813
2050,20061,Double Crop,5604030.762346523,560.4030762346523,0.7144612454318694,all_cult,NA,NA,NA,NA,NA,NA,NA,NA,NA,NA,1.0660555021202456,0.002920700005808892,8.99238384926158,21.459067683807813
2050,20061,Grass/Pasture/Shrubland,476190220.2809351,47619.02202809351,60.70977699307564,grassPastureHay,NA,NA,NA,NA,NA,NA,NA,NA,NA,NA,1.0660555021202456,0.002920700005808892,8.99238384926158,21.459067683807813
2050,20061,Other Crops,18227803.79878525,1822.7803798785249,2.323873646638379,all_cult,NA,NA,NA,NA,NA,NA,NA,NA,NA,NA,1.0660555021202456,0.002920700005808892,8.99238384926158,21.459067683807813
2050,20061,Sorghum,5491901.736070833,549.1901736070832,0.7001658485721192,all_cult,Sorghum,NA,NA,112,61509.299443993325,2595.3656170654326,746.10239006653,150.57306027825655,282.01068663546937,5,1.0660555021202456,0.002920700005808892,8.99238384926158,21.459067683807813
2050,20061,Soybeans,39491221.54782481,3949.1221547824807,5.03475953777074,all_cult,Soybeans,0.12217913528938978,7.666666666666667,56,221150.8406678189,2595.3656170654326,746.10239006653,150.57306027825655,282.01068663546937,5,1.0660555021202456,0.002920700005808892,8.99238384926158,21.459067683807813
2050,20061,Wheat,15495075.277191846,1549.5075277191845,1.9754764472362665,all_cult,Wheat,NA,NA,89,137906.16996700742,2326.323793945315,446.9685662659942,134.18817613104494,124.84596327489174,5,1.0660555021202456,0.002920700005808892,8.99238384926158,21.459067683807813
2050,20085,Corn,134933024.35661882,13493.30243566188,7.9306511901880965,all_cult,Corn,NA,NA,250,3373325.60891547,2588.5671472168,760.0010287350352,148.7535497999027,276.9671966191037,5,1.1019685048733856,0.0030190917941736593,8.870161534139578,21.28426047129176
2050,20085,Developed,75618361.35140783,7561.836135140783,4.444448275810096,developed,NA,NA,NA,NA,NA,NA,NA,NA,NA,NA,1.1019685048733856,0.0030190917941736593,8.870161534139578,21.28426047129176
2050,20085,Double Crop,1864792.83802623,186.479283802623,0.10960268333762817,all_cult,NA,NA,NA,NA,NA,NA,NA,NA,NA,NA,1.1019685048733856,0.0030190917941736593,8.870161534139578,21.28426047129176
2050,20085,Grass/Pasture/Shrubland,941187748.5802637,94118.77485802637,55.31804963283908,grassPastureHay,NA,NA,NA,NA,NA,NA,NA,NA,NA,NA,1.1019685048733856,0.0030190917941736593,8.870161534139578,21.28426047129176
2050,20085,Other Crops,98052397.627671,9805.2397627671,5.7630025537076115,all_cult,NA,NA,NA,NA,NA,NA,NA,NA,NA,NA,1.1019685048733856,0.0030190917941736593,8.870161534139578,21.28426047129176
2050,20085,Sorghum,4069081.398774073,406.9081398774073,0.23915913388905596,all_cult,Sorghum,NA,NA,112,45573.71166626961,2588.5671472168,760.0010287350352,148.7535497999027,276.9671966191037,5,1.1019685048733856,0.0030190917941736593,8.870161534139578,21.28426047129176
2050,20085,Soybeans,170772946.2930534,17077.29462930534,10.037132690300496,all_cult,Soybeans,NA,NA,56,956328.499241099,2588.5671472168,760.0010287350352,148.7535497999027,276.9671966191037,5,1.1019685048733856,0.0030190917941736593,8.870161534139578,21.28426047129176
2050,20085,Wheat,13725583.902961861,1372.5583902961862,0.8067173980208171,all_cult,Wheat,NA,NA,89,122157.69673636057,2312.864562988284,482.11769148323776,125.74936666424772,117.9094932183944,5,1.1019685048733856,0.0030190917941736593,8.870161534139578,21.28426047129176
2050,20087,Corn,155094058.297135,15509.4058297135,10.788896738521789,all_cult,Corn,0.13078338055311117,25.77777777777778,250,3877351.457428375,2627.699364013675,806.6558130498269,147.4871691166241,273.8710654311632,5,1.1639028245147207,0.003188774861684167,9.448979442021642,21.25339382223889
2050,20087,Developed,83037617.78054704,8303.761778054704,5.7763933285619125,developed,NA,NA,NA,NA,NA,NA,NA,NA,NA,NA,1.1639028245147207,0.003188774861684167,9.448979442021642,21.25339382223889
2050,20087,Double Crop,3214015.8179615135,321.4015817961514,0.2235784217441099,all_cult,NA,NA,NA,NA,NA,NA,NA,NA,NA,NA,1.1639028245147207,0.003188774861684167,9.448979442021642,21.25339382223889
2050,20087,Grass/Pasture/Shrubland,533878677.1787268,53387.86771787268,37.138507962340775,grassPastureHay,NA,NA,NA,NA,NA,NA,NA,NA,NA,NA,1.1639028245147207,0.003188774861684167,9.448979442021642,21.25339382223889
2050,20087,Other Crops,67978226.39294052,6797.822639294052,4.728808266891807,all_cult,NA,NA,NA,NA,NA,NA,NA,NA,NA,NA,1.1639028245147207,0.003188774861684167,9.448979442021642,21.25339382223889
2050,20087,Sorghum,2078940.1655916602,207.89401655916603,0.1446185045281528,all_cult,Sorghum,NA,NA,112,23284.129854626597,2627.699364013675,806.6558130498269,147.4871691166241,273.8710654311632,5,1.1639028245147207,0.003188774861684167,9.448979442021642,21.25339382223889
2050,20087,Soybeans,173639107.61438552,17363.91076143855,12.078956617613274,all_cult,Soybeans,0.09985991575255485,13.833333333333334,56,972379.0026405589,2627.699364013675,806.6558130498269,147.4871691166241,273.8710654311632,5,1.1639028245147207,0.003188774861684167,9.448979442021642,21.25339382223889
2050,20087,Wheat,7377427.0278590415,737.7427027859042,0.5132001784817648,all_cult,Wheat,NA,NA,89,65659.10054794548,2351.812346191409,495.11544025103143,129.17413497474809,130.13585214353884,5,1.1639028245147207,0.003188774861684167,9.448979442021642,21.25339382223889
2050,20091,Corn,20137063.169311535,2013.7063169311532,3.334881975218613,all_cult,Corn,0.14955141172933145,4,250,503426.5792327883,2681.003063964847,845.300995237469,138.00110659292048,265.5124094443937,5,1.2401368575200942,0.0033976352260824505,10.071477109308136,21.35112165895229
2050,20091,Developed,271607528.4848879,27160.752848488788,44.98069273866694,developed,NA,NA,NA,NA,NA,NA,NA,NA,NA,NA,1.2401368575200942,0.0033976352260824505,10.071477109308136,21.35112165895229
2050,20091,Double Crop,2013905.6882216034,201.39056882216036,0.3335212152324038,all_cult,NA,NA,NA,NA,NA,NA,NA,NA,NA,NA,1.2401368575200942,0.0033976352260824505,10.071477109308136,21.35112165895229
2050,20091,Grass/Pasture/Shrubland,139667491.4795437,13966.749147954368,23.130214964462166,grassPastureHay,NA,NA,NA,NA,NA,NA,NA,NA,NA,NA,1.2401368575200942,0.0033976352260824505,10.071477109308136,21.35112165895229
2050,20091,Other Crops,14581458.923742233,1458.1458923742232,2.4148230617504245,all_cult,NA,NA,NA,NA,NA,NA,NA,NA,NA,NA,1.2401368575200942,0.0033976352260824505,10.071477109308136,21.35112165895229
2050,20091,Sorghum,265245.84730308503,26.524584730308504,0.043927140106542625,all_cult,Sorghum,NA,NA,112,2970.7534897945525,2681.003063964847,845.300995237469,138.00110659292048,265.5124094443937,5,1.2401368575200942,0.0033976352260824505,10.071477109308136,21.35112165895229
2050,20091,Soybeans,40506888.73460731,4050.688873460731,6.708311533684595,all_cult,Soybeans,NA,NA,56,226838.57691380093,2681.003063964847,845.300995237469,138.00110659292048,265.5124094443937,5,1.2401368575200942,0.0033976352260824505,10.071477109308136,21.35112165895229
2050,20091,Wheat,3047090.5931461067,304.70905931461067,0.5046260922212007,all_cult,Wheat,NA,NA,89,27119.10627900035,2394.7572613525417,518.305265438009,128.81277689183153,142.03892052881076,5,1.2401368575200942,0.0033976352260824505,10.071477109308136,21.35112165895229
2050,20103,Corn,55676654.53817842,5567.665453817842,6.162232243462533,all_cult,Corn,0.09926099891867379,4.75,250,1391916.3634544604,2661.896284790042,832.5497504255073,141.6045479266428,264.7242544838269,5,1.2036280133883968,0.0032976109955846484,9.785410992348053,21.349501217358757
2050,20103,Developed,66222526.18511143,6622.252618511144,7.329437975150055,developed,NA,NA,NA,NA,NA,NA,NA,NA,NA,NA,1.2036280133883968,0.0032976109955846484,9.785410992348053,21.349501217358757
2050,20103,Double Crop,2239300.7972116056,223.93007972116058,0.2478434038440015,all_cult,NA,NA,NA,NA,NA,NA,NA,NA,NA,NA,1.2036280133883968,0.0032976109955846484,9.785410992348053,21.349501217358757
2050,20103,Grass/Pasture/Shrubland,361083573.13099504,36108.3573130995,39.96434152498699,grassPastureHay,NA,NA,NA,NA,NA,NA,NA,NA,NA,NA,1.2036280133883968,0.0032976109955846484,9.785410992348053,21.349501217358757
2050,20103,Other Crops,54377617.6404599,5437.76176404599,6.018456236750789,all_cult,NA,NA,NA,NA,NA,NA,NA,NA,NA,NA,1.2036280133883968,0.0032976109955846484,9.785410992348053,21.349501217358757
2050,20103,Sorghum,567901.3203360821,56.79013203360822,0.06285470735100035,all_cult,Sorghum,NA,NA,112,6360.494787764121,2661.896284790042,832.5497504255073,141.6045479266428,264.7242544838269,5,1.2036280133883968,0.0032976109955846484,9.785410992348053,21.349501217358757
2050,20103,Soybeans,101039226.18326606,10103.922618326606,11.18291288522158,all_cult,Soybeans,0.11410095968932568,4.571428571428571,56,565819.66662629,2661.896284790042,832.5497504255073,141.6045479266428,264.7242544838269,5,1.2036280133883968,0.0032976109955846484,9.785410992348053,21.349501217358757
2050,20103,Wheat,4817340.8524583215,481.7340852458321,0.5331781044497215,all_cult,Wheat,NA,NA,89,42874.33358687905,2376.9506683349637,506.1317578025784,128.16983385443598,122.37623184295728,5,1.2036280133883968,0.0032976109955846484,9.785410992348053,21.349501217358757
2050,20117,Corn,1797933.5665907045,179.79335665907044,8.787790125047634,all_cult,Corn,0.16261062771687598,15.722222222222221,250,44948.33916476761,2532.7532305908235,754.4639316259596,148.36654017905158,290.5527551973993,5,1.0662744974211125,0.002921299992934555,8.364855371762651,20.901443038313378
2050,20117,Developed,709093.4285035765,70.90934285035766,3.465847873654197,developed,NA,NA,NA,NA,NA,NA,NA,NA,NA,NA,1.0662744974211125,0.002921299992934555,8.364855371762651,20.901443038313378
2050,20117,Double Crop,17005.082052877187,1.700508205287719,0.08311602548433755,all_cult,NA,NA,NA,NA,NA,NA,NA,NA,NA,NA,1.0662744974211125,0.002921299992934555,8.364855371762651,20.901443038313378
2050,20117,Grass/Pasture/Shrubland,13608757.209524421,1360.8757209524422,66.51575143947134,grassPastureHay,NA,NA,NA,NA,NA,NA,NA,NA,NA,NA,1.0662744974211125,0.002921299992934555,8.364855371762651,20.901443038313378
2050,20117,Other Crops,368569.7378671669,36.856973786716694,1.801464505144208,all_cult,NA,NA,NA,NA,NA,NA,NA,NA,NA,NA,1.0662744974211125,0.002921299992934555,8.364855371762651,20.901443038313378
2050,20117,Sorghum,113210.96189225193,11.321096189225193,0.5533431220433721,all_cult,Sorghum,NA,NA,112,1267.9627731932217,2532.7532305908235,754.4639316259596,148.36654017905158,290.5527551973993,5,1.0662744974211125,0.002921299992934555,8.364855371762651,20.901443038313378
2050,20117,Soybeans,2250086.8872694396,225.00868872694397,10.99778751332857,all_cult,Soybeans,0.12228514283699721,8.25,56,12600.486568708862,2532.7532305908235,754.4639316259596,148.36654017905158,290.5527551973993,5,1.0662744974211125,0.002921299992934555,8.364855371762651,20.901443038313378
2050,20117,Wheat,234744.84118524572,23.474484118524572,1.1473663074132867,all_cult,Wheat,NA,NA,89,2089.229086548687,2252.804165039065,471.7819769300849,122.3809015661922,132.8280006301424,5,1.0662744974211125,0.002921299992934555,8.364855371762651,20.901443038313378
2050,20127,Corn,10941387.892613748,1094.1387892613748,4.064821675495574,all_cult,Corn,NA,NA,250,273534.6973153437,2592.0374157714873,737.8387422417957,148.6030800703565,275.7941303567114,5,1.0622158165332702,0.0029101803192692335,9.010601831723589,21.431920885059956
2050,20127,Developed,12128694.282144045,1212.8694282144045,4.50591642462472,developed,NA,NA,NA,NA,NA,NA,NA,NA,NA,NA,1.0622158165332702,0.0029101803192692335,9.010601831723589,21.431920885059956
2050,20127,Double Crop,4499199.088895911,449.9199088895911,1.671491967784096,all_cult,NA,NA,NA,NA,NA,NA,NA,NA,NA,NA,1.0622158165332702,0.0029101803192692335,9.010601831723589,21.431920885059956
2050,20127,Grass/Pasture/Shrubland,158101691.18434784,15810.169118434784,58.73616652348874,grassPastureHay,NA,NA,NA,NA,NA,NA,NA,NA,NA,NA,1.0622158165332702,0.0029101803192692335,9.010601831723589,21.431920885059956
2050,20127,Other Crops,10981377.128665583,1098.1377128665583,4.079678027823576,all_cult,NA,NA,NA,NA,NA,NA,NA,NA,NA,NA,1.0622158165332702,0.0029101803192692335,9.010601831723589,21.431920885059956
2050,20127,Sorghum,7272388.587591114,727.2388587591115,2.701756217181813,all_cult,Sorghum,NA,NA,112,81450.75218102049,2592.0374157714873,737.8387422417957,148.6030800703565,275.7941303567114,5,1.0622158165332702,0.0029101803192692335,9.010601831723589,21.431920885059956
2050,20127,Soybeans,28686301.015498407,2868.6301015498407,10.657212713965244,all_cult,Soybeans,0.11686486262093489,4,56,160643.2856867911,2592.0374157714873,737.8387422417957,148.6030800703565,275.7941303567114,5,1.0622158165332702,0.0029101803192692335,9.010601831723589,21.431920885059956
2050,20127,Wheat,20934850.636842933,2093.485063684293,7.777480834890052,all_cult,Wheat,NA,NA,89,186320.17066790207,2324.945503540042,453.8126172887789,136.43548451260276,126.80378432686794,5,1.0622158165332702,0.0029101803192692335,9.010601831723589,21.431920885059956
2050,20131,Corn,124792211.963085,12479.2211963085,16.444051346315263,all_cult,Corn,0.12528513936677563,9.454545454545455,250,3119805.299077125,2534.3206604003935,734.1988295213563,145.45823426183878,269.9716786297239,5,1.0555315571639716,0.002891867279901293,8.37980243839632,20.87552488562181
2050,20131,Developed,34827921.40223819,3482.792140223819,4.589325878711502,developed,NA,NA,NA,NA,NA,NA,NA,NA,NA,NA,1.0555315571639716,0.002891867279901293,8.37980243839632,20.87552488562181
2050,20131,Double Crop,1288597.7379512293,128.85977379512295,0.1698003988733199,all_cult,NA,NA,NA,NA,NA,NA,NA,NA,NA,NA,1.0555315571639716,0.002891867279901293,8.37980243839632,20.87552488562181
2050,20131,Grass/Pasture/Shrubland,328086582.4549448,32808.65824549448,43.232446344665604,grassPastureHay,NA,NA,NA,NA,NA,NA,NA,NA,NA,NA,1.0555315571639716,0.002891867279901293,8.37980243839632,20.87552488562181
2050,20131,Other Crops,27101730.321978156,2710.1730321978157,3.5712344382550913,all_cult,NA,NA,NA,NA,NA,NA,NA,NA,NA,NA,1.0555315571639716,0.002891867279901293,8.37980243839632,20.87552488562181
2050,20131,Sorghum,2055671.3741418559,205.5671374141856,0.2708788080264065,all_cult,Sorghum,NA,NA,112,23023.519390388785,2534.3206604003935,734.1988295213563,145.45823426183878,269.9716786297239,5,1.0555315571639716,0.002891867279901293,8.37980243839632,20.87552488562181
2050,20131,Soybeans,136674912.54505298,13667.491254505298,18.00985209164201,all_cult,Soybeans,0.1067341402930363,5.142857142857143,56,765379.5102522967,2534.3206604003935,734.1988295213563,145.45823426183878,269.9716786297239,5,1.0555315571639716,0.002891867279901293,8.37980243839632,20.87552488562181
2050,20131,Wheat,9588450.555545796,958.8450555545795,1.2634840811511674,all_cult,Wheat,NA,NA,89,85337.20994435757,2248.7776007080106,460.5383424564045,121.01930367200583,109.6279793870204,5,1.0555315571639716,0.002891867279901293,8.37980243839632,20.87552488562181
2050,20139,Corn,20890964.22588984,2089.096422588984,9.4988079569725965,all_cult,Corn,NA,NA,250,522274.10564724595,2630.188970336917,785.4634881779535,147.37392891692969,277.4649194804375,5,1.1534894267829048,0.0031602450048846707,9.446164467171469,21.366658383722196
2050,20139,Developed,11858545.489950646,1185.8545489950645,5.391902692479325,developed,NA,NA,NA,NA,NA,NA,NA,NA,NA,NA,1.1534894267829048,0.0031602450048846707,9.446164467171469,21.366658383722196
2050,20139,Double Crop,1849135.1156913848,184.91351156913848,0.8407739901578724,all_cult,NA,NA,NA,NA,NA,NA,NA,NA,NA,NA,1.1534894267829048,0.0031602450048846707,9.446164467171469,21.366658383722196
2050,20139,Grass/Pasture/Shrubland,108139234.26990536,10813.923426990536,49.1692871538651,grassPastureHay,NA,NA,NA,NA,NA,NA,NA,NA,NA,NA,1.1534894267829048,0.0031602450048846707,9.446164467171469,21.366658383722196
2050,20139,Other Crops,6302951.103083336,630.2951103083336,2.86585728849129,all_cult,NA,NA,NA,NA,NA,NA,NA,NA,NA,NA,1.1534894267829048,0.0031602450048846707,9.446164467171469,21.366658383722196
2050,20139,Sorghum,252758.48461129973,25.27584846112997,0.11492549021948671,all_cult,Sorghum,NA,NA,112,2830.8950276465566,2630.188970336917,785.4634881779535,147.37392891692969,277.4649194804375,5,1.1534894267829048,0.0031602450048846707,9.446164467171469,21.366658383722196
2050,20139,Soybeans,28064514.38751116,2806.4514387511163,12.76051357372463,all_cult,Soybeans,NA,NA,56,157161.28057006252,2630.188970336917,785.4634881779535,147.37392891692969,277.4649194804375,5,1.1534894267829048,0.0031602450048846707,9.446164467171469,21.366658383722196
2050,20139,Wheat,1738320.944623076,173.8320944623076,0.7903884493801757,all_cult,Wheat,NA,NA,89,15471.056407145375,2361.3336138916043,488.04364243676713,130.01447605971558,157.96426285798205,5,1.1534894267829048,0.0031602450048846707,9.446164467171469,21.366658383722196
2050,20149,Corn,136791901.8519852,13679.190185198519,7.982141503627487,all_cult,Corn,0.1326174661314905,62.44444444444444,250,3419797.54629963,2582.978480224612,739.7730424197216,150.5303582043651,284.4749719088096,5,1.0515609149638006,0.0028809888081200016,8.774505556707537,21.339096261638506
2050,20149,Developed,87781477.02653997,8778.147702653996,5.122263537072818,developed,NA,NA,NA,NA,NA,NA,NA,NA,NA,NA,1.0515609149638006,0.0028809888081200016,8.774505556707537,21.339096261638506
2050,20149,Double Crop,1803166.4492782145,180.31664492782144,0.1052191654466961,all_cult,NA,NA,NA,NA,NA,NA,NA,NA,NA,NA,1.0515609149638006,0.0028809888081200016,8.774505556707537,21.339096261638506
2050,20149,Grass/Pasture/Shrubland,1058221194.9777538,105822.11949777538,61.749790785057485,grassPastureHay,NA,NA,NA,NA,NA,NA,NA,NA,NA,NA,1.0515609149638006,0.0028809888081200016,8.774505556707537,21.339096261638506
2050,20149,Other Crops,34485813.7618199,3448.58137618199,2.012331443512244,all_cult,NA,NA,NA,NA,NA,NA,NA,NA,NA,NA,1.0515609149638006,0.0028809888081200016,8.774505556707537,21.339096261638506
2050,20149,Sorghum,5647082.09049503,564.708209049503,0.3295210295248753,all_cult,Sorghum,NA,NA,112,63247.319413544334,2582.978480224612,739.7730424197216,150.5303582043651,284.4749719088096,5,1.0515609149638006,0.0028809888081200016,8.774505556707537,21.339096261638506
2050,20149,Soybeans,153915907.33370754,15391.590733370755,8.98136903839706,all_cult,Soybeans,0.11392545848870632,51.611111111111114,56,861929.0810687622,2582.978480224612,739.7730424197216,150.5303582043651,284.4749719088096,5,1.0515609149638006,0.0028809888081200016,8.774505556707537,21.339096261638506
2050,20149,Wheat,13424373.002870617,1342.4373002870618,0.7833449455387832,all_cult,Wheat,NA,NA,89,119476.9197255485,2309.0566101074246,461.473989753858,126.85414743311968,131.8098306081805,5,1.0515609149638006,0.0028809888081200016,8.774505556707537,21.339096261638506
2050,20161,Corn,29887562.457934357,2988.756245793436,3.7374801575206362,all_cult,Corn,0.14127372152863188,12.444444444444445,250,747189.0614483589,2592.9204364013704,736.2306847132014,148.82349129525764,283.27551325226494,5,1.0428704387112122,0.0028571792841403077,8.858996816138722,21.513577529698225
2050,20161,Developed,93189704.06140432,9318.970406140432,11.653498685445852,developed,NA,NA,NA,NA,NA,NA,NA,NA,NA,NA,1.0428704387112122,0.0028571792841403077,8.858996816138722,21.513577529698225
2050,20161,Double Crop,2321662.5391971655,232.16625391971652,0.2903270443991936,all_cult,NA,NA,NA,NA,NA,NA,NA,NA,NA,NA,1.0428704387112122,0.0028571792841403077,8.858996816138722,21.513577529698225
2050,20161,Grass/Pasture/Shrubland,421935273.9416269,42193.527394162695,52.76357736882686,grassPastureHay,NA,NA,NA,NA,NA,NA,NA,NA,NA,NA,1.0428704387112122,0.0028571792841403077,8.858996816138722,21.513577529698225
2050,20161,Other Crops,10313350.483787943,1031.3350483787942,1.2896984437913022,all_cult,NA,NA,NA,NA,NA,NA,NA,NA,NA,NA,1.0428704387112122,0.0028571792841403077,8.858996816138722,21.513577529698225
2050,20161,Sorghum,8046145.345421317,804.6145345421318,1.0061813711092988,all_cult,Sorghum,NA,NA,112,90116.82786871876,2592.9204364013704,736.2306847132014,148.82349129525764,283.27551325226494,5,1.0428704387112122,0.0028571792841403077,8.858996816138722,21.513577529698225
2050,20161,Soybeans,56043067.26954317,5604.306726954317,7.008261452613234,all_cult,Soybeans,0.12420661341954765,10.38888888888889,56,313841.17670944176,2592.9204364013704,736.2306847132014,148.82349129525764,283.27551325226494,5,1.0428704387112122,0.0028571792841403077,8.858996816138722,21.513577529698225
2050,20161,Wheat,14763447.35949416,1476.3447359494162,1.8461890841841313,all_cult,Wheat,NA,NA,89,131394.68149949805,2321.965443115237,444.60759619226695,131.33592186956486,128.0688563708839,5,1.0428704387112122,0.0028571792841403077,8.858996816138722,21.513577529698225
2050,20177,Corn,132475537.80653152,13247.553780653152,9.091050553311547,all_cult,Corn,0.12030458771317423,83,250,3311888.445163288,2627.9520654296903,773.5957774275187,151.3882294454496,274.9973750136829,5,1.122942771076881,0.003076555537196934,9.387485535504089,21.36856460362267
2050,20177,Developed,255013934.0237044,25501.393402370442,17.50017100813045,developed,NA,NA,NA,NA,NA,NA,NA,NA,NA,NA,1.122942771076881,0.003076555537196934,9.387485535504089,21.36856460362267
2050,20177,Double Crop,2797246.7569815805,279.7246756981581,0.19195930130847558,all_cult,NA,NA,NA,NA,NA,NA,NA,NA,NA,NA,1.122942771076881,0.003076555537196934,9.387485535504089,21.36856460362267
2050,20177,Grass/Pasture/Shrubland,626083355.6398722,62608.33556398722,42.96457693964075,grassPastureHay,NA,NA,NA,NA,NA,NA,NA,NA,NA,NA,1.122942771076881,0.003076555537196934,9.387485535504089,21.36856460362267
2050,20177,Other Crops,33361526.081880283,3336.1526081880284,2.289413767762353,all_cult,NA,NA,NA,NA,NA,NA,NA,NA,NA,NA,1.122942771076881,0.003076555537196934,9.387485535504089,21.36856460362267
2050,20177,Sorghum,2303954.5452317544,230.39545452317543,0.15810743319134585,all_cult,Sorghum,NA,NA,112,25804.29090659565,2627.9520654296903,773.5957774275187,151.3882294454496,274.9973750136829,5,1.122942771076881,0.003076555537196934,9.387485535504089,21.36856460362267
2050,20177,Soybeans,145627766.023613,14562.7766023613,9.993613951731533,all_cult,Soybeans,0.09768281806034469,42.833333333333336,56,815515.4897322329,2627.9520654296903,773.5957774275187,151.3882294454496,274.9973750136829,5,1.122942771076881,0.003076555537196934,9.387485535504089,21.36856460362267
2050,20177,Wheat,9565647.685078032,956.5647685078033,0.656436562704971,all_cult,Wheat,NA,NA,89,85134.26439719449,2358.711768798831,486.06291324186975,129.23476638627216,142.04257242621966,5,1.122942771076881,0.003076555537196934,9.387485535504089,21.36856460362267
2050,20197,Corn,69733578.79693311,6973.357879693312,4.536852294529976,all_cult,Corn,0.14186117514330646,28.666666666666668,250,1743339.469923328,2600.8732720947296,763.5634105244192,154.28209394075947,285.99764781102067,5,1.0881178581742554,0.002981144816915768,9.054361530460746,21.377729241358114
2050,20197,Developed,54289406.85937861,5428.940685937861,3.5320576446519008,developed,NA,NA,NA,NA,NA,NA,NA,NA,NA,NA,1.0881178581742554,0.002981144816915768,9.054361530460746,21.377729241358114
2050,20197,Double Crop,1125869.9276987636,112.58699276987635,0.07324886594013556,all_cult,NA,NA,NA,NA,NA,NA,NA,NA,NA,NA,1.0881178581742554,0.002981144816915768,9.054361530460746,21.377729241358114
2050,20197,Grass/Pasture/Shrubland,1169502873.1037595,116950.28731037596,76.08761639426346,grassPastureHay,NA,NA,NA,NA,NA,NA,NA,NA,NA,NA,1.0881178581742554,0.002981144816915768,9.054361530460746,21.377729241358114
2050,20197,Other Crops,29094649.42529061,2909.464942529061,1.8928919077573607,all_cult,NA,NA,NA,NA,NA,NA,NA,NA,NA,NA,1.0881178581742554,0.002981144816915768,9.054361530460746,21.377729241358114
2050,20197,Sorghum,3287931.385599168,328.7931385599168,0.21391213972326276,all_cult,Sorghum,NA,NA,112,36824.831518710685,2600.8732720947296,763.5634105244192,154.28209394075947,285.99764781102067,5,1.0881178581742554,0.002981144816915768,9.054361530460746,21.377729241358114
2050,20197,Soybeans,83491332.16381498,8349.133216381497,5.431928899043218,all_cult,Soybeans,0.12942046457519057,22.77777777777778,56,467551.46011736384,2600.8732720947296,763.5634105244192,154.28209394075947,285.99764781102067,5,1.0881178581742554,0.002981144816915768,9.054361530460746,21.377729241358114
2050,20197,Wheat,7530280.724868099,753.02807248681,0.4899185152185996,all_cult,Wheat,NA,NA,89,67019.49845132609,2332.160002441409,463.7996545160668,130.54937375818312,135.07647329551443,5,1.0881178581742554,0.002981144816915768,9.054361530460746,21.377729241358114
2050,20209,Corn,2798441.748604609,279.8441748604609,1.0907251789658858,all_cult,Corn,NA,NA,250,69961.04371511523,2692.4563574218782,833.0396168855171,140.3826493945146,259.73190736650304,5,1.2141458137745722,0.0033264268870536228,10.145881941285875,21.241594856993817
2050,20209,Developed,144515431.86680782,14451.543186680783,56.32656829996687,developed,NA,NA,NA,NA,NA,NA,NA,NA,NA,NA,1.2141458137745722,0.0033264268870536228,10.145881941285875,21.241594856993817
2050,20209,Double Crop,152719.71803613545,15.271971803613546,0.05952428413764306,all_cult,NA,NA,NA,NA,NA,NA,NA,NA,NA,NA,1.2141458137745722,0.0033264268870536228,10.145881941285875,21.241594856993817
2050,20209,Grass/Pasture/Shrubland,41083799.11850462,4108.379911850462,16.01288794682744,grassPastureHay,NA,NA,NA,NA,NA,NA,NA,NA,NA,NA,1.2141458137745722,0.0033264268870536228,10.145881941285875,21.241594856993817
2050,20209,Other Crops,1959154.8527385148,195.91548527385146,0.7636033619211925,all_cult,NA,NA,NA,NA,NA,NA,NA,NA,NA,NA,1.2141458137745722,0.0033264268870536228,10.145881941285875,21.241594856993817
2050,20209,Sorghum,54127.80426680527,5.412780426680527,0.02109694047602745,all_cult,Sorghum,NA,NA,112,606.231407788219,2692.4563574218782,833.0396168855171,140.3826493945146,259.73190736650304,5,1.2141458137745722,0.0033264268870536228,10.145881941285875,21.241594856993817
2050,20209,Soybeans,8244134.676247953,824.4134676247953,3.213247256139296,all_cult,Soybeans,0.14562756367793683,4.75,56,46167.15418698854,2692.4563574218782,833.0396168855171,140.3826493945146,259.73190736650304,5,1.2141458137745722,0.0033264268870536228,10.145881941285875,21.241594856993817
2050,20209,Wheat,234900.57353758038,23.49005735375804,0.09155522720411169,all_cult,Wheat,NA,NA,89,2090.6151044844655,2388.5103857421905,504.39405766478416,128.9007837962131,129.74122542850915,5,1.2141458137745722,0.0033264268870536228,10.145881941285875,21.241594856993817
2051,20005,Corn,172734778.84431297,17273.477884431297,23.078910848652363,all_cult,Corn,0.10724545034749912,6.181818181818182,250,4318369.471107824,2557.3377740478545,755.1952183791387,205.2631321984857,201.0024179679069,5,0.9648922791800671,0.0026435404909042936,8.892807926543794,21.204088101321727
2051,20005,Developed,36578638.84791646,3657.863884791646,4.88723319405755,developed,NA,NA,NA,NA,NA,NA,NA,NA,NA,NA,0.9648922791800671,0.0026435404909042936,8.892807926543794,21.204088101321727
2051,20005,Double Crop,1451158.554832854,145.11585548328543,0.1938877575107932,all_cult,NA,NA,NA,NA,NA,NA,NA,NA,NA,NA,0.9648922791800671,0.0026435404909042936,8.892807926543794,21.204088101321727
2051,20005,Grass/Pasture/Shrubland,215288406.86893737,21528.840686893738,28.764456018176027,grassPastureHay,NA,NA,NA,NA,NA,NA,NA,NA,NA,NA,0.9648922791800671,0.0026435404909042936,8.892807926543794,21.204088101321727
2051,20005,Other Crops,29204979.705745928,2920.4979705745927,3.902046405912905,all_cult,NA,NA,NA,NA,NA,NA,NA,NA,NA,NA,0.9648922791800671,0.0026435404909042936,8.892807926543794,21.204088101321727
2051,20005,Sorghum,732239.3724075308,73.22393724075309,0.09783372699309156,all_cult,Sorghum,NA,NA,112,8201.080970964345,2557.3377740478545,755.1952183791387,205.2631321984857,201.0024179679069,5,0.9648922791800671,0.0026435404909042936,8.892807926543794,21.204088101321727
2051,20005,Soybeans,181600576.65296197,18160.057665296197,24.263460703620524,all_cult,Soybeans,0.07483265359624193,5,56,1016963.2292565871,2557.3377740478545,755.1952183791387,205.2631321984857,201.0024179679069,5,0.9648922791800671,0.0026435404909042936,8.892807926543794,21.204088101321727
2051,20005,Wheat,5908069.702597459,590.8069702597459,0.7893709354082403,all_cult,Wheat,NA,NA,89,52581.82035311738,2252.4765545654323,464.49081104057706,275.15205334975536,167.6736584844864,5,0.9648922791800671,0.0026435404909042936,8.892807926543794,21.204088101321727
2051,20013,Corn,113276297.82191704,11327.629782191703,25.36090350021212,all_cult,Corn,0.12646432205391206,17.5625,250,2831907.445547926,2515.575749511722,736.7831143815072,197.2691474395754,183.2648964325012,5,0.9351390625835528,0.002562024828996035,8.376549983612502,21.161057028574508
2051,20013,Developed,24170977.38782201,2417.0977387822013,5.411527714315524,developed,NA,NA,NA,NA,NA,NA,NA,NA,NA,NA,0.9351390625835528,0.002562024828996035,8.376549983612502,21.161057028574508
2051,20013,Double Crop,542048.8992527233,54.20488992527234,0.12135680712267008,all_cult,NA,NA,NA,NA,NA,NA,NA,NA,NA,NA,0.9351390625835528,0.002562024828996035,8.376549983612502,21.161057028574508
2051,20013,Grass/Pasture/Shrubland,122499833.68113159,12249.983368113159,27.425918047421547,grassPastureHay,NA,NA,NA,NA,NA,NA,NA,NA,NA,NA,0.9351390625835528,0.002562024828996035,8.376549983612502,21.161057028574508
2051,20013,Other Crops,13090232.71280689,1309.023271280689,2.9307113227404837,all_cult,NA,NA,NA,NA,NA,NA,NA,NA,NA,NA,0.9351390625835528,0.002562024828996035,8.376549983612502,21.161057028574508
2051,20013,Sorghum,333636.9508835004,33.363695088350035,0.07469642527304013,all_cult,Sorghum,NA,NA,112,3736.733849895204,2515.575749511722,736.7831143815072,197.2691474395754,183.2648964325012,5,0.9351390625835528,0.002562024828996035,8.376549983612502,21.161057028574508
2051,20013,Soybeans,123405327.24801578,12340.532724801578,27.62864479089188,all_cult,Soybeans,0.10147480973744562,10.461538461538462,56,691069.8325888884,2515.575749511722,736.7831143815072,197.2691474395754,183.2648964325012,5,0.9351390625835528,0.002562024828996035,8.376549983612502,21.161057028574508
2051,20013,Wheat,3906288.4515680084,390.6288451568008,0.8745607542714157,all_cult,Wheat,NA,NA,89,34765.96721895527,2214.389822387698,454.3346383032082,270.2587766165647,153.4953045736699,5,0.9351390625835528,0.002562024828996035,8.376549983612502,21.161057028574508
2051,20045,Corn,74392843.99321488,7439.284399321487,7.631923083362056,all_cult,Corn,0.1459526935617447,11,250,1859821.0998303718,2619.253179321292,732.3474337523137,226.34902276057997,198.51845733634008,5,0.9790300920728721,0.0026822742248571838,9.611310274307066,21.495851565844415
2051,20045,Developed,130402436.2681122,13040.24362681122,13.37791795635647,developed,NA,NA,NA,NA,NA,NA,NA,NA,NA,NA,0.9790300920728721,0.0026822742248571838,9.611310274307066,21.495851565844415
2051,20045,Double Crop,4220114.888463862,422.01148884638627,0.4329393864098648,all_cult,NA,NA,NA,NA,NA,NA,NA,NA,NA,NA,0.9790300920728721,0.0026822742248571838,9.611310274307066,21.495851565844415
2051,20045,Grass/Pasture/Shrubland,354830010.0217444,35483.00100217444,36.40182575089523,grassPastureHay,NA,NA,NA,NA,NA,NA,NA,NA,NA,NA,0.9790300920728721,0.0026822742248571838,9.611310274307066,21.495851565844415
2051,20045,Other Crops,37964614.628596716,3796.4614628596714,3.8947700233285687,all_cult,NA,NA,NA,NA,NA,NA,NA,NA,NA,NA,0.9790300920728721,0.0026822742248571838,9.611310274307066,21.495851565844415
2051,20045,Sorghum,671055.755263424,67.1055755263424,0.06884326010288025,all_cult,Sorghum,NA,NA,112,7515.824458950349,2619.253179321292,732.3474337523137,226.34902276057997,198.51845733634008,5,0.9790300920728721,0.0026822742248571838,9.611310274307066,21.495851565844415
2051,20045,Soybeans,100028766.3995359,10002.876639953589,10.261898998705805,all_cult,Soybeans,0.11420951862362651,8.5,56,560161.091837401,2619.253179321292,732.3474337523137,226.34902276057997,198.51845733634008,5,0.9790300920728721,0.0026822742248571838,9.611310274307066,21.495851565844415
2051,20045,Wheat,7085783.937909698,708.5783937909698,0.7269268802840957,all_cult,Wheat,NA,NA,89,63063.477047396314,2319.1114099121123,502.22945843611905,282.7196202960832,192.5906161620673,5,0.9790300920728721,0.0026822742248571838,9.611310274307066,21.495851565844415
2051,20061,Corn,31722102.062803604,3172.21020628036,4.044269831598419,all_cult,Corn,0.16936452361704205,12.944444444444445,250,793052.55157009,2562.741729736331,646.4804157842333,215.4190165916753,254.55443012439295,5,0.870693399278226,0.0023854613678855508,8.754651731726264,21.67251434744223
2051,20061,Developed,61171563.9285717,6117.15639285717,7.798799400437711,developed,NA,NA,NA,NA,NA,NA,NA,NA,NA,NA,0.870693399278226,0.0023854613678855508,8.754651731726264,21.67251434744223
2051,20061,Double Crop,5604030.762346523,560.4030762346523,0.7144612454318694,all_cult,NA,NA,NA,NA,NA,NA,NA,NA,NA,NA,0.870693399278226,0.0023854613678855508,8.754651731726264,21.67251434744223
2051,20061,Grass/Pasture/Shrubland,476190220.2809351,47619.02202809351,60.70977699307564,grassPastureHay,NA,NA,NA,NA,NA,NA,NA,NA,NA,NA,0.870693399278226,0.0023854613678855508,8.754651731726264,21.67251434744223
2051,20061,Other Crops,18227803.79878525,1822.7803798785249,2.323873646638379,all_cult,NA,NA,NA,NA,NA,NA,NA,NA,NA,NA,0.870693399278226,0.0023854613678855508,8.754651731726264,21.67251434744223
2051,20061,Sorghum,5491901.736070833,549.1901736070832,0.7001658485721192,all_cult,Sorghum,NA,NA,112,61509.299443993325,2562.741729736331,646.4804157842333,215.4190165916753,254.55443012439295,5,0.870693399278226,0.0023854613678855508,8.754651731726264,21.67251434744223
2051,20061,Soybeans,39491221.54782481,3949.1221547824807,5.03475953777074,all_cult,Soybeans,0.12217913528938978,7.666666666666667,56,221150.8406678189,2562.741729736331,646.4804157842333,215.4190165916753,254.55443012439295,5,0.870693399278226,0.0023854613678855508,8.754651731726264,21.67251434744223
2051,20061,Wheat,15495075.277191846,1549.5075277191845,1.9754764472362665,all_cult,Wheat,NA,NA,89,137906.16996700742,2266.874805908206,479.1488115618984,309.78134140385026,201.33294328403943,5,0.870693399278226,0.0023854613678855508,8.754651731726264,21.67251434744223
2051,20085,Corn,134933024.35661882,13493.30243566188,7.9306511901880965,all_cult,Corn,NA,NA,250,3373325.60891547,2541.551382446292,734.5881910656713,209.10045494732208,209.4683437542562,5,0.9461730903661872,0.002592255042099143,8.633751622030204,21.360629581817232
2051,20085,Developed,75618361.35140783,7561.836135140783,4.444448275810096,developed,NA,NA,NA,NA,NA,NA,NA,NA,NA,NA,0.9461730903661872,0.002592255042099143,8.633751622030204,21.360629581817232
2051,20085,Double Crop,1864792.83802623,186.479283802623,0.10960268333762817,all_cult,NA,NA,NA,NA,NA,NA,NA,NA,NA,NA,0.9461730903661872,0.002592255042099143,8.633751622030204,21.360629581817232
2051,20085,Grass/Pasture/Shrubland,941187748.5802637,94118.77485802637,55.31804963283908,grassPastureHay,NA,NA,NA,NA,NA,NA,NA,NA,NA,NA,0.9461730903661872,0.002592255042099143,8.633751622030204,21.360629581817232
2051,20085,Other Crops,98052397.627671,9805.2397627671,5.7630025537076115,all_cult,NA,NA,NA,NA,NA,NA,NA,NA,NA,NA,0.9461730903661872,0.002592255042099143,8.633751622030204,21.360629581817232
2051,20085,Sorghum,4069081.398774073,406.9081398774073,0.23915913388905596,all_cult,Sorghum,NA,NA,112,45573.71166626961,2541.551382446292,734.5881910656713,209.10045494732208,209.4683437542562,5,0.9461730903661872,0.002592255042099143,8.633751622030204,21.360629581817232
2051,20085,Soybeans,170772946.2930534,17077.29462930534,10.037132690300496,all_cult,Soybeans,NA,NA,56,956328.499241099,2541.551382446292,734.5881910656713,209.10045494732208,209.4683437542562,5,0.9461730903661872,0.002592255042099143,8.633751622030204,21.360629581817232
2051,20085,Wheat,13725583.902961861,1372.5583902961862,0.8067173980208171,all_cult,Wheat,NA,NA,89,122157.69673636057,2245.5595172119165,471.8510369985648,280.95687477774567,172.33048414153367,5,0.9461730903661872,0.002592255042099143,8.633751622030204,21.360629581817232
2051,20087,Corn,155094058.297135,15509.4058297135,10.788896738521789,all_cult,Corn,0.13078338055311117,25.77777777777778,250,3877351.457428375,2576.956027832034,752.0984539483892,216.24317207518817,205.3924089723448,5,0.9784602547314548,0.00268071302666152,9.192909846893752,21.289393293824936
2051,20087,Developed,83037617.78054704,8303.761778054704,5.7763933285619125,developed,NA,NA,NA,NA,NA,NA,NA,NA,NA,NA,0.9784602547314548,0.00268071302666152,9.192909846893752,21.289393293824936
2051,20087,Double Crop,3214015.8179615135,321.4015817961514,0.2235784217441099,all_cult,NA,NA,NA,NA,NA,NA,NA,NA,NA,NA,0.9784602547314548,0.00268071302666152,9.192909846893752,21.289393293824936
2051,20087,Grass/Pasture/Shrubland,533878677.1787268,53387.86771787268,37.138507962340775,grassPastureHay,NA,NA,NA,NA,NA,NA,NA,NA,NA,NA,0.9784602547314548,0.00268071302666152,9.192909846893752,21.289393293824936
2051,20087,Other Crops,67978226.39294052,6797.822639294052,4.728808266891807,all_cult,NA,NA,NA,NA,NA,NA,NA,NA,NA,NA,0.9784602547314548,0.00268071302666152,9.192909846893752,21.289393293824936
2051,20087,Sorghum,2078940.1655916602,207.89401655916603,0.1446185045281528,all_cult,Sorghum,NA,NA,112,23284.129854626597,2576.956027832034,752.0984539483892,216.24317207518817,205.3924089723448,5,0.9784602547314548,0.00268071302666152,9.192909846893752,21.289393293824936
2051,20087,Soybeans,173639107.61438552,17363.91076143855,12.078956617613274,all_cult,Soybeans,0.09985991575255485,13.833333333333334,56,972379.0026405589,2576.956027832034,752.0984539483892,216.24317207518817,205.3924089723448,5,0.9784602547314548,0.00268071302666152,9.192909846893752,21.289393293824936
2051,20087,Wheat,7377427.0278590415,737.7427027859042,0.5132001784817648,all_cult,Wheat,NA,NA,89,65659.10054794548,2280.2682092285186,483.25475770444547,279.69659945054406,176.91970768706673,5,0.9784602547314548,0.00268071302666152,9.192909846893752,21.289393293824936
2051,20091,Corn,20137063.169311535,2013.7063169311532,3.334881975218613,all_cult,Corn,0.14955141172933145,4,250,503426.5792327883,2628.454183959964,744.387372275431,224.03887668641815,196.60316915589655,5,1.0040361046158934,0.0027507838482627215,9.83976794099157,21.36874693988123
2051,20091,Developed,271607528.4848879,27160.752848488788,44.98069273866694,developed,NA,NA,NA,NA,NA,NA,NA,NA,NA,NA,1.0040361046158934,0.0027507838482627215,9.83976794099157,21.36874693988123
2051,20091,Double Crop,2013905.6882216034,201.39056882216036,0.3335212152324038,all_cult,NA,NA,NA,NA,NA,NA,NA,NA,NA,NA,1.0040361046158934,0.0027507838482627215,9.83976794099157,21.36874693988123
2051,20091,Grass/Pasture/Shrubland,139667491.4795437,13966.749147954368,23.130214964462166,grassPastureHay,NA,NA,NA,NA,NA,NA,NA,NA,NA,NA,1.0040361046158934,0.0027507838482627215,9.83976794099157,21.36874693988123
2051,20091,Other Crops,14581458.923742233,1458.1458923742232,2.4148230617504245,all_cult,NA,NA,NA,NA,NA,NA,NA,NA,NA,NA,1.0040361046158934,0.0027507838482627215,9.83976794099157,21.36874693988123
2051,20091,Sorghum,265245.84730308503,26.524584730308504,0.043927140106542625,all_cult,Sorghum,NA,NA,112,2970.7534897945525,2628.454183959964,744.387372275431,224.03887668641815,196.60316915589655,5,1.0040361046158934,0.0027507838482627215,9.83976794099157,21.36874693988123
2051,20091,Soybeans,40506888.73460731,4050.688873460731,6.708311533684595,all_cult,Soybeans,NA,NA,56,226838.57691380093,2628.454183959964,744.387372275431,224.03887668641815,196.60316915589655,5,1.0040361046158934,0.0027507838482627215,9.83976794099157,21.36874693988123
2051,20091,Wheat,3047090.5931461067,304.70905931461067,0.5046260922212007,all_cult,Wheat,NA,NA,89,27119.10627900035,2326.5741912841822,502.9329147172403,279.1038891177711,210.85301932841253,5,1.0040361046158934,0.0027507838482627215,9.83976794099157,21.36874693988123
2051,20103,Corn,55676654.53817842,5567.665453817842,6.162232243462533,all_cult,Corn,0.09926099891867379,4.75,250,1391916.3634544604,2607.9354956054717,746.6635182598939,217.1677802582261,190.26118089973255,5,0.9842413295777811,0.0026965515878843316,9.5232024979265,21.361199633454646
2051,20103,Developed,66222526.18511143,6622.252618511144,7.329437975150055,developed,NA,NA,NA,NA,NA,NA,NA,NA,NA,NA,0.9842413295777811,0.0026965515878843316,9.5232024979265,21.361199633454646
2051,20103,Double Crop,2239300.7972116056,223.93007972116058,0.2478434038440015,all_cult,NA,NA,NA,NA,NA,NA,NA,NA,NA,NA,0.9842413295777811,0.0026965515878843316,9.5232024979265,21.361199633454646
2051,20103,Grass/Pasture/Shrubland,361083573.13099504,36108.3573130995,39.96434152498699,grassPastureHay,NA,NA,NA,NA,NA,NA,NA,NA,NA,NA,0.9842413295777811,0.0026965515878843316,9.5232024979265,21.361199633454646
2051,20103,Other Crops,54377617.6404599,5437.76176404599,6.018456236750789,all_cult,NA,NA,NA,NA,NA,NA,NA,NA,NA,NA,0.9842413295777811,0.0026965515878843316,9.5232024979265,21.361199633454646
2051,20103,Sorghum,567901.3203360821,56.79013203360822,0.06285470735100035,all_cult,Sorghum,NA,NA,112,6360.494787764121,2607.9354956054717,746.6635182598939,217.1677802582261,190.26118089973255,5,0.9842413295777811,0.0026965515878843316,9.5232024979265,21.361199633454646
2051,20103,Soybeans,101039226.18326606,10103.922618326606,11.18291288522158,all_cult,Soybeans,0.11410095968932568,4.571428571428571,56,565819.66662629,2607.9354956054717,746.6635182598939,217.1677802582261,190.26118089973255,5,0.9842413295777811,0.0026965515878843316,9.5232024979265,21.361199633454646
2051,20103,Wheat,4817340.8524583215,481.7340852458321,0.5331781044497215,all_cult,Wheat,NA,NA,89,42874.33358687905,2305.4692614746123,479.71202228147104,276.1233766585798,177.62087649690113,5,0.9842413295777811,0.0026965515878843316,9.5232024979265,21.361199633454646
2051,20117,Corn,1797933.5665907045,179.79335665907044,8.787790125047634,all_cult,Corn,0.16261062771687598,15.722222222222221,250,44948.33916476761,2489.8094842529326,709.746643561652,206.81494639173096,196.25719607096332,5,0.9044160167917753,0.0024778521007993845,8.153164330051393,21.029038353488893
2051,20117,Developed,709093.4285035765,70.90934285035766,3.465847873654197,developed,NA,NA,NA,NA,NA,NA,NA,NA,NA,NA,0.9044160167917753,0.0024778521007993845,8.153164330051393,21.029038353488893
2051,20117,Double Crop,17005.082052877187,1.700508205287719,0.08311602548433755,all_cult,NA,NA,NA,NA,NA,NA,NA,NA,NA,NA,0.9044160167917753,0.0024778521007993845,8.153164330051393,21.029038353488893
2051,20117,Grass/Pasture/Shrubland,13608757.209524421,1360.8757209524422,66.51575143947134,grassPastureHay,NA,NA,NA,NA,NA,NA,NA,NA,NA,NA,0.9044160167917753,0.0024778521007993845,8.153164330051393,21.029038353488893
2051,20117,Other Crops,368569.7378671669,36.856973786716694,1.801464505144208,all_cult,NA,NA,NA,NA,NA,NA,NA,NA,NA,NA,0.9044160167917753,0.0024778521007993845,8.153164330051393,21.029038353488893
2051,20117,Sorghum,113210.96189225193,11.321096189225193,0.5533431220433721,all_cult,Sorghum,NA,NA,112,1267.9627731932217,2489.8094842529326,709.746643561652,206.81494639173096,196.25719607096332,5,0.9044160167917753,0.0024778521007993845,8.153164330051393,21.029038353488893
2051,20117,Soybeans,2250086.8872694396,225.00868872694397,10.99778751332857,all_cult,Soybeans,0.12228514283699721,8.25,56,12600.486568708862,2489.8094842529326,709.746643561652,206.81494639173096,196.25719607096332,5,0.9044160167917753,0.0024778521007993845,8.153164330051393,21.029038353488893
2051,20117,Wheat,234744.84118524572,23.474484118524572,1.1473663074132867,all_cult,Wheat,NA,NA,89,2089.229086548687,2192.3834277343776,453.8731668598527,283.701739329003,165.34040093663438,5,0.9044160167917753,0.0024778521007993845,8.153164330051393,21.029038353488893
2051,20127,Corn,10941387.892613748,1094.1387892613748,4.064821675495574,all_cult,Corn,NA,NA,250,273534.6973153437,2564.427658081058,627.9030044654168,221.8253781115705,255.42135080983985,5,0.8582201223657349,0.0023512880064814655,8.804218415560811,21.673653263457858
2051,20127,Developed,12128694.282144045,1212.8694282144045,4.50591642462472,developed,NA,NA,NA,NA,NA,NA,NA,NA,NA,NA,0.8582201223657349,0.0023512880064814655,8.804218415560811,21.673653263457858
2051,20127,Double Crop,4499199.088895911,449.9199088895911,1.671491967784096,all_cult,NA,NA,NA,NA,NA,NA,NA,NA,NA,NA,0.8582201223657349,0.0023512880064814655,8.804218415560811,21.673653263457858
2051,20127,Grass/Pasture/Shrubland,158101691.18434784,15810.169118434784,58.73616652348874,grassPastureHay,NA,NA,NA,NA,NA,NA,NA,NA,NA,NA,0.8582201223657349,0.0023512880064814655,8.804218415560811,21.673653263457858
2051,20127,Other Crops,10981377.128665583,1098.1377128665583,4.079678027823576,all_cult,NA,NA,NA,NA,NA,NA,NA,NA,NA,NA,0.8582201223657349,0.0023512880064814655,8.804218415560811,21.673653263457858
2051,20127,Sorghum,7272388.587591114,727.2388587591115,2.701756217181813,all_cult,Sorghum,NA,NA,112,81450.75218102049,2564.427658081058,627.9030044654168,221.8253781115705,255.42135080983985,5,0.8582201223657349,0.0023512880064814655,8.804218415560811,21.673653263457858
2051,20127,Soybeans,28686301.015498407,2868.6301015498407,10.657212713965244,all_cult,Soybeans,0.11686486262093489,4,56,160643.2856867911,2564.427658081058,627.9030044654168,221.8253781115705,255.42135080983985,5,0.8582201223657349,0.0023512880064814655,8.804218415560811,21.673653263457858
2051,20127,Wheat,20934850.636842933,2093.485063684293,7.777480834890052,all_cult,Wheat,NA,NA,89,186320.17066790207,2271.714321289065,491.98396838461366,315.956255792695,201.834559865799,5,0.8582201223657349,0.0023512880064814655,8.804218415560811,21.673653263457858
2051,20131,Corn,124792211.963085,12479.2211963085,16.444051346315263,all_cult,Corn,0.12528513936677563,9.454545454545455,250,3119805.299077125,2485.7371423339873,716.7114576861441,201.83071018356245,187.75047819031624,5,0.9083454233696571,0.002488617598273033,8.150702313984933,20.95732763002999
2051,20131,Developed,34827921.40223819,3482.792140223819,4.589325878711502,developed,NA,NA,NA,NA,NA,NA,NA,NA,NA,NA,0.9083454233696571,0.002488617598273033,8.150702313984933,20.95732763002999
2051,20131,Double Crop,1288597.7379512293,128.85977379512295,0.1698003988733199,all_cult,NA,NA,NA,NA,NA,NA,NA,NA,NA,NA,0.9083454233696571,0.002488617598273033,8.150702313984933,20.95732763002999
2051,20131,Grass/Pasture/Shrubland,328086582.4549448,32808.65824549448,43.232446344665604,grassPastureHay,NA,NA,NA,NA,NA,NA,NA,NA,NA,NA,0.9083454233696571,0.002488617598273033,8.150702313984933,20.95732763002999
2051,20131,Other Crops,27101730.321978156,2710.1730321978157,3.5712344382550913,all_cult,NA,NA,NA,NA,NA,NA,NA,NA,NA,NA,0.9083454233696571,0.002488617598273033,8.150702313984933,20.95732763002999
2051,20131,Sorghum,2055671.3741418559,205.5671374141856,0.2708788080264065,all_cult,Sorghum,NA,NA,112,23023.519390388785,2485.7371423339873,716.7114576861441,201.83071018356245,187.75047819031624,5,0.9083454233696571,0.002488617598273033,8.150702313984933,20.95732763002999
2051,20131,Soybeans,136674912.54505298,13667.491254505298,18.00985209164201,all_cult,Soybeans,0.1067341402930363,5.142857142857143,56,765379.5102522967,2485.7371423339873,716.7114576861441,201.83071018356245,187.75047819031624,5,0.9083454233696571,0.002488617598273033,8.150702313984933,20.95732763002999
2051,20131,Wheat,9588450.555545796,958.8450555545795,1.2634840811511674,all_cult,Wheat,NA,NA,89,85337.20994435757,2185.729633178714,446.6740140531324,272.3240091978012,156.6446641301876,5,0.9083454233696571,0.002488617598273033,8.150702313984933,20.95732763002999
2051,20139,Corn,20890964.22588984,2089.096422588984,9.4988079569725965,all_cult,Corn,NA,NA,250,522274.10564724595,2587.0122760009795,718.1294763741089,229.94677125032356,220.39365351738425,5,0.9660476289622292,0.0026467058327732306,9.213236819750666,21.458614819670398
2051,20139,Developed,11858545.489950646,1185.8545489950645,5.391902692479325,developed,NA,NA,NA,NA,NA,NA,NA,NA,NA,NA,0.9660476289622292,0.0026467058327732306,9.213236819750666,21.458614819670398
2051,20139,Double Crop,1849135.1156913848,184.91351156913848,0.8407739901578724,all_cult,NA,NA,NA,NA,NA,NA,NA,NA,NA,NA,0.9660476289622292,0.0026467058327732306,9.213236819750666,21.458614819670398
2051,20139,Grass/Pasture/Shrubland,108139234.26990536,10813.923426990536,49.1692871538651,grassPastureHay,NA,NA,NA,NA,NA,NA,NA,NA,NA,NA,0.9660476289622292,0.0026467058327732306,9.213236819750666,21.458614819670398
2051,20139,Other Crops,6302951.103083336,630.2951103083336,2.86585728849129,all_cult,NA,NA,NA,NA,NA,NA,NA,NA,NA,NA,0.9660476289622292,0.0026467058327732306,9.213236819750666,21.458614819670398
2051,20139,Sorghum,252758.48461129973,25.27584846112997,0.11492549021948671,all_cult,Sorghum,NA,NA,112,2830.8950276465566,2587.0122760009795,718.1294763741089,229.94677125032356,220.39365351738425,5,0.9660476289622292,0.0026467058327732306,9.213236819750666,21.458614819670398
2051,20139,Soybeans,28064514.38751116,2806.4514387511163,12.76051357372463,all_cult,Soybeans,NA,NA,56,157161.28057006252,2587.0122760009795,718.1294763741089,229.94677125032356,220.39365351738425,5,0.9660476289622292,0.0026467058327732306,9.213236819750666,21.458614819670398
2051,20139,Wheat,1738320.944623076,173.8320944623076,0.7903884493801757,all_cult,Wheat,NA,NA,89,15471.056407145375,2292.539447021487,514.88566649259,291.5283880635284,204.6662723111358,5,0.9660476289622292,0.0026467058327732306,9.213236819750666,21.458614819670398
2051,20149,Corn,136791901.8519852,13679.190185198519,7.982141503627487,all_cult,Corn,0.1326174661314905,62.44444444444444,250,3419797.54629963,2542.775627441409,698.7737597574214,211.40141375687335,213.70472940158,5,0.9012334844497794,0.0024691328341089843,8.548854378478191,21.48331178430011
2051,20149,Developed,87781477.02653997,8778.147702653996,5.122263537072818,developed,NA,NA,NA,NA,NA,NA,NA,NA,NA,NA,0.9012334844497794,0.0024691328341089843,8.548854378478191,21.48331178430011
2051,20149,Double Crop,1803166.4492782145,180.31664492782144,0.1052191654466961,all_cult,NA,NA,NA,NA,NA,NA,NA,NA,NA,NA,0.9012334844497794,0.0024691328341089843,8.548854378478191,21.48331178430011
2051,20149,Grass/Pasture/Shrubland,1058221194.9777538,105822.11949777538,61.749790785057485,grassPastureHay,NA,NA,NA,NA,NA,NA,NA,NA,NA,NA,0.9012334844497794,0.0024691328341089843,8.548854378478191,21.48331178430011
2051,20149,Other Crops,34485813.7618199,3448.58137618199,2.012331443512244,all_cult,NA,NA,NA,NA,NA,NA,NA,NA,NA,NA,0.9012334844497794,0.0024691328341089843,8.548854378478191,21.48331178430011
2051,20149,Sorghum,5647082.09049503,564.708209049503,0.3295210295248753,all_cult,Sorghum,NA,NA,112,63247.319413544334,2542.775627441409,698.7737597574214,211.40141375687335,213.70472940158,5,0.9012334844497794,0.0024691328341089843,8.548854378478191,21.48331178430011
2051,20149,Soybeans,153915907.33370754,15391.590733370755,8.98136903839706,all_cult,Soybeans,0.11392545848870632,51.611111111111114,56,861929.0810687622,2542.775627441409,698.7737597574214,211.40141375687335,213.70472940158,5,0.9012334844497794,0.0024691328341089843,8.548854378478191,21.48331178430011
2051,20149,Wheat,13424373.002870617,1342.4373002870618,0.7833449455387832,all_cult,Wheat,NA,NA,89,119476.9197255485,2245.7758728027375,461.5767469372143,293.15622930342954,174.14883835740136,5,0.9012334844497794,0.0024691328341089843,8.548854378478191,21.48331178430011
2051,20161,Corn,29887562.457934357,2988.756245793436,3.7374801575206362,all_cult,Corn,0.14127372152863188,12.444444444444445,250,747189.0614483589,2558.5630322265656,659.4753133007554,210.4974155255512,231.4602411973365,5,0.8729561346848146,0.002391660642972095,8.628585213439129,21.70806715873825
2051,20161,Developed,93189704.06140432,9318.970406140432,11.653498685445852,developed,NA,NA,NA,NA,NA,NA,NA,NA,NA,NA,0.8729561346848146,0.002391660642972095,8.628585213439129,21.70806715873825
2051,20161,Double Crop,2321662.5391971655,232.16625391971652,0.2903270443991936,all_cult,NA,NA,NA,NA,NA,NA,NA,NA,NA,NA,0.8729561346848146,0.002391660642972095,8.628585213439129,21.70806715873825
2051,20161,Grass/Pasture/Shrubland,421935273.9416269,42193.527394162695,52.76357736882686,grassPastureHay,NA,NA,NA,NA,NA,NA,NA,NA,NA,NA,0.8729561346848146,0.002391660642972095,8.628585213439129,21.70806715873825
2051,20161,Other Crops,10313350.483787943,1031.3350483787942,1.2896984437913022,all_cult,NA,NA,NA,NA,NA,NA,NA,NA,NA,NA,0.8729561346848146,0.002391660642972095,8.628585213439129,21.70806715873825
2051,20161,Sorghum,8046145.345421317,804.6145345421318,1.0061813711092988,all_cult,Sorghum,NA,NA,112,90116.82786871876,2558.5630322265656,659.4753133007554,210.4974155255512,231.4602411973365,5,0.8729561346848146,0.002391660642972095,8.628585213439129,21.70806715873825
2051,20161,Soybeans,56043067.26954317,5604.306726954317,7.008261452613234,all_cult,Soybeans,0.12420661341954765,10.38888888888889,56,313841.17670944176,2558.5630322265656,659.4753133007554,210.4974155255512,231.4602411973365,5,0.8729561346848146,0.002391660642972095,8.628585213439129,21.70806715873825
2051,20161,Wheat,14763447.35949416,1476.3447359494162,1.8461890841841313,all_cult,Wheat,NA,NA,89,131394.68149949805,2261.294586791995,464.82551316366465,306.66706276159397,188.4801825075858,5,0.8729561346848146,0.002391660642972095,8.628585213439129,21.70806715873825
2051,20177,Corn,132475537.80653152,13247.553780653152,9.091050553311547,all_cult,Corn,0.12030458771317423,83,250,3311888.445163288,2584.376677856448,720.9293406280441,223.45262205386325,221.66415950908183,5,0.9482557628497313,0.0025979609941088532,9.14427563811004,21.459969716529347
2051,20177,Developed,255013934.0237044,25501.393402370442,17.50017100813045,developed,NA,NA,NA,NA,NA,NA,NA,NA,NA,NA,0.9482557628497313,0.0025979609941088532,9.14427563811004,21.459969716529347
2051,20177,Double Crop,2797246.7569815805,279.7246756981581,0.19195930130847558,all_cult,NA,NA,NA,NA,NA,NA,NA,NA,NA,NA,0.9482557628497313,0.0025979609941088532,9.14427563811004,21.459969716529347
2051,20177,Grass/Pasture/Shrubland,626083355.6398722,62608.33556398722,42.96457693964075,grassPastureHay,NA,NA,NA,NA,NA,NA,NA,NA,NA,NA,0.9482557628497313,0.0025979609941088532,9.14427563811004,21.459969716529347
2051,20177,Other Crops,33361526.081880283,3336.1526081880284,2.289413767762353,all_cult,NA,NA,NA,NA,NA,NA,NA,NA,NA,NA,0.9482557628497313,0.0025979609941088532,9.14427563811004,21.459969716529347
2051,20177,Sorghum,2303954.5452317544,230.39545452317543,0.15810743319134585,all_cult,Sorghum,NA,NA,112,25804.29090659565,2584.376677856448,720.9293406280441,223.45262205386325,221.66415950908183,5,0.9482557628497313,0.0025979609941088532,9.14427563811004,21.459969716529347
2051,20177,Soybeans,145627766.023613,14562.7766023613,9.993613951731533,all_cult,Soybeans,0.09768281806034469,42.833333333333336,56,815515.4897322329,2584.376677856448,720.9293406280441,223.45262205386325,221.66415950908183,5,0.9482557628497313,0.0025979609941088532,9.14427563811004,21.459969716529347
2051,20177,Wheat,9565647.685078032,956.5647685078033,0.656436562704971,all_cult,Wheat,NA,NA,89,85134.26439719449,2288.356054077151,493.6976489243256,289.20682524559584,189.6794695589495,5,0.9482557628497313,0.0025979609941088532,9.14427563811004,21.459969716529347
2051,20197,Corn,69733578.79693311,6973.357879693312,4.536852294529976,all_cult,Corn,0.14186117514330646,28.666666666666668,250,1743339.469923328,2562.616559448245,678.3225630667253,224.07096797268605,243.16216575516827,5,0.8955895669585094,0.0024536700464616694,8.811684545229582,21.52836205051372
2051,20197,Developed,54289406.85937861,5428.940685937861,3.5320576446519008,developed,NA,NA,NA,NA,NA,NA,NA,NA,NA,NA,0.8955895669585094,0.0024536700464616694,8.811684545229582,21.52836205051372
2051,20197,Double Crop,1125869.9276987636,112.58699276987635,0.07324886594013556,all_cult,NA,NA,NA,NA,NA,NA,NA,NA,NA,NA,0.8955895669585094,0.0024536700464616694,8.811684545229582,21.52836205051372
2051,20197,Grass/Pasture/Shrubland,1169502873.1037595,116950.28731037596,76.08761639426346,grassPastureHay,NA,NA,NA,NA,NA,NA,NA,NA,NA,NA,0.8955895669585094,0.0024536700464616694,8.811684545229582,21.52836205051372
2051,20197,Other Crops,29094649.42529061,2909.464942529061,1.8928919077573607,all_cult,NA,NA,NA,NA,NA,NA,NA,NA,NA,NA,0.8955895669585094,0.0024536700464616694,8.811684545229582,21.52836205051372
2051,20197,Sorghum,3287931.385599168,328.7931385599168,0.21391213972326276,all_cult,Sorghum,NA,NA,112,36824.831518710685,2562.616559448245,678.3225630667253,224.07096797268605,243.16216575516827,5,0.8955895669585094,0.0024536700464616694,8.811684545229582,21.52836205051372
2051,20197,Soybeans,83491332.16381498,8349.133216381497,5.431928899043218,all_cult,Soybeans,0.12942046457519057,22.77777777777778,56,467551.46011736384,2562.616559448245,678.3225630667253,224.07096797268605,243.16216575516827,5,0.8955895669585094,0.0024536700464616694,8.811684545229582,21.52836205051372
2051,20197,Wheat,7530280.724868099,753.02807248681,0.4899185152185996,all_cult,Wheat,NA,NA,89,67019.49845132609,2265.774798583987,477.8483960558192,299.1583851996057,196.69103317155117,5,0.8955895669585094,0.0024536700464616694,8.811684545229582,21.52836205051372
2051,20209,Corn,2798441.748604609,279.8441748604609,1.0907251789658858,all_cult,Corn,NA,NA,250,69961.04371511523,2635.8638659668,744.1325841799716,218.55058013568228,184.41849519332456,5,0.9832014567574611,0.0026937026212533175,9.9029166192878,21.240437714041118
2051,20209,Developed,144515431.86680782,14451.543186680783,56.32656829996687,developed,NA,NA,NA,NA,NA,NA,NA,NA,NA,NA,0.9832014567574611,0.0026937026212533175,9.9029166192878,21.240437714041118
2051,20209,Double Crop,152719.71803613545,15.271971803613546,0.05952428413764306,all_cult,NA,NA,NA,NA,NA,NA,NA,NA,NA,NA,0.9832014567574611,0.0026937026212533175,9.9029166192878,21.240437714041118
2051,20209,Grass/Pasture/Shrubland,41083799.11850462,4108.379911850462,16.01288794682744,grassPastureHay,NA,NA,NA,NA,NA,NA,NA,NA,NA,NA,0.9832014567574611,0.0026937026212533175,9.9029166192878,21.240437714041118
2051,20209,Other Crops,1959154.8527385148,195.91548527385146,0.7636033619211925,all_cult,NA,NA,NA,NA,NA,NA,NA,NA,NA,NA,0.9832014567574611,0.0026937026212533175,9.9029166192878,21.240437714041118
2051,20209,Sorghum,54127.80426680527,5.412780426680527,0.02109694047602745,all_cult,Sorghum,NA,NA,112,606.231407788219,2635.8638659668,744.1325841799716,218.55058013568228,184.41849519332456,5,0.9832014567574611,0.0026937026212533175,9.9029166192878,21.240437714041118
2051,20209,Soybeans,8244134.676247953,824.4134676247953,3.213247256139296,all_cult,Soybeans,0.14562756367793683,4.75,56,46167.15418698854,2635.8638659668,744.1325841799716,218.55058013568228,184.41849519332456,5,0.9832014567574611,0.0026937026212533175,9.9029166192878,21.240437714041118
2051,20209,Wheat,234900.57353758038,23.49005735375804,0.09155522720411169,all_cult,Wheat,NA,NA,89,2090.6151044844655,2317.790118408206,476.0125261096831,276.80382964511693,184.3224638437877,5,0.9832014567574611,0.0026937026212533175,9.9029166192878,21.240437714041118
2052,20005,Corn,172734778.84431297,17273.477884431297,23.078910848652363,all_cult,Corn,0.10724545034749912,6.181818181818182,250,4318369.471107824,2518.849906616214,659.6076156171162,151.57919929449702,181.1089210623484,5,0.8248793530991362,0.00225376872431458,9.049738841239243,21.67208258623636
2052,20005,Developed,36578638.84791646,3657.863884791646,4.88723319405755,developed,NA,NA,NA,NA,NA,NA,NA,NA,NA,NA,0.8248793530991362,0.00225376872431458,9.049738841239243,21.67208258623636
2052,20005,Double Crop,1451158.554832854,145.11585548328543,0.1938877575107932,all_cult,NA,NA,NA,NA,NA,NA,NA,NA,NA,NA,0.8248793530991362,0.00225376872431458,9.049738841239243,21.67208258623636
2052,20005,Grass/Pasture/Shrubland,215288406.86893737,21528.840686893738,28.764456018176027,grassPastureHay,NA,NA,NA,NA,NA,NA,NA,NA,NA,NA,0.8248793530991362,0.00225376872431458,9.049738841239243,21.67208258623636
2052,20005,Other Crops,29204979.705745928,2920.4979705745927,3.902046405912905,all_cult,NA,NA,NA,NA,NA,NA,NA,NA,NA,NA,0.8248793530991362,0.00225376872431458,9.049738841239243,21.67208258623636
2052,20005,Sorghum,732239.3724075308,73.22393724075309,0.09783372699309156,all_cult,Sorghum,NA,NA,112,8201.080970964345,2518.849906616214,659.6076156171162,151.57919929449702,181.1089210623484,5,0.8248793530991362,0.00225376872431458,9.049738841239243,21.67208258623636
2052,20005,Soybeans,181600576.65296197,18160.057665296197,24.263460703620524,all_cult,Soybeans,0.07483265359624193,5,56,1016963.2292565871,2518.849906616214,659.6076156171162,151.57919929449702,181.1089210623484,5,0.8248793530991362,0.00225376872431458,9.049738841239243,21.67208258623636
2052,20005,Wheat,5908069.702597459,590.8069702597459,0.7893709354082403,all_cult,Wheat,NA,NA,89,52581.82035311738,2379.72297546387,471.05155468706454,123.2076282860934,189.89761955991963,5,0.8248793530991362,0.00225376872431458,9.049738841239243,21.67208258623636
2052,20013,Corn,113276297.82191704,11327.629782191703,25.36090350021212,all_cult,Corn,0.12646432205391206,17.5625,250,2831907.445547926,2482.512775268558,631.146992453555,149.14884610951373,175.28470766915729,5,0.7928954278693641,0.0021663809504627435,8.53271382649742,21.657663630918098
2052,20013,Developed,24170977.38782201,2417.0977387822013,5.411527714315524,developed,NA,NA,NA,NA,NA,NA,NA,NA,NA,NA,0.7928954278693641,0.0021663809504627435,8.53271382649742,21.657663630918098
2052,20013,Double Crop,542048.8992527233,54.20488992527234,0.12135680712267008,all_cult,NA,NA,NA,NA,NA,NA,NA,NA,NA,NA,0.7928954278693641,0.0021663809504627435,8.53271382649742,21.657663630918098
2052,20013,Grass/Pasture/Shrubland,122499833.68113159,12249.983368113159,27.425918047421547,grassPastureHay,NA,NA,NA,NA,NA,NA,NA,NA,NA,NA,0.7928954278693641,0.0021663809504627435,8.53271382649742,21.657663630918098
2052,20013,Other Crops,13090232.71280689,1309.023271280689,2.9307113227404837,all_cult,NA,NA,NA,NA,NA,NA,NA,NA,NA,NA,0.7928954278693641,0.0021663809504627435,8.53271382649742,21.657663630918098
2052,20013,Sorghum,333636.9508835004,33.363695088350035,0.07469642527304013,all_cult,Sorghum,NA,NA,112,3736.733849895204,2482.512775268558,631.146992453555,149.14884610951373,175.28470766915729,5,0.7928954278693641,0.0021663809504627435,8.53271382649742,21.657663630918098
2052,20013,Soybeans,123405327.24801578,12340.532724801578,27.62864479089188,all_cult,Soybeans,0.10147480973744562,10.461538461538462,56,691069.8325888884,2482.512775268558,631.146992453555,149.14884610951373,175.28470766915729,5,0.7928954278693641,0.0021663809504627435,8.53271382649742,21.657663630918098
2052,20013,Wheat,3906288.4515680084,390.6288451568008,0.8745607542714157,all_cult,Wheat,NA,NA,89,34765.96721895527,2342.1321643066435,444.5620788463516,121.62500383691744,174.0458377156252,5,0.7928954278693641,0.0021663809504627435,8.53271382649742,21.657663630918098
2052,20045,Corn,74392843.99321488,7439.284399321487,7.631923083362056,all_cult,Corn,0.1459526935617447,11,250,1859821.0998303718,2581.1673211669954,691.2402513722484,155.6336239957644,194.57478557094,5,0.8700899945521388,0.0023772950670823464,9.782046892343345,21.922070762759372
2052,20045,Developed,130402436.2681122,13040.24362681122,13.37791795635647,developed,NA,NA,NA,NA,NA,NA,NA,NA,NA,NA,0.8700899945521388,0.0023772950670823464,9.782046892343345,21.922070762759372
2052,20045,Double Crop,4220114.888463862,422.01148884638627,0.4329393864098648,all_cult,NA,NA,NA,NA,NA,NA,NA,NA,NA,NA,0.8700899945521388,0.0023772950670823464,9.782046892343345,21.922070762759372
2052,20045,Grass/Pasture/Shrubland,354830010.0217444,35483.00100217444,36.40182575089523,grassPastureHay,NA,NA,NA,NA,NA,NA,NA,NA,NA,NA,0.8700899945521388,0.0023772950670823464,9.782046892343345,21.922070762759372
2052,20045,Other Crops,37964614.628596716,3796.4614628596714,3.8947700233285687,all_cult,NA,NA,NA,NA,NA,NA,NA,NA,NA,NA,0.8700899945521388,0.0023772950670823464,9.782046892343345,21.922070762759372
2052,20045,Sorghum,671055.755263424,67.1055755263424,0.06884326010288025,all_cult,Sorghum,NA,NA,112,7515.824458950349,2581.1673211669954,691.2402513722484,155.6336239957644,194.57478557094,5,0.8700899945521388,0.0023772950670823464,9.782046892343345,21.922070762759372
2052,20045,Soybeans,100028766.3995359,10002.876639953589,10.261898998705805,all_cult,Soybeans,0.11420951862362651,8.5,56,560161.091837401,2581.1673211669954,691.2402513722484,155.6336239957644,194.57478557094,5,0.8700899945521388,0.0023772950670823464,9.782046892343345,21.922070762759372
2052,20045,Wheat,7085783.937909698,708.5783937909698,0.7269268802840957,all_cult,Wheat,NA,NA,89,63063.477047396314,2445.9051446533235,505.0277586987173,128.04185786960133,199.7433360763821,5,0.8700899945521388,0.0023772950670823464,9.782046892343345,21.922070762759372
2052,20061,Corn,31722102.062803604,3172.21020628036,4.044269831598419,all_cult,Corn,0.16936452361704205,12.944444444444445,250,793052.55157009,2526.6975408935577,618.2746535719294,139.33639076615958,166.27559142696256,5,0.7542301241731331,0.002060738044188888,8.963205297918291,22.227436570131086
2052,20061,Developed,61171563.9285717,6117.15639285717,7.798799400437711,developed,NA,NA,NA,NA,NA,NA,NA,NA,NA,NA,0.7542301241731331,0.002060738044188888,8.963205297918291,22.227436570131086
2052,20061,Double Crop,5604030.762346523,560.4030762346523,0.7144612454318694,all_cult,NA,NA,NA,NA,NA,NA,NA,NA,NA,NA,0.7542301241731331,0.002060738044188888,8.963205297918291,22.227436570131086
2052,20061,Grass/Pasture/Shrubland,476190220.2809351,47619.02202809351,60.70977699307564,grassPastureHay,NA,NA,NA,NA,NA,NA,NA,NA,NA,NA,0.7542301241731331,0.002060738044188888,8.963205297918291,22.227436570131086
2052,20061,Other Crops,18227803.79878525,1822.7803798785249,2.323873646638379,all_cult,NA,NA,NA,NA,NA,NA,NA,NA,NA,NA,0.7542301241731331,0.002060738044188888,8.963205297918291,22.227436570131086
2052,20061,Sorghum,5491901.736070833,549.1901736070832,0.7001658485721192,all_cult,Sorghum,NA,NA,112,61509.299443993325,2526.6975408935577,618.2746535719294,139.33639076615958,166.27559142696256,5,0.7542301241731331,0.002060738044188888,8.963205297918291,22.227436570131086
2052,20061,Soybeans,39491221.54782481,3949.1221547824807,5.03475953777074,all_cult,Soybeans,0.12217913528938978,7.666666666666667,56,221150.8406678189,2526.6975408935577,618.2746535719294,139.33639076615958,166.27559142696256,5,0.7542301241731331,0.002060738044188888,8.963205297918291,22.227436570131086
2052,20061,Wheat,15495075.277191846,1549.5075277191845,1.9754764472362665,all_cult,Wheat,NA,NA,89,137906.16996700742,2405.306754760745,425.2431285444459,120.28960533914892,153.44330007302872,5,0.7542301241731331,0.002060738044188888,8.963205297918291,22.227436570131086
2052,20085,Corn,134933024.35661882,13493.30243566188,7.9306511901880965,all_cult,Corn,NA,NA,250,3373325.60891547,2507.4187744140654,656.289536280039,147.93947201908148,180.11461258445408,5,0.815593976285751,0.0022283988423107953,8.814620854945804,21.849015766414812
2052,20085,Developed,75618361.35140783,7561.836135140783,4.444448275810096,developed,NA,NA,NA,NA,NA,NA,NA,NA,NA,NA,0.815593976285751,0.0022283988423107953,8.814620854945804,21.849015766414812
2052,20085,Double Crop,1864792.83802623,186.479283802623,0.10960268333762817,all_cult,NA,NA,NA,NA,NA,NA,NA,NA,NA,NA,0.815593976285751,0.0022283988423107953,8.814620854945804,21.849015766414812
2052,20085,Grass/Pasture/Shrubland,941187748.5802637,94118.77485802637,55.31804963283908,grassPastureHay,NA,NA,NA,NA,NA,NA,NA,NA,NA,NA,0.815593976285751,0.0022283988423107953,8.814620854945804,21.849015766414812
2052,20085,Other Crops,98052397.627671,9805.2397627671,5.7630025537076115,all_cult,NA,NA,NA,NA,NA,NA,NA,NA,NA,NA,0.815593976285751,0.0022283988423107953,8.814620854945804,21.849015766414812
2052,20085,Sorghum,4069081.398774073,406.9081398774073,0.23915913388905596,all_cult,Sorghum,NA,NA,112,45573.71166626961,2507.4187744140654,656.289536280039,147.93947201908148,180.11461258445408,5,0.815593976285751,0.0022283988423107953,8.814620854945804,21.849015766414812
2052,20085,Soybeans,170772946.2930534,17077.29462930534,10.037132690300496,all_cult,Soybeans,NA,NA,56,956328.499241099,2507.4187744140654,656.289536280039,147.93947201908148,180.11461258445408,5,0.815593976285751,0.0022283988423107953,8.814620854945804,21.849015766414812
2052,20085,Wheat,13725583.902961861,1372.5583902961862,0.8067173980208171,all_cult,Wheat,NA,NA,89,122157.69673636057,2377.9648498535184,472.1806177773154,120.30886351864407,181.98473059211608,5,0.815593976285751,0.0022283988423107953,8.814620854945804,21.849015766414812
2052,20087,Corn,155094058.297135,15509.4058297135,10.788896738521789,all_cult,Corn,0.13078338055311117,25.77777777777778,250,3877351.457428375,2539.489701538089,686.6644955713926,152.94712908270498,186.9628292155726,5,0.8542832766690113,0.0023341073133033093,9.36819425489084,21.74875434917181
2052,20087,Developed,83037617.78054704,8303.761778054704,5.7763933285619125,developed,NA,NA,NA,NA,NA,NA,NA,NA,NA,NA,0.8542832766690113,0.0023341073133033093,9.36819425489084,21.74875434917181
2052,20087,Double Crop,3214015.8179615135,321.4015817961514,0.2235784217441099,all_cult,NA,NA,NA,NA,NA,NA,NA,NA,NA,NA,0.8542832766690113,0.0023341073133033093,9.36819425489084,21.74875434917181
2052,20087,Grass/Pasture/Shrubland,533878677.1787268,53387.86771787268,37.138507962340775,grassPastureHay,NA,NA,NA,NA,NA,NA,NA,NA,NA,NA,0.8542832766690113,0.0023341073133033093,9.36819425489084,21.74875434917181
2052,20087,Other Crops,67978226.39294052,6797.822639294052,4.728808266891807,all_cult,NA,NA,NA,NA,NA,NA,NA,NA,NA,NA,0.8542832766690113,0.0023341073133033093,9.36819425489084,21.74875434917181
2052,20087,Sorghum,2078940.1655916602,207.89401655916603,0.1446185045281528,all_cult,Sorghum,NA,NA,112,23284.129854626597,2539.489701538089,686.6644955713926,152.94712908270498,186.9628292155726,5,0.8542832766690113,0.0023341073133033093,9.36819425489084,21.74875434917181
2052,20087,Soybeans,173639107.61438552,17363.91076143855,12.078956617613274,all_cult,Soybeans,0.09985991575255485,13.833333333333334,56,972379.0026405589,2539.489701538089,686.6644955713926,152.94712908270498,186.9628292155726,5,0.8542832766690113,0.0023341073133033093,9.36819425489084,21.74875434917181
2052,20087,Wheat,7377427.0278590415,737.7427027859042,0.5132001784817648,all_cult,Wheat,NA,NA,89,65659.10054794548,2409.7182385253936,493.37543353029514,124.78591479403208,195.97193466187164,5,0.8542832766690113,0.0023341073133033093,9.36819425489084,21.74875434917181
2052,20091,Corn,20137063.169311535,2013.7063169311532,3.334881975218613,all_cult,Corn,0.14955141172933145,4,250,503426.5792327883,2586.926109008792,715.5762680023313,157.65406614043596,199.86837545581912,5,0.9110623216035091,0.002489241315856582,9.983349500979253,21.775439002865674
2052,20091,Developed,271607528.4848879,27160.752848488788,44.98069273866694,developed,NA,NA,NA,NA,NA,NA,NA,NA,NA,NA,0.9110623216035091,0.002489241315856582,9.983349500979253,21.775439002865674
2052,20091,Double Crop,2013905.6882216034,201.39056882216036,0.3335212152324038,all_cult,NA,NA,NA,NA,NA,NA,NA,NA,NA,NA,0.9110623216035091,0.002489241315856582,9.983349500979253,21.775439002865674
2052,20091,Grass/Pasture/Shrubland,139667491.4795437,13966.749147954368,23.130214964462166,grassPastureHay,NA,NA,NA,NA,NA,NA,NA,NA,NA,NA,0.9110623216035091,0.002489241315856582,9.983349500979253,21.775439002865674
2052,20091,Other Crops,14581458.923742233,1458.1458923742232,2.4148230617504245,all_cult,NA,NA,NA,NA,NA,NA,NA,NA,NA,NA,0.9110623216035091,0.002489241315856582,9.983349500979253,21.775439002865674
2052,20091,Sorghum,265245.84730308503,26.524584730308504,0.043927140106542625,all_cult,Sorghum,NA,NA,112,2970.7534897945525,2586.926109008792,715.5762680023313,157.65406614043596,199.86837545581912,5,0.9110623216035091,0.002489241315856582,9.983349500979253,21.775439002865674
2052,20091,Soybeans,40506888.73460731,4050.688873460731,6.708311533684595,all_cult,Soybeans,NA,NA,56,226838.57691380093,2586.926109008792,715.5762680023313,157.65406614043596,199.86837545581912,5,0.9110623216035091,0.002489241315856582,9.983349500979253,21.775439002865674
2052,20091,Wheat,3047090.5931461067,304.70905931461067,0.5046260922212007,all_cult,Wheat,NA,NA,89,27119.10627900035,2450.0003973388702,527.039988231654,132.37570652593888,208.46638299424347,5,0.9110623216035091,0.002489241315856582,9.983349500979253,21.775439002865674
2052,20103,Corn,55676654.53817842,5567.665453817842,6.162232243462533,all_cult,Corn,0.09926099891867379,4.75,250,1391916.3634544604,2567.9567138671905,705.8083626085877,154.08438713652075,185.13032028233047,5,0.8868617805146389,0.002423119618892456,9.674278601140946,21.798019275769533
2052,20103,Developed,66222526.18511143,6622.252618511144,7.329437975150055,developed,NA,NA,NA,NA,NA,NA,NA,NA,NA,NA,0.8868617805146389,0.002423119618892456,9.674278601140946,21.798019275769533
2052,20103,Double Crop,2239300.7972116056,223.93007972116058,0.2478434038440015,all_cult,NA,NA,NA,NA,NA,NA,NA,NA,NA,NA,0.8868617805146389,0.002423119618892456,9.674278601140946,21.798019275769533
2052,20103,Grass/Pasture/Shrubland,361083573.13099504,36108.3573130995,39.96434152498699,grassPastureHay,NA,NA,NA,NA,NA,NA,NA,NA,NA,NA,0.8868617805146389,0.002423119618892456,9.674278601140946,21.798019275769533
2052,20103,Other Crops,54377617.6404599,5437.76176404599,6.018456236750789,all_cult,NA,NA,NA,NA,NA,NA,NA,NA,NA,NA,0.8868617805146389,0.002423119618892456,9.674278601140946,21.798019275769533
2052,20103,Sorghum,567901.3203360821,56.79013203360822,0.06285470735100035,all_cult,Sorghum,NA,NA,112,6360.494787764121,2567.9567138671905,705.8083626085877,154.08438713652075,185.13032028233047,5,0.8868617805146389,0.002423119618892456,9.674278601140946,21.798019275769533
2052,20103,Soybeans,101039226.18326606,10103.922618326606,11.18291288522158,all_cult,Soybeans,0.11410095968932568,4.571428571428571,56,565819.66662629,2567.9567138671905,705.8083626085877,154.08438713652075,185.13032028233047,5,0.8868617805146389,0.002423119618892456,9.674278601140946,21.798019275769533
2052,20103,Wheat,4817340.8524583215,481.7340852458321,0.5331781044497215,all_cult,Wheat,NA,NA,89,42874.33358687905,2431.0255517578153,507.1382417341264,128.00134322442702,203.5354094820123,5,0.8868617805146389,0.002423119618892456,9.674278601140946,21.798019275769533
2052,20117,Corn,1797933.5665907045,179.79335665907044,8.787790125047634,all_cult,Corn,0.16261062771687598,15.722222222222221,250,44948.33916476761,2460.4039965820343,622.7065078217646,145.9601128996766,187.938867942403,5,0.7675784240047766,0.0020972088087562206,8.340058757177491,21.566728185434833
2052,20117,Developed,709093.4285035765,70.90934285035766,3.465847873654197,developed,NA,NA,NA,NA,NA,NA,NA,NA,NA,NA,0.7675784240047766,0.0020972088087562206,8.340058757177491,21.566728185434833
2052,20117,Double Crop,17005.082052877187,1.700508205287719,0.08311602548433755,all_cult,NA,NA,NA,NA,NA,NA,NA,NA,NA,NA,0.7675784240047766,0.0020972088087562206,8.340058757177491,21.566728185434833
2052,20117,Grass/Pasture/Shrubland,13608757.209524421,1360.8757209524422,66.51575143947134,grassPastureHay,NA,NA,NA,NA,NA,NA,NA,NA,NA,NA,0.7675784240047766,0.0020972088087562206,8.340058757177491,21.566728185434833
2052,20117,Other Crops,368569.7378671669,36.856973786716694,1.801464505144208,all_cult,NA,NA,NA,NA,NA,NA,NA,NA,NA,NA,0.7675784240047766,0.0020972088087562206,8.340058757177491,21.566728185434833
2052,20117,Sorghum,113210.96189225193,11.321096189225193,0.5533431220433721,all_cult,Sorghum,NA,NA,112,1267.9627731932217,2460.4039965820343,622.7065078217646,145.9601128996766,187.938867942403,5,0.7675784240047766,0.0020972088087562206,8.340058757177491,21.566728185434833
2052,20117,Soybeans,2250086.8872694396,225.00868872694397,10.99778751332857,all_cult,Soybeans,0.12228514283699721,8.25,56,12600.486568708862,2460.4039965820343,622.7065078217646,145.9601128996766,187.938867942403,5,0.7675784240047766,0.0020972088087562206,8.340058757177491,21.566728185434833
2052,20117,Wheat,234744.84118524572,23.474484118524572,1.1473663074132867,all_cult,Wheat,NA,NA,89,2089.229086548687,2325.4119555664092,433.619385154788,120.62226240560985,179.212628953543,5,0.7675784240047766,0.0020972088087562206,8.340058757177491,21.566728185434833
2052,20127,Corn,10941387.892613748,1094.1387892613748,4.064821675495574,all_cult,Corn,NA,NA,250,273534.6973153437,2529.148096923831,608.3260037673626,137.97998544291352,172.74153998228869,5,0.7474230312556551,0.00204213942966026,9.037235530999212,22.238172220532384
2052,20127,Developed,12128694.282144045,1212.8694282144045,4.50591642462472,developed,NA,NA,NA,NA,NA,NA,NA,NA,NA,NA,0.7474230312556551,0.00204213942966026,9.037235530999212,22.238172220532384
2052,20127,Double Crop,4499199.088895911,449.9199088895911,1.671491967784096,all_cult,NA,NA,NA,NA,NA,NA,NA,NA,NA,NA,0.7474230312556551,0.00204213942966026,9.037235530999212,22.238172220532384
2052,20127,Grass/Pasture/Shrubland,158101691.18434784,15810.169118434784,58.73616652348874,grassPastureHay,NA,NA,NA,NA,NA,NA,NA,NA,NA,NA,0.7474230312556551,0.00204213942966026,9.037235530999212,22.238172220532384
2052,20127,Other Crops,10981377.128665583,1098.1377128665583,4.079678027823576,all_cult,NA,NA,NA,NA,NA,NA,NA,NA,NA,NA,0.7474230312556551,0.00204213942966026,9.037235530999212,22.238172220532384
2052,20127,Sorghum,7272388.587591114,727.2388587591115,2.701756217181813,all_cult,Sorghum,NA,NA,112,81450.75218102049,2529.148096923831,608.3260037673626,137.97998544291352,172.74153998228869,5,0.7474230312556551,0.00204213942966026,9.037235530999212,22.238172220532384
2052,20127,Soybeans,28686301.015498407,2868.6301015498407,10.657212713965244,all_cult,Soybeans,0.11686486262093489,4,56,160643.2856867911,2529.148096923831,608.3260037673626,137.97998544291352,172.74153998228869,5,0.7474230312556551,0.00204213942966026,9.037235530999212,22.238172220532384
2052,20127,Wheat,20934850.636842933,2093.485063684293,7.777480834890052,all_cult,Wheat,NA,NA,89,186320.17066790207,2407.343652343753,423.5066597366306,120.10439854097334,152.1073893723683,5,0.7474230312556551,0.00204213942966026,9.037235530999212,22.238172220532384
2052,20131,Corn,124792211.963085,12479.2211963085,16.444051346315263,all_cult,Corn,0.12528513936677563,9.454545454545455,250,3119805.299077125,2456.549248046878,617.9554542478055,149.29467813217144,174.2519993317512,5,0.7684093216660647,0.0020994790209455322,8.332359822591169,21.47871198810517
2052,20131,Developed,34827921.40223819,3482.792140223819,4.589325878711502,developed,NA,NA,NA,NA,NA,NA,NA,NA,NA,NA,0.7684093216660647,0.0020994790209455322,8.332359822591169,21.47871198810517
2052,20131,Double Crop,1288597.7379512293,128.85977379512295,0.1698003988733199,all_cult,NA,NA,NA,NA,NA,NA,NA,NA,NA,NA,0.7684093216660647,0.0020994790209455322,8.332359822591169,21.47871198810517
2052,20131,Grass/Pasture/Shrubland,328086582.4549448,32808.65824549448,43.232446344665604,grassPastureHay,NA,NA,NA,NA,NA,NA,NA,NA,NA,NA,0.7684093216660647,0.0020994790209455322,8.332359822591169,21.47871198810517
2052,20131,Other Crops,27101730.321978156,2710.1730321978157,3.5712344382550913,all_cult,NA,NA,NA,NA,NA,NA,NA,NA,NA,NA,0.7684093216660647,0.0020994790209455322,8.332359822591169,21.47871198810517
2052,20131,Sorghum,2055671.3741418559,205.5671374141856,0.2708788080264065,all_cult,Sorghum,NA,NA,112,23023.519390388785,2456.549248046878,617.9554542478055,149.29467813217144,174.2519993317512,5,0.7684093216660647,0.0020994790209455322,8.332359822591169,21.47871198810517
2052,20131,Soybeans,136674912.54505298,13667.491254505298,18.00985209164201,all_cult,Soybeans,0.1067341402930363,5.142857142857143,56,765379.5102522967,2456.549248046878,617.9554542478055,149.29467813217144,174.2519993317512,5,0.7684093216660647,0.0020994790209455322,8.332359822591169,21.47871198810517
2052,20131,Wheat,9588450.555545796,958.8450555545795,1.2634840811511674,all_cult,Wheat,NA,NA,89,85337.20994435757,2315.5760290527373,435.1457628234439,120.3822283619943,168.70484253683975,5,0.7684093216660647,0.0020994790209455322,8.332359822591169,21.47871198810517
2052,20139,Corn,20890964.22588984,2089.096422588984,9.4988079569725965,all_cult,Corn,NA,NA,250,522274.10564724595,2549.7424255371125,675.2765766695231,151.25009909305214,190.2512760899293,5,0.84553113512782,0.0023101943582727325,9.39890199254773,21.908199022637064
2052,20139,Developed,11858545.489950646,1185.8545489950645,5.391902692479325,developed,NA,NA,NA,NA,NA,NA,NA,NA,NA,NA,0.84553113512782,0.0023101943582727325,9.39890199254773,21.908199022637064
2052,20139,Double Crop,1849135.1156913848,184.91351156913848,0.8407739901578724,all_cult,NA,NA,NA,NA,NA,NA,NA,NA,NA,NA,0.84553113512782,0.0023101943582727325,9.39890199254773,21.908199022637064
2052,20139,Grass/Pasture/Shrubland,108139234.26990536,10813.923426990536,49.1692871538651,grassPastureHay,NA,NA,NA,NA,NA,NA,NA,NA,NA,NA,0.84553113512782,0.0023101943582727325,9.39890199254773,21.908199022637064
2052,20139,Other Crops,6302951.103083336,630.2951103083336,2.86585728849129,all_cult,NA,NA,NA,NA,NA,NA,NA,NA,NA,NA,0.84553113512782,0.0023101943582727325,9.39890199254773,21.908199022637064
2052,20139,Sorghum,252758.48461129973,25.27584846112997,0.11492549021948671,all_cult,Sorghum,NA,NA,112,2830.8950276465566,2549.7424255371125,675.2765766695231,151.25009909305214,190.2512760899293,5,0.84553113512782,0.0023101943582727325,9.39890199254773,21.908199022637064
2052,20139,Soybeans,28064514.38751116,2806.4514387511163,12.76051357372463,all_cult,Soybeans,NA,NA,56,157161.28057006252,2549.7424255371125,675.2765766695231,151.25009909305214,190.2512760899293,5,0.84553113512782,0.0023101943582727325,9.39890199254773,21.908199022637064
2052,20139,Wheat,1738320.944623076,173.8320944623076,0.7903884493801757,all_cult,Wheat,NA,NA,89,15471.056407145375,2422.8617901611356,501.8072287939753,123.30856914387728,196.20241217517213,5,0.84553113512782,0.0023101943582727325,9.39890199254773,21.908199022637064
2052,20149,Corn,136791901.8519852,13679.190185198519,7.982141503627487,all_cult,Corn,0.1326174661314905,62.44444444444444,250,3419797.54629963,2510.9230529785186,635.9146980411233,143.62090856669238,174.38448361988307,5,0.7778521289121404,0.002125279040743553,8.740819470348276,22.004286952618063
2052,20149,Developed,87781477.02653997,8778.147702653996,5.122263537072818,developed,NA,NA,NA,NA,NA,NA,NA,NA,NA,NA,0.7778521289121404,0.002125279040743553,8.740819470348276,22.004286952618063
2052,20149,Double Crop,1803166.4492782145,180.31664492782144,0.1052191654466961,all_cult,NA,NA,NA,NA,NA,NA,NA,NA,NA,NA,0.7778521289121404,0.002125279040743553,8.740819470348276,22.004286952618063
2052,20149,Grass/Pasture/Shrubland,1058221194.9777538,105822.11949777538,61.749790785057485,grassPastureHay,NA,NA,NA,NA,NA,NA,NA,NA,NA,NA,0.7778521289121404,0.002125279040743553,8.740819470348276,22.004286952618063
2052,20149,Other Crops,34485813.7618199,3448.58137618199,2.012331443512244,all_cult,NA,NA,NA,NA,NA,NA,NA,NA,NA,NA,0.7778521289121404,0.002125279040743553,8.740819470348276,22.004286952618063
2052,20149,Sorghum,5647082.09049503,564.708209049503,0.3295210295248753,all_cult,Sorghum,NA,NA,112,63247.319413544334,2510.9230529785186,635.9146980411233,143.62090856669238,174.38448361988307,5,0.7778521289121404,0.002125279040743553,8.740819470348276,22.004286952618063
2052,20149,Soybeans,153915907.33370754,15391.590733370755,8.98136903839706,all_cult,Soybeans,0.11392545848870632,51.611111111111114,56,861929.0810687622,2510.9230529785186,635.9146980411233,143.62090856669238,174.38448361988307,5,0.7778521289121404,0.002125279040743553,8.740819470348276,22.004286952618063
2052,20149,Wheat,13424373.002870617,1342.4373002870618,0.7833449455387832,all_cult,Wheat,NA,NA,89,119476.9197255485,2381.9158618164092,442.6818202030452,120.17332873107976,164.34530538837282,5,0.7778521289121404,0.002125279040743553,8.740819470348276,22.004286952618063
2052,20161,Corn,29887562.457934357,2988.756245793436,3.7374801575206362,all_cult,Corn,0.14127372152863188,12.444444444444445,250,747189.0614483589,2523.6324993896515,612.4517517398299,138.24063268009513,157.2225631429751,5,0.7443328881958261,0.0020336964158355906,8.826378410631213,22.260295863750876
2052,20161,Developed,93189704.06140432,9318.970406140432,11.653498685445852,developed,NA,NA,NA,NA,NA,NA,NA,NA,NA,NA,0.7443328881958261,0.0020336964158355906,8.826378410631213,22.260295863750876
2052,20161,Double Crop,2321662.5391971655,232.16625391971652,0.2903270443991936,all_cult,NA,NA,NA,NA,NA,NA,NA,NA,NA,NA,0.7443328881958261,0.0020336964158355906,8.826378410631213,22.260295863750876
2052,20161,Grass/Pasture/Shrubland,421935273.9416269,42193.527394162695,52.76357736882686,grassPastureHay,NA,NA,NA,NA,NA,NA,NA,NA,NA,NA,0.7443328881958261,0.0020336964158355906,8.826378410631213,22.260295863750876
2052,20161,Other Crops,10313350.483787943,1031.3350483787942,1.2896984437913022,all_cult,NA,NA,NA,NA,NA,NA,NA,NA,NA,NA,0.7443328881958261,0.0020336964158355906,8.826378410631213,22.260295863750876
2052,20161,Sorghum,8046145.345421317,804.6145345421318,1.0061813711092988,all_cult,Sorghum,NA,NA,112,90116.82786871876,2523.6324993896515,612.4517517398299,138.24063268009513,157.2225631429751,5,0.7443328881958261,0.0020336964158355906,8.826378410631213,22.260295863750876
2052,20161,Soybeans,56043067.26954317,5604.306726954317,7.008261452613234,all_cult,Soybeans,0.12420661341954765,10.38888888888889,56,313841.17670944176,2523.6324993896515,612.4517517398299,138.24063268009513,157.2225631429751,5,0.7443328881958261,0.0020336964158355906,8.826378410631213,22.260295863750876
2052,20161,Wheat,14763447.35949416,1476.3447359494162,1.8461890841841313,all_cult,Wheat,NA,NA,89,131394.68149949805,2400.0819482421903,425.7881894863113,119.65952953848948,153.78915789232633,5,0.7443328881958261,0.0020336964158355906,8.826378410631213,22.260295863750876
2052,20177,Corn,132475537.80653152,13247.553780653152,9.091050553311547,all_cult,Corn,0.12030458771317423,83,250,3311888.445163288,2548.5127954101595,674.6163527374581,149.1917908002788,180.4528487550689,5,0.838034655921574,0.002289712174649109,9.333390966530077,21.927669571006255
2052,20177,Developed,255013934.0237044,25501.393402370442,17.50017100813045,developed,NA,NA,NA,NA,NA,NA,NA,NA,NA,NA,0.838034655921574,0.002289712174649109,9.333390966530077,21.927669571006255
2052,20177,Double Crop,2797246.7569815805,279.7246756981581,0.19195930130847558,all_cult,NA,NA,NA,NA,NA,NA,NA,NA,NA,NA,0.838034655921574,0.002289712174649109,9.333390966530077,21.927669571006255
2052,20177,Grass/Pasture/Shrubland,626083355.6398722,62608.33556398722,42.96457693964075,grassPastureHay,NA,NA,NA,NA,NA,NA,NA,NA,NA,NA,0.838034655921574,0.002289712174649109,9.333390966530077,21.927669571006255
2052,20177,Other Crops,33361526.081880283,3336.1526081880284,2.289413767762353,all_cult,NA,NA,NA,NA,NA,NA,NA,NA,NA,NA,0.838034655921574,0.002289712174649109,9.333390966530077,21.927669571006255
2052,20177,Sorghum,2303954.5452317544,230.39545452317543,0.15810743319134585,all_cult,Sorghum,NA,NA,112,25804.29090659565,2548.5127954101595,674.6163527374581,149.1917908002788,180.4528487550689,5,0.838034655921574,0.002289712174649109,9.333390966530077,21.927669571006255
2052,20177,Soybeans,145627766.023613,14562.7766023613,9.993613951731533,all_cult,Soybeans,0.09768281806034469,42.833333333333336,56,815515.4897322329,2548.5127954101595,674.6163527374581,149.1917908002788,180.4528487550689,5,0.838034655921574,0.002289712174649109,9.333390966530077,21.927669571006255
2052,20177,Wheat,9565647.685078032,956.5647685078033,0.656436562704971,all_cult,Wheat,NA,NA,89,85134.26439719449,2422.725415649417,496.5723992994504,121.63298684395706,196.05023783461183,5,0.838034655921574,0.002289712174649109,9.333390966530077,21.927669571006255
2052,20197,Corn,69733578.79693311,6973.357879693312,4.536852294529976,all_cult,Corn,0.14186117514330646,28.666666666666668,250,1743339.469923328,2527.1689263916046,657.1213930916658,144.57011510444033,176.34892233795182,5,0.8038082399923783,0.002196197377028356,9.006577296856346,22.02194935949776
2052,20197,Developed,54289406.85937861,5428.940685937861,3.5320576446519008,developed,NA,NA,NA,NA,NA,NA,NA,NA,NA,NA,0.8038082399923783,0.002196197377028356,9.006577296856346,22.02194935949776
2052,20197,Double Crop,1125869.9276987636,112.58699276987635,0.07324886594013556,all_cult,NA,NA,NA,NA,NA,NA,NA,NA,NA,NA,0.8038082399923783,0.002196197377028356,9.006577296856346,22.02194935949776
2052,20197,Grass/Pasture/Shrubland,1169502873.1037595,116950.28731037596,76.08761639426346,grassPastureHay,NA,NA,NA,NA,NA,NA,NA,NA,NA,NA,0.8038082399923783,0.002196197377028356,9.006577296856346,22.02194935949776
2052,20197,Other Crops,29094649.42529061,2909.464942529061,1.8928919077573607,all_cult,NA,NA,NA,NA,NA,NA,NA,NA,NA,NA,0.8038082399923783,0.002196197377028356,9.006577296856346,22.02194935949776
2052,20197,Sorghum,3287931.385599168,328.7931385599168,0.21391213972326276,all_cult,Sorghum,NA,NA,112,36824.831518710685,2527.1689263916046,657.1213930916658,144.57011510444033,176.34892233795182,5,0.8038082399923783,0.002196197377028356,9.006577296856346,22.02194935949776
2052,20197,Soybeans,83491332.16381498,8349.133216381497,5.431928899043218,all_cult,Soybeans,0.12942046457519057,22.77777777777778,56,467551.46011736384,2527.1689263916046,657.1213930916658,144.57011510444033,176.34892233795182,5,0.8038082399923783,0.002196197377028356,9.006577296856346,22.02194935949776
2052,20197,Wheat,7530280.724868099,753.02807248681,0.4899185152185996,all_cult,Wheat,NA,NA,89,67019.49845132609,2400.0129315185577,460.0221677464924,120.39941715264398,180.4394232065581,5,0.8038082399923783,0.002196197377028356,9.006577296856346,22.02194935949776
2052,20209,Corn,2798441.748604609,279.8441748604609,1.0907251789658858,all_cult,Corn,NA,NA,250,69961.04371511523,2594.5038183593783,714.4973500612697,159.37253964780524,182.4762109658138,5,0.9055568461701026,0.002474199033251646,10.03729428150617,21.65286823543697
2052,20209,Developed,144515431.86680782,14451.543186680783,56.32656829996687,developed,NA,NA,NA,NA,NA,NA,NA,NA,NA,NA,0.9055568461701026,0.002474199033251646,10.03729428150617,21.65286823543697
2052,20209,Double Crop,152719.71803613545,15.271971803613546,0.05952428413764306,all_cult,NA,NA,NA,NA,NA,NA,NA,NA,NA,NA,0.9055568461701026,0.002474199033251646,10.03729428150617,21.65286823543697
2052,20209,Grass/Pasture/Shrubland,41083799.11850462,4108.379911850462,16.01288794682744,grassPastureHay,NA,NA,NA,NA,NA,NA,NA,NA,NA,NA,0.9055568461701026,0.002474199033251646,10.03729428150617,21.65286823543697
2052,20209,Other Crops,1959154.8527385148,195.91548527385146,0.7636033619211925,all_cult,NA,NA,NA,NA,NA,NA,NA,NA,NA,NA,0.9055568461701026,0.002474199033251646,10.03729428150617,21.65286823543697
2052,20209,Sorghum,54127.80426680527,5.412780426680527,0.02109694047602745,all_cult,Sorghum,NA,NA,112,606.231407788219,2594.5038183593783,714.4973500612697,159.37253964780524,182.4762109658138,5,0.9055568461701026,0.002474199033251646,10.03729428150617,21.65286823543697
2052,20209,Soybeans,8244134.676247953,824.4134676247953,3.213247256139296,all_cult,Soybeans,0.14562756367793683,4.75,56,46167.15418698854,2594.5038183593783,714.4973500612697,159.37253964780524,182.4762109658138,5,0.9055568461701026,0.002474199033251646,10.03729428150617,21.65286823543697
2052,20209,Wheat,234900.57353758038,23.49005735375804,0.09155522720411169,all_cult,Wheat,NA,NA,89,2090.6151044844655,2440.984544677737,517.4984653269532,135.95924400355554,204.70315933587247,5,0.9055568461701026,0.002474199033251646,10.03729428150617,21.65286823543697
2053,20005,Corn,172734778.84431297,17273.477884431297,23.078910848652363,all_cult,Corn,0.10724545034749912,6.181818181818182,250,4318369.471107824,2566.082642211917,707.1693565414121,142.01781072935572,199.388664102838,5,0.9169974241201839,0.002512321709918312,9.276913636090027,21.899403209947582
2053,20005,Developed,36578638.84791646,3657.863884791646,4.88723319405755,developed,NA,NA,NA,NA,NA,NA,NA,NA,NA,NA,0.9169974241201839,0.002512321709918312,9.276913636090027,21.899403209947582
2053,20005,Double Crop,1451158.554832854,145.11585548328543,0.1938877575107932,all_cult,NA,NA,NA,NA,NA,NA,NA,NA,NA,NA,0.9169974241201839,0.002512321709918312,9.276913636090027,21.899403209947582
2053,20005,Grass/Pasture/Shrubland,215288406.86893737,21528.840686893738,28.764456018176027,grassPastureHay,NA,NA,NA,NA,NA,NA,NA,NA,NA,NA,0.9169974241201839,0.002512321709918312,9.276913636090027,21.899403209947582
2053,20005,Other Crops,29204979.705745928,2920.4979705745927,3.902046405912905,all_cult,NA,NA,NA,NA,NA,NA,NA,NA,NA,NA,0.9169974241201839,0.002512321709918312,9.276913636090027,21.899403209947582
2053,20005,Sorghum,732239.3724075308,73.22393724075309,0.09783372699309156,all_cult,Sorghum,NA,NA,112,8201.080970964345,2566.082642211917,707.1693565414121,142.01781072935572,199.388664102838,5,0.9169974241201839,0.002512321709918312,9.276913636090027,21.899403209947582
2053,20005,Soybeans,181600576.65296197,18160.057665296197,24.263460703620524,all_cult,Soybeans,0.07483265359624193,5,56,1016963.2292565871,2566.082642211917,707.1693565414121,142.01781072935572,199.388664102838,5,0.9169974241201839,0.002512321709918312,9.276913636090027,21.899403209947582
2053,20005,Wheat,5908069.702597459,590.8069702597459,0.7893709354082403,all_cult,Wheat,NA,NA,89,52581.82035311738,2424.4724096679715,467.9683473593992,216.30060028280135,104.54405292521314,5,0.9169974241201839,0.002512321709918312,9.276913636090027,21.899403209947582
2053,20013,Corn,113276297.82191704,11327.629782191703,25.36090350021212,all_cult,Corn,0.12646432205391206,17.5625,250,2831907.445547926,2539.191154785159,690.8869537937775,141.4425067587537,207.2165640722036,5,0.8969965187494828,0.002457524708902692,8.806168463720057,21.873438352820013
2053,20013,Developed,24170977.38782201,2417.0977387822013,5.411527714315524,developed,NA,NA,NA,NA,NA,NA,NA,NA,NA,NA,0.8969965187494828,0.002457524708902692,8.806168463720057,21.873438352820013
2053,20013,Double Crop,542048.8992527233,54.20488992527234,0.12135680712267008,all_cult,NA,NA,NA,NA,NA,NA,NA,NA,NA,NA,0.8969965187494828,0.002457524708902692,8.806168463720057,21.873438352820013
2053,20013,Grass/Pasture/Shrubland,122499833.68113159,12249.983368113159,27.425918047421547,grassPastureHay,NA,NA,NA,NA,NA,NA,NA,NA,NA,NA,0.8969965187494828,0.002457524708902692,8.806168463720057,21.873438352820013
2053,20013,Other Crops,13090232.71280689,1309.023271280689,2.9307113227404837,all_cult,NA,NA,NA,NA,NA,NA,NA,NA,NA,NA,0.8969965187494828,0.002457524708902692,8.806168463720057,21.873438352820013
2053,20013,Sorghum,333636.9508835004,33.363695088350035,0.07469642527304013,all_cult,Sorghum,NA,NA,112,3736.733849895204,2539.191154785159,690.8869537937775,141.4425067587537,207.2165640722036,5,0.8969965187494828,0.002457524708902692,8.806168463720057,21.873438352820013
2053,20013,Soybeans,123405327.24801578,12340.532724801578,27.62864479089188,all_cult,Soybeans,0.10147480973744562,10.461538461538462,56,691069.8325888884,2539.191154785159,690.8869537937775,141.4425067587537,207.2165640722036,5,0.8969965187494828,0.002457524708902692,8.806168463720057,21.873438352820013
2053,20013,Wheat,3906288.4515680084,390.6288451568008,0.8745607542714157,all_cult,Wheat,NA,NA,89,34765.96721895527,2383.1626690673857,460.63160226344235,212.44448910407732,104.3378413529883,5,0.8969965187494828,0.002457524708902692,8.806168463720057,21.873438352820013
2053,20045,Corn,74392843.99321488,7439.284399321487,7.631923083362056,all_cult,Corn,0.1459526935617447,11,250,1859821.0998303718,2606.904080200198,726.3558681507009,142.4466349441387,146.39976770821625,5,0.9598511350641455,0.002629729137162043,9.88067021618153,22.157469114538763
2053,20045,Developed,130402436.2681122,13040.24362681122,13.37791795635647,developed,NA,NA,NA,NA,NA,NA,NA,NA,NA,NA,0.9598511350641455,0.002629729137162043,9.88067021618153,22.157469114538763
2053,20045,Double Crop,4220114.888463862,422.01148884638627,0.4329393864098648,all_cult,NA,NA,NA,NA,NA,NA,NA,NA,NA,NA,0.9598511350641455,0.002629729137162043,9.88067021618153,22.157469114538763
2053,20045,Grass/Pasture/Shrubland,354830010.0217444,35483.00100217444,36.40182575089523,grassPastureHay,NA,NA,NA,NA,NA,NA,NA,NA,NA,NA,0.9598511350641455,0.002629729137162043,9.88067021618153,22.157469114538763
2053,20045,Other Crops,37964614.628596716,3796.4614628596714,3.8947700233285687,all_cult,NA,NA,NA,NA,NA,NA,NA,NA,NA,NA,0.9598511350641455,0.002629729137162043,9.88067021618153,22.157469114538763
2053,20045,Sorghum,671055.755263424,67.1055755263424,0.06884326010288025,all_cult,Sorghum,NA,NA,112,7515.824458950349,2606.904080200198,726.3558681507009,142.4466349441387,146.39976770821625,5,0.9598511350641455,0.002629729137162043,9.88067021618153,22.157469114538763
2053,20045,Soybeans,100028766.3995359,10002.876639953589,10.261898998705805,all_cult,Soybeans,0.11420951862362651,8.5,56,560161.091837401,2606.904080200198,726.3558681507009,142.4466349441387,146.39976770821625,5,0.9598511350641455,0.002629729137162043,9.88067021618153,22.157469114538763
2053,20045,Wheat,7085783.937909698,708.5783937909698,0.7269268802840957,all_cult,Wheat,NA,NA,89,63063.477047396314,2484.625070190433,482.6861649037487,215.14841290419815,122.0167792030169,5,0.9598511350641455,0.002629729137162043,9.88067021618153,22.157469114538763
2053,20061,Corn,31722102.062803604,3172.21020628036,4.044269831598419,all_cult,Corn,0.16936452361704205,12.944444444444445,250,793052.55157009,2580.943872680667,645.2964092383228,158.4918124389696,183.12024623347344,5,0.8546218724830523,0.0023414297876248012,9.173300045483757,22.345175296313165
2053,20061,Developed,61171563.9285717,6117.15639285717,7.798799400437711,developed,NA,NA,NA,NA,NA,NA,NA,NA,NA,NA,0.8546218724830523,0.0023414297876248012,9.173300045483757,22.345175296313165
2053,20061,Double Crop,5604030.762346523,560.4030762346523,0.7144612454318694,all_cult,NA,NA,NA,NA,NA,NA,NA,NA,NA,NA,0.8546218724830523,0.0023414297876248012,9.173300045483757,22.345175296313165
2053,20061,Grass/Pasture/Shrubland,476190220.2809351,47619.02202809351,60.70977699307564,grassPastureHay,NA,NA,NA,NA,NA,NA,NA,NA,NA,NA,0.8546218724830523,0.0023414297876248012,9.173300045483757,22.345175296313165
2053,20061,Other Crops,18227803.79878525,1822.7803798785249,2.323873646638379,all_cult,NA,NA,NA,NA,NA,NA,NA,NA,NA,NA,0.8546218724830523,0.0023414297876248012,9.173300045483757,22.345175296313165
2053,20061,Sorghum,5491901.736070833,549.1901736070832,0.7001658485721192,all_cult,Sorghum,NA,NA,112,61509.299443993325,2580.943872680667,645.2964092383228,158.4918124389696,183.12024623347344,5,0.8546218724830523,0.0023414297876248012,9.173300045483757,22.345175296313165
2053,20061,Soybeans,39491221.54782481,3949.1221547824807,5.03475953777074,all_cult,Soybeans,0.12217913528938978,7.666666666666667,56,221150.8406678189,2580.943872680667,645.2964092383228,158.4918124389696,183.12024623347344,5,0.8546218724830523,0.0023414297876248012,9.173300045483757,22.345175296313165
2053,20061,Wheat,15495075.277191846,1549.5075277191845,1.9754764472362665,all_cult,Wheat,NA,NA,89,137906.16996700742,2436.528950805667,436.54611663467585,221.81027367596155,106.4377259185204,5,0.8546218724830523,0.0023414297876248012,9.173300045483757,22.345175296313165
2053,20085,Corn,134933024.35661882,13493.30243566188,7.9306511901880965,all_cult,Corn,NA,NA,250,3373325.60891547,2557.8513690185578,697.9628024487866,140.57080031001453,198.74599028624527,5,0.9046189879875699,0.002478408186267315,9.047123321115176,22.067279805222626
2053,20085,Developed,75618361.35140783,7561.836135140783,4.444448275810096,developed,NA,NA,NA,NA,NA,NA,NA,NA,NA,NA,0.9046189879875699,0.002478408186267315,9.047123321115176,22.067279805222626
2053,20085,Double Crop,1864792.83802623,186.479283802623,0.10960268333762817,all_cult,NA,NA,NA,NA,NA,NA,NA,NA,NA,NA,0.9046189879875699,0.002478408186267315,9.047123321115176,22.067279805222626
2053,20085,Grass/Pasture/Shrubland,941187748.5802637,94118.77485802637,55.31804963283908,grassPastureHay,NA,NA,NA,NA,NA,NA,NA,NA,NA,NA,0.9046189879875699,0.002478408186267315,9.047123321115176,22.067279805222626
2053,20085,Other Crops,98052397.627671,9805.2397627671,5.7630025537076115,all_cult,NA,NA,NA,NA,NA,NA,NA,NA,NA,NA,0.9046189879875699,0.002478408186267315,9.047123321115176,22.067279805222626
2053,20085,Sorghum,4069081.398774073,406.9081398774073,0.23915913388905596,all_cult,Sorghum,NA,NA,112,45573.71166626961,2557.8513690185578,697.9628024487866,140.57080031001453,198.74599028624527,5,0.9046189879875699,0.002478408186267315,9.047123321115176,22.067279805222626
2053,20085,Soybeans,170772946.2930534,17077.29462930534,10.037132690300496,all_cult,Soybeans,NA,NA,56,956328.499241099,2557.8513690185578,697.9628024487866,140.57080031001453,198.74599028624527,5,0.9046189879875699,0.002478408186267315,9.047123321115176,22.067279805222626
2053,20085,Wheat,13725583.902961861,1372.5583902961862,0.8067173980208171,all_cult,Wheat,NA,NA,89,122157.69673636057,2418.9032940673856,468.8781491933365,214.46621210277377,109.66419300844385,5,0.9046189879875699,0.002478408186267315,9.047123321115176,22.067279805222626
2053,20087,Corn,155094058.297135,15509.4058297135,10.788896738521789,all_cult,Corn,0.13078338055311117,25.77777777777778,250,3877351.457428375,2577.5392517089876,722.8569674992702,142.6073524931819,187.86703572139172,5,0.9444462422847087,0.0025875239514649554,9.53612674242832,21.98484527169844
2053,20087,Developed,83037617.78054704,8303.761778054704,5.7763933285619125,developed,NA,NA,NA,NA,NA,NA,NA,NA,NA,NA,0.9444462422847087,0.0025875239514649554,9.53612674242832,21.98484527169844
2053,20087,Double Crop,3214015.8179615135,321.4015817961514,0.2235784217441099,all_cult,NA,NA,NA,NA,NA,NA,NA,NA,NA,NA,0.9444462422847087,0.0025875239514649554,9.53612674242832,21.98484527169844
2053,20087,Grass/Pasture/Shrubland,533878677.1787268,53387.86771787268,37.138507962340775,grassPastureHay,NA,NA,NA,NA,NA,NA,NA,NA,NA,NA,0.9444462422847087,0.0025875239514649554,9.53612674242832,21.98484527169844
2053,20087,Other Crops,67978226.39294052,6797.822639294052,4.728808266891807,all_cult,NA,NA,NA,NA,NA,NA,NA,NA,NA,NA,0.9444462422847087,0.0025875239514649554,9.53612674242832,21.98484527169844
2053,20087,Sorghum,2078940.1655916602,207.89401655916603,0.1446185045281528,all_cult,Sorghum,NA,NA,112,23284.129854626597,2577.5392517089876,722.8569674992702,142.6073524931819,187.86703572139172,5,0.9444462422847087,0.0025875239514649554,9.53612674242832,21.98484527169844
2053,20087,Soybeans,173639107.61438552,17363.91076143855,12.078956617613274,all_cult,Soybeans,0.09985991575255485,13.833333333333334,56,972379.0026405589,2577.5392517089876,722.8569674992702,142.6073524931819,187.86703572139172,5,0.9444462422847087,0.0025875239514649554,9.53612674242832,21.98484527169844
2053,20087,Wheat,7377427.0278590415,737.7427027859042,0.5132001784817648,all_cult,Wheat,NA,NA,89,65659.10054794548,2451.53375671387,483.36061884994274,216.7042451077331,116.0943367170038,5,0.9444462422847087,0.0025875239514649554,9.53612674242832,21.98484527169844
2053,20091,Corn,20137063.169311535,2013.7063169311532,3.334881975218613,all_cult,Corn,0.14955141172933145,4,250,503426.5792327883,2607.7012841796904,749.1781487460528,141.18587793445892,146.4308375403711,5,0.9961185157307453,0.00272909182391985,10.060648619769394,22.011937389635083
2053,20091,Developed,271607528.4848879,27160.752848488788,44.98069273866694,developed,NA,NA,NA,NA,NA,NA,NA,NA,NA,NA,0.9961185157307453,0.00272909182391985,10.060648619769394,22.011937389635083
2053,20091,Double Crop,2013905.6882216034,201.39056882216036,0.3335212152324038,all_cult,NA,NA,NA,NA,NA,NA,NA,NA,NA,NA,0.9961185157307453,0.00272909182391985,10.060648619769394,22.011937389635083
2053,20091,Grass/Pasture/Shrubland,139667491.4795437,13966.749147954368,23.130214964462166,grassPastureHay,NA,NA,NA,NA,NA,NA,NA,NA,NA,NA,0.9961185157307453,0.00272909182391985,10.060648619769394,22.011937389635083
2053,20091,Other Crops,14581458.923742233,1458.1458923742232,2.4148230617504245,all_cult,NA,NA,NA,NA,NA,NA,NA,NA,NA,NA,0.9961185157307453,0.00272909182391985,10.060648619769394,22.011937389635083
2053,20091,Sorghum,265245.84730308503,26.524584730308504,0.043927140106542625,all_cult,Sorghum,NA,NA,112,2970.7534897945525,2607.7012841796904,749.1781487460528,141.18587793445892,146.4308375403711,5,0.9961185157307453,0.00272909182391985,10.060648619769394,22.011937389635083
2053,20091,Soybeans,40506888.73460731,4050.688873460731,6.708311533684595,all_cult,Soybeans,NA,NA,56,226838.57691380093,2607.7012841796904,749.1781487460528,141.18587793445892,146.4308375403711,5,0.9961185157307453,0.00272909182391985,10.060648619769394,22.011937389635083
2053,20091,Wheat,3047090.5931461067,304.70905931461067,0.5046260922212007,all_cult,Wheat,NA,NA,89,27119.10627900035,2490.074907836917,494.76898243571986,215.8617049741492,131.48999290474393,5,0.9961185157307453,0.00272909182391985,10.060648619769394,22.011937389635083
2053,20103,Corn,55676654.53817842,5567.665453817842,6.162232243462533,all_cult,Corn,0.09926099891867379,4.75,250,1391916.3634544604,2597.8561584472686,728.1268672580366,141.35190762106694,175.43066050595246,5,0.9614562912739139,0.002634126825407983,9.810835822118495,22.038518166738037
2053,20103,Developed,66222526.18511143,6622.252618511144,7.329437975150055,developed,NA,NA,NA,NA,NA,NA,NA,NA,NA,NA,0.9614562912739139,0.002634126825407983,9.810835822118495,22.038518166738037
2053,20103,Double Crop,2239300.7972116056,223.93007972116058,0.2478434038440015,all_cult,NA,NA,NA,NA,NA,NA,NA,NA,NA,NA,0.9614562912739139,0.002634126825407983,9.810835822118495,22.038518166738037
2053,20103,Grass/Pasture/Shrubland,361083573.13099504,36108.3573130995,39.96434152498699,grassPastureHay,NA,NA,NA,NA,NA,NA,NA,NA,NA,NA,0.9614562912739139,0.002634126825407983,9.810835822118495,22.038518166738037
2053,20103,Other Crops,54377617.6404599,5437.76176404599,6.018456236750789,all_cult,NA,NA,NA,NA,NA,NA,NA,NA,NA,NA,0.9614562912739139,0.002634126825407983,9.810835822118495,22.038518166738037
2053,20103,Sorghum,567901.3203360821,56.79013203360822,0.06285470735100035,all_cult,Sorghum,NA,NA,112,6360.494787764121,2597.8561584472686,728.1268672580366,141.35190762106694,175.43066050595246,5,0.9614562912739139,0.002634126825407983,9.810835822118495,22.038518166738037
2053,20103,Soybeans,101039226.18326606,10103.922618326606,11.18291288522158,all_cult,Soybeans,0.11410095968932568,4.571428571428571,56,565819.66662629,2597.8561584472686,728.1268672580366,141.35190762106694,175.43066050595246,5,0.9614562912739139,0.002634126825407983,9.810835822118495,22.038518166738037
2053,20103,Wheat,4817340.8524583215,481.7340852458321,0.5331781044497215,all_cult,Wheat,NA,NA,89,42874.33358687905,2472.590308227542,487.2186635450687,215.8320918150957,119.73699547984566,5,0.9614562912739139,0.002634126825407983,9.810835822118495,22.038518166738037
2053,20117,Corn,1797933.5665907045,179.79335665907044,8.787790125047634,all_cult,Corn,0.16261062771687598,15.722222222222221,250,44948.33916476761,2520.653052368167,663.351067835404,150.9268588915402,210.7677859011239,5,0.8699372884319613,0.002383389831320442,8.609263824044865,21.74617505217254
2053,20117,Developed,709093.4285035765,70.90934285035766,3.465847873654197,developed,NA,NA,NA,NA,NA,NA,NA,NA,NA,NA,0.8699372884319613,0.002383389831320442,8.609263824044865,21.74617505217254
2053,20117,Double Crop,17005.082052877187,1.700508205287719,0.08311602548433755,all_cult,NA,NA,NA,NA,NA,NA,NA,NA,NA,NA,0.8699372884319613,0.002383389831320442,8.609263824044865,21.74617505217254
2053,20117,Grass/Pasture/Shrubland,13608757.209524421,1360.8757209524422,66.51575143947134,grassPastureHay,NA,NA,NA,NA,NA,NA,NA,NA,NA,NA,0.8699372884319613,0.002383389831320442,8.609263824044865,21.74617505217254
2053,20117,Other Crops,368569.7378671669,36.856973786716694,1.801464505144208,all_cult,NA,NA,NA,NA,NA,NA,NA,NA,NA,NA,0.8699372884319613,0.002383389831320442,8.609263824044865,21.74617505217254
2053,20117,Sorghum,113210.96189225193,11.321096189225193,0.5533431220433721,all_cult,Sorghum,NA,NA,112,1267.9627731932217,2520.653052368167,663.351067835404,150.9268588915402,210.7677859011239,5,0.8699372884319613,0.002383389831320442,8.609263824044865,21.74617505217254
2053,20117,Soybeans,2250086.8872694396,225.00868872694397,10.99778751332857,all_cult,Soybeans,0.12228514283699721,8.25,56,12600.486568708862,2520.653052368167,663.351067835404,150.9268588915402,210.7677859011239,5,0.8699372884319613,0.002383389831320442,8.609263824044865,21.74617505217254
2053,20117,Wheat,234744.84118524572,23.474484118524572,1.1473663074132867,all_cult,Wheat,NA,NA,89,2089.229086548687,2358.87086608887,453.45208195492046,216.4760450088976,99.23044502014685,5,0.8699372884319613,0.002383389831320442,8.609263824044865,21.74617505217254
2053,20127,Corn,10941387.892613748,1094.1387892613748,4.064821675495574,all_cult,Corn,NA,NA,250,273534.6973153437,2580.375366821292,628.3313421115646,161.64262166332557,162.0490324966769,5,0.8491979666547733,0.002326569771656913,9.19685784326843,22.331147126498312
2053,20127,Developed,12128694.282144045,1212.8694282144045,4.50591642462472,developed,NA,NA,NA,NA,NA,NA,NA,NA,NA,NA,0.8491979666547733,0.002326569771656913,9.19685784326843,22.331147126498312
2053,20127,Double Crop,4499199.088895911,449.9199088895911,1.671491967784096,all_cult,NA,NA,NA,NA,NA,NA,NA,NA,NA,NA,0.8491979666547733,0.002326569771656913,9.19685784326843,22.331147126498312
2053,20127,Grass/Pasture/Shrubland,158101691.18434784,15810.169118434784,58.73616652348874,grassPastureHay,NA,NA,NA,NA,NA,NA,NA,NA,NA,NA,0.8491979666547733,0.002326569771656913,9.19685784326843,22.331147126498312
2053,20127,Other Crops,10981377.128665583,1098.1377128665583,4.079678027823576,all_cult,NA,NA,NA,NA,NA,NA,NA,NA,NA,NA,0.8491979666547733,0.002326569771656913,9.19685784326843,22.331147126498312
2053,20127,Sorghum,7272388.587591114,727.2388587591115,2.701756217181813,all_cult,Sorghum,NA,NA,112,81450.75218102049,2580.375366821292,628.3313421115646,161.64262166332557,162.0490324966769,5,0.8491979666547733,0.002326569771656913,9.19685784326843,22.331147126498312
2053,20127,Soybeans,28686301.015498407,2868.6301015498407,10.657212713965244,all_cult,Soybeans,0.11686486262093489,4,56,160643.2856867911,2580.375366821292,628.3313421115646,161.64262166332557,162.0490324966769,5,0.8491979666547733,0.002326569771656913,9.19685784326843,22.331147126498312
2053,20127,Wheat,20934850.636842933,2093.485063684293,7.777480834890052,all_cult,Wheat,NA,NA,89,186320.17066790207,2437.83938171387,436.3971627665185,223.37337546561093,103.04231183023695,5,0.8491979666547733,0.002326569771656913,9.19685784326843,22.331147126498312
2053,20131,Corn,124792211.963085,12479.2211963085,16.444051346315263,all_cult,Corn,0.12528513936677563,9.454545454545455,250,3119805.299077125,2515.8163861084013,668.3131565284978,143.99728822897978,212.78008242394523,5,0.8671673666946713,0.0023758010046429348,8.603730268086496,21.687560767604904
2053,20131,Developed,34827921.40223819,3482.792140223819,4.589325878711502,developed,NA,NA,NA,NA,NA,NA,NA,NA,NA,NA,0.8671673666946713,0.0023758010046429348,8.603730268086496,21.687560767604904
2053,20131,Double Crop,1288597.7379512293,128.85977379512295,0.1698003988733199,all_cult,NA,NA,NA,NA,NA,NA,NA,NA,NA,NA,0.8671673666946713,0.0023758010046429348,8.603730268086496,21.687560767604904
2053,20131,Grass/Pasture/Shrubland,328086582.4549448,32808.65824549448,43.232446344665604,grassPastureHay,NA,NA,NA,NA,NA,NA,NA,NA,NA,NA,0.8671673666946713,0.0023758010046429348,8.603730268086496,21.687560767604904
2053,20131,Other Crops,27101730.321978156,2710.1730321978157,3.5712344382550913,all_cult,NA,NA,NA,NA,NA,NA,NA,NA,NA,NA,0.8671673666946713,0.0023758010046429348,8.603730268086496,21.687560767604904
2053,20131,Sorghum,2055671.3741418559,205.5671374141856,0.2708788080264065,all_cult,Sorghum,NA,NA,112,23023.519390388785,2515.8163861084013,668.3131565284978,143.99728822897978,212.78008242394523,5,0.8671673666946713,0.0023758010046429348,8.603730268086496,21.687560767604904
2053,20131,Soybeans,136674912.54505298,13667.491254505298,18.00985209164201,all_cult,Soybeans,0.1067341402930363,5.142857142857143,56,765379.5102522967,2515.8163861084013,668.3131565284978,143.99728822897978,212.78008242394523,5,0.8671673666946713,0.0023758010046429348,8.603730268086496,21.687560767604904
2053,20131,Wheat,9588450.555545796,958.8450555545795,1.2634840811511674,all_cult,Wheat,NA,NA,89,85337.20994435757,2352.366954345706,447.7362001431408,213.09258765182,102.35512675507547,5,0.8671673666946713,0.0023758010046429348,8.603730268086496,21.687560767604904
2053,20139,Corn,20890964.22588984,2089.096422588984,9.4988079569725965,all_cult,Corn,NA,NA,250,522274.10564724595,2582.5932098388703,703.6441233636085,141.7110650123213,153.9640143293291,5,0.9307615647447934,0.002550031684232311,9.519233557296149,22.11145119863016
2053,20139,Developed,11858545.489950646,1185.8545489950645,5.391902692479325,developed,NA,NA,NA,NA,NA,NA,NA,NA,NA,NA,0.9307615647447934,0.002550031684232311,9.519233557296149,22.11145119863016
2053,20139,Double Crop,1849135.1156913848,184.91351156913848,0.8407739901578724,all_cult,NA,NA,NA,NA,NA,NA,NA,NA,NA,NA,0.9307615647447934,0.002550031684232311,9.519233557296149,22.11145119863016
2053,20139,Grass/Pasture/Shrubland,108139234.26990536,10813.923426990536,49.1692871538651,grassPastureHay,NA,NA,NA,NA,NA,NA,NA,NA,NA,NA,0.9307615647447934,0.002550031684232311,9.519233557296149,22.11145119863016
2053,20139,Other Crops,6302951.103083336,630.2951103083336,2.86585728849129,all_cult,NA,NA,NA,NA,NA,NA,NA,NA,NA,NA,0.9307615647447934,0.002550031684232311,9.519233557296149,22.11145119863016
2053,20139,Sorghum,252758.48461129973,25.27584846112997,0.11492549021948671,all_cult,Sorghum,NA,NA,112,2830.8950276465566,2582.5932098388703,703.6441233636085,141.7110650123213,153.9640143293291,5,0.9307615647447934,0.002550031684232311,9.519233557296149,22.11145119863016
2053,20139,Soybeans,28064514.38751116,2806.4514387511163,12.76051357372463,all_cult,Soybeans,NA,NA,56,157161.28057006252,2582.5932098388703,703.6441233636085,141.7110650123213,153.9640143293291,5,0.9307615647447934,0.002550031684232311,9.519233557296149,22.11145119863016
2053,20139,Wheat,1738320.944623076,173.8320944623076,0.7903884493801757,all_cult,Wheat,NA,NA,89,15471.056407145375,2459.85069030762,461.7265648690746,213.22558251443215,122.42282696029284,5,0.9307615647447934,0.002550031684232311,9.519233557296149,22.11145119863016
2053,20149,Corn,136791901.8519852,13679.190185198519,7.982141503627487,all_cult,Corn,0.1326174661314905,62.44444444444444,250,3419797.54629963,2566.319865722659,666.1808444623151,148.6883362319238,201.72868367609485,5,0.8653571777425245,0.002370841582856232,8.989676129066805,22.184206827242104
2053,20149,Developed,87781477.02653997,8778.147702653996,5.122263537072818,developed,NA,NA,NA,NA,NA,NA,NA,NA,NA,NA,0.8653571777425245,0.002370841582856232,8.989676129066805,22.184206827242104
2053,20149,Double Crop,1803166.4492782145,180.31664492782144,0.1052191654466961,all_cult,NA,NA,NA,NA,NA,NA,NA,NA,NA,NA,0.8653571777425245,0.002370841582856232,8.989676129066805,22.184206827242104
2053,20149,Grass/Pasture/Shrubland,1058221194.9777538,105822.11949777538,61.749790785057485,grassPastureHay,NA,NA,NA,NA,NA,NA,NA,NA,NA,NA,0.8653571777425245,0.002370841582856232,8.989676129066805,22.184206827242104
2053,20149,Other Crops,34485813.7618199,3448.58137618199,2.012331443512244,all_cult,NA,NA,NA,NA,NA,NA,NA,NA,NA,NA,0.8653571777425245,0.002370841582856232,8.989676129066805,22.184206827242104
2053,20149,Sorghum,5647082.09049503,564.708209049503,0.3295210295248753,all_cult,Sorghum,NA,NA,112,63247.319413544334,2566.319865722659,666.1808444623151,148.6883362319238,201.72868367609485,5,0.8653571777425245,0.002370841582856232,8.989676129066805,22.184206827242104
2053,20149,Soybeans,153915907.33370754,15391.590733370755,8.98136903839706,all_cult,Soybeans,0.11392545848870632,51.611111111111114,56,861929.0810687622,2566.319865722659,666.1808444623151,148.6883362319238,201.72868367609485,5,0.8653571777425245,0.002370841582856232,8.989676129066805,22.184206827242104
2053,20149,Wheat,13424373.002870617,1342.4373002870618,0.7833449455387832,all_cult,Wheat,NA,NA,89,119476.9197255485,2417.858649291995,452.48713889280253,216.25148768153025,109.64376733275256,5,0.8653571777425245,0.002370841582856232,8.989676129066805,22.184206827242104
2053,20161,Corn,29887562.457934357,2988.756245793436,3.7374801575206362,all_cult,Corn,0.14127372152863188,12.444444444444445,250,747189.0614483589,2580.6119372558624,647.0761808557857,156.54929330984024,190.1761708658901,5,0.8445349172222893,0.0023137942937596968,9.063246075355867,22.394154169788123
2053,20161,Developed,93189704.06140432,9318.970406140432,11.653498685445852,developed,NA,NA,NA,NA,NA,NA,NA,NA,NA,NA,0.8445349172222893,0.0023137942937596968,9.063246075355867,22.394154169788123
2053,20161,Double Crop,2321662.5391971655,232.16625391971652,0.2903270443991936,all_cult,NA,NA,NA,NA,NA,NA,NA,NA,NA,NA,0.8445349172222893,0.0023137942937596968,9.063246075355867,22.394154169788123
2053,20161,Grass/Pasture/Shrubland,421935273.9416269,42193.527394162695,52.76357736882686,grassPastureHay,NA,NA,NA,NA,NA,NA,NA,NA,NA,NA,0.8445349172222893,0.0023137942937596968,9.063246075355867,22.394154169788123
2053,20161,Other Crops,10313350.483787943,1031.3350483787942,1.2896984437913022,all_cult,NA,NA,NA,NA,NA,NA,NA,NA,NA,NA,0.8445349172222893,0.0023137942937596968,9.063246075355867,22.394154169788123
2053,20161,Sorghum,8046145.345421317,804.6145345421318,1.0061813711092988,all_cult,Sorghum,NA,NA,112,90116.82786871876,2580.6119372558624,647.0761808557857,156.54929330984024,190.1761708658901,5,0.8445349172222893,0.0023137942937596968,9.063246075355867,22.394154169788123
2053,20161,Soybeans,56043067.26954317,5604.306726954317,7.008261452613234,all_cult,Soybeans,0.12420661341954765,10.38888888888889,56,313841.17670944176,2580.6119372558624,647.0761808557857,156.54929330984024,190.1761708658901,5,0.8445349172222893,0.0023137942937596968,9.063246075355867,22.394154169788123
2053,20161,Wheat,14763447.35949416,1476.3447359494162,1.8461890841841313,all_cult,Wheat,NA,NA,89,131394.68149949805,2432.081241455081,436.3666564166499,220.59791105628597,105.41543440398088,5,0.8445349172222893,0.0023137942937596968,9.063246075355867,22.394154169788123
2053,20177,Corn,132475537.80653152,13247.553780653152,9.091050553311547,all_cult,Corn,0.12030458771317423,83,250,3311888.445163288,2588.9755432128936,705.0776485643464,139.95655103077584,174.38040115930644,5,0.9201748303766898,0.002521026932538876,9.50413564185576,22.1375118558701
2053,20177,Developed,255013934.0237044,25501.393402370442,17.50017100813045,developed,NA,NA,NA,NA,NA,NA,NA,NA,NA,NA,0.9201748303766898,0.002521026932538876,9.50413564185576,22.1375118558701
2053,20177,Double Crop,2797246.7569815805,279.7246756981581,0.19195930130847558,all_cult,NA,NA,NA,NA,NA,NA,NA,NA,NA,NA,0.9201748303766898,0.002521026932538876,9.50413564185576,22.1375118558701
2053,20177,Grass/Pasture/Shrubland,626083355.6398722,62608.33556398722,42.96457693964075,grassPastureHay,NA,NA,NA,NA,NA,NA,NA,NA,NA,NA,0.9201748303766898,0.002521026932538876,9.50413564185576,22.1375118558701
2053,20177,Other Crops,33361526.081880283,3336.1526081880284,2.289413767762353,all_cult,NA,NA,NA,NA,NA,NA,NA,NA,NA,NA,0.9201748303766898,0.002521026932538876,9.50413564185576,22.1375118558701
2053,20177,Sorghum,2303954.5452317544,230.39545452317543,0.15810743319134585,all_cult,Sorghum,NA,NA,112,25804.29090659565,2588.9755432128936,705.0776485643464,139.95655103077584,174.38040115930644,5,0.9201748303766898,0.002521026932538876,9.50413564185576,22.1375118558701
2053,20177,Soybeans,145627766.023613,14562.7766023613,9.993613951731533,all_cult,Soybeans,0.09768281806034469,42.833333333333336,56,815515.4897322329,2588.9755432128936,705.0776485643464,139.95655103077584,174.38040115930644,5,0.9201748303766898,0.002521026932538876,9.50413564185576,22.1375118558701
2053,20177,Wheat,9565647.685078032,956.5647685078033,0.656436562704971,all_cult,Wheat,NA,NA,89,85134.26439719449,2461.22244812012,467.1842074173462,213.1230043691805,116.14635452336832,5,0.9201748303766898,0.002521026932538876,9.50413564185576,22.1375118558701
2053,20197,Corn,69733578.79693311,6973.357879693312,4.536852294529976,all_cult,Corn,0.14186117514330646,28.666666666666668,250,1743339.469923328,2573.7663299560577,688.7221417461473,144.24315522914918,188.38681232133416,5,0.895364572977978,0.0024530536245972005,9.209702641735362,22.200121384712137
2053,20197,Developed,54289406.85937861,5428.940685937861,3.5320576446519008,developed,NA,NA,NA,NA,NA,NA,NA,NA,NA,NA,0.895364572977978,0.0024530536245972005,9.209702641735362,22.200121384712137
2053,20197,Double Crop,1125869.9276987636,112.58699276987635,0.07324886594013556,all_cult,NA,NA,NA,NA,NA,NA,NA,NA,NA,NA,0.895364572977978,0.0024530536245972005,9.209702641735362,22.200121384712137
2053,20197,Grass/Pasture/Shrubland,1169502873.1037595,116950.28731037596,76.08761639426346,grassPastureHay,NA,NA,NA,NA,NA,NA,NA,NA,NA,NA,0.895364572977978,0.0024530536245972005,9.209702641735362,22.200121384712137
2053,20197,Other Crops,29094649.42529061,2909.464942529061,1.8928919077573607,all_cult,NA,NA,NA,NA,NA,NA,NA,NA,NA,NA,0.895364572977978,0.0024530536245972005,9.209702641735362,22.200121384712137
2053,20197,Sorghum,3287931.385599168,328.7931385599168,0.21391213972326276,all_cult,Sorghum,NA,NA,112,36824.831518710685,2573.7663299560577,688.7221417461473,144.24315522914918,188.38681232133416,5,0.895364572977978,0.0024530536245972005,9.209702641735362,22.200121384712137
2053,20197,Soybeans,83491332.16381498,8349.133216381497,5.431928899043218,all_cult,Soybeans,0.12942046457519057,22.77777777777778,56,467551.46011736384,2573.7663299560577,688.7221417461473,144.24315522914918,188.38681232133416,5,0.895364572977978,0.0024530536245972005,9.209702641735362,22.200121384712137
2053,20197,Wheat,7530280.724868099,753.02807248681,0.4899185152185996,all_cult,Wheat,NA,NA,89,67019.49845132609,2438.330033569339,449.96863192749026,213.025852643846,110.25497601050786,5,0.895364572977978,0.0024530536245972005,9.209702641735362,22.200121384712137
2053,20209,Corn,2798441.748604609,279.8441748604609,1.0907251789658858,all_cult,Corn,NA,NA,250,69961.04371511523,2619.088289794925,733.1032905261449,141.19873868818323,156.3750830691236,5,0.9720135502803064,0.002663050822685771,10.147938107007194,21.88962291978812
2053,20209,Developed,144515431.86680782,14451.543186680783,56.32656829996687,developed,NA,NA,NA,NA,NA,NA,NA,NA,NA,NA,0.9720135502803064,0.002663050822685771,10.147938107007194,21.88962291978812
2053,20209,Double Crop,152719.71803613545,15.271971803613546,0.05952428413764306,all_cult,NA,NA,NA,NA,NA,NA,NA,NA,NA,NA,0.9720135502803064,0.002663050822685771,10.147938107007194,21.88962291978812
2053,20209,Grass/Pasture/Shrubland,41083799.11850462,4108.379911850462,16.01288794682744,grassPastureHay,NA,NA,NA,NA,NA,NA,NA,NA,NA,NA,0.9720135502803064,0.002663050822685771,10.147938107007194,21.88962291978812
2053,20209,Other Crops,1959154.8527385148,195.91548527385146,0.7636033619211925,all_cult,NA,NA,NA,NA,NA,NA,NA,NA,NA,NA,0.9720135502803064,0.002663050822685771,10.147938107007194,21.88962291978812
2053,20209,Sorghum,54127.80426680527,5.412780426680527,0.02109694047602745,all_cult,Sorghum,NA,NA,112,606.231407788219,2619.088289794925,733.1032905261449,141.19873868818323,156.3750830691236,5,0.9720135502803064,0.002663050822685771,10.147938107007194,21.88962291978812
2053,20209,Soybeans,8244134.676247953,824.4134676247953,3.213247256139296,all_cult,Soybeans,0.14562756367793683,4.75,56,46167.15418698854,2619.088289794925,733.1032905261449,141.19873868818323,156.3750830691236,5,0.9720135502803064,0.002663050822685771,10.147938107007194,21.88962291978812
2053,20209,Wheat,234900.57353758038,23.49005735375804,0.09155522720411169,all_cult,Wheat,NA,NA,89,2090.6151044844655,2485.633027343753,480.309944979365,215.62508506319364,117.43934647959932,5,0.9720135502803064,0.002663050822685771,10.147938107007194,21.88962291978812
2054,20005,Corn,172734778.84431297,17273.477884431297,23.078910848652363,all_cult,Corn,0.10724545034749912,6.181818181818182,250,4318369.471107824,2642.474091796878,677.7579199934388,179.0323289845542,171.51555944990906,5,0.9034281478593745,0.0024751456105736288,9.672940305945014,22.274842245023567
2054,20005,Developed,36578638.84791646,3657.863884791646,4.88723319405755,developed,NA,NA,NA,NA,NA,NA,NA,NA,NA,NA,0.9034281478593745,0.0024751456105736288,9.672940305945014,22.274842245023567
2054,20005,Double Crop,1451158.554832854,145.11585548328543,0.1938877575107932,all_cult,NA,NA,NA,NA,NA,NA,NA,NA,NA,NA,0.9034281478593745,0.0024751456105736288,9.672940305945014,22.274842245023567
2054,20005,Grass/Pasture/Shrubland,215288406.86893737,21528.840686893738,28.764456018176027,grassPastureHay,NA,NA,NA,NA,NA,NA,NA,NA,NA,NA,0.9034281478593745,0.0024751456105736288,9.672940305945014,22.274842245023567
2054,20005,Other Crops,29204979.705745928,2920.4979705745927,3.902046405912905,all_cult,NA,NA,NA,NA,NA,NA,NA,NA,NA,NA,0.9034281478593745,0.0024751456105736288,9.672940305945014,22.274842245023567
2054,20005,Sorghum,732239.3724075308,73.22393724075309,0.09783372699309156,all_cult,Sorghum,NA,NA,112,8201.080970964345,2642.474091796878,677.7579199934388,179.0323289845542,171.51555944990906,5,0.9034281478593745,0.0024751456105736288,9.672940305945014,22.274842245023567
2054,20005,Soybeans,181600576.65296197,18160.057665296197,24.263460703620524,all_cult,Soybeans,0.07483265359624193,5,56,1016963.2292565871,2642.474091796878,677.7579199934388,179.0323289845542,171.51555944990906,5,0.9034281478593745,0.0024751456105736288,9.672940305945014,22.274842245023567
2054,20005,Wheat,5908069.702597459,590.8069702597459,0.7893709354082403,all_cult,Wheat,NA,NA,89,52581.82035311738,2351.172922363284,510.8381432156223,162.2176656180102,135.84963619460564,5,0.9034281478593745,0.0024751456105736288,9.672940305945014,22.274842245023567
2054,20013,Corn,113276297.82191704,11327.629782191703,25.36090350021212,all_cult,Corn,0.12646432205391206,17.5625,250,2831907.445547926,2602.6865216064484,661.7483225267824,182.4733040860428,167.759259764896,5,0.8764920871204911,0.002401348183891756,9.172873041858434,22.219329449379305
2054,20013,Developed,24170977.38782201,2417.0977387822013,5.411527714315524,developed,NA,NA,NA,NA,NA,NA,NA,NA,NA,NA,0.8764920871204911,0.002401348183891756,9.172873041858434,22.219329449379305
2054,20013,Double Crop,542048.8992527233,54.20488992527234,0.12135680712267008,all_cult,NA,NA,NA,NA,NA,NA,NA,NA,NA,NA,0.8764920871204911,0.002401348183891756,9.172873041858434,22.219329449379305
2054,20013,Grass/Pasture/Shrubland,122499833.68113159,12249.983368113159,27.425918047421547,grassPastureHay,NA,NA,NA,NA,NA,NA,NA,NA,NA,NA,0.8764920871204911,0.002401348183891756,9.172873041858434,22.219329449379305
2054,20013,Other Crops,13090232.71280689,1309.023271280689,2.9307113227404837,all_cult,NA,NA,NA,NA,NA,NA,NA,NA,NA,NA,0.8764920871204911,0.002401348183891756,9.172873041858434,22.219329449379305
2054,20013,Sorghum,333636.9508835004,33.363695088350035,0.07469642527304013,all_cult,Sorghum,NA,NA,112,3736.733849895204,2602.6865216064484,661.7483225267824,182.4733040860428,167.759259764896,5,0.8764920871204911,0.002401348183891756,9.172873041858434,22.219329449379305
2054,20013,Soybeans,123405327.24801578,12340.532724801578,27.62864479089188,all_cult,Soybeans,0.10147480973744562,10.461538461538462,56,691069.8325888884,2602.6865216064484,661.7483225267824,182.4733040860428,167.759259764896,5,0.8764920871204911,0.002401348183891756,9.172873041858434,22.219329449379305
2054,20013,Wheat,3906288.4515680084,390.6288451568008,0.8745607542714157,all_cult,Wheat,NA,NA,89,34765.96721895527,2311.866948852542,497.4592000354028,162.14057383494043,128.91610207573197,5,0.8764920871204911,0.002401348183891756,9.172873041858434,22.219329449379305
2054,20045,Corn,74392843.99321488,7439.284399321487,7.631923083362056,all_cult,Corn,0.1459526935617447,11,250,1859821.0998303718,2698.237632446292,709.8669581993064,172.05019365536262,176.204175511103,5,0.950795411730279,0.0026049189362473395,10.297571603435383,22.51317101883564
2054,20045,Developed,130402436.2681122,13040.24362681122,13.37791795635647,developed,NA,NA,NA,NA,NA,NA,NA,NA,NA,NA,0.950795411730279,0.0026049189362473395,10.297571603435383,22.51317101883564
2054,20045,Double Crop,4220114.888463862,422.01148884638627,0.4329393864098648,all_cult,NA,NA,NA,NA,NA,NA,NA,NA,NA,NA,0.950795411730279,0.0026049189362473395,10.297571603435383,22.51317101883564
2054,20045,Grass/Pasture/Shrubland,354830010.0217444,35483.00100217444,36.40182575089523,grassPastureHay,NA,NA,NA,NA,NA,NA,NA,NA,NA,NA,0.950795411730279,0.0026049189362473395,10.297571603435383,22.51317101883564
2054,20045,Other Crops,37964614.628596716,3796.4614628596714,3.8947700233285687,all_cult,NA,NA,NA,NA,NA,NA,NA,NA,NA,NA,0.950795411730279,0.0026049189362473395,10.297571603435383,22.51317101883564
2054,20045,Sorghum,671055.755263424,67.1055755263424,0.06884326010288025,all_cult,Sorghum,NA,NA,112,7515.824458950349,2698.237632446292,709.8669581993064,172.05019365536262,176.204175511103,5,0.950795411730279,0.0026049189362473395,10.297571603435383,22.51317101883564
2054,20045,Soybeans,100028766.3995359,10002.876639953589,10.261898998705805,all_cult,Soybeans,0.11420951862362651,8.5,56,560161.091837401,2698.237632446292,709.8669581993064,172.05019365536262,176.204175511103,5,0.950795411730279,0.0026049189362473395,10.297571603435383,22.51317101883564
2054,20045,Wheat,7085783.937909698,708.5783937909698,0.7269268802840957,all_cult,Wheat,NA,NA,89,63063.477047396314,2412.783024902347,563.0398087700644,164.24348811275678,145.79510609918725,5,0.950795411730279,0.0026049189362473395,10.297571603435383,22.51317101883564
2054,20061,Corn,31722102.062803604,3172.21020628036,4.044269831598419,all_cult,Corn,0.16936452361704205,12.944444444444445,250,793052.55157009,2630.5852502441435,639.6103723095619,194.2244363550313,184.42626840486244,5,0.8369242111030843,0.002292943044118039,9.493995160664621,22.624735525470914
2054,20061,Developed,61171563.9285717,6117.15639285717,7.798799400437711,developed,NA,NA,NA,NA,NA,NA,NA,NA,NA,NA,0.8369242111030843,0.002292943044118039,9.493995160664621,22.624735525470914
2054,20061,Double Crop,5604030.762346523,560.4030762346523,0.7144612454318694,all_cult,NA,NA,NA,NA,NA,NA,NA,NA,NA,NA,0.8369242111030843,0.002292943044118039,9.493995160664621,22.624735525470914
2054,20061,Grass/Pasture/Shrubland,476190220.2809351,47619.02202809351,60.70977699307564,grassPastureHay,NA,NA,NA,NA,NA,NA,NA,NA,NA,NA,0.8369242111030843,0.002292943044118039,9.493995160664621,22.624735525470914
2054,20061,Other Crops,18227803.79878525,1822.7803798785249,2.323873646638379,all_cult,NA,NA,NA,NA,NA,NA,NA,NA,NA,NA,0.8369242111030843,0.002292943044118039,9.493995160664621,22.624735525470914
2054,20061,Sorghum,5491901.736070833,549.1901736070832,0.7001658485721192,all_cult,Sorghum,NA,NA,112,61509.299443993325,2630.5852502441435,639.6103723095619,194.2244363550313,184.42626840486244,5,0.8369242111030843,0.002292943044118039,9.493995160664621,22.624735525470914
2054,20061,Soybeans,39491221.54782481,3949.1221547824807,5.03475953777074,all_cult,Soybeans,0.12217913528938978,7.666666666666667,56,221150.8406678189,2630.5852502441435,639.6103723095619,194.2244363550313,184.42626840486244,5,0.8369242111030843,0.002292943044118039,9.493995160664621,22.624735525470914
2054,20061,Wheat,15495075.277191846,1549.5075277191845,1.9754764472362665,all_cult,Wheat,NA,NA,89,137906.16996700742,2366.7962854003936,501.48347436192705,178.63814531769674,131.8669781190149,5,0.8369242111030843,0.002292943044118039,9.493995160664621,22.624735525470914
2054,20085,Corn,134933024.35661882,13493.30243566188,7.9306511901880965,all_cult,Corn,NA,NA,250,3373325.60891547,2621.6080157470733,672.0818438842355,183.2722883050695,184.94654444073385,5,0.8875220618549203,0.0024315672927532066,9.400696202108328,22.400432630565092
2054,20085,Developed,75618361.35140783,7561.836135140783,4.444448275810096,developed,NA,NA,NA,NA,NA,NA,NA,NA,NA,NA,0.8875220618549203,0.0024315672927532066,9.400696202108328,22.400432630565092
2054,20085,Double Crop,1864792.83802623,186.479283802623,0.10960268333762817,all_cult,NA,NA,NA,NA,NA,NA,NA,NA,NA,NA,0.8875220618549203,0.0024315672927532066,9.400696202108328,22.400432630565092
2054,20085,Grass/Pasture/Shrubland,941187748.5802637,94118.77485802637,55.31804963283908,grassPastureHay,NA,NA,NA,NA,NA,NA,NA,NA,NA,NA,0.8875220618549203,0.0024315672927532066,9.400696202108328,22.400432630565092
2054,20085,Other Crops,98052397.627671,9805.2397627671,5.7630025537076115,all_cult,NA,NA,NA,NA,NA,NA,NA,NA,NA,NA,0.8875220618549203,0.0024315672927532066,9.400696202108328,22.400432630565092
2054,20085,Sorghum,4069081.398774073,406.9081398774073,0.23915913388905596,all_cult,Sorghum,NA,NA,112,45573.71166626961,2621.6080157470733,672.0818438842355,183.2722883050695,184.94654444073385,5,0.8875220618549203,0.0024315672927532066,9.400696202108328,22.400432630565092
2054,20085,Soybeans,170772946.2930534,17077.29462930534,10.037132690300496,all_cult,Soybeans,NA,NA,56,956328.499241099,2621.6080157470733,672.0818438842355,183.2722883050695,184.94654444073385,5,0.8875220618549203,0.0024315672927532066,9.400696202108328,22.400432630565092
2054,20085,Wheat,13725583.902961861,1372.5583902961862,0.8067173980208171,all_cult,Wheat,NA,NA,89,122157.69673636057,2343.9420831298858,502.6435794938519,166.19896634061044,134.69538710195243,5,0.8875220618549203,0.0024315672927532066,9.400696202108328,22.400432630565092
2054,20087,Corn,155094058.297135,15509.4058297135,10.788896738521789,all_cult,Corn,0.13078338055311117,25.77777777777778,250,3877351.457428375,2658.799188232425,698.6904943119504,177.88084664060122,181.2457116226101,5,0.9278678855764609,0.0025421037960998926,9.936123816085212,22.349959549577292
2054,20087,Developed,83037617.78054704,8303.761778054704,5.7763933285619125,developed,NA,NA,NA,NA,NA,NA,NA,NA,NA,NA,0.9278678855764609,0.0025421037960998926,9.936123816085212,22.349959549577292
2054,20087,Double Crop,3214015.8179615135,321.4015817961514,0.2235784217441099,all_cult,NA,NA,NA,NA,NA,NA,NA,NA,NA,NA,0.9278678855764609,0.0025421037960998926,9.936123816085212,22.349959549577292
2054,20087,Grass/Pasture/Shrubland,533878677.1787268,53387.86771787268,37.138507962340775,grassPastureHay,NA,NA,NA,NA,NA,NA,NA,NA,NA,NA,0.9278678855764609,0.0025421037960998926,9.936123816085212,22.349959549577292
2054,20087,Other Crops,67978226.39294052,6797.822639294052,4.728808266891807,all_cult,NA,NA,NA,NA,NA,NA,NA,NA,NA,NA,0.9278678855764609,0.0025421037960998926,9.936123816085212,22.349959549577292
2054,20087,Sorghum,2078940.1655916602,207.89401655916603,0.1446185045281528,all_cult,Sorghum,NA,NA,112,23284.129854626597,2658.799188232425,698.6904943119504,177.88084664060122,181.2457116226101,5,0.9278678855764609,0.0025421037960998926,9.936123816085212,22.349959549577292
2054,20087,Soybeans,173639107.61438552,17363.91076143855,12.078956617613274,all_cult,Soybeans,0.09985991575255485,13.833333333333334,56,972379.0026405589,2658.799188232425,698.6904943119504,177.88084664060122,181.2457116226101,5,0.9278678855764609,0.0025421037960998926,9.936123816085212,22.349959549577292
2054,20087,Wheat,7377427.0278590415,737.7427027859042,0.5132001784817648,all_cult,Wheat,NA,NA,89,65659.10054794548,2378.330984497073,537.4483338041402,163.68926558249856,140.59919306004326,5,0.9278678855764609,0.0025421037960998926,9.936123816085212,22.349959549577292
2054,20091,Corn,20137063.169311535,2013.7063169311532,3.334881975218613,all_cult,Corn,0.14955141172933145,4,250,503426.5792327883,2710.6932696533236,713.6085498393488,168.8360394924038,178.63685619615472,5,0.9758726397862895,0.0026736236706473683,10.522417610900066,22.38261441165456
2054,20091,Developed,271607528.4848879,27160.752848488788,44.98069273866694,developed,NA,NA,NA,NA,NA,NA,NA,NA,NA,NA,0.9758726397862895,0.0026736236706473683,10.522417610900066,22.38261441165456
2054,20091,Double Crop,2013905.6882216034,201.39056882216036,0.3335212152324038,all_cult,NA,NA,NA,NA,NA,NA,NA,NA,NA,NA,0.9758726397862895,0.0026736236706473683,10.522417610900066,22.38261441165456
2054,20091,Grass/Pasture/Shrubland,139667491.4795437,13966.749147954368,23.130214964462166,grassPastureHay,NA,NA,NA,NA,NA,NA,NA,NA,NA,NA,0.9758726397862895,0.0026736236706473683,10.522417610900066,22.38261441165456
2054,20091,Other Crops,14581458.923742233,1458.1458923742232,2.4148230617504245,all_cult,NA,NA,NA,NA,NA,NA,NA,NA,NA,NA,0.9758726397862895,0.0026736236706473683,10.522417610900066,22.38261441165456
2054,20091,Sorghum,265245.84730308503,26.524584730308504,0.043927140106542625,all_cult,Sorghum,NA,NA,112,2970.7534897945525,2710.6932696533236,713.6085498393488,168.8360394924038,178.63685619615472,5,0.9758726397862895,0.0026736236706473683,10.522417610900066,22.38261441165456
2054,20091,Soybeans,40506888.73460731,4050.688873460731,6.708311533684595,all_cult,Soybeans,NA,NA,56,226838.57691380093,2710.6932696533236,713.6085498393488,168.8360394924038,178.63685619615472,5,0.9758726397862895,0.0026736236706473683,10.522417610900066,22.38261441165456
2054,20091,Wheat,3047090.5931461067,304.70905931461067,0.5046260922212007,all_cult,Wheat,NA,NA,89,27119.10627900035,2417.4392810058625,588.0331773049736,163.37519619522163,169.4846313003529,5,0.9758726397862895,0.0026736236706473683,10.522417610900066,22.38261441165456
2054,20103,Corn,55676654.53817842,5567.665453817842,6.162232243462533,all_cult,Corn,0.09926099891867379,4.75,250,1391916.3634544604,2691.6294274902375,690.2018663573037,171.48561116067364,157.04628636991515,5,0.9351875456049735,0.0025621576591917084,10.248011892658413,22.414969984080717
2054,20103,Developed,66222526.18511143,6622.252618511144,7.329437975150055,developed,NA,NA,NA,NA,NA,NA,NA,NA,NA,NA,0.9351875456049735,0.0025621576591917084,10.248011892658413,22.414969984080717
2054,20103,Double Crop,2239300.7972116056,223.93007972116058,0.2478434038440015,all_cult,NA,NA,NA,NA,NA,NA,NA,NA,NA,NA,0.9351875456049735,0.0025621576591917084,10.248011892658413,22.414969984080717
2054,20103,Grass/Pasture/Shrubland,361083573.13099504,36108.3573130995,39.96434152498699,grassPastureHay,NA,NA,NA,NA,NA,NA,NA,NA,NA,NA,0.9351875456049735,0.0025621576591917084,10.248011892658413,22.414969984080717
2054,20103,Other Crops,54377617.6404599,5437.76176404599,6.018456236750789,all_cult,NA,NA,NA,NA,NA,NA,NA,NA,NA,NA,0.9351875456049735,0.0025621576591917084,10.248011892658413,22.414969984080717
2054,20103,Sorghum,567901.3203360821,56.79013203360822,0.06285470735100035,all_cult,Sorghum,NA,NA,112,6360.494787764121,2691.6294274902375,690.2018663573037,171.48561116067364,157.04628636991515,5,0.9351875456049735,0.0025621576591917084,10.248011892658413,22.414969984080717
2054,20103,Soybeans,101039226.18326606,10103.922618326606,11.18291288522158,all_cult,Soybeans,0.11410095968932568,4.571428571428571,56,565819.66662629,2691.6294274902375,690.2018663573037,171.48561116067364,157.04628636991515,5,0.9351875456049735,0.0025621576591917084,10.248011892658413,22.414969984080717
2054,20103,Wheat,4817340.8524583215,481.7340852458321,0.5331781044497215,all_cult,Wheat,NA,NA,89,42874.33358687905,2399.8278295898467,549.9301977287874,161.60301432699302,141.52494128261094,5,0.9351875456049735,0.0025621576591917084,10.248011892658413,22.414969984080717
2054,20117,Corn,1797933.5665907045,179.79335665907044,8.787790125047634,all_cult,Corn,0.16261062771687598,15.722222222222221,250,44948.33916476761,2570.4182122802763,662.7543636551104,194.96277570912673,184.25590267244772,5,0.8509548721976521,0.0023313832115004164,8.924543306533627,22.052303433352975
2054,20117,Developed,709093.4285035765,70.90934285035766,3.465847873654197,developed,NA,NA,NA,NA,NA,NA,NA,NA,NA,NA,0.8509548721976521,0.0023313832115004164,8.924543306533627,22.052303433352975
2054,20117,Double Crop,17005.082052877187,1.700508205287719,0.08311602548433755,all_cult,NA,NA,NA,NA,NA,NA,NA,NA,NA,NA,0.8509548721976521,0.0023313832115004164,8.924543306533627,22.052303433352975
2054,20117,Grass/Pasture/Shrubland,13608757.209524421,1360.8757209524422,66.51575143947134,grassPastureHay,NA,NA,NA,NA,NA,NA,NA,NA,NA,NA,0.8509548721976521,0.0023313832115004164,8.924543306533627,22.052303433352975
2054,20117,Other Crops,368569.7378671669,36.856973786716694,1.801464505144208,all_cult,NA,NA,NA,NA,NA,NA,NA,NA,NA,NA,0.8509548721976521,0.0023313832115004164,8.924543306533627,22.052303433352975
2054,20117,Sorghum,113210.96189225193,11.321096189225193,0.5533431220433721,all_cult,Sorghum,NA,NA,112,1267.9627731932217,2570.4182122802763,662.7543636551104,194.96277570912673,184.25590267244772,5,0.8509548721976521,0.0023313832115004164,8.924543306533627,22.052303433352975
2054,20117,Soybeans,2250086.8872694396,225.00868872694397,10.99778751332857,all_cult,Soybeans,0.12228514283699721,8.25,56,12600.486568708862,2570.4182122802763,662.7543636551104,194.96277570912673,184.25590267244772,5,0.8509548721976521,0.0023313832115004164,8.924543306533627,22.052303433352975
2054,20117,Wheat,234744.84118524572,23.474484118524572,1.1473663074132867,all_cult,Wheat,NA,NA,89,2089.229086548687,2287.739060668948,487.21947534001015,173.9389384088552,132.884187245882,5,0.8509548721976521,0.0023313832115004164,8.924543306533627,22.052303433352975
2054,20127,Corn,10941387.892613748,1094.1387892613748,4.064821675495574,all_cult,Corn,NA,NA,250,273534.6973153437,2631.650845336917,650.3826059638469,196.5877486701627,182.80613904028428,5,0.8551391821876958,0.002342847074486838,9.524989114003661,22.60170617508564
2054,20127,Developed,12128694.282144045,1212.8694282144045,4.50591642462472,developed,NA,NA,NA,NA,NA,NA,NA,NA,NA,NA,0.8551391821876958,0.002342847074486838,9.524989114003661,22.60170617508564
2054,20127,Double Crop,4499199.088895911,449.9199088895911,1.671491967784096,all_cult,NA,NA,NA,NA,NA,NA,NA,NA,NA,NA,0.8551391821876958,0.002342847074486838,9.524989114003661,22.60170617508564
2054,20127,Grass/Pasture/Shrubland,158101691.18434784,15810.169118434784,58.73616652348874,grassPastureHay,NA,NA,NA,NA,NA,NA,NA,NA,NA,NA,0.8551391821876958,0.002342847074486838,9.524989114003661,22.60170617508564
2054,20127,Other Crops,10981377.128665583,1098.1377128665583,4.079678027823576,all_cult,NA,NA,NA,NA,NA,NA,NA,NA,NA,NA,0.8551391821876958,0.002342847074486838,9.524989114003661,22.60170617508564
2054,20127,Sorghum,7272388.587591114,727.2388587591115,2.701756217181813,all_cult,Sorghum,NA,NA,112,81450.75218102049,2631.650845336917,650.3826059638469,196.5877486701627,182.80613904028428,5,0.8551391821876958,0.002342847074486838,9.524989114003661,22.60170617508564
2054,20127,Soybeans,28686301.015498407,2868.6301015498407,10.657212713965244,all_cult,Soybeans,0.11686486262093489,4,56,160643.2856867911,2631.650845336917,650.3826059638469,196.5877486701627,182.80613904028428,5,0.8551391821876958,0.002342847074486838,9.524989114003661,22.60170617508564
2054,20127,Wheat,20934850.636842933,2093.485063684293,7.777480834890052,all_cult,Wheat,NA,NA,89,186320.17066790207,2367.9738726806668,530.5952715702881,183.82788305698915,131.1159171699534,5,0.8551391821876958,0.002342847074486838,9.524989114003661,22.60170617508564
2054,20131,Corn,124792211.963085,12479.2211963085,16.444051346315263,all_cult,Corn,0.12528513936677563,9.454545454545455,250,3119805.299077125,2571.621257934574,650.2446534833595,187.68301589582063,172.62695155864878,5,0.849733200028152,0.00232803616446069,8.941170370023567,22.005297684342917
2054,20131,Developed,34827921.40223819,3482.792140223819,4.589325878711502,developed,NA,NA,NA,NA,NA,NA,NA,NA,NA,NA,0.849733200028152,0.00232803616446069,8.941170370023567,22.005297684342917
2054,20131,Double Crop,1288597.7379512293,128.85977379512295,0.1698003988733199,all_cult,NA,NA,NA,NA,NA,NA,NA,NA,NA,NA,0.849733200028152,0.00232803616446069,8.941170370023567,22.005297684342917
2054,20131,Grass/Pasture/Shrubland,328086582.4549448,32808.65824549448,43.232446344665604,grassPastureHay,NA,NA,NA,NA,NA,NA,NA,NA,NA,NA,0.849733200028152,0.00232803616446069,8.941170370023567,22.005297684342917
2054,20131,Other Crops,27101730.321978156,2710.1730321978157,3.5712344382550913,all_cult,NA,NA,NA,NA,NA,NA,NA,NA,NA,NA,0.849733200028152,0.00232803616446069,8.941170370023567,22.005297684342917
2054,20131,Sorghum,2055671.3741418559,205.5671374141856,0.2708788080264065,all_cult,Sorghum,NA,NA,112,23023.519390388785,2571.621257934574,650.2446534833595,187.68301589582063,172.62695155864878,5,0.849733200028152,0.00232803616446069,8.941170370023567,22.005297684342917
2054,20131,Soybeans,136674912.54505298,13667.491254505298,18.00985209164201,all_cult,Soybeans,0.1067341402930363,5.142857142857143,56,765379.5102522967,2571.621257934574,650.2446534833595,187.68301589582063,172.62695155864878,5,0.849733200028152,0.00232803616446069,8.941170370023567,22.005297684342917
2054,20131,Wheat,9588450.555545796,958.8450555545795,1.2634840811511674,all_cult,Wheat,NA,NA,89,85337.20994435757,2282.326103515628,480.53573559670616,166.92747255656937,122.49276942281566,5,0.849733200028152,0.00232803616446069,8.941170370023567,22.005297684342917
2054,20139,Corn,20890964.22588984,2089.096422588984,9.4988079569725965,all_cult,Corn,NA,NA,250,522274.10564724595,2658.463356933597,696.0872458310544,177.695399537818,176.6753208770338,5,0.93003266495168,0.0025480346984977534,9.889459730174467,22.45920234575666
2054,20139,Developed,11858545.489950646,1185.8545489950645,5.391902692479325,developed,NA,NA,NA,NA,NA,NA,NA,NA,NA,NA,0.93003266495168,0.0025480346984977534,9.889459730174467,22.45920234575666
2054,20139,Double Crop,1849135.1156913848,184.91351156913848,0.8407739901578724,all_cult,NA,NA,NA,NA,NA,NA,NA,NA,NA,NA,0.93003266495168,0.0025480346984977534,9.889459730174467,22.45920234575666
2054,20139,Grass/Pasture/Shrubland,108139234.26990536,10813.923426990536,49.1692871538651,grassPastureHay,NA,NA,NA,NA,NA,NA,NA,NA,NA,NA,0.93003266495168,0.0025480346984977534,9.889459730174467,22.45920234575666
2054,20139,Other Crops,6302951.103083336,630.2951103083336,2.86585728849129,all_cult,NA,NA,NA,NA,NA,NA,NA,NA,NA,NA,0.93003266495168,0.0025480346984977534,9.889459730174467,22.45920234575666
2054,20139,Sorghum,252758.48461129973,25.27584846112997,0.11492549021948671,all_cult,Sorghum,NA,NA,112,2830.8950276465566,2658.463356933597,696.0872458310544,177.695399537818,176.6753208770338,5,0.93003266495168,0.0025480346984977534,9.889459730174467,22.45920234575666
2054,20139,Soybeans,28064514.38751116,2806.4514387511163,12.76051357372463,all_cult,Soybeans,NA,NA,56,157161.28057006252,2658.463356933597,696.0872458310544,177.695399537818,176.6753208770338,5,0.93003266495168,0.0025480346984977534,9.889459730174467,22.45920234575666
2054,20139,Wheat,1738320.944623076,173.8320944623076,0.7903884493801757,all_cult,Wheat,NA,NA,89,15471.056407145375,2386.7500177001984,556.639285720603,167.23350038644998,140.27812540135469,5,0.93003266495168,0.0025480346984977534,9.889459730174467,22.45920234575666
2054,20149,Corn,136791901.8519852,13679.190185198519,7.982141503627487,all_cult,Corn,0.1326174661314905,62.44444444444444,250,3419797.54629963,2617.5130108642607,655.8785690002915,191.1817324971119,179.72287896154245,5,0.8501222015348803,0.0023291019220133707,9.300347582673396,22.49178916617618
2054,20149,Developed,87781477.02653997,8778.147702653996,5.122263537072818,developed,NA,NA,NA,NA,NA,NA,NA,NA,NA,NA,0.8501222015348803,0.0023291019220133707,9.300347582673396,22.49178916617618
2054,20149,Double Crop,1803166.4492782145,180.31664492782144,0.1052191654466961,all_cult,NA,NA,NA,NA,NA,NA,NA,NA,NA,NA,0.8501222015348803,0.0023291019220133707,9.300347582673396,22.49178916617618
2054,20149,Grass/Pasture/Shrubland,1058221194.9777538,105822.11949777538,61.749790785057485,grassPastureHay,NA,NA,NA,NA,NA,NA,NA,NA,NA,NA,0.8501222015348803,0.0023291019220133707,9.300347582673396,22.49178916617618
2054,20149,Other Crops,34485813.7618199,3448.58137618199,2.012331443512244,all_cult,NA,NA,NA,NA,NA,NA,NA,NA,NA,NA,0.8501222015348803,0.0023291019220133707,9.300347582673396,22.49178916617618
2054,20149,Sorghum,5647082.09049503,564.708209049503,0.3295210295248753,all_cult,Sorghum,NA,NA,112,63247.319413544334,2617.5130108642607,655.8785690002915,191.1817324971119,179.72287896154245,5,0.8501222015348803,0.0023291019220133707,9.300347582673396,22.49178916617618
2054,20149,Soybeans,153915907.33370754,15391.590733370755,8.98136903839706,all_cult,Soybeans,0.11392545848870632,51.611111111111114,56,861929.0810687622,2617.5130108642607,655.8785690002915,191.1817324971119,179.72287896154245,5,0.8501222015348803,0.0023291019220133707,9.300347582673396,22.49178916617618
2054,20149,Wheat,13424373.002870617,1342.4373002870618,0.7833449455387832,all_cult,Wheat,NA,NA,89,119476.9197255485,2344.3329425048855,488.53459396545657,171.87485332688766,130.7096745165918,5,0.8501222015348803,0.0023291019220133707,9.300347582673396,22.49178916617618
2054,20161,Corn,29887562.457934357,2988.756245793436,3.7374801575206362,all_cult,Corn,0.14127372152863188,12.444444444444445,250,747189.0614483589,2627.9923486328153,634.3364053874103,194.6433579571569,176.76343219162865,5,0.8248601331902626,0.002259890775863733,9.376420931881444,22.677401022715134
2054,20161,Developed,93189704.06140432,9318.970406140432,11.653498685445852,developed,NA,NA,NA,NA,NA,NA,NA,NA,NA,NA,0.8248601331902626,0.002259890775863733,9.376420931881444,22.677401022715134
2054,20161,Double Crop,2321662.5391971655,232.16625391971652,0.2903270443991936,all_cult,NA,NA,NA,NA,NA,NA,NA,NA,NA,NA,0.8248601331902626,0.002259890775863733,9.376420931881444,22.677401022715134
2054,20161,Grass/Pasture/Shrubland,421935273.9416269,42193.527394162695,52.76357736882686,grassPastureHay,NA,NA,NA,NA,NA,NA,NA,NA,NA,NA,0.8248601331902626,0.002259890775863733,9.376420931881444,22.677401022715134
2054,20161,Other Crops,10313350.483787943,1031.3350483787942,1.2896984437913022,all_cult,NA,NA,NA,NA,NA,NA,NA,NA,NA,NA,0.8248601331902626,0.002259890775863733,9.376420931881444,22.677401022715134
2054,20161,Sorghum,8046145.345421317,804.6145345421318,1.0061813711092988,all_cult,Sorghum,NA,NA,112,90116.82786871876,2627.9923486328153,634.3364053874103,194.6433579571569,176.76343219162865,5,0.8248601331902626,0.002259890775863733,9.376420931881444,22.677401022715134
2054,20161,Soybeans,56043067.26954317,5604.306726954317,7.008261452613234,all_cult,Soybeans,0.12420661341954765,10.38888888888889,56,313841.17670944176,2627.9923486328153,634.3364053874103,194.6433579571569,176.76343219162865,5,0.8248601331902626,0.002259890775863733,9.376420931881444,22.677401022715134
2054,20161,Wheat,14763447.35949416,1476.3447359494162,1.8461890841841313,all_cult,Wheat,NA,NA,89,131394.68149949805,2360.457203979495,483.53365213569737,176.43861593331195,123.93858382703084,5,0.8248601331902626,0.002259890775863733,9.376420931881444,22.677401022715134
2054,20177,Corn,132475537.80653152,13247.553780653152,9.091050553311547,all_cult,Corn,0.12030458771317423,83,250,3311888.445163288,2658.6986248779326,689.0652406448949,179.88241886376713,194.27560470857944,5,0.9113003135178238,0.0024967131877200654,9.86154855388487,22.478116421634226
2054,20177,Developed,255013934.0237044,25501.393402370442,17.50017100813045,developed,NA,NA,NA,NA,NA,NA,NA,NA,NA,NA,0.9113003135178238,0.0024967131877200654,9.86154855388487,22.478116421634226
2054,20177,Double Crop,2797246.7569815805,279.7246756981581,0.19195930130847558,all_cult,NA,NA,NA,NA,NA,NA,NA,NA,NA,NA,0.9113003135178238,0.0024967131877200654,9.86154855388487,22.478116421634226
2054,20177,Grass/Pasture/Shrubland,626083355.6398722,62608.33556398722,42.96457693964075,grassPastureHay,NA,NA,NA,NA,NA,NA,NA,NA,NA,NA,0.9113003135178238,0.0024967131877200654,9.86154855388487,22.478116421634226
2054,20177,Other Crops,33361526.081880283,3336.1526081880284,2.289413767762353,all_cult,NA,NA,NA,NA,NA,NA,NA,NA,NA,NA,0.9113003135178238,0.0024967131877200654,9.86154855388487,22.478116421634226
2054,20177,Sorghum,2303954.5452317544,230.39545452317543,0.15810743319134585,all_cult,Sorghum,NA,NA,112,25804.29090659565,2658.6986248779326,689.0652406448949,179.88241886376713,194.27560470857944,5,0.9113003135178238,0.0024967131877200654,9.86154855388487,22.478116421634226
2054,20177,Soybeans,145627766.023613,14562.7766023613,9.993613951731533,all_cult,Soybeans,0.09768281806034469,42.833333333333336,56,815515.4897322329,2658.6986248779326,689.0652406448949,179.88241886376713,194.27560470857944,5,0.9113003135178238,0.0024967131877200654,9.86154855388487,22.478116421634226
2054,20177,Wheat,9565647.685078032,956.5647685078033,0.656436562704971,all_cult,Wheat,NA,NA,89,85134.26439719449,2387.8885620117217,535.7107560823551,166.792215998851,140.90938803504804,5,0.9113003135178238,0.0024967131877200654,9.86154855388487,22.478116421634226
2054,20197,Corn,69733578.79693311,6973.357879693312,4.536852294529976,all_cult,Corn,0.14186117514330646,28.666666666666668,250,1743339.469923328,2631.2024249267606,664.3990102652231,184.230230888984,187.07794451837492,5,0.8695774716532968,0.0023824040319268404,9.521925993618924,22.515362247832858
2054,20197,Developed,54289406.85937861,5428.940685937861,3.5320576446519008,developed,NA,NA,NA,NA,NA,NA,NA,NA,NA,NA,0.8695774716532968,0.0023824040319268404,9.521925993618924,22.515362247832858
2054,20197,Double Crop,1125869.9276987636,112.58699276987635,0.07324886594013556,all_cult,NA,NA,NA,NA,NA,NA,NA,NA,NA,NA,0.8695774716532968,0.0023824040319268404,9.521925993618924,22.515362247832858
2054,20197,Grass/Pasture/Shrubland,1169502873.1037595,116950.28731037596,76.08761639426346,grassPastureHay,NA,NA,NA,NA,NA,NA,NA,NA,NA,NA,0.8695774716532968,0.0023824040319268404,9.521925993618924,22.515362247832858
2054,20197,Other Crops,29094649.42529061,2909.464942529061,1.8928919077573607,all_cult,NA,NA,NA,NA,NA,NA,NA,NA,NA,NA,0.8695774716532968,0.0023824040319268404,9.521925993618924,22.515362247832858
2054,20197,Sorghum,3287931.385599168,328.7931385599168,0.21391213972326276,all_cult,Sorghum,NA,NA,112,36824.831518710685,2631.2024249267606,664.3990102652231,184.230230888984,187.07794451837492,5,0.8695774716532968,0.0023824040319268404,9.521925993618924,22.515362247832858
2054,20197,Soybeans,83491332.16381498,8349.133216381497,5.431928899043218,all_cult,Soybeans,0.12942046457519057,22.77777777777778,56,467551.46011736384,2631.2024249267606,664.3990102652231,184.230230888984,187.07794451837492,5,0.8695774716532968,0.0023824040319268404,9.521925993618924,22.515362247832858
2054,20197,Wheat,7530280.724868099,753.02807248681,0.4899185152185996,all_cult,Wheat,NA,NA,89,67019.49845132609,2364.412501220706,512.3194363749769,168.36181425901958,135.31444189570468,5,0.8695774716532968,0.0023824040319268404,9.521925993618924,22.515362247832858
2054,20209,Corn,2798441.748604609,279.8441748604609,1.0907251789658858,all_cult,Corn,NA,NA,250,69961.04371511523,2723.1500561523467,697.3625388397427,168.29820496290574,155.56997014403808,5,0.9512978967917687,0.0026062956076486816,10.612316936336175,22.266564707298823
2054,20209,Developed,144515431.86680782,14451.543186680783,56.32656829996687,developed,NA,NA,NA,NA,NA,NA,NA,NA,NA,NA,0.9512978967917687,0.0026062956076486816,10.612316936336175,22.266564707298823
2054,20209,Double Crop,152719.71803613545,15.271971803613546,0.05952428413764306,all_cult,NA,NA,NA,NA,NA,NA,NA,NA,NA,NA,0.9512978967917687,0.0026062956076486816,10.612316936336175,22.266564707298823
2054,20209,Grass/Pasture/Shrubland,41083799.11850462,4108.379911850462,16.01288794682744,grassPastureHay,NA,NA,NA,NA,NA,NA,NA,NA,NA,NA,0.9512978967917687,0.0026062956076486816,10.612316936336175,22.266564707298823
2054,20209,Other Crops,1959154.8527385148,195.91548527385146,0.7636033619211925,all_cult,NA,NA,NA,NA,NA,NA,NA,NA,NA,NA,0.9512978967917687,0.0026062956076486816,10.612316936336175,22.266564707298823
2054,20209,Sorghum,54127.80426680527,5.412780426680527,0.02109694047602745,all_cult,Sorghum,NA,NA,112,606.231407788219,2723.1500561523467,697.3625388397427,168.29820496290574,155.56997014403808,5,0.9512978967917687,0.0026062956076486816,10.612316936336175,22.266564707298823
2054,20209,Soybeans,8244134.676247953,824.4134676247953,3.213247256139296,all_cult,Soybeans,0.14562756367793683,4.75,56,46167.15418698854,2723.1500561523467,697.3625388397427,168.29820496290574,155.56997014403808,5,0.9512978967917687,0.0026062956076486816,10.612316936336175,22.266564707298823
2054,20209,Wheat,234900.57353758038,23.49005735375804,0.09155522720411169,all_cult,Wheat,NA,NA,89,2090.6151044844655,2410.1443200683625,565.5084255499464,160.46616067552063,149.1146834837816,5,0.9512978967917687,0.0026062956076486816,10.612316936336175,22.266564707298823
2055,20005,Corn,172734778.84431297,17273.477884431297,23.078910848652363,all_cult,Corn,0.10724545034749912,6.181818181818182,250,4318369.471107824,2626.5827856445344,639.7050069897239,60.68248764434503,221.8610634515255,5,0.8066895628382326,0.002210108391337623,9.563026850452184,22.36760847535854
2055,20005,Developed,36578638.84791646,3657.863884791646,4.88723319405755,developed,NA,NA,NA,NA,NA,NA,NA,NA,NA,NA,0.8066895628382326,0.002210108391337623,9.563026850452184,22.36760847535854
2055,20005,Double Crop,1451158.554832854,145.11585548328543,0.1938877575107932,all_cult,NA,NA,NA,NA,NA,NA,NA,NA,NA,NA,0.8066895628382326,0.002210108391337623,9.563026850452184,22.36760847535854
2055,20005,Grass/Pasture/Shrubland,215288406.86893737,21528.840686893738,28.764456018176027,grassPastureHay,NA,NA,NA,NA,NA,NA,NA,NA,NA,NA,0.8066895628382326,0.002210108391337623,9.563026850452184,22.36760847535854
2055,20005,Other Crops,29204979.705745928,2920.4979705745927,3.902046405912905,all_cult,NA,NA,NA,NA,NA,NA,NA,NA,NA,NA,0.8066895628382326,0.002210108391337623,9.563026850452184,22.36760847535854
2055,20005,Sorghum,732239.3724075308,73.22393724075309,0.09783372699309156,all_cult,Sorghum,NA,NA,112,8201.080970964345,2626.5827856445344,639.7050069897239,60.68248764434503,221.8610634515255,5,0.8066895628382326,0.002210108391337623,9.563026850452184,22.36760847535854
2055,20005,Soybeans,181600576.65296197,18160.057665296197,24.263460703620524,all_cult,Soybeans,0.07483265359624193,5,56,1016963.2292565871,2626.5827856445344,639.7050069897239,60.68248764434503,221.8610634515255,5,0.8066895628382326,0.002210108391337623,9.563026850452184,22.36760847535854
2055,20005,Wheat,5908069.702597459,590.8069702597459,0.7893709354082403,all_cult,Wheat,NA,NA,89,52581.82035311738,2392.046359863284,407.54000281110086,84.0350745554393,119.72264304243404,5,0.8066895628382326,0.002210108391337623,9.563026850452184,22.36760847535854
2055,20013,Corn,113276297.82191704,11327.629782191703,25.36090350021212,all_cult,Corn,0.12646432205391206,17.5625,250,2831907.445547926,2590.2386553955107,637.8154076243829,62.52743650918084,252.42268619712252,5,0.7984548249509407,0.0021875474656190153,9.056041393541333,22.359076897608112
2055,20013,Developed,24170977.38782201,2417.0977387822013,5.411527714315524,developed,NA,NA,NA,NA,NA,NA,NA,NA,NA,NA,0.7984548249509407,0.0021875474656190153,9.056041393541333,22.359076897608112
2055,20013,Double Crop,542048.8992527233,54.20488992527234,0.12135680712267008,all_cult,NA,NA,NA,NA,NA,NA,NA,NA,NA,NA,0.7984548249509407,0.0021875474656190153,9.056041393541333,22.359076897608112
2055,20013,Grass/Pasture/Shrubland,122499833.68113159,12249.983368113159,27.425918047421547,grassPastureHay,NA,NA,NA,NA,NA,NA,NA,NA,NA,NA,0.7984548249509407,0.0021875474656190153,9.056041393541333,22.359076897608112
2055,20013,Other Crops,13090232.71280689,1309.023271280689,2.9307113227404837,all_cult,NA,NA,NA,NA,NA,NA,NA,NA,NA,NA,0.7984548249509407,0.0021875474656190153,9.056041393541333,22.359076897608112
2055,20013,Sorghum,333636.9508835004,33.363695088350035,0.07469642527304013,all_cult,Sorghum,NA,NA,112,3736.733849895204,2590.2386553955107,637.8154076243829,62.52743650918084,252.42268619712252,5,0.7984548249509407,0.0021875474656190153,9.056041393541333,22.359076897608112
2055,20013,Soybeans,123405327.24801578,12340.532724801578,27.62864479089188,all_cult,Soybeans,0.10147480973744562,10.461538461538462,56,691069.8325888884,2590.2386553955107,637.8154076243829,62.52743650918084,252.42268619712252,5,0.7984548249509407,0.0021875474656190153,9.056041393541333,22.359076897608112
2055,20013,Wheat,3906288.4515680084,390.6288451568008,0.8745607542714157,all_cult,Wheat,NA,NA,89,34765.96721895527,2353.4877105712917,399.1294168338129,86.01384338033058,119.4875463857468,5,0.7984548249509407,0.0021875474656190153,9.056041393541333,22.359076897608112
2055,20045,Corn,74392843.99321488,7439.284399321487,7.631923083362056,all_cult,Corn,0.1459526935617447,11,250,1859821.0998303718,2687.870028076175,643.364873417011,76.4734869774733,170.7707854991686,5,0.8189949575784382,0.002243821801584762,10.31967382979722,22.647840107957002
2055,20045,Developed,130402436.2681122,13040.24362681122,13.37791795635647,developed,NA,NA,NA,NA,NA,NA,NA,NA,NA,NA,0.8189949575784382,0.002243821801584762,10.31967382979722,22.647840107957002
2055,20045,Double Crop,4220114.888463862,422.01148884638627,0.4329393864098648,all_cult,NA,NA,NA,NA,NA,NA,NA,NA,NA,NA,0.8189949575784382,0.002243821801584762,10.31967382979722,22.647840107957002
2055,20045,Grass/Pasture/Shrubland,354830010.0217444,35483.00100217444,36.40182575089523,grassPastureHay,NA,NA,NA,NA,NA,NA,NA,NA,NA,NA,0.8189949575784382,0.002243821801584762,10.31967382979722,22.647840107957002
2055,20045,Other Crops,37964614.628596716,3796.4614628596714,3.8947700233285687,all_cult,NA,NA,NA,NA,NA,NA,NA,NA,NA,NA,0.8189949575784382,0.002243821801584762,10.31967382979722,22.647840107957002
2055,20045,Sorghum,671055.755263424,67.1055755263424,0.06884326010288025,all_cult,Sorghum,NA,NA,112,7515.824458950349,2687.870028076175,643.364873417011,76.4734869774733,170.7707854991686,5,0.8189949575784382,0.002243821801584762,10.31967382979722,22.647840107957002
2055,20045,Soybeans,100028766.3995359,10002.876639953589,10.261898998705805,all_cult,Soybeans,0.11420951862362651,8.5,56,560161.091837401,2687.870028076175,643.364873417011,76.4734869774733,170.7707854991686,5,0.8189949575784382,0.002243821801584762,10.31967382979722,22.647840107957002
2055,20045,Wheat,7085783.937909698,708.5783937909698,0.7269268802840957,all_cult,Wheat,NA,NA,89,63063.477047396314,2465.927391967776,428.74373004623214,81.46428300700687,129.51384279914194,5,0.8189949575784382,0.002243821801584762,10.31967382979722,22.647840107957002
2055,20061,Corn,31722102.062803604,3172.21020628036,4.044269831598419,all_cult,Corn,0.16936452361704205,12.944444444444445,250,793052.55157009,2658.1630236816436,584.6270301616084,94.90769135679606,176.15928978208888,5,0.7290493909827634,0.0019973955917335987,9.635569792447047,22.987994819536624
2055,20061,Developed,61171563.9285717,6117.15639285717,7.798799400437711,developed,NA,NA,NA,NA,NA,NA,NA,NA,NA,NA,0.7290493909827634,0.0019973955917335987,9.635569792447047,22.987994819536624
2055,20061,Double Crop,5604030.762346523,560.4030762346523,0.7144612454318694,all_cult,NA,NA,NA,NA,NA,NA,NA,NA,NA,NA,0.7290493909827634,0.0019973955917335987,9.635569792447047,22.987994819536624
2055,20061,Grass/Pasture/Shrubland,476190220.2809351,47619.02202809351,60.70977699307564,grassPastureHay,NA,NA,NA,NA,NA,NA,NA,NA,NA,NA,0.7290493909827634,0.0019973955917335987,9.635569792447047,22.987994819536624
2055,20061,Other Crops,18227803.79878525,1822.7803798785249,2.323873646638379,all_cult,NA,NA,NA,NA,NA,NA,NA,NA,NA,NA,0.7290493909827634,0.0019973955917335987,9.635569792447047,22.987994819536624
2055,20061,Sorghum,5491901.736070833,549.1901736070832,0.7001658485721192,all_cult,Sorghum,NA,NA,112,61509.299443993325,2658.1630236816436,584.6270301616084,94.90769135679606,176.15928978208888,5,0.7290493909827634,0.0019973955917335987,9.635569792447047,22.987994819536624
2055,20061,Soybeans,39491221.54782481,3949.1221547824807,5.03475953777074,all_cult,Soybeans,0.12217913528938978,7.666666666666667,56,221150.8406678189,2658.1630236816436,584.6270301616084,94.90769135679606,176.15928978208888,5,0.7290493909827634,0.0019973955917335987,9.635569792447047,22.987994819536624
2055,20061,Wheat,15495075.277191846,1549.5075277191845,1.9754764472362665,all_cult,Wheat,NA,NA,89,137906.16996700742,2439.2456488037137,390.8283514017058,94.11588394611178,138.60396196613283,5,0.7290493909827634,0.0019973955917335987,9.635569792447047,22.987994819536624
2055,20085,Corn,134933024.35661882,13493.30243566188,7.9306511901880965,all_cult,Corn,NA,NA,250,3373325.60891547,2616.2785681152372,643.1023831592933,67.99722719477144,242.02654843229945,5,0.8026300762669304,0.002198986510320357,9.354679615595593,22.56934255939643
2055,20085,Developed,75618361.35140783,7561.836135140783,4.444448275810096,developed,NA,NA,NA,NA,NA,NA,NA,NA,NA,NA,0.8026300762669304,0.002198986510320357,9.354679615595593,22.56934255939643
2055,20085,Double Crop,1864792.83802623,186.479283802623,0.10960268333762817,all_cult,NA,NA,NA,NA,NA,NA,NA,NA,NA,NA,0.8026300762669304,0.002198986510320357,9.354679615595593,22.56934255939643
2055,20085,Grass/Pasture/Shrubland,941187748.5802637,94118.77485802637,55.31804963283908,grassPastureHay,NA,NA,NA,NA,NA,NA,NA,NA,NA,NA,0.8026300762669304,0.002198986510320357,9.354679615595593,22.56934255939643
2055,20085,Other Crops,98052397.627671,9805.2397627671,5.7630025537076115,all_cult,NA,NA,NA,NA,NA,NA,NA,NA,NA,NA,0.8026300762669304,0.002198986510320357,9.354679615595593,22.56934255939643
2055,20085,Sorghum,4069081.398774073,406.9081398774073,0.23915913388905596,all_cult,Sorghum,NA,NA,112,45573.71166626961,2616.2785681152372,643.1023831592933,67.99722719477144,242.02654843229945,5,0.8026300762669304,0.002198986510320357,9.354679615595593,22.56934255939643
2055,20085,Soybeans,170772946.2930534,17077.29462930534,10.037132690300496,all_cult,Soybeans,NA,NA,56,956328.499241099,2616.2785681152372,643.1023831592933,67.99722719477144,242.02654843229945,5,0.8026300762669304,0.002198986510320357,9.354679615595593,22.56934255939643
2055,20085,Wheat,13725583.902961861,1372.5583902961862,0.8067173980208171,all_cult,Wheat,NA,NA,89,122157.69673636057,2392.0736041259793,412.8537064271915,88.2937937202858,130.2366699717912,5,0.8026300762669304,0.002198986510320357,9.354679615595593,22.56934255939643
2055,20087,Corn,155094058.297135,15509.4058297135,10.788896738521789,all_cult,Corn,0.13078338055311117,25.77777777777778,250,3877351.457428375,2646.59892456055,658.8275338944952,66.8002455807298,198.5933569683773,5,0.8267856811254214,0.002265166249658689,9.887006292473803,22.458318205532986
2055,20087,Developed,83037617.78054704,8303.761778054704,5.7763933285619125,developed,NA,NA,NA,NA,NA,NA,NA,NA,NA,NA,0.8267856811254214,0.002265166249658689,9.887006292473803,22.458318205532986
2055,20087,Double Crop,3214015.8179615135,321.4015817961514,0.2235784217441099,all_cult,NA,NA,NA,NA,NA,NA,NA,NA,NA,NA,0.8267856811254214,0.002265166249658689,9.887006292473803,22.458318205532986
2055,20087,Grass/Pasture/Shrubland,533878677.1787268,53387.86771787268,37.138507962340775,grassPastureHay,NA,NA,NA,NA,NA,NA,NA,NA,NA,NA,0.8267856811254214,0.002265166249658689,9.887006292473803,22.458318205532986
2055,20087,Other Crops,67978226.39294052,6797.822639294052,4.728808266891807,all_cult,NA,NA,NA,NA,NA,NA,NA,NA,NA,NA,0.8267856811254214,0.002265166249658689,9.887006292473803,22.458318205532986
2055,20087,Sorghum,2078940.1655916602,207.89401655916603,0.1446185045281528,all_cult,Sorghum,NA,NA,112,23284.129854626597,2646.59892456055,658.8275338944952,66.8002455807298,198.5933569683773,5,0.8267856811254214,0.002265166249658689,9.887006292473803,22.458318205532986
2055,20087,Soybeans,173639107.61438552,17363.91076143855,12.078956617613274,all_cult,Soybeans,0.09985991575255485,13.833333333333334,56,972379.0026405589,2646.59892456055,658.8275338944952,66.8002455807298,198.5933569683773,5,0.8267856811254214,0.002265166249658689,9.887006292473803,22.458318205532986
2055,20087,Wheat,7377427.0278590415,737.7427027859042,0.5132001784817648,all_cult,Wheat,NA,NA,89,65659.10054794548,2425.738390502933,423.5969559183793,83.02508090553482,118.87233954026408,5,0.8267856811254214,0.002265166249658689,9.887006292473803,22.458318205532986
2055,20091,Corn,20137063.169311535,2013.7063169311532,3.334881975218613,all_cult,Corn,0.14955141172933145,4,250,503426.5792327883,2689.0563537597686,657.8911388091882,77.65328568666628,176.08186330844472,5,0.8485911197052393,0.0023249071772746283,10.484197120143966,22.472805108893432
2055,20091,Developed,271607528.4848879,27160.752848488788,44.98069273866694,developed,NA,NA,NA,NA,NA,NA,NA,NA,NA,NA,0.8485911197052393,0.0023249071772746283,10.484197120143966,22.472805108893432
2055,20091,Double Crop,2013905.6882216034,201.39056882216036,0.3335212152324038,all_cult,NA,NA,NA,NA,NA,NA,NA,NA,NA,NA,0.8485911197052393,0.0023249071772746283,10.484197120143966,22.472805108893432
2055,20091,Grass/Pasture/Shrubland,139667491.4795437,13966.749147954368,23.130214964462166,grassPastureHay,NA,NA,NA,NA,NA,NA,NA,NA,NA,NA,0.8485911197052393,0.0023249071772746283,10.484197120143966,22.472805108893432
2055,20091,Other Crops,14581458.923742233,1458.1458923742232,2.4148230617504245,all_cult,NA,NA,NA,NA,NA,NA,NA,NA,NA,NA,0.8485911197052393,0.0023249071772746283,10.484197120143966,22.472805108893432
2055,20091,Sorghum,265245.84730308503,26.524584730308504,0.043927140106542625,all_cult,Sorghum,NA,NA,112,2970.7534897945525,2689.0563537597686,657.8911388091882,77.65328568666628,176.08186330844472,5,0.8485911197052393,0.0023249071772746283,10.484197120143966,22.472805108893432
2055,20091,Soybeans,40506888.73460731,4050.688873460731,6.708311533684595,all_cult,Soybeans,NA,NA,56,226838.57691380093,2689.0563537597686,657.8911388091882,77.65328568666628,176.08186330844472,5,0.8485911197052393,0.0023249071772746283,10.484197120143966,22.472805108893432
2055,20091,Wheat,3047090.5931461067,304.70905931461067,0.5046260922212007,all_cult,Wheat,NA,NA,89,27119.10627900035,2465.7200482177764,441.6264224557996,76.26695161424712,124.76774477492972,5,0.8485911197052393,0.0023249071772746283,10.484197120143966,22.472805108893432
2055,20103,Corn,55676654.53817842,5567.665453817842,6.162232243462533,all_cult,Corn,0.09926099891867379,4.75,250,1391916.3634544604,2671.782182006839,656.3718251372636,67.9541737316117,189.99915681163893,5,0.8361309429473,0.002290769706704931,10.182958566326008,22.48922920122541
2055,20103,Developed,66222526.18511143,6622.252618511144,7.329437975150055,developed,NA,NA,NA,NA,NA,NA,NA,NA,NA,NA,0.8361309429473,0.002290769706704931,10.182958566326008,22.48922920122541
2055,20103,Double Crop,2239300.7972116056,223.93007972116058,0.2478434038440015,all_cult,NA,NA,NA,NA,NA,NA,NA,NA,NA,NA,0.8361309429473,0.002290769706704931,10.182958566326008,22.48922920122541
2055,20103,Grass/Pasture/Shrubland,361083573.13099504,36108.3573130995,39.96434152498699,grassPastureHay,NA,NA,NA,NA,NA,NA,NA,NA,NA,NA,0.8361309429473,0.002290769706704931,10.182958566326008,22.48922920122541
2055,20103,Other Crops,54377617.6404599,5437.76176404599,6.018456236750789,all_cult,NA,NA,NA,NA,NA,NA,NA,NA,NA,NA,0.8361309429473,0.002290769706704931,10.182958566326008,22.48922920122541
2055,20103,Sorghum,567901.3203360821,56.79013203360822,0.06285470735100035,all_cult,Sorghum,NA,NA,112,6360.494787764121,2671.782182006839,656.3718251372636,67.9541737316117,189.99915681163893,5,0.8361309429473,0.002290769706704931,10.182958566326008,22.48922920122541
2055,20103,Soybeans,101039226.18326606,10103.922618326606,11.18291288522158,all_cult,Soybeans,0.11410095968932568,4.571428571428571,56,565819.66662629,2671.782182006839,656.3718251372636,67.9541737316117,189.99915681163893,5,0.8361309429473,0.002290769706704931,10.182958566326008,22.48922920122541
2055,20103,Wheat,4817340.8524583215,481.7340852458321,0.5331781044497215,all_cult,Wheat,NA,NA,89,42874.33358687905,2447.0185076904327,431.68686440416207,78.75840210825612,122.3121258328929,5,0.8361309429473,0.002290769706704931,10.182958566326008,22.48922920122541
2055,20117,Corn,1797933.5665907045,179.79335665907044,8.787790125047634,all_cult,Corn,0.16261062771687598,15.722222222222221,250,44948.33916476761,2572.053681640628,623.4015957611157,73.92371210908844,272.7763558728473,5,0.7783941136496443,0.0021325866127387518,8.892332337261902,22.283087057871384
2055,20117,Developed,709093.4285035765,70.90934285035766,3.465847873654197,developed,NA,NA,NA,NA,NA,NA,NA,NA,NA,NA,0.7783941136496443,0.0021325866127387518,8.892332337261902,22.283087057871384
2055,20117,Double Crop,17005.082052877187,1.700508205287719,0.08311602548433755,all_cult,NA,NA,NA,NA,NA,NA,NA,NA,NA,NA,0.7783941136496443,0.0021325866127387518,8.892332337261902,22.283087057871384
2055,20117,Grass/Pasture/Shrubland,13608757.209524421,1360.8757209524422,66.51575143947134,grassPastureHay,NA,NA,NA,NA,NA,NA,NA,NA,NA,NA,0.7783941136496443,0.0021325866127387518,8.892332337261902,22.283087057871384
2055,20117,Other Crops,368569.7378671669,36.856973786716694,1.801464505144208,all_cult,NA,NA,NA,NA,NA,NA,NA,NA,NA,NA,0.7783941136496443,0.0021325866127387518,8.892332337261902,22.283087057871384
2055,20117,Sorghum,113210.96189225193,11.321096189225193,0.5533431220433721,all_cult,Sorghum,NA,NA,112,1267.9627731932217,2572.053681640628,623.4015957611157,73.92371210908844,272.7763558728473,5,0.7783941136496443,0.0021325866127387518,8.892332337261902,22.283087057871384
2055,20117,Soybeans,2250086.8872694396,225.00868872694397,10.99778751332857,all_cult,Soybeans,0.12228514283699721,8.25,56,12600.486568708862,2572.053681640628,623.4015957611157,73.92371210908844,272.7763558728473,5,0.7783941136496443,0.0021325866127387518,8.892332337261902,22.283087057871384
2055,20117,Wheat,234744.84118524572,23.474484118524572,1.1473663074132867,all_cult,Wheat,NA,NA,89,2089.229086548687,2341.0590264892608,395.81128989995955,92.01783916864234,125.90088484902245,5,0.7783941136496443,0.0021325866127387518,8.892332337261902,22.283087057871384
2055,20127,Corn,10941387.892613748,1094.1387892613748,4.064821675495574,all_cult,Corn,NA,NA,250,273534.6973153437,2662.8603869628937,578.1404739074168,103.33846190059184,143.4127982669767,5,0.7254742887328691,0.0019876007910489568,9.705276673199402,22.99123446529861
2055,20127,Developed,12128694.282144045,1212.8694282144045,4.50591642462472,developed,NA,NA,NA,NA,NA,NA,NA,NA,NA,NA,0.7254742887328691,0.0019876007910489568,9.705276673199402,22.99123446529861
2055,20127,Double Crop,4499199.088895911,449.9199088895911,1.671491967784096,all_cult,NA,NA,NA,NA,NA,NA,NA,NA,NA,NA,0.7254742887328691,0.0019876007910489568,9.705276673199402,22.99123446529861
2055,20127,Grass/Pasture/Shrubland,158101691.18434784,15810.169118434784,58.73616652348874,grassPastureHay,NA,NA,NA,NA,NA,NA,NA,NA,NA,NA,0.7254742887328691,0.0019876007910489568,9.705276673199402,22.99123446529861
2055,20127,Other Crops,10981377.128665583,1098.1377128665583,4.079678027823576,all_cult,NA,NA,NA,NA,NA,NA,NA,NA,NA,NA,0.7254742887328691,0.0019876007910489568,9.705276673199402,22.99123446529861
2055,20127,Sorghum,7272388.587591114,727.2388587591115,2.701756217181813,all_cult,Sorghum,NA,NA,112,81450.75218102049,2662.8603869628937,578.1404739074168,103.33846190059184,143.4127982669767,5,0.7254742887328691,0.0019876007910489568,9.705276673199402,22.99123446529861
2055,20127,Soybeans,28686301.015498407,2868.6301015498407,10.657212713965244,all_cult,Soybeans,0.11686486262093489,4,56,160643.2856867911,2662.8603869628937,578.1404739074168,103.33846190059184,143.4127982669767,5,0.7254742887328691,0.0019876007910489568,9.705276673199402,22.99123446529861
2055,20127,Wheat,20934850.636842933,2093.485063684293,7.777480834890052,all_cult,Wheat,NA,NA,89,186320.17066790207,2443.268147583011,399.6404134919112,95.20037999722724,134.48129467371547,5,0.7254742887328691,0.0019876007910489568,9.705276673199402,22.99123446529861
2055,20131,Corn,124792211.963085,12479.2211963085,16.444051346315263,all_cult,Corn,0.12528513936677563,9.454545454545455,250,3119805.299077125,2564.777224121097,628.074983322078,67.68341023982889,260.94763552430686,5,0.7848103907394688,0.0021501654540807364,8.856446131876092,22.19183153962438
2055,20131,Developed,34827921.40223819,3482.792140223819,4.589325878711502,developed,NA,NA,NA,NA,NA,NA,NA,NA,NA,NA,0.7848103907394688,0.0021501654540807364,8.856446131876092,22.19183153962438
2055,20131,Double Crop,1288597.7379512293,128.85977379512295,0.1698003988733199,all_cult,NA,NA,NA,NA,NA,NA,NA,NA,NA,NA,0.7848103907394688,0.0021501654540807364,8.856446131876092,22.19183153962438
2055,20131,Grass/Pasture/Shrubland,328086582.4549448,32808.65824549448,43.232446344665604,grassPastureHay,NA,NA,NA,NA,NA,NA,NA,NA,NA,NA,0.7848103907394688,0.0021501654540807364,8.856446131876092,22.19183153962438
2055,20131,Other Crops,27101730.321978156,2710.1730321978157,3.5712344382550913,all_cult,NA,NA,NA,NA,NA,NA,NA,NA,NA,NA,0.7848103907394688,0.0021501654540807364,8.856446131876092,22.19183153962438
2055,20131,Sorghum,2055671.3741418559,205.5671374141856,0.2708788080264065,all_cult,Sorghum,NA,NA,112,23023.519390388785,2564.777224121097,628.074983322078,67.68341023982889,260.94763552430686,5,0.7848103907394688,0.0021501654540807364,8.856446131876092,22.19183153962438
2055,20131,Soybeans,136674912.54505298,13667.491254505298,18.00985209164201,all_cult,Soybeans,0.1067341402930363,5.142857142857143,56,765379.5102522967,2564.777224121097,628.074983322078,67.68341023982889,260.94763552430686,5,0.7848103907394688,0.0021501654540807364,8.856446131876092,22.19183153962438
2055,20131,Wheat,9588450.555545796,958.8450555545795,1.2634840811511674,all_cult,Wheat,NA,NA,89,85337.20994435757,2327.744705200198,397.0888635407938,88.10319800657872,124.5535518485334,5,0.7848103907394688,0.0021501654540807364,8.856446131876092,22.19183153962438
2055,20139,Corn,20890964.22588984,2089.096422588984,9.4988079569725965,all_cult,Corn,NA,NA,250,522274.10564724595,2661.897575073245,622.6438050490267,81.57903107984755,141.2056948845362,5,0.7880656876515086,0.002159084075757558,9.967461221773354,22.654691396216847
2055,20139,Developed,11858545.489950646,1185.8545489950645,5.391902692479325,developed,NA,NA,NA,NA,NA,NA,NA,NA,NA,NA,0.7880656876515086,0.002159084075757558,9.967461221773354,22.654691396216847
2055,20139,Double Crop,1849135.1156913848,184.91351156913848,0.8407739901578724,all_cult,NA,NA,NA,NA,NA,NA,NA,NA,NA,NA,0.7880656876515086,0.002159084075757558,9.967461221773354,22.654691396216847
2055,20139,Grass/Pasture/Shrubland,108139234.26990536,10813.923426990536,49.1692871538651,grassPastureHay,NA,NA,NA,NA,NA,NA,NA,NA,NA,NA,0.7880656876515086,0.002159084075757558,9.967461221773354,22.654691396216847
2055,20139,Other Crops,6302951.103083336,630.2951103083336,2.86585728849129,all_cult,NA,NA,NA,NA,NA,NA,NA,NA,NA,NA,0.7880656876515086,0.002159084075757558,9.967461221773354,22.654691396216847
2055,20139,Sorghum,252758.48461129973,25.27584846112997,0.11492549021948671,all_cult,Sorghum,NA,NA,112,2830.8950276465566,2661.897575073245,622.6438050490267,81.57903107984755,141.2056948845362,5,0.7880656876515086,0.002159084075757558,9.967461221773354,22.654691396216847
2055,20139,Soybeans,28064514.38751116,2806.4514387511163,12.76051357372463,all_cult,Soybeans,NA,NA,56,157161.28057006252,2661.897575073245,622.6438050490267,81.57903107984755,141.2056948845362,5,0.7880656876515086,0.002159084075757558,9.967461221773354,22.654691396216847
2055,20139,Wheat,1738320.944623076,173.8320944623076,0.7903884493801757,all_cult,Wheat,NA,NA,89,15471.056407145375,2445.6873858642607,418.19835487680706,85.28797275276564,123.77418438659498,5,0.7880656876515086,0.002159084075757558,9.967461221773354,22.654691396216847
2055,20149,Corn,136791901.8519852,13679.190185198519,7.982141503627487,all_cult,Corn,0.1326174661314905,62.44444444444444,250,3419797.54629963,2625.1571282959017,618.6148672371961,76.58596343910884,232.7547466983718,5,0.7678179579680965,0.0021036108437482094,9.322738864846448,22.73912124424767
2055,20149,Developed,87781477.02653997,8778.147702653996,5.122263537072818,developed,NA,NA,NA,NA,NA,NA,NA,NA,NA,NA,0.7678179579680965,0.0021036108437482094,9.322738864846448,22.73912124424767
2055,20149,Double Crop,1803166.4492782145,180.31664492782144,0.1052191654466961,all_cult,NA,NA,NA,NA,NA,NA,NA,NA,NA,NA,0.7678179579680965,0.0021036108437482094,9.322738864846448,22.73912124424767
2055,20149,Grass/Pasture/Shrubland,1058221194.9777538,105822.11949777538,61.749790785057485,grassPastureHay,NA,NA,NA,NA,NA,NA,NA,NA,NA,NA,0.7678179579680965,0.0021036108437482094,9.322738864846448,22.73912124424767
2055,20149,Other Crops,34485813.7618199,3448.58137618199,2.012331443512244,all_cult,NA,NA,NA,NA,NA,NA,NA,NA,NA,NA,0.7678179579680965,0.0021036108437482094,9.322738864846448,22.73912124424767
2055,20149,Sorghum,5647082.09049503,564.708209049503,0.3295210295248753,all_cult,Sorghum,NA,NA,112,63247.319413544334,2625.1571282959017,618.6148672371961,76.58596343910884,232.7547466983718,5,0.7678179579680965,0.0021036108437482094,9.322738864846448,22.73912124424767
2055,20149,Soybeans,153915907.33370754,15391.590733370755,8.98136903839706,all_cult,Soybeans,0.11392545848870632,51.611111111111114,56,861929.0810687622,2625.1571282959017,618.6148672371961,76.58596343910884,232.7547466983718,5,0.7678179579680965,0.0021036108437482094,9.322738864846448,22.73912124424767
2055,20149,Wheat,13424373.002870617,1342.4373002870618,0.7833449455387832,all_cult,Wheat,NA,NA,89,119476.9197255485,2401.7883966064483,398.06100704684144,92.6542670687944,134.8720129645329,5,0.7678179579680965,0.0021036108437482094,9.322738864846448,22.73912124424767
2055,20161,Corn,29887562.457934357,2988.756245793436,3.7374801575206362,all_cult,Corn,0.14127372152863188,12.444444444444445,250,747189.0614483589,2649.7945178222685,578.0008094172412,88.26333927774405,206.0964121253438,5,0.7168424254828759,0.0019639518506380164,9.474933112157558,23.005588663179605
2055,20161,Developed,93189704.06140432,9318.970406140432,11.653498685445852,developed,NA,NA,NA,NA,NA,NA,NA,NA,NA,NA,0.7168424254828759,0.0019639518506380164,9.474933112157558,23.005588663179605
2055,20161,Double Crop,2321662.5391971655,232.16625391971652,0.2903270443991936,all_cult,NA,NA,NA,NA,NA,NA,NA,NA,NA,NA,0.7168424254828759,0.0019639518506380164,9.474933112157558,23.005588663179605
2055,20161,Grass/Pasture/Shrubland,421935273.9416269,42193.527394162695,52.76357736882686,grassPastureHay,NA,NA,NA,NA,NA,NA,NA,NA,NA,NA,0.7168424254828759,0.0019639518506380164,9.474933112157558,23.005588663179605
2055,20161,Other Crops,10313350.483787943,1031.3350483787942,1.2896984437913022,all_cult,NA,NA,NA,NA,NA,NA,NA,NA,NA,NA,0.7168424254828759,0.0019639518506380164,9.474933112157558,23.005588663179605
2055,20161,Sorghum,8046145.345421317,804.6145345421318,1.0061813711092988,all_cult,Sorghum,NA,NA,112,90116.82786871876,2649.7945178222685,578.0008094172412,88.26333927774405,206.0964121253438,5,0.7168424254828759,0.0019639518506380164,9.474933112157558,23.005588663179605
2055,20161,Soybeans,56043067.26954317,5604.306726954317,7.008261452613234,all_cult,Soybeans,0.12420661341954765,10.38888888888889,56,313841.17670944176,2649.7945178222685,578.0008094172412,88.26333927774405,206.0964121253438,5,0.7168424254828759,0.0019639518506380164,9.474933112157558,23.005588663179605
2055,20161,Wheat,14763447.35949416,1476.3447359494162,1.8461890841841313,all_cult,Wheat,NA,NA,89,131394.68149949805,2429.465862426761,377.67353735014865,93.96152695027428,139.34014431299693,5,0.7168424254828759,0.0019639518506380164,9.474933112157558,23.005588663179605
2055,20177,Corn,132475537.80653152,13247.553780653152,9.091050553311547,all_cult,Corn,0.12030458771317423,83,250,3311888.445163288,2659.7503460693392,631.8115371173621,75.71015717382976,179.20533683212858,5,0.7898201602807942,0.002163890850084368,9.897993941633692,22.66323289008992
2055,20177,Developed,255013934.0237044,25501.393402370442,17.50017100813045,developed,NA,NA,NA,NA,NA,NA,NA,NA,NA,NA,0.7898201602807942,0.002163890850084368,9.897993941633692,22.66323289008992
2055,20177,Double Crop,2797246.7569815805,279.7246756981581,0.19195930130847558,all_cult,NA,NA,NA,NA,NA,NA,NA,NA,NA,NA,0.7898201602807942,0.002163890850084368,9.897993941633692,22.66323289008992
2055,20177,Grass/Pasture/Shrubland,626083355.6398722,62608.33556398722,42.96457693964075,grassPastureHay,NA,NA,NA,NA,NA,NA,NA,NA,NA,NA,0.7898201602807942,0.002163890850084368,9.897993941633692,22.66323289008992
2055,20177,Other Crops,33361526.081880283,3336.1526081880284,2.289413767762353,all_cult,NA,NA,NA,NA,NA,NA,NA,NA,NA,NA,0.7898201602807942,0.002163890850084368,9.897993941633692,22.66323289008992
2055,20177,Sorghum,2303954.5452317544,230.39545452317543,0.15810743319134585,all_cult,Sorghum,NA,NA,112,25804.29090659565,2659.7503460693392,631.8115371173621,75.71015717382976,179.20533683212858,5,0.7898201602807942,0.002163890850084368,9.897993941633692,22.66323289008992
2055,20177,Soybeans,145627766.023613,14562.7766023613,9.993613951731533,all_cult,Soybeans,0.09768281806034469,42.833333333333336,56,815515.4897322329,2659.7503460693392,631.8115371173621,75.71015717382976,179.20533683212858,5,0.7898201602807942,0.002163890850084368,9.897993941633692,22.66323289008992
2055,20177,Wheat,9565647.685078032,956.5647685078033,0.656436562704971,all_cult,Wheat,NA,NA,89,85134.26439719449,2442.7939886474637,414.86783678148,87.44466370185145,122.13608763606858,5,0.7898201602807942,0.002163890850084368,9.897993941633692,22.66323289008992
2055,20197,Corn,69733578.79693311,6973.357879693312,4.536852294529976,all_cult,Corn,0.14186117514330646,28.666666666666668,250,1743339.469923328,2646.0182977294953,618.022487450699,82.52128310399458,180.76181151847223,5,0.7690878521623404,0.0021070900059242206,9.623308715820336,22.774879835991033
2055,20197,Developed,54289406.85937861,5428.940685937861,3.5320576446519008,developed,NA,NA,NA,NA,NA,NA,NA,NA,NA,NA,0.7690878521623404,0.0021070900059242206,9.623308715820336,22.774879835991033
2055,20197,Double Crop,1125869.9276987636,112.58699276987635,0.07324886594013556,all_cult,NA,NA,NA,NA,NA,NA,NA,NA,NA,NA,0.7690878521623404,0.0021070900059242206,9.623308715820336,22.774879835991033
2055,20197,Grass/Pasture/Shrubland,1169502873.1037595,116950.28731037596,76.08761639426346,grassPastureHay,NA,NA,NA,NA,NA,NA,NA,NA,NA,NA,0.7690878521623404,0.0021070900059242206,9.623308715820336,22.774879835991033
2055,20197,Other Crops,29094649.42529061,2909.464942529061,1.8928919077573607,all_cult,NA,NA,NA,NA,NA,NA,NA,NA,NA,NA,0.7690878521623404,0.0021070900059242206,9.623308715820336,22.774879835991033
2055,20197,Sorghum,3287931.385599168,328.7931385599168,0.21391213972326276,all_cult,Sorghum,NA,NA,112,36824.831518710685,2646.0182977294953,618.022487450699,82.52128310399458,180.76181151847223,5,0.7690878521623404,0.0021070900059242206,9.623308715820336,22.774879835991033
2055,20197,Soybeans,83491332.16381498,8349.133216381497,5.431928899043218,all_cult,Soybeans,0.12942046457519057,22.77777777777778,56,467551.46011736384,2646.0182977294953,618.022487450699,82.52128310399458,180.76181151847223,5,0.7690878521623404,0.0021070900059242206,9.623308715820336,22.774879835991033
2055,20197,Wheat,7530280.724868099,753.02807248681,0.4899185152185996,all_cult,Wheat,NA,NA,89,67019.49845132609,2426.3738507080107,408.638624362343,91.41328863295334,141.44381953028204,5,0.7690878521623404,0.0021070900059242206,9.623308715820336,22.774879835991033
2055,20209,Corn,2798441.748604609,279.8441748604609,1.0907251789658858,all_cult,Corn,NA,NA,250,69961.04371511523,2698.8400494384796,651.6467827213381,74.9988849100054,180.92090487957185,5,0.83598026837216,0.0022903568996497535,10.541547023825473,22.34385026487588
2055,20209,Developed,144515431.86680782,14451.543186680783,56.32656829996687,developed,NA,NA,NA,NA,NA,NA,NA,NA,NA,NA,0.83598026837216,0.0022903568996497535,10.541547023825473,22.34385026487588
2055,20209,Double Crop,152719.71803613545,15.271971803613546,0.05952428413764306,all_cult,NA,NA,NA,NA,NA,NA,NA,NA,NA,NA,0.83598026837216,0.0022903568996497535,10.541547023825473,22.34385026487588
2055,20209,Grass/Pasture/Shrubland,41083799.11850462,4108.379911850462,16.01288794682744,grassPastureHay,NA,NA,NA,NA,NA,NA,NA,NA,NA,NA,0.83598026837216,0.0022903568996497535,10.541547023825473,22.34385026487588
2055,20209,Other Crops,1959154.8527385148,195.91548527385146,0.7636033619211925,all_cult,NA,NA,NA,NA,NA,NA,NA,NA,NA,NA,0.83598026837216,0.0022903568996497535,10.541547023825473,22.34385026487588
2055,20209,Sorghum,54127.80426680527,5.412780426680527,0.02109694047602745,all_cult,Sorghum,NA,NA,112,606.231407788219,2698.8400494384796,651.6467827213381,74.9988849100054,180.92090487957185,5,0.83598026837216,0.0022903568996497535,10.541547023825473,22.34385026487588
2055,20209,Soybeans,8244134.676247953,824.4134676247953,3.213247256139296,all_cult,Soybeans,0.14562756367793683,4.75,56,46167.15418698854,2698.8400494384796,651.6467827213381,74.9988849100054,180.92090487957185,5,0.83598026837216,0.0022903568996497535,10.541547023825473,22.34385026487588
2055,20209,Wheat,234900.57353758038,23.49005735375804,0.09155522720411169,all_cult,Wheat,NA,NA,89,2090.6151044844655,2456.7229412841825,424.2507452154586,75.18820631969514,121.58894835542988,5,0.83598026837216,0.0022903568996497535,10.541547023825473,22.34385026487588
2056,20005,Corn,172734778.84431297,17273.477884431297,23.078910848652363,all_cult,Corn,0.10724545034749912,6.181818181818182,250,4318369.471107824,2607.0768298339876,760.0455909233435,123.96072496651747,277.36159423556774,5,1.0405306006326103,0.0028429797831492085,8.979093908091084,21.756288805685433
2056,20005,Developed,36578638.84791646,3657.863884791646,4.88723319405755,developed,NA,NA,NA,NA,NA,NA,NA,NA,NA,NA,1.0405306006326103,0.0028429797831492085,8.979093908091084,21.756288805685433
2056,20005,Double Crop,1451158.554832854,145.11585548328543,0.1938877575107932,all_cult,NA,NA,NA,NA,NA,NA,NA,NA,NA,NA,1.0405306006326103,0.0028429797831492085,8.979093908091084,21.756288805685433
2056,20005,Grass/Pasture/Shrubland,215288406.86893737,21528.840686893738,28.764456018176027,grassPastureHay,NA,NA,NA,NA,NA,NA,NA,NA,NA,NA,1.0405306006326103,0.0028429797831492085,8.979093908091084,21.756288805685433
2056,20005,Other Crops,29204979.705745928,2920.4979705745927,3.902046405912905,all_cult,NA,NA,NA,NA,NA,NA,NA,NA,NA,NA,1.0405306006326103,0.0028429797831492085,8.979093908091084,21.756288805685433
2056,20005,Sorghum,732239.3724075308,73.22393724075309,0.09783372699309156,all_cult,Sorghum,NA,NA,112,8201.080970964345,2607.0768298339876,760.0455909233435,123.96072496651747,277.36159423556774,5,1.0405306006326103,0.0028429797831492085,8.979093908091084,21.756288805685433
2056,20005,Soybeans,181600576.65296197,18160.057665296197,24.263460703620524,all_cult,Soybeans,0.07483265359624193,5,56,1016963.2292565871,2607.0768298339876,760.0455909233435,123.96072496651747,277.36159423556774,5,1.0405306006326103,0.0028429797831492085,8.979093908091084,21.756288805685433
2056,20005,Wheat,5908069.702597459,590.8069702597459,0.7893709354082403,all_cult,Wheat,NA,NA,89,52581.82035311738,2392.7992016601593,442.5100128819693,121.65856686011205,100.29041374632166,5,1.0405306006326103,0.0028429797831492085,8.979093908091084,21.756288805685433
2056,20013,Corn,113276297.82191704,11327.629782191703,25.36090350021212,all_cult,Corn,0.12646432205391206,17.5625,250,2831907.445547926,2571.839736328128,726.8148863745845,118.65482069575891,247.8009369886226,5,0.99346783453072,0.002714392990521093,8.476418658814167,21.724039613484056
2056,20013,Developed,24170977.38782201,2417.0977387822013,5.411527714315524,developed,NA,NA,NA,NA,NA,NA,NA,NA,NA,NA,0.99346783453072,0.002714392990521093,8.476418658814167,21.724039613484056
2056,20013,Double Crop,542048.8992527233,54.20488992527234,0.12135680712267008,all_cult,NA,NA,NA,NA,NA,NA,NA,NA,NA,NA,0.99346783453072,0.002714392990521093,8.476418658814167,21.724039613484056
2056,20013,Grass/Pasture/Shrubland,122499833.68113159,12249.983368113159,27.425918047421547,grassPastureHay,NA,NA,NA,NA,NA,NA,NA,NA,NA,NA,0.99346783453072,0.002714392990521093,8.476418658814167,21.724039613484056
2056,20013,Other Crops,13090232.71280689,1309.023271280689,2.9307113227404837,all_cult,NA,NA,NA,NA,NA,NA,NA,NA,NA,NA,0.99346783453072,0.002714392990521093,8.476418658814167,21.724039613484056
2056,20013,Sorghum,333636.9508835004,33.363695088350035,0.07469642527304013,all_cult,Sorghum,NA,NA,112,3736.733849895204,2571.839736328128,726.8148863745845,118.65482069575891,247.8009369886226,5,0.99346783453072,0.002714392990521093,8.476418658814167,21.724039613484056
2056,20013,Soybeans,123405327.24801578,12340.532724801578,27.62864479089188,all_cult,Soybeans,0.10147480973744562,10.461538461538462,56,691069.8325888884,2571.839736328128,726.8148863745845,118.65482069575891,247.8009369886226,5,0.99346783453072,0.002714392990521093,8.476418658814167,21.724039613484056
2056,20013,Wheat,3906288.4515680084,390.6288451568008,0.8745607542714157,all_cult,Wheat,NA,NA,89,34765.96721895527,2357.368886108401,425.05396234787935,118.89306362357,97.6072869350297,5,0.99346783453072,0.002714392990521093,8.476418658814167,21.724039613484056
2056,20045,Corn,74392843.99321488,7439.284399321487,7.631923083362056,all_cult,Corn,0.1459526935617447,11,250,1859821.0998303718,2665.0301361084016,794.9994623257209,137.72765123000667,324.80761993822006,5,1.1138133153933771,0.003043205779763325,9.695904816174139,22.0321865060942
2056,20045,Developed,130402436.2681122,13040.24362681122,13.37791795635647,developed,NA,NA,NA,NA,NA,NA,NA,NA,NA,NA,1.1138133153933771,0.003043205779763325,9.695904816174139,22.0321865060942
2056,20045,Double Crop,4220114.888463862,422.01148884638627,0.4329393864098648,all_cult,NA,NA,NA,NA,NA,NA,NA,NA,NA,NA,1.1138133153933771,0.003043205779763325,9.695904816174139,22.0321865060942
2056,20045,Grass/Pasture/Shrubland,354830010.0217444,35483.00100217444,36.40182575089523,grassPastureHay,NA,NA,NA,NA,NA,NA,NA,NA,NA,NA,1.1138133153933771,0.003043205779763325,9.695904816174139,22.0321865060942
2056,20045,Other Crops,37964614.628596716,3796.4614628596714,3.8947700233285687,all_cult,NA,NA,NA,NA,NA,NA,NA,NA,NA,NA,1.1138133153933771,0.003043205779763325,9.695904816174139,22.0321865060942
2056,20045,Sorghum,671055.755263424,67.1055755263424,0.06884326010288025,all_cult,Sorghum,NA,NA,112,7515.824458950349,2665.0301361084016,794.9994623257209,137.72765123000667,324.80761993822006,5,1.1138133153933771,0.003043205779763325,9.695904816174139,22.0321865060942
2056,20045,Soybeans,100028766.3995359,10002.876639953589,10.261898998705805,all_cult,Soybeans,0.11420951862362651,8.5,56,560161.091837401,2665.0301361084016,794.9994623257209,137.72765123000667,324.80761993822006,5,1.1138133153933771,0.003043205779763325,9.695904816174139,22.0321865060942
2056,20045,Wheat,7085783.937909698,708.5783937909698,0.7269268802840957,all_cult,Wheat,NA,NA,89,63063.477047396314,2456.909688110354,509.5452128442844,136.53796856786647,119.94390635596304,5,1.1138133153933771,0.003043205779763325,9.695904816174139,22.0321865060942
2056,20061,Corn,31722102.062803604,3172.21020628036,4.044269831598419,all_cult,Corn,0.16936452361704205,12.944444444444445,250,793052.55157009,2612.6128118896513,720.844318290704,148.35235694048887,321.4715462771132,5,0.9944758488297489,0.002717147127950133,8.947298568975754,22.160817314106282
2056,20061,Developed,61171563.9285717,6117.15639285717,7.798799400437711,developed,NA,NA,NA,NA,NA,NA,NA,NA,NA,NA,0.9944758488297489,0.002717147127950133,8.947298568975754,22.160817314106282
2056,20061,Double Crop,5604030.762346523,560.4030762346523,0.7144612454318694,all_cult,NA,NA,NA,NA,NA,NA,NA,NA,NA,NA,0.9944758488297489,0.002717147127950133,8.947298568975754,22.160817314106282
2056,20061,Grass/Pasture/Shrubland,476190220.2809351,47619.02202809351,60.70977699307564,grassPastureHay,NA,NA,NA,NA,NA,NA,NA,NA,NA,NA,0.9944758488297489,0.002717147127950133,8.947298568975754,22.160817314106282
2056,20061,Other Crops,18227803.79878525,1822.7803798785249,2.323873646638379,all_cult,NA,NA,NA,NA,NA,NA,NA,NA,NA,NA,0.9944758488297489,0.002717147127950133,8.947298568975754,22.160817314106282
2056,20061,Sorghum,5491901.736070833,549.1901736070832,0.7001658485721192,all_cult,Sorghum,NA,NA,112,61509.299443993325,2612.6128118896513,720.844318290704,148.35235694048887,321.4715462771132,5,0.9944758488297489,0.002717147127950133,8.947298568975754,22.160817314106282
2056,20061,Soybeans,39491221.54782481,3949.1221547824807,5.03475953777074,all_cult,Soybeans,0.12217913528938978,7.666666666666667,56,221150.8406678189,2612.6128118896513,720.844318290704,148.35235694048887,321.4715462771132,5,0.9944758488297489,0.002717147127950133,8.947298568975754,22.160817314106282
2056,20061,Wheat,15495075.277191846,1549.5075277191845,1.9754764472362665,all_cult,Wheat,NA,NA,89,137906.16996700742,2420.956192626956,456.8967100223445,146.6431999058845,106.6723436444124,5,0.9944758488297489,0.002717147127950133,8.947298568975754,22.160817314106282
2056,20085,Corn,134933024.35661882,13493.30243566188,7.9306511901880965,all_cult,Corn,NA,NA,250,3373325.60891547,2594.2362591552765,740.5287123255713,124.01058447222373,282.96135916126065,5,1.0197368697622533,0.0027861663108258287,8.762560543206243,21.904905142028497
2056,20085,Developed,75618361.35140783,7561.836135140783,4.444448275810096,developed,NA,NA,NA,NA,NA,NA,NA,NA,NA,NA,1.0197368697622533,0.0027861663108258287,8.762560543206243,21.904905142028497
2056,20085,Double Crop,1864792.83802623,186.479283802623,0.10960268333762817,all_cult,NA,NA,NA,NA,NA,NA,NA,NA,NA,NA,1.0197368697622533,0.0027861663108258287,8.762560543206243,21.904905142028497
2056,20085,Grass/Pasture/Shrubland,941187748.5802637,94118.77485802637,55.31804963283908,grassPastureHay,NA,NA,NA,NA,NA,NA,NA,NA,NA,NA,1.0197368697622533,0.0027861663108258287,8.762560543206243,21.904905142028497
2056,20085,Other Crops,98052397.627671,9805.2397627671,5.7630025537076115,all_cult,NA,NA,NA,NA,NA,NA,NA,NA,NA,NA,1.0197368697622533,0.0027861663108258287,8.762560543206243,21.904905142028497
2056,20085,Sorghum,4069081.398774073,406.9081398774073,0.23915913388905596,all_cult,Sorghum,NA,NA,112,45573.71166626961,2594.2362591552765,740.5287123255713,124.01058447222373,282.96135916126065,5,1.0197368697622533,0.0027861663108258287,8.762560543206243,21.904905142028497
2056,20085,Soybeans,170772946.2930534,17077.29462930534,10.037132690300496,all_cult,Soybeans,NA,NA,56,956328.499241099,2594.2362591552765,740.5287123255713,124.01058447222373,282.96135916126065,5,1.0197368697622533,0.0027861663108258287,8.762560543206243,21.904905142028497
2056,20085,Wheat,13725583.902961861,1372.5583902961862,0.8067173980208171,all_cult,Wheat,NA,NA,89,122157.69673636057,2391.169831542971,450.2382771653094,129.25055240260943,90.03903540102723,5,1.0197368697622533,0.0027861663108258287,8.762560543206243,21.904905142028497
2056,20087,Corn,155094058.297135,15509.4058297135,10.788896738521789,all_cult,Corn,0.13078338055311117,25.77777777777778,250,3877351.457428375,2625.361292114261,788.8413297627574,130.49287420489543,319.87450827645597,5,1.0891426632209604,0.0029757996262867775,9.284579676226864,21.830268317884457
2056,20087,Developed,83037617.78054704,8303.761778054704,5.7763933285619125,developed,NA,NA,NA,NA,NA,NA,NA,NA,NA,NA,1.0891426632209604,0.0029757996262867775,9.284579676226864,21.830268317884457
2056,20087,Double Crop,3214015.8179615135,321.4015817961514,0.2235784217441099,all_cult,NA,NA,NA,NA,NA,NA,NA,NA,NA,NA,1.0891426632209604,0.0029757996262867775,9.284579676226864,21.830268317884457
2056,20087,Grass/Pasture/Shrubland,533878677.1787268,53387.86771787268,37.138507962340775,grassPastureHay,NA,NA,NA,NA,NA,NA,NA,NA,NA,NA,1.0891426632209604,0.0029757996262867775,9.284579676226864,21.830268317884457
2056,20087,Other Crops,67978226.39294052,6797.822639294052,4.728808266891807,all_cult,NA,NA,NA,NA,NA,NA,NA,NA,NA,NA,1.0891426632209604,0.0029757996262867775,9.284579676226864,21.830268317884457
2056,20087,Sorghum,2078940.1655916602,207.89401655916603,0.1446185045281528,all_cult,Sorghum,NA,NA,112,23284.129854626597,2625.361292114261,788.8413297627574,130.49287420489543,319.87450827645597,5,1.0891426632209604,0.0029757996262867775,9.284579676226864,21.830268317884457
2056,20087,Soybeans,173639107.61438552,17363.91076143855,12.078956617613274,all_cult,Soybeans,0.09985991575255485,13.833333333333334,56,972379.0026405589,2625.361292114261,788.8413297627574,130.49287420489543,319.87450827645597,5,1.0891426632209604,0.0029757996262867775,9.284579676226864,21.830268317884457
2056,20087,Wheat,7377427.0278590415,737.7427027859042,0.5132001784817648,all_cult,Wheat,NA,NA,89,65659.10054794548,2420.363004760745,482.0456691467445,128.86453373187516,108.36113877286073,5,1.0891426632209604,0.0029757996262867775,9.284579676226864,21.830268317884457
2056,20091,Corn,20137063.169311535,2013.7063169311532,3.334881975218613,all_cult,Corn,0.14955141172933145,4,250,503426.5792327883,2673.5320935058626,811.4649405091898,136.0047761627135,351.2745329611639,5,1.138723624022849,0.0031112667323028665,9.895088946233052,21.924302481562737
2056,20091,Developed,271607528.4848879,27160.752848488788,44.98069273866694,developed,NA,NA,NA,NA,NA,NA,NA,NA,NA,NA,1.138723624022849,0.0031112667323028665,9.895088946233052,21.924302481562737
2056,20091,Double Crop,2013905.6882216034,201.39056882216036,0.3335212152324038,all_cult,NA,NA,NA,NA,NA,NA,NA,NA,NA,NA,1.138723624022849,0.0031112667323028665,9.895088946233052,21.924302481562737
2056,20091,Grass/Pasture/Shrubland,139667491.4795437,13966.749147954368,23.130214964462166,grassPastureHay,NA,NA,NA,NA,NA,NA,NA,NA,NA,NA,1.138723624022849,0.0031112667323028665,9.895088946233052,21.924302481562737
2056,20091,Other Crops,14581458.923742233,1458.1458923742232,2.4148230617504245,all_cult,NA,NA,NA,NA,NA,NA,NA,NA,NA,NA,1.138723624022849,0.0031112667323028665,9.895088946233052,21.924302481562737
2056,20091,Sorghum,265245.84730308503,26.524584730308504,0.043927140106542625,all_cult,Sorghum,NA,NA,112,2970.7534897945525,2673.5320935058626,811.4649405091898,136.0047761627135,351.2745329611639,5,1.138723624022849,0.0031112667323028665,9.895088946233052,21.924302481562737
2056,20091,Soybeans,40506888.73460731,4050.688873460731,6.708311533684595,all_cult,Soybeans,NA,NA,56,226838.57691380093,2673.5320935058626,811.4649405091898,136.0047761627135,351.2745329611639,5,1.138723624022849,0.0031112667323028665,9.895088946233052,21.924302481562737
2056,20091,Wheat,3047090.5931461067,304.70905931461067,0.5046260922212007,all_cult,Wheat,NA,NA,89,27119.10627900035,2460.7313220214874,499.89175857247994,132.65433935071405,111.2971512414538,5,1.138723624022849,0.0031112667323028665,9.895088946233052,21.924302481562737
2056,20103,Corn,55676654.53817842,5567.665453817842,6.162232243462533,all_cult,Corn,0.09926099891867379,4.75,250,1391916.3634544604,2653.449371337894,794.5549223405394,132.7472379417655,310.2612173787059,5,1.109684354029974,0.0030319244645627703,9.583880114946233,21.911512381131555
2056,20103,Developed,66222526.18511143,6622.252618511144,7.329437975150055,developed,NA,NA,NA,NA,NA,NA,NA,NA,NA,NA,1.109684354029974,0.0030319244645627703,9.583880114946233,21.911512381131555
2056,20103,Double Crop,2239300.7972116056,223.93007972116058,0.2478434038440015,all_cult,NA,NA,NA,NA,NA,NA,NA,NA,NA,NA,1.109684354029974,0.0030319244645627703,9.583880114946233,21.911512381131555
2056,20103,Grass/Pasture/Shrubland,361083573.13099504,36108.3573130995,39.96434152498699,grassPastureHay,NA,NA,NA,NA,NA,NA,NA,NA,NA,NA,1.109684354029974,0.0030319244645627703,9.583880114946233,21.911512381131555
2056,20103,Other Crops,54377617.6404599,5437.76176404599,6.018456236750789,all_cult,NA,NA,NA,NA,NA,NA,NA,NA,NA,NA,1.109684354029974,0.0030319244645627703,9.583880114946233,21.911512381131555
2056,20103,Sorghum,567901.3203360821,56.79013203360822,0.06285470735100035,all_cult,Sorghum,NA,NA,112,6360.494787764121,2653.449371337894,794.5549223405394,132.7472379417655,310.2612173787059,5,1.109684354029974,0.0030319244645627703,9.583880114946233,21.911512381131555
2056,20103,Soybeans,101039226.18326606,10103.922618326606,11.18291288522158,all_cult,Soybeans,0.11410095968932568,4.571428571428571,56,565819.66662629,2653.449371337894,794.5549223405394,132.7472379417655,310.2612173787059,5,1.109684354029974,0.0030319244645627703,9.583880114946233,21.911512381131555
2056,20103,Wheat,4817340.8524583215,481.7340852458321,0.5331781044497215,all_cult,Wheat,NA,NA,89,42874.33358687905,2440.549138183597,486.3818994293208,128.25355992457878,112.3777633851068,5,1.109684354029974,0.0030319244645627703,9.583880114946233,21.911512381131555
2056,20117,Corn,1797933.5665907045,179.79335665907044,8.787790125047634,all_cult,Corn,0.16261062771687598,15.722222222222221,250,44948.33916476761,2543.807815551761,696.699070017649,128.9486284161647,265.22727070088115,5,0.9490775830837291,0.002593108150501992,8.268682060867082,21.568795359460406
2056,20117,Developed,709093.4285035765,70.90934285035766,3.465847873654197,developed,NA,NA,NA,NA,NA,NA,NA,NA,NA,NA,0.9490775830837291,0.002593108150501992,8.268682060867082,21.568795359460406
2056,20117,Double Crop,17005.082052877187,1.700508205287719,0.08311602548433755,all_cult,NA,NA,NA,NA,NA,NA,NA,NA,NA,NA,0.9490775830837291,0.002593108150501992,8.268682060867082,21.568795359460406
2056,20117,Grass/Pasture/Shrubland,13608757.209524421,1360.8757209524422,66.51575143947134,grassPastureHay,NA,NA,NA,NA,NA,NA,NA,NA,NA,NA,0.9490775830837291,0.002593108150501992,8.268682060867082,21.568795359460406
2056,20117,Other Crops,368569.7378671669,36.856973786716694,1.801464505144208,all_cult,NA,NA,NA,NA,NA,NA,NA,NA,NA,NA,0.9490775830837291,0.002593108150501992,8.268682060867082,21.568795359460406
2056,20117,Sorghum,113210.96189225193,11.321096189225193,0.5533431220433721,all_cult,Sorghum,NA,NA,112,1267.9627731932217,2543.807815551761,696.699070017649,128.9486284161647,265.22727070088115,5,0.9490775830837291,0.002593108150501992,8.268682060867082,21.568795359460406
2056,20117,Soybeans,2250086.8872694396,225.00868872694397,10.99778751332857,all_cult,Soybeans,0.12228514283699721,8.25,56,12600.486568708862,2543.807815551761,696.699070017649,128.9486284161647,265.22727070088115,5,0.9490775830837291,0.002593108150501992,8.268682060867082,21.568795359460406
2056,20117,Wheat,234744.84118524572,23.474484118524572,1.1473663074132867,all_cult,Wheat,NA,NA,89,2089.229086548687,2338.4155902099637,428.3244408876589,126.88458526772244,95.64372458816288,5,0.9490775830837291,0.002593108150501992,8.268682060867082,21.568795359460406
2056,20127,Corn,10941387.892613748,1094.1387892613748,4.064821675495574,all_cult,Corn,NA,NA,250,273534.6973153437,2618.615648803714,716.2797393185897,154.94962047557485,326.11087476666313,5,1.0085142288798021,0.002755503357595088,9.031042480468773,22.184511878842237
2056,20127,Developed,12128694.282144045,1212.8694282144045,4.50591642462472,developed,NA,NA,NA,NA,NA,NA,NA,NA,NA,NA,1.0085142288798021,0.002755503357595088,9.031042480468773,22.184511878842237
2056,20127,Double Crop,4499199.088895911,449.9199088895911,1.671491967784096,all_cult,NA,NA,NA,NA,NA,NA,NA,NA,NA,NA,1.0085142288798021,0.002755503357595088,9.031042480468773,22.184511878842237
2056,20127,Grass/Pasture/Shrubland,158101691.18434784,15810.169118434784,58.73616652348874,grassPastureHay,NA,NA,NA,NA,NA,NA,NA,NA,NA,NA,1.0085142288798021,0.002755503357595088,9.031042480468773,22.184511878842237
2056,20127,Other Crops,10981377.128665583,1098.1377128665583,4.079678027823576,all_cult,NA,NA,NA,NA,NA,NA,NA,NA,NA,NA,1.0085142288798021,0.002755503357595088,9.031042480468773,22.184511878842237
2056,20127,Sorghum,7272388.587591114,727.2388587591115,2.701756217181813,all_cult,Sorghum,NA,NA,112,81450.75218102049,2618.615648803714,716.2797393185897,154.94962047557485,326.11087476666313,5,1.0085142288798021,0.002755503357595088,9.031042480468773,22.184511878842237
2056,20127,Soybeans,28686301.015498407,2868.6301015498407,10.657212713965244,all_cult,Soybeans,0.11686486262093489,4,56,160643.2856867911,2618.615648803714,716.2797393185897,154.94962047557485,326.11087476666313,5,1.0085142288798021,0.002755503357595088,9.031042480468773,22.184511878842237
2056,20127,Wheat,20934850.636842933,2093.485063684293,7.777480834890052,all_cult,Wheat,NA,NA,89,186320.17066790207,2428.6298394775417,466.66804014308775,154.86053335577893,109.8453134619662,5,1.0085142288798021,0.002755503357595088,9.031042480468773,22.184511878842237
2056,20131,Corn,124792211.963085,12479.2211963085,16.444051346315263,all_cult,Corn,0.12528513936677563,9.454545454545455,250,3119805.299077125,2542.7681164550813,702.9740522975877,121.22137968849268,251.11736168548504,5,0.9594867058373997,0.002621548376604917,8.266311161895942,21.513755623239007
2056,20131,Developed,34827921.40223819,3482.792140223819,4.589325878711502,developed,NA,NA,NA,NA,NA,NA,NA,NA,NA,NA,0.9594867058373997,0.002621548376604917,8.266311161895942,21.513755623239007
2056,20131,Double Crop,1288597.7379512293,128.85977379512295,0.1698003988733199,all_cult,NA,NA,NA,NA,NA,NA,NA,NA,NA,NA,0.9594867058373997,0.002621548376604917,8.266311161895942,21.513755623239007
2056,20131,Grass/Pasture/Shrubland,328086582.4549448,32808.65824549448,43.232446344665604,grassPastureHay,NA,NA,NA,NA,NA,NA,NA,NA,NA,NA,0.9594867058373997,0.002621548376604917,8.266311161895942,21.513755623239007
2056,20131,Other Crops,27101730.321978156,2710.1730321978157,3.5712344382550913,all_cult,NA,NA,NA,NA,NA,NA,NA,NA,NA,NA,0.9594867058373997,0.002621548376604917,8.266311161895942,21.513755623239007
2056,20131,Sorghum,2055671.3741418559,205.5671374141856,0.2708788080264065,all_cult,Sorghum,NA,NA,112,23023.519390388785,2542.7681164550813,702.9740522975877,121.22137968849268,251.11736168548504,5,0.9594867058373997,0.002621548376604917,8.266311161895942,21.513755623239007
2056,20131,Soybeans,136674912.54505298,13667.491254505298,18.00985209164201,all_cult,Soybeans,0.1067341402930363,5.142857142857143,56,765379.5102522967,2542.7681164550813,702.9740522975877,121.22137968849268,251.11736168548504,5,0.9594867058373997,0.002621548376604917,8.266311161895942,21.513755623239007
2056,20131,Wheat,9588450.555545796,958.8450555545795,1.2634840811511674,all_cult,Wheat,NA,NA,89,85337.20994435757,2329.874938354495,421.0884132703168,122.94763434562908,88.46829744258119,5,0.9594867058373997,0.002621548376604917,8.266311161895942,21.513755623239007
2056,20139,Corn,20890964.22588984,2089.096422588984,9.4988079569725965,all_cult,Corn,NA,NA,250,522274.10564724595,2636.670759277347,768.8416171474337,138.09188559275907,300.46905788729333,5,1.0811488959798767,0.002953958732185455,9.34440767048489,21.990540784825416
2056,20139,Developed,11858545.489950646,1185.8545489950645,5.391902692479325,developed,NA,NA,NA,NA,NA,NA,NA,NA,NA,NA,1.0811488959798767,0.002953958732185455,9.34440767048489,21.990540784825416
2056,20139,Double Crop,1849135.1156913848,184.91351156913848,0.8407739901578724,all_cult,NA,NA,NA,NA,NA,NA,NA,NA,NA,NA,1.0811488959798767,0.002953958732185455,9.34440767048489,21.990540784825416
2056,20139,Grass/Pasture/Shrubland,108139234.26990536,10813.923426990536,49.1692871538651,grassPastureHay,NA,NA,NA,NA,NA,NA,NA,NA,NA,NA,1.0811488959798767,0.002953958732185455,9.34440767048489,21.990540784825416
2056,20139,Other Crops,6302951.103083336,630.2951103083336,2.86585728849129,all_cult,NA,NA,NA,NA,NA,NA,NA,NA,NA,NA,1.0811488959798767,0.002953958732185455,9.34440767048489,21.990540784825416
2056,20139,Sorghum,252758.48461129973,25.27584846112997,0.11492549021948671,all_cult,Sorghum,NA,NA,112,2830.8950276465566,2636.670759277347,768.8416171474337,138.09188559275907,300.46905788729333,5,1.0811488959798767,0.002953958732185455,9.34440767048489,21.990540784825416
2056,20139,Soybeans,28064514.38751116,2806.4514387511163,12.76051357372463,all_cult,Soybeans,NA,NA,56,157161.28057006252,2636.670759277347,768.8416171474337,138.09188559275907,300.46905788729333,5,1.0811488959798767,0.002953958732185455,9.34440767048489,21.990540784825416
2056,20139,Wheat,1738320.944623076,173.8320944623076,0.7903884493801757,all_cult,Wheat,NA,NA,89,15471.056407145375,2439.67181518555,515.5657107562064,142.09119591521844,114.1442767997236,5,1.0811488959798767,0.002953958732185455,9.34440767048489,21.990540784825416
2056,20149,Corn,136791901.8519852,13679.190185198519,7.982141503627487,all_cult,Corn,0.1326174661314905,62.44444444444444,250,3419797.54629963,2593.902278442386,708.9487993889586,131.55606718293708,283.9634658443833,5,0.9688727221753163,0.0026471932299872033,8.68371306872761,22.00422299911418
2056,20149,Developed,87781477.02653997,8778.147702653996,5.122263537072818,developed,NA,NA,NA,NA,NA,NA,NA,NA,NA,NA,0.9688727221753163,0.0026471932299872033,8.68371306872761,22.00422299911418
2056,20149,Double Crop,1803166.4492782145,180.31664492782144,0.1052191654466961,all_cult,NA,NA,NA,NA,NA,NA,NA,NA,NA,NA,0.9688727221753163,0.0026471932299872033,8.68371306872761,22.00422299911418
2056,20149,Grass/Pasture/Shrubland,1058221194.9777538,105822.11949777538,61.749790785057485,grassPastureHay,NA,NA,NA,NA,NA,NA,NA,NA,NA,NA,0.9688727221753163,0.0026471932299872033,8.68371306872761,22.00422299911418
2056,20149,Other Crops,34485813.7618199,3448.58137618199,2.012331443512244,all_cult,NA,NA,NA,NA,NA,NA,NA,NA,NA,NA,0.9688727221753163,0.0026471932299872033,8.68371306872761,22.00422299911418
2056,20149,Sorghum,5647082.09049503,564.708209049503,0.3295210295248753,all_cult,Sorghum,NA,NA,112,63247.319413544334,2593.902278442386,708.9487993889586,131.55606718293708,283.9634658443833,5,0.9688727221753163,0.0026471932299872033,8.68371306872761,22.00422299911418
2056,20149,Soybeans,153915907.33370754,15391.590733370755,8.98136903839706,all_cult,Soybeans,0.11392545848870632,51.611111111111114,56,861929.0810687622,2593.902278442386,708.9487993889586,131.55606718293708,283.9634658443833,5,0.9688727221753163,0.0026471932299872033,8.68371306872761,22.00422299911418
2056,20149,Wheat,13424373.002870617,1342.4373002870618,0.7833449455387832,all_cult,Wheat,NA,NA,89,119476.9197255485,2394.2941186523467,441.0709639719957,133.61090438836374,103.07231804874384,5,0.9688727221753163,0.0026471932299872033,8.68371306872761,22.00422299911418
2056,20161,Corn,29887562.457934357,2988.756245793436,3.7374801575206362,all_cult,Corn,0.14127372152863188,12.444444444444445,250,747189.0614483589,2607.187119140628,699.9399673743056,144.1047679825142,296.18057101237184,5,0.9537738783074926,0.002605939558217193,8.799246024043205,22.20377067190704
2056,20161,Developed,93189704.06140432,9318.970406140432,11.653498685445852,developed,NA,NA,NA,NA,NA,NA,NA,NA,NA,NA,0.9537738783074926,0.002605939558217193,8.799246024043205,22.20377067190704
2056,20161,Double Crop,2321662.5391971655,232.16625391971652,0.2903270443991936,all_cult,NA,NA,NA,NA,NA,NA,NA,NA,NA,NA,0.9537738783074926,0.002605939558217193,8.799246024043205,22.20377067190704
2056,20161,Grass/Pasture/Shrubland,421935273.9416269,42193.527394162695,52.76357736882686,grassPastureHay,NA,NA,NA,NA,NA,NA,NA,NA,NA,NA,0.9537738783074926,0.002605939558217193,8.799246024043205,22.20377067190704
2056,20161,Other Crops,10313350.483787943,1031.3350483787942,1.2896984437913022,all_cult,NA,NA,NA,NA,NA,NA,NA,NA,NA,NA,0.9537738783074926,0.002605939558217193,8.799246024043205,22.20377067190704
2056,20161,Sorghum,8046145.345421317,804.6145345421318,1.0061813711092988,all_cult,Sorghum,NA,NA,112,90116.82786871876,2607.187119140628,699.9399673743056,144.1047679825142,296.18057101237184,5,0.9537738783074926,0.002605939558217193,8.799246024043205,22.20377067190704
2056,20161,Soybeans,56043067.26954317,5604.306726954317,7.008261452613234,all_cult,Soybeans,0.12420661341954765,10.38888888888889,56,313841.17670944176,2607.187119140628,699.9399673743056,144.1047679825142,296.18057101237184,5,0.9537738783074926,0.002605939558217193,8.799246024043205,22.20377067190704
2056,20161,Wheat,14763447.35949416,1476.3447359494162,1.8461890841841313,all_cult,Wheat,NA,NA,89,131394.68149949805,2413.63309692383,439.77386457265584,140.98340437683348,105.3991606162255,5,0.9537738783074926,0.002605939558217193,8.799246024043205,22.20377067190704
2056,20177,Corn,132475537.80653152,13247.553780653152,9.091050553311547,all_cult,Corn,0.12030458771317423,83,250,3311888.445163288,2635.4499407959015,765.3074650696234,132.08893792187712,318.6229070232273,5,1.0612516377057337,0.002899594638540256,9.28076116843304,21.98446310074605
2056,20177,Developed,255013934.0237044,25501.393402370442,17.50017100813045,developed,NA,NA,NA,NA,NA,NA,NA,NA,NA,NA,1.0612516377057337,0.002899594638540256,9.28076116843304,21.98446310074605
2056,20177,Double Crop,2797246.7569815805,279.7246756981581,0.19195930130847558,all_cult,NA,NA,NA,NA,NA,NA,NA,NA,NA,NA,1.0612516377057337,0.002899594638540256,9.28076116843304,21.98446310074605
2056,20177,Grass/Pasture/Shrubland,626083355.6398722,62608.33556398722,42.96457693964075,grassPastureHay,NA,NA,NA,NA,NA,NA,NA,NA,NA,NA,1.0612516377057337,0.002899594638540256,9.28076116843304,21.98446310074605
2056,20177,Other Crops,33361526.081880283,3336.1526081880284,2.289413767762353,all_cult,NA,NA,NA,NA,NA,NA,NA,NA,NA,NA,1.0612516377057337,0.002899594638540256,9.28076116843304,21.98446310074605
2056,20177,Sorghum,2303954.5452317544,230.39545452317543,0.15810743319134585,all_cult,Sorghum,NA,NA,112,25804.29090659565,2635.4499407959015,765.3074650696234,132.08893792187712,318.6229070232273,5,1.0612516377057337,0.002899594638540256,9.28076116843304,21.98446310074605
2056,20177,Soybeans,145627766.023613,14562.7766023613,9.993613951731533,all_cult,Soybeans,0.09768281806034469,42.833333333333336,56,815515.4897322329,2635.4499407959015,765.3074650696234,132.08893792187712,318.6229070232273,5,1.0612516377057337,0.002899594638540256,9.28076116843304,21.98446310074605
2056,20177,Wheat,9565647.685078032,956.5647685078033,0.656436562704971,all_cult,Wheat,NA,NA,89,85134.26439719449,2436.622567138674,493.2115267610196,139.00859873970992,104.78055520165007,5,1.0612516377057337,0.002899594638540256,9.28076116843304,21.98446310074605
2056,20197,Corn,69733578.79693311,6973.357879693312,4.536852294529976,all_cult,Corn,0.14186117514330646,28.666666666666668,250,1743339.469923328,2613.7373913574247,747.4765749487091,135.54211403349703,318.5578711501345,5,1.0268421671636572,0.0028055796917039813,8.97430830991987,22.04001961796664
2056,20197,Developed,54289406.85937861,5428.940685937861,3.5320576446519008,developed,NA,NA,NA,NA,NA,NA,NA,NA,NA,NA,1.0268421671636572,0.0028055796917039813,8.97430830991987,22.04001961796664
2056,20197,Double Crop,1125869.9276987636,112.58699276987635,0.07324886594013556,all_cult,NA,NA,NA,NA,NA,NA,NA,NA,NA,NA,1.0268421671636572,0.0028055796917039813,8.97430830991987,22.04001961796664
2056,20197,Grass/Pasture/Shrubland,1169502873.1037595,116950.28731037596,76.08761639426346,grassPastureHay,NA,NA,NA,NA,NA,NA,NA,NA,NA,NA,1.0268421671636572,0.0028055796917039813,8.97430830991987,22.04001961796664
2056,20197,Other Crops,29094649.42529061,2909.464942529061,1.8928919077573607,all_cult,NA,NA,NA,NA,NA,NA,NA,NA,NA,NA,1.0268421671636572,0.0028055796917039813,8.97430830991987,22.04001961796664
2056,20197,Sorghum,3287931.385599168,328.7931385599168,0.21391213972326276,all_cult,Sorghum,NA,NA,112,36824.831518710685,2613.7373913574247,747.4765749487091,135.54211403349703,318.5578711501345,5,1.0268421671636572,0.0028055796917039813,8.97430830991987,22.04001961796664
2056,20197,Soybeans,83491332.16381498,8349.133216381497,5.431928899043218,all_cult,Soybeans,0.12942046457519057,22.77777777777778,56,467551.46011736384,2613.7373913574247,747.4765749487091,135.54211403349703,318.5578711501345,5,1.0268421671636572,0.0028055796917039813,8.97430830991987,22.04001961796664
2056,20197,Wheat,7530280.724868099,753.02807248681,0.4899185152185996,all_cult,Wheat,NA,NA,89,67019.49845132609,2415.967763061526,476.4795497577032,142.34420086533615,106.27669287102768,5,1.0268421671636572,0.0028055796917039813,8.97430830991987,22.04001961796664
2056,20209,Corn,2798441.748604609,279.8441748604609,1.0907251789658858,all_cult,Corn,NA,NA,250,69961.04371511523,2683.9477099609408,785.6687366352547,133.20690850902932,302.77374417624804,5,1.0983530488644027,0.0030009646143836135,9.950155639648461,21.803242734481753
2056,20209,Developed,144515431.86680782,14451.543186680783,56.32656829996687,developed,NA,NA,NA,NA,NA,NA,NA,NA,NA,NA,1.0983530488644027,0.0030009646143836135,9.950155639648461,21.803242734481753
2056,20209,Double Crop,152719.71803613545,15.271971803613546,0.05952428413764306,all_cult,NA,NA,NA,NA,NA,NA,NA,NA,NA,NA,1.0983530488644027,0.0030009646143836135,9.950155639648461,21.803242734481753
2056,20209,Grass/Pasture/Shrubland,41083799.11850462,4108.379911850462,16.01288794682744,grassPastureHay,NA,NA,NA,NA,NA,NA,NA,NA,NA,NA,1.0983530488644027,0.0030009646143836135,9.950155639648461,21.803242734481753
2056,20209,Other Crops,1959154.8527385148,195.91548527385146,0.7636033619211925,all_cult,NA,NA,NA,NA,NA,NA,NA,NA,NA,NA,1.0983530488644027,0.0030009646143836135,9.950155639648461,21.803242734481753
2056,20209,Sorghum,54127.80426680527,5.412780426680527,0.02109694047602745,all_cult,Sorghum,NA,NA,112,606.231407788219,2683.9477099609408,785.6687366352547,133.20690850902932,302.77374417624804,5,1.0983530488644027,0.0030009646143836135,9.950155639648461,21.803242734481753
2056,20209,Soybeans,8244134.676247953,824.4134676247953,3.213247256139296,all_cult,Soybeans,0.14562756367793683,4.75,56,46167.15418698854,2683.9477099609408,785.6687366352547,133.20690850902932,302.77374417624804,5,1.0983530488644027,0.0030009646143836135,9.950155639648461,21.803242734481753
2056,20209,Wheat,234900.57353758038,23.49005735375804,0.09155522720411169,all_cult,Wheat,NA,NA,89,2090.6151044844655,2452.896520385745,480.32180558390854,126.95892807059396,107.26921130414183,5,1.0983530488644027,0.0030009646143836135,9.950155639648461,21.803242734481753
2057,20005,Corn,172734778.84431297,17273.477884431297,23.078910848652363,all_cult,Corn,0.10724545034749912,6.181818181818182,250,4318369.471107824,2511.6693872070346,814.0844824332715,164.23844208064224,221.03821589509607,5,1.0248787472374679,0.0028078869787327883,8.958548466930674,21.40852783203127
2057,20005,Developed,36578638.84791646,3657.863884791646,4.88723319405755,developed,NA,NA,NA,NA,NA,NA,NA,NA,NA,NA,1.0248787472374679,0.0028078869787327883,8.958548466930674,21.40852783203127
2057,20005,Double Crop,1451158.554832854,145.11585548328543,0.1938877575107932,all_cult,NA,NA,NA,NA,NA,NA,NA,NA,NA,NA,1.0248787472374679,0.0028078869787327883,8.958548466930674,21.40852783203127
2057,20005,Grass/Pasture/Shrubland,215288406.86893737,21528.840686893738,28.764456018176027,grassPastureHay,NA,NA,NA,NA,NA,NA,NA,NA,NA,NA,1.0248787472374679,0.0028078869787327883,8.958548466930674,21.40852783203127
2057,20005,Other Crops,29204979.705745928,2920.4979705745927,3.902046405912905,all_cult,NA,NA,NA,NA,NA,NA,NA,NA,NA,NA,1.0248787472374679,0.0028078869787327883,8.958548466930674,21.40852783203127
2057,20005,Sorghum,732239.3724075308,73.22393724075309,0.09783372699309156,all_cult,Sorghum,NA,NA,112,8201.080970964345,2511.6693872070346,814.0844824332715,164.23844208064224,221.03821589509607,5,1.0248787472374679,0.0028078869787327883,8.958548466930674,21.40852783203127
2057,20005,Soybeans,181600576.65296197,18160.057665296197,24.263460703620524,all_cult,Soybeans,0.07483265359624193,5,56,1016963.2292565871,2511.6693872070346,814.0844824332715,164.23844208064224,221.03821589509607,5,1.0248787472374679,0.0028078869787327883,8.958548466930674,21.40852783203127
2057,20005,Wheat,5908069.702597459,590.8069702597459,0.7893709354082403,all_cult,Wheat,NA,NA,89,52581.82035311738,2329.473253784183,497.0325576506713,282.1526402887197,151.47590058289256,5,1.0248787472374679,0.0028078869787327883,8.958548466930674,21.40852783203127
2057,20013,Corn,113276297.82191704,11327.629782191703,25.36090350021212,all_cult,Corn,0.12646432205391206,17.5625,250,2831907.445547926,2476.1529125976595,788.9688564940454,156.67539886043488,226.34860990722052,5,0.9897578552921662,0.002711665356964839,8.45926559657269,21.37534229853384
2057,20013,Developed,24170977.38782201,2417.0977387822013,5.411527714315524,developed,NA,NA,NA,NA,NA,NA,NA,NA,NA,NA,0.9897578552921662,0.002711665356964839,8.45926559657269,21.37534229853384
2057,20013,Double Crop,542048.8992527233,54.20488992527234,0.12135680712267008,all_cult,NA,NA,NA,NA,NA,NA,NA,NA,NA,NA,0.9897578552921662,0.002711665356964839,8.45926559657269,21.37534229853384
2057,20013,Grass/Pasture/Shrubland,122499833.68113159,12249.983368113159,27.425918047421547,grassPastureHay,NA,NA,NA,NA,NA,NA,NA,NA,NA,NA,0.9897578552921662,0.002711665356964839,8.45926559657269,21.37534229853384
2057,20013,Other Crops,13090232.71280689,1309.023271280689,2.9307113227404837,all_cult,NA,NA,NA,NA,NA,NA,NA,NA,NA,NA,0.9897578552921662,0.002711665356964839,8.45926559657269,21.37534229853384
2057,20013,Sorghum,333636.9508835004,33.363695088350035,0.07469642527304013,all_cult,Sorghum,NA,NA,112,3736.733849895204,2476.1529125976595,788.9688564940454,156.67539886043488,226.34860990722052,5,0.9897578552921662,0.002711665356964839,8.45926559657269,21.37534229853384
2057,20013,Soybeans,123405327.24801578,12340.532724801578,27.62864479089188,all_cult,Soybeans,0.10147480973744562,10.461538461538462,56,691069.8325888884,2476.1529125976595,788.9688564940454,156.67539886043488,226.34860990722052,5,0.9897578552921662,0.002711665356964839,8.45926559657269,21.37534229853384
2057,20013,Wheat,3906288.4515680084,390.6288451568008,0.8745607542714157,all_cult,Wheat,NA,NA,89,34765.96721895527,2292.970450439456,491.5418238439478,276.815621190752,167.27614416586516,5,0.9897578552921662,0.002711665356964839,8.45926559657269,21.37534229853384
2057,20045,Corn,74392843.99321488,7439.284399321487,7.631923083362056,all_cult,Corn,0.1459526935617447,11,250,1859821.0998303718,2568.186183471683,835.7703119475034,174.15003526334655,195.29124477146595,5,1.062543717402494,0.0029110786778150525,9.66663373555225,21.66410933821171
2057,20045,Developed,130402436.2681122,13040.24362681122,13.37791795635647,developed,NA,NA,NA,NA,NA,NA,NA,NA,NA,NA,1.062543717402494,0.0029110786778150525,9.66663373555225,21.66410933821171
2057,20045,Double Crop,4220114.888463862,422.01148884638627,0.4329393864098648,all_cult,NA,NA,NA,NA,NA,NA,NA,NA,NA,NA,1.062543717402494,0.0029110786778150525,9.66663373555225,21.66410933821171
2057,20045,Grass/Pasture/Shrubland,354830010.0217444,35483.00100217444,36.40182575089523,grassPastureHay,NA,NA,NA,NA,NA,NA,NA,NA,NA,NA,1.062543717402494,0.0029110786778150525,9.66663373555225,21.66410933821171
2057,20045,Other Crops,37964614.628596716,3796.4614628596714,3.8947700233285687,all_cult,NA,NA,NA,NA,NA,NA,NA,NA,NA,NA,1.062543717402494,0.0029110786778150525,9.66663373555225,21.66410933821171
2057,20045,Sorghum,671055.755263424,67.1055755263424,0.06884326010288025,all_cult,Sorghum,NA,NA,112,7515.824458950349,2568.186183471683,835.7703119475034,174.15003526334655,195.29124477146595,5,1.062543717402494,0.0029110786778150525,9.66663373555225,21.66410933821171
2057,20045,Soybeans,100028766.3995359,10002.876639953589,10.261898998705805,all_cult,Soybeans,0.11420951862362651,8.5,56,560161.091837401,2568.186183471683,835.7703119475034,174.15003526334655,195.29124477146595,5,1.062543717402494,0.0029110786778150525,9.66663373555225,21.66410933821171
2057,20045,Wheat,7085783.937909698,708.5783937909698,0.7269268802840957,all_cult,Wheat,NA,NA,89,63063.477047396314,2390.1245690918,524.6998724296186,291.4155132464077,148.8367807146347,5,1.062543717402494,0.0029110786778150525,9.66663373555225,21.66410933821171
2057,20061,Corn,31722102.062803604,3172.21020628036,4.044269831598419,all_cult,Corn,0.16936452361704205,12.944444444444445,250,793052.55157009,2518.4743188476596,743.0241792500387,160.85546601564948,82.92389339215218,5,0.935974253420217,0.002564313023069088,8.887708188409698,21.775783440576863
2057,20061,Developed,61171563.9285717,6117.15639285717,7.798799400437711,developed,NA,NA,NA,NA,NA,NA,NA,NA,NA,NA,0.935974253420217,0.002564313023069088,8.887708188409698,21.775783440576863
2057,20061,Double Crop,5604030.762346523,560.4030762346523,0.7144612454318694,all_cult,NA,NA,NA,NA,NA,NA,NA,NA,NA,NA,0.935974253420217,0.002564313023069088,8.887708188409698,21.775783440576863
2057,20061,Grass/Pasture/Shrubland,476190220.2809351,47619.02202809351,60.70977699307564,grassPastureHay,NA,NA,NA,NA,NA,NA,NA,NA,NA,NA,0.935974253420217,0.002564313023069088,8.887708188409698,21.775783440576863
2057,20061,Other Crops,18227803.79878525,1822.7803798785249,2.323873646638379,all_cult,NA,NA,NA,NA,NA,NA,NA,NA,NA,NA,0.935974253420217,0.002564313023069088,8.887708188409698,21.775783440576863
2057,20061,Sorghum,5491901.736070833,549.1901736070832,0.7001658485721192,all_cult,Sorghum,NA,NA,112,61509.299443993325,2518.4743188476596,743.0241792500387,160.85546601564948,82.92389339215218,5,0.935974253420217,0.002564313023069088,8.887708188409698,21.775783440576863
2057,20061,Soybeans,39491221.54782481,3949.1221547824807,5.03475953777074,all_cult,Soybeans,0.12217913528938978,7.666666666666667,56,221150.8406678189,2518.4743188476596,743.0241792500387,160.85546601564948,82.92389339215218,5,0.935974253420217,0.002564313023069088,8.887708188409698,21.775783440576863
2057,20061,Wheat,15495075.277191846,1549.5075277191845,1.9754764472362665,all_cult,Wheat,NA,NA,89,137906.16996700742,2338.6654492187527,477.62339048939873,299.43536544869136,121.01961034255191,5,0.935974253420217,0.002564313023069088,8.887708188409698,21.775783440576863
2057,20085,Corn,134933024.35661882,13493.30243566188,7.9306511901880965,all_cult,Corn,NA,NA,250,3373325.60891547,2495.8291082763703,802.6466874195518,160.65184001241707,202.2063734260091,5,1.0092069955298115,0.0027649506726844155,8.706687379601906,21.534316974796685
2057,20085,Developed,75618361.35140783,7561.836135140783,4.444448275810096,developed,NA,NA,NA,NA,NA,NA,NA,NA,NA,NA,1.0092069955298115,0.0027649506726844155,8.706687379601906,21.534316974796685
2057,20085,Double Crop,1864792.83802623,186.479283802623,0.10960268333762817,all_cult,NA,NA,NA,NA,NA,NA,NA,NA,NA,NA,1.0092069955298115,0.0027649506726844155,8.706687379601906,21.534316974796685
2057,20085,Grass/Pasture/Shrubland,941187748.5802637,94118.77485802637,55.31804963283908,grassPastureHay,NA,NA,NA,NA,NA,NA,NA,NA,NA,NA,1.0092069955298115,0.0027649506726844155,8.706687379601906,21.534316974796685
2057,20085,Other Crops,98052397.627671,9805.2397627671,5.7630025537076115,all_cult,NA,NA,NA,NA,NA,NA,NA,NA,NA,NA,1.0092069955298115,0.0027649506726844155,8.706687379601906,21.534316974796685
2057,20085,Sorghum,4069081.398774073,406.9081398774073,0.23915913388905596,all_cult,Sorghum,NA,NA,112,45573.71166626961,2495.8291082763703,802.6466874195518,160.65184001241707,202.2063734260091,5,1.0092069955298115,0.0027649506726844155,8.706687379601906,21.534316974796685
2057,20085,Soybeans,170772946.2930534,17077.29462930534,10.037132690300496,all_cult,Soybeans,NA,NA,56,956328.499241099,2495.8291082763703,802.6466874195518,160.65184001241707,202.2063734260091,5,1.0092069955298115,0.0027649506726844155,8.706687379601906,21.534316974796685
2057,20085,Wheat,13725583.902961861,1372.5583902961862,0.8067173980208171,all_cult,Wheat,NA,NA,89,122157.69673636057,2323.135016479495,511.8124588340325,284.44783066945655,155.51790434682633,5,1.0092069955298115,0.0027649506726844155,8.706687379601906,21.534316974796685
2057,20087,Corn,155094058.297135,15509.4058297135,10.788896738521789,all_cult,Corn,0.13078338055311117,25.77777777777778,250,3877351.457428375,2527.851134643558,831.8169397645993,168.3049836182561,221.59976685312057,5,1.0487517280838172,0.0028732924057090882,9.2583717408899,21.472576084920828
2057,20087,Developed,83037617.78054704,8303.761778054704,5.7763933285619125,developed,NA,NA,NA,NA,NA,NA,NA,NA,NA,NA,1.0487517280838172,0.0028732924057090882,9.2583717408899,21.472576084920828
2057,20087,Double Crop,3214015.8179615135,321.4015817961514,0.2235784217441099,all_cult,NA,NA,NA,NA,NA,NA,NA,NA,NA,NA,1.0487517280838172,0.0028732924057090882,9.2583717408899,21.472576084920828
2057,20087,Grass/Pasture/Shrubland,533878677.1787268,53387.86771787268,37.138507962340775,grassPastureHay,NA,NA,NA,NA,NA,NA,NA,NA,NA,NA,1.0487517280838172,0.0028732924057090882,9.2583717408899,21.472576084920828
2057,20087,Other Crops,67978226.39294052,6797.822639294052,4.728808266891807,all_cult,NA,NA,NA,NA,NA,NA,NA,NA,NA,NA,1.0487517280838172,0.0028732924057090882,9.2583717408899,21.472576084920828
2057,20087,Sorghum,2078940.1655916602,207.89401655916603,0.1446185045281528,all_cult,Sorghum,NA,NA,112,23284.129854626597,2527.851134643558,831.8169397645993,168.3049836182561,221.59976685312057,5,1.0487517280838172,0.0028732924057090882,9.2583717408899,21.472576084920828
2057,20087,Soybeans,173639107.61438552,17363.91076143855,12.078956617613274,all_cult,Soybeans,0.09985991575255485,13.833333333333334,56,972379.0026405589,2527.851134643558,831.8169397645993,168.3049836182561,221.59976685312057,5,1.0487517280838172,0.0028732924057090882,9.2583717408899,21.472576084920828
2057,20087,Wheat,7377427.0278590415,737.7427027859042,0.5132001784817648,all_cult,Wheat,NA,NA,89,65659.10054794548,2354.743219604495,516.8127894093867,286.93759710596396,155.2915021439585,5,1.0487517280838172,0.0028732924057090882,9.2583717408899,21.472576084920828
2057,20091,Corn,20137063.169311535,2013.7063169311532,3.334881975218613,all_cult,Corn,0.14955141172933145,4,250,503426.5792327883,2579.2880993652375,869.3841275613192,178.51462066381052,224.267606339022,5,1.1077898808387694,0.0030350407694212864,9.872188369541975,21.5719860839844
2057,20091,Developed,271607528.4848879,27160.752848488788,44.98069273866694,developed,NA,NA,NA,NA,NA,NA,NA,NA,NA,NA,1.1077898808387694,0.0030350407694212864,9.872188369541975,21.5719860839844
2057,20091,Double Crop,2013905.6882216034,201.39056882216036,0.3335212152324038,all_cult,NA,NA,NA,NA,NA,NA,NA,NA,NA,NA,1.1077898808387694,0.0030350407694212864,9.872188369541975,21.5719860839844
2057,20091,Grass/Pasture/Shrubland,139667491.4795437,13966.749147954368,23.130214964462166,grassPastureHay,NA,NA,NA,NA,NA,NA,NA,NA,NA,NA,1.1077898808387694,0.0030350407694212864,9.872188369541975,21.5719860839844
2057,20091,Other Crops,14581458.923742233,1458.1458923742232,2.4148230617504245,all_cult,NA,NA,NA,NA,NA,NA,NA,NA,NA,NA,1.1077898808387694,0.0030350407694212864,9.872188369541975,21.5719860839844
2057,20091,Sorghum,265245.84730308503,26.524584730308504,0.043927140106542625,all_cult,Sorghum,NA,NA,112,2970.7534897945525,2579.2880993652375,869.3841275613192,178.51462066381052,224.267606339022,5,1.1077898808387694,0.0030350407694212864,9.872188369541975,21.5719860839844
2057,20091,Soybeans,40506888.73460731,4050.688873460731,6.708311533684595,all_cult,Soybeans,NA,NA,56,226838.57691380093,2579.2880993652375,869.3841275613192,178.51462066381052,224.267606339022,5,1.1077898808387694,0.0030350407694212864,9.872188369541975,21.5719860839844
2057,20091,Wheat,3047090.5931461067,304.70905931461067,0.5046260922212007,all_cult,Wheat,NA,NA,89,27119.10627900035,2397.816710205081,531.559707725411,289.976818401838,160.78066197698493,5,1.1077898808387694,0.0030350407694212864,9.872188369541975,21.5719860839844
2057,20103,Corn,55676654.53817842,5567.665453817842,6.162232243462533,all_cult,Corn,0.09926099891867379,4.75,250,1391916.3634544604,2558.62951049805,854.6908013041785,173.23909664927228,225.1194369906877,5,1.0745994058721235,0.002944107961293489,9.573490274507728,21.56149863883243
2057,20103,Developed,66222526.18511143,6622.252618511144,7.329437975150055,developed,NA,NA,NA,NA,NA,NA,NA,NA,NA,NA,1.0745994058721235,0.002944107961293489,9.573490274507728,21.56149863883243
2057,20103,Double Crop,2239300.7972116056,223.93007972116058,0.2478434038440015,all_cult,NA,NA,NA,NA,NA,NA,NA,NA,NA,NA,1.0745994058721235,0.002944107961293489,9.573490274507728,21.56149863883243
2057,20103,Grass/Pasture/Shrubland,361083573.13099504,36108.3573130995,39.96434152498699,grassPastureHay,NA,NA,NA,NA,NA,NA,NA,NA,NA,NA,1.0745994058721235,0.002944107961293489,9.573490274507728,21.56149863883243
2057,20103,Other Crops,54377617.6404599,5437.76176404599,6.018456236750789,all_cult,NA,NA,NA,NA,NA,NA,NA,NA,NA,NA,1.0745994058721235,0.002944107961293489,9.573490274507728,21.56149863883243
2057,20103,Sorghum,567901.3203360821,56.79013203360822,0.06285470735100035,all_cult,Sorghum,NA,NA,112,6360.494787764121,2558.62951049805,854.6908013041785,173.23909664927228,225.1194369906877,5,1.0745994058721235,0.002944107961293489,9.573490274507728,21.56149863883243
2057,20103,Soybeans,101039226.18326606,10103.922618326606,11.18291288522158,all_cult,Soybeans,0.11410095968932568,4.571428571428571,56,565819.66662629,2558.62951049805,854.6908013041785,173.23909664927228,225.1194369906877,5,1.0745994058721235,0.002944107961293489,9.573490274507728,21.56149863883243
2057,20103,Wheat,4817340.8524583215,481.7340852458321,0.5331781044497215,all_cult,Wheat,NA,NA,89,42874.33358687905,2377.256065673831,509.7505727105986,285.8279824052549,156.91315656335925,5,1.0745994058721235,0.002944107961293489,9.573490274507728,21.56149863883243
2057,20117,Corn,1797933.5665907045,179.79335665907044,8.787790125047634,all_cult,Corn,0.16261062771687598,15.722222222222221,250,44948.33916476761,2448.1189270019563,752.9155100113874,156.02502659132884,188.35202754091463,5,0.9438918256482884,0.002586005001776133,8.24632371040242,21.201588084599766
2057,20117,Developed,709093.4285035765,70.90934285035766,3.465847873654197,developed,NA,NA,NA,NA,NA,NA,NA,NA,NA,NA,0.9438918256482884,0.002586005001776133,8.24632371040242,21.201588084599766
2057,20117,Double Crop,17005.082052877187,1.700508205287719,0.08311602548433755,all_cult,NA,NA,NA,NA,NA,NA,NA,NA,NA,NA,0.9438918256482884,0.002586005001776133,8.24632371040242,21.201588084599766
2057,20117,Grass/Pasture/Shrubland,13608757.209524421,1360.8757209524422,66.51575143947134,grassPastureHay,NA,NA,NA,NA,NA,NA,NA,NA,NA,NA,0.9438918256482884,0.002586005001776133,8.24632371040242,21.201588084599766
2057,20117,Other Crops,368569.7378671669,36.856973786716694,1.801464505144208,all_cult,NA,NA,NA,NA,NA,NA,NA,NA,NA,NA,0.9438918256482884,0.002586005001776133,8.24632371040242,21.201588084599766
2057,20117,Sorghum,113210.96189225193,11.321096189225193,0.5533431220433721,all_cult,Sorghum,NA,NA,112,1267.9627731932217,2448.1189270019563,752.9155100113874,156.02502659132884,188.35202754091463,5,0.9438918256482884,0.002586005001776133,8.24632371040242,21.201588084599766
2057,20117,Soybeans,2250086.8872694396,225.00868872694397,10.99778751332857,all_cult,Soybeans,0.12228514283699721,8.25,56,12600.486568708862,2448.1189270019563,752.9155100113874,156.02502659132884,188.35202754091463,5,0.9438918256482884,0.002586005001776133,8.24632371040242,21.201588084599766
2057,20117,Wheat,234744.84118524572,23.474484118524572,1.1473663074132867,all_cult,Wheat,NA,NA,89,2089.229086548687,2266.905309448245,480.4238772443805,281.92993314904123,144.44519975512742,5,0.9438918256482884,0.002586005001776133,8.24632371040242,21.201588084599766
2057,20127,Corn,10941387.892613748,1094.1387892613748,4.064821675495574,all_cult,Corn,NA,NA,250,273534.6973153437,2521.723353881839,743.2445799810644,165.76571785816773,88.68006005778275,5,0.944735556295002,0.0025883165925890466,8.95587773571278,21.766214265170184
2057,20127,Developed,12128694.282144045,1212.8694282144045,4.50591642462472,developed,NA,NA,NA,NA,NA,NA,NA,NA,NA,NA,0.944735556295002,0.0025883165925890466,8.95587773571278,21.766214265170184
2057,20127,Double Crop,4499199.088895911,449.9199088895911,1.671491967784096,all_cult,NA,NA,NA,NA,NA,NA,NA,NA,NA,NA,0.944735556295002,0.0025883165925890466,8.95587773571278,21.766214265170184
2057,20127,Grass/Pasture/Shrubland,158101691.18434784,15810.169118434784,58.73616652348874,grassPastureHay,NA,NA,NA,NA,NA,NA,NA,NA,NA,NA,0.944735556295002,0.0025883165925890466,8.95587773571278,21.766214265170184
2057,20127,Other Crops,10981377.128665583,1098.1377128665583,4.079678027823576,all_cult,NA,NA,NA,NA,NA,NA,NA,NA,NA,NA,0.944735556295002,0.0025883165925890466,8.95587773571278,21.766214265170184
2057,20127,Sorghum,7272388.587591114,727.2388587591115,2.701756217181813,all_cult,Sorghum,NA,NA,112,81450.75218102049,2521.723353881839,743.2445799810644,165.76571785816773,88.68006005778275,5,0.944735556295002,0.0025883165925890466,8.95587773571278,21.766214265170184
2057,20127,Soybeans,28686301.015498407,2868.6301015498407,10.657212713965244,all_cult,Soybeans,0.11686486262093489,4,56,160643.2856867911,2521.723353881839,743.2445799810644,165.76571785816773,88.68006005778275,5,0.944735556295002,0.0025883165925890466,8.95587773571278,21.766214265170184
2057,20127,Wheat,20934850.636842933,2093.485063684293,7.777480834890052,all_cult,Wheat,NA,NA,89,186320.17066790207,2342.7736987304716,488.0282160083015,306.5271291391045,130.39634757047384,5,0.944735556295002,0.0025883165925890466,8.95587773571278,21.766214265170184
2057,20131,Corn,124792211.963085,12479.2211963085,16.444051346315263,all_cult,Corn,0.12528513936677563,9.454545454545455,250,3119805.299077125,2446.153784790042,770.4101627049589,156.1437396647873,205.63267538661816,5,0.963689758067451,0.0026402459125135645,8.239506769049681,21.16448946182044
2057,20131,Developed,34827921.40223819,3482.792140223819,4.589325878711502,developed,NA,NA,NA,NA,NA,NA,NA,NA,NA,NA,0.963689758067451,0.0026402459125135645,8.239506769049681,21.16448946182044
2057,20131,Double Crop,1288597.7379512293,128.85977379512295,0.1698003988733199,all_cult,NA,NA,NA,NA,NA,NA,NA,NA,NA,NA,0.963689758067451,0.0026402459125135645,8.239506769049681,21.16448946182044
2057,20131,Grass/Pasture/Shrubland,328086582.4549448,32808.65824549448,43.232446344665604,grassPastureHay,NA,NA,NA,NA,NA,NA,NA,NA,NA,NA,0.963689758067451,0.0026402459125135645,8.239506769049681,21.16448946182044
2057,20131,Other Crops,27101730.321978156,2710.1730321978157,3.5712344382550913,all_cult,NA,NA,NA,NA,NA,NA,NA,NA,NA,NA,0.963689758067451,0.0026402459125135645,8.239506769049681,21.16448946182044
2057,20131,Sorghum,2055671.3741418559,205.5671374141856,0.2708788080264065,all_cult,Sorghum,NA,NA,112,23023.519390388785,2446.153784790042,770.4101627049589,156.1437396647873,205.63267538661816,5,0.963689758067451,0.0026402459125135645,8.239506769049681,21.16448946182044
2057,20131,Soybeans,136674912.54505298,13667.491254505298,18.00985209164201,all_cult,Soybeans,0.1067341402930363,5.142857142857143,56,765379.5102522967,2446.153784790042,770.4101627049589,156.1437396647873,205.63267538661816,5,0.963689758067451,0.0026402459125135645,8.239506769049681,21.16448946182044
2057,20131,Wheat,9588450.555545796,958.8450555545795,1.2634840811511674,all_cult,Wheat,NA,NA,89,85337.20994435757,2263.1946136474635,489.5600748326625,278.0339377636995,157.44480970950045,5,0.963689758067451,0.0026402459125135645,8.239506769049681,21.16448946182044
2057,20139,Corn,20890964.22588984,2089.096422588984,9.4988079569725965,all_cult,Corn,NA,NA,250,522274.10564724595,2534.602543334964,827.3339200100613,168.68454016811015,180.1148426365645,5,1.0552888468059016,0.0028912023200161688,9.281727169507194,21.60183155634634
2057,20139,Developed,11858545.489950646,1185.8545489950645,5.391902692479325,developed,NA,NA,NA,NA,NA,NA,NA,NA,NA,NA,1.0552888468059016,0.0028912023200161688,9.281727169507194,21.60183155634634
2057,20139,Double Crop,1849135.1156913848,184.91351156913848,0.8407739901578724,all_cult,NA,NA,NA,NA,NA,NA,NA,NA,NA,NA,1.0552888468059016,0.0028912023200161688,9.281727169507194,21.60183155634634
2057,20139,Grass/Pasture/Shrubland,108139234.26990536,10813.923426990536,49.1692871538651,grassPastureHay,NA,NA,NA,NA,NA,NA,NA,NA,NA,NA,1.0552888468059016,0.0028912023200161688,9.281727169507194,21.60183155634634
2057,20139,Other Crops,6302951.103083336,630.2951103083336,2.86585728849129,all_cult,NA,NA,NA,NA,NA,NA,NA,NA,NA,NA,1.0552888468059016,0.0028912023200161688,9.281727169507194,21.60183155634634
2057,20139,Sorghum,252758.48461129973,25.27584846112997,0.11492549021948671,all_cult,Sorghum,NA,NA,112,2830.8950276465566,2534.602543334964,827.3339200100613,168.68454016811015,180.1148426365645,5,1.0552888468059016,0.0028912023200161688,9.281727169507194,21.60183155634634
2057,20139,Soybeans,28064514.38751116,2806.4514387511163,12.76051357372463,all_cult,Soybeans,NA,NA,56,157161.28057006252,2534.602543334964,827.3339200100613,168.68454016811015,180.1148426365645,5,1.0552888468059016,0.0028912023200161688,9.281727169507194,21.60183155634634
2057,20139,Wheat,1738320.944623076,173.8320944623076,0.7903884493801757,all_cult,Wheat,NA,NA,89,15471.056407145375,2366.2696411132843,528.1185632386159,298.22647668216894,140.7874430206562,5,1.0552888468059016,0.0028912023200161688,9.281727169507194,21.60183155634634
2057,20149,Corn,136791901.8519852,13679.190185198519,7.982141503627487,all_cult,Corn,0.1326174661314905,62.44444444444444,250,3419797.54629963,2498.24156921387,760.8479004522983,156.72071345001856,157.30353497168727,5,0.954362482668918,0.0026146917333395017,8.642515977833392,21.62726174550516
2057,20149,Developed,87781477.02653997,8778.147702653996,5.122263537072818,developed,NA,NA,NA,NA,NA,NA,NA,NA,NA,NA,0.954362482668918,0.0026146917333395017,8.642515977833392,21.62726174550516
2057,20149,Double Crop,1803166.4492782145,180.31664492782144,0.1052191654466961,all_cult,NA,NA,NA,NA,NA,NA,NA,NA,NA,NA,0.954362482668918,0.0026146917333395017,8.642515977833392,21.62726174550516
2057,20149,Grass/Pasture/Shrubland,1058221194.9777538,105822.11949777538,61.749790785057485,grassPastureHay,NA,NA,NA,NA,NA,NA,NA,NA,NA,NA,0.954362482668918,0.0026146917333395017,8.642515977833392,21.62726174550516
2057,20149,Other Crops,34485813.7618199,3448.58137618199,2.012331443512244,all_cult,NA,NA,NA,NA,NA,NA,NA,NA,NA,NA,0.954362482668918,0.0026146917333395017,8.642515977833392,21.62726174550516
2057,20149,Sorghum,5647082.09049503,564.708209049503,0.3295210295248753,all_cult,Sorghum,NA,NA,112,63247.319413544334,2498.24156921387,760.8479004522983,156.72071345001856,157.30353497168727,5,0.954362482668918,0.0026146917333395017,8.642515977833392,21.62726174550516
2057,20149,Soybeans,153915907.33370754,15391.590733370755,8.98136903839706,all_cult,Soybeans,0.11392545848870632,51.611111111111114,56,861929.0810687622,2498.24156921387,760.8479004522983,156.72071345001856,157.30353497168727,5,0.954362482668918,0.0026146917333395017,8.642515977833392,21.62726174550516
2057,20149,Wheat,13424373.002870617,1342.4373002870618,0.7833449455387832,all_cult,Wheat,NA,NA,89,119476.9197255485,2321.6307330322293,488.8525655040757,287.215442536493,137.70092060845073,5,0.954362482668918,0.0026146917333395017,8.642515977833392,21.62726174550516
2057,20161,Corn,29887562.457934357,2988.756245793436,3.7374801575206362,all_cult,Corn,0.14127372152863188,12.444444444444445,250,747189.0614483589,2514.984033203128,734.6332583317595,157.43146855548483,93.03045285381528,5,0.923494981469996,0.0025301232369040988,8.749441954730331,21.821521899079645
2057,20161,Developed,93189704.06140432,9318.970406140432,11.653498685445852,developed,NA,NA,NA,NA,NA,NA,NA,NA,NA,NA,0.923494981469996,0.0025301232369040988,8.749441954730331,21.821521899079645
2057,20161,Double Crop,2321662.5391971655,232.16625391971652,0.2903270443991936,all_cult,NA,NA,NA,NA,NA,NA,NA,NA,NA,NA,0.923494981469996,0.0025301232369040988,8.749441954730331,21.821521899079645
2057,20161,Grass/Pasture/Shrubland,421935273.9416269,42193.527394162695,52.76357736882686,grassPastureHay,NA,NA,NA,NA,NA,NA,NA,NA,NA,NA,0.923494981469996,0.0025301232369040988,8.749441954730331,21.821521899079645
2057,20161,Other Crops,10313350.483787943,1031.3350483787942,1.2896984437913022,all_cult,NA,NA,NA,NA,NA,NA,NA,NA,NA,NA,0.923494981469996,0.0025301232369040988,8.749441954730331,21.821521899079645
2057,20161,Sorghum,8046145.345421317,804.6145345421318,1.0061813711092988,all_cult,Sorghum,NA,NA,112,90116.82786871876,2514.984033203128,734.6332583317595,157.43146855548483,93.03045285381528,5,0.923494981469996,0.0025301232369040988,8.749441954730331,21.821521899079645
2057,20161,Soybeans,56043067.26954317,5604.306726954317,7.008261452613234,all_cult,Soybeans,0.12420661341954765,10.38888888888889,56,313841.17670944176,2514.984033203128,734.6332583317595,157.43146855548483,93.03045285381528,5,0.923494981469996,0.0025301232369040988,8.749441954730331,21.821521899079645
2057,20161,Wheat,14763447.35949416,1476.3447359494162,1.8461890841841313,all_cult,Wheat,NA,NA,89,131394.68149949805,2333.297880859378,473.8585554829931,293.1815547701947,117.82260598512693,5,0.923494981469996,0.0025301232369040988,8.749441954730331,21.821521899079645
2057,20177,Corn,132475537.80653152,13247.553780653152,9.091050553311547,all_cult,Corn,0.12030458771317423,83,250,3311888.445163288,2533.0550872802764,800.9888009044375,165.73287254420725,186.76535689082417,5,1.0178358852630474,0.0027885914664741024,9.21617288667864,21.60342984134206
2057,20177,Developed,255013934.0237044,25501.393402370442,17.50017100813045,developed,NA,NA,NA,NA,NA,NA,NA,NA,NA,NA,1.0178358852630474,0.0027885914664741024,9.21617288667864,21.60342984134206
2057,20177,Double Crop,2797246.7569815805,279.7246756981581,0.19195930130847558,all_cult,NA,NA,NA,NA,NA,NA,NA,NA,NA,NA,1.0178358852630474,0.0027885914664741024,9.21617288667864,21.60342984134206
2057,20177,Grass/Pasture/Shrubland,626083355.6398722,62608.33556398722,42.96457693964075,grassPastureHay,NA,NA,NA,NA,NA,NA,NA,NA,NA,NA,1.0178358852630474,0.0027885914664741024,9.21617288667864,21.60342984134206
2057,20177,Other Crops,33361526.081880283,3336.1526081880284,2.289413767762353,all_cult,NA,NA,NA,NA,NA,NA,NA,NA,NA,NA,1.0178358852630474,0.0027885914664741024,9.21617288667864,21.60342984134206
2057,20177,Sorghum,2303954.5452317544,230.39545452317543,0.15810743319134585,all_cult,Sorghum,NA,NA,112,25804.29090659565,2533.0550872802764,800.9888009044375,165.73287254420725,186.76535689082417,5,1.0178358852630474,0.0027885914664741024,9.21617288667864,21.60342984134206
2057,20177,Soybeans,145627766.023613,14562.7766023613,9.993613951731533,all_cult,Soybeans,0.09768281806034469,42.833333333333336,56,815515.4897322329,2533.0550872802764,800.9888009044375,165.73287254420725,186.76535689082417,5,1.0178358852630474,0.0027885914664741024,9.21617288667864,21.60342984134206
2057,20177,Wheat,9565647.685078032,956.5647685078033,0.656436562704971,all_cult,Wheat,NA,NA,89,85134.26439719449,2363.941491699222,520.8579503341059,294.18075029350933,140.4145802472166,5,1.0178358852630474,0.0027885914664741024,9.21617288667864,21.60342984134206
2057,20197,Corn,69733578.79693311,6973.357879693312,4.536852294529976,all_cult,Corn,0.14186117514330646,28.666666666666668,250,1743339.469923328,2512.9248095703156,779.6013971301982,161.29678627042736,139.81463361015477,5,0.9824914579592188,0.0026917574190663527,8.909048353221342,21.639890705265433
2057,20197,Developed,54289406.85937861,5428.940685937861,3.5320576446519008,developed,NA,NA,NA,NA,NA,NA,NA,NA,NA,NA,0.9824914579592188,0.0026917574190663527,8.909048353221342,21.639890705265433
2057,20197,Double Crop,1125869.9276987636,112.58699276987635,0.07324886594013556,all_cult,NA,NA,NA,NA,NA,NA,NA,NA,NA,NA,0.9824914579592188,0.0026917574190663527,8.909048353221342,21.639890705265433
2057,20197,Grass/Pasture/Shrubland,1169502873.1037595,116950.28731037596,76.08761639426346,grassPastureHay,NA,NA,NA,NA,NA,NA,NA,NA,NA,NA,0.9824914579592188,0.0026917574190663527,8.909048353221342,21.639890705265433
2057,20197,Other Crops,29094649.42529061,2909.464942529061,1.8928919077573607,all_cult,NA,NA,NA,NA,NA,NA,NA,NA,NA,NA,0.9824914579592188,0.0026917574190663527,8.909048353221342,21.639890705265433
2057,20197,Sorghum,3287931.385599168,328.7931385599168,0.21391213972326276,all_cult,Sorghum,NA,NA,112,36824.831518710685,2512.9248095703156,779.6013971301982,161.29678627042736,139.81463361015477,5,0.9824914579592188,0.0026917574190663527,8.909048353221342,21.639890705265433
2057,20197,Soybeans,83491332.16381498,8349.133216381497,5.431928899043218,all_cult,Soybeans,0.12942046457519057,22.77777777777778,56,467551.46011736384,2512.9248095703156,779.6013971301982,161.29678627042736,139.81463361015477,5,0.9824914579592188,0.0026917574190663527,8.909048353221342,21.639890705265433
2057,20197,Wheat,7530280.724868099,753.02807248681,0.4899185152185996,all_cult,Wheat,NA,NA,89,67019.49845132609,2339.338003540042,501.00144697943927,295.8602531278644,132.87779928730748,5,0.9824914579592188,0.0026917574190663527,8.909048353221342,21.639890705265433
2057,20209,Corn,2798441.748604609,279.8441748604609,1.0907251789658858,all_cult,Corn,NA,NA,250,69961.04371511523,2589.6449200439483,878.199597875799,178.31450386024233,263.9933345722266,5,1.1059732687146457,0.0030300637499031387,9.944032392109934,21.447895808807814
2057,20209,Developed,144515431.86680782,14451.543186680783,56.32656829996687,developed,NA,NA,NA,NA,NA,NA,NA,NA,NA,NA,1.1059732687146457,0.0030300637499031387,9.944032392109934,21.447895808807814
2057,20209,Double Crop,152719.71803613545,15.271971803613546,0.05952428413764306,all_cult,NA,NA,NA,NA,NA,NA,NA,NA,NA,NA,1.1059732687146457,0.0030300637499031387,9.944032392109934,21.447895808807814
2057,20209,Grass/Pasture/Shrubland,41083799.11850462,4108.379911850462,16.01288794682744,grassPastureHay,NA,NA,NA,NA,NA,NA,NA,NA,NA,NA,1.1059732687146457,0.0030300637499031387,9.944032392109934,21.447895808807814
2057,20209,Other Crops,1959154.8527385148,195.91548527385146,0.7636033619211925,all_cult,NA,NA,NA,NA,NA,NA,NA,NA,NA,NA,1.1059732687146457,0.0030300637499031387,9.944032392109934,21.447895808807814
2057,20209,Sorghum,54127.80426680527,5.412780426680527,0.02109694047602745,all_cult,Sorghum,NA,NA,112,606.231407788219,2589.6449200439483,878.199597875799,178.31450386024233,263.9933345722266,5,1.1059732687146457,0.0030300637499031387,9.944032392109934,21.447895808807814
2057,20209,Soybeans,8244134.676247953,824.4134676247953,3.213247256139296,all_cult,Soybeans,0.14562756367793683,4.75,56,46167.15418698854,2589.6449200439483,878.199597875799,178.31450386024233,263.9933345722266,5,1.1059732687146457,0.0030300637499031387,9.944032392109934,21.447895808807814
2057,20209,Wheat,234900.57353758038,23.49005735375804,0.09155522720411169,all_cult,Wheat,NA,NA,89,2090.6151044844655,2390.928518066409,516.6044088124523,287.46086537468295,160.03234079264124,5,1.1059732687146457,0.0030300637499031387,9.944032392109934,21.447895808807814
2058,20005,Corn,172734778.84431297,17273.477884431297,23.078910848652363,all_cult,Corn,0.10724545034749912,6.181818181818182,250,4318369.471107824,2545.2440966796908,790.1668968193984,180.74918921641907,121.86682672007186,5,1.0102004932986746,0.00276767258437993,9.637541646042939,22.244246725840135
2058,20005,Developed,36578638.84791646,3657.863884791646,4.88723319405755,developed,NA,NA,NA,NA,NA,NA,NA,NA,NA,NA,1.0102004932986746,0.00276767258437993,9.637541646042939,22.244246725840135
2058,20005,Double Crop,1451158.554832854,145.11585548328543,0.1938877575107932,all_cult,NA,NA,NA,NA,NA,NA,NA,NA,NA,NA,1.0102004932986746,0.00276767258437993,9.637541646042939,22.244246725840135
2058,20005,Grass/Pasture/Shrubland,215288406.86893737,21528.840686893738,28.764456018176027,grassPastureHay,NA,NA,NA,NA,NA,NA,NA,NA,NA,NA,1.0102004932986746,0.00276767258437993,9.637541646042939,22.244246725840135
2058,20005,Other Crops,29204979.705745928,2920.4979705745927,3.902046405912905,all_cult,NA,NA,NA,NA,NA,NA,NA,NA,NA,NA,1.0102004932986746,0.00276767258437993,9.637541646042939,22.244246725840135
2058,20005,Sorghum,732239.3724075308,73.22393724075309,0.09783372699309156,all_cult,Sorghum,NA,NA,112,8201.080970964345,2545.2440966796908,790.1668968193984,180.74918921641907,121.86682672007186,5,1.0102004932986746,0.00276767258437993,9.637541646042939,22.244246725840135
2058,20005,Soybeans,181600576.65296197,18160.057665296197,24.263460703620524,all_cult,Soybeans,0.07483265359624193,5,56,1016963.2292565871,2545.2440966796908,790.1668968193984,180.74918921641907,121.86682672007186,5,1.0102004932986746,0.00276767258437993,9.637541646042939,22.244246725840135
2058,20005,Wheat,5908069.702597459,590.8069702597459,0.7893709354082403,all_cult,Wheat,NA,NA,89,52581.82035311738,2431.2534594726594,538.1216698159017,85.2038694501682,153.3444237201129,5,1.0102004932986746,0.00276767258437993,9.637541646042939,22.244246725840135
2058,20013,Corn,113276297.82191704,11327.629782191703,25.36090350021212,all_cult,Corn,0.12646432205391206,17.5625,250,2831907.445547926,2500.8080456543,793.1120529654786,179.2851767388866,143.2683325514153,5,1.0080403128788702,0.002761754281859918,9.123005496508478,22.13405833623183
2058,20013,Developed,24170977.38782201,2417.0977387822013,5.411527714315524,developed,NA,NA,NA,NA,NA,NA,NA,NA,NA,NA,1.0080403128788702,0.002761754281859918,9.123005496508478,22.13405833623183
2058,20013,Double Crop,542048.8992527233,54.20488992527234,0.12135680712267008,all_cult,NA,NA,NA,NA,NA,NA,NA,NA,NA,NA,1.0080403128788702,0.002761754281859918,9.123005496508478,22.13405833623183
2058,20013,Grass/Pasture/Shrubland,122499833.68113159,12249.983368113159,27.425918047421547,grassPastureHay,NA,NA,NA,NA,NA,NA,NA,NA,NA,NA,1.0080403128788702,0.002761754281859918,9.123005496508478,22.13405833623183
2058,20013,Other Crops,13090232.71280689,1309.023271280689,2.9307113227404837,all_cult,NA,NA,NA,NA,NA,NA,NA,NA,NA,NA,1.0080403128788702,0.002761754281859918,9.123005496508478,22.13405833623183
2058,20013,Sorghum,333636.9508835004,33.363695088350035,0.07469642527304013,all_cult,Sorghum,NA,NA,112,3736.733849895204,2500.8080456543,793.1120529654786,179.2851767388866,143.2683325514153,5,1.0080403128788702,0.002761754281859918,9.123005496508478,22.13405833623183
2058,20013,Soybeans,123405327.24801578,12340.532724801578,27.62864479089188,all_cult,Soybeans,0.10147480973744562,10.461538461538462,56,691069.8325888884,2500.8080456543,793.1120529654786,179.2851767388866,143.2683325514153,5,1.0080403128788702,0.002761754281859918,9.123005496508478,22.13405833623183
2058,20013,Wheat,3906288.4515680084,390.6288451568008,0.8745607542714157,all_cult,Wheat,NA,NA,89,34765.96721895527,2384.6499279785185,546.0861423866457,76.61583518881864,159.9402346664587,5,1.0080403128788702,0.002761754281859918,9.123005496508478,22.13405833623183
2058,20045,Corn,74392843.99321488,7439.284399321487,7.631923083362056,all_cult,Corn,0.1459526935617447,11,250,1859821.0998303718,2615.8068658447296,839.9393860505634,176.48740123909786,139.42207662714975,5,1.067097029729257,0.002923553506107553,10.380142195192125,22.593963890598268
2058,20045,Developed,130402436.2681122,13040.24362681122,13.37791795635647,developed,NA,NA,NA,NA,NA,NA,NA,NA,NA,NA,1.067097029729257,0.002923553506107553,10.380142195192125,22.593963890598268
2058,20045,Double Crop,4220114.888463862,422.01148884638627,0.4329393864098648,all_cult,NA,NA,NA,NA,NA,NA,NA,NA,NA,NA,1.067097029729257,0.002923553506107553,10.380142195192125,22.593963890598268
2058,20045,Grass/Pasture/Shrubland,354830010.0217444,35483.00100217444,36.40182575089523,grassPastureHay,NA,NA,NA,NA,NA,NA,NA,NA,NA,NA,1.067097029729257,0.002923553506107553,10.380142195192125,22.593963890598268
2058,20045,Other Crops,37964614.628596716,3796.4614628596714,3.8947700233285687,all_cult,NA,NA,NA,NA,NA,NA,NA,NA,NA,NA,1.067097029729257,0.002923553506107553,10.380142195192125,22.593963890598268
2058,20045,Sorghum,671055.755263424,67.1055755263424,0.06884326010288025,all_cult,Sorghum,NA,NA,112,7515.824458950349,2615.8068658447296,839.9393860505634,176.48740123909786,139.42207662714975,5,1.067097029729257,0.002923553506107553,10.380142195192125,22.593963890598268
2058,20045,Soybeans,100028766.3995359,10002.876639953589,10.261898998705805,all_cult,Soybeans,0.11420951862362651,8.5,56,560161.091837401,2615.8068658447296,839.9393860505634,176.48740123909786,139.42207662714975,5,1.067097029729257,0.002923553506107553,10.380142195192125,22.593963890598268
2058,20045,Wheat,7085783.937909698,708.5783937909698,0.7269268802840957,all_cult,Wheat,NA,NA,89,63063.477047396314,2510.1287487793,577.0870077055932,99.50904825580398,168.76764403110684,5,1.067097029729257,0.002923553506107553,10.380142195192125,22.593963890598268
2058,20061,Corn,31722102.062803604,3172.21020628036,4.044269831598419,all_cult,Corn,0.16936452361704205,12.944444444444445,250,793052.55157009,2546.4888305664094,767.3131541940165,177.3264659022402,145.2983571957906,5,0.9757886768827292,0.0026733936352951486,9.620279457405845,22.56104647701736
2058,20061,Developed,61171563.9285717,6117.15639285717,7.798799400437711,developed,NA,NA,NA,NA,NA,NA,NA,NA,NA,NA,0.9757886768827292,0.0026733936352951486,9.620279457405845,22.56104647701736
2058,20061,Double Crop,5604030.762346523,560.4030762346523,0.7144612454318694,all_cult,NA,NA,NA,NA,NA,NA,NA,NA,NA,NA,0.9757886768827292,0.0026733936352951486,9.620279457405845,22.56104647701736
2058,20061,Grass/Pasture/Shrubland,476190220.2809351,47619.02202809351,60.70977699307564,grassPastureHay,NA,NA,NA,NA,NA,NA,NA,NA,NA,NA,0.9757886768827292,0.0026733936352951486,9.620279457405845,22.56104647701736
2058,20061,Other Crops,18227803.79878525,1822.7803798785249,2.323873646638379,all_cult,NA,NA,NA,NA,NA,NA,NA,NA,NA,NA,0.9757886768827292,0.0026733936352951486,9.620279457405845,22.56104647701736
2058,20061,Sorghum,5491901.736070833,549.1901736070832,0.7001658485721192,all_cult,Sorghum,NA,NA,112,61509.299443993325,2546.4888305664094,767.3131541940165,177.3264659022402,145.2983571957906,5,0.9757886768827292,0.0026733936352951486,9.620279457405845,22.56104647701736
2058,20061,Soybeans,39491221.54782481,3949.1221547824807,5.03475953777074,all_cult,Soybeans,0.12217913528938978,7.666666666666667,56,221150.8406678189,2546.4888305664094,767.3131541940165,177.3264659022402,145.2983571957906,5,0.9757886768827292,0.0026733936352951486,9.620279457405845,22.56104647701736
2058,20061,Wheat,15495075.277191846,1549.5075277191845,1.9754764472362665,all_cult,Wheat,NA,NA,89,137906.16996700742,2450.6048834228545,556.3715403603815,86.5269615540857,186.32230471589065,5,0.9757886768827292,0.0026733936352951486,9.620279457405845,22.56104647701736
2058,20085,Corn,134933024.35661882,13493.30243566188,7.9306511901880965,all_cult,Corn,NA,NA,250,3373325.60891547,2524.859202270511,787.9619169530155,176.8550826013772,136.67785773960827,5,1.00480364546397,0.002752886699901288,9.407175008695443,22.355314155474122
2058,20085,Developed,75618361.35140783,7561.836135140783,4.444448275810096,developed,NA,NA,NA,NA,NA,NA,NA,NA,NA,NA,1.00480364546397,0.002752886699901288,9.407175008695443,22.355314155474122
2058,20085,Double Crop,1864792.83802623,186.479283802623,0.10960268333762817,all_cult,NA,NA,NA,NA,NA,NA,NA,NA,NA,NA,1.00480364546397,0.002752886699901288,9.407175008695443,22.355314155474122
2058,20085,Grass/Pasture/Shrubland,941187748.5802637,94118.77485802637,55.31804963283908,grassPastureHay,NA,NA,NA,NA,NA,NA,NA,NA,NA,NA,1.00480364546397,0.002752886699901288,9.407175008695443,22.355314155474122
2058,20085,Other Crops,98052397.627671,9805.2397627671,5.7630025537076115,all_cult,NA,NA,NA,NA,NA,NA,NA,NA,NA,NA,1.00480364546397,0.002752886699901288,9.407175008695443,22.355314155474122
2058,20085,Sorghum,4069081.398774073,406.9081398774073,0.23915913388905596,all_cult,Sorghum,NA,NA,112,45573.71166626961,2524.859202270511,787.9619169530155,176.8550826013772,136.67785773960827,5,1.00480364546397,0.002752886699901288,9.407175008695443,22.355314155474122
2058,20085,Soybeans,170772946.2930534,17077.29462930534,10.037132690300496,all_cult,Soybeans,NA,NA,56,956328.499241099,2524.859202270511,787.9619169530155,176.8550826013772,136.67785773960827,5,1.00480364546397,0.002752886699901288,9.407175008695443,22.355314155474122
2058,20085,Wheat,13725583.902961861,1372.5583902961862,0.8067173980208171,all_cult,Wheat,NA,NA,89,122157.69673636057,2422.9522436523466,543.2753473192996,78.56473794330871,168.55876685240537,5,1.00480364546397,0.002752886699901288,9.407175008695443,22.355314155474122
2058,20087,Corn,155094058.297135,15509.4058297135,10.788896738521789,all_cult,Corn,0.13078338055311117,25.77777777777778,250,3877351.457428375,2568.801989746097,808.366032446977,178.66559041231935,122.14269654412284,5,1.033633098121747,0.002831871501703417,9.960404270119886,22.366048634150278
2058,20087,Developed,83037617.78054704,8303.761778054704,5.7763933285619125,developed,NA,NA,NA,NA,NA,NA,NA,NA,NA,NA,1.033633098121747,0.002831871501703417,9.960404270119886,22.366048634150278
2058,20087,Double Crop,3214015.8179615135,321.4015817961514,0.2235784217441099,all_cult,NA,NA,NA,NA,NA,NA,NA,NA,NA,NA,1.033633098121747,0.002831871501703417,9.960404270119886,22.366048634150278
2058,20087,Grass/Pasture/Shrubland,533878677.1787268,53387.86771787268,37.138507962340775,grassPastureHay,NA,NA,NA,NA,NA,NA,NA,NA,NA,NA,1.033633098121747,0.002831871501703417,9.960404270119886,22.366048634150278
2058,20087,Other Crops,67978226.39294052,6797.822639294052,4.728808266891807,all_cult,NA,NA,NA,NA,NA,NA,NA,NA,NA,NA,1.033633098121747,0.002831871501703417,9.960404270119886,22.366048634150278
2058,20087,Sorghum,2078940.1655916602,207.89401655916603,0.1446185045281528,all_cult,Sorghum,NA,NA,112,23284.129854626597,2568.801989746097,808.366032446977,178.66559041231935,122.14269654412284,5,1.033633098121747,0.002831871501703417,9.960404270119886,22.366048634150278
2058,20087,Soybeans,173639107.61438552,17363.91076143855,12.078956617613274,all_cult,Soybeans,0.09985991575255485,13.833333333333334,56,972379.0026405589,2568.801989746097,808.366032446977,178.66559041231935,122.14269654412284,5,1.033633098121747,0.002831871501703417,9.960404270119886,22.366048634150278
2058,20087,Wheat,7377427.0278590415,737.7427027859042,0.5132001784817648,all_cult,Wheat,NA,NA,89,65659.10054794548,2466.003647460941,553.7672520869639,90.531204779129,161.5155790864992,5,1.033633098121747,0.002831871501703417,9.960404270119886,22.366048634150278
2058,20091,Corn,20137063.169311535,2013.7063169311532,3.334881975218613,all_cult,Corn,0.14955141172933145,4,250,503426.5792327883,2626.277255249027,873.4650839451535,180.53075433409688,162.215953706884,5,1.1124309005464845,0.0030477558919081767,10.559178023664941,22.492111950181958
2058,20091,Developed,271607528.4848879,27160.752848488788,44.98069273866694,developed,NA,NA,NA,NA,NA,NA,NA,NA,NA,NA,1.1124309005464845,0.0030477558919081767,10.559178023664941,22.492111950181958
2058,20091,Double Crop,2013905.6882216034,201.39056882216036,0.3335212152324038,all_cult,NA,NA,NA,NA,NA,NA,NA,NA,NA,NA,1.1124309005464845,0.0030477558919081767,10.559178023664941,22.492111950181958
2058,20091,Grass/Pasture/Shrubland,139667491.4795437,13966.749147954368,23.130214964462166,grassPastureHay,NA,NA,NA,NA,NA,NA,NA,NA,NA,NA,1.1124309005464845,0.0030477558919081767,10.559178023664941,22.492111950181958
2058,20091,Other Crops,14581458.923742233,1458.1458923742232,2.4148230617504245,all_cult,NA,NA,NA,NA,NA,NA,NA,NA,NA,NA,1.1124309005464845,0.0030477558919081767,10.559178023664941,22.492111950181958
2058,20091,Sorghum,265245.84730308503,26.524584730308504,0.043927140106542625,all_cult,Sorghum,NA,NA,112,2970.7534897945525,2626.277255249027,873.4650839451535,180.53075433409688,162.215953706884,5,1.1124309005464845,0.0030477558919081767,10.559178023664941,22.492111950181958
2058,20091,Soybeans,40506888.73460731,4050.688873460731,6.708311533684595,all_cult,Soybeans,NA,NA,56,226838.57691380093,2626.277255249027,873.4650839451535,180.53075433409688,162.215953706884,5,1.1124309005464845,0.0030477558919081767,10.559178023664941,22.492111950181958
2058,20091,Wheat,3047090.5931461067,304.70905931461067,0.5046260922212007,all_cult,Wheat,NA,NA,89,27119.10627900035,2514.8488085937533,604.0682112266084,104.10594837435632,203.035735493027,5,1.1124309005464845,0.0030477558919081767,10.559178023664941,22.492111950181958
2058,20103,Corn,55676654.53817842,5567.665453817842,6.162232243462533,all_cult,Corn,0.09926099891867379,4.75,250,1391916.3634544604,2605.381369018558,845.0200118414022,180.0883401149353,132.84793808464073,5,1.0793846156903801,0.0029572181251791238,10.260783189747455,22.4741155420591
2058,20103,Developed,66222526.18511143,6622.252618511144,7.329437975150055,developed,NA,NA,NA,NA,NA,NA,NA,NA,NA,NA,1.0793846156903801,0.0029572181251791238,10.260783189747455,22.4741155420591
2058,20103,Double Crop,2239300.7972116056,223.93007972116058,0.2478434038440015,all_cult,NA,NA,NA,NA,NA,NA,NA,NA,NA,NA,1.0793846156903801,0.0029572181251791238,10.260783189747455,22.4741155420591
2058,20103,Grass/Pasture/Shrubland,361083573.13099504,36108.3573130995,39.96434152498699,grassPastureHay,NA,NA,NA,NA,NA,NA,NA,NA,NA,NA,1.0793846156903801,0.0029572181251791238,10.260783189747455,22.4741155420591
2058,20103,Other Crops,54377617.6404599,5437.76176404599,6.018456236750789,all_cult,NA,NA,NA,NA,NA,NA,NA,NA,NA,NA,1.0793846156903801,0.0029572181251791238,10.260783189747455,22.4741155420591
2058,20103,Sorghum,567901.3203360821,56.79013203360822,0.06285470735100035,all_cult,Sorghum,NA,NA,112,6360.494787764121,2605.381369018558,845.0200118414022,180.0883401149353,132.84793808464073,5,1.0793846156903801,0.0029572181251791238,10.260783189747455,22.4741155420591
2058,20103,Soybeans,101039226.18326606,10103.922618326606,11.18291288522158,all_cult,Soybeans,0.11410095968932568,4.571428571428571,56,565819.66662629,2605.381369018558,845.0200118414022,180.0883401149353,132.84793808464073,5,1.0793846156903801,0.0029572181251791238,10.260783189747455,22.4741155420591
2058,20103,Wheat,4817340.8524583215,481.7340852458321,0.5331781044497215,all_cult,Wheat,NA,NA,89,42874.33358687905,2492.9803375244173,572.745684822914,99.23852203902182,175.49576562487667,5,1.0793846156903801,0.0029572181251791238,10.260783189747455,22.4741155420591
2058,20117,Corn,1797933.5665907045,179.79335665907044,8.787790125047634,all_cult,Corn,0.16261062771687598,15.722222222222221,250,44948.33916476761,2465.755391235354,776.108014224724,181.98141660999732,141.01933332909186,5,0.9808619602687524,0.002687293041832198,8.935634523156594,21.930166283176394
2058,20117,Developed,709093.4285035765,70.90934285035766,3.465847873654197,developed,NA,NA,NA,NA,NA,NA,NA,NA,NA,NA,0.9808619602687524,0.002687293041832198,8.935634523156594,21.930166283176394
2058,20117,Double Crop,17005.082052877187,1.700508205287719,0.08311602548433755,all_cult,NA,NA,NA,NA,NA,NA,NA,NA,NA,NA,0.9808619602687524,0.002687293041832198,8.935634523156594,21.930166283176394
2058,20117,Grass/Pasture/Shrubland,13608757.209524421,1360.8757209524422,66.51575143947134,grassPastureHay,NA,NA,NA,NA,NA,NA,NA,NA,NA,NA,0.9808619602687524,0.002687293041832198,8.935634523156594,21.930166283176394
2058,20117,Other Crops,368569.7378671669,36.856973786716694,1.801464505144208,all_cult,NA,NA,NA,NA,NA,NA,NA,NA,NA,NA,0.9808619602687524,0.002687293041832198,8.935634523156594,21.930166283176394
2058,20117,Sorghum,113210.96189225193,11.321096189225193,0.5533431220433721,all_cult,Sorghum,NA,NA,112,1267.9627731932217,2465.755391235354,776.108014224724,181.98141660999732,141.01933332909186,5,0.9808619602687524,0.002687293041832198,8.935634523156594,21.930166283176394
2058,20117,Soybeans,2250086.8872694396,225.00868872694397,10.99778751332857,all_cult,Soybeans,0.12228514283699721,8.25,56,12600.486568708862,2465.755391235354,776.108014224724,181.98141660999732,141.01933332909186,5,0.9808619602687524,0.002687293041832198,8.935634523156594,21.930166283176394
2058,20117,Wheat,234744.84118524572,23.474484118524572,1.1473663074132867,all_cult,Wheat,NA,NA,89,2089.229086548687,2357.5263006591827,530.2845961840425,69.30794113608034,165.44572398384318,5,0.9808619602687524,0.002687293041832198,8.935634523156594,21.930166283176394
2058,20127,Corn,10941387.892613748,1094.1387892613748,4.064821675495574,all_cult,Corn,NA,NA,250,273534.6973153437,2546.8273193359405,770.4746123798557,178.7411938539301,141.71930858862402,5,0.9870346375363585,0.002704204486400982,9.665886640156808,22.563523935814448
2058,20127,Developed,12128694.282144045,1212.8694282144045,4.50591642462472,developed,NA,NA,NA,NA,NA,NA,NA,NA,NA,NA,0.9870346375363585,0.002704204486400982,9.665886640156808,22.563523935814448
2058,20127,Double Crop,4499199.088895911,449.9199088895911,1.671491967784096,all_cult,NA,NA,NA,NA,NA,NA,NA,NA,NA,NA,0.9870346375363585,0.002704204486400982,9.665886640156808,22.563523935814448
2058,20127,Grass/Pasture/Shrubland,158101691.18434784,15810.169118434784,58.73616652348874,grassPastureHay,NA,NA,NA,NA,NA,NA,NA,NA,NA,NA,0.9870346375363585,0.002704204486400982,9.665886640156808,22.563523935814448
2058,20127,Other Crops,10981377.128665583,1098.1377128665583,4.079678027823576,all_cult,NA,NA,NA,NA,NA,NA,NA,NA,NA,NA,0.9870346375363585,0.002704204486400982,9.665886640156808,22.563523935814448
2058,20127,Sorghum,7272388.587591114,727.2388587591115,2.701756217181813,all_cult,Sorghum,NA,NA,112,81450.75218102049,2546.8273193359405,770.4746123798557,178.7411938539301,141.71930858862402,5,0.9870346375363585,0.002704204486400982,9.665886640156808,22.563523935814448
2058,20127,Soybeans,28686301.015498407,2868.6301015498407,10.657212713965244,all_cult,Soybeans,0.11686486262093489,4,56,160643.2856867911,2546.8273193359405,770.4746123798557,178.7411938539301,141.71930858862402,5,0.9870346375363585,0.002704204486400982,9.665886640156808,22.563523935814448
2058,20127,Wheat,20934850.636842933,2093.485063684293,7.777480834890052,all_cult,Wheat,NA,NA,89,186320.17066790207,2453.518564453128,569.3528266254842,95.27238639701768,182.01057426422364,5,0.9870346375363585,0.002704204486400982,9.665886640156808,22.563523935814448
2058,20131,Corn,124792211.963085,12479.2211963085,16.444051346315263,all_cult,Corn,0.12528513936677563,9.454545454545455,250,3119805.299077125,2465.886074829105,788.5078399731705,180.3953218928554,153.58414123820245,5,0.9972290361172061,0.0027321343455265924,8.912172433513508,21.898681138966204
2058,20131,Developed,34827921.40223819,3482.792140223819,4.589325878711502,developed,NA,NA,NA,NA,NA,NA,NA,NA,NA,NA,0.9972290361172061,0.0027321343455265924,8.912172433513508,21.898681138966204
2058,20131,Double Crop,1288597.7379512293,128.85977379512295,0.1698003988733199,all_cult,NA,NA,NA,NA,NA,NA,NA,NA,NA,NA,0.9972290361172061,0.0027321343455265924,8.912172433513508,21.898681138966204
2058,20131,Grass/Pasture/Shrubland,328086582.4549448,32808.65824549448,43.232446344665604,grassPastureHay,NA,NA,NA,NA,NA,NA,NA,NA,NA,NA,0.9972290361172061,0.0027321343455265924,8.912172433513508,21.898681138966204
2058,20131,Other Crops,27101730.321978156,2710.1730321978157,3.5712344382550913,all_cult,NA,NA,NA,NA,NA,NA,NA,NA,NA,NA,0.9972290361172061,0.0027321343455265924,8.912172433513508,21.898681138966204
2058,20131,Sorghum,2055671.3741418559,205.5671374141856,0.2708788080264065,all_cult,Sorghum,NA,NA,112,23023.519390388785,2465.886074829105,788.5078399731705,180.3953218928554,153.58414123820245,5,0.9972290361172061,0.0027321343455265924,8.912172433513508,21.898681138966204
2058,20131,Soybeans,136674912.54505298,13667.491254505298,18.00985209164201,all_cult,Soybeans,0.1067341402930363,5.142857142857143,56,765379.5102522967,2465.886074829105,788.5078399731705,180.3953218928554,153.58414123820245,5,0.9972290361172061,0.0027321343455265924,8.912172433513508,21.898681138966204
2058,20131,Wheat,9588450.555545796,958.8450555545795,1.2634840811511674,all_cult,Wheat,NA,NA,89,85337.20994435757,2351.1031469726595,539.726921122427,71.7650512464303,172.2906684228414,5,0.9972290361172061,0.0027321343455265924,8.912172433513508,21.898681138966204
2058,20139,Corn,20890964.22588984,2089.096422588984,9.4988079569725965,all_cult,Corn,NA,NA,250,522274.10564724595,2574.9290899658236,804.9991166954916,174.96769215756925,132.94974587046326,5,1.036770959875649,0.002840468383220956,10.000797068974766,22.51746433205803
2058,20139,Developed,11858545.489950646,1185.8545489950645,5.391902692479325,developed,NA,NA,NA,NA,NA,NA,NA,NA,NA,NA,1.036770959875649,0.002840468383220956,10.000797068974766,22.51746433205803
2058,20139,Double Crop,1849135.1156913848,184.91351156913848,0.8407739901578724,all_cult,NA,NA,NA,NA,NA,NA,NA,NA,NA,NA,1.036770959875649,0.002840468383220956,10.000797068974766,22.51746433205803
2058,20139,Grass/Pasture/Shrubland,108139234.26990536,10813.923426990536,49.1692871538651,grassPastureHay,NA,NA,NA,NA,NA,NA,NA,NA,NA,NA,1.036770959875649,0.002840468383220956,10.000797068974766,22.51746433205803
2058,20139,Other Crops,6302951.103083336,630.2951103083336,2.86585728849129,all_cult,NA,NA,NA,NA,NA,NA,NA,NA,NA,NA,1.036770959875649,0.002840468383220956,10.000797068974766,22.51746433205803
2058,20139,Sorghum,252758.48461129973,25.27584846112997,0.11492549021948671,all_cult,Sorghum,NA,NA,112,2830.8950276465566,2574.9290899658236,804.9991166954916,174.96769215756925,132.94974587046326,5,1.036770959875649,0.002840468383220956,10.000797068974766,22.51746433205803
2058,20139,Soybeans,28064514.38751116,2806.4514387511163,12.76051357372463,all_cult,Soybeans,NA,NA,56,157161.28057006252,2574.9290899658236,804.9991166954916,174.96769215756925,132.94974587046326,5,1.036770959875649,0.002840468383220956,10.000797068974766,22.51746433205803
2058,20139,Wheat,1738320.944623076,173.8320944623076,0.7903884493801757,all_cult,Wheat,NA,NA,89,15471.056407145375,2481.3506402587923,579.7265445710691,92.8752711129573,168.73629122331428,5,1.036770959875649,0.002840468383220956,10.000797068974766,22.51746433205803
2058,20149,Corn,136791901.8519852,13679.190185198519,7.982141503627487,all_cult,Corn,0.1326174661314905,62.44444444444444,250,3419797.54629963,2523.3692730712924,759.828845317228,177.50938069649115,135.75710229592102,5,0.9651473385702674,0.0026442392837541574,9.356847826814022,22.406503939693945
2058,20149,Developed,87781477.02653997,8778.147702653996,5.122263537072818,developed,NA,NA,NA,NA,NA,NA,NA,NA,NA,NA,0.9651473385702674,0.0026442392837541574,9.356847826814022,22.406503939693945
2058,20149,Double Crop,1803166.4492782145,180.31664492782144,0.1052191654466961,all_cult,NA,NA,NA,NA,NA,NA,NA,NA,NA,NA,0.9651473385702674,0.0026442392837541574,9.356847826814022,22.406503939693945
2058,20149,Grass/Pasture/Shrubland,1058221194.9777538,105822.11949777538,61.749790785057485,grassPastureHay,NA,NA,NA,NA,NA,NA,NA,NA,NA,NA,0.9651473385702674,0.0026442392837541574,9.356847826814022,22.406503939693945
2058,20149,Other Crops,34485813.7618199,3448.58137618199,2.012331443512244,all_cult,NA,NA,NA,NA,NA,NA,NA,NA,NA,NA,0.9651473385702674,0.0026442392837541574,9.356847826814022,22.406503939693945
2058,20149,Sorghum,5647082.09049503,564.708209049503,0.3295210295248753,all_cult,Sorghum,NA,NA,112,63247.319413544334,2523.3692730712924,759.828845317228,177.50938069649115,135.75710229592102,5,0.9651473385702674,0.0026442392837541574,9.356847826814022,22.406503939693945
2058,20149,Soybeans,153915907.33370754,15391.590733370755,8.98136903839706,all_cult,Soybeans,0.11392545848870632,51.611111111111114,56,861929.0810687622,2523.3692730712924,759.828845317228,177.50938069649115,135.75710229592102,5,0.9651473385702674,0.0026442392837541574,9.356847826814022,22.406503939693945
2058,20149,Wheat,13424373.002870617,1342.4373002870618,0.7833449455387832,all_cult,Wheat,NA,NA,89,119476.9197255485,2421.983374023441,534.3838141869002,75.58167340949547,174.1504746616182,5,0.9651473385702674,0.0026442392837541574,9.356847826814022,22.406503939693945
2058,20161,Corn,29887562.457934357,2988.756245793436,3.7374801575206362,all_cult,Corn,0.14127372152863188,12.444444444444445,250,747189.0614483589,2541.1952746582065,752.1716124884463,176.4684479605228,139.15108637874835,5,0.9522066428152434,0.002608785322781489,9.477853493886474,22.585217067770785
2058,20161,Developed,93189704.06140432,9318.970406140432,11.653498685445852,developed,NA,NA,NA,NA,NA,NA,NA,NA,NA,NA,0.9522066428152434,0.002608785322781489,9.477853493886474,22.585217067770785
2058,20161,Double Crop,2321662.5391971655,232.16625391971652,0.2903270443991936,all_cult,NA,NA,NA,NA,NA,NA,NA,NA,NA,NA,0.9522066428152434,0.002608785322781489,9.477853493886474,22.585217067770785
2058,20161,Grass/Pasture/Shrubland,421935273.9416269,42193.527394162695,52.76357736882686,grassPastureHay,NA,NA,NA,NA,NA,NA,NA,NA,NA,NA,0.9522066428152434,0.002608785322781489,9.477853493886474,22.585217067770785
2058,20161,Other Crops,10313350.483787943,1031.3350483787942,1.2896984437913022,all_cult,NA,NA,NA,NA,NA,NA,NA,NA,NA,NA,0.9522066428152434,0.002608785322781489,9.477853493886474,22.585217067770785
2058,20161,Sorghum,8046145.345421317,804.6145345421318,1.0061813711092988,all_cult,Sorghum,NA,NA,112,90116.82786871876,2541.1952746582065,752.1716124884463,176.4684479605228,139.15108637874835,5,0.9522066428152434,0.002608785322781489,9.477853493886474,22.585217067770785
2058,20161,Soybeans,56043067.26954317,5604.306726954317,7.008261452613234,all_cult,Soybeans,0.12420661341954765,10.38888888888889,56,313841.17670944176,2541.1952746582065,752.1716124884463,176.4684479605228,139.15108637874835,5,0.9522066428152434,0.002608785322781489,9.477853493886474,22.585217067770785
2058,20161,Wheat,14763447.35949416,1476.3447359494162,1.8461890841841313,all_cult,Wheat,NA,NA,89,131394.68149949805,2442.3408160400422,536.804343217656,82.50144604198016,179.06936618482163,5,0.9522066428152434,0.002608785322781489,9.477853493886474,22.585217067770785
2058,20177,Corn,132475537.80653152,13247.553780653152,9.091050553311547,all_cult,Corn,0.12030458771317423,83,250,3311888.445163288,2571.4260180664096,780.7009080573872,174.96805411506995,132.04669972964757,5,1.0040745323225508,0.0027508891296508242,9.941166791523996,22.495099060894713
2058,20177,Developed,255013934.0237044,25501.393402370442,17.50017100813045,developed,NA,NA,NA,NA,NA,NA,NA,NA,NA,NA,1.0040745323225508,0.0027508891296508242,9.941166791523996,22.495099060894713
2058,20177,Double Crop,2797246.7569815805,279.7246756981581,0.19195930130847558,all_cult,NA,NA,NA,NA,NA,NA,NA,NA,NA,NA,1.0040745323225508,0.0027508891296508242,9.941166791523996,22.495099060894713
2058,20177,Grass/Pasture/Shrubland,626083355.6398722,62608.33556398722,42.96457693964075,grassPastureHay,NA,NA,NA,NA,NA,NA,NA,NA,NA,NA,1.0040745323225508,0.0027508891296508242,9.941166791523996,22.495099060894713
2058,20177,Other Crops,33361526.081880283,3336.1526081880284,2.289413767762353,all_cult,NA,NA,NA,NA,NA,NA,NA,NA,NA,NA,1.0040745323225508,0.0027508891296508242,9.941166791523996,22.495099060894713
2058,20177,Sorghum,2303954.5452317544,230.39545452317543,0.15810743319134585,all_cult,Sorghum,NA,NA,112,25804.29090659565,2571.4260180664096,780.7009080573872,174.96805411506995,132.04669972964757,5,1.0040745323225508,0.0027508891296508242,9.941166791523996,22.495099060894713
2058,20177,Soybeans,145627766.023613,14562.7766023613,9.993613951731533,all_cult,Soybeans,0.09768281806034469,42.833333333333336,56,815515.4897322329,2571.4260180664096,780.7009080573872,174.96805411506995,132.04669972964757,5,1.0040745323225508,0.0027508891296508242,9.941166791523996,22.495099060894713
2058,20177,Wheat,9565647.685078032,956.5647685078033,0.656436562704971,all_cult,Wheat,NA,NA,89,85134.26439719449,2476.701749877933,555.5583667308856,85.86769738742174,168.09423510157157,5,1.0040745323225508,0.0027508891296508242,9.941166791523996,22.495099060894713
2058,20197,Corn,69733578.79693311,6973.357879693312,4.536852294529976,all_cult,Corn,0.14186117514330646,28.666666666666668,250,1743339.469923328,2547.91405334473,765.8982020926953,173.60064302058015,135.95293787680393,5,0.9841016680549879,0.002696168953575309,9.649595913821727,22.50858256300837
2058,20197,Developed,54289406.85937861,5428.940685937861,3.5320576446519008,developed,NA,NA,NA,NA,NA,NA,NA,NA,NA,NA,0.9841016680549879,0.002696168953575309,9.649595913821727,22.50858256300837
2058,20197,Double Crop,1125869.9276987636,112.58699276987635,0.07324886594013556,all_cult,NA,NA,NA,NA,NA,NA,NA,NA,NA,NA,0.9841016680549879,0.002696168953575309,9.649595913821727,22.50858256300837
2058,20197,Grass/Pasture/Shrubland,1169502873.1037595,116950.28731037596,76.08761639426346,grassPastureHay,NA,NA,NA,NA,NA,NA,NA,NA,NA,NA,0.9841016680549879,0.002696168953575309,9.649595913821727,22.50858256300837
2058,20197,Other Crops,29094649.42529061,2909.464942529061,1.8928919077573607,all_cult,NA,NA,NA,NA,NA,NA,NA,NA,NA,NA,0.9841016680549879,0.002696168953575309,9.649595913821727,22.50858256300837
2058,20197,Sorghum,3287931.385599168,328.7931385599168,0.21391213972326276,all_cult,Sorghum,NA,NA,112,36824.831518710685,2547.91405334473,765.8982020926953,173.60064302058015,135.95293787680393,5,0.9841016680549879,0.002696168953575309,9.649595913821727,22.50858256300837
2058,20197,Soybeans,83491332.16381498,8349.133216381497,5.431928899043218,all_cult,Soybeans,0.12942046457519057,22.77777777777778,56,467551.46011736384,2547.91405334473,765.8982020926953,173.60064302058015,135.95293787680393,5,0.9841016680549879,0.002696168953575309,9.649595913821727,22.50858256300837
2058,20197,Wheat,7530280.724868099,753.02807248681,0.4899185152185996,all_cult,Wheat,NA,NA,89,67019.49845132609,2452.381580200198,554.641807467465,82.89069681422897,187.04843678686967,5,0.9841016680549879,0.002696168953575309,9.649595913821727,22.50858256300837
2058,20209,Corn,2798441.748604609,279.8441748604609,1.0907251789658858,all_cult,Corn,NA,NA,250,69961.04371511523,2637.154223022464,857.2195703663112,181.51067304781787,151.5089105268523,5,1.0908663610234548,0.0029886749617080957,10.625482336593024,22.365457111515433
2058,20209,Developed,144515431.86680782,14451.543186680783,56.32656829996687,developed,NA,NA,NA,NA,NA,NA,NA,NA,NA,NA,1.0908663610234548,0.0029886749617080957,10.625482336593024,22.365457111515433
2058,20209,Double Crop,152719.71803613545,15.271971803613546,0.05952428413764306,all_cult,NA,NA,NA,NA,NA,NA,NA,NA,NA,NA,1.0908663610234548,0.0029886749617080957,10.625482336593024,22.365457111515433
2058,20209,Grass/Pasture/Shrubland,41083799.11850462,4108.379911850462,16.01288794682744,grassPastureHay,NA,NA,NA,NA,NA,NA,NA,NA,NA,NA,1.0908663610234548,0.0029886749617080957,10.625482336593024,22.365457111515433
2058,20209,Other Crops,1959154.8527385148,195.91548527385146,0.7636033619211925,all_cult,NA,NA,NA,NA,NA,NA,NA,NA,NA,NA,1.0908663610234548,0.0029886749617080957,10.625482336593024,22.365457111515433
2058,20209,Sorghum,54127.80426680527,5.412780426680527,0.02109694047602745,all_cult,Sorghum,NA,NA,112,606.231407788219,2637.154223022464,857.2195703663112,181.51067304781787,151.5089105268523,5,1.0908663610234548,0.0029886749617080957,10.625482336593024,22.365457111515433
2058,20209,Soybeans,8244134.676247953,824.4134676247953,3.213247256139296,all_cult,Soybeans,0.14562756367793683,4.75,56,46167.15418698854,2637.154223022464,857.2195703663112,181.51067304781787,151.5089105268523,5,1.0908663610234548,0.0029886749617080957,10.625482336593024,22.365457111515433
2058,20209,Wheat,234900.57353758038,23.49005735375804,0.09155522720411169,all_cult,Wheat,NA,NA,89,2090.6151044844655,2506.333579711917,581.2312955250617,102.61245414353264,193.85150028502227,5,1.0908663610234548,0.0029886749617080957,10.625482336593024,22.365457111515433
2059,20005,Corn,172734778.84431297,17273.477884431297,23.078910848652363,all_cult,Corn,0.10724545034749912,6.181818181818182,250,4318369.471107824,2685.9185467529323,740.7742647161573,62.9830228520098,209.6572400384252,5,0.9672265945009085,0.002649935875344955,9.695314924684313,22.387077335723482
2059,20005,Developed,36578638.84791646,3657.863884791646,4.88723319405755,developed,NA,NA,NA,NA,NA,NA,NA,NA,NA,NA,0.9672265945009085,0.002649935875344955,9.695314924684313,22.387077335723482
2059,20005,Double Crop,1451158.554832854,145.11585548328543,0.1938877575107932,all_cult,NA,NA,NA,NA,NA,NA,NA,NA,NA,NA,0.9672265945009085,0.002649935875344955,9.695314924684313,22.387077335723482
2059,20005,Grass/Pasture/Shrubland,215288406.86893737,21528.840686893738,28.764456018176027,grassPastureHay,NA,NA,NA,NA,NA,NA,NA,NA,NA,NA,0.9672265945009085,0.002649935875344955,9.695314924684313,22.387077335723482
2059,20005,Other Crops,29204979.705745928,2920.4979705745927,3.902046405912905,all_cult,NA,NA,NA,NA,NA,NA,NA,NA,NA,NA,0.9672265945009085,0.002649935875344955,9.695314924684313,22.387077335723482
2059,20005,Sorghum,732239.3724075308,73.22393724075309,0.09783372699309156,all_cult,Sorghum,NA,NA,112,8201.080970964345,2685.9185467529323,740.7742647161573,62.9830228520098,209.6572400384252,5,0.9672265945009085,0.002649935875344955,9.695314924684313,22.387077335723482
2059,20005,Soybeans,181600576.65296197,18160.057665296197,24.263460703620524,all_cult,Soybeans,0.07483265359624193,5,56,1016963.2292565871,2685.9185467529323,740.7742647161573,62.9830228520098,209.6572400384252,5,0.9672265945009085,0.002649935875344955,9.695314924684313,22.387077335723482
2059,20005,Wheat,5908069.702597459,590.8069702597459,0.7893709354082403,all_cult,Wheat,NA,NA,89,52581.82035311738,2380.547107543948,489.06581428146103,103.20595880408096,103.02750291819773,5,0.9672265945009085,0.002649935875344955,9.695314924684313,22.387077335723482
2059,20013,Corn,113276297.82191704,11327.629782191703,25.36090350021212,all_cult,Corn,0.12646432205391206,17.5625,250,2831907.445547926,2642.534515380862,726.7868744661594,60.80878924883446,210.7984901140387,5,0.9424982938676214,0.002582187106486634,9.180523706723589,22.36083134899403
2059,20013,Developed,24170977.38782201,2417.0977387822013,5.411527714315524,developed,NA,NA,NA,NA,NA,NA,NA,NA,NA,NA,0.9424982938676214,0.002582187106486634,9.180523706723589,22.36083134899403
2059,20013,Double Crop,542048.8992527233,54.20488992527234,0.12135680712267008,all_cult,NA,NA,NA,NA,NA,NA,NA,NA,NA,NA,0.9424982938676214,0.002582187106486634,9.180523706723589,22.36083134899403
2059,20013,Grass/Pasture/Shrubland,122499833.68113159,12249.983368113159,27.425918047421547,grassPastureHay,NA,NA,NA,NA,NA,NA,NA,NA,NA,NA,0.9424982938676214,0.002582187106486634,9.180523706723589,22.36083134899403
2059,20013,Other Crops,13090232.71280689,1309.023271280689,2.9307113227404837,all_cult,NA,NA,NA,NA,NA,NA,NA,NA,NA,NA,0.9424982938676214,0.002582187106486634,9.180523706723589,22.36083134899403
2059,20013,Sorghum,333636.9508835004,33.363695088350035,0.07469642527304013,all_cult,Sorghum,NA,NA,112,3736.733849895204,2642.534515380862,726.7868744661594,60.80878924883446,210.7984901140387,5,0.9424982938676214,0.002582187106486634,9.180523706723589,22.36083134899403
2059,20013,Soybeans,123405327.24801578,12340.532724801578,27.62864479089188,all_cult,Soybeans,0.10147480973744562,10.461538461538462,56,691069.8325888884,2642.534515380862,726.7868744661594,60.80878924883446,210.7984901140387,5,0.9424982938676214,0.002582187106486634,9.180523706723589,22.36083134899403
2059,20013,Wheat,3906288.4515680084,390.6288451568008,0.8745607542714157,all_cult,Wheat,NA,NA,89,34765.96721895527,2337.742507934573,475.2527084646146,104.3990045580407,93.46705785451994,5,0.9424982938676214,0.002582187106486634,9.180523706723589,22.36083134899403
2059,20045,Corn,74392843.99321488,7439.284399321487,7.631923083362056,all_cult,Corn,0.1459526935617447,11,250,1859821.0998303718,2743.127639160159,786.1457615103988,66.1773453321319,258.14646498443796,5,1.0306128739911364,0.0028235969150442095,10.395521541229689,22.62702576519694
2059,20045,Developed,130402436.2681122,13040.24362681122,13.37791795635647,developed,NA,NA,NA,NA,NA,NA,NA,NA,NA,NA,1.0306128739911364,0.0028235969150442095,10.395521541229689,22.62702576519694
2059,20045,Double Crop,4220114.888463862,422.01148884638627,0.4329393864098648,all_cult,NA,NA,NA,NA,NA,NA,NA,NA,NA,NA,1.0306128739911364,0.0028235969150442095,10.395521541229689,22.62702576519694
2059,20045,Grass/Pasture/Shrubland,354830010.0217444,35483.00100217444,36.40182575089523,grassPastureHay,NA,NA,NA,NA,NA,NA,NA,NA,NA,NA,1.0306128739911364,0.0028235969150442095,10.395521541229689,22.62702576519694
2059,20045,Other Crops,37964614.628596716,3796.4614628596714,3.8947700233285687,all_cult,NA,NA,NA,NA,NA,NA,NA,NA,NA,NA,1.0306128739911364,0.0028235969150442095,10.395521541229689,22.62702576519694
2059,20045,Sorghum,671055.755263424,67.1055755263424,0.06884326010288025,all_cult,Sorghum,NA,NA,112,7515.824458950349,2743.127639160159,786.1457615103988,66.1773453321319,258.14646498443796,5,1.0306128739911364,0.0028235969150442095,10.395521541229689,22.62702576519694
2059,20045,Soybeans,100028766.3995359,10002.876639953589,10.261898998705805,all_cult,Soybeans,0.11420951862362651,8.5,56,560161.091837401,2743.127639160159,786.1457615103988,66.1773453321319,258.14646498443796,5,1.0306128739911364,0.0028235969150442095,10.395521541229689,22.62702576519694
2059,20045,Wheat,7085783.937909698,708.5783937909698,0.7269268802840957,all_cult,Wheat,NA,NA,89,63063.477047396314,2453.8059033203153,531.9284267312783,102.34471572296968,133.51612924509942,5,1.0306128739911364,0.0028235969150442095,10.395521541229689,22.62702576519694
2059,20061,Corn,31722102.062803604,3172.21020628036,4.044269831598419,all_cult,Corn,0.16936452361704205,12.944444444444445,250,793052.55157009,2690.570545043948,671.0903835847756,71.28178512087138,174.10597529276734,5,0.8810108733398297,0.0024137284201091224,9.67451326553138,22.903212924068946
2059,20061,Developed,61171563.9285717,6117.15639285717,7.798799400437711,developed,NA,NA,NA,NA,NA,NA,NA,NA,NA,NA,0.8810108733398297,0.0024137284201091224,9.67451326553138,22.903212924068946
2059,20061,Double Crop,5604030.762346523,560.4030762346523,0.7144612454318694,all_cult,NA,NA,NA,NA,NA,NA,NA,NA,NA,NA,0.8810108733398297,0.0024137284201091224,9.67451326553138,22.903212924068946
2059,20061,Grass/Pasture/Shrubland,476190220.2809351,47619.02202809351,60.70977699307564,grassPastureHay,NA,NA,NA,NA,NA,NA,NA,NA,NA,NA,0.8810108733398297,0.0024137284201091224,9.67451326553138,22.903212924068946
2059,20061,Other Crops,18227803.79878525,1822.7803798785249,2.323873646638379,all_cult,NA,NA,NA,NA,NA,NA,NA,NA,NA,NA,0.8810108733398297,0.0024137284201091224,9.67451326553138,22.903212924068946
2059,20061,Sorghum,5491901.736070833,549.1901736070832,0.7001658485721192,all_cult,Sorghum,NA,NA,112,61509.299443993325,2690.570545043948,671.0903835847756,71.28178512087138,174.10597529276734,5,0.8810108733398297,0.0024137284201091224,9.67451326553138,22.903212924068946
2059,20061,Soybeans,39491221.54782481,3949.1221547824807,5.03475953777074,all_cult,Soybeans,0.12217913528938978,7.666666666666667,56,221150.8406678189,2690.570545043948,671.0903835847756,71.28178512087138,174.10597529276734,5,0.8810108733398297,0.0024137284201091224,9.67451326553138,22.903212924068946
2059,20061,Wheat,15495075.277191846,1549.5075277191845,1.9754764472362665,all_cult,Wheat,NA,NA,89,137906.16996700742,2415.9068395996123,467.9000375604896,97.06948213181305,85.23124147263074,5,0.8810108733398297,0.0024137284201091224,9.67451326553138,22.903212924068946
2059,20085,Corn,134933024.35661882,13493.30243566188,7.9306511901880965,all_cult,Corn,NA,NA,250,3373325.60891547,2664.433229980472,732.8509584257,61.0512780717816,212.36182873296008,5,0.9572920977384687,0.0026227180759958047,9.452975564198974,22.55058147273654
2059,20085,Developed,75618361.35140783,7561.836135140783,4.444448275810096,developed,NA,NA,NA,NA,NA,NA,NA,NA,NA,NA,0.9572920977384687,0.0026227180759958047,9.452975564198974,22.55058147273654
2059,20085,Double Crop,1864792.83802623,186.479283802623,0.10960268333762817,all_cult,NA,NA,NA,NA,NA,NA,NA,NA,NA,NA,0.9572920977384687,0.0026227180759958047,9.452975564198974,22.55058147273654
2059,20085,Grass/Pasture/Shrubland,941187748.5802637,94118.77485802637,55.31804963283908,grassPastureHay,NA,NA,NA,NA,NA,NA,NA,NA,NA,NA,0.9572920977384687,0.0026227180759958047,9.452975564198974,22.55058147273654
2059,20085,Other Crops,98052397.627671,9805.2397627671,5.7630025537076115,all_cult,NA,NA,NA,NA,NA,NA,NA,NA,NA,NA,0.9572920977384687,0.0026227180759958047,9.452975564198974,22.55058147273654
2059,20085,Sorghum,4069081.398774073,406.9081398774073,0.23915913388905596,all_cult,Sorghum,NA,NA,112,45573.71166626961,2664.433229980472,732.8509584257,61.0512780717816,212.36182873296008,5,0.9572920977384687,0.0026227180759958047,9.452975564198974,22.55058147273654
2059,20085,Soybeans,170772946.2930534,17077.29462930534,10.037132690300496,all_cult,Soybeans,NA,NA,56,956328.499241099,2664.433229980472,732.8509584257,61.0512780717816,212.36182873296008,5,0.9572920977384687,0.0026227180759958047,9.452975564198974,22.55058147273654
2059,20085,Wheat,13725583.902961861,1372.5583902961862,0.8067173980208171,all_cult,Wheat,NA,NA,89,122157.69673636057,2374.663568115237,493.50915183813913,104.5624665145088,98.40240945737976,5,0.9572920977384687,0.0026227180759958047,9.452975564198974,22.55058147273654
2059,20087,Corn,155094058.297135,15509.4058297135,10.788896738521789,all_cult,Corn,0.13078338055311117,25.77777777777778,250,3877351.457428375,2703.923081665042,763.2093791016331,62.73271184244082,219.59237381782992,5,0.9969734471999007,0.002731434101917536,9.992160753224017,22.462982445285768
2059,20087,Developed,83037617.78054704,8303.761778054704,5.7763933285619125,developed,NA,NA,NA,NA,NA,NA,NA,NA,NA,NA,0.9969734471999007,0.002731434101917536,9.992160753224017,22.462982445285768
2059,20087,Double Crop,3214015.8179615135,321.4015817961514,0.2235784217441099,all_cult,NA,NA,NA,NA,NA,NA,NA,NA,NA,NA,0.9969734471999007,0.002731434101917536,9.992160753224017,22.462982445285768
2059,20087,Grass/Pasture/Shrubland,533878677.1787268,53387.86771787268,37.138507962340775,grassPastureHay,NA,NA,NA,NA,NA,NA,NA,NA,NA,NA,0.9969734471999007,0.002731434101917536,9.992160753224017,22.462982445285768
2059,20087,Other Crops,67978226.39294052,6797.822639294052,4.728808266891807,all_cult,NA,NA,NA,NA,NA,NA,NA,NA,NA,NA,0.9969734471999007,0.002731434101917536,9.992160753224017,22.462982445285768
2059,20087,Sorghum,2078940.1655916602,207.89401655916603,0.1446185045281528,all_cult,Sorghum,NA,NA,112,23284.129854626597,2703.923081665042,763.2093791016331,62.73271184244082,219.59237381782992,5,0.9969734471999007,0.002731434101917536,9.992160753224017,22.462982445285768
2059,20087,Soybeans,173639107.61438552,17363.91076143855,12.078956617613274,all_cult,Soybeans,0.09985991575255485,13.833333333333334,56,972379.0026405589,2703.923081665042,763.2093791016331,62.73271184244082,219.59237381782992,5,0.9969734471999007,0.002731434101917536,9.992160753224017,22.462982445285768
2059,20087,Wheat,7377427.0278590415,737.7427027859042,0.5132001784817648,all_cult,Wheat,NA,NA,89,65659.10054794548,2413.603887939456,513.3051051521206,102.3059053692956,117.71653484893515,5,0.9969734471999007,0.002731434101917536,9.992160753224017,22.462982445285768
2059,20091,Corn,20137063.169311535,2013.7063169311532,3.334881975218613,all_cult,Corn,0.14955141172933145,4,250,503426.5792327883,2748.489360961917,810.9350854891538,70.13763859301154,274.99736055543957,5,1.072477171321545,0.0029382936200590274,10.566644680075472,22.46911177961796
2059,20091,Developed,271607528.4848879,27160.752848488788,44.98069273866694,developed,NA,NA,NA,NA,NA,NA,NA,NA,NA,NA,1.072477171321545,0.0029382936200590274,10.566644680075472,22.46911177961796
2059,20091,Double Crop,2013905.6882216034,201.39056882216036,0.3335212152324038,all_cult,NA,NA,NA,NA,NA,NA,NA,NA,NA,NA,1.072477171321545,0.0029382936200590274,10.566644680075472,22.46911177961796
2059,20091,Grass/Pasture/Shrubland,139667491.4795437,13966.749147954368,23.130214964462166,grassPastureHay,NA,NA,NA,NA,NA,NA,NA,NA,NA,NA,1.072477171321545,0.0029382936200590274,10.566644680075472,22.46911177961796
2059,20091,Other Crops,14581458.923742233,1458.1458923742232,2.4148230617504245,all_cult,NA,NA,NA,NA,NA,NA,NA,NA,NA,NA,1.072477171321545,0.0029382936200590274,10.566644680075472,22.46911177961796
2059,20091,Sorghum,265245.84730308503,26.524584730308504,0.043927140106542625,all_cult,Sorghum,NA,NA,112,2970.7534897945525,2748.489360961917,810.9350854891538,70.13763859301154,274.99736055543957,5,1.072477171321545,0.0029382936200590274,10.566644680075472,22.46911177961796
2059,20091,Soybeans,40506888.73460731,4050.688873460731,6.708311533684595,all_cult,Soybeans,NA,NA,56,226838.57691380093,2748.489360961917,810.9350854891538,70.13763859301154,274.99736055543957,5,1.072477171321545,0.0029382936200590274,10.566644680075472,22.46911177961796
2059,20091,Wheat,3047090.5931461067,304.70905931461067,0.5046260922212007,all_cult,Wheat,NA,NA,89,27119.10627900035,2456.8274414062525,544.8985875383636,100.68969047295084,150.1932363271246,5,1.072477171321545,0.0029382936200590274,10.566644680075472,22.46911177961796
2059,20103,Corn,55676654.53817842,5567.665453817842,6.162232243462533,all_cult,Corn,0.09926099891867379,4.75,250,1391916.3634544604,2732.886735229495,784.3576651319426,66.03277567952722,246.20004152365857,5,1.026396248651404,0.002812044516853162,10.28610045550623,22.504706529591203
2059,20103,Developed,66222526.18511143,6622.252618511144,7.329437975150055,developed,NA,NA,NA,NA,NA,NA,NA,NA,NA,NA,1.026396248651404,0.002812044516853162,10.28610045550623,22.504706529591203
2059,20103,Double Crop,2239300.7972116056,223.93007972116058,0.2478434038440015,all_cult,NA,NA,NA,NA,NA,NA,NA,NA,NA,NA,1.026396248651404,0.002812044516853162,10.28610045550623,22.504706529591203
2059,20103,Grass/Pasture/Shrubland,361083573.13099504,36108.3573130995,39.96434152498699,grassPastureHay,NA,NA,NA,NA,NA,NA,NA,NA,NA,NA,1.026396248651404,0.002812044516853162,10.28610045550623,22.504706529591203
2059,20103,Other Crops,54377617.6404599,5437.76176404599,6.018456236750789,all_cult,NA,NA,NA,NA,NA,NA,NA,NA,NA,NA,1.026396248651404,0.002812044516853162,10.28610045550623,22.504706529591203
2059,20103,Sorghum,567901.3203360821,56.79013203360822,0.06285470735100035,all_cult,Sorghum,NA,NA,112,6360.494787764121,2732.886735229495,784.3576651319426,66.03277567952722,246.20004152365857,5,1.026396248651404,0.002812044516853162,10.28610045550623,22.504706529591203
2059,20103,Soybeans,101039226.18326606,10103.922618326606,11.18291288522158,all_cult,Soybeans,0.11410095968932568,4.571428571428571,56,565819.66662629,2732.886735229495,784.3576651319426,66.03277567952722,246.20004152365857,5,1.026396248651404,0.002812044516853162,10.28610045550623,22.504706529591203
2059,20103,Wheat,4817340.8524583215,481.7340852458321,0.5331781044497215,all_cult,Wheat,NA,NA,89,42874.33358687905,2436.730860595706,524.2976365119196,100.31069820290728,135.54783071811923,5,1.026396248651404,0.002812044516853162,10.28610045550623,22.504706529591203
2059,20117,Corn,1797933.5665907045,179.79335665907044,8.787790125047634,all_cult,Corn,0.16261062771687598,15.722222222222221,250,44948.33916476761,2614.83490112305,700.316879565059,60.17870390319129,196.40435274027143,5,0.8997638241848276,0.0024651063676296645,8.984720375374595,22.257059309449936
2059,20117,Developed,709093.4285035765,70.90934285035766,3.465847873654197,developed,NA,NA,NA,NA,NA,NA,NA,NA,NA,NA,0.8997638241848276,0.0024651063676296645,8.984720375374595,22.257059309449936
2059,20117,Double Crop,17005.082052877187,1.700508205287719,0.08311602548433755,all_cult,NA,NA,NA,NA,NA,NA,NA,NA,NA,NA,0.8997638241848276,0.0024651063676296645,8.984720375374595,22.257059309449936
2059,20117,Grass/Pasture/Shrubland,13608757.209524421,1360.8757209524422,66.51575143947134,grassPastureHay,NA,NA,NA,NA,NA,NA,NA,NA,NA,NA,0.8997638241848276,0.0024651063676296645,8.984720375374595,22.257059309449936
2059,20117,Other Crops,368569.7378671669,36.856973786716694,1.801464505144208,all_cult,NA,NA,NA,NA,NA,NA,NA,NA,NA,NA,0.8997638241848276,0.0024651063676296645,8.984720375374595,22.257059309449936
2059,20117,Sorghum,113210.96189225193,11.321096189225193,0.5533431220433721,all_cult,Sorghum,NA,NA,112,1267.9627731932217,2614.83490112305,700.316879565059,60.17870390319129,196.40435274027143,5,0.8997638241848276,0.0024651063676296645,8.984720375374595,22.257059309449936
2059,20117,Soybeans,2250086.8872694396,225.00868872694397,10.99778751332857,all_cult,Soybeans,0.12228514283699721,8.25,56,12600.486568708862,2614.83490112305,700.316879565059,60.17870390319129,196.40435274027143,5,0.8997638241848276,0.0024651063676296645,8.984720375374595,22.257059309449936
2059,20117,Wheat,234744.84118524572,23.474484118524572,1.1473663074132867,all_cult,Wheat,NA,NA,89,2089.229086548687,2320.5412701416044,459.02516690787223,100.47031179263278,74.81390860994304,5,0.8997638241848276,0.0024651063676296645,8.984720375374595,22.257059309449936
2059,20127,Corn,10941387.892613748,1094.1387892613748,4.064821675495574,all_cult,Corn,NA,NA,250,273534.6973153437,2694.910287475589,662.1988035228593,78.9045847632906,169.38931150617356,5,0.8722592842770616,0.0023897514637727713,9.738033472348588,22.883051440095272
2059,20127,Developed,12128694.282144045,1212.8694282144045,4.50591642462472,developed,NA,NA,NA,NA,NA,NA,NA,NA,NA,NA,0.8722592842770616,0.0023897514637727713,9.738033472348588,22.883051440095272
2059,20127,Double Crop,4499199.088895911,449.9199088895911,1.671491967784096,all_cult,NA,NA,NA,NA,NA,NA,NA,NA,NA,NA,0.8722592842770616,0.0023897514637727713,9.738033472348588,22.883051440095272
2059,20127,Grass/Pasture/Shrubland,158101691.18434784,15810.169118434784,58.73616652348874,grassPastureHay,NA,NA,NA,NA,NA,NA,NA,NA,NA,NA,0.8722592842770616,0.0023897514637727713,9.738033472348588,22.883051440095272
2059,20127,Other Crops,10981377.128665583,1098.1377128665583,4.079678027823576,all_cult,NA,NA,NA,NA,NA,NA,NA,NA,NA,NA,0.8722592842770616,0.0023897514637727713,9.738033472348588,22.883051440095272
2059,20127,Sorghum,7272388.587591114,727.2388587591115,2.701756217181813,all_cult,Sorghum,NA,NA,112,81450.75218102049,2694.910287475589,662.1988035228593,78.9045847632906,169.38931150617356,5,0.8722592842770616,0.0023897514637727713,9.738033472348588,22.883051440095272
2059,20127,Soybeans,28686301.015498407,2868.6301015498407,10.657212713965244,all_cult,Soybeans,0.11686486262093489,4,56,160643.2856867911,2694.910287475589,662.1988035228593,78.9045847632906,169.38931150617356,5,0.8722592842770616,0.0023897514637727713,9.738033472348588,22.883051440095272
2059,20127,Wheat,20934850.636842933,2093.485063684293,7.777480834890052,all_cult,Wheat,NA,NA,89,186320.17066790207,2421.803690795901,473.6075798192307,96.50791611790429,94.94840607058345,5,0.8722592842770616,0.0023897514637727713,9.738033472348588,22.883051440095272
2059,20131,Corn,124792211.963085,12479.2211963085,16.444051346315263,all_cult,Corn,0.12528513936677563,9.454545454545455,250,3119805.299077125,2610.4572149658234,714.584634498179,59.26604370552553,202.8192688856198,5,0.9191746505898287,0.0025182867139447365,8.958810023477655,22.171512902664833
2059,20131,Developed,34827921.40223819,3482.792140223819,4.589325878711502,developed,NA,NA,NA,NA,NA,NA,NA,NA,NA,NA,0.9191746505898287,0.0025182867139447365,8.958810023477655,22.171512902664833
2059,20131,Double Crop,1288597.7379512293,128.85977379512295,0.1698003988733199,all_cult,NA,NA,NA,NA,NA,NA,NA,NA,NA,NA,0.9191746505898287,0.0025182867139447365,8.958810023477655,22.171512902664833
2059,20131,Grass/Pasture/Shrubland,328086582.4549448,32808.65824549448,43.232446344665604,grassPastureHay,NA,NA,NA,NA,NA,NA,NA,NA,NA,NA,0.9191746505898287,0.0025182867139447365,8.958810023477655,22.171512902664833
2059,20131,Other Crops,27101730.321978156,2710.1730321978157,3.5712344382550913,all_cult,NA,NA,NA,NA,NA,NA,NA,NA,NA,NA,0.9191746505898287,0.0025182867139447365,8.958810023477655,22.171512902664833
2059,20131,Sorghum,2055671.3741418559,205.5671374141856,0.2708788080264065,all_cult,Sorghum,NA,NA,112,23023.519390388785,2610.4572149658234,714.584634498179,59.26604370552553,202.8192688856198,5,0.9191746505898287,0.0025182867139447365,8.958810023477655,22.171512902664833
2059,20131,Soybeans,136674912.54505298,13667.491254505298,18.00985209164201,all_cult,Soybeans,0.1067341402930363,5.142857142857143,56,765379.5102522967,2610.4572149658234,714.584634498179,59.26604370552553,202.8192688856198,5,0.9191746505898287,0.0025182867139447365,8.958810023477655,22.171512902664833
2059,20131,Wheat,9588450.555545796,958.8450555545795,1.2634840811511674,all_cult,Wheat,NA,NA,89,85337.20994435757,2308.447371215823,465.0100529911459,103.90020982893228,84.59587538235269,5,0.9191746505898287,0.0025182867139447365,8.958810023477655,22.171512902664833
2059,20139,Corn,20890964.22588984,2089.096422588984,9.4988079569725965,all_cult,Corn,NA,NA,250,522274.10564724595,2708.9729779052764,758.2101038053396,62.800271831166896,229.50951666640023,5,0.9990449535135789,0.002737109461681038,10.038725025751843,22.599663922035553
2059,20139,Developed,11858545.489950646,1185.8545489950645,5.391902692479325,developed,NA,NA,NA,NA,NA,NA,NA,NA,NA,NA,0.9990449535135789,0.002737109461681038,10.038725025751843,22.599663922035553
2059,20139,Double Crop,1849135.1156913848,184.91351156913848,0.8407739901578724,all_cult,NA,NA,NA,NA,NA,NA,NA,NA,NA,NA,0.9990449535135789,0.002737109461681038,10.038725025751843,22.599663922035553
2059,20139,Grass/Pasture/Shrubland,108139234.26990536,10813.923426990536,49.1692871538651,grassPastureHay,NA,NA,NA,NA,NA,NA,NA,NA,NA,NA,0.9990449535135789,0.002737109461681038,10.038725025751843,22.599663922035553
2059,20139,Other Crops,6302951.103083336,630.2951103083336,2.86585728849129,all_cult,NA,NA,NA,NA,NA,NA,NA,NA,NA,NA,0.9990449535135789,0.002737109461681038,10.038725025751843,22.599663922035553
2059,20139,Sorghum,252758.48461129973,25.27584846112997,0.11492549021948671,all_cult,Sorghum,NA,NA,112,2830.8950276465566,2708.9729779052764,758.2101038053396,62.800271831166896,229.50951666640023,5,0.9990449535135789,0.002737109461681038,10.038725025751843,22.599663922035553
2059,20139,Soybeans,28064514.38751116,2806.4514387511163,12.76051357372463,all_cult,Soybeans,NA,NA,56,157161.28057006252,2708.9729779052764,758.2101038053396,62.800271831166896,229.50951666640023,5,0.9990449535135789,0.002737109461681038,10.038725025751843,22.599663922035553
2059,20139,Wheat,1738320.944623076,173.8320944623076,0.7903884493801757,all_cult,Wheat,NA,NA,89,15471.056407145375,2431.9900378417997,520.314231715244,102.68336763077112,111.12493131448336,5,0.9990449535135789,0.002737109461681038,10.038725025751843,22.599663922035553
2059,20149,Corn,136791901.8519852,13679.190185198519,7.982141503627487,all_cult,Corn,0.1326174661314905,62.44444444444444,250,3419797.54629963,2666.79621765137,699.5402190874686,62.58381301406304,195.1026531326923,5,0.906026533026816,0.002482264474046071,9.406730263069907,22.70375647139878
2059,20149,Developed,87781477.02653997,8778.147702653996,5.122263537072818,developed,NA,NA,NA,NA,NA,NA,NA,NA,NA,NA,0.906026533026816,0.002482264474046071,9.406730263069907,22.70375647139878
2059,20149,Double Crop,1803166.4492782145,180.31664492782144,0.1052191654466961,all_cult,NA,NA,NA,NA,NA,NA,NA,NA,NA,NA,0.906026533026816,0.002482264474046071,9.406730263069907,22.70375647139878
2059,20149,Grass/Pasture/Shrubland,1058221194.9777538,105822.11949777538,61.749790785057485,grassPastureHay,NA,NA,NA,NA,NA,NA,NA,NA,NA,NA,0.906026533026816,0.002482264474046071,9.406730263069907,22.70375647139878
2059,20149,Other Crops,34485813.7618199,3448.58137618199,2.012331443512244,all_cult,NA,NA,NA,NA,NA,NA,NA,NA,NA,NA,0.906026533026816,0.002482264474046071,9.406730263069907,22.70375647139878
2059,20149,Sorghum,5647082.09049503,564.708209049503,0.3295210295248753,all_cult,Sorghum,NA,NA,112,63247.319413544334,2666.79621765137,699.5402190874686,62.58381301406304,195.1026531326923,5,0.906026533026816,0.002482264474046071,9.406730263069907,22.70375647139878
2059,20149,Soybeans,153915907.33370754,15391.590733370755,8.98136903839706,all_cult,Soybeans,0.11392545848870632,51.611111111111114,56,861929.0810687622,2666.79621765137,699.5402190874686,62.58381301406304,195.1026531326923,5,0.906026533026816,0.002482264474046071,9.406730263069907,22.70375647139878
2059,20149,Wheat,13424373.002870617,1342.4373002870618,0.7833449455387832,all_cult,Wheat,NA,NA,89,119476.9197255485,2380.8647100830103,470.30282130976536,101.58433571578196,78.34283982281208,5,0.906026533026816,0.002482264474046071,9.406730263069907,22.70375647139878
2059,20161,Corn,29887562.457934357,2988.756245793436,3.7374801575206362,all_cult,Corn,0.14127372152863188,12.444444444444445,250,747189.0614483589,2684.774641723636,675.5862909436051,68.712251958273,180.97950303589928,5,0.8759393058812349,0.0023998337147431094,9.526480654363786,22.94548846519159
2059,20161,Developed,93189704.06140432,9318.970406140432,11.653498685445852,developed,NA,NA,NA,NA,NA,NA,NA,NA,NA,NA,0.8759393058812349,0.0023998337147431094,9.526480654363786,22.94548846519159
2059,20161,Double Crop,2321662.5391971655,232.16625391971652,0.2903270443991936,all_cult,NA,NA,NA,NA,NA,NA,NA,NA,NA,NA,0.8759393058812349,0.0023998337147431094,9.526480654363786,22.94548846519159
2059,20161,Grass/Pasture/Shrubland,421935273.9416269,42193.527394162695,52.76357736882686,grassPastureHay,NA,NA,NA,NA,NA,NA,NA,NA,NA,NA,0.8759393058812349,0.0023998337147431094,9.526480654363786,22.94548846519159
2059,20161,Other Crops,10313350.483787943,1031.3350483787942,1.2896984437913022,all_cult,NA,NA,NA,NA,NA,NA,NA,NA,NA,NA,0.8759393058812349,0.0023998337147431094,9.526480654363786,22.94548846519159
2059,20161,Sorghum,8046145.345421317,804.6145345421318,1.0061813711092988,all_cult,Sorghum,NA,NA,112,90116.82786871876,2684.774641723636,675.5862909436051,68.712251958273,180.97950303589928,5,0.8759393058812349,0.0023998337147431094,9.526480654363786,22.94548846519159
2059,20161,Soybeans,56043067.26954317,5604.306726954317,7.008261452613234,all_cult,Soybeans,0.12420661341954765,10.38888888888889,56,313841.17670944176,2684.774641723636,675.5862909436051,68.712251958273,180.97950303589928,5,0.8759393058812349,0.0023998337147431094,9.526480654363786,22.94548846519159
2059,20161,Wheat,14763447.35949416,1476.3447359494162,1.8461890841841313,all_cult,Wheat,NA,NA,89,131394.68149949805,2405.2718780517607,459.8798741141399,97.13998456794654,79.35225440203942,5,0.8759393058812349,0.0023998337147431094,9.526480654363786,22.94548846519159
2059,20177,Corn,132475537.80653152,13247.553780653152,9.091050553311547,all_cult,Corn,0.12030458771317423,83,250,3311888.445163288,2706.9443835449247,736.8534710919336,61.02199812733137,212.5396657514343,5,0.968278119895215,0.0026528167668362053,9.980480906865392,22.629858548935168
2059,20177,Developed,255013934.0237044,25501.393402370442,17.50017100813045,developed,NA,NA,NA,NA,NA,NA,NA,NA,NA,NA,0.968278119895215,0.0026528167668362053,9.980480906865392,22.629858548935168
2059,20177,Double Crop,2797246.7569815805,279.7246756981581,0.19195930130847558,all_cult,NA,NA,NA,NA,NA,NA,NA,NA,NA,NA,0.968278119895215,0.0026528167668362053,9.980480906865392,22.629858548935168
2059,20177,Grass/Pasture/Shrubland,626083355.6398722,62608.33556398722,42.96457693964075,grassPastureHay,NA,NA,NA,NA,NA,NA,NA,NA,NA,NA,0.968278119895215,0.0026528167668362053,9.980480906865392,22.629858548935168
2059,20177,Other Crops,33361526.081880283,3336.1526081880284,2.289413767762353,all_cult,NA,NA,NA,NA,NA,NA,NA,NA,NA,NA,0.968278119895215,0.0026528167668362053,9.980480906865392,22.629858548935168
2059,20177,Sorghum,2303954.5452317544,230.39545452317543,0.15810743319134585,all_cult,Sorghum,NA,NA,112,25804.29090659565,2706.9443835449247,736.8534710919336,61.02199812733137,212.5396657514343,5,0.968278119895215,0.0026528167668362053,9.980480906865392,22.629858548935168
2059,20177,Soybeans,145627766.023613,14562.7766023613,9.993613951731533,all_cult,Soybeans,0.09768281806034469,42.833333333333336,56,815515.4897322329,2706.9443835449247,736.8534710919336,61.02199812733137,212.5396657514343,5,0.968278119895215,0.0026528167668362053,9.980480906865392,22.629858548935168
2059,20177,Wheat,9565647.685078032,956.5647685078033,0.656436562704971,all_cult,Wheat,NA,NA,89,85134.26439719449,2427.615949707034,506.843473093288,103.8539206489206,104.2100635645204,5,0.968278119895215,0.0026528167668362053,9.980480906865392,22.629858548935168
2059,20197,Corn,69733578.79693311,6973.357879693312,4.536852294529976,all_cult,Corn,0.14186117514330646,28.666666666666668,250,1743339.469923328,2687.311096801761,703.1738584356923,64.85460244215356,209.97932903040248,5,0.9202916158563194,0.002521346892757039,9.699670000468238,22.72396470997434
2059,20197,Developed,54289406.85937861,5428.940685937861,3.5320576446519008,developed,NA,NA,NA,NA,NA,NA,NA,NA,NA,NA,0.9202916158563194,0.002521346892757039,9.699670000468238,22.72396470997434
2059,20197,Double Crop,1125869.9276987636,112.58699276987635,0.07324886594013556,all_cult,NA,NA,NA,NA,NA,NA,NA,NA,NA,NA,0.9202916158563194,0.002521346892757039,9.699670000468238,22.72396470997434
2059,20197,Grass/Pasture/Shrubland,1169502873.1037595,116950.28731037596,76.08761639426346,grassPastureHay,NA,NA,NA,NA,NA,NA,NA,NA,NA,NA,0.9202916158563194,0.002521346892757039,9.699670000468238,22.72396470997434
2059,20197,Other Crops,29094649.42529061,2909.464942529061,1.8928919077573607,all_cult,NA,NA,NA,NA,NA,NA,NA,NA,NA,NA,0.9202916158563194,0.002521346892757039,9.699670000468238,22.72396470997434
2059,20197,Sorghum,3287931.385599168,328.7931385599168,0.21391213972326276,all_cult,Sorghum,NA,NA,112,36824.831518710685,2687.311096801761,703.1738584356923,64.85460244215356,209.97932903040248,5,0.9202916158563194,0.002521346892757039,9.699670000468238,22.72396470997434
2059,20197,Soybeans,83491332.16381498,8349.133216381497,5.431928899043218,all_cult,Soybeans,0.12942046457519057,22.77777777777778,56,467551.46011736384,2687.311096801761,703.1738584356923,64.85460244215356,209.97932903040248,5,0.9202916158563194,0.002521346892757039,9.699670000468238,22.72396470997434
2059,20197,Wheat,7530280.724868099,753.02807248681,0.4899185152185996,all_cult,Wheat,NA,NA,89,67019.49845132609,2409.504114990237,478.0369964672605,103.96575355972756,85.39276107513793,5,0.9202916158563194,0.002521346892757039,9.699670000468238,22.72396470997434
2059,20209,Corn,2798441.748604609,279.8441748604609,1.0907251789658858,all_cult,Corn,NA,NA,250,69961.04371511523,2760.283217163089,794.5339945575769,70.69027253282366,244.63588207187783,5,1.047232773606938,0.002869130886594351,10.633677292915262,22.354169135942875
2059,20209,Developed,144515431.86680782,14451.543186680783,56.32656829996687,developed,NA,NA,NA,NA,NA,NA,NA,NA,NA,NA,1.047232773606938,0.002869130886594351,10.633677292915262,22.354169135942875
2059,20209,Double Crop,152719.71803613545,15.271971803613546,0.05952428413764306,all_cult,NA,NA,NA,NA,NA,NA,NA,NA,NA,NA,1.047232773606938,0.002869130886594351,10.633677292915262,22.354169135942875
2059,20209,Grass/Pasture/Shrubland,41083799.11850462,4108.379911850462,16.01288794682744,grassPastureHay,NA,NA,NA,NA,NA,NA,NA,NA,NA,NA,1.047232773606938,0.002869130886594351,10.633677292915262,22.354169135942875
2059,20209,Other Crops,1959154.8527385148,195.91548527385146,0.7636033619211925,all_cult,NA,NA,NA,NA,NA,NA,NA,NA,NA,NA,1.047232773606938,0.002869130886594351,10.633677292915262,22.354169135942875
2059,20209,Sorghum,54127.80426680527,5.412780426680527,0.02109694047602745,all_cult,Sorghum,NA,NA,112,606.231407788219,2760.283217163089,794.5339945575769,70.69027253282366,244.63588207187783,5,1.047232773606938,0.002869130886594351,10.633677292915262,22.354169135942875
2059,20209,Soybeans,8244134.676247953,824.4134676247953,3.213247256139296,all_cult,Soybeans,0.14562756367793683,4.75,56,46167.15418698854,2760.283217163089,794.5339945575769,70.69027253282366,244.63588207187783,5,1.047232773606938,0.002869130886594351,10.633677292915262,22.354169135942875
2059,20209,Wheat,234900.57353758038,23.49005735375804,0.09155522720411169,all_cult,Wheat,NA,NA,89,2090.6151044844655,2448.16391296387,533.1049946965866,102.34871603756346,142.11129395156007,5,1.047232773606938,0.002869130886594351,10.633677292915262,22.354169135942875
2060,20005,Corn,172734778.84431297,17273.477884431297,23.078910848652363,all_cult,Corn,0.10724545034749912,6.181818181818182,250,4318369.471107824,2617.1846697998076,614.3138145586116,203.74936302022047,182.60018947688735,5,0.8387054371544769,0.002291544910258133,9.600492492008753,22.42703066966575
2060,20005,Developed,36578638.84791646,3657.863884791646,4.88723319405755,developed,NA,NA,NA,NA,NA,NA,NA,NA,NA,NA,0.8387054371544769,0.002291544910258133,9.600492492008753,22.42703066966575
2060,20005,Double Crop,1451158.554832854,145.11585548328543,0.1938877575107932,all_cult,NA,NA,NA,NA,NA,NA,NA,NA,NA,NA,0.8387054371544769,0.002291544910258133,9.600492492008753,22.42703066966575
2060,20005,Grass/Pasture/Shrubland,215288406.86893737,21528.840686893738,28.764456018176027,grassPastureHay,NA,NA,NA,NA,NA,NA,NA,NA,NA,NA,0.8387054371544769,0.002291544910258133,9.600492492008753,22.42703066966575
2060,20005,Other Crops,29204979.705745928,2920.4979705745927,3.902046405912905,all_cult,NA,NA,NA,NA,NA,NA,NA,NA,NA,NA,0.8387054371544769,0.002291544910258133,9.600492492008753,22.42703066966575
2060,20005,Sorghum,732239.3724075308,73.22393724075309,0.09783372699309156,all_cult,Sorghum,NA,NA,112,8201.080970964345,2617.1846697998076,614.3138145586116,203.74936302022047,182.60018947688735,5,0.8387054371544769,0.002291544910258133,9.600492492008753,22.42703066966575
2060,20005,Soybeans,181600576.65296197,18160.057665296197,24.263460703620524,all_cult,Soybeans,0.07483265359624193,5,56,1016963.2292565871,2617.1846697998076,614.3138145586116,203.74936302022047,182.60018947688735,5,0.8387054371544769,0.002291544910258133,9.600492492008753,22.42703066966575
2060,20005,Wheat,5908069.702597459,590.8069702597459,0.7893709354082403,all_cult,Wheat,NA,NA,89,52581.82035311738,2418.287931518558,475.0433270241286,179.06984171708,100.30749221341011,5,0.8387054371544769,0.002291544910258133,9.600492492008753,22.42703066966575
2060,20013,Corn,113276297.82191704,11327.629782191703,25.36090350021212,all_cult,Corn,0.12646432205391206,17.5625,250,2831907.445547926,2577.305130615237,601.4366066841999,207.81532584494684,169.0384868330356,5,0.8202203178530036,0.00224103911981695,9.091344614497974,22.33700032885611
2060,20013,Developed,24170977.38782201,2417.0977387822013,5.411527714315524,developed,NA,NA,NA,NA,NA,NA,NA,NA,NA,NA,0.8202203178530036,0.00224103911981695,9.091344614497974,22.33700032885611
2060,20013,Double Crop,542048.8992527233,54.20488992527234,0.12135680712267008,all_cult,NA,NA,NA,NA,NA,NA,NA,NA,NA,NA,0.8202203178530036,0.00224103911981695,9.091344614497974,22.33700032885611
2060,20013,Grass/Pasture/Shrubland,122499833.68113159,12249.983368113159,27.425918047421547,grassPastureHay,NA,NA,NA,NA,NA,NA,NA,NA,NA,NA,0.8202203178530036,0.00224103911981695,9.091344614497974,22.33700032885611
2060,20013,Other Crops,13090232.71280689,1309.023271280689,2.9307113227404837,all_cult,NA,NA,NA,NA,NA,NA,NA,NA,NA,NA,0.8202203178530036,0.00224103911981695,9.091344614497974,22.33700032885611
2060,20013,Sorghum,333636.9508835004,33.363695088350035,0.07469642527304013,all_cult,Sorghum,NA,NA,112,3736.733849895204,2577.305130615237,601.4366066841999,207.81532584494684,169.0384868330356,5,0.8202203178530036,0.00224103911981695,9.091344614497974,22.33700032885611
2060,20013,Soybeans,123405327.24801578,12340.532724801578,27.62864479089188,all_cult,Soybeans,0.10147480973744562,10.461538461538462,56,691069.8325888884,2577.305130615237,601.4366066841999,207.81532584494684,169.0384868330356,5,0.8202203178530036,0.00224103911981695,9.091344614497974,22.33700032885611
2060,20013,Wheat,3906288.4515680084,390.6288451568008,0.8745607542714157,all_cult,Wheat,NA,NA,89,34765.96721895527,2373.6969024658233,464.93385215388696,177.28813229653665,95.58965343136722,5,0.8202203178530036,0.00224103911981695,9.091344614497974,22.33700032885611
2060,20045,Corn,74392843.99321488,7439.284399321487,7.631923083362056,all_cult,Corn,0.1459526935617447,11,250,1859821.0998303718,2676.475569458011,609.1417553340927,191.7375447027855,237.2797081201697,5,0.8649105011212119,0.0023631434456863713,10.309378351930736,22.819249437676124
2060,20045,Developed,130402436.2681122,13040.24362681122,13.37791795635647,developed,NA,NA,NA,NA,NA,NA,NA,NA,NA,NA,0.8649105011212119,0.0023631434456863713,10.309378351930736,22.819249437676124
2060,20045,Double Crop,4220114.888463862,422.01148884638627,0.4329393864098648,all_cult,NA,NA,NA,NA,NA,NA,NA,NA,NA,NA,0.8649105011212119,0.0023631434456863713,10.309378351930736,22.819249437676124
2060,20045,Grass/Pasture/Shrubland,354830010.0217444,35483.00100217444,36.40182575089523,grassPastureHay,NA,NA,NA,NA,NA,NA,NA,NA,NA,NA,0.8649105011212119,0.0023631434456863713,10.309378351930736,22.819249437676124
2060,20045,Other Crops,37964614.628596716,3796.4614628596714,3.8947700233285687,all_cult,NA,NA,NA,NA,NA,NA,NA,NA,NA,NA,0.8649105011212119,0.0023631434456863713,10.309378351930736,22.819249437676124
2060,20045,Sorghum,671055.755263424,67.1055755263424,0.06884326010288025,all_cult,Sorghum,NA,NA,112,7515.824458950349,2676.475569458011,609.1417553340927,191.7375447027855,237.2797081201697,5,0.8649105011212119,0.0023631434456863713,10.309378351930736,22.819249437676124
2060,20045,Soybeans,100028766.3995359,10002.876639953589,10.261898998705805,all_cult,Soybeans,0.11420951862362651,8.5,56,560161.091837401,2676.475569458011,609.1417553340927,191.7375447027855,237.2797081201697,5,0.8649105011212119,0.0023631434456863713,10.309378351930736,22.819249437676124
2060,20045,Wheat,7085783.937909698,708.5783937909698,0.7269268802840957,all_cult,Wheat,NA,NA,89,63063.477047396314,2497.4181549072296,518.4391153833852,182.68645727758383,133.12012692528862,5,0.8649105011212119,0.0023631434456863713,10.309378351930736,22.819249437676124
2060,20061,Corn,31722102.062803604,3172.21020628036,4.044269831598419,all_cult,Corn,0.16936452361704205,12.944444444444445,250,793052.55157009,2626.4877667236356,560.5114173967326,198.29271421328764,199.48918046615316,5,0.7673080095257773,0.002096469971381905,9.502127567145365,22.972514785182955
2060,20061,Developed,61171563.9285717,6117.15639285717,7.798799400437711,developed,NA,NA,NA,NA,NA,NA,NA,NA,NA,NA,0.7673080095257773,0.002096469971381905,9.502127567145365,22.972514785182955
2060,20061,Double Crop,5604030.762346523,560.4030762346523,0.7144612454318694,all_cult,NA,NA,NA,NA,NA,NA,NA,NA,NA,NA,0.7673080095257773,0.002096469971381905,9.502127567145365,22.972514785182955
2060,20061,Grass/Pasture/Shrubland,476190220.2809351,47619.02202809351,60.70977699307564,grassPastureHay,NA,NA,NA,NA,NA,NA,NA,NA,NA,NA,0.7673080095257773,0.002096469971381905,9.502127567145365,22.972514785182955
2060,20061,Other Crops,18227803.79878525,1822.7803798785249,2.323873646638379,all_cult,NA,NA,NA,NA,NA,NA,NA,NA,NA,NA,0.7673080095257773,0.002096469971381905,9.502127567145365,22.972514785182955
2060,20061,Sorghum,5491901.736070833,549.1901736070832,0.7001658485721192,all_cult,Sorghum,NA,NA,112,61509.299443993325,2626.4877667236356,560.5114173967326,198.29271421328764,199.48918046615316,5,0.7673080095257773,0.002096469971381905,9.502127567145365,22.972514785182955
2060,20061,Soybeans,39491221.54782481,3949.1221547824807,5.03475953777074,all_cult,Soybeans,0.12217913528938978,7.666666666666667,56,221150.8406678189,2626.4877667236356,560.5114173967326,198.29271421328764,199.48918046615316,5,0.7673080095257773,0.002096469971381905,9.502127567145365,22.972514785182955
2060,20061,Wheat,15495075.277191846,1549.5075277191845,1.9754764472362665,all_cult,Wheat,NA,NA,89,137906.16996700742,2446.3285931396513,460.3778825634018,177.48484991244092,93.6431209293541,5,0.7673080095257773,0.002096469971381905,9.502127567145365,22.972514785182955
2060,20085,Corn,134933024.35661882,13493.30243566188,7.9306511901880965,all_cult,Corn,NA,NA,250,3373325.60891547,2600.024995727542,605.1720934171346,201.0693831951217,182.8926458340341,5,0.822701178770156,0.0022478174283337596,9.35663847376091,22.60170243060005
2060,20085,Developed,75618361.35140783,7561.836135140783,4.444448275810096,developed,NA,NA,NA,NA,NA,NA,NA,NA,NA,NA,0.822701178770156,0.0022478174283337596,9.35663847376091,22.60170243060005
2060,20085,Double Crop,1864792.83802623,186.479283802623,0.10960268333762817,all_cult,NA,NA,NA,NA,NA,NA,NA,NA,NA,NA,0.822701178770156,0.0022478174283337596,9.35663847376091,22.60170243060005
2060,20085,Grass/Pasture/Shrubland,941187748.5802637,94118.77485802637,55.31804963283908,grassPastureHay,NA,NA,NA,NA,NA,NA,NA,NA,NA,NA,0.822701178770156,0.0022478174283337596,9.35663847376091,22.60170243060005
2060,20085,Other Crops,98052397.627671,9805.2397627671,5.7630025537076115,all_cult,NA,NA,NA,NA,NA,NA,NA,NA,NA,NA,0.822701178770156,0.0022478174283337596,9.35663847376091,22.60170243060005
2060,20085,Sorghum,4069081.398774073,406.9081398774073,0.23915913388905596,all_cult,Sorghum,NA,NA,112,45573.71166626961,2600.024995727542,605.1720934171346,201.0693831951217,182.8926458340341,5,0.822701178770156,0.0022478174283337596,9.35663847376091,22.60170243060005
2060,20085,Soybeans,170772946.2930534,17077.29462930534,10.037132690300496,all_cult,Soybeans,NA,NA,56,956328.499241099,2600.024995727542,605.1720934171346,201.0693831951217,182.8926458340341,5,0.822701178770156,0.0022478174283337596,9.35663847376091,22.60170243060005
2060,20085,Wheat,13725583.902961861,1372.5583902961862,0.8067173980208171,all_cult,Wheat,NA,NA,89,122157.69673636057,2415.6616149902375,471.95677300348723,178.93833659778522,93.86048498553906,5,0.822701178770156,0.0022478174283337596,9.35663847376091,22.60170243060005
2060,20087,Corn,155094058.297135,15509.4058297135,10.788896738521789,all_cult,Corn,0.13078338055311117,25.77777777777778,250,3877351.457428375,2635.625821533206,626.0550176918422,196.944253057494,216.67833617836615,5,0.8656587424660678,0.00236518782094554,9.901680626374148,22.563799031575545
2060,20087,Developed,83037617.78054704,8303.761778054704,5.7763933285619125,developed,NA,NA,NA,NA,NA,NA,NA,NA,NA,NA,0.8656587424660678,0.00236518782094554,9.901680626374148,22.563799031575545
2060,20087,Double Crop,3214015.8179615135,321.4015817961514,0.2235784217441099,all_cult,NA,NA,NA,NA,NA,NA,NA,NA,NA,NA,0.8656587424660678,0.00236518782094554,9.901680626374148,22.563799031575545
2060,20087,Grass/Pasture/Shrubland,533878677.1787268,53387.86771787268,37.138507962340775,grassPastureHay,NA,NA,NA,NA,NA,NA,NA,NA,NA,NA,0.8656587424660678,0.00236518782094554,9.901680626374148,22.563799031575545
2060,20087,Other Crops,67978226.39294052,6797.822639294052,4.728808266891807,all_cult,NA,NA,NA,NA,NA,NA,NA,NA,NA,NA,0.8656587424660678,0.00236518782094554,9.901680626374148,22.563799031575545
2060,20087,Sorghum,2078940.1655916602,207.89401655916603,0.1446185045281528,all_cult,Sorghum,NA,NA,112,23284.129854626597,2635.625821533206,626.0550176918422,196.944253057494,216.67833617836615,5,0.8656587424660678,0.00236518782094554,9.901680626374148,22.563799031575545
2060,20087,Soybeans,173639107.61438552,17363.91076143855,12.078956617613274,all_cult,Soybeans,0.09985991575255485,13.833333333333334,56,972379.0026405589,2635.625821533206,626.0550176918422,196.944253057494,216.67833617836615,5,0.8656587424660678,0.00236518782094554,9.901680626374148,22.563799031575545
2060,20087,Wheat,7377427.0278590415,737.7427027859042,0.5132001784817648,all_cult,Wheat,NA,NA,89,65659.10054794548,2453.1141040039092,501.41066644712794,180.87745470957387,111.0946147651784,5,0.8656587424660678,0.00236518782094554,9.901680626374148,22.563799031575545
2060,20091,Corn,20137063.169311535,2013.7063169311532,3.334881975218613,all_cult,Corn,0.14955141172933145,4,250,503426.5792327883,2685.1069354248075,635.764940089666,197.5364169754626,255.74472263034983,5,0.9224502913288486,0.002520355987237291,10.505934017994388,22.65844374693159
2060,20091,Developed,271607528.4848879,27160.752848488788,44.98069273866694,developed,NA,NA,NA,NA,NA,NA,NA,NA,NA,NA,0.9224502913288486,0.002520355987237291,10.505934017994388,22.65844374693159
2060,20091,Double Crop,2013905.6882216034,201.39056882216036,0.3335212152324038,all_cult,NA,NA,NA,NA,NA,NA,NA,NA,NA,NA,0.9224502913288486,0.002520355987237291,10.505934017994388,22.65844374693159
2060,20091,Grass/Pasture/Shrubland,139667491.4795437,13966.749147954368,23.130214964462166,grassPastureHay,NA,NA,NA,NA,NA,NA,NA,NA,NA,NA,0.9224502913288486,0.002520355987237291,10.505934017994388,22.65844374693159
2060,20091,Other Crops,14581458.923742233,1458.1458923742232,2.4148230617504245,all_cult,NA,NA,NA,NA,NA,NA,NA,NA,NA,NA,0.9224502913288486,0.002520355987237291,10.505934017994388,22.65844374693159
2060,20091,Sorghum,265245.84730308503,26.524584730308504,0.043927140106542625,all_cult,Sorghum,NA,NA,112,2970.7534897945525,2685.1069354248075,635.764940089666,197.5364169754626,255.74472263034983,5,0.9224502913288486,0.002520355987237291,10.505934017994388,22.65844374693159
2060,20091,Soybeans,40506888.73460731,4050.688873460731,6.708311533684595,all_cult,Soybeans,NA,NA,56,226838.57691380093,2685.1069354248075,635.764940089666,197.5364169754626,255.74472263034983,5,0.9224502913288486,0.002520355987237291,10.505934017994388,22.65844374693159
2060,20091,Wheat,3047090.5931461067,304.70905931461067,0.5046260922212007,all_cult,Wheat,NA,NA,89,27119.10627900035,2500.7445989990265,557.4484427559194,186.81214352708744,141.15472000201382,5,0.9224502913288486,0.002520355987237291,10.505934017994388,22.65844374693159
2060,20103,Corn,55676654.53817842,5567.665453817842,6.162232243462533,all_cult,Corn,0.09926099891867379,4.75,250,1391916.3634544604,2665.542775878909,623.4224143235368,196.31297269145347,219.98117961883833,5,0.8827845067807311,0.002411979526723309,10.202831539299993,22.63039305640051
2060,20103,Developed,66222526.18511143,6622.252618511144,7.329437975150055,developed,NA,NA,NA,NA,NA,NA,NA,NA,NA,NA,0.8827845067807311,0.002411979526723309,10.202831539299993,22.63039305640051
2060,20103,Double Crop,2239300.7972116056,223.93007972116058,0.2478434038440015,all_cult,NA,NA,NA,NA,NA,NA,NA,NA,NA,NA,0.8827845067807311,0.002411979526723309,10.202831539299993,22.63039305640051
2060,20103,Grass/Pasture/Shrubland,361083573.13099504,36108.3573130995,39.96434152498699,grassPastureHay,NA,NA,NA,NA,NA,NA,NA,NA,NA,NA,0.8827845067807311,0.002411979526723309,10.202831539299993,22.63039305640051
2060,20103,Other Crops,54377617.6404599,5437.76176404599,6.018456236750789,all_cult,NA,NA,NA,NA,NA,NA,NA,NA,NA,NA,0.8827845067807311,0.002411979526723309,10.202831539299993,22.63039305640051
2060,20103,Sorghum,567901.3203360821,56.79013203360822,0.06285470735100035,all_cult,Sorghum,NA,NA,112,6360.494787764121,2665.542775878909,623.4224143235368,196.31297269145347,219.98117961883833,5,0.8827845067807311,0.002411979526723309,10.202831539299993,22.63039305640051
2060,20103,Soybeans,101039226.18326606,10103.922618326606,11.18291288522158,all_cult,Soybeans,0.11410095968932568,4.571428571428571,56,565819.66662629,2665.542775878909,623.4224143235368,196.31297269145347,219.98117961883833,5,0.8827845067807311,0.002411979526723309,10.202831539299993,22.63039305640051
2060,20103,Wheat,4817340.8524583215,481.7340852458321,0.5331781044497215,all_cult,Wheat,NA,NA,89,42874.33358687905,2476.497367553714,512.1881985683145,182.9423623084484,113.34699580767442,5,0.8827845067807311,0.002411979526723309,10.202831539299993,22.63039305640051
2060,20117,Corn,1797933.5665907045,179.79335665907044,8.787790125047634,all_cult,Corn,0.16261062771687598,15.722222222222221,250,44948.33916476761,2550.4756018066437,582.0543716393703,208.46699606893137,184.64768281387433,5,0.7787709249554119,0.0021277894124464803,8.860646107157747,22.216345081433595
2060,20117,Developed,709093.4285035765,70.90934285035766,3.465847873654197,developed,NA,NA,NA,NA,NA,NA,NA,NA,NA,NA,0.7787709249554119,0.0021277894124464803,8.860646107157747,22.216345081433595
2060,20117,Double Crop,17005.082052877187,1.700508205287719,0.08311602548433755,all_cult,NA,NA,NA,NA,NA,NA,NA,NA,NA,NA,0.7787709249554119,0.0021277894124464803,8.860646107157747,22.216345081433595
2060,20117,Grass/Pasture/Shrubland,13608757.209524421,1360.8757209524422,66.51575143947134,grassPastureHay,NA,NA,NA,NA,NA,NA,NA,NA,NA,NA,0.7787709249554119,0.0021277894124464803,8.860646107157747,22.216345081433595
2060,20117,Other Crops,368569.7378671669,36.856973786716694,1.801464505144208,all_cult,NA,NA,NA,NA,NA,NA,NA,NA,NA,NA,0.7787709249554119,0.0021277894124464803,8.860646107157747,22.216345081433595
2060,20117,Sorghum,113210.96189225193,11.321096189225193,0.5533431220433721,all_cult,Sorghum,NA,NA,112,1267.9627731932217,2550.4756018066437,582.0543716393703,208.46699606893137,184.64768281387433,5,0.7787709249554119,0.0021277894124464803,8.860646107157747,22.216345081433595
2060,20117,Soybeans,2250086.8872694396,225.00868872694397,10.99778751332857,all_cult,Soybeans,0.12228514283699721,8.25,56,12600.486568708862,2550.4756018066437,582.0543716393703,208.46699606893137,184.64768281387433,5,0.7787709249554119,0.0021277894124464803,8.860646107157747,22.216345081433595
2060,20117,Wheat,234744.84118524572,23.474484118524572,1.1473663074132867,all_cult,Wheat,NA,NA,89,2089.229086548687,2352.2963110351593,440.8049448031123,177.02237618548386,94.13746669238532,5,0.7787709249554119,0.0021277894124464803,8.860646107157747,22.216345081433595
2060,20127,Corn,10941387.892613748,1094.1387892613748,4.064821675495574,all_cult,Corn,NA,NA,250,273534.6973153437,2634.547784423831,542.5443084804299,199.03735701832707,193.85159034578825,5,0.7576730125422091,0.0020701448430115003,9.572738672475369,23.023527485164813
2060,20127,Developed,12128694.282144045,1212.8694282144045,4.50591642462472,developed,NA,NA,NA,NA,NA,NA,NA,NA,NA,NA,0.7576730125422091,0.0020701448430115003,9.572738672475369,23.023527485164813
2060,20127,Double Crop,4499199.088895911,449.9199088895911,1.671491967784096,all_cult,NA,NA,NA,NA,NA,NA,NA,NA,NA,NA,0.7576730125422091,0.0020701448430115003,9.572738672475369,23.023527485164813
2060,20127,Grass/Pasture/Shrubland,158101691.18434784,15810.169118434784,58.73616652348874,grassPastureHay,NA,NA,NA,NA,NA,NA,NA,NA,NA,NA,0.7576730125422091,0.0020701448430115003,9.572738672475369,23.023527485164813
2060,20127,Other Crops,10981377.128665583,1098.1377128665583,4.079678027823576,all_cult,NA,NA,NA,NA,NA,NA,NA,NA,NA,NA,0.7576730125422091,0.0020701448430115003,9.572738672475369,23.023527485164813
2060,20127,Sorghum,7272388.587591114,727.2388587591115,2.701756217181813,all_cult,Sorghum,NA,NA,112,81450.75218102049,2634.547784423831,542.5443084804299,199.03735701832707,193.85159034578825,5,0.7576730125422091,0.0020701448430115003,9.572738672475369,23.023527485164813
2060,20127,Soybeans,28686301.015498407,2868.6301015498407,10.657212713965244,all_cult,Soybeans,0.11686486262093489,4,56,160643.2856867911,2634.547784423831,542.5443084804299,199.03735701832707,193.85159034578825,5,0.7576730125422091,0.0020701448430115003,9.572738672475369,23.023527485164813
2060,20127,Wheat,20934850.636842933,2093.485063684293,7.777480834890052,all_cult,Wheat,NA,NA,89,186320.17066790207,2454.596467285159,462.34441515485656,181.2377694504622,87.61338011457545,5,0.7576730125422091,0.0020701448430115003,9.572738672475369,23.023527485164813
2060,20131,Corn,124792211.963085,12479.2211963085,16.444051346315263,all_cult,Corn,0.12528513936677563,9.454545454545455,250,3119805.299077125,2546.9771197509795,589.5149611229942,208.30265564980513,165.82671797063324,5,0.7975207257390537,0.0021790183763362126,8.862267099182485,22.141378717474623
2060,20131,Developed,34827921.40223819,3482.792140223819,4.589325878711502,developed,NA,NA,NA,NA,NA,NA,NA,NA,NA,NA,0.7975207257390537,0.0021790183763362126,8.862267099182485,22.141378717474623
2060,20131,Double Crop,1288597.7379512293,128.85977379512295,0.1698003988733199,all_cult,NA,NA,NA,NA,NA,NA,NA,NA,NA,NA,0.7975207257390537,0.0021790183763362126,8.862267099182485,22.141378717474623
2060,20131,Grass/Pasture/Shrubland,328086582.4549448,32808.65824549448,43.232446344665604,grassPastureHay,NA,NA,NA,NA,NA,NA,NA,NA,NA,NA,0.7975207257390537,0.0021790183763362126,8.862267099182485,22.141378717474623
2060,20131,Other Crops,27101730.321978156,2710.1730321978157,3.5712344382550913,all_cult,NA,NA,NA,NA,NA,NA,NA,NA,NA,NA,0.7975207257390537,0.0021790183763362126,8.862267099182485,22.141378717474623
2060,20131,Sorghum,2055671.3741418559,205.5671374141856,0.2708788080264065,all_cult,Sorghum,NA,NA,112,23023.519390388785,2546.9771197509795,589.5149611229942,208.30265564980513,165.82671797063324,5,0.7975207257390537,0.0021790183763362126,8.862267099182485,22.141378717474623
2060,20131,Soybeans,136674912.54505298,13667.491254505298,18.00985209164201,all_cult,Soybeans,0.1067341402930363,5.142857142857143,56,765379.5102522967,2546.9771197509795,589.5149611229942,208.30265564980513,165.82671797063324,5,0.7975207257390537,0.0021790183763362126,8.862267099182485,22.141378717474623
2060,20131,Wheat,9588450.555545796,958.8450555545795,1.2634840811511674,all_cult,Wheat,NA,NA,89,85337.20994435757,2343.1264801025422,450.31570671608375,178.55133641650508,89.69634972746051,5,0.7975207257390537,0.0021790183763362126,8.862267099182485,22.141378717474623
2060,20139,Corn,20890964.22588984,2089.096422588984,9.4988079569725965,all_cult,Corn,NA,NA,250,522274.10564724595,2648.5953314209014,596.5428298061939,190.72661729140285,236.2192721870112,5,0.8461328593781314,0.0023118384136014522,9.954394614631385,22.821789734220268
2060,20139,Developed,11858545.489950646,1185.8545489950645,5.391902692479325,developed,NA,NA,NA,NA,NA,NA,NA,NA,NA,NA,0.8461328593781314,0.0023118384136014522,9.954394614631385,22.821789734220268
2060,20139,Double Crop,1849135.1156913848,184.91351156913848,0.8407739901578724,all_cult,NA,NA,NA,NA,NA,NA,NA,NA,NA,NA,0.8461328593781314,0.0023118384136014522,9.954394614631385,22.821789734220268
2060,20139,Grass/Pasture/Shrubland,108139234.26990536,10813.923426990536,49.1692871538651,grassPastureHay,NA,NA,NA,NA,NA,NA,NA,NA,NA,NA,0.8461328593781314,0.0023118384136014522,9.954394614631385,22.821789734220268
2060,20139,Other Crops,6302951.103083336,630.2951103083336,2.86585728849129,all_cult,NA,NA,NA,NA,NA,NA,NA,NA,NA,NA,0.8461328593781314,0.0023118384136014522,9.954394614631385,22.821789734220268
2060,20139,Sorghum,252758.48461129973,25.27584846112997,0.11492549021948671,all_cult,Sorghum,NA,NA,112,2830.8950276465566,2648.5953314209014,596.5428298061939,190.72661729140285,236.2192721870112,5,0.8461328593781314,0.0023118384136014522,9.954394614631385,22.821789734220268
2060,20139,Soybeans,28064514.38751116,2806.4514387511163,12.76051357372463,all_cult,Soybeans,NA,NA,56,157161.28057006252,2648.5953314209014,596.5428298061939,190.72661729140285,236.2192721870112,5,0.8461328593781314,0.0023118384136014522,9.954394614631385,22.821789734220268
2060,20139,Wheat,1738320.944623076,173.8320944623076,0.7903884493801757,all_cult,Wheat,NA,NA,89,15471.056407145375,2478.673618774417,516.5721701960452,181.7120815546279,141.5231864274629,5,0.8461328593781314,0.0023118384136014522,9.954394614631385,22.821789734220268
2060,20149,Corn,136791901.8519852,13679.190185198519,7.982141503627487,all_cult,Corn,0.1326174661314905,62.44444444444444,250,3419797.54629963,2602.115697631839,578.2194364677848,201.24580636830217,197.76102954394415,5,0.7789607052335626,0.002128307937796619,9.274685385448707,22.723053011868192
2060,20149,Developed,87781477.02653997,8778.147702653996,5.122263537072818,developed,NA,NA,NA,NA,NA,NA,NA,NA,NA,NA,0.7789607052335626,0.002128307937796619,9.274685385448707,22.723053011868192
2060,20149,Double Crop,1803166.4492782145,180.31664492782144,0.1052191654466961,all_cult,NA,NA,NA,NA,NA,NA,NA,NA,NA,NA,0.7789607052335626,0.002128307937796619,9.274685385448707,22.723053011868192
2060,20149,Grass/Pasture/Shrubland,1058221194.9777538,105822.11949777538,61.749790785057485,grassPastureHay,NA,NA,NA,NA,NA,NA,NA,NA,NA,NA,0.7789607052335626,0.002128307937796619,9.274685385448707,22.723053011868192
2060,20149,Other Crops,34485813.7618199,3448.58137618199,2.012331443512244,all_cult,NA,NA,NA,NA,NA,NA,NA,NA,NA,NA,0.7789607052335626,0.002128307937796619,9.274685385448707,22.723053011868192
2060,20149,Sorghum,5647082.09049503,564.708209049503,0.3295210295248753,all_cult,Sorghum,NA,NA,112,63247.319413544334,2602.115697631839,578.2194364677848,201.24580636830217,197.76102954394415,5,0.7789607052335626,0.002128307937796619,9.274685385448707,22.723053011868192
2060,20149,Soybeans,153915907.33370754,15391.590733370755,8.98136903839706,all_cult,Soybeans,0.11392545848870632,51.611111111111114,56,861929.0810687622,2602.115697631839,578.2194364677848,201.24580636830217,197.76102954394415,5,0.7789607052335626,0.002128307937796619,9.274685385448707,22.723053011868192
2060,20149,Wheat,13424373.002870617,1342.4373002870618,0.7833449455387832,all_cult,Wheat,NA,NA,89,119476.9197255485,2417.465939941409,455.1293432753385,176.32008585662604,104.00920861037017,5,0.7789607052335626,0.002128307937796619,9.274685385448707,22.723053011868192
2060,20161,Corn,29887562.457934357,2988.756245793436,3.7374801575206362,all_cult,Corn,0.14127372152863188,12.444444444444445,250,747189.0614483589,2619.4971557617214,563.9338168538357,199.51223236960087,202.8540682018312,5,0.7573703896900895,0.0020693180046177312,9.361589500552341,22.979504844790622
2060,20161,Developed,93189704.06140432,9318.970406140432,11.653498685445852,developed,NA,NA,NA,NA,NA,NA,NA,NA,NA,NA,0.7573703896900895,0.0020693180046177312,9.361589500552341,22.979504844790622
2060,20161,Double Crop,2321662.5391971655,232.16625391971652,0.2903270443991936,all_cult,NA,NA,NA,NA,NA,NA,NA,NA,NA,NA,0.7573703896900895,0.0020693180046177312,9.361589500552341,22.979504844790622
2060,20161,Grass/Pasture/Shrubland,421935273.9416269,42193.527394162695,52.76357736882686,grassPastureHay,NA,NA,NA,NA,NA,NA,NA,NA,NA,NA,0.7573703896900895,0.0020693180046177312,9.361589500552341,22.979504844790622
2060,20161,Other Crops,10313350.483787943,1031.3350483787942,1.2896984437913022,all_cult,NA,NA,NA,NA,NA,NA,NA,NA,NA,NA,0.7573703896900895,0.0020693180046177312,9.361589500552341,22.979504844790622
2060,20161,Sorghum,8046145.345421317,804.6145345421318,1.0061813711092988,all_cult,Sorghum,NA,NA,112,90116.82786871876,2619.4971557617214,563.9338168538357,199.51223236960087,202.8540682018312,5,0.7573703896900895,0.0020693180046177312,9.361589500552341,22.979504844790622
2060,20161,Soybeans,56043067.26954317,5604.306726954317,7.008261452613234,all_cult,Soybeans,0.12420661341954765,10.38888888888889,56,313841.17670944176,2619.4971557617214,563.9338168538357,199.51223236960087,202.8540682018312,5,0.7573703896900895,0.0020693180046177312,9.361589500552341,22.979504844790622
2060,20161,Wheat,14763447.35949416,1476.3447359494162,1.8461890841841313,all_cult,Wheat,NA,NA,89,131394.68149949805,2437.126128540042,448.3492099543621,176.46732759550576,105.80505545605942,5,0.7573703896900895,0.0020693180046177312,9.361589500552341,22.979504844790622
2060,20177,Corn,132475537.80653152,13247.553780653152,9.091050553311547,all_cult,Corn,0.12030458771317423,83,250,3311888.445163288,2642.0355419921902,593.9117505064809,191.3636352486396,217.861474209359,5,0.8281458610385265,0.0022626936093948814,9.880310967450608,22.76761584672774
2060,20177,Developed,255013934.0237044,25501.393402370442,17.50017100813045,developed,NA,NA,NA,NA,NA,NA,NA,NA,NA,NA,0.8281458610385265,0.0022626936093948814,9.880310967450608,22.76761584672774
2060,20177,Double Crop,2797246.7569815805,279.7246756981581,0.19195930130847558,all_cult,NA,NA,NA,NA,NA,NA,NA,NA,NA,NA,0.8281458610385265,0.0022626936093948814,9.880310967450608,22.76761584672774
2060,20177,Grass/Pasture/Shrubland,626083355.6398722,62608.33556398722,42.96457693964075,grassPastureHay,NA,NA,NA,NA,NA,NA,NA,NA,NA,NA,0.8281458610385265,0.0022626936093948814,9.880310967450608,22.76761584672774
2060,20177,Other Crops,33361526.081880283,3336.1526081880284,2.289413767762353,all_cult,NA,NA,NA,NA,NA,NA,NA,NA,NA,NA,0.8281458610385265,0.0022626936093948814,9.880310967450608,22.76761584672774
2060,20177,Sorghum,2303954.5452317544,230.39545452317543,0.15810743319134585,all_cult,Sorghum,NA,NA,112,25804.29090659565,2642.0355419921902,593.9117505064809,191.3636352486396,217.861474209359,5,0.8281458610385265,0.0022626936093948814,9.880310967450608,22.76761584672774
2060,20177,Soybeans,145627766.023613,14562.7766023613,9.993613951731533,all_cult,Soybeans,0.09768281806034469,42.833333333333336,56,815515.4897322329,2642.0355419921902,593.9117505064809,191.3636352486396,217.861474209359,5,0.8281458610385265,0.0022626936093948814,9.880310967450608,22.76761584672774
2060,20177,Wheat,9565647.685078032,956.5647685078033,0.656436562704971,all_cult,Wheat,NA,NA,89,85134.26439719449,2470.5390240478546,494.4038480370776,181.66565726413356,117.73305516886067,5,0.8281458610385265,0.0022626936093948814,9.880310967450608,22.76761584672774
2060,20197,Corn,69733578.79693311,6973.357879693312,4.536852294529976,all_cult,Corn,0.14186117514330646,28.666666666666668,250,1743339.469923328,2623.017812500003,580.6472194608433,192.1779071682148,214.85069018387708,5,0.7992375560664866,0.0021837091695805647,9.564841098472742,22.85123684575651
2060,20197,Developed,54289406.85937861,5428.940685937861,3.5320576446519008,developed,NA,NA,NA,NA,NA,NA,NA,NA,NA,NA,0.7992375560664866,0.0021837091695805647,9.564841098472742,22.85123684575651
2060,20197,Double Crop,1125869.9276987636,112.58699276987635,0.07324886594013556,all_cult,NA,NA,NA,NA,NA,NA,NA,NA,NA,NA,0.7992375560664866,0.0021837091695805647,9.564841098472742,22.85123684575651
2060,20197,Grass/Pasture/Shrubland,1169502873.1037595,116950.28731037596,76.08761639426346,grassPastureHay,NA,NA,NA,NA,NA,NA,NA,NA,NA,NA,0.7992375560664866,0.0021837091695805647,9.564841098472742,22.85123684575651
2060,20197,Other Crops,29094649.42529061,2909.464942529061,1.8928919077573607,all_cult,NA,NA,NA,NA,NA,NA,NA,NA,NA,NA,0.7992375560664866,0.0021837091695805647,9.564841098472742,22.85123684575651
2060,20197,Sorghum,3287931.385599168,328.7931385599168,0.21391213972326276,all_cult,Sorghum,NA,NA,112,36824.831518710685,2623.017812500003,580.6472194608433,192.1779071682148,214.85069018387708,5,0.7992375560664866,0.0021837091695805647,9.564841098472742,22.85123684575651
2060,20197,Soybeans,83491332.16381498,8349.133216381497,5.431928899043218,all_cult,Soybeans,0.12942046457519057,22.77777777777778,56,467551.46011736384,2623.017812500003,580.6472194608433,192.1779071682148,214.85069018387708,5,0.7992375560664866,0.0021837091695805647,9.564841098472742,22.85123684575651
2060,20197,Wheat,7530280.724868099,753.02807248681,0.4899185152185996,all_cult,Wheat,NA,NA,89,67019.49845132609,2447.9917303466827,481.04179834499297,179.37131765432227,120.70276179949838,5,0.7992375560664866,0.0021837091695805647,9.564841098472742,22.85123684575651
2060,20209,Corn,2798441.748604609,279.8441748604609,1.0907251789658858,all_cult,Corn,NA,NA,250,69961.04371511523,2693.0292413330108,630.7251653751014,201.8872665810087,247.366677714158,5,0.9053236856390092,0.0024735619826202434,10.57426149128567,22.501501498196316
2060,20209,Developed,144515431.86680782,14451.543186680783,56.32656829996687,developed,NA,NA,NA,NA,NA,NA,NA,NA,NA,NA,0.9053236856390092,0.0024735619826202434,10.57426149128567,22.501501498196316
2060,20209,Double Crop,152719.71803613545,15.271971803613546,0.05952428413764306,all_cult,NA,NA,NA,NA,NA,NA,NA,NA,NA,NA,0.9053236856390092,0.0024735619826202434,10.57426149128567,22.501501498196316
2060,20209,Grass/Pasture/Shrubland,41083799.11850462,4108.379911850462,16.01288794682744,grassPastureHay,NA,NA,NA,NA,NA,NA,NA,NA,NA,NA,0.9053236856390092,0.0024735619826202434,10.57426149128567,22.501501498196316
2060,20209,Other Crops,1959154.8527385148,195.91548527385146,0.7636033619211925,all_cult,NA,NA,NA,NA,NA,NA,NA,NA,NA,NA,0.9053236856390092,0.0024735619826202434,10.57426149128567,22.501501498196316
2060,20209,Sorghum,54127.80426680527,5.412780426680527,0.02109694047602745,all_cult,Sorghum,NA,NA,112,606.231407788219,2693.0292413330108,630.7251653751014,201.8872665810087,247.366677714158,5,0.9053236856390092,0.0024735619826202434,10.57426149128567,22.501501498196316
2060,20209,Soybeans,8244134.676247953,824.4134676247953,3.213247256139296,all_cult,Soybeans,0.14562756367793683,4.75,56,46167.15418698854,2693.0292413330108,630.7251653751014,201.8872665810087,247.366677714158,5,0.9053236856390092,0.0024735619826202434,10.57426149128567,22.501501498196316
2060,20209,Wheat,234900.57353758038,23.49005735375804,0.09155522720411169,all_cult,Wheat,NA,NA,89,2090.6151044844655,2488.7648193359405,531.2923186773628,188.9984439741976,126.47863976336777,5,0.9053236856390092,0.0024735619826202434,10.57426149128567,22.501501498196316
2061,20005,Corn,172734778.84431297,17273.477884431297,23.078910848652363,all_cult,Corn,0.10724545034749912,6.181818181818182,250,4318369.471107824,2579.9425689697296,768.4422550216738,190.60839099626577,162.5498972127558,5,1.0612636933379853,0.002907571762569823,9.229356973726478,21.59954250387952
2061,20005,Developed,36578638.84791646,3657.863884791646,4.88723319405755,developed,NA,NA,NA,NA,NA,NA,NA,NA,NA,NA,1.0612636933379853,0.002907571762569823,9.229356973726478,21.59954250387952
2061,20005,Double Crop,1451158.554832854,145.11585548328543,0.1938877575107932,all_cult,NA,NA,NA,NA,NA,NA,NA,NA,NA,NA,1.0612636933379853,0.002907571762569823,9.229356973726478,21.59954250387952
2061,20005,Grass/Pasture/Shrubland,215288406.86893737,21528.840686893738,28.764456018176027,grassPastureHay,NA,NA,NA,NA,NA,NA,NA,NA,NA,NA,1.0612636933379853,0.002907571762569823,9.229356973726478,21.59954250387952
2061,20005,Other Crops,29204979.705745928,2920.4979705745927,3.902046405912905,all_cult,NA,NA,NA,NA,NA,NA,NA,NA,NA,NA,1.0612636933379853,0.002907571762569823,9.229356973726478,21.59954250387952
2061,20005,Sorghum,732239.3724075308,73.22393724075309,0.09783372699309156,all_cult,Sorghum,NA,NA,112,8201.080970964345,2579.9425689697296,768.4422550216738,190.60839099626577,162.5498972127558,5,1.0612636933379853,0.002907571762569823,9.229356973726478,21.59954250387952
2061,20005,Soybeans,181600576.65296197,18160.057665296197,24.263460703620524,all_cult,Soybeans,0.07483265359624193,5,56,1016963.2292565871,2579.9425689697296,768.4422550216738,190.60839099626577,162.5498972127558,5,1.0612636933379853,0.002907571762569823,9.229356973726478,21.59954250387952
2061,20005,Wheat,5908069.702597459,590.8069702597459,0.7893709354082403,all_cult,Wheat,NA,NA,89,52581.82035311738,2373.5857751464873,576.4469127809244,89.69856615185934,114.74174496652718,5,1.0612636933379853,0.002907571762569823,9.229356973726478,21.59954250387952
2061,20013,Corn,113276297.82191704,11327.629782191703,25.36090350021212,all_cult,Corn,0.12646432205391206,17.5625,250,2831907.445547926,2547.4320379638702,735.9092974107265,193.65505424040893,162.54839059106192,5,1.0169153534616409,0.002786069461538742,8.727224380284163,21.536337472576008
2061,20013,Developed,24170977.38782201,2417.0977387822013,5.411527714315524,developed,NA,NA,NA,NA,NA,NA,NA,NA,NA,NA,1.0169153534616409,0.002786069461538742,8.727224380284163,21.536337472576008
2061,20013,Double Crop,542048.8992527233,54.20488992527234,0.12135680712267008,all_cult,NA,NA,NA,NA,NA,NA,NA,NA,NA,NA,1.0169153534616409,0.002786069461538742,8.727224380284163,21.536337472576008
2061,20013,Grass/Pasture/Shrubland,122499833.68113159,12249.983368113159,27.425918047421547,grassPastureHay,NA,NA,NA,NA,NA,NA,NA,NA,NA,NA,1.0169153534616409,0.002786069461538742,8.727224380284163,21.536337472576008
2061,20013,Other Crops,13090232.71280689,1309.023271280689,2.9307113227404837,all_cult,NA,NA,NA,NA,NA,NA,NA,NA,NA,NA,1.0169153534616409,0.002786069461538742,8.727224380284163,21.536337472576008
2061,20013,Sorghum,333636.9508835004,33.363695088350035,0.07469642527304013,all_cult,Sorghum,NA,NA,112,3736.733849895204,2547.4320379638702,735.9092974107265,193.65505424040893,162.54839059106192,5,1.0169153534616409,0.002786069461538742,8.727224380284163,21.536337472576008
2061,20013,Soybeans,123405327.24801578,12340.532724801578,27.62864479089188,all_cult,Soybeans,0.10147480973744562,10.461538461538462,56,691069.8325888884,2547.4320379638702,735.9092974107265,193.65505424040893,162.54839059106192,5,1.0169153534616409,0.002786069461538742,8.727224380284163,21.536337472576008
2061,20013,Wheat,3906288.4515680084,390.6288451568008,0.8745607542714157,all_cult,Wheat,NA,NA,89,34765.96721895527,2333.2285583496123,557.5295022177496,91.20473472532152,124.93695769334538,5,1.0169153534616409,0.002786069461538742,8.727224380284163,21.536337472576008
2061,20045,Corn,74392843.99321488,7439.284399321487,7.631923083362056,all_cult,Corn,0.1459526935617447,11,250,1859821.0998303718,2627.901082763675,752.4213793558175,173.1339180290248,154.63846883388567,5,1.064197225098374,0.002915608835885956,9.946341435680674,21.953675470221555
2061,20045,Developed,130402436.2681122,13040.24362681122,13.37791795635647,developed,NA,NA,NA,NA,NA,NA,NA,NA,NA,NA,1.064197225098374,0.002915608835885956,9.946341435680674,21.953675470221555
2061,20045,Double Crop,4220114.888463862,422.01148884638627,0.4329393864098648,all_cult,NA,NA,NA,NA,NA,NA,NA,NA,NA,NA,1.064197225098374,0.002915608835885956,9.946341435680674,21.953675470221555
2061,20045,Grass/Pasture/Shrubland,354830010.0217444,35483.00100217444,36.40182575089523,grassPastureHay,NA,NA,NA,NA,NA,NA,NA,NA,NA,NA,1.064197225098374,0.002915608835885956,9.946341435680674,21.953675470221555
2061,20045,Other Crops,37964614.628596716,3796.4614628596714,3.8947700233285687,all_cult,NA,NA,NA,NA,NA,NA,NA,NA,NA,NA,1.064197225098374,0.002915608835885956,9.946341435680674,21.953675470221555
2061,20045,Sorghum,671055.755263424,67.1055755263424,0.06884326010288025,all_cult,Sorghum,NA,NA,112,7515.824458950349,2627.901082763675,752.4213793558175,173.1339180290248,154.63846883388567,5,1.064197225098374,0.002915608835885956,9.946341435680674,21.953675470221555
2061,20045,Soybeans,100028766.3995359,10002.876639953589,10.261898998705805,all_cult,Soybeans,0.11420951862362651,8.5,56,560161.091837401,2627.901082763675,752.4213793558175,173.1339180290248,154.63846883388567,5,1.064197225098374,0.002915608835885956,9.946341435680674,21.953675470221555
2061,20045,Wheat,7085783.937909698,708.5783937909698,0.7269268802840957,all_cult,Wheat,NA,NA,89,63063.477047396314,2446.1764135742214,593.2383098982151,85.68709101365143,129.67825342548716,5,1.064197225098374,0.002915608835885956,9.946341435680674,21.953675470221555
2061,20061,Corn,31722102.062803604,3172.21020628036,4.044269831598419,all_cult,Corn,0.16936452361704205,12.944444444444445,250,793052.55157009,2576.4137145996124,664.0757035825104,178.08327034003128,104.4550269352067,5,0.9213629717861301,0.002524282114482548,9.11651874699007,22.10980028962438
2061,20061,Developed,61171563.9285717,6117.15639285717,7.798799400437711,developed,NA,NA,NA,NA,NA,NA,NA,NA,NA,NA,0.9213629717861301,0.002524282114482548,9.11651874699007,22.10980028962438
2061,20061,Double Crop,5604030.762346523,560.4030762346523,0.7144612454318694,all_cult,NA,NA,NA,NA,NA,NA,NA,NA,NA,NA,0.9213629717861301,0.002524282114482548,9.11651874699007,22.10980028962438
2061,20061,Grass/Pasture/Shrubland,476190220.2809351,47619.02202809351,60.70977699307564,grassPastureHay,NA,NA,NA,NA,NA,NA,NA,NA,NA,NA,0.9213629717861301,0.002524282114482548,9.11651874699007,22.10980028962438
2061,20061,Other Crops,18227803.79878525,1822.7803798785249,2.323873646638379,all_cult,NA,NA,NA,NA,NA,NA,NA,NA,NA,NA,0.9213629717861301,0.002524282114482548,9.11651874699007,22.10980028962438
2061,20061,Sorghum,5491901.736070833,549.1901736070832,0.7001658485721192,all_cult,Sorghum,NA,NA,112,61509.299443993325,2576.4137145996124,664.0757035825104,178.08327034003128,104.4550269352067,5,0.9213629717861301,0.002524282114482548,9.11651874699007,22.10980028962438
2061,20061,Soybeans,39491221.54782481,3949.1221547824807,5.03475953777074,all_cult,Soybeans,0.12217913528938978,7.666666666666667,56,221150.8406678189,2576.4137145996124,664.0757035825104,178.08327034003128,104.4550269352067,5,0.9213629717861301,0.002524282114482548,9.11651874699007,22.10980028962438
2061,20061,Wheat,15495075.277191846,1549.5075277191845,1.9754764472362665,all_cult,Wheat,NA,NA,89,137906.16996700742,2393.920400390628,527.5113935081555,91.9842977096022,101.01630429624971,5,0.9213629717861301,0.002524282114482548,9.11651874699007,22.10980028962438
2061,20085,Corn,134933024.35661882,13493.30243566188,7.9306511901880965,all_cult,Corn,NA,NA,250,3373325.60891547,2564.455999755862,751.2400460821248,186.22750737911457,164.94227288830422,5,1.036164026635595,0.0028388055524262877,8.98025434938198,21.778136655206573
2061,20085,Developed,75618361.35140783,7561.836135140783,4.444448275810096,developed,NA,NA,NA,NA,NA,NA,NA,NA,NA,NA,1.036164026635595,0.0028388055524262877,8.98025434938198,21.778136655206573
2061,20085,Double Crop,1864792.83802623,186.479283802623,0.10960268333762817,all_cult,NA,NA,NA,NA,NA,NA,NA,NA,NA,NA,1.036164026635595,0.0028388055524262877,8.98025434938198,21.778136655206573
2061,20085,Grass/Pasture/Shrubland,941187748.5802637,94118.77485802637,55.31804963283908,grassPastureHay,NA,NA,NA,NA,NA,NA,NA,NA,NA,NA,1.036164026635595,0.0028388055524262877,8.98025434938198,21.778136655206573
2061,20085,Other Crops,98052397.627671,9805.2397627671,5.7630025537076115,all_cult,NA,NA,NA,NA,NA,NA,NA,NA,NA,NA,1.036164026635595,0.0028388055524262877,8.98025434938198,21.778136655206573
2061,20085,Sorghum,4069081.398774073,406.9081398774073,0.23915913388905596,all_cult,Sorghum,NA,NA,112,45573.71166626961,2564.455999755862,751.2400460821248,186.22750737911457,164.94227288830422,5,1.036164026635595,0.0028388055524262877,8.98025434938198,21.778136655206573
2061,20085,Soybeans,170772946.2930534,17077.29462930534,10.037132690300496,all_cult,Soybeans,NA,NA,56,956328.499241099,2564.455999755862,751.2400460821248,186.22750737911457,164.94227288830422,5,1.036164026635595,0.0028388055524262877,8.98025434938198,21.778136655206573
2061,20085,Wheat,13725583.902961861,1372.5583902961862,0.8067173980208171,all_cult,Wheat,NA,NA,89,122157.69673636057,2366.962120361331,574.2566046935459,92.14133813724824,126.8389211379194,5,1.036164026635595,0.0028388055524262877,8.98025434938198,21.778136655206573
2061,20087,Corn,155094058.297135,15509.4058297135,10.788896738521789,all_cult,Corn,0.13078338055311117,25.77777777777778,250,3877351.457428375,2591.7650915527374,770.6877307125164,182.3574391288199,170.9469460373065,5,1.0720596385987775,0.0029371496947911717,9.529327041416975,21.71863736087331
2061,20087,Developed,83037617.78054704,8303.761778054704,5.7763933285619125,developed,NA,NA,NA,NA,NA,NA,NA,NA,NA,NA,1.0720596385987775,0.0029371496947911717,9.529327041416975,21.71863736087331
2061,20087,Double Crop,3214015.8179615135,321.4015817961514,0.2235784217441099,all_cult,NA,NA,NA,NA,NA,NA,NA,NA,NA,NA,1.0720596385987775,0.0029371496947911717,9.529327041416975,21.71863736087331
2061,20087,Grass/Pasture/Shrubland,533878677.1787268,53387.86771787268,37.138507962340775,grassPastureHay,NA,NA,NA,NA,NA,NA,NA,NA,NA,NA,1.0720596385987775,0.0029371496947911717,9.529327041416975,21.71863736087331
2061,20087,Other Crops,67978226.39294052,6797.822639294052,4.728808266891807,all_cult,NA,NA,NA,NA,NA,NA,NA,NA,NA,NA,1.0720596385987775,0.0029371496947911717,9.529327041416975,21.71863736087331
2061,20087,Sorghum,2078940.1655916602,207.89401655916603,0.1446185045281528,all_cult,Sorghum,NA,NA,112,23284.129854626597,2591.7650915527374,770.6877307125164,182.3574391288199,170.9469460373065,5,1.0720596385987775,0.0029371496947911717,9.529327041416975,21.71863736087331
2061,20087,Soybeans,173639107.61438552,17363.91076143855,12.078956617613274,all_cult,Soybeans,0.09985991575255485,13.833333333333334,56,972379.0026405589,2591.7650915527374,770.6877307125164,182.3574391288199,170.9469460373065,5,1.0720596385987775,0.0029371496947911717,9.529327041416975,21.71863736087331
2061,20087,Wheat,7377427.0278590415,737.7427027859042,0.5132001784817648,all_cult,Wheat,NA,NA,89,65659.10054794548,2404.6293237304717,597.1307732286551,88.10279870047378,133.18417342401966,5,1.0720596385987775,0.0029371496947911717,9.529327041416975,21.71863736087331
2061,20091,Corn,20137063.169311535,2013.7063169311532,3.334881975218613,all_cult,Corn,0.14955141172933145,4,250,503426.5792327883,2637.317538452151,780.6037780972994,174.1646026130336,163.96063312271605,5,1.11894663066834,0.003065607207310521,10.157064693921257,21.810188590271856
2061,20091,Developed,271607528.4848879,27160.752848488788,44.98069273866694,developed,NA,NA,NA,NA,NA,NA,NA,NA,NA,NA,1.11894663066834,0.003065607207310521,10.157064693921257,21.810188590271856
2061,20091,Double Crop,2013905.6882216034,201.39056882216036,0.3335212152324038,all_cult,NA,NA,NA,NA,NA,NA,NA,NA,NA,NA,1.11894663066834,0.003065607207310521,10.157064693921257,21.810188590271856
2061,20091,Grass/Pasture/Shrubland,139667491.4795437,13966.749147954368,23.130214964462166,grassPastureHay,NA,NA,NA,NA,NA,NA,NA,NA,NA,NA,1.11894663066834,0.003065607207310521,10.157064693921257,21.810188590271856
2061,20091,Other Crops,14581458.923742233,1458.1458923742232,2.4148230617504245,all_cult,NA,NA,NA,NA,NA,NA,NA,NA,NA,NA,1.11894663066834,0.003065607207310521,10.157064693921257,21.810188590271856
2061,20091,Sorghum,265245.84730308503,26.524584730308504,0.043927140106542625,all_cult,Sorghum,NA,NA,112,2970.7534897945525,2637.317538452151,780.6037780972994,174.1646026130336,163.96063312271605,5,1.11894663066834,0.003065607207310521,10.157064693921257,21.810188590271856
2061,20091,Soybeans,40506888.73460731,4050.688873460731,6.708311533684595,all_cult,Soybeans,NA,NA,56,226838.57691380093,2637.317538452151,780.6037780972994,174.1646026130336,163.96063312271605,5,1.11894663066834,0.003065607207310521,10.157064693921257,21.810188590271856
2061,20091,Wheat,3047090.5931461067,304.70905931461067,0.5046260922212007,all_cult,Wheat,NA,NA,89,27119.10627900035,2452.3482110595733,614.2233006978466,84.63777493343228,119.18328918187554,5,1.11894663066834,0.003065607207310521,10.157064693921257,21.810188590271856
2061,20103,Corn,55676654.53817842,5567.665453817842,6.162232243462533,all_cult,Corn,0.09926099891867379,4.75,250,1391916.3634544604,2620.7893969726597,783.5058425556401,176.7726822970149,167.08230405799154,5,1.103107639462573,0.0030222127108563645,9.854325770547968,21.787813971532557
2061,20103,Developed,66222526.18511143,6622.252618511144,7.329437975150055,developed,NA,NA,NA,NA,NA,NA,NA,NA,NA,NA,1.103107639462573,0.0030222127108563645,9.854325770547968,21.787813971532557
2061,20103,Double Crop,2239300.7972116056,223.93007972116058,0.2478434038440015,all_cult,NA,NA,NA,NA,NA,NA,NA,NA,NA,NA,1.103107639462573,0.0030222127108563645,9.854325770547968,21.787813971532557
2061,20103,Grass/Pasture/Shrubland,361083573.13099504,36108.3573130995,39.96434152498699,grassPastureHay,NA,NA,NA,NA,NA,NA,NA,NA,NA,NA,1.103107639462573,0.0030222127108563645,9.854325770547968,21.787813971532557
2061,20103,Other Crops,54377617.6404599,5437.76176404599,6.018456236750789,all_cult,NA,NA,NA,NA,NA,NA,NA,NA,NA,NA,1.103107639462573,0.0030222127108563645,9.854325770547968,21.787813971532557
2061,20103,Sorghum,567901.3203360821,56.79013203360822,0.06285470735100035,all_cult,Sorghum,NA,NA,112,6360.494787764121,2620.7893969726597,783.5058425556401,176.7726822970149,167.08230405799154,5,1.103107639462573,0.0030222127108563645,9.854325770547968,21.787813971532557
2061,20103,Soybeans,101039226.18326606,10103.922618326606,11.18291288522158,all_cult,Soybeans,0.11410095968932568,4.571428571428571,56,565819.66662629,2620.7893969726597,783.5058425556401,176.7726822970149,167.08230405799154,5,1.103107639462573,0.0030222127108563645,9.854325770547968,21.787813971532557
2061,20103,Wheat,4817340.8524583215,481.7340852458321,0.5331781044497215,all_cult,Wheat,NA,NA,89,42874.33358687905,2430.4119604492216,606.7695350971369,86.12906255645693,124.17299441695324,5,1.103107639462573,0.0030222127108563645,9.854325770547968,21.787813971532557
2061,20117,Corn,1797933.5665907045,179.79335665907044,8.787790125047634,all_cult,Corn,0.16261062771687598,15.722222222222221,250,44948.33916476761,2517.774226684573,727.6648457393591,191.60326622320335,150.70910313444998,5,0.990761596232351,0.0027144153321434277,8.512944678737716,21.41700051503641
2061,20117,Developed,709093.4285035765,70.90934285035766,3.465847873654197,developed,NA,NA,NA,NA,NA,NA,NA,NA,NA,NA,0.990761596232351,0.0027144153321434277,8.512944678737716,21.41700051503641
2061,20117,Double Crop,17005.082052877187,1.700508205287719,0.08311602548433755,all_cult,NA,NA,NA,NA,NA,NA,NA,NA,NA,NA,0.990761596232351,0.0027144153321434277,8.512944678737716,21.41700051503641
2061,20117,Grass/Pasture/Shrubland,13608757.209524421,1360.8757209524422,66.51575143947134,grassPastureHay,NA,NA,NA,NA,NA,NA,NA,NA,NA,NA,0.990761596232351,0.0027144153321434277,8.512944678737716,21.41700051503641
2061,20117,Other Crops,368569.7378671669,36.856973786716694,1.801464505144208,all_cult,NA,NA,NA,NA,NA,NA,NA,NA,NA,NA,0.990761596232351,0.0027144153321434277,8.512944678737716,21.41700051503641
2061,20117,Sorghum,113210.96189225193,11.321096189225193,0.5533431220433721,all_cult,Sorghum,NA,NA,112,1267.9627731932217,2517.774226684573,727.6648457393591,191.60326622320335,150.70910313444998,5,0.990761596232351,0.0027144153321434277,8.512944678737716,21.41700051503641
2061,20117,Soybeans,2250086.8872694396,225.00868872694397,10.99778751332857,all_cult,Soybeans,0.12228514283699721,8.25,56,12600.486568708862,2517.774226684573,727.6648457393591,191.60326622320335,150.70910313444998,5,0.990761596232351,0.0027144153321434277,8.512944678737716,21.41700051503641
2061,20117,Wheat,234744.84118524572,23.474484118524572,1.1473663074132867,all_cult,Wheat,NA,NA,89,2089.229086548687,2310.3712896728543,552.0840133137837,93.9360617821594,144.47889137420532,5,0.990761596232351,0.0027144153321434277,8.512944678737716,21.41700051503641
2061,20127,Corn,10941387.892613748,1094.1387892613748,4.064821675495574,all_cult,Corn,NA,NA,250,273534.6973153437,2580.217324218753,648.754475377593,178.27446151626853,98.58360328556564,5,0.9069953514412925,0.0024849187710720344,9.174271190068517,22.1404735993686
2061,20127,Developed,12128694.282144045,1212.8694282144045,4.50591642462472,developed,NA,NA,NA,NA,NA,NA,NA,NA,NA,NA,0.9069953514412925,0.0024849187710720344,9.174271190068517,22.1404735993686
2061,20127,Double Crop,4499199.088895911,449.9199088895911,1.671491967784096,all_cult,NA,NA,NA,NA,NA,NA,NA,NA,NA,NA,0.9069953514412925,0.0024849187710720344,9.174271190068517,22.1404735993686
2061,20127,Grass/Pasture/Shrubland,158101691.18434784,15810.169118434784,58.73616652348874,grassPastureHay,NA,NA,NA,NA,NA,NA,NA,NA,NA,NA,0.9069953514412925,0.0024849187710720344,9.174271190068517,22.1404735993686
2061,20127,Other Crops,10981377.128665583,1098.1377128665583,4.079678027823576,all_cult,NA,NA,NA,NA,NA,NA,NA,NA,NA,NA,0.9069953514412925,0.0024849187710720344,9.174271190068517,22.1404735993686
2061,20127,Sorghum,7272388.587591114,727.2388587591115,2.701756217181813,all_cult,Sorghum,NA,NA,112,81450.75218102049,2580.217324218753,648.754475377593,178.27446151626853,98.58360328556564,5,0.9069953514412925,0.0024849187710720344,9.174271190068517,22.1404735993686
2061,20127,Soybeans,28686301.015498407,2868.6301015498407,10.657212713965244,all_cult,Soybeans,0.11686486262093489,4,56,160643.2856867911,2580.217324218753,648.754475377593,178.27446151626853,98.58360328556564,5,0.9069953514412925,0.0024849187710720344,9.174271190068517,22.1404735993686
2061,20127,Wheat,20934850.636842933,2093.485063684293,7.777480834890052,all_cult,Wheat,NA,NA,89,186320.17066790207,2397.943690795901,532.1252766125465,91.82109128710486,98.479895603947,5,0.9069953514412925,0.0024849187710720344,9.174271190068517,22.1404735993686
2061,20131,Corn,124792211.963085,12479.2211963085,16.444051346315263,all_cult,Corn,0.12528513936677563,9.454545454545455,250,3119805.299077125,2518.286403198246,726.8453810011127,192.9316426932716,160.62913752968112,5,0.9922607532487058,0.0027185226116402898,8.509817973097732,21.34928923306402
2061,20131,Developed,34827921.40223819,3482.792140223819,4.589325878711502,developed,NA,NA,NA,NA,NA,NA,NA,NA,NA,NA,0.9922607532487058,0.0027185226116402898,8.509817973097732,21.34928923306402
2061,20131,Double Crop,1288597.7379512293,128.85977379512295,0.1698003988733199,all_cult,NA,NA,NA,NA,NA,NA,NA,NA,NA,NA,0.9922607532487058,0.0027185226116402898,8.509817973097732,21.34928923306402
2061,20131,Grass/Pasture/Shrubland,328086582.4549448,32808.65824549448,43.232446344665604,grassPastureHay,NA,NA,NA,NA,NA,NA,NA,NA,NA,NA,0.9922607532487058,0.0027185226116402898,8.509817973097732,21.34928923306402
2061,20131,Other Crops,27101730.321978156,2710.1730321978157,3.5712344382550913,all_cult,NA,NA,NA,NA,NA,NA,NA,NA,NA,NA,0.9922607532487058,0.0027185226116402898,8.509817973097732,21.34928923306402
2061,20131,Sorghum,2055671.3741418559,205.5671374141856,0.2708788080264065,all_cult,Sorghum,NA,NA,112,23023.519390388785,2518.286403198246,726.8453810011127,192.9316426932716,160.62913752968112,5,0.9922607532487058,0.0027185226116402898,8.509817973097732,21.34928923306402
2061,20131,Soybeans,136674912.54505298,13667.491254505298,18.00985209164201,all_cult,Soybeans,0.1067341402930363,5.142857142857143,56,765379.5102522967,2518.286403198246,726.8453810011127,192.9316426932716,160.62913752968112,5,0.9922607532487058,0.0027185226116402898,8.509817973097732,21.34928923306402
2061,20131,Wheat,9588450.555545796,958.8450555545795,1.2634840811511674,all_cult,Wheat,NA,NA,89,85337.20994435757,2303.84018249512,548.5821200878046,92.48900009451228,130.48218475732355,5,0.9922607532487058,0.0027185226116402898,8.509817973097732,21.34928923306402
2061,20139,Corn,20890964.22588984,2089.096422588984,9.4988079569725965,all_cult,Corn,NA,NA,250,522274.10564724595,2594.894470214847,710.1140194348832,175.86493568557043,157.09014781946826,5,1.0073253888219393,0.0027597955858135324,9.54248525959174,21.934794905153062
2061,20139,Developed,11858545.489950646,1185.8545489950645,5.391902692479325,developed,NA,NA,NA,NA,NA,NA,NA,NA,NA,NA,1.0073253888219393,0.0027597955858135324,9.54248525959174,21.934794905153062
2061,20139,Double Crop,1849135.1156913848,184.91351156913848,0.8407739901578724,all_cult,NA,NA,NA,NA,NA,NA,NA,NA,NA,NA,1.0073253888219393,0.0027597955858135324,9.54248525959174,21.934794905153062
2061,20139,Grass/Pasture/Shrubland,108139234.26990536,10813.923426990536,49.1692871538651,grassPastureHay,NA,NA,NA,NA,NA,NA,NA,NA,NA,NA,1.0073253888219393,0.0027597955858135324,9.54248525959174,21.934794905153062
2061,20139,Other Crops,6302951.103083336,630.2951103083336,2.86585728849129,all_cult,NA,NA,NA,NA,NA,NA,NA,NA,NA,NA,1.0073253888219393,0.0027597955858135324,9.54248525959174,21.934794905153062
2061,20139,Sorghum,252758.48461129973,25.27584846112997,0.11492549021948671,all_cult,Sorghum,NA,NA,112,2830.8950276465566,2594.894470214847,710.1140194348832,175.86493568557043,157.09014781946826,5,1.0073253888219393,0.0027597955858135324,9.54248525959174,21.934794905153062
2061,20139,Soybeans,28064514.38751116,2806.4514387511163,12.76051357372463,all_cult,Soybeans,NA,NA,56,157161.28057006252,2594.894470214847,710.1140194348832,175.86493568557043,157.09014781946826,5,1.0073253888219393,0.0027597955858135324,9.54248525959174,21.934794905153062
2061,20139,Wheat,1738320.944623076,173.8320944623076,0.7903884493801757,all_cult,Wheat,NA,NA,89,15471.056407145375,2416.586545410159,576.0512566258016,87.04154618082713,127.8772353060968,5,1.0073253888219393,0.0027597955858135324,9.54248525959174,21.934794905153062
2061,20149,Corn,136791901.8519852,13679.190185198519,7.982141503627487,all_cult,Corn,0.1326174661314905,62.44444444444444,250,3419797.54629963,2563.893210449222,717.1478531578445,183.6422849274711,153.57988674390546,5,0.9783944915737492,0.0026805328536267108,8.904069523223482,21.896630391160127
2061,20149,Developed,87781477.02653997,8778.147702653996,5.122263537072818,developed,NA,NA,NA,NA,NA,NA,NA,NA,NA,NA,0.9783944915737492,0.0026805328536267108,8.904069523223482,21.896630391160127
2061,20149,Double Crop,1803166.4492782145,180.31664492782144,0.1052191654466961,all_cult,NA,NA,NA,NA,NA,NA,NA,NA,NA,NA,0.9783944915737492,0.0026805328536267108,8.904069523223482,21.896630391160127
2061,20149,Grass/Pasture/Shrubland,1058221194.9777538,105822.11949777538,61.749790785057485,grassPastureHay,NA,NA,NA,NA,NA,NA,NA,NA,NA,NA,0.9783944915737492,0.0026805328536267108,8.904069523223482,21.896630391160127
2061,20149,Other Crops,34485813.7618199,3448.58137618199,2.012331443512244,all_cult,NA,NA,NA,NA,NA,NA,NA,NA,NA,NA,0.9783944915737492,0.0026805328536267108,8.904069523223482,21.896630391160127
2061,20149,Sorghum,5647082.09049503,564.708209049503,0.3295210295248753,all_cult,Sorghum,NA,NA,112,63247.319413544334,2563.893210449222,717.1478531578445,183.6422849274711,153.57988674390546,5,0.9783944915737492,0.0026805328536267108,8.904069523223482,21.896630391160127
2061,20149,Soybeans,153915907.33370754,15391.590733370755,8.98136903839706,all_cult,Soybeans,0.11392545848870632,51.611111111111114,56,861929.0810687622,2563.893210449222,717.1478531578445,183.6422849274711,153.57988674390546,5,0.9783944915737492,0.0026805328536267108,8.904069523223482,21.896630391160127
2061,20149,Wheat,13424373.002870617,1342.4373002870618,0.7833449455387832,all_cult,Wheat,NA,NA,89,119476.9197255485,2368.5097918701204,551.1244919112398,92.01423023524164,138.11567269761233,5,0.9783944915737492,0.0026805328536267108,8.904069523223482,21.896630391160127
2061,20161,Corn,29887562.457934357,2988.756245793436,3.7374801575206362,all_cult,Corn,0.14127372152863188,12.444444444444445,250,747189.0614483589,2573.8746081543,679.876222822168,179.24302527787893,120.0999588689651,5,0.9320498936908961,0.0025535613525777975,8.987602622672327,22.12318215566141
2061,20161,Developed,93189704.06140432,9318.970406140432,11.653498685445852,developed,NA,NA,NA,NA,NA,NA,NA,NA,NA,NA,0.9320498936908961,0.0025535613525777975,8.987602622672327,22.12318215566141
2061,20161,Double Crop,2321662.5391971655,232.16625391971652,0.2903270443991936,all_cult,NA,NA,NA,NA,NA,NA,NA,NA,NA,NA,0.9320498936908961,0.0025535613525777975,8.987602622672327,22.12318215566141
2061,20161,Grass/Pasture/Shrubland,421935273.9416269,42193.527394162695,52.76357736882686,grassPastureHay,NA,NA,NA,NA,NA,NA,NA,NA,NA,NA,0.9320498936908961,0.0025535613525777975,8.987602622672327,22.12318215566141
2061,20161,Other Crops,10313350.483787943,1031.3350483787942,1.2896984437913022,all_cult,NA,NA,NA,NA,NA,NA,NA,NA,NA,NA,0.9320498936908961,0.0025535613525777975,8.987602622672327,22.12318215566141
2061,20161,Sorghum,8046145.345421317,804.6145345421318,1.0061813711092988,all_cult,Sorghum,NA,NA,112,90116.82786871876,2573.8746081543,679.876222822168,179.24302527787893,120.0999588689651,5,0.9320498936908961,0.0025535613525777975,8.987602622672327,22.12318215566141
2061,20161,Soybeans,56043067.26954317,5604.306726954317,7.008261452613234,all_cult,Soybeans,0.12420661341954765,10.38888888888889,56,313841.17670944176,2573.8746081543,679.876222822168,179.24302527787893,120.0999588689651,5,0.9320498936908961,0.0025535613525777975,8.987602622672327,22.12318215566141
2061,20161,Wheat,14763447.35949416,1476.3447359494162,1.8461890841841313,all_cult,Wheat,NA,NA,89,131394.68149949805,2387.526702880862,526.6151901517227,92.68029879665885,115.2569166368206,5,0.9320498936908961,0.0025535613525777975,8.987602622672327,22.12318215566141
2061,20177,Corn,132475537.80653152,13247.553780653152,9.091050553311547,all_cult,Corn,0.12030458771317423,83,250,3311888.445163288,2595.595802001956,712.2965128653091,178.09068448754306,158.99761337885997,5,1.0001729522253944,0.0027401998691106697,9.475014422691055,21.909972392043045
2061,20177,Developed,255013934.0237044,25501.393402370442,17.50017100813045,developed,NA,NA,NA,NA,NA,NA,NA,NA,NA,NA,1.0001729522253944,0.0027401998691106697,9.475014422691055,21.909972392043045
2061,20177,Double Crop,2797246.7569815805,279.7246756981581,0.19195930130847558,all_cult,NA,NA,NA,NA,NA,NA,NA,NA,NA,NA,1.0001729522253944,0.0027401998691106697,9.475014422691055,21.909972392043045
2061,20177,Grass/Pasture/Shrubland,626083355.6398722,62608.33556398722,42.96457693964075,grassPastureHay,NA,NA,NA,NA,NA,NA,NA,NA,NA,NA,1.0001729522253944,0.0027401998691106697,9.475014422691055,21.909972392043045
2061,20177,Other Crops,33361526.081880283,3336.1526081880284,2.289413767762353,all_cult,NA,NA,NA,NA,NA,NA,NA,NA,NA,NA,1.0001729522253944,0.0027401998691106697,9.475014422691055,21.909972392043045
2061,20177,Sorghum,2303954.5452317544,230.39545452317543,0.15810743319134585,all_cult,Sorghum,NA,NA,112,25804.29090659565,2595.595802001956,712.2965128653091,178.09068448754306,158.99761337885997,5,1.0001729522253944,0.0027401998691106697,9.475014422691055,21.909972392043045
2061,20177,Soybeans,145627766.023613,14562.7766023613,9.993613951731533,all_cult,Soybeans,0.09768281806034469,42.833333333333336,56,815515.4897322329,2595.595802001956,712.2965128653091,178.09068448754306,158.99761337885997,5,1.0001729522253944,0.0027401998691106697,9.475014422691055,21.909972392043045
2061,20177,Wheat,9565647.685078032,956.5647685078033,0.656436562704971,all_cult,Wheat,NA,NA,89,85134.26439719449,2412.047074584964,568.3643753447683,89.04482352013433,125.71191949804506,5,1.0001729522253944,0.0027401998691106697,9.475014422691055,21.909972392043045
2061,20197,Corn,69733578.79693311,6973.357879693312,4.536852294529976,all_cult,Corn,0.14186117514330646,28.666666666666668,250,1743339.469923328,2573.908295898441,687.1345866745515,179.6726977012787,127.67064136932576,5,0.9500485070979985,0.0026028726221862973,9.152959385702077,21.982439249117103
2061,20197,Developed,54289406.85937861,5428.940685937861,3.5320576446519008,developed,NA,NA,NA,NA,NA,NA,NA,NA,NA,NA,0.9500485070979985,0.0026028726221862973,9.152959385702077,21.982439249117103
2061,20197,Double Crop,1125869.9276987636,112.58699276987635,0.07324886594013556,all_cult,NA,NA,NA,NA,NA,NA,NA,NA,NA,NA,0.9500485070979985,0.0026028726221862973,9.152959385702077,21.982439249117103
2061,20197,Grass/Pasture/Shrubland,1169502873.1037595,116950.28731037596,76.08761639426346,grassPastureHay,NA,NA,NA,NA,NA,NA,NA,NA,NA,NA,0.9500485070979985,0.0026028726221862973,9.152959385702077,21.982439249117103
2061,20197,Other Crops,29094649.42529061,2909.464942529061,1.8928919077573607,all_cult,NA,NA,NA,NA,NA,NA,NA,NA,NA,NA,0.9500485070979985,0.0026028726221862973,9.152959385702077,21.982439249117103
2061,20197,Sorghum,3287931.385599168,328.7931385599168,0.21391213972326276,all_cult,Sorghum,NA,NA,112,36824.831518710685,2573.908295898441,687.1345866745515,179.6726977012787,127.67064136932576,5,0.9500485070979985,0.0026028726221862973,9.152959385702077,21.982439249117103
2061,20197,Soybeans,83491332.16381498,8349.133216381497,5.431928899043218,all_cult,Soybeans,0.12942046457519057,22.77777777777778,56,467551.46011736384,2573.908295898441,687.1345866745515,179.6726977012787,127.67064136932576,5,0.9500485070979985,0.0026028726221862973,9.152959385702077,21.982439249117103
2061,20197,Wheat,7530280.724868099,753.02807248681,0.4899185152185996,all_cult,Wheat,NA,NA,89,67019.49845132609,2390.025596923831,537.2312543428301,91.13528853500216,107.88836060731136,5,0.9500485070979985,0.0026028726221862973,9.152959385702077,21.982439249117103
2061,20209,Corn,2798441.748604609,279.8441748604609,1.0907251789658858,all_cult,Corn,NA,NA,250,69961.04371511523,2646.870903320316,769.7501200961335,179.2820883359194,161.6762003146427,5,1.096140536344937,0.0030031247571094166,10.21686568586796,21.66012230441997
2061,20209,Developed,144515431.86680782,14451.543186680783,56.32656829996687,developed,NA,NA,NA,NA,NA,NA,NA,NA,NA,NA,1.096140536344937,0.0030031247571094166,10.21686568586796,21.66012230441997
2061,20209,Double Crop,152719.71803613545,15.271971803613546,0.05952428413764306,all_cult,NA,NA,NA,NA,NA,NA,NA,NA,NA,NA,1.096140536344937,0.0030031247571094166,10.21686568586796,21.66012230441997
2061,20209,Grass/Pasture/Shrubland,41083799.11850462,4108.379911850462,16.01288794682744,grassPastureHay,NA,NA,NA,NA,NA,NA,NA,NA,NA,NA,1.096140536344937,0.0030031247571094166,10.21686568586796,21.66012230441997
2061,20209,Other Crops,1959154.8527385148,195.91548527385146,0.7636033619211925,all_cult,NA,NA,NA,NA,NA,NA,NA,NA,NA,NA,1.096140536344937,0.0030031247571094166,10.21686568586796,21.66012230441997
2061,20209,Sorghum,54127.80426680527,5.412780426680527,0.02109694047602745,all_cult,Sorghum,NA,NA,112,606.231407788219,2646.870903320316,769.7501200961335,179.2820883359194,161.6762003146427,5,1.096140536344937,0.0030031247571094166,10.21686568586796,21.66012230441997
2061,20209,Soybeans,8244134.676247953,824.4134676247953,3.213247256139296,all_cult,Soybeans,0.14562756367793683,4.75,56,46167.15418698854,2646.870903320316,769.7501200961335,179.2820883359194,161.6762003146427,5,1.096140536344937,0.0030031247571094166,10.21686568586796,21.66012230441997
2061,20209,Wheat,234900.57353758038,23.49005735375804,0.09155522720411169,all_cult,Wheat,NA,NA,89,2090.6151044844655,2442.7412042236356,601.173911129029,87.20541358922513,114.66553662157844,5,1.096140536344937,0.0030031247571094166,10.21686568586796,21.66012230441997
2062,20005,Corn,172734778.84431297,17273.477884431297,23.078910848652363,all_cult,Corn,0.10724545034749912,6.181818181818182,250,4318369.471107824,2516.9729040527377,800.4915681019367,162.07390201708978,177.17662277894004,5,0.9747755494606413,0.0026706179437277844,8.888942829288872,21.312864354799895
2062,20005,Developed,36578638.84791646,3657.863884791646,4.88723319405755,developed,NA,NA,NA,NA,NA,NA,NA,NA,NA,NA,0.9747755494606413,0.0026706179437277844,8.888942829288872,21.312864354799895
2062,20005,Double Crop,1451158.554832854,145.11585548328543,0.1938877575107932,all_cult,NA,NA,NA,NA,NA,NA,NA,NA,NA,NA,0.9747755494606413,0.0026706179437277844,8.888942829288872,21.312864354799895
2062,20005,Grass/Pasture/Shrubland,215288406.86893737,21528.840686893738,28.764456018176027,grassPastureHay,NA,NA,NA,NA,NA,NA,NA,NA,NA,NA,0.9747755494606413,0.0026706179437277844,8.888942829288872,21.312864354799895
2062,20005,Other Crops,29204979.705745928,2920.4979705745927,3.902046405912905,all_cult,NA,NA,NA,NA,NA,NA,NA,NA,NA,NA,0.9747755494606413,0.0026706179437277844,8.888942829288872,21.312864354799895
2062,20005,Sorghum,732239.3724075308,73.22393724075309,0.09783372699309156,all_cult,Sorghum,NA,NA,112,8201.080970964345,2516.9729040527377,800.4915681019367,162.07390201708978,177.17662277894004,5,0.9747755494606413,0.0026706179437277844,8.888942829288872,21.312864354799895
2062,20005,Soybeans,181600576.65296197,18160.057665296197,24.263460703620524,all_cult,Soybeans,0.07483265359624193,5,56,1016963.2292565871,2516.9729040527377,800.4915681019367,162.07390201708978,177.17662277894004,5,0.9747755494606413,0.0026706179437277844,8.888942829288872,21.312864354799895
2062,20005,Wheat,5908069.702597459,590.8069702597459,0.7893709354082403,all_cult,Wheat,NA,NA,89,52581.82035311738,2257.9791912841824,549.8775402416553,136.6614380747913,159.19487030065483,5,0.9747755494606413,0.0026706179437277844,8.888942829288872,21.312864354799895
2062,20013,Corn,113276297.82191704,11327.629782191703,25.36090350021212,all_cult,Corn,0.12646432205391206,17.5625,250,2831907.445547926,2475.5607391357453,810.0776462290264,162.54439225908223,193.6870293933312,5,0.9826131534891173,0.0026920908314770338,8.398421196088423,21.22635569951308
2062,20013,Developed,24170977.38782201,2417.0977387822013,5.411527714315524,developed,NA,NA,NA,NA,NA,NA,NA,NA,NA,NA,0.9826131534891173,0.0026920908314770338,8.398421196088423,21.22635569951308
2062,20013,Double Crop,542048.8992527233,54.20488992527234,0.12135680712267008,all_cult,NA,NA,NA,NA,NA,NA,NA,NA,NA,NA,0.9826131534891173,0.0026920908314770338,8.398421196088423,21.22635569951308
2062,20013,Grass/Pasture/Shrubland,122499833.68113159,12249.983368113159,27.425918047421547,grassPastureHay,NA,NA,NA,NA,NA,NA,NA,NA,NA,NA,0.9826131534891173,0.0026920908314770338,8.398421196088423,21.22635569951308
2062,20013,Other Crops,13090232.71280689,1309.023271280689,2.9307113227404837,all_cult,NA,NA,NA,NA,NA,NA,NA,NA,NA,NA,0.9826131534891173,0.0026920908314770338,8.398421196088423,21.22635569951308
2062,20013,Sorghum,333636.9508835004,33.363695088350035,0.07469642527304013,all_cult,Sorghum,NA,NA,112,3736.733849895204,2475.5607391357453,810.0776462290264,162.54439225908223,193.6870293933312,5,0.9826131534891173,0.0026920908314770338,8.398421196088423,21.22635569951308
2062,20013,Soybeans,123405327.24801578,12340.532724801578,27.62864479089188,all_cult,Soybeans,0.10147480973744562,10.461538461538462,56,691069.8325888884,2475.5607391357453,810.0776462290264,162.54439225908223,193.6870293933312,5,0.9826131534891173,0.0026920908314770338,8.398421196088423,21.22635569951308
2062,20013,Wheat,3906288.4515680084,390.6288451568008,0.8745607542714157,all_cult,Wheat,NA,NA,89,34765.96721895527,2217.126064453128,563.1952338091585,139.1517927426232,162.47130811320528,5,0.9826131534891173,0.0026920908314770338,8.398421196088423,21.22635569951308
2062,20045,Corn,74392843.99321488,7439.284399321487,7.631923083362056,all_cult,Corn,0.1459526935617447,11,250,1859821.0998303718,2591.131388549808,786.2105219643574,163.3130398986662,149.94064556505072,5,0.9579350800068374,0.0026244796712516093,9.595873764247134,21.70615878170486
2062,20045,Developed,130402436.2681122,13040.24362681122,13.37791795635647,developed,NA,NA,NA,NA,NA,NA,NA,NA,NA,NA,0.9579350800068374,0.0026244796712516093,9.595873764247134,21.70615878170486
2062,20045,Double Crop,4220114.888463862,422.01148884638627,0.4329393864098648,all_cult,NA,NA,NA,NA,NA,NA,NA,NA,NA,NA,0.9579350800068374,0.0026244796712516093,9.595873764247134,21.70615878170486
2062,20045,Grass/Pasture/Shrubland,354830010.0217444,35483.00100217444,36.40182575089523,grassPastureHay,NA,NA,NA,NA,NA,NA,NA,NA,NA,NA,0.9579350800068374,0.0026244796712516093,9.595873764247134,21.70615878170486
2062,20045,Other Crops,37964614.628596716,3796.4614628596714,3.8947700233285687,all_cult,NA,NA,NA,NA,NA,NA,NA,NA,NA,NA,0.9579350800068374,0.0026244796712516093,9.595873764247134,21.70615878170486
2062,20045,Sorghum,671055.755263424,67.1055755263424,0.06884326010288025,all_cult,Sorghum,NA,NA,112,7515.824458950349,2591.131388549808,786.2105219643574,163.3130398986662,149.94064556505072,5,0.9579350800068374,0.0026244796712516093,9.595873764247134,21.70615878170486
2062,20045,Soybeans,100028766.3995359,10002.876639953589,10.261898998705805,all_cult,Soybeans,0.11420951862362651,8.5,56,560161.091837401,2591.131388549808,786.2105219643574,163.3130398986662,149.94064556505072,5,0.9579350800068374,0.0026244796712516093,9.595873764247134,21.70615878170486
2062,20045,Wheat,7085783.937909698,708.5783937909698,0.7269268802840957,all_cult,Wheat,NA,NA,89,63063.477047396314,2328.8774743652375,545.2621047167797,127.46023918699912,160.3038853147337,5,0.9579350800068374,0.0026244796712516093,9.595873764247134,21.70615878170486
2062,20061,Corn,31722102.062803604,3172.21020628036,4.044269831598419,all_cult,Corn,0.16936452361704205,12.944444444444445,250,793052.55157009,2527.711746826175,742.5413897862348,167.23779747993603,164.60233506348712,5,0.9138201286015233,0.002503616790689105,8.872564346104475,21.80012466221642
2062,20061,Developed,61171563.9285717,6117.15639285717,7.798799400437711,developed,NA,NA,NA,NA,NA,NA,NA,NA,NA,NA,0.9138201286015233,0.002503616790689105,8.872564346104475,21.80012466221642
2062,20061,Double Crop,5604030.762346523,560.4030762346523,0.7144612454318694,all_cult,NA,NA,NA,NA,NA,NA,NA,NA,NA,NA,0.9138201286015233,0.002503616790689105,8.872564346104475,21.80012466221642
2062,20061,Grass/Pasture/Shrubland,476190220.2809351,47619.02202809351,60.70977699307564,grassPastureHay,NA,NA,NA,NA,NA,NA,NA,NA,NA,NA,0.9138201286015233,0.002503616790689105,8.872564346104475,21.80012466221642
2062,20061,Other Crops,18227803.79878525,1822.7803798785249,2.323873646638379,all_cult,NA,NA,NA,NA,NA,NA,NA,NA,NA,NA,0.9138201286015233,0.002503616790689105,8.872564346104475,21.80012466221642
2062,20061,Sorghum,5491901.736070833,549.1901736070832,0.7001658485721192,all_cult,Sorghum,NA,NA,112,61509.299443993325,2527.711746826175,742.5413897862348,167.23779747993603,164.60233506348712,5,0.9138201286015233,0.002503616790689105,8.872564346104475,21.80012466221642
2062,20061,Soybeans,39491221.54782481,3949.1221547824807,5.03475953777074,all_cult,Soybeans,0.12217913528938978,7.666666666666667,56,221150.8406678189,2527.711746826175,742.5413897862348,167.23779747993603,164.60233506348712,5,0.9138201286015233,0.002503616790689105,8.872564346104475,21.80012466221642
2062,20061,Wheat,15495075.277191846,1549.5075277191845,1.9754764472362665,all_cult,Wheat,NA,NA,89,137906.16996700742,2280.489998168948,540.4243692532049,140.32296891879005,114.72003425203248,5,0.9138201286015233,0.002503616790689105,8.872564346104475,21.80012466221642
2062,20085,Corn,134933024.35661882,13493.30243566188,7.9306511901880965,all_cult,Corn,NA,NA,250,3373325.60891547,2502.9326385498075,808.7229902015299,160.64995823181897,190.89474801313133,5,0.9806824640332087,0.002686801271323859,8.650281848646213,21.479013203660127
2062,20085,Developed,75618361.35140783,7561.836135140783,4.444448275810096,developed,NA,NA,NA,NA,NA,NA,NA,NA,NA,NA,0.9806824640332087,0.002686801271323859,8.650281848646213,21.479013203660127
2062,20085,Double Crop,1864792.83802623,186.479283802623,0.10960268333762817,all_cult,NA,NA,NA,NA,NA,NA,NA,NA,NA,NA,0.9806824640332087,0.002686801271323859,8.650281848646213,21.479013203660127
2062,20085,Grass/Pasture/Shrubland,941187748.5802637,94118.77485802637,55.31804963283908,grassPastureHay,NA,NA,NA,NA,NA,NA,NA,NA,NA,NA,0.9806824640332087,0.002686801271323859,8.650281848646213,21.479013203660127
2062,20085,Other Crops,98052397.627671,9805.2397627671,5.7630025537076115,all_cult,NA,NA,NA,NA,NA,NA,NA,NA,NA,NA,0.9806824640332087,0.002686801271323859,8.650281848646213,21.479013203660127
2062,20085,Sorghum,4069081.398774073,406.9081398774073,0.23915913388905596,all_cult,Sorghum,NA,NA,112,45573.71166626961,2502.9326385498075,808.7229902015299,160.64995823181897,190.89474801313133,5,0.9806824640332087,0.002686801271323859,8.650281848646213,21.479013203660127
2062,20085,Soybeans,170772946.2930534,17077.29462930534,10.037132690300496,all_cult,Soybeans,NA,NA,56,956328.499241099,2502.9326385498075,808.7229902015299,160.64995823181897,190.89474801313133,5,0.9806824640332087,0.002686801271323859,8.650281848646213,21.479013203660127
2062,20085,Wheat,13725583.902961861,1372.5583902961862,0.8067173980208171,all_cult,Wheat,NA,NA,89,122157.69673636057,2251.089968261722,559.1851309368609,134.75525672701843,162.32220750532497,5,0.9806824640332087,0.002686801271323859,8.650281848646213,21.479013203660127
2062,20087,Corn,155094058.297135,15509.4058297135,10.788896738521789,all_cult,Corn,0.13078338055311117,25.77777777777778,250,3877351.457428375,2541.114255371097,798.4786507085723,162.02847616457083,162.28764841552365,5,0.9687903339484191,0.0026542200930093672,9.184615470154668,21.445405173105758
2062,20087,Developed,83037617.78054704,8303.761778054704,5.7763933285619125,developed,NA,NA,NA,NA,NA,NA,NA,NA,NA,NA,0.9687903339484191,0.0026542200930093672,9.184615470154668,21.445405173105758
2062,20087,Double Crop,3214015.8179615135,321.4015817961514,0.2235784217441099,all_cult,NA,NA,NA,NA,NA,NA,NA,NA,NA,NA,0.9687903339484191,0.0026542200930093672,9.184615470154668,21.445405173105758
2062,20087,Grass/Pasture/Shrubland,533878677.1787268,53387.86771787268,37.138507962340775,grassPastureHay,NA,NA,NA,NA,NA,NA,NA,NA,NA,NA,0.9687903339484191,0.0026542200930093672,9.184615470154668,21.445405173105758
2062,20087,Other Crops,67978226.39294052,6797.822639294052,4.728808266891807,all_cult,NA,NA,NA,NA,NA,NA,NA,NA,NA,NA,0.9687903339484191,0.0026542200930093672,9.184615470154668,21.445405173105758
2062,20087,Sorghum,2078940.1655916602,207.89401655916603,0.1446185045281528,all_cult,Sorghum,NA,NA,112,23284.129854626597,2541.114255371097,798.4786507085723,162.02847616457083,162.28764841552365,5,0.9687903339484191,0.0026542200930093672,9.184615470154668,21.445405173105758
2062,20087,Soybeans,173639107.61438552,17363.91076143855,12.078956617613274,all_cult,Soybeans,0.09985991575255485,13.833333333333334,56,972379.0026405589,2541.114255371097,798.4786507085723,162.02847616457083,162.28764841552365,5,0.9687903339484191,0.0026542200930093672,9.184615470154668,21.445405173105758
2062,20087,Wheat,7377427.0278590415,737.7427027859042,0.5132001784817648,all_cult,Wheat,NA,NA,89,65659.10054794548,2287.046646118167,548.6887903456783,131.91249530885307,165.98936038913752,5,0.9687903339484191,0.0026542200930093672,9.184615470154668,21.445405173105758
2062,20091,Corn,20137063.169311535,2013.7063169311532,3.334881975218613,all_cult,Corn,0.14955141172933145,4,250,503426.5792327883,2602.7257312011748,783.7715051468807,161.91478738911596,153.99923533962146,5,0.9736161120074798,0.002667441402760219,9.802838753478191,21.568569386103405
2062,20091,Developed,271607528.4848879,27160.752848488788,44.98069273866694,developed,NA,NA,NA,NA,NA,NA,NA,NA,NA,NA,0.9736161120074798,0.002667441402760219,9.802838753478191,21.568569386103405
2062,20091,Double Crop,2013905.6882216034,201.39056882216036,0.3335212152324038,all_cult,NA,NA,NA,NA,NA,NA,NA,NA,NA,NA,0.9736161120074798,0.002667441402760219,9.802838753478191,21.568569386103405
2062,20091,Grass/Pasture/Shrubland,139667491.4795437,13966.749147954368,23.130214964462166,grassPastureHay,NA,NA,NA,NA,NA,NA,NA,NA,NA,NA,0.9736161120074798,0.002667441402760219,9.802838753478191,21.568569386103405
2062,20091,Other Crops,14581458.923742233,1458.1458923742232,2.4148230617504245,all_cult,NA,NA,NA,NA,NA,NA,NA,NA,NA,NA,0.9736161120074798,0.002667441402760219,9.802838753478191,21.568569386103405
2062,20091,Sorghum,265245.84730308503,26.524584730308504,0.043927140106542625,all_cult,Sorghum,NA,NA,112,2970.7534897945525,2602.7257312011748,783.7715051468807,161.91478738911596,153.99923533962146,5,0.9736161120074798,0.002667441402760219,9.802838753478191,21.568569386103405
2062,20091,Soybeans,40506888.73460731,4050.688873460731,6.708311533684595,all_cult,Soybeans,NA,NA,56,226838.57691380093,2602.7257312011748,783.7715051468807,161.91478738911596,153.99923533962146,5,0.9736161120074798,0.002667441402760219,9.802838753478191,21.568569386103405
2062,20091,Wheat,3047090.5931461067,304.70905931461067,0.5046260922212007,all_cult,Wheat,NA,NA,89,27119.10627900035,2335.7224743652373,554.6259261429865,125.28972141692618,156.0796195338715,5,0.9736161120074798,0.002667441402760219,9.802838753478191,21.568569386103405
2062,20103,Corn,55676654.53817842,5567.665453817842,6.162232243462533,all_cult,Corn,0.09926099891867379,4.75,250,1391916.3634544604,2575.164271850589,780.5223080946384,161.07026128944565,158.838773892964,5,0.9567083484061106,0.0026211187627564678,9.4954838415694791,21.525369973378663
2062,20103,Developed,66222526.18511143,6622.252618511144,7.329437975150055,developed,NA,NA,NA,NA,NA,NA,NA,NA,NA,NA,0.9567083484061106,0.0026211187627564678,9.4954838415694791,21.525369973378663
2062,20103,Double Crop,2239300.7972116056,223.93007972116058,0.2478434038440015,all_cult,NA,NA,NA,NA,NA,NA,NA,NA,NA,NA,0.9567083484061106,0.0026211187627564678,9.4954838415694791,21.525369973378663
2062,20103,Grass/Pasture/Shrubland,361083573.13099504,36108.3573130995,39.96434152498699,grassPastureHay,NA,NA,NA,NA,NA,NA,NA,NA,NA,NA,0.9567083484061106,0.0026211187627564678,9.4954838415694791,21.525369973378663
2062,20103,Other Crops,54377617.6404599,5437.76176404599,6.018456236750789,all_cult,NA,NA,NA,NA,NA,NA,NA,NA,NA,NA,0.9567083484061106,0.0026211187627564678,9.4954838415694791,21.525369973378663
2062,20103,Sorghum,567901.3203360821,56.79013203360822,0.06285470735100035,all_cult,Sorghum,NA,NA,112,6360.494787764121,2575.164271850589,780.5223080946384,161.07026128944565,158.838773892964,5,0.9567083484061106,0.0026211187627564678,9.4954838415694791,21.525369973378663
2062,20103,Soybeans,101039226.18326606,10103.922618326606,11.18291288522158,all_cult,Soybeans,0.11410095968932568,4.571428571428571,56,565819.66662629,2575.164271850589,780.5223080946384,161.07026128944565,158.838773892964,5,0.9567083484061106,0.0026211187627564678,9.4954838415694791,21.525369973378663
2062,20103,Wheat,4817340.8524583215,481.7340852458321,0.5331781044497215,all_cult,Wheat,NA,NA,89,42874.33358687905,2313.264234008792,541.770403261868,129.00597158393006,161.58911609431905,5,0.9567083484061106,0.0026211187627564678,9.4954838415694791,21.525369973378663
2062,20117,Corn,1797933.5665907045,179.79335665907044,8.787790125047634,all_cult,Corn,0.16261062771687598,15.722222222222221,250,44948.33916476761,2447.950808105472,784.5766603008018,166.52083139009548,188.7934287113497,5,0.9522350442638061,0.002608863134969332,8.213755844325258,21.08066994863016
2062,20117,Developed,709093.4285035765,70.90934285035766,3.465847873654197,developed,NA,NA,NA,NA,NA,NA,NA,NA,NA,NA,0.9522350442638061,0.002608863134969332,8.213755844325258,21.08066994863016
2062,20117,Double Crop,17005.082052877187,1.700508205287719,0.08311602548433755,all_cult,NA,NA,NA,NA,NA,NA,NA,NA,NA,NA,0.9522350442638061,0.002608863134969332,8.213755844325258,21.08066994863016
2062,20117,Grass/Pasture/Shrubland,13608757.209524421,1360.8757209524422,66.51575143947134,grassPastureHay,NA,NA,NA,NA,NA,NA,NA,NA,NA,NA,0.9522350442638061,0.002608863134969332,8.213755844325258,21.08066994863016
2062,20117,Other Crops,368569.7378671669,36.856973786716694,1.801464505144208,all_cult,NA,NA,NA,NA,NA,NA,NA,NA,NA,NA,0.9522350442638061,0.002608863134969332,8.213755844325258,21.08066994863016
2062,20117,Sorghum,113210.96189225193,11.321096189225193,0.5533431220433721,all_cult,Sorghum,NA,NA,112,1267.9627731932217,2447.950808105472,784.5766603008018,166.52083139009548,188.7934287113497,5,0.9522350442638061,0.002608863134969332,8.213755844325258,21.08066994863016
2062,20117,Soybeans,2250086.8872694396,225.00868872694397,10.99778751332857,all_cult,Soybeans,0.12228514283699721,8.25,56,12600.486568708862,2447.950808105472,784.5766603008018,166.52083139009548,188.7934287113497,5,0.9522350442638061,0.002608863134969332,8.213755844325258,21.08066994863016
2062,20117,Wheat,234744.84118524572,23.474484118524572,1.1473663074132867,all_cult,Wheat,NA,NA,89,2089.229086548687,2194.432527465823,549.9600894927853,138.94796227984068,158.64759317892725,5,0.9522350442638061,0.002608863134969332,8.213755844325258,21.08066994863016
2062,20127,Corn,10941387.892613748,1094.1387892613748,4.064821675495574,all_cult,Corn,NA,NA,250,273534.6973153437,2536.2908892822297,727.493956503384,169.70316034368147,164.16299159328912,5,0.9027629683966589,0.0024733232010867366,8.939534259952934,21.854159520815518
2062,20127,Developed,12128694.282144045,1212.8694282144045,4.50591642462472,developed,NA,NA,NA,NA,NA,NA,NA,NA,NA,NA,0.9027629683966589,0.0024733232010867366,8.939534259952934,21.854159520815518
2062,20127,Double Crop,4499199.088895911,449.9199088895911,1.671491967784096,all_cult,NA,NA,NA,NA,NA,NA,NA,NA,NA,NA,0.9027629683966589,0.0024733232010867366,8.939534259952934,21.854159520815518
2062,20127,Grass/Pasture/Shrubland,158101691.18434784,15810.169118434784,58.73616652348874,grassPastureHay,NA,NA,NA,NA,NA,NA,NA,NA,NA,NA,0.9027629683966589,0.0024733232010867366,8.939534259952934,21.854159520815518
2062,20127,Other Crops,10981377.128665583,1098.1377128665583,4.079678027823576,all_cult,NA,NA,NA,NA,NA,NA,NA,NA,NA,NA,0.9027629683966589,0.0024733232010867366,8.939534259952934,21.854159520815518
2062,20127,Sorghum,7272388.587591114,727.2388587591115,2.701756217181813,all_cult,Sorghum,NA,NA,112,81450.75218102049,2536.2908892822297,727.493956503384,169.70316034368147,164.16299159328912,5,0.9027629683966589,0.0024733232010867366,8.939534259952934,21.854159520815518
2062,20127,Soybeans,28686301.015498407,2868.6301015498407,10.657212713965244,all_cult,Soybeans,0.11686486262093489,4,56,160643.2856867911,2536.2908892822297,727.493956503384,169.70316034368147,164.16299159328912,5,0.9027629683966589,0.0024733232010867366,8.939534259952934,21.854159520815518
2062,20127,Wheat,20934850.636842933,2093.485063684293,7.777480834890052,all_cult,Wheat,NA,NA,89,186320.17066790207,2287.5673156738308,536.5572306916318,142.43360548992646,114.91323645212114,5,0.9027629683966589,0.0024733232010867366,8.939534259952934,21.854159520815518
2062,20131,Corn,124792211.963085,12479.2211963085,16.444051346315263,all_cult,Corn,0.12528513936677563,9.454545454545455,250,3119805.299077125,2446.975454711917,795.0944689839365,164.17823038988874,199.10695025254967,5,0.9600523139913799,0.0026302803123051505,8.190367414918688,21.01908057643945
2062,20131,Developed,34827921.40223819,3482.792140223819,4.589325878711502,developed,NA,NA,NA,NA,NA,NA,NA,NA,NA,NA,0.9600523139913799,0.0026302803123051505,8.190367414918688,21.01908057643945
2062,20131,Double Crop,1288597.7379512293,128.85977379512295,0.1698003988733199,all_cult,NA,NA,NA,NA,NA,NA,NA,NA,NA,NA,0.9600523139913799,0.0026302803123051505,8.190367414918688,21.01908057643945
2062,20131,Grass/Pasture/Shrubland,328086582.4549448,32808.65824549448,43.232446344665604,grassPastureHay,NA,NA,NA,NA,NA,NA,NA,NA,NA,NA,0.9600523139913799,0.0026302803123051505,8.190367414918688,21.01908057643945
2062,20131,Other Crops,27101730.321978156,2710.1730321978157,3.5712344382550913,all_cult,NA,NA,NA,NA,NA,NA,NA,NA,NA,NA,0.9600523139913799,0.0026302803123051505,8.190367414918688,21.01908057643945
2062,20131,Sorghum,2055671.3741418559,205.5671374141856,0.2708788080264065,all_cult,Sorghum,NA,NA,112,23023.519390388785,2446.975454711917,795.0944689839365,164.17823038988874,199.10695025254967,5,0.9600523139913799,0.0026302803123051505,8.190367414918688,21.01908057643945
2062,20131,Soybeans,136674912.54505298,13667.491254505298,18.00985209164201,all_cult,Soybeans,0.1067341402930363,5.142857142857143,56,765379.5102522967,2446.975454711917,795.0944689839365,164.17823038988874,199.10695025254967,5,0.9600523139913799,0.0026302803123051505,8.190367414918688,21.01908057643945
2062,20131,Wheat,9588450.555545796,958.8450555545795,1.2634840811511674,all_cult,Wheat,NA,NA,89,85337.20994435757,2186.162756347659,553.415448421851,136.92352883513846,167.4874580408995,5,0.9600523139913799,0.0026302803123051505,8.190367414918688,21.01908057643945
2062,20139,Corn,20890964.22588984,2089.096422588984,9.4988079569725965,all_cult,Corn,NA,NA,250,522274.10564724595,2557.247028198245,779.4056970682484,162.76636079985994,151.00843453466038,5,0.9542102883861343,0.002614274762701738,9.216294572386046,21.694144955987824
2062,20139,Developed,11858545.489950646,1185.8545489950645,5.391902692479325,developed,NA,NA,NA,NA,NA,NA,NA,NA,NA,NA,0.9542102883861343,0.002614274762701738,9.216294572386046,21.694144955987824
2062,20139,Double Crop,1849135.1156913848,184.91351156913848,0.8407739901578724,all_cult,NA,NA,NA,NA,NA,NA,NA,NA,NA,NA,0.9542102883861343,0.002614274762701738,9.216294572386046,21.694144955987824
2062,20139,Grass/Pasture/Shrubland,108139234.26990536,10813.923426990536,49.1692871538651,grassPastureHay,NA,NA,NA,NA,NA,NA,NA,NA,NA,NA,0.9542102883861343,0.002614274762701738,9.216294572386046,21.694144955987824
2062,20139,Other Crops,6302951.103083336,630.2951103083336,2.86585728849129,all_cult,NA,NA,NA,NA,NA,NA,NA,NA,NA,NA,0.9542102883861343,0.002614274762701738,9.216294572386046,21.694144955987824
2062,20139,Sorghum,252758.48461129973,25.27584846112997,0.11492549021948671,all_cult,Sorghum,NA,NA,112,2830.8950276465566,2557.247028198245,779.4056970682484,162.76636079985994,151.00843453466038,5,0.9542102883861343,0.002614274762701738,9.216294572386046,21.694144955987824
2062,20139,Soybeans,28064514.38751116,2806.4514387511163,12.76051357372463,all_cult,Soybeans,NA,NA,56,157161.28057006252,2557.247028198245,779.4056970682484,162.76636079985994,151.00843453466038,5,0.9542102883861343,0.002614274762701738,9.216294572386046,21.694144955987824
2062,20139,Wheat,1738320.944623076,173.8320944623076,0.7903884493801757,all_cult,Wheat,NA,NA,89,15471.056407145375,2303.325411376956,541.8653600097717,130.12589872128828,140.41421196132134,5,0.9542102883861343,0.002614274762701738,9.216294572386046,21.694144955987824
2062,20149,Corn,136791901.8519852,13679.190185198519,7.982141503627487,all_cult,Corn,0.1326174661314905,62.44444444444444,250,3419797.54629963,2502.427086791995,776.6203710429231,163.48323569776232,172.36317595966727,5,0.942865189721252,0.00258319230060617,8.613570924523781,21.57856033952271
2062,20149,Developed,87781477.02653997,8778.147702653996,5.122263537072818,developed,NA,NA,NA,NA,NA,NA,NA,NA,NA,NA,0.942865189721252,0.00258319230060617,8.613570924523781,21.57856033952271
2062,20149,Double Crop,1803166.4492782145,180.31664492782144,0.1052191654466961,all_cult,NA,NA,NA,NA,NA,NA,NA,NA,NA,NA,0.942865189721252,0.00258319230060617,8.613570924523781,21.57856033952271
2062,20149,Grass/Pasture/Shrubland,1058221194.9777538,105822.11949777538,61.749790785057485,grassPastureHay,NA,NA,NA,NA,NA,NA,NA,NA,NA,NA,0.942865189721252,0.00258319230060617,8.613570924523781,21.57856033952271
2062,20149,Other Crops,34485813.7618199,3448.58137618199,2.012331443512244,all_cult,NA,NA,NA,NA,NA,NA,NA,NA,NA,NA,0.942865189721252,0.00258319230060617,8.613570924523781,21.57856033952271
2062,20149,Sorghum,5647082.09049503,564.708209049503,0.3295210295248753,all_cult,Sorghum,NA,NA,112,63247.319413544334,2502.427086791995,776.6203710429231,163.48323569776232,172.36317595966727,5,0.942865189721252,0.00258319230060617,8.613570924523781,21.57856033952271
2062,20149,Soybeans,153915907.33370754,15391.590733370755,8.98136903839706,all_cult,Soybeans,0.11392545848870632,51.611111111111114,56,861929.0810687622,2502.427086791995,776.6203710429231,163.48323569776232,172.36317595966727,5,0.942865189721252,0.00258319230060617,8.613570924523781,21.57856033952271
2062,20149,Wheat,13424373.002870617,1342.4373002870618,0.7833449455387832,all_cult,Wheat,NA,NA,89,119476.9197255485,2253.2531506347686,550.6190206786374,138.47226316416857,143.06844041842336,5,0.942865189721252,0.00258319230060617,8.613570924523781,21.57856033952271
2062,20161,Corn,29887562.457934357,2988.756245793436,3.7374801575206362,all_cult,Corn,0.14127372152863188,12.444444444444445,250,747189.0614483589,2519.712414550784,747.4783860615232,164.7566948297801,167.35829222645253,5,0.9125945588594463,0.0025002590653683456,8.73497114625698,21.79991498555225
2062,20161,Developed,93189704.06140432,9318.970406140432,11.653498685445852,developed,NA,NA,NA,NA,NA,NA,NA,NA,NA,NA,0.9125945588594463,0.0025002590653683456,8.73497114625698,21.79991498555225
2062,20161,Double Crop,2321662.5391971655,232.16625391971652,0.2903270443991936,all_cult,NA,NA,NA,NA,NA,NA,NA,NA,NA,NA,0.9125945588594463,0.0025002590653683456,8.73497114625698,21.79991498555225
2062,20161,Grass/Pasture/Shrubland,421935273.9416269,42193.527394162695,52.76357736882686,grassPastureHay,NA,NA,NA,NA,NA,NA,NA,NA,NA,NA,0.9125945588594463,0.0025002590653683456,8.73497114625698,21.79991498555225
2062,20161,Other Crops,10313350.483787943,1031.3350483787942,1.2896984437913022,all_cult,NA,NA,NA,NA,NA,NA,NA,NA,NA,NA,0.9125945588594463,0.0025002590653683456,8.73497114625698,21.79991498555225
2062,20161,Sorghum,8046145.345421317,804.6145345421318,1.0061813711092988,all_cult,Sorghum,NA,NA,112,90116.82786871876,2519.712414550784,747.4783860615232,164.7566948297801,167.35829222645253,5,0.9125945588594463,0.0025002590653683456,8.73497114625698,21.79991498555225
2062,20161,Soybeans,56043067.26954317,5604.306726954317,7.008261452613234,all_cult,Soybeans,0.12420661341954765,10.38888888888889,56,313841.17670944176,2519.712414550784,747.4783860615232,164.7566948297801,167.35829222645253,5,0.9125945588594463,0.0025002590653683456,8.73497114625698,21.79991498555225
2062,20161,Wheat,14763447.35949416,1476.3447359494162,1.8461890841841313,all_cult,Wheat,NA,NA,89,131394.68149949805,2273.5538018798857,536.3384710686702,139.89958125499533,122.49038371385294,5,0.9125945588594463,0.0025002590653683456,8.73497114625698,21.79991498555225
2062,20177,Corn,132475537.80653152,13247.553780653152,9.091050553311547,all_cult,Corn,0.12030458771317423,83,250,3311888.445163288,2549.1829571533235,783.3242210230806,161.71720771899754,161.86696529338587,5,0.955041735519501,0.0026165527000534274,9.153960261932815,21.644510999705716
2062,20177,Developed,255013934.0237044,25501.393402370442,17.50017100813045,developed,NA,NA,NA,NA,NA,NA,NA,NA,NA,NA,0.955041735519501,0.0026165527000534274,9.153960261932815,21.644510999705716
2062,20177,Double Crop,2797246.7569815805,279.7246756981581,0.19195930130847558,all_cult,NA,NA,NA,NA,NA,NA,NA,NA,NA,NA,0.955041735519501,0.0026165527000534274,9.153960261932815,21.644510999705716
2062,20177,Grass/Pasture/Shrubland,626083355.6398722,62608.33556398722,42.96457693964075,grassPastureHay,NA,NA,NA,NA,NA,NA,NA,NA,NA,NA,0.955041735519501,0.0026165527000534274,9.153960261932815,21.644510999705716
2062,20177,Other Crops,33361526.081880283,3336.1526081880284,2.289413767762353,all_cult,NA,NA,NA,NA,NA,NA,NA,NA,NA,NA,0.955041735519501,0.0026165527000534274,9.153960261932815,21.644510999705716
2062,20177,Sorghum,2303954.5452317544,230.39545452317543,0.15810743319134585,all_cult,Sorghum,NA,NA,112,25804.29090659565,2549.1829571533235,783.3242210230806,161.71720771899754,161.86696529338587,5,0.955041735519501,0.0026165527000534274,9.153960261932815,21.644510999705716
2062,20177,Soybeans,145627766.023613,14562.7766023613,9.993613951731533,all_cult,Soybeans,0.09768281806034469,42.833333333333336,56,815515.4897322329,2549.1829571533235,783.3242210230806,161.71720771899754,161.86696529338587,5,0.955041735519501,0.0026165527000534274,9.153960261932815,21.644510999705716
2062,20177,Wheat,9565647.685078032,956.5647685078033,0.656436562704971,all_cult,Wheat,NA,NA,89,85134.26439719449,2297.108274536136,543.091896432864,132.02149910855255,147.81526756285143,5,0.955041735519501,0.0026165527000534274,9.153960261932815,21.644510999705716
2062,20197,Corn,69733578.79693311,6973.357879693312,4.536852294529976,all_cult,Corn,0.14186117514330646,28.666666666666668,250,1743339.469923328,2528.139683227542,783.7081337655297,163.79051307969831,175.25722707251882,5,0.954499898174651,0.002615068214177126,8.87624664724692,21.703882421206146
2062,20197,Developed,54289406.85937861,5428.940685937861,3.5320576446519008,developed,NA,NA,NA,NA,NA,NA,NA,NA,NA,NA,0.954499898174651,0.002615068214177126,8.87624664724692,21.703882421206146
2062,20197,Double Crop,1125869.9276987636,112.58699276987635,0.07324886594013556,all_cult,NA,NA,NA,NA,NA,NA,NA,NA,NA,NA,0.954499898174651,0.002615068214177126,8.87624664724692,21.703882421206146
2062,20197,Grass/Pasture/Shrubland,1169502873.1037595,116950.28731037596,76.08761639426346,grassPastureHay,NA,NA,NA,NA,NA,NA,NA,NA,NA,NA,0.954499898174651,0.002615068214177126,8.87624664724692,21.703882421206146
2062,20197,Other Crops,29094649.42529061,2909.464942529061,1.8928919077573607,all_cult,NA,NA,NA,NA,NA,NA,NA,NA,NA,NA,0.954499898174651,0.002615068214177126,8.87624664724692,21.703882421206146
2062,20197,Sorghum,3287931.385599168,328.7931385599168,0.21391213972326276,all_cult,Sorghum,NA,NA,112,36824.831518710685,2528.139683227542,783.7081337655297,163.79051307969831,175.25722707251882,5,0.954499898174651,0.002615068214177126,8.87624664724692,21.703882421206146
2062,20197,Soybeans,83491332.16381498,8349.133216381497,5.431928899043218,all_cult,Soybeans,0.12942046457519057,22.77777777777778,56,467551.46011736384,2528.139683227542,783.7081337655297,163.79051307969831,175.25722707251882,5,0.954499898174651,0.002615068214177126,8.87624664724692,21.703882421206146
2062,20197,Wheat,7530280.724868099,753.02807248681,0.4899185152185996,all_cult,Wheat,NA,NA,89,67019.49845132609,2276.21905761719,549.4460920155242,134.82259656959195,125.64894889723143,5,0.954499898174651,0.002615068214177126,8.87624664724692,21.703882421206146
2062,20209,Corn,2798441.748604609,279.8441748604609,1.0907251789658858,all_cult,Corn,NA,NA,250,69961.04371511523,2609.7190490722687,789.0835580180518,162.8775777242433,160.17417724216764,5,0.9715427866079527,0.0026617610591998706,9.876736976937094,21.409702449432814
2062,20209,Developed,144515431.86680782,14451.543186680783,56.32656829996687,developed,NA,NA,NA,NA,NA,NA,NA,NA,NA,NA,0.9715427866079527,0.0026617610591998706,9.876736976937094,21.409702449432814
2062,20209,Double Crop,152719.71803613545,15.271971803613546,0.05952428413764306,all_cult,NA,NA,NA,NA,NA,NA,NA,NA,NA,NA,0.9715427866079527,0.0026617610591998706,9.876736976937094,21.409702449432814
2062,20209,Grass/Pasture/Shrubland,41083799.11850462,4108.379911850462,16.01288794682744,grassPastureHay,NA,NA,NA,NA,NA,NA,NA,NA,NA,NA,0.9715427866079527,0.0026617610591998706,9.876736976937094,21.409702449432814
2062,20209,Other Crops,1959154.8527385148,195.91548527385146,0.7636033619211925,all_cult,NA,NA,NA,NA,NA,NA,NA,NA,NA,NA,0.9715427866079527,0.0026617610591998706,9.876736976937094,21.409702449432814
2062,20209,Sorghum,54127.80426680527,5.412780426680527,0.02109694047602745,all_cult,Sorghum,NA,NA,112,606.231407788219,2609.7190490722687,789.0835580180518,162.8775777242433,160.17417724216764,5,0.9715427866079527,0.0026617610591998706,9.876736976937094,21.409702449432814
2062,20209,Soybeans,8244134.676247953,824.4134676247953,3.213247256139296,all_cult,Soybeans,0.14562756367793683,4.75,56,46167.15418698854,2609.7190490722687,789.0835580180518,162.8775777242433,160.17417724216764,5,0.9715427866079527,0.0026617610591998706,9.876736976937094,21.409702449432814
2062,20209,Wheat,234900.57353758038,23.49005735375804,0.09155522720411169,all_cult,Wheat,NA,NA,89,2090.6151044844655,2325.385609741214,544.336162060333,125.68254791628036,165.79005563496509,5,0.9715427866079527,0.0026617610591998706,9.876736976937094,21.409702449432814
2063,20005,Corn,172734778.84431297,17273.477884431297,23.078910848652363,all_cult,Corn,0.10724545034749912,6.181818181818182,250,4318369.471107824,2493.8946942138705,862.9728372506321,79.3192298606463,110.85515048717694,5,1.1519498648711735,0.003156027027044311,9.238231418557385,21.446401082914193
2063,20005,Developed,36578638.84791646,3657.863884791646,4.88723319405755,developed,NA,NA,NA,NA,NA,NA,NA,NA,NA,NA,1.1519498648711735,0.003156027027044311,9.238231418557385,21.446401082914193
2063,20005,Double Crop,1451158.554832854,145.11585548328543,0.1938877575107932,all_cult,NA,NA,NA,NA,NA,NA,NA,NA,NA,NA,1.1519498648711735,0.003156027027044311,9.238231418557385,21.446401082914193
2063,20005,Grass/Pasture/Shrubland,215288406.86893737,21528.840686893738,28.764456018176027,grassPastureHay,NA,NA,NA,NA,NA,NA,NA,NA,NA,NA,1.1519498648711735,0.003156027027044311,9.238231418557385,21.446401082914193
2063,20005,Other Crops,29204979.705745928,2920.4979705745927,3.902046405912905,all_cult,NA,NA,NA,NA,NA,NA,NA,NA,NA,NA,1.1519498648711735,0.003156027027044311,9.238231418557385,21.446401082914193
2063,20005,Sorghum,732239.3724075308,73.22393724075309,0.09783372699309156,all_cult,Sorghum,NA,NA,112,8201.080970964345,2493.8946942138705,862.9728372506321,79.3192298606463,110.85515048717694,5,1.1519498648711735,0.003156027027044311,9.238231418557385,21.446401082914193
2063,20005,Soybeans,181600576.65296197,18160.057665296197,24.263460703620524,all_cult,Soybeans,0.07483265359624193,5,56,1016963.2292565871,2493.8946942138705,862.9728372506321,79.3192298606463,110.85515048717694,5,1.1519498648711735,0.003156027027044311,9.238231418557385,21.446401082914193
2063,20005,Wheat,5908069.702597459,590.8069702597459,0.7893709354082403,all_cult,Wheat,NA,NA,89,52581.82035311738,2352.783975830081,536.0286247122482,128.55643817464266,160.42936825458122,5,1.1519498648711735,0.003156027027044311,9.238231418557385,21.446401082914193
2063,20013,Corn,113276297.82191704,11327.629782191703,25.36090350021212,all_cult,Corn,0.12646432205391206,17.5625,250,2831907.445547926,2456.3805712890658,856.1502290182455,82.39769410446884,111.71977339871916,5,1.1312005389717994,0.003099179558826848,8.744690326011368,21.38239470181402
2063,20013,Developed,24170977.38782201,2417.0977387822013,5.411527714315524,developed,NA,NA,NA,NA,NA,NA,NA,NA,NA,NA,1.1312005389717994,0.003099179558826848,8.744690326011368,21.38239470181402
2063,20013,Double Crop,542048.8992527233,54.20488992527234,0.12135680712267008,all_cult,NA,NA,NA,NA,NA,NA,NA,NA,NA,NA,1.1312005389717994,0.003099179558826848,8.744690326011368,21.38239470181402
2063,20013,Grass/Pasture/Shrubland,122499833.68113159,12249.983368113159,27.425918047421547,grassPastureHay,NA,NA,NA,NA,NA,NA,NA,NA,NA,NA,1.1312005389717994,0.003099179558826848,8.744690326011368,21.38239470181402
2063,20013,Other Crops,13090232.71280689,1309.023271280689,2.9307113227404837,all_cult,NA,NA,NA,NA,NA,NA,NA,NA,NA,NA,1.1312005389717994,0.003099179558826848,8.744690326011368,21.38239470181402
2063,20013,Sorghum,333636.9508835004,33.363695088350035,0.07469642527304013,all_cult,Sorghum,NA,NA,112,3736.733849895204,2456.3805712890658,856.1502290182455,82.39769410446884,111.71977339871916,5,1.1312005389717994,0.003099179558826848,8.744690326011368,21.38239470181402
2063,20013,Soybeans,123405327.24801578,12340.532724801578,27.62864479089188,all_cult,Soybeans,0.10147480973744562,10.461538461538462,56,691069.8325888884,2456.3805712890658,856.1502290182455,82.39769410446884,111.71977339871916,5,1.1312005389717994,0.003099179558826848,8.744690326011368,21.38239470181402
2063,20013,Wheat,3906288.4515680084,390.6288451568008,0.8745607542714157,all_cult,Wheat,NA,NA,89,34765.96721895527,2307.6018084716825,547.2483077299075,126.33609591035456,151.58884934767065,5,1.1312005389717994,0.003099179558826848,8.744690326011368,21.38239470181402
2063,20045,Corn,74392843.99321488,7439.284399321487,7.631923083362056,all_cult,Corn,0.1459526935617447,11,250,1859821.0998303718,2539.320709228519,888.2757672461006,66.65739922392771,100.81380307799748,5,1.1930949400737654,0.0032687532604760696,9.905467169774745,21.695114010327504
2063,20045,Developed,130402436.2681122,13040.24362681122,13.37791795635647,developed,NA,NA,NA,NA,NA,NA,NA,NA,NA,NA,1.1930949400737654,0.0032687532604760696,9.905467169774745,21.695114010327504
2063,20045,Double Crop,4220114.888463862,422.01148884638627,0.4329393864098648,all_cult,NA,NA,NA,NA,NA,NA,NA,NA,NA,NA,1.1930949400737654,0.0032687532604760696,9.905467169774745,21.695114010327504
2063,20045,Grass/Pasture/Shrubland,354830010.0217444,35483.00100217444,36.40182575089523,grassPastureHay,NA,NA,NA,NA,NA,NA,NA,NA,NA,NA,1.1930949400737654,0.0032687532604760696,9.905467169774745,21.695114010327504
2063,20045,Other Crops,37964614.628596716,3796.4614628596714,3.8947700233285687,all_cult,NA,NA,NA,NA,NA,NA,NA,NA,NA,NA,1.1930949400737654,0.0032687532604760696,9.905467169774745,21.695114010327504
2063,20045,Sorghum,671055.755263424,67.1055755263424,0.06884326010288025,all_cult,Sorghum,NA,NA,112,7515.824458950349,2539.320709228519,888.2757672461006,66.65739922392771,100.81380307799748,5,1.1930949400737654,0.0032687532604760696,9.905467169774745,21.695114010327504
2063,20045,Soybeans,100028766.3995359,10002.876639953589,10.261898998705805,all_cult,Soybeans,0.11420951862362651,8.5,56,560161.091837401,2539.320709228519,888.2757672461006,66.65739922392771,100.81380307799748,5,1.1930949400737654,0.0032687532604760696,9.905467169774745,21.695114010327504
2063,20045,Wheat,7085783.937909698,708.5783937909698,0.7269268802840957,all_cult,Wheat,NA,NA,89,63063.477047396314,2424.054388427737,550.9462475712255,127.89270441998976,170.80624644171456,5,1.1930949400737654,0.0032687532604760696,9.905467169774745,21.695114010327504
2063,20061,Corn,31722102.062803604,3172.21020628036,4.044269831598419,all_cult,Corn,0.16936452361704205,12.944444444444445,250,793052.55157009,2486.970596923831,819.411252032265,92.43905127662566,154.48550711395418,5,1.1035435240989537,0.0030234069153395994,9.15973405393838,21.740479736328147
2063,20061,Developed,61171563.9285717,6117.15639285717,7.798799400437711,developed,NA,NA,NA,NA,NA,NA,NA,NA,NA,NA,1.1035435240989537,0.0030234069153395994,9.15973405393838,21.740479736328147
2063,20061,Double Crop,5604030.762346523,560.4030762346523,0.7144612454318694,all_cult,NA,NA,NA,NA,NA,NA,NA,NA,NA,NA,1.1035435240989537,0.0030234069153395994,9.15973405393838,21.740479736328147
2063,20061,Grass/Pasture/Shrubland,476190220.2809351,47619.02202809351,60.70977699307564,grassPastureHay,NA,NA,NA,NA,NA,NA,NA,NA,NA,NA,1.1035435240989537,0.0030234069153395994,9.15973405393838,21.740479736328147
2063,20061,Other Crops,18227803.79878525,1822.7803798785249,2.323873646638379,all_cult,NA,NA,NA,NA,NA,NA,NA,NA,NA,NA,1.1035435240989537,0.0030234069153395994,9.15973405393838,21.740479736328147
2063,20061,Sorghum,5491901.736070833,549.1901736070832,0.7001658485721192,all_cult,Sorghum,NA,NA,112,61509.299443993325,2486.970596923831,819.411252032265,92.43905127662566,154.48550711395418,5,1.1035435240989537,0.0030234069153395994,9.15973405393838,21.740479736328147
2063,20061,Soybeans,39491221.54782481,3949.1221547824807,5.03475953777074,all_cult,Soybeans,0.12217913528938978,7.666666666666667,56,221150.8406678189,2486.970596923831,819.411252032265,92.43905127662566,154.48550711395418,5,1.1035435240989537,0.0030234069153395994,9.15973405393838,21.740479736328147
2063,20061,Wheat,15495075.277191846,1549.5075277191845,1.9754764472362665,all_cult,Wheat,NA,NA,89,137906.16996700742,2357.3652893066437,519.5214762443967,128.1486433915896,174.64044790642762,5,1.1035435240989537,0.0030234069153395994,9.15973405393838,21.740479736328147
2063,20085,Corn,134933024.35661882,13493.30243566188,7.9306511901880965,all_cult,Corn,NA,NA,250,3373325.60891547,2468.975099487308,858.4948960371994,78.18611795273702,131.67796814731443,5,1.1514956259097544,0.0031547825367390526,8.974246508454646,21.541385079997884
2063,20085,Developed,75618361.35140783,7561.836135140783,4.444448275810096,developed,NA,NA,NA,NA,NA,NA,NA,NA,NA,NA,1.1514956259097544,0.0031547825367390526,8.974246508454646,21.541385079997884
2063,20085,Double Crop,1864792.83802623,186.479283802623,0.10960268333762817,all_cult,NA,NA,NA,NA,NA,NA,NA,NA,NA,NA,1.1514956259097544,0.0031547825367390526,8.974246508454646,21.541385079997884
2063,20085,Grass/Pasture/Shrubland,941187748.5802637,94118.77485802637,55.31804963283908,grassPastureHay,NA,NA,NA,NA,NA,NA,NA,NA,NA,NA,1.1514956259097544,0.0031547825367390526,8.974246508454646,21.541385079997884
2063,20085,Other Crops,98052397.627671,9805.2397627671,5.7630025537076115,all_cult,NA,NA,NA,NA,NA,NA,NA,NA,NA,NA,1.1514956259097544,0.0031547825367390526,8.974246508454646,21.541385079997884
2063,20085,Sorghum,4069081.398774073,406.9081398774073,0.23915913388905596,all_cult,Sorghum,NA,NA,112,45573.71166626961,2468.975099487308,858.4948960371994,78.18611795273702,131.67796814731443,5,1.1514956259097544,0.0031547825367390526,8.974246508454646,21.541385079997884
2063,20085,Soybeans,170772946.2930534,17077.29462930534,10.037132690300496,all_cult,Soybeans,NA,NA,56,956328.499241099,2468.975099487308,858.4948960371994,78.18611795273702,131.67796814731443,5,1.1514956259097544,0.0031547825367390526,8.974246508454646,21.541385079997884
2063,20085,Wheat,13725583.902961861,1372.5583902961862,0.8067173980208171,all_cult,Wheat,NA,NA,89,122157.69673636057,2340.0213623046907,561.0501635470864,129.54560181059836,173.7983835534969,5,1.1514956259097544,0.0031547825367390526,8.974246508454646,21.541385079997884
2063,20087,Corn,155094058.297135,15509.4058297135,10.788896738521789,all_cult,Corn,0.13078338055311117,25.77777777777778,250,3877351.457428375,2503.6923571777374,879.7967466601663,73.389609057049,117.78712038714356,5,1.181665790071129,0.003237440520742819,9.509066011611752,21.504083251953148
2063,20087,Developed,83037617.78054704,8303.761778054704,5.7763933285619125,developed,NA,NA,NA,NA,NA,NA,NA,NA,NA,NA,1.181665790071129,0.003237440520742819,9.509066011611752,21.504083251953148
2063,20087,Double Crop,3214015.8179615135,321.4015817961514,0.2235784217441099,all_cult,NA,NA,NA,NA,NA,NA,NA,NA,NA,NA,1.181665790071129,0.003237440520742819,9.509066011611752,21.504083251953148
2063,20087,Grass/Pasture/Shrubland,533878677.1787268,53387.86771787268,37.138507962340775,grassPastureHay,NA,NA,NA,NA,NA,NA,NA,NA,NA,NA,1.181665790071129,0.003237440520742819,9.509066011611752,21.504083251953148
2063,20087,Other Crops,67978226.39294052,6797.822639294052,4.728808266891807,all_cult,NA,NA,NA,NA,NA,NA,NA,NA,NA,NA,1.181665790071129,0.003237440520742819,9.509066011611752,21.504083251953148
2063,20087,Sorghum,2078940.1655916602,207.89401655916603,0.1446185045281528,all_cult,Sorghum,NA,NA,112,23284.129854626597,2503.6923571777374,879.7967466601663,73.389609057049,117.78712038714356,5,1.181665790071129,0.003237440520742819,9.509066011611752,21.504083251953148
2063,20087,Soybeans,173639107.61438552,17363.91076143855,12.078956617613274,all_cult,Soybeans,0.09985991575255485,13.833333333333334,56,972379.0026405589,2503.6923571777374,879.7967466601663,73.389609057049,117.78712038714356,5,1.181665790071129,0.003237440520742819,9.509066011611752,21.504083251953148
2063,20087,Wheat,7377427.0278590415,737.7427027859042,0.5132001784817648,all_cult,Wheat,NA,NA,89,65659.10054794548,2382.3896472168,548.163156875781,128.60681094969755,171.4187452313081,5,1.181665790071129,0.003237440520742819,9.509066011611752,21.504083251953148
2063,20091,Corn,20137063.169311535,2013.7063169311532,3.334881975218613,all_cult,Corn,0.14955141172933145,4,250,503426.5792327883,2547.9169390869174,896.2237891772,65.57346624223645,93.58305003444936,5,1.2097869164667279,0.0033144847026485695,10.093347577656807,21.604647400738465
2063,20091,Developed,271607528.4848879,27160.752848488788,44.98069273866694,developed,NA,NA,NA,NA,NA,NA,NA,NA,NA,NA,1.2097869164667279,0.0033144847026485695,10.093347577656807,21.604647400738465
2063,20091,Double Crop,2013905.6882216034,201.39056882216036,0.3335212152324038,all_cult,NA,NA,NA,NA,NA,NA,NA,NA,NA,NA,1.2097869164667279,0.0033144847026485695,10.093347577656807,21.604647400738465
2063,20091,Grass/Pasture/Shrubland,139667491.4795437,13966.749147954368,23.130214964462166,grassPastureHay,NA,NA,NA,NA,NA,NA,NA,NA,NA,NA,1.2097869164667279,0.0033144847026485695,10.093347577656807,21.604647400738465
2063,20091,Other Crops,14581458.923742233,1458.1458923742232,2.4148230617504245,all_cult,NA,NA,NA,NA,NA,NA,NA,NA,NA,NA,1.2097869164667279,0.0033144847026485695,10.093347577656807,21.604647400738465
2063,20091,Sorghum,265245.84730308503,26.524584730308504,0.043927140106542625,all_cult,Sorghum,NA,NA,112,2970.7534897945525,2547.9169390869174,896.2237891772,65.57346624223645,93.58305003444936,5,1.2097869164667279,0.0033144847026485695,10.093347577656807,21.604647400738465
2063,20091,Soybeans,40506888.73460731,4050.688873460731,6.708311533684595,all_cult,Soybeans,NA,NA,56,226838.57691380093,2547.9169390869174,896.2237891772,65.57346624223645,93.58305003444936,5,1.2097869164667279,0.0033144847026485695,10.093347577656807,21.604647400738465
2063,20091,Wheat,3047090.5931461067,304.70905931461067,0.5046260922212007,all_cult,Wheat,NA,NA,89,27119.10627900035,2434.260728149417,557.258860682547,123.9538535246245,174.7421949845466,5,1.2097869164667279,0.0033144847026485695,10.093347577656807,21.604647400738465
2063,20103,Corn,55676654.53817842,5567.665453817842,6.162232243462533,all_cult,Corn,0.09926099891867379,4.75,250,1391916.3634544604,2534.4768566894563,874.8484872161051,69.78111310240314,92.48138218890348,5,1.1750433104743632,0.0032192967410256523,9.805819083435917,21.606968893808883
2063,20103,Developed,66222526.18511143,6622.252618511144,7.329437975150055,developed,NA,NA,NA,NA,NA,NA,NA,NA,NA,NA,1.1750433104743632,0.0032192967410256523,9.805819083435917,21.606968893808883
2063,20103,Double Crop,2239300.7972116056,223.93007972116058,0.2478434038440015,all_cult,NA,NA,NA,NA,NA,NA,NA,NA,NA,NA,1.1750433104743632,0.0032192967410256523,9.805819083435917,21.606968893808883
2063,20103,Grass/Pasture/Shrubland,361083573.13099504,36108.3573130995,39.96434152498699,grassPastureHay,NA,NA,NA,NA,NA,NA,NA,NA,NA,NA,1.1750433104743632,0.0032192967410256523,9.805819083435917,21.606968893808883
2063,20103,Other Crops,54377617.6404599,5437.76176404599,6.018456236750789,all_cult,NA,NA,NA,NA,NA,NA,NA,NA,NA,NA,1.1750433104743632,0.0032192967410256523,9.805819083435917,21.606968893808883
2063,20103,Sorghum,567901.3203360821,56.79013203360822,0.06285470735100035,all_cult,Sorghum,NA,NA,112,6360.494787764121,2534.4768566894563,874.8484872161051,69.78111310240314,92.48138218890348,5,1.1750433104743632,0.0032192967410256523,9.805819083435917,21.606968893808883
2063,20103,Soybeans,101039226.18326606,10103.922618326606,11.18291288522158,all_cult,Soybeans,0.11410095968932568,4.571428571428571,56,565819.66662629,2534.4768566894563,874.8484872161051,69.78111310240314,92.48138218890348,5,1.1750433104743632,0.0032192967410256523,9.805819083435917,21.606968893808883
2063,20103,Wheat,4817340.8524583215,481.7340852458321,0.5331781044497215,all_cult,Wheat,NA,NA,89,42874.33358687905,2411.4058111572294,531.7373740781297,125.38153925479054,162.68495710762713,5,1.1750433104743632,0.0032192967410256523,9.805819083435917,21.606968893808883
2063,20117,Corn,1797933.5665907045,179.79335665907044,8.787790125047634,all_cult,Corn,0.16261062771687598,15.722222222222221,250,44948.33916476761,2414.092105102542,841.4472720413492,82.62534787003258,127.5069447009642,5,1.1106468874921542,0.0030428681849100116,8.49794912677924,21.14876698951201
2063,20117,Developed,709093.4285035765,70.90934285035766,3.465847873654197,developed,NA,NA,NA,NA,NA,NA,NA,NA,NA,NA,1.1106468874921542,0.0030428681849100116,8.49794912677924,21.14876698951201
2063,20117,Double Crop,17005.082052877187,1.700508205287719,0.08311602548433755,all_cult,NA,NA,NA,NA,NA,NA,NA,NA,NA,NA,1.1106468874921542,0.0030428681849100116,8.49794912677924,21.14876698951201
2063,20117,Grass/Pasture/Shrubland,13608757.209524421,1360.8757209524422,66.51575143947134,grassPastureHay,NA,NA,NA,NA,NA,NA,NA,NA,NA,NA,1.1106468874921542,0.0030428681849100116,8.49794912677924,21.14876698951201
2063,20117,Other Crops,368569.7378671669,36.856973786716694,1.801464505144208,all_cult,NA,NA,NA,NA,NA,NA,NA,NA,NA,NA,1.1106468874921542,0.0030428681849100116,8.49794912677924,21.14876698951201
2063,20117,Sorghum,113210.96189225193,11.321096189225193,0.5533431220433721,all_cult,Sorghum,NA,NA,112,1267.9627731932217,2414.092105102542,841.4472720413492,82.62534787003258,127.5069447009642,5,1.1106468874921542,0.0030428681849100116,8.49794912677924,21.14876698951201
2063,20117,Soybeans,2250086.8872694396,225.00868872694397,10.99778751332857,all_cult,Soybeans,0.12228514283699721,8.25,56,12600.486568708862,2414.092105102542,841.4472720413492,82.62534787003258,127.5069447009642,5,1.1106468874921542,0.0030428681849100116,8.49794912677924,21.14876698951201
2063,20117,Wheat,234744.84118524572,23.474484118524572,1.1473663074132867,all_cult,Wheat,NA,NA,89,2089.229086548687,2272.8153332519564,543.9245235861009,123.22438187658688,155.7485192879825,5,1.1106468874921542,0.0030428681849100116,8.49794912677924,21.14876698951201
2063,20127,Corn,10941387.892613748,1094.1387892613748,4.064821675495574,all_cult,Corn,NA,NA,250,273534.6973153437,2488.6319079589875,807.9764402492577,93.4888022436226,155.40992633346048,5,1.098052812141978,0.003008363868882131,9.21032900457515,21.73845452295593
2063,20127,Developed,12128694.282144045,1212.8694282144045,4.50591642462472,developed,NA,NA,NA,NA,NA,NA,NA,NA,NA,NA,1.098052812141978,0.003008363868882131,9.21032900457515,21.73845452295593
2063,20127,Double Crop,4499199.088895911,449.9199088895911,1.671491967784096,all_cult,NA,NA,NA,NA,NA,NA,NA,NA,NA,NA,1.098052812141978,0.003008363868882131,9.21032900457515,21.73845452295593
2063,20127,Grass/Pasture/Shrubland,158101691.18434784,15810.169118434784,58.73616652348874,grassPastureHay,NA,NA,NA,NA,NA,NA,NA,NA,NA,NA,1.098052812141978,0.003008363868882131,9.21032900457515,21.73845452295593
2063,20127,Other Crops,10981377.128665583,1098.1377128665583,4.079678027823576,all_cult,NA,NA,NA,NA,NA,NA,NA,NA,NA,NA,1.098052812141978,0.003008363868882131,9.21032900457515,21.73845452295593
2063,20127,Sorghum,7272388.587591114,727.2388587591115,2.701756217181813,all_cult,Sorghum,NA,NA,112,81450.75218102049,2488.6319079589875,807.9764402492577,93.4888022436226,155.40992633346048,5,1.098052812141978,0.003008363868882131,9.21032900457515,21.73845452295593
2063,20127,Soybeans,28686301.015498407,2868.6301015498407,10.657212713965244,all_cult,Soybeans,0.11686486262093489,4,56,160643.2856867911,2488.6319079589875,807.9764402492577,93.4888022436226,155.40992633346048,5,1.098052812141978,0.003008363868882131,9.21032900457515,21.73845452295593
2063,20127,Wheat,20934850.636842933,2093.485063684293,7.777480834890052,all_cult,Wheat,NA,NA,89,186320.17066790207,2360.626958618167,523.1305446010817,127.50331961911212,187.570078022794,5,1.098052812141978,0.003008363868882131,9.21032900457515,21.73845452295593
2063,20131,Corn,124792211.963085,12479.2211963085,16.444051346315263,all_cult,Corn,0.12528513936677563,9.454545454545455,250,3119805.299077125,2418.9144824218783,833.9980681238621,81.92460647425419,117.46598913536684,5,1.102022749697929,0.0030192404101313124,8.507979953713637,21.139800858171043
2063,20131,Developed,34827921.40223819,3482.792140223819,4.589325878711502,developed,NA,NA,NA,NA,NA,NA,NA,NA,NA,NA,1.102022749697929,0.0030192404101313124,8.507979953713637,21.139800858171043
2063,20131,Double Crop,1288597.7379512293,128.85977379512295,0.1698003988733199,all_cult,NA,NA,NA,NA,NA,NA,NA,NA,NA,NA,1.102022749697929,0.0030192404101313124,8.507979953713637,21.139800858171043
2063,20131,Grass/Pasture/Shrubland,328086582.4549448,32808.65824549448,43.232446344665604,grassPastureHay,NA,NA,NA,NA,NA,NA,NA,NA,NA,NA,1.102022749697929,0.0030192404101313124,8.507979953713637,21.139800858171043
2063,20131,Other Crops,27101730.321978156,2710.1730321978157,3.5712344382550913,all_cult,NA,NA,NA,NA,NA,NA,NA,NA,NA,NA,1.102022749697929,0.0030192404101313124,8.507979953713637,21.139800858171043
2063,20131,Sorghum,2055671.3741418559,205.5671374141856,0.2708788080264065,all_cult,Sorghum,NA,NA,112,23023.519390388785,2418.9144824218783,833.9980681238621,81.92460647425419,117.46598913536684,5,1.102022749697929,0.0030192404101313124,8.507979953713637,21.139800858171043
2063,20131,Soybeans,136674912.54505298,13667.491254505298,18.00985209164201,all_cult,Soybeans,0.1067341402930363,5.142857142857143,56,765379.5102522967,2418.9144824218783,833.9980681238621,81.92460647425419,117.46598913536684,5,1.102022749697929,0.0030192404101313124,8.507979953713637,21.139800858171043
2063,20131,Wheat,9588450.555545796,958.8450555545795,1.2634840811511674,all_cult,Wheat,NA,NA,89,85337.20994435757,2271.7215795898464,547.2769155190425,124.16499670608736,160.0768466078522,5,1.102022749697929,0.0030192404101313124,8.507979953713637,21.139800858171043
2063,20139,Corn,20890964.22588984,2089.096422588984,9.4988079569725965,all_cult,Corn,NA,NA,250,522274.10564724595,2504.367514038089,867.0457967160453,69.45316496575849,122.94753622623114,5,1.1768506203535922,0.003224248274941348,9.527932446623524,21.6194970368686
2063,20139,Developed,11858545.489950646,1185.8545489950645,5.391902692479325,developed,NA,NA,NA,NA,NA,NA,NA,NA,NA,NA,1.1768506203535922,0.003224248274941348,9.527932446623524,21.6194970368686
2063,20139,Double Crop,1849135.1156913848,184.91351156913848,0.8407739901578724,all_cult,NA,NA,NA,NA,NA,NA,NA,NA,NA,NA,1.1768506203535922,0.003224248274941348,9.527932446623524,21.6194970368686
2063,20139,Grass/Pasture/Shrubland,108139234.26990536,10813.923426990536,49.1692871538651,grassPastureHay,NA,NA,NA,NA,NA,NA,NA,NA,NA,NA,1.1768506203535922,0.003224248274941348,9.527932446623524,21.6194970368686
2063,20139,Other Crops,6302951.103083336,630.2951103083336,2.86585728849129,all_cult,NA,NA,NA,NA,NA,NA,NA,NA,NA,NA,1.1768506203535922,0.003224248274941348,9.527932446623524,21.6194970368686
2063,20139,Sorghum,252758.48461129973,25.27584846112997,0.11492549021948671,all_cult,Sorghum,NA,NA,112,2830.8950276465566,2504.367514038089,867.0457967160453,69.45316496575849,122.94753622623114,5,1.1768506203535922,0.003224248274941348,9.527932446623524,21.6194970368686
2063,20139,Soybeans,28064514.38751116,2806.4514387511163,12.76051357372463,all_cult,Soybeans,NA,NA,56,157161.28057006252,2504.367514038089,867.0457967160453,69.45316496575849,122.94753622623114,5,1.1768506203535922,0.003224248274941348,9.527932446623524,21.6194970368686
2063,20139,Wheat,1738320.944623076,173.8320944623076,0.7903884493801757,all_cult,Wheat,NA,NA,89,15471.056407145375,2392.453267211917,556.7443512338377,131.48546702597957,174.54345702223935,5,1.1768506203535922,0.003224248274941348,9.527932446623524,21.6194970368686
2063,20149,Corn,136791901.8519852,13679.190185198519,7.982141503627487,all_cult,Corn,0.1326174661314905,62.44444444444444,250,3419797.54629963,2464.688771362308,831.7032678643153,81.93974297172473,136.48342542378657,5,1.1116272937301153,0.0030455542293975767,8.900972515785554,21.590443767390862
2063,20149,Developed,87781477.02653997,8778.147702653996,5.122263537072818,developed,NA,NA,NA,NA,NA,NA,NA,NA,NA,NA,1.1116272937301153,0.0030455542293975767,8.900972515785554,21.590443767390862
2063,20149,Double Crop,1803166.4492782145,180.31664492782144,0.1052191654466961,all_cult,NA,NA,NA,NA,NA,NA,NA,NA,NA,NA,1.1116272937301153,0.0030455542293975767,8.900972515785554,21.590443767390862
2063,20149,Grass/Pasture/Shrubland,1058221194.9777538,105822.11949777538,61.749790785057485,grassPastureHay,NA,NA,NA,NA,NA,NA,NA,NA,NA,NA,1.1116272937301153,0.0030455542293975767,8.900972515785554,21.590443767390862
2063,20149,Other Crops,34485813.7618199,3448.58137618199,2.012331443512244,all_cult,NA,NA,NA,NA,NA,NA,NA,NA,NA,NA,1.1116272937301153,0.0030455542293975767,8.900972515785554,21.590443767390862
2063,20149,Sorghum,5647082.09049503,564.708209049503,0.3295210295248753,all_cult,Sorghum,NA,NA,112,63247.319413544334,2464.688771362308,831.7032678643153,81.93974297172473,136.48342542378657,5,1.1116272937301153,0.0030455542293975767,8.900972515785554,21.590443767390862
2063,20149,Soybeans,153915907.33370754,15391.590733370755,8.98136903839706,all_cult,Soybeans,0.11392545848870632,51.611111111111114,56,861929.0810687622,2464.688771362308,831.7032678643153,81.93974297172473,136.48342542378657,5,1.1116272937301153,0.0030455542293975767,8.900972515785554,21.590443767390862
2063,20149,Wheat,13424373.002870617,1342.4373002870618,0.7833449455387832,all_cult,Wheat,NA,NA,89,119476.9197255485,2334.407583618167,544.4298458195055,128.59240854431312,162.37331923469077,5,1.1116272937301153,0.0030455542293975767,8.900972515785554,21.590443767390862
2063,20161,Corn,29887562.457934357,2988.756245793436,3.7374801575206362,all_cult,Corn,0.14127372152863188,12.444444444444445,250,747189.0614483589,2482.1792907714876,808.4108089671271,87.46229628397971,146.703493438563,5,1.0854970248690015,0.0029739644516958946,9.013743536962245,21.77517191847712
2063,20161,Developed,93189704.06140432,9318.970406140432,11.653498685445852,developed,NA,NA,NA,NA,NA,NA,NA,NA,NA,NA,1.0854970248690015,0.0029739644516958946,9.013743536962245,21.77517191847712
2063,20161,Double Crop,2321662.5391971655,232.16625391971652,0.2903270443991936,all_cult,NA,NA,NA,NA,NA,NA,NA,NA,NA,NA,1.0854970248690015,0.0029739644516958946,9.013743536962245,21.77517191847712
2063,20161,Grass/Pasture/Shrubland,421935273.9416269,42193.527394162695,52.76357736882686,grassPastureHay,NA,NA,NA,NA,NA,NA,NA,NA,NA,NA,1.0854970248690015,0.0029739644516958946,9.013743536962245,21.77517191847712
2063,20161,Other Crops,10313350.483787943,1031.3350483787942,1.2896984437913022,all_cult,NA,NA,NA,NA,NA,NA,NA,NA,NA,NA,1.0854970248690015,0.0029739644516958946,9.013743536962245,21.77517191847712
2063,20161,Sorghum,8046145.345421317,804.6145345421318,1.0061813711092988,all_cult,Sorghum,NA,NA,112,90116.82786871876,2482.1792907714876,808.4108089671271,87.46229628397971,146.703493438563,5,1.0854970248690015,0.0029739644516958946,9.013743536962245,21.77517191847712
2063,20161,Soybeans,56043067.26954317,5604.306726954317,7.008261452613234,all_cult,Soybeans,0.12420661341954765,10.38888888888889,56,313841.17670944176,2482.1792907714876,808.4108089671271,87.46229628397971,146.703493438563,5,1.0854970248690015,0.0029739644516958946,9.013743536962245,21.77517191847712
2063,20161,Wheat,14763447.35949416,1476.3447359494162,1.8461890841841313,all_cult,Wheat,NA,NA,89,131394.68149949805,2350.5313757324247,520.741895714628,128.16728066255237,166.80190493777712,5,1.0854970248690015,0.0029739644516958946,9.013743536962245,21.77517191847712
2063,20177,Corn,132475537.80653152,13247.553780653152,9.091050553311547,all_cult,Corn,0.12030458771317423,83,250,3311888.445163288,2502.2023529052767,860.4871183525592,74.69791136540749,132.46491552208172,5,1.166946449216596,0.003197113559497523,9.46102395253641,21.608826820687096
2063,20177,Developed,255013934.0237044,25501.393402370442,17.50017100813045,developed,NA,NA,NA,NA,NA,NA,NA,NA,NA,NA,1.166946449216596,0.003197113559497523,9.46102395253641,21.608826820687096
2063,20177,Double Crop,2797246.7569815805,279.7246756981581,0.19195930130847558,all_cult,NA,NA,NA,NA,NA,NA,NA,NA,NA,NA,1.166946449216596,0.003197113559497523,9.46102395253641,21.608826820687096
2063,20177,Grass/Pasture/Shrubland,626083355.6398722,62608.33556398722,42.96457693964075,grassPastureHay,NA,NA,NA,NA,NA,NA,NA,NA,NA,NA,1.166946449216596,0.003197113559497523,9.46102395253641,21.608826820687096
2063,20177,Other Crops,33361526.081880283,3336.1526081880284,2.289413767762353,all_cult,NA,NA,NA,NA,NA,NA,NA,NA,NA,NA,1.166946449216596,0.003197113559497523,9.46102395253641,21.608826820687096
2063,20177,Sorghum,2303954.5452317544,230.39545452317543,0.15810743319134585,all_cult,Sorghum,NA,NA,112,25804.29090659565,2502.2023529052767,860.4871183525592,74.69791136540749,132.46491552208172,5,1.166946449216596,0.003197113559497523,9.46102395253641,21.608826820687096
2063,20177,Soybeans,145627766.023613,14562.7766023613,9.993613951731533,all_cult,Soybeans,0.09768281806034469,42.833333333333336,56,815515.4897322329,2502.2023529052767,860.4871183525592,74.69791136540749,132.46491552208172,5,1.166946449216596,0.003197113559497523,9.46102395253641,21.608826820687096
2063,20177,Wheat,9565647.685078032,956.5647685078033,0.656436562704971,all_cult,Wheat,NA,NA,89,85134.26439719449,2387.2498583984407,551.5905483530601,131.97769721100263,174.69261587566265,5,1.166946449216596,0.003197113559497523,9.46102395253641,21.608826820687096
2063,20197,Corn,69733578.79693311,6973.357879693312,4.536852294529976,all_cult,Corn,0.14186117514330646,28.666666666666668,250,1743339.469923328,2481.3663677978548,842.7540033189821,82.72355180815254,136.19993426405736,5,1.134465543549872,0.0031081247768489644,9.17457890758778,21.63315399587973
2063,20197,Developed,54289406.85937861,5428.940685937861,3.5320576446519008,developed,NA,NA,NA,NA,NA,NA,NA,NA,NA,NA,1.134465543549872,0.0031081247768489644,9.17457890758778,21.63315399587973
2063,20197,Double Crop,1125869.9276987636,112.58699276987635,0.07324886594013556,all_cult,NA,NA,NA,NA,NA,NA,NA,NA,NA,NA,1.134465543549872,0.0031081247768489644,9.17457890758778,21.63315399587973
2063,20197,Grass/Pasture/Shrubland,1169502873.1037595,116950.28731037596,76.08761639426346,grassPastureHay,NA,NA,NA,NA,NA,NA,NA,NA,NA,NA,1.134465543549872,0.0031081247768489644,9.17457890758778,21.63315399587973
2063,20197,Other Crops,29094649.42529061,2909.464942529061,1.8928919077573607,all_cult,NA,NA,NA,NA,NA,NA,NA,NA,NA,NA,1.134465543549872,0.0031081247768489644,9.17457890758778,21.63315399587973
2063,20197,Sorghum,3287931.385599168,328.7931385599168,0.21391213972326276,all_cult,Sorghum,NA,NA,112,36824.831518710685,2481.3663677978548,842.7540033189821,82.72355180815254,136.19993426405736,5,1.134465543549872,0.0031081247768489644,9.17457890758778,21.63315399587973
2063,20197,Soybeans,83491332.16381498,8349.133216381497,5.431928899043218,all_cult,Soybeans,0.12942046457519057,22.77777777777778,56,467551.46011736384,2481.3663677978548,842.7540033189821,82.72355180815254,136.19993426405736,5,1.134465543549872,0.0031081247768489644,9.17457890758778,21.63315399587973
2063,20197,Wheat,7530280.724868099,753.02807248681,0.4899185152185996,all_cult,Wheat,NA,NA,89,67019.49845132609,2360.151527709964,539.6929302256902,133.2825915315769,169.17138239008693,5,1.134465543549872,0.0031081247768489644,9.17457890758778,21.63315399587973
2063,20209,Corn,2798441.748604609,279.8441748604609,1.0907251789658858,all_cult,Corn,NA,NA,250,69961.04371511523,2560.869919433597,862.8961096758628,66.63458671798551,93.63784603408423,5,1.1684599537028206,0.0032012601471310153,10.173667468763401,21.496363926717702
2063,20209,Developed,144515431.86680782,14451.543186680783,56.32656829996687,developed,NA,NA,NA,NA,NA,NA,NA,NA,NA,NA,1.1684599537028206,0.0032012601471310153,10.173667468763401,21.496363926717702
2063,20209,Double Crop,152719.71803613545,15.271971803613546,0.05952428413764306,all_cult,NA,NA,NA,NA,NA,NA,NA,NA,NA,NA,1.1684599537028206,0.0032012601471310153,10.173667468763401,21.496363926717702
2063,20209,Grass/Pasture/Shrubland,41083799.11850462,4108.379911850462,16.01288794682744,grassPastureHay,NA,NA,NA,NA,NA,NA,NA,NA,NA,NA,1.1684599537028206,0.0032012601471310153,10.173667468763401,21.496363926717702
2063,20209,Other Crops,1959154.8527385148,195.91548527385146,0.7636033619211925,all_cult,NA,NA,NA,NA,NA,NA,NA,NA,NA,NA,1.1684599537028206,0.0032012601471310153,10.173667468763401,21.496363926717702
2063,20209,Sorghum,54127.80426680527,5.412780426680527,0.02109694047602745,all_cult,Sorghum,NA,NA,112,606.231407788219,2560.869919433597,862.8961096758628,66.63458671798551,93.63784603408423,5,1.1684599537028206,0.0032012601471310153,10.173667468763401,21.496363926717702
2063,20209,Soybeans,8244134.676247953,824.4134676247953,3.213247256139296,all_cult,Soybeans,0.14562756367793683,4.75,56,46167.15418698854,2560.869919433597,862.8961096758628,66.63458671798551,93.63784603408423,5,1.1684599537028206,0.0032012601471310153,10.173667468763401,21.496363926717702
2063,20209,Wheat,234900.57353758038,23.49005735375804,0.09155522720411169,all_cult,Wheat,NA,NA,89,2090.6151044844655,2427.282828979495,535.5303020262608,126.1299138714056,163.89441738176444,5,1.1684599537028206,0.0032012601471310153,10.173667468763401,21.496363926717702
2064,20005,Corn,172734778.84431297,17273.477884431297,23.078910848652363,all_cult,Corn,0.10724545034749912,6.181818181818182,250,4318369.471107824,2636.990412597659,847.8072328105488,186.98436310664096,310.94174941676005,5,1.0516892948637864,0.0028734680187535145,9.515196895078255,22.537893743462924
2064,20005,Developed,36578638.84791646,3657.863884791646,4.88723319405755,developed,NA,NA,NA,NA,NA,NA,NA,NA,NA,NA,1.0516892948637864,0.0028734680187535145,9.515196895078255,22.537893743462924
2064,20005,Double Crop,1451158.554832854,145.11585548328543,0.1938877575107932,all_cult,NA,NA,NA,NA,NA,NA,NA,NA,NA,NA,1.0516892948637864,0.0028734680187535145,9.515196895078255,22.537893743462924
2064,20005,Grass/Pasture/Shrubland,215288406.86893737,21528.840686893738,28.764456018176027,grassPastureHay,NA,NA,NA,NA,NA,NA,NA,NA,NA,NA,1.0516892948637864,0.0028734680187535145,9.515196895078255,22.537893743462924
2064,20005,Other Crops,29204979.705745928,2920.4979705745927,3.902046405912905,all_cult,NA,NA,NA,NA,NA,NA,NA,NA,NA,NA,1.0516892948637864,0.0028734680187535145,9.515196895078255,22.537893743462924
2064,20005,Sorghum,732239.3724075308,73.22393724075309,0.09783372699309156,all_cult,Sorghum,NA,NA,112,8201.080970964345,2636.990412597659,847.8072328105488,186.98436310664096,310.94174941676005,5,1.0516892948637864,0.0028734680187535145,9.515196895078255,22.537893743462924
2064,20005,Soybeans,181600576.65296197,18160.057665296197,24.263460703620524,all_cult,Soybeans,0.07483265359624193,5,56,1016963.2292565871,2636.990412597659,847.8072328105488,186.98436310664096,310.94174941676005,5,1.0516892948637864,0.0028734680187535145,9.515196895078255,22.537893743462924
2064,20005,Wheat,5908069.702597459,590.8069702597459,0.7893709354082403,all_cult,Wheat,NA,NA,89,52581.82035311738,2327.2220623779326,608.7008899493245,154.0288505605066,283.3668404888246,5,1.0516892948637864,0.0028734680187535145,9.515196895078255,22.537893743462924
2064,20013,Corn,113276297.82191704,11327.629782191703,25.36090350021212,all_cult,Corn,0.12646432205391206,17.5625,250,2831907.445547926,2600.273494262698,848.4891500370636,175.94454694672592,312.37222376510556,5,1.0340964033916749,0.0028254000092668716,9.037053009199989,22.455112561502116
2064,20013,Developed,24170977.38782201,2417.0977387822013,5.411527714315524,developed,NA,NA,NA,NA,NA,NA,NA,NA,NA,NA,1.0340964033916749,0.0028254000092668716,9.037053009199989,22.455112561502116
2064,20013,Double Crop,542048.8992527233,54.20488992527234,0.12135680712267008,all_cult,NA,NA,NA,NA,NA,NA,NA,NA,NA,NA,1.0340964033916749,0.0028254000092668716,9.037053009199989,22.455112561502116
2064,20013,Grass/Pasture/Shrubland,122499833.68113159,12249.983368113159,27.425918047421547,grassPastureHay,NA,NA,NA,NA,NA,NA,NA,NA,NA,NA,1.0340964033916749,0.0028254000092668716,9.037053009199989,22.455112561502116
2064,20013,Other Crops,13090232.71280689,1309.023271280689,2.9307113227404837,all_cult,NA,NA,NA,NA,NA,NA,NA,NA,NA,NA,1.0340964033916749,0.0028254000092668716,9.037053009199989,22.455112561502116
2064,20013,Sorghum,333636.9508835004,33.363695088350035,0.07469642527304013,all_cult,Sorghum,NA,NA,112,3736.733849895204,2600.273494262698,848.4891500370636,175.94454694672592,312.37222376510556,5,1.0340964033916749,0.0028254000092668716,9.037053009199989,22.455112561502116
2064,20013,Soybeans,123405327.24801578,12340.532724801578,27.62864479089188,all_cult,Soybeans,0.10147480973744562,10.461538461538462,56,691069.8325888884,2600.273494262698,848.4891500370636,175.94454694672592,312.37222376510556,5,1.0340964033916749,0.0028254000092668716,9.037053009199989,22.455112561502116
2064,20013,Wheat,3906288.4515680084,390.6288451568008,0.8745607542714157,all_cult,Wheat,NA,NA,89,34765.96721895527,2286.6262518310573,600.7461788143905,150.4095086161167,282.760904139518,5,1.0340964033916749,0.0028254000092668716,9.037053009199989,22.455112561502116
2064,20045,Corn,74392843.99321488,7439.284399321487,7.631923083362056,all_cult,Corn,0.1459526935617447,11,250,1859821.0998303718,2690.892943725589,793.2513893400393,191.07232999717436,266.4543679508987,5,1.0237190720606077,0.0027970466449743383,10.174380059581008,22.875585337154224
2064,20045,Developed,130402436.2681122,13040.24362681122,13.37791795635647,developed,NA,NA,NA,NA,NA,NA,NA,NA,NA,NA,1.0237190720606077,0.0027970466449743383,10.174380059581008,22.875585337154224
2064,20045,Double Crop,4220114.888463862,422.01148884638627,0.4329393864098648,all_cult,NA,NA,NA,NA,NA,NA,NA,NA,NA,NA,1.0237190720606077,0.0027970466449743383,10.174380059581008,22.875585337154224
2064,20045,Grass/Pasture/Shrubland,354830010.0217444,35483.00100217444,36.40182575089523,grassPastureHay,NA,NA,NA,NA,NA,NA,NA,NA,NA,NA,1.0237190720606077,0.0027970466449743383,10.174380059581008,22.875585337154224
2064,20045,Other Crops,37964614.628596716,3796.4614628596714,3.8947700233285687,all_cult,NA,NA,NA,NA,NA,NA,NA,NA,NA,NA,1.0237190720606077,0.0027970466449743383,10.174380059581008,22.875585337154224
2064,20045,Sorghum,671055.755263424,67.1055755263424,0.06884326010288025,all_cult,Sorghum,NA,NA,112,7515.824458950349,2690.892943725589,793.2513893400393,191.07232999717436,266.4543679508987,5,1.0237190720606077,0.0027970466449743383,10.174380059581008,22.875585337154224
2064,20045,Soybeans,100028766.3995359,10002.876639953589,10.261898998705805,all_cult,Soybeans,0.11420951862362651,8.5,56,560161.091837401,2690.892943725589,793.2513893400393,191.07232999717436,266.4543679508987,5,1.0237190720606077,0.0027970466449743383,10.174380059581008,22.875585337154224
2064,20045,Wheat,7085783.937909698,708.5783937909698,0.7269268802840957,all_cult,Wheat,NA,NA,89,63063.477047396314,2392.888703613284,612.3091321760122,148.29178667326866,241.84834090832547,5,1.0237190720606077,0.0027970466449743383,10.174380059581008,22.875585337154224
2064,20061,Corn,31722102.062803604,3172.21020628036,4.044269831598419,all_cult,Corn,0.16936452361704205,12.944444444444445,250,793052.55157009,2627.940417480472,703.8463299657645,178.67652402238215,217.6829684846376,5,0.8742227774355019,0.0023885868235942677,9.37527142300634,22.910665526676723
2064,20061,Developed,61171563.9285717,6117.15639285717,7.798799400437711,developed,NA,NA,NA,NA,NA,NA,NA,NA,NA,NA,0.8742227774355019,0.0023885868235942677,9.37527142300634,22.910665526676723
2064,20061,Double Crop,5604030.762346523,560.4030762346523,0.7144612454318694,all_cult,NA,NA,NA,NA,NA,NA,NA,NA,NA,NA,0.8742227774355019,0.0023885868235942677,9.37527142300634,22.910665526676723
2064,20061,Grass/Pasture/Shrubland,476190220.2809351,47619.02202809351,60.70977699307564,grassPastureHay,NA,NA,NA,NA,NA,NA,NA,NA,NA,NA,0.8742227774355019,0.0023885868235942677,9.37527142300634,22.910665526676723
2064,20061,Other Crops,18227803.79878525,1822.7803798785249,2.323873646638379,all_cult,NA,NA,NA,NA,NA,NA,NA,NA,NA,NA,0.8742227774355019,0.0023885868235942677,9.37527142300634,22.910665526676723
2064,20061,Sorghum,5491901.736070833,549.1901736070832,0.7001658485721192,all_cult,Sorghum,NA,NA,112,61509.299443993325,2627.940417480472,703.8463299657645,178.67652402238215,217.6829684846376,5,0.8742227774355019,0.0023885868235942677,9.37527142300634,22.910665526676723
2064,20061,Soybeans,39491221.54782481,3949.1221547824807,5.03475953777074,all_cult,Soybeans,0.12217913528938978,7.666666666666667,56,221150.8406678189,2627.940417480472,703.8463299657645,178.67652402238215,217.6829684846376,5,0.8742227774355019,0.0023885868235942677,9.37527142300634,22.910665526676723
2064,20061,Wheat,15495075.277191846,1549.5075277191845,1.9754764472362665,all_cult,Wheat,NA,NA,89,137906.16996700742,2339.225863037112,507.4053832430596,161.3274902013195,189.12499479628443,5,0.8742227774355019,0.0023885868235942677,9.37527142300634,22.910665526676723
2064,20085,Corn,134933024.35661882,13493.30243566188,7.9306511901880965,all_cult,Corn,NA,NA,250,3373325.60891547,2615.1393389892605,828.4465270849365,179.40921858657535,309.91915515832613,5,1.0167992885845654,0.0027781401327447138,9.26193185608246,22.668321986797753
2064,20085,Developed,75618361.35140783,7561.836135140783,4.444448275810096,developed,NA,NA,NA,NA,NA,NA,NA,NA,NA,NA,1.0167992885845654,0.0027781401327447138,9.26193185608246,22.668321986797753
2064,20085,Double Crop,1864792.83802623,186.479283802623,0.10960268333762817,all_cult,NA,NA,NA,NA,NA,NA,NA,NA,NA,NA,1.0167992885845654,0.0027781401327447138,9.26193185608246,22.668321986797753
2064,20085,Grass/Pasture/Shrubland,941187748.5802637,94118.77485802637,55.31804963283908,grassPastureHay,NA,NA,NA,NA,NA,NA,NA,NA,NA,NA,1.0167992885845654,0.0027781401327447138,9.26193185608246,22.668321986797753
2064,20085,Other Crops,98052397.627671,9805.2397627671,5.7630025537076115,all_cult,NA,NA,NA,NA,NA,NA,NA,NA,NA,NA,1.0167992885845654,0.0027781401327447138,9.26193185608246,22.668321986797753
2064,20085,Sorghum,4069081.398774073,406.9081398774073,0.23915913388905596,all_cult,Sorghum,NA,NA,112,45573.71166626961,2615.1393389892605,828.4465270849365,179.40921858657535,309.91915515832613,5,1.0167992885845654,0.0027781401327447138,9.26193185608246,22.668321986797753
2064,20085,Soybeans,170772946.2930534,17077.29462930534,10.037132690300496,all_cult,Soybeans,NA,NA,56,956328.499241099,2615.1393389892605,828.4465270849365,179.40921858657535,309.91915515832613,5,1.0167992885845654,0.0027781401327447138,9.26193185608246,22.668321986797753
2064,20085,Wheat,13725583.902961861,1372.5583902961862,0.8067173980208171,all_cult,Wheat,NA,NA,89,122157.69673636057,2319.703859863284,589.415452164887,150.20357416471117,284.8306626408159,5,1.0167992885845654,0.0027781401327447138,9.26193185608246,22.668321986797753
2064,20087,Corn,155094058.297135,15509.4058297135,10.788896738521789,all_cult,Corn,0.13078338055311117,25.77777777777778,250,3877351.457428375,2651.6680126953156,844.0324927301729,189.88166955134207,297.79125132694395,5,1.0598118577409403,0.002895660813499837,9.781808279902581,22.645892600804753
2064,20087,Developed,83037617.78054704,8303.761778054704,5.7763933285619125,developed,NA,NA,NA,NA,NA,NA,NA,NA,NA,NA,1.0598118577409403,0.002895660813499837,9.781808279902581,22.645892600804753
2064,20087,Double Crop,3214015.8179615135,321.4015817961514,0.2235784217441099,all_cult,NA,NA,NA,NA,NA,NA,NA,NA,NA,NA,1.0598118577409403,0.002895660813499837,9.781808279902581,22.645892600804753
2064,20087,Grass/Pasture/Shrubland,533878677.1787268,53387.86771787268,37.138507962340775,grassPastureHay,NA,NA,NA,NA,NA,NA,NA,NA,NA,NA,1.0598118577409403,0.002895660813499837,9.781808279902581,22.645892600804753
2064,20087,Other Crops,67978226.39294052,6797.822639294052,4.728808266891807,all_cult,NA,NA,NA,NA,NA,NA,NA,NA,NA,NA,1.0598118577409403,0.002895660813499837,9.781808279902581,22.645892600804753
2064,20087,Sorghum,2078940.1655916602,207.89401655916603,0.1446185045281528,all_cult,Sorghum,NA,NA,112,23284.129854626597,2651.6680126953156,844.0324927301729,189.88166955134207,297.79125132694395,5,1.0598118577409403,0.002895660813499837,9.781808279902581,22.645892600804753
2064,20087,Soybeans,173639107.61438552,17363.91076143855,12.078956617613274,all_cult,Soybeans,0.09985991575255485,13.833333333333334,56,972379.0026405589,2651.6680126953156,844.0324927301729,189.88166955134207,297.79125132694395,5,1.0598118577409403,0.002895660813499837,9.781808279902581,22.645892600804753
2064,20087,Wheat,7377427.0278590415,737.7427027859042,0.5132001784817648,all_cult,Wheat,NA,NA,89,65659.10054794548,2354.9912658691437,623.2350752976689,151.21725347854488,280.660399654287,5,1.0598118577409403,0.002895660813499837,9.781808279902581,22.645892600804753
2064,20091,Corn,20137063.169311535,2013.7063169311532,3.334881975218613,all_cult,Corn,0.14955141172933145,4,250,503426.5792327883,2704.7880834960965,832.1680093385262,196.2940351021473,284.0915984665678,5,1.0902740048270518,0.00297889072357118,10.369213867187524,22.764333856301253
2064,20091,Developed,271607528.4848879,27160.752848488788,44.98069273866694,developed,NA,NA,NA,NA,NA,NA,NA,NA,NA,NA,1.0902740048270518,0.00297889072357118,10.369213867187524,22.764333856301253
2064,20091,Double Crop,2013905.6882216034,201.39056882216036,0.3335212152324038,all_cult,NA,NA,NA,NA,NA,NA,NA,NA,NA,NA,1.0902740048270518,0.00297889072357118,10.369213867187524,22.764333856301253
2064,20091,Grass/Pasture/Shrubland,139667491.4795437,13966.749147954368,23.130214964462166,grassPastureHay,NA,NA,NA,NA,NA,NA,NA,NA,NA,NA,1.0902740048270518,0.00297889072357118,10.369213867187524,22.764333856301253
2064,20091,Other Crops,14581458.923742233,1458.1458923742232,2.4148230617504245,all_cult,NA,NA,NA,NA,NA,NA,NA,NA,NA,NA,1.0902740048270518,0.00297889072357118,10.369213867187524,22.764333856301253
2064,20091,Sorghum,265245.84730308503,26.524584730308504,0.043927140106542625,all_cult,Sorghum,NA,NA,112,2970.7534897945525,2704.7880834960965,832.1680093385262,196.2940351021473,284.0915984665678,5,1.0902740048270518,0.00297889072357118,10.369213867187524,22.764333856301253
2064,20091,Soybeans,40506888.73460731,4050.688873460731,6.708311533684595,all_cult,Soybeans,NA,NA,56,226838.57691380093,2704.7880834960965,832.1680093385262,196.2940351021473,284.0915984665678,5,1.0902740048270518,0.00297889072357118,10.369213867187524,22.764333856301253
2064,20091,Wheat,3047090.5931461067,304.70905931461067,0.5046260922212007,all_cult,Wheat,NA,NA,89,27119.10627900035,2398.639291381839,647.495969846109,152.19386437568923,250.32783838618005,5,1.0902740048270518,0.00297889072357118,10.369213867187524,22.764333856301253
2064,20103,Corn,55676654.53817842,5567.665453817842,6.162232243462533,all_cult,Corn,0.09926099891867379,4.75,250,1391916.3634544604,2684.7509289550812,849.2191861871945,193.6424128683516,295.456557279976,5,1.0822427113016717,0.0029569472986384474,10.07948580048777,22.736582221359527
2064,20103,Developed,66222526.18511143,6622.252618511144,7.329437975150055,developed,NA,NA,NA,NA,NA,NA,NA,NA,NA,NA,1.0822427113016717,0.0029569472986384474,10.07948580048777,22.736582221359527
2064,20103,Double Crop,2239300.7972116056,223.93007972116058,0.2478434038440015,all_cult,NA,NA,NA,NA,NA,NA,NA,NA,NA,NA,1.0822427113016717,0.0029569472986384474,10.07948580048777,22.736582221359527
2064,20103,Grass/Pasture/Shrubland,361083573.13099504,36108.3573130995,39.96434152498699,grassPastureHay,NA,NA,NA,NA,NA,NA,NA,NA,NA,NA,1.0822427113016717,0.0029569472986384474,10.07948580048777,22.736582221359527
2064,20103,Other Crops,54377617.6404599,5437.76176404599,6.018456236750789,all_cult,NA,NA,NA,NA,NA,NA,NA,NA,NA,NA,1.0822427113016717,0.0029569472986384474,10.07948580048777,22.736582221359527
2064,20103,Sorghum,567901.3203360821,56.79013203360822,0.06285470735100035,all_cult,Sorghum,NA,NA,112,6360.494787764121,2684.7509289550812,849.2191861871945,193.6424128683516,295.456557279976,5,1.0822427113016717,0.0029569472986384474,10.07948580048777,22.736582221359527
2064,20103,Soybeans,101039226.18326606,10103.922618326606,11.18291288522158,all_cult,Soybeans,0.11410095968932568,4.571428571428571,56,565819.66662629,2684.7509289550812,849.2191861871945,193.6424128683516,295.456557279976,5,1.0822427113016717,0.0029569472986384474,10.07948580048777,22.736582221359527
2064,20103,Wheat,4817340.8524583215,481.7340852458321,0.5331781044497215,all_cult,Wheat,NA,NA,89,42874.33358687905,2378.2756048584015,636.1414013521198,152.04552694205393,266.50541732883505,5,1.0822427113016717,0.0029569472986384474,10.07948580048777,22.736582221359527
2064,20117,Corn,1797933.5665907045,179.79335665907044,8.787790125047634,all_cult,Corn,0.16261062771687598,15.722222222222221,250,44948.33916476761,2568.688870849612,801.4236802700794,171.0257960922905,314.5230798226407,5,0.9665162088546261,0.0026407546690017103,8.820247020617233,22.265977453012958
2064,20117,Developed,709093.4285035765,70.90934285035766,3.465847873654197,developed,NA,NA,NA,NA,NA,NA,NA,NA,NA,NA,0.9665162088546261,0.0026407546690017103,8.820247020617233,22.265977453012958
2064,20117,Double Crop,17005.082052877187,1.700508205287719,0.08311602548433755,all_cult,NA,NA,NA,NA,NA,NA,NA,NA,NA,NA,0.9665162088546261,0.0026407546690017103,8.820247020617233,22.265977453012958
2064,20117,Grass/Pasture/Shrubland,13608757.209524421,1360.8757209524422,66.51575143947134,grassPastureHay,NA,NA,NA,NA,NA,NA,NA,NA,NA,NA,0.9665162088546261,0.0026407546690017103,8.820247020617233,22.265977453012958
2064,20117,Other Crops,368569.7378671669,36.856973786716694,1.801464505144208,all_cult,NA,NA,NA,NA,NA,NA,NA,NA,NA,NA,0.9665162088546261,0.0026407546690017103,8.820247020617233,22.265977453012958
2064,20117,Sorghum,113210.96189225193,11.321096189225193,0.5533431220433721,all_cult,Sorghum,NA,NA,112,1267.9627731932217,2568.688870849612,801.4236802700794,171.0257960922905,314.5230798226407,5,0.9665162088546261,0.0026407546690017103,8.820247020617233,22.265977453012958
2064,20117,Soybeans,2250086.8872694396,225.00868872694397,10.99778751332857,all_cult,Soybeans,0.12228514283699721,8.25,56,12600.486568708862,2568.688870849612,801.4236802700794,171.0257960922905,314.5230798226407,5,0.9665162088546261,0.0026407546690017103,8.820247020617233,22.265977453012958
2064,20117,Wheat,234744.84118524572,23.474484118524572,1.1473663074132867,all_cult,Wheat,NA,NA,89,2089.229086548687,2260.192435913089,556.4630773751544,150.038323994704,259.49663536401727,5,0.9665162088546261,0.0026407546690017103,8.820247020617233,22.265977453012958
2064,20127,Corn,10941387.892613748,1094.1387892613748,4.064821675495574,all_cult,Corn,NA,NA,250,273534.6973153437,2631.8032684326204,670.66856803529,176.46647598215986,196.58050424466347,5,0.8464886827464969,0.002312810608596986,9.440296594171599,22.930782797558084
2064,20127,Developed,12128694.282144045,1212.8694282144045,4.50591642462472,developed,NA,NA,NA,NA,NA,NA,NA,NA,NA,NA,0.8464886827464969,0.002312810608596986,9.440296594171599,22.930782797558084
2064,20127,Double Crop,4499199.088895911,449.9199088895911,1.671491967784096,all_cult,NA,NA,NA,NA,NA,NA,NA,NA,NA,NA,0.8464886827464969,0.002312810608596986,9.440296594171599,22.930782797558084
2064,20127,Grass/Pasture/Shrubland,158101691.18434784,15810.169118434784,58.73616652348874,grassPastureHay,NA,NA,NA,NA,NA,NA,NA,NA,NA,NA,0.8464886827464969,0.002312810608596986,9.440296594171599,22.930782797558084
2064,20127,Other Crops,10981377.128665583,1098.1377128665583,4.079678027823576,all_cult,NA,NA,NA,NA,NA,NA,NA,NA,NA,NA,0.8464886827464969,0.002312810608596986,9.440296594171599,22.930782797558084
2064,20127,Sorghum,7272388.587591114,727.2388587591115,2.701756217181813,all_cult,Sorghum,NA,NA,112,81450.75218102049,2631.8032684326204,670.66856803529,176.46647598215986,196.58050424466347,5,0.8464886827464969,0.002312810608596986,9.440296594171599,22.930782797558084
2064,20127,Soybeans,28686301.015498407,2868.6301015498407,10.657212713965244,all_cult,Soybeans,0.11686486262093489,4,56,160643.2856867911,2631.8032684326204,670.66856803529,176.46647598215986,196.58050424466347,5,0.8464886827464969,0.002312810608596986,9.440296594171599,22.930782797558084
2064,20127,Wheat,20934850.636842933,2093.485063684293,7.777480834890052,all_cult,Wheat,NA,NA,89,186320.17066790207,2344.069920043948,496.1348095421147,164.51915580397247,182.16443505541775,5,0.8464886827464969,0.002312810608596986,9.440296594171599,22.930782797558084
2064,20131,Corn,124792211.963085,12479.2211963085,16.444051346315263,all_cult,Corn,0.12528513936677563,9.454545454545455,250,3119805.299077125,2569.3845947265654,823.3297215672403,171.44007346469155,310.4907398635967,5,0.9965863521219405,0.0027229135303878152,8.824579040860892,22.228992166154395
2064,20131,Developed,34827921.40223819,3482.792140223819,4.589325878711502,developed,NA,NA,NA,NA,NA,NA,NA,NA,NA,NA,0.9965863521219405,0.0027229135303878152,8.824579040860892,22.228992166154395
2064,20131,Double Crop,1288597.7379512293,128.85977379512295,0.1698003988733199,all_cult,NA,NA,NA,NA,NA,NA,NA,NA,NA,NA,0.9965863521219405,0.0027229135303878152,8.824579040860892,22.228992166154395
2064,20131,Grass/Pasture/Shrubland,328086582.4549448,32808.65824549448,43.232446344665604,grassPastureHay,NA,NA,NA,NA,NA,NA,NA,NA,NA,NA,0.9965863521219405,0.0027229135303878152,8.824579040860892,22.228992166154395
2064,20131,Other Crops,27101730.321978156,2710.1730321978157,3.5712344382550913,all_cult,NA,NA,NA,NA,NA,NA,NA,NA,NA,NA,0.9965863521219405,0.0027229135303878152,8.824579040860892,22.228992166154395
2064,20131,Sorghum,2055671.3741418559,205.5671374141856,0.2708788080264065,all_cult,Sorghum,NA,NA,112,23023.519390388785,2569.3845947265654,823.3297215672403,171.44007346469155,310.4907398635967,5,0.9965863521219405,0.0027229135303878152,8.824579040860892,22.228992166154395
2064,20131,Soybeans,136674912.54505298,13667.491254505298,18.00985209164201,all_cult,Soybeans,0.1067341402930363,5.142857142857143,56,765379.5102522967,2569.3845947265654,823.3297215672403,171.44007346469155,310.4907398635967,5,0.9965863521219405,0.0027229135303878152,8.824579040860892,22.228992166154395
2064,20131,Wheat,9588450.555545796,958.8450555545795,1.2634840811511674,all_cult,Wheat,NA,NA,89,85337.20994435757,2255.23151062012,579.9871065265079,147.3957864328668,273.0716307891292,5,0.9965863521219405,0.0027229135303878152,8.824579040860892,22.228992166154395
2064,20139,Corn,20890964.22588984,2089.096422588984,9.4988079569725965,all_cult,Corn,NA,NA,250,522274.10564724595,2651.431711425784,751.7911246234252,186.10752873620672,239.33489647518616,5,0.9691623193856058,0.002647984479195644,9.780534646289619,22.81787904833186
2064,20139,Developed,11858545.489950646,1185.8545489950645,5.391902692479325,developed,NA,NA,NA,NA,NA,NA,NA,NA,NA,NA,0.9691623193856058,0.002647984479195644,9.780534646289619,22.81787904833186
2064,20139,Double Crop,1849135.1156913848,184.91351156913848,0.8407739901578724,all_cult,NA,NA,NA,NA,NA,NA,NA,NA,NA,NA,0.9691623193856058,0.002647984479195644,9.780534646289619,22.81787904833186
2064,20139,Grass/Pasture/Shrubland,108139234.26990536,10813.923426990536,49.1692871538651,grassPastureHay,NA,NA,NA,NA,NA,NA,NA,NA,NA,NA,0.9691623193856058,0.002647984479195644,9.780534646289619,22.81787904833186
2064,20139,Other Crops,6302951.103083336,630.2951103083336,2.86585728849129,all_cult,NA,NA,NA,NA,NA,NA,NA,NA,NA,NA,0.9691623193856058,0.002647984479195644,9.780534646289619,22.81787904833186
2064,20139,Sorghum,252758.48461129973,25.27584846112997,0.11492549021948671,all_cult,Sorghum,NA,NA,112,2830.8950276465566,2651.431711425784,751.7911246234252,186.10752873620672,239.33489647518616,5,0.9691623193856058,0.002647984479195644,9.780534646289619,22.81787904833186
2064,20139,Soybeans,28064514.38751116,2806.4514387511163,12.76051357372463,all_cult,Soybeans,NA,NA,56,157161.28057006252,2651.431711425784,751.7911246234252,186.10752873620672,239.33489647518616,5,0.9691623193856058,0.002647984479195644,9.780534646289619,22.81787904833186
2064,20139,Wheat,1738320.944623076,173.8320944623076,0.7903884493801757,all_cult,Wheat,NA,NA,89,15471.056407145375,2368.868126220706,577.4427853400354,149.15722784061077,225.23289136586408,5,0.9691623193856058,0.002647984479195644,9.780534646289619,22.81787904833186
2064,20149,Corn,136791901.8519852,13679.190185198519,7.982141503627487,all_cult,Corn,0.1326174661314905,62.44444444444444,250,3419797.54629963,2612.916533203128,779.5327197496405,175.41941365997295,297.4120528662492,5,0.9464301623331196,0.0025858747604730046,9.181708113873615,22.73400336927406
2064,20149,Developed,87781477.02653997,8778.147702653996,5.122263537072818,developed,NA,NA,NA,NA,NA,NA,NA,NA,NA,NA,0.9464301623331196,0.0025858747604730046,9.181708113873615,22.73400336927406
2064,20149,Double Crop,1803166.4492782145,180.31664492782144,0.1052191654466961,all_cult,NA,NA,NA,NA,NA,NA,NA,NA,NA,NA,0.9464301623331196,0.0025858747604730046,9.181708113873615,22.73400336927406
2064,20149,Grass/Pasture/Shrubland,1058221194.9777538,105822.11949777538,61.749790785057485,grassPastureHay,NA,NA,NA,NA,NA,NA,NA,NA,NA,NA,0.9464301623331196,0.0025858747604730046,9.181708113873615,22.73400336927406
2064,20149,Other Crops,34485813.7618199,3448.58137618199,2.012331443512244,all_cult,NA,NA,NA,NA,NA,NA,NA,NA,NA,NA,0.9464301623331196,0.0025858747604730046,9.181708113873615,22.73400336927406
2064,20149,Sorghum,5647082.09049503,564.708209049503,0.3295210295248753,all_cult,Sorghum,NA,NA,112,63247.319413544334,2612.916533203128,779.5327197496405,175.41941365997295,297.4120528662492,5,0.9464301623331196,0.0025858747604730046,9.181708113873615,22.73400336927406
2064,20149,Soybeans,153915907.33370754,15391.590733370755,8.98136903839706,all_cult,Soybeans,0.11392545848870632,51.611111111111114,56,861929.0810687622,2612.916533203128,779.5327197496405,175.41941365997295,297.4120528662492,5,0.9464301623331196,0.0025858747604730046,9.181708113873615,22.73400336927406
2064,20149,Wheat,13424373.002870617,1342.4373002870618,0.7833449455387832,all_cult,Wheat,NA,NA,89,119476.9197255485,2317.581662597659,540.7504541258639,152.10494732548432,248.91821502853475,5,0.9464301623331196,0.0025858747604730046,9.181708113873615,22.73400336927406
2064,20161,Corn,29887562.457934357,2988.756245793436,3.7374801575206362,all_cult,Corn,0.14127372152863188,12.444444444444445,250,747189.0614483589,2625.663367919925,728.8192620788924,175.53186028563954,252.75665258643932,5,0.8898970468481727,0.002431412696306483,9.26187629074349,22.937040235175484
2064,20161,Developed,93189704.06140432,9318.970406140432,11.653498685445852,developed,NA,NA,NA,NA,NA,NA,NA,NA,NA,NA,0.8898970468481727,0.002431412696306483,9.26187629074349,22.937040235175484
2064,20161,Double Crop,2321662.5391971655,232.16625391971652,0.2903270443991936,all_cult,NA,NA,NA,NA,NA,NA,NA,NA,NA,NA,0.8898970468481727,0.002431412696306483,9.26187629074349,22.937040235175484
2064,20161,Grass/Pasture/Shrubland,421935273.9416269,42193.527394162695,52.76357736882686,grassPastureHay,NA,NA,NA,NA,NA,NA,NA,NA,NA,NA,0.8898970468481727,0.002431412696306483,9.26187629074349,22.937040235175484
2064,20161,Other Crops,10313350.483787943,1031.3350483787942,1.2896984437913022,all_cult,NA,NA,NA,NA,NA,NA,NA,NA,NA,NA,0.8898970468481727,0.002431412696306483,9.26187629074349,22.937040235175484
2064,20161,Sorghum,8046145.345421317,804.6145345421318,1.0061813711092988,all_cult,Sorghum,NA,NA,112,90116.82786871876,2625.663367919925,728.8192620788924,175.53186028563954,252.75665258643932,5,0.8898970468481727,0.002431412696306483,9.26187629074349,22.937040235175484
2064,20161,Soybeans,56043067.26954317,5604.306726954317,7.008261452613234,all_cult,Soybeans,0.12420661341954765,10.38888888888889,56,313841.17670944176,2625.663367919925,728.8192620788924,175.53186028563954,252.75665258643932,5,0.8898970468481727,0.002431412696306483,9.26187629074349,22.937040235175484
2064,20161,Wheat,14763447.35949416,1476.3447359494162,1.8461890841841313,all_cult,Wheat,NA,NA,89,131394.68149949805,2333.762749633792,512.4391252763716,159.26276115452006,211.0708628301984,5,0.8898970468481727,0.002431412696306483,9.26187629074349,22.937040235175484
2064,20177,Corn,132475537.80653152,13247.553780653152,9.091050553311547,all_cult,Corn,0.12030458771317423,83,250,3311888.445163288,2646.977504272464,775.4600570813703,185.5028266619543,259.7070027389683,5,0.9768006735436846,0.002668854299299685,9.715682374714525,22.79021024443415
2064,20177,Developed,255013934.0237044,25501.393402370442,17.50017100813045,developed,NA,NA,NA,NA,NA,NA,NA,NA,NA,NA,0.9768006735436846,0.002668854299299685,9.715682374714525,22.79021024443415
2064,20177,Double Crop,2797246.7569815805,279.7246756981581,0.19195930130847558,all_cult,NA,NA,NA,NA,NA,NA,NA,NA,NA,NA,0.9768006735436846,0.002668854299299685,9.715682374714525,22.79021024443415
2064,20177,Grass/Pasture/Shrubland,626083355.6398722,62608.33556398722,42.96457693964075,grassPastureHay,NA,NA,NA,NA,NA,NA,NA,NA,NA,NA,0.9768006735436846,0.002668854299299685,9.715682374714525,22.79021024443415
2064,20177,Other Crops,33361526.081880283,3336.1526081880284,2.289413767762353,all_cult,NA,NA,NA,NA,NA,NA,NA,NA,NA,NA,0.9768006735436846,0.002668854299299685,9.715682374714525,22.79021024443415
2064,20177,Sorghum,2303954.5452317544,230.39545452317543,0.15810743319134585,all_cult,Sorghum,NA,NA,112,25804.29090659565,2646.977504272464,775.4600570813703,185.5028266619543,259.7070027389683,5,0.9768006735436846,0.002668854299299685,9.715682374714525,22.79021024443415
2064,20177,Soybeans,145627766.023613,14562.7766023613,9.993613951731533,all_cult,Soybeans,0.09768281806034469,42.833333333333336,56,815515.4897322329,2646.977504272464,775.4600570813703,185.5028266619543,259.7070027389683,5,0.9768006735436846,0.002668854299299685,9.715682374714525,22.79021024443415
2064,20177,Wheat,9565647.685078032,956.5647685078033,0.656436562704971,all_cult,Wheat,NA,NA,89,85134.26439719449,2365.5481201171906,574.6076021988176,148.3837498987537,246.0987902130479,5,0.9768006735436846,0.002668854299299685,9.715682374714525,22.79021024443415
2064,20197,Corn,69733578.79693311,6973.357879693312,4.536852294529976,all_cult,Corn,0.14186117514330646,28.666666666666668,250,1743339.469923328,2623.47883483887,735.4896561422253,182.11918096297535,250.0717113540104,5,0.9137999688417342,0.002496721226343536,9.404727147837177,22.82056974817497
2064,20197,Developed,54289406.85937861,5428.940685937861,3.5320576446519008,developed,NA,NA,NA,NA,NA,NA,NA,NA,NA,NA,0.9137999688417342,0.002496721226343536,9.404727147837177,22.82056974817497
2064,20197,Double Crop,1125869.9276987636,112.58699276987635,0.07324886594013556,all_cult,NA,NA,NA,NA,NA,NA,NA,NA,NA,NA,0.9137999688417342,0.002496721226343536,9.404727147837177,22.82056974817497
2064,20197,Grass/Pasture/Shrubland,1169502873.1037595,116950.28731037596,76.08761639426346,grassPastureHay,NA,NA,NA,NA,NA,NA,NA,NA,NA,NA,0.9137999688417342,0.002496721226343536,9.404727147837177,22.82056974817497
2064,20197,Other Crops,29094649.42529061,2909.464942529061,1.8928919077573607,all_cult,NA,NA,NA,NA,NA,NA,NA,NA,NA,NA,0.9137999688417342,0.002496721226343536,9.404727147837177,22.82056974817497
2064,20197,Sorghum,3287931.385599168,328.7931385599168,0.21391213972326276,all_cult,Sorghum,NA,NA,112,36824.831518710685,2623.47883483887,735.4896561422253,182.11918096297535,250.0717113540104,5,0.9137999688417342,0.002496721226343536,9.404727147837177,22.82056974817497
2064,20197,Soybeans,83491332.16381498,8349.133216381497,5.431928899043218,all_cult,Soybeans,0.12942046457519057,22.77777777777778,56,467551.46011736384,2623.47883483887,735.4896561422253,182.11918096297535,250.0717113540104,5,0.9137999688417342,0.002496721226343536,9.404727147837177,22.82056974817497
2064,20197,Wheat,7530280.724868099,753.02807248681,0.4899185152185996,all_cult,Wheat,NA,NA,89,67019.49845132609,2341.952393798831,525.703148891047,149.85158195546833,212.73750637843025,5,0.9137999688417342,0.002496721226343536,9.404727147837177,22.82056974817497
2064,20209,Corn,2798441.748604609,279.8441748604609,1.0907251789658858,all_cult,Corn,NA,NA,250,69961.04371511523,2716.1763873291047,841.261626205695,199.5546812935176,283.79710617406346,5,1.0900875249155284,0.0029783812156161976,10.438505996120455,22.64077768794828
2064,20209,Developed,144515431.86680782,14451.543186680783,56.32656829996687,developed,NA,NA,NA,NA,NA,NA,NA,NA,NA,NA,1.0900875249155284,0.0029783812156161976,10.438505996120455,22.64077768794828
2064,20209,Double Crop,152719.71803613545,15.271971803613546,0.05952428413764306,all_cult,NA,NA,NA,NA,NA,NA,NA,NA,NA,NA,1.0900875249155284,0.0029783812156161976,10.438505996120455,22.64077768794828
2064,20209,Grass/Pasture/Shrubland,41083799.11850462,4108.379911850462,16.01288794682744,grassPastureHay,NA,NA,NA,NA,NA,NA,NA,NA,NA,NA,1.0900875249155284,0.0029783812156161976,10.438505996120455,22.64077768794828
2064,20209,Other Crops,1959154.8527385148,195.91548527385146,0.7636033619211925,all_cult,NA,NA,NA,NA,NA,NA,NA,NA,NA,NA,1.0900875249155284,0.0029783812156161976,10.438505996120455,22.64077768794828
2064,20209,Sorghum,54127.80426680527,5.412780426680527,0.02109694047602745,all_cult,Sorghum,NA,NA,112,606.231407788219,2716.1763873291047,841.261626205695,199.5546812935176,283.79710617406346,5,1.0900875249155284,0.0029783812156161976,10.438505996120455,22.64077768794828
2064,20209,Soybeans,8244134.676247953,824.4134676247953,3.213247256139296,all_cult,Soybeans,0.14562756367793683,4.75,56,46167.15418698854,2716.1763873291047,841.261626205695,199.5546812935176,283.79710617406346,5,1.0900875249155284,0.0029783812156161976,10.438505996120455,22.64077768794828
2064,20209,Wheat,234900.57353758038,23.49005735375804,0.09155522720411169,all_cult,Wheat,NA,NA,89,2090.6151044844655,2392.155657348636,634.6602936784718,152.6024573462122,251.48719313988684,5,1.0900875249155284,0.0029783812156161976,10.438505996120455,22.64077768794828
2065,20005,Corn,172734778.84431297,17273.477884431297,23.078910848652363,all_cult,Corn,0.10724545034749912,6.181818181818182,250,4318369.471107824,2729.9660131835967,601.3017303562382,109.07817080657976,241.202607704257,5,0.8114493188392359,0.0022231488187376327,10.165360216114642,23.247738722709784
2065,20005,Developed,36578638.84791646,3657.863884791646,4.88723319405755,developed,NA,NA,NA,NA,NA,NA,NA,NA,NA,NA,0.8114493188392359,0.0022231488187376327,10.165360216114642,23.247738722709784
2065,20005,Double Crop,1451158.554832854,145.11585548328543,0.1938877575107932,all_cult,NA,NA,NA,NA,NA,NA,NA,NA,NA,NA,0.8114493188392359,0.0022231488187376327,10.165360216114642,23.247738722709784
2065,20005,Grass/Pasture/Shrubland,215288406.86893737,21528.840686893738,28.764456018176027,grassPastureHay,NA,NA,NA,NA,NA,NA,NA,NA,NA,NA,0.8114493188392359,0.0022231488187376327,10.165360216114642,23.247738722709784
2065,20005,Other Crops,29204979.705745928,2920.4979705745927,3.902046405912905,all_cult,NA,NA,NA,NA,NA,NA,NA,NA,NA,NA,0.8114493188392359,0.0022231488187376327,10.165360216114642,23.247738722709784
2065,20005,Sorghum,732239.3724075308,73.22393724075309,0.09783372699309156,all_cult,Sorghum,NA,NA,112,8201.080970964345,2729.9660131835967,601.3017303562382,109.07817080657976,241.202607704257,5,0.8114493188392359,0.0022231488187376327,10.165360216114642,23.247738722709784
2065,20005,Soybeans,181600576.65296197,18160.057665296197,24.263460703620524,all_cult,Soybeans,0.07483265359624193,5,56,1016963.2292565871,2729.9660131835967,601.3017303562382,109.07817080657976,241.202607704257,5,0.8114493188392359,0.0022231488187376327,10.165360216114642,23.247738722709784
2065,20005,Wheat,5908069.702597459,590.8069702597459,0.7893709354082403,all_cult,Wheat,NA,NA,89,52581.82035311738,2475.4228131103546,407.7836498358299,91.2919728892125,112.64326986199065,5,0.8114493188392359,0.0022231488187376327,10.165360216114642,23.247738722709784
2065,20013,Corn,113276297.82191704,11327.629782191703,25.36090350021212,all_cult,Corn,0.12646432205391206,17.5625,250,2831907.445547926,2695.2451904296904,574.7061331653802,104.98230676063667,209.2434047309496,5,0.7816134210962374,0.0021414066331403763,9.68216684001768,23.2268944978061
2065,20013,Developed,24170977.38782201,2417.0977387822013,5.411527714315524,developed,NA,NA,NA,NA,NA,NA,NA,NA,NA,NA,0.7816134210962374,0.0021414066331403763,9.68216684001768,23.2268944978061
2065,20013,Double Crop,542048.8992527233,54.20488992527234,0.12135680712267008,all_cult,NA,NA,NA,NA,NA,NA,NA,NA,NA,NA,0.7816134210962374,0.0021414066331403763,9.68216684001768,23.2268944978061
2065,20013,Grass/Pasture/Shrubland,122499833.68113159,12249.983368113159,27.425918047421547,grassPastureHay,NA,NA,NA,NA,NA,NA,NA,NA,NA,NA,0.7816134210962374,0.0021414066331403763,9.68216684001768,23.2268944978061
2065,20013,Other Crops,13090232.71280689,1309.023271280689,2.9307113227404837,all_cult,NA,NA,NA,NA,NA,NA,NA,NA,NA,NA,0.7816134210962374,0.0021414066331403763,9.68216684001768,23.2268944978061
2065,20013,Sorghum,333636.9508835004,33.363695088350035,0.07469642527304013,all_cult,Sorghum,NA,NA,112,3736.733849895204,2695.2451904296904,574.7061331653802,104.98230676063667,209.2434047309496,5,0.7816134210962374,0.0021414066331403763,9.68216684001768,23.2268944978061
2065,20013,Soybeans,123405327.24801578,12340.532724801578,27.62864479089188,all_cult,Soybeans,0.10147480973744562,10.461538461538462,56,691069.8325888884,2695.2451904296904,574.7061331653802,104.98230676063667,209.2434047309496,5,0.7816134210962374,0.0021414066331403763,9.68216684001768,23.2268944978061
2065,20013,Wheat,3906288.4515680084,390.6288451568008,0.8745607542714157,all_cult,Wheat,NA,NA,89,34765.96721895527,2436.1229907226593,396.9120680447805,89.02258823825055,100.62219134834469,5,0.7816134210962374,0.0021414066331403763,9.68216684001768,23.2268944978061
2065,20045,Corn,74392843.99321488,7439.284399321487,7.631923083362056,all_cult,Corn,0.1459526935617447,11,250,1859821.0998303718,2783.9728924560577,631.4260332955864,109.01502872904962,259.758475702575,5,0.8585606095110446,0.0023522208479754645,10.849635243873097,23.503627411306745
2065,20045,Developed,130402436.2681122,13040.24362681122,13.37791795635647,developed,NA,NA,NA,NA,NA,NA,NA,NA,NA,NA,0.8585606095110446,0.0023522208479754645,10.849635243873097,23.503627411306745
2065,20045,Double Crop,4220114.888463862,422.01148884638627,0.4329393864098648,all_cult,NA,NA,NA,NA,NA,NA,NA,NA,NA,NA,0.8585606095110446,0.0023522208479754645,10.849635243873097,23.503627411306745
2065,20045,Grass/Pasture/Shrubland,354830010.0217444,35483.00100217444,36.40182575089523,grassPastureHay,NA,NA,NA,NA,NA,NA,NA,NA,NA,NA,0.8585606095110446,0.0023522208479754645,10.849635243873097,23.503627411306745
2065,20045,Other Crops,37964614.628596716,3796.4614628596714,3.8947700233285687,all_cult,NA,NA,NA,NA,NA,NA,NA,NA,NA,NA,0.8585606095110446,0.0023522208479754645,10.849635243873097,23.503627411306745
2065,20045,Sorghum,671055.755263424,67.1055755263424,0.06884326010288025,all_cult,Sorghum,NA,NA,112,7515.824458950349,2783.9728924560577,631.4260332955864,109.01502872904962,259.758475702575,5,0.8585606095110446,0.0023522208479754645,10.849635243873097,23.503627411306745
2065,20045,Soybeans,100028766.3995359,10002.876639953589,10.261898998705805,all_cult,Soybeans,0.11420951862362651,8.5,56,560161.091837401,2783.9728924560577,631.4260332955864,109.01502872904962,259.758475702575,5,0.8585606095110446,0.0023522208479754645,10.849635243873097,23.503627411306745
2065,20045,Wheat,7085783.937909698,708.5783937909698,0.7269268802840957,all_cult,Wheat,NA,NA,89,63063.477047396314,2542.98594421387,431.775449484224,91.09730277443988,122.98460047603504,5,0.8585606095110446,0.0023522208479754645,10.849635243873097,23.503627411306745
2065,20061,Corn,31722102.062803604,3172.21020628036,4.044269831598419,all_cult,Corn,0.16936452361704205,12.944444444444445,250,793052.55157009,2739.3552166748077,502.1514881772975,96.09623853138,179.54245102634994,5,0.7082195794274126,0.001940327614869624,10.048580740314664,23.772749056881445
2065,20061,Developed,61171563.9285717,6117.15639285717,7.798799400437711,developed,NA,NA,NA,NA,NA,NA,NA,NA,NA,NA,0.7082195794274126,0.001940327614869624,10.048580740314664,23.772749056881445
2065,20061,Double Crop,5604030.762346523,560.4030762346523,0.7144612454318694,all_cult,NA,NA,NA,NA,NA,NA,NA,NA,NA,NA,0.7082195794274126,0.001940327614869624,10.048580740314664,23.772749056881445
2065,20061,Grass/Pasture/Shrubland,476190220.2809351,47619.02202809351,60.70977699307564,grassPastureHay,NA,NA,NA,NA,NA,NA,NA,NA,NA,NA,0.7082195794274126,0.001940327614869624,10.048580740314664,23.772749056881445
2065,20061,Other Crops,18227803.79878525,1822.7803798785249,2.323873646638379,all_cult,NA,NA,NA,NA,NA,NA,NA,NA,NA,NA,0.7082195794274126,0.001940327614869624,10.048580740314664,23.772749056881445
2065,20061,Sorghum,5491901.736070833,549.1901736070832,0.7001658485721192,all_cult,Sorghum,NA,NA,112,61509.299443993325,2739.3552166748077,502.1514881772975,96.09623853138,179.54245102634994,5,0.7082195794274126,0.001940327614869624,10.048580740314664,23.772749056881445
2065,20061,Soybeans,39491221.54782481,3949.1221547824807,5.03475953777074,all_cult,Soybeans,0.12217913528938978,7.666666666666667,56,221150.8406678189,2739.3552166748077,502.1514881772975,96.09623853138,179.54245102634994,5,0.7082195794274126,0.001940327614869624,10.048580740314664,23.772749056881445
2065,20061,Wheat,15495075.277191846,1549.5075277191845,1.9754764472362665,all_cult,Wheat,NA,NA,89,137906.16996700742,2500.902273559573,358.25192742102945,90.3520931082816,90.747047793857,5,0.7082195794274126,0.001940327614869624,10.048580740314664,23.772749056881445
2065,20085,Corn,134933024.35661882,13493.30243566188,7.9306511901880965,all_cult,Corn,NA,NA,250,3373325.60891547,2719.3496954345733,585.2688570548054,101.00691395231252,219.6612812125005,5,0.7864790564358584,0.00215473714092016,9.940153348739855,23.44772838853812
2065,20085,Developed,75618361.35140783,7561.836135140783,4.444448275810096,developed,NA,NA,NA,NA,NA,NA,NA,NA,NA,NA,0.7864790564358584,0.00215473714092016,9.940153348739855,23.44772838853812
2065,20085,Double Crop,1864792.83802623,186.479283802623,0.10960268333762817,all_cult,NA,NA,NA,NA,NA,NA,NA,NA,NA,NA,0.7864790564358584,0.00215473714092016,9.940153348739855,23.44772838853812
2065,20085,Grass/Pasture/Shrubland,941187748.5802637,94118.77485802637,55.31804963283908,grassPastureHay,NA,NA,NA,NA,NA,NA,NA,NA,NA,NA,0.7864790564358584,0.00215473714092016,9.940153348739855,23.44772838853812
2065,20085,Other Crops,98052397.627671,9805.2397627671,5.7630025537076115,all_cult,NA,NA,NA,NA,NA,NA,NA,NA,NA,NA,0.7864790564358584,0.00215473714092016,9.940153348739855,23.44772838853812
2065,20085,Sorghum,4069081.398774073,406.9081398774073,0.23915913388905596,all_cult,Sorghum,NA,NA,112,45573.71166626961,2719.3496954345733,585.2688570548054,101.00691395231252,219.6612812125005,5,0.7864790564358584,0.00215473714092016,9.940153348739855,23.44772838853812
2065,20085,Soybeans,170772946.2930534,17077.29462930534,10.037132690300496,all_cult,Soybeans,NA,NA,56,956328.499241099,2719.3496954345733,585.2688570548054,101.00691395231252,219.6612812125005,5,0.7864790564358584,0.00215473714092016,9.940153348739855,23.44772838853812
2065,20085,Wheat,13725583.902961861,1372.5583902961862,0.8067173980208171,all_cult,Wheat,NA,NA,89,122157.69673636057,2475.160786743167,403.0219009858096,88.69970828742865,108.32488073089652,5,0.7864790564358584,0.00215473714092016,9.940153348739855,23.44772838853812
2065,20087,Corn,155094058.297135,15509.4058297135,10.788896738521789,all_cult,Corn,0.13078338055311117,25.77777777777778,250,3877351.457428375,2747.9255267334015,620.6436824932434,109.19149406556636,258.24422210247576,5,0.8376199591342182,0.002294849203107447,10.457657989083927,23.33545294774724
2065,20087,Developed,83037617.78054704,8303.761778054704,5.7763933285619125,developed,NA,NA,NA,NA,NA,NA,NA,NA,NA,NA,0.8376199591342182,0.002294849203107447,10.457657989083927,23.33545294774724
2065,20087,Double Crop,3214015.8179615135,321.4015817961514,0.2235784217441099,all_cult,NA,NA,NA,NA,NA,NA,NA,NA,NA,NA,0.8376199591342182,0.002294849203107447,10.457657989083927,23.33545294774724
2065,20087,Grass/Pasture/Shrubland,533878677.1787268,53387.86771787268,37.138507962340775,grassPastureHay,NA,NA,NA,NA,NA,NA,NA,NA,NA,NA,0.8376199591342182,0.002294849203107447,10.457657989083927,23.33545294774724
2065,20087,Other Crops,67978226.39294052,6797.822639294052,4.728808266891807,all_cult,NA,NA,NA,NA,NA,NA,NA,NA,NA,NA,0.8376199591342182,0.002294849203107447,10.457657989083927,23.33545294774724
2065,20087,Sorghum,2078940.1655916602,207.89401655916603,0.1446185045281528,all_cult,Sorghum,NA,NA,112,23284.129854626597,2747.9255267334015,620.6436824932434,109.19149406556636,258.24422210247576,5,0.8376199591342182,0.002294849203107447,10.457657989083927,23.33545294774724
2065,20087,Soybeans,173639107.61438552,17363.91076143855,12.078956617613274,all_cult,Soybeans,0.09985991575255485,13.833333333333334,56,972379.0026405589,2747.9255267334015,620.6436824932434,109.19149406556636,258.24422210247576,5,0.8376199591342182,0.002294849203107447,10.457657989083927,23.33545294774724
2065,20087,Wheat,7377427.0278590415,737.7427027859042,0.5132001784817648,all_cult,Wheat,NA,NA,89,65659.10054794548,2505.569298095706,424.66906466184673,91.79499541921986,120.84548437686624,5,0.8376199591342182,0.002294849203107447,10.457657989083927,23.33545294774724
2065,20091,Corn,20137063.169311535,2013.7063169311532,3.334881975218613,all_cult,Corn,0.14955141172933145,4,250,503426.5792327883,2785.252828979495,663.0886899741259,117.23511218478193,271.15766603700735,5,0.9079128432474752,0.002487432447253357,11.035087196663657,23.294916574138508
2065,20091,Developed,271607528.4848879,27160.752848488788,44.98069273866694,developed,NA,NA,NA,NA,NA,NA,NA,NA,NA,NA,0.9079128432474752,0.002487432447253357,11.035087196663657,23.294916574138508
2065,20091,Double Crop,2013905.6882216034,201.39056882216036,0.3335212152324038,all_cult,NA,NA,NA,NA,NA,NA,NA,NA,NA,NA,0.9079128432474752,0.002487432447253357,11.035087196663657,23.294916574138508
2065,20091,Grass/Pasture/Shrubland,139667491.4795437,13966.749147954368,23.130214964462166,grassPastureHay,NA,NA,NA,NA,NA,NA,NA,NA,NA,NA,0.9079128432474752,0.002487432447253357,11.035087196663657,23.294916574138508
2065,20091,Other Crops,14581458.923742233,1458.1458923742232,2.4148230617504245,all_cult,NA,NA,NA,NA,NA,NA,NA,NA,NA,NA,0.9079128432474752,0.002487432447253357,11.035087196663657,23.294916574138508
2065,20091,Sorghum,265245.84730308503,26.524584730308504,0.043927140106542625,all_cult,Sorghum,NA,NA,112,2970.7534897945525,2785.252828979495,663.0886899741259,117.23511218478193,271.15766603700735,5,0.9079128432474752,0.002487432447253357,11.035087196663657,23.294916574138508
2065,20091,Soybeans,40506888.73460731,4050.688873460731,6.708311533684595,all_cult,Soybeans,NA,NA,56,226838.57691380093,2785.252828979495,663.0886899741259,117.23511218478193,271.15766603700735,5,0.9079128432474752,0.002487432447253357,11.035087196663657,23.294916574138508
2065,20091,Wheat,3047090.5931461067,304.70905931461067,0.5046260922212007,all_cult,Wheat,NA,NA,89,27119.10627900035,2541.9588830566436,461.67787022314326,92.16888452372136,119.72082925774475,5,0.9079128432474752,0.002487432447253357,11.035087196663657,23.294916574138508
2065,20103,Corn,55676654.53817842,5567.665453817842,6.162232243462533,all_cult,Corn,0.09926099891867379,4.75,250,1391916.3634544604,2771.6139184570343,644.5400649135988,113.4453100131897,276.8419955644794,5,0.8738876598209346,0.0023942127666326976,10.747867858050643,23.345179710910767
2065,20103,Developed,66222526.18511143,6622.252618511144,7.329437975150055,developed,NA,NA,NA,NA,NA,NA,NA,NA,NA,NA,0.8738876598209346,0.0023942127666326976,10.747867858050643,23.345179710910767
2065,20103,Double Crop,2239300.7972116056,223.93007972116058,0.2478434038440015,all_cult,NA,NA,NA,NA,NA,NA,NA,NA,NA,NA,0.8738876598209346,0.0023942127666326976,10.747867858050643,23.345179710910767
2065,20103,Grass/Pasture/Shrubland,361083573.13099504,36108.3573130995,39.96434152498699,grassPastureHay,NA,NA,NA,NA,NA,NA,NA,NA,NA,NA,0.8738876598209346,0.0023942127666326976,10.747867858050643,23.345179710910767
2065,20103,Other Crops,54377617.6404599,5437.76176404599,6.018456236750789,all_cult,NA,NA,NA,NA,NA,NA,NA,NA,NA,NA,0.8738876598209346,0.0023942127666326976,10.747867858050643,23.345179710910767
2065,20103,Sorghum,567901.3203360821,56.79013203360822,0.06285470735100035,all_cult,Sorghum,NA,NA,112,6360.494787764121,2771.6139184570343,644.5400649135988,113.4453100131897,276.8419955644794,5,0.8738876598209346,0.0023942127666326976,10.747867858050643,23.345179710910767
2065,20103,Soybeans,101039226.18326606,10103.922618326606,11.18291288522158,all_cult,Soybeans,0.11410095968932568,4.571428571428571,56,565819.66662629,2771.6139184570343,644.5400649135988,113.4453100131897,276.8419955644794,5,0.8738876598209346,0.0023942127666326976,10.747867858050643,23.345179710910767
2065,20103,Wheat,4817340.8524583215,481.7340852458321,0.5331781044497215,all_cult,Wheat,NA,NA,89,42874.33358687905,2523.27294799805,439.492205847906,92.78320801355048,119.09291509195572,5,0.8738876598209346,0.0023942127666326976,10.747867858050643,23.345179710910767
2065,20117,Corn,1797933.5665907045,179.79335665907044,8.787790125047634,all_cult,Corn,0.16261062771687598,15.722222222222221,250,44948.33916476761,2676.3018548584014,548.7400541837491,97.54112356618296,186.2127077944118,5,0.7312664874066953,0.002003469828511494,9.48398348873611,23.130899290320013
2065,20117,Developed,709093.4285035765,70.90934285035766,3.465847873654197,developed,NA,NA,NA,NA,NA,NA,NA,NA,NA,NA,0.7312664874066953,0.002003469828511494,9.48398348873611,23.130899290320013
2065,20117,Double Crop,17005.082052877187,1.700508205287719,0.08311602548433755,all_cult,NA,NA,NA,NA,NA,NA,NA,NA,NA,NA,0.7312664874066953,0.002003469828511494,9.48398348873611,23.130899290320013
2065,20117,Grass/Pasture/Shrubland,13608757.209524421,1360.8757209524422,66.51575143947134,grassPastureHay,NA,NA,NA,NA,NA,NA,NA,NA,NA,NA,0.7312664874066953,0.002003469828511494,9.48398348873611,23.130899290320013
2065,20117,Other Crops,368569.7378671669,36.856973786716694,1.801464505144208,all_cult,NA,NA,NA,NA,NA,NA,NA,NA,NA,NA,0.7312664874066953,0.002003469828511494,9.48398348873611,23.130899290320013
2065,20117,Sorghum,113210.96189225193,11.321096189225193,0.5533431220433721,all_cult,Sorghum,NA,NA,112,1267.9627731932217,2676.3018548584014,548.7400541837491,97.54112356618296,186.2127077944118,5,0.7312664874066953,0.002003469828511494,9.48398348873611,23.130899290320013
2065,20117,Soybeans,2250086.8872694396,225.00868872694397,10.99778751332857,all_cult,Soybeans,0.12228514283699721,8.25,56,12600.486568708862,2676.3018548584014,548.7400541837491,97.54112356618296,186.2127077944118,5,0.7312664874066953,0.002003469828511494,9.48398348873611,23.130899290320013
2065,20117,Wheat,234744.84118524572,23.474484118524572,1.1473663074132867,all_cult,Wheat,NA,NA,89,2089.229086548687,2416.2033764648463,369.10727141600506,86.36725070773176,94.42138431503724,5,0.7312664874066953,0.002003469828511494,9.48398348873611,23.130899290320013
2065,20127,Corn,10941387.892613748,1094.1387892613748,4.064821675495574,all_cult,Corn,NA,NA,250,273534.6973153437,2742.887235717776,493.2860073070932,98.86231425242823,178.89700751617744,5,0.7122745767680061,0.0019514371966246743,10.100548313088636,23.772268618230974
2065,20127,Developed,12128694.282144045,1212.8694282144045,4.50591642462472,developed,NA,NA,NA,NA,NA,NA,NA,NA,NA,NA,0.7122745767680061,0.0019514371966246743,10.100548313088636,23.772268618230974
2065,20127,Double Crop,4499199.088895911,449.9199088895911,1.671491967784096,all_cult,NA,NA,NA,NA,NA,NA,NA,NA,NA,NA,0.7122745767680061,0.0019514371966246743,10.100548313088636,23.772268618230974
2065,20127,Grass/Pasture/Shrubland,158101691.18434784,15810.169118434784,58.73616652348874,grassPastureHay,NA,NA,NA,NA,NA,NA,NA,NA,NA,NA,0.7122745767680061,0.0019514371966246743,10.100548313088636,23.772268618230974
2065,20127,Other Crops,10981377.128665583,1098.1377128665583,4.079678027823576,all_cult,NA,NA,NA,NA,NA,NA,NA,NA,NA,NA,0.7122745767680061,0.0019514371966246743,10.100548313088636,23.772268618230974
2065,20127,Sorghum,7272388.587591114,727.2388587591115,2.701756217181813,all_cult,Sorghum,NA,NA,112,81450.75218102049,2742.887235717776,493.2860073070932,98.86231425242823,178.89700751617744,5,0.7122745767680061,0.0019514371966246743,10.100548313088636,23.772268618230974
2065,20127,Soybeans,28686301.015498407,2868.6301015498407,10.657212713965244,all_cult,Soybeans,0.11686486262093489,4,56,160643.2856867911,2742.887235717776,493.2860073070932,98.86231425242823,178.89700751617744,5,0.7122745767680061,0.0019514371966246743,10.100548313088636,23.772268618230974
2065,20127,Wheat,20934850.636842933,2093.485063684293,7.777480834890052,all_cult,Wheat,NA,NA,89,186320.17066790207,2505.142809448245,365.6370917028523,92.85482014040583,91.61139436249027,5,0.7122745767680061,0.0019514371966246743,10.100548313088636,23.772268618230974
2065,20131,Corn,124792211.963085,12479.2211963085,16.444051346315263,all_cult,Corn,0.12528513936677563,9.454545454545455,250,3119805.299077125,2671.274337768558,560.7563034488822,100.90265407858284,195.22412293958843,5,0.7527459180306745,0.0020623175836456836,9.485787520735254,23.04717138002999
2065,20131,Developed,34827921.40223819,3482.792140223819,4.589325878711502,developed,NA,NA,NA,NA,NA,NA,NA,NA,NA,NA,0.7527459180306745,0.0020623175836456836,9.485787520735254,23.04717138002999
2065,20131,Double Crop,1288597.7379512293,128.85977379512295,0.1698003988733199,all_cult,NA,NA,NA,NA,NA,NA,NA,NA,NA,NA,0.7527459180306745,0.0020623175836456836,9.485787520735254,23.04717138002999
2065,20131,Grass/Pasture/Shrubland,328086582.4549448,32808.65824549448,43.232446344665604,grassPastureHay,NA,NA,NA,NA,NA,NA,NA,NA,NA,NA,0.7527459180306745,0.0020623175836456836,9.485787520735254,23.04717138002999
2065,20131,Other Crops,27101730.321978156,2710.1730321978157,3.5712344382550913,all_cult,NA,NA,NA,NA,NA,NA,NA,NA,NA,NA,0.7527459180306745,0.0020623175836456836,9.485787520735254,23.04717138002999
2065,20131,Sorghum,2055671.3741418559,205.5671374141856,0.2708788080264065,all_cult,Sorghum,NA,NA,112,23023.519390388785,2671.274337768558,560.7563034488822,100.90265407858284,195.22412293958843,5,0.7527459180306745,0.0020623175836456836,9.485787520735254,23.04717138002999
2065,20131,Soybeans,136674912.54505298,13667.491254505298,18.00985209164201,all_cult,Soybeans,0.1067341402930363,5.142857142857143,56,765379.5102522967,2671.274337768558,560.7563034488822,100.90265407858284,195.22412293958843,5,0.7527459180306745,0.0020623175836456836,9.485787520735254,23.04717138002999
2065,20131,Wheat,9588450.555545796,958.8450555545795,1.2634840811511674,all_cult,Wheat,NA,NA,89,85337.20994435757,2407.970438232425,382.5997531405158,86.85502940556873,94.81234672168829,5,0.7527459180306745,0.0020623175836456836,9.485787520735254,23.04717138002999
2065,20139,Corn,20890964.22588984,2089.096422588984,9.4988079569725965,all_cult,Corn,NA,NA,250,522274.10564724595,2755.362904663089,594.0386647217435,101.99026309362291,227.2013746134622,5,0.8218757972166956,0.002251714512922454,10.471333267002912,23.51411311737481
2065,20139,Developed,11858545.489950646,1185.8545489950645,5.391902692479325,developed,NA,NA,NA,NA,NA,NA,NA,NA,NA,NA,0.8218757972166956,0.002251714512922454,10.471333267002912,23.51411311737481
2065,20139,Double Crop,1849135.1156913848,184.91351156913848,0.8407739901578724,all_cult,NA,NA,NA,NA,NA,NA,NA,NA,NA,NA,0.8218757972166956,0.002251714512922454,10.471333267002912,23.51411311737481
2065,20139,Grass/Pasture/Shrubland,108139234.26990536,10813.923426990536,49.1692871538651,grassPastureHay,NA,NA,NA,NA,NA,NA,NA,NA,NA,NA,0.8218757972166956,0.002251714512922454,10.471333267002912,23.51411311737481
2065,20139,Other Crops,6302951.103083336,630.2951103083336,2.86585728849129,all_cult,NA,NA,NA,NA,NA,NA,NA,NA,NA,NA,0.8218757972166956,0.002251714512922454,10.471333267002912,23.51411311737481
2065,20139,Sorghum,252758.48461129973,25.27584846112997,0.11492549021948671,all_cult,Sorghum,NA,NA,112,2830.8950276465566,2755.362904663089,594.0386647217435,101.99026309362291,227.2013746134622,5,0.8218757972166956,0.002251714512922454,10.471333267002912,23.51411311737481
2065,20139,Soybeans,28064514.38751116,2806.4514387511163,12.76051357372463,all_cult,Soybeans,NA,NA,56,157161.28057006252,2755.362904663089,594.0386647217435,101.99026309362291,227.2013746134622,5,0.8218757972166956,0.002251714512922454,10.471333267002912,23.51411311737481
2065,20139,Wheat,1738320.944623076,173.8320944623076,0.7903884493801757,all_cult,Wheat,NA,NA,89,15471.056407145375,2523.047207031253,415.34753669422224,89.38461162920565,104.03718423464124,5,0.8218757972166956,0.002251714512922454,10.471333267002912,23.51411311737481
2065,20149,Corn,136791901.8519852,13679.190185198519,7.982141503627487,all_cult,Corn,0.1326174661314905,62.44444444444444,250,3419797.54629963,2723.646065673831,545.2781195848148,95.47444592272672,196.67687082977005,5,0.7344832142357003,0.002012282778727946,9.861609271323868,23.59719744956659
2065,20149,Developed,87781477.02653997,8778.147702653996,5.122263537072818,developed,NA,NA,NA,NA,NA,NA,NA,NA,NA,NA,0.7344832142357003,0.002012282778727946,9.861609271323868,23.59719744956659
2065,20149,Double Crop,1803166.4492782145,180.31664492782144,0.1052191654466961,all_cult,NA,NA,NA,NA,NA,NA,NA,NA,NA,NA,0.7344832142357003,0.002012282778727946,9.861609271323868,23.59719744956659
2065,20149,Grass/Pasture/Shrubland,1058221194.9777538,105822.11949777538,61.749790785057485,grassPastureHay,NA,NA,NA,NA,NA,NA,NA,NA,NA,NA,0.7344832142357003,0.002012282778727946,9.861609271323868,23.59719744956659
2065,20149,Other Crops,34485813.7618199,3448.58137618199,2.012331443512244,all_cult,NA,NA,NA,NA,NA,NA,NA,NA,NA,NA,0.7344832142357003,0.002012282778727946,9.861609271323868,23.59719744956659
2065,20149,Sorghum,5647082.09049503,564.708209049503,0.3295210295248753,all_cult,Sorghum,NA,NA,112,63247.319413544334,2723.646065673831,545.2781195848148,95.47444592272672,196.67687082977005,5,0.7344832142357003,0.002012282778727946,9.861609271323868,23.59719744956659
2065,20149,Soybeans,153915907.33370754,15391.590733370755,8.98136903839706,all_cult,Soybeans,0.11392545848870632,51.611111111111114,56,861929.0810687622,2723.646065673831,545.2781195848148,95.47444592272672,196.67687082977005,5,0.7344832142357003,0.002012282778727946,9.861609271323868,23.59719744956659
2065,20149,Wheat,13424373.002870617,1342.4373002870618,0.7833449455387832,all_cult,Wheat,NA,NA,89,119476.9197255485,2476.981027832034,374.757550632065,87.03796198078862,102.1120443652934,5,0.7344832142357003,0.002012282778727946,9.861609271323868,23.59719744956659
2065,20161,Corn,29887562.457934357,2988.756245793436,3.7374801575206362,all_cult,Corn,0.14127372152863188,12.444444444444445,250,747189.0614483589,2735.899547729495,500.0345119356985,95.2987406384955,169.90548473695566,5,0.6911069198574483,0.0018934436160478038,9.9272492458395991,23.81561331134955
2065,20161,Developed,93189704.06140432,9318.970406140432,11.653498685445852,developed,NA,NA,NA,NA,NA,NA,NA,NA,NA,NA,0.6911069198574483,0.0018934436160478038,9.9272492458395991,23.81561331134955
2065,20161,Double Crop,2321662.5391971655,232.16625391971652,0.2903270443991936,all_cult,NA,NA,NA,NA,NA,NA,NA,NA,NA,NA,0.6911069198574483,0.0018934436160478038,9.9272492458395991,23.81561331134955
2065,20161,Grass/Pasture/Shrubland,421935273.9416269,42193.527394162695,52.76357736882686,grassPastureHay,NA,NA,NA,NA,NA,NA,NA,NA,NA,NA,0.6911069198574483,0.0018934436160478038,9.9272492458395991,23.81561331134955
2065,20161,Other Crops,10313350.483787943,1031.3350483787942,1.2896984437913022,all_cult,NA,NA,NA,NA,NA,NA,NA,NA,NA,NA,0.6911069198574483,0.0018934436160478038,9.9272492458395991,23.81561331134955
2065,20161,Sorghum,8046145.345421317,804.6145345421318,1.0061813711092988,all_cult,Sorghum,NA,NA,112,90116.82786871876,2735.899547729495,500.0345119356985,95.2987406384955,169.90548473695566,5,0.6911069198574483,0.0018934436160478038,9.9272492458395991,23.81561331134955
2065,20161,Soybeans,56043067.26954317,5604.306726954317,7.008261452613234,all_cult,Soybeans,0.12420661341954765,10.38888888888889,56,313841.17670944176,2735.899547729495,500.0345119356985,95.2987406384955,169.90548473695566,5,0.6911069198574483,0.0018934436160478038,9.9272492458395991,23.81561331134955
2065,20161,Wheat,14763447.35949416,1476.3447359494162,1.8461890841841313,all_cult,Wheat,NA,NA,89,131394.68149949805,2494.237636718753,348.23682512224536,88.75884157785558,87.23748718613803,5,0.6911069198574483,0.0018934436160478038,9.9272492458395991,23.81561331134955
2065,20177,Corn,132475537.80653152,13247.553780653152,9.091050553311547,all_cult,Corn,0.12030458771317423,83,250,3311888.445163288,2756.8321325683623,586.3572546919304,99.9886973304496,231.8884132657712,5,0.7992985130319833,0.002189858939813653,10.423836026126414,23.54229398544523
2065,20177,Developed,255013934.0237044,25501.393402370442,17.50017100813045,developed,NA,NA,NA,NA,NA,NA,NA,NA,NA,NA,0.7992985130319833,0.002189858939813653,10.423836026126414,23.54229398544523
2065,20177,Double Crop,2797246.7569815805,279.7246756981581,0.19195930130847558,all_cult,NA,NA,NA,NA,NA,NA,NA,NA,NA,NA,0.7992985130319833,0.002189858939813653,10.423836026126414,23.54229398544523
2065,20177,Grass/Pasture/Shrubland,626083355.6398722,62608.33556398722,42.96457693964075,grassPastureHay,NA,NA,NA,NA,NA,NA,NA,NA,NA,NA,0.7992985130319833,0.002189858939813653,10.423836026126414,23.54229398544523
2065,20177,Other Crops,33361526.081880283,3336.1526081880284,2.289413767762353,all_cult,NA,NA,NA,NA,NA,NA,NA,NA,NA,NA,0.7992985130319833,0.002189858939813653,10.423836026126414,23.54229398544523
2065,20177,Sorghum,2303954.5452317544,230.39545452317543,0.15810743319134585,all_cult,Sorghum,NA,NA,112,25804.29090659565,2756.8321325683623,586.3572546919304,99.9886973304496,231.8884132657712,5,0.7992985130319833,0.002189858939813653,10.423836026126414,23.54229398544523
2065,20177,Soybeans,145627766.023613,14562.7766023613,9.993613951731533,all_cult,Soybeans,0.09768281806034469,42.833333333333336,56,815515.4897322329,2756.8321325683623,586.3572546919304,99.9886973304496,231.8884132657712,5,0.7992985130319833,0.002189858939813653,10.423836026126414,23.54229398544523
2065,20177,Wheat,9565647.685078032,956.5647685078033,0.656436562704971,all_cult,Wheat,NA,NA,89,85134.26439719449,2522.6380822753936,408.4367313696181,88.35154069087197,107.59855179754877,5,0.7992985130319833,0.002189858939813653,10.423836026126414,23.54229398544523
2065,20197,Corn,69733578.79693311,6973.357879693312,4.536852294529976,all_cult,Corn,0.14186117514330646,28.666666666666668,250,1743339.469923328,2738.3058209228543,547.352800254866,94.9841443928496,200.83270267195567,5,0.7548468833785428,0.002068073653091898,10.10719449814054,23.648966047731186
2065,20197,Developed,54289406.85937861,5428.940685937861,3.5320576446519008,developed,NA,NA,NA,NA,NA,NA,NA,NA,NA,NA,0.7548468833785428,0.002068073653091898,10.10719449814054,23.648966047731186
2065,20197,Double Crop,1125869.9276987636,112.58699276987635,0.07324886594013556,all_cult,NA,NA,NA,NA,NA,NA,NA,NA,NA,NA,0.7548468833785428,0.002068073653091898,10.10719449814054,23.648966047731186
2065,20197,Grass/Pasture/Shrubland,1169502873.1037595,116950.28731037596,76.08761639426346,grassPastureHay,NA,NA,NA,NA,NA,NA,NA,NA,NA,NA,0.7548468833785428,0.002068073653091898,10.10719449814054,23.648966047731186
2065,20197,Other Crops,29094649.42529061,2909.464942529061,1.8928919077573607,all_cult,NA,NA,NA,NA,NA,NA,NA,NA,NA,NA,0.7548468833785428,0.002068073653091898,10.10719449814054,23.648966047731186
2065,20197,Sorghum,3287931.385599168,328.7931385599168,0.21391213972326276,all_cult,Sorghum,NA,NA,112,36824.831518710685,2738.3058209228543,547.352800254866,94.9841443928496,200.83270267195567,5,0.7548468833785428,0.002068073653091898,10.10719449814054,23.648966047731186
2065,20197,Soybeans,83491332.16381498,8349.133216381497,5.431928899043218,all_cult,Soybeans,0.12942046457519057,22.77777777777778,56,467551.46011736384,2738.3058209228543,547.352800254866,94.9841443928496,200.83270267195567,5,0.7548468833785428,0.002068073653091898,10.10719449814054,23.648966047731186
2065,20197,Wheat,7530280.724868099,753.02807248681,0.4899185152185996,all_cult,Wheat,NA,NA,89,67019.49845132609,2502.5186291503937,387.3738589441276,87.78443924753124,103.07469089973289,5,0.7548468833785428,0.002068073653091898,10.10719449814054,23.648966047731186
2065,20209,Corn,2798441.748604609,279.8441748604609,1.0907251789658858,all_cult,Corn,NA,NA,250,69961.04371511523,2793.966115722659,656.0425408682415,121.1649776311728,269.60037781652437,5,0.8890096009766185,0.002435642742401695,11.103528375494992,23.166358291416977
2065,20209,Developed,144515431.86680782,14451.543186680783,56.32656829996687,developed,NA,NA,NA,NA,NA,NA,NA,NA,NA,NA,0.8890096009766185,0.002435642742401695,11.103528375494992,23.166358291416977
2065,20209,Double Crop,152719.71803613545,15.271971803613546,0.05952428413764306,all_cult,NA,NA,NA,NA,NA,NA,NA,NA,NA,NA,0.8890096009766185,0.002435642742401695,11.103528375494992,23.166358291416977
2065,20209,Grass/Pasture/Shrubland,41083799.11850462,4108.379911850462,16.01288794682744,grassPastureHay,NA,NA,NA,NA,NA,NA,NA,NA,NA,NA,0.8890096009766185,0.002435642742401695,11.103528375494992,23.166358291416977
2065,20209,Other Crops,1959154.8527385148,195.91548527385146,0.7636033619211925,all_cult,NA,NA,NA,NA,NA,NA,NA,NA,NA,NA,0.8890096009766185,0.002435642742401695,11.103528375494992,23.166358291416977
2065,20209,Sorghum,54127.80426680527,5.412780426680527,0.02109694047602745,all_cult,Sorghum,NA,NA,112,606.231407788219,2793.966115722659,656.0425408682415,121.1649776311728,269.60037781652437,5,0.8890096009766185,0.002435642742401695,11.103528375494992,23.166358291416977
2065,20209,Soybeans,8244134.676247953,824.4134676247953,3.213247256139296,all_cult,Soybeans,0.14562756367793683,4.75,56,46167.15418698854,2793.966115722659,656.0425408682415,121.1649776311728,269.60037781652437,5,0.8890096009766185,0.002435642742401695,11.103528375494992,23.166358291416977
2065,20209,Wheat,234900.57353758038,23.49005735375804,0.09155522720411169,all_cult,Wheat,NA,NA,89,2090.6151044844655,2533.9450366210967,444.82242352973225,92.98999468162528,116.80293898165652,5,0.8890096009766185,0.002435642742401695,11.103528375494992,23.166358291416977
2066,20005,Corn,172734778.84431297,17273.477884431297,23.078910848652363,all_cult,Corn,0.10724545034749912,6.181818181818182,250,4318369.471107824,2725.2199639892606,753.1304043909261,174.66190449039527,114.63367120594351,5,1.0395786957119035,0.0028481608101695987,10.086743548667616,22.59349841810255
2066,20005,Developed,36578638.84791646,3657.863884791646,4.88723319405755,developed,NA,NA,NA,NA,NA,NA,NA,NA,NA,NA,1.0395786957119035,0.0028481608101695987,10.086743548667616,22.59349841810255
2066,20005,Double Crop,1451158.554832854,145.11585548328543,0.1938877575107932,all_cult,NA,NA,NA,NA,NA,NA,NA,NA,NA,NA,1.0395786957119035,0.0028481608101695987,10.086743548667616,22.59349841810255
2066,20005,Grass/Pasture/Shrubland,215288406.86893737,21528.840686893738,28.764456018176027,grassPastureHay,NA,NA,NA,NA,NA,NA,NA,NA,NA,NA,1.0395786957119035,0.0028481608101695987,10.086743548667616,22.59349841810255
2066,20005,Other Crops,29204979.705745928,2920.4979705745927,3.902046405912905,all_cult,NA,NA,NA,NA,NA,NA,NA,NA,NA,NA,1.0395786957119035,0.0028481608101695987,10.086743548667616,22.59349841810255
2066,20005,Sorghum,732239.3724075308,73.22393724075309,0.09783372699309156,all_cult,Sorghum,NA,NA,112,8201.080970964345,2725.2199639892606,753.1304043909261,174.66190449039527,114.63367120594351,5,1.0395786957119035,0.0028481608101695987,10.086743548667616,22.59349841810255
2066,20005,Soybeans,181600576.65296197,18160.057665296197,24.263460703620524,all_cult,Soybeans,0.07483265359624193,5,56,1016963.2292565871,2725.2199639892606,753.1304043909261,174.66190449039527,114.63367120594351,5,1.0395786957119035,0.0028481608101695987,10.086743548667616,22.59349841810255
2066,20005,Wheat,5908069.702597459,590.8069702597459,0.7893709354082403,all_cult,Wheat,NA,NA,89,52581.82035311738,2431.449678955081,470.9475091439023,252.70817445317655,110.85929010119617,5,1.0395786957119035,0.0028481608101695987,10.086743548667616,22.59349841810255
2066,20013,Corn,113276297.82191704,11327.629782191703,25.36090350021212,all_cult,Corn,0.12646432205391206,17.5625,250,2831907.445547926,2682.002543945315,738.0653711332051,172.77621996579197,120.76750176035496,5,1.006268773888989,0.0027569007503807914,9.586214758468024,22.540145815496597
2066,20013,Developed,24170977.38782201,2417.0977387822013,5.411527714315524,developed,NA,NA,NA,NA,NA,NA,NA,NA,NA,NA,1.006268773888989,0.0027569007503807914,9.586214758468024,22.540145815496597
2066,20013,Double Crop,542048.8992527233,54.20488992527234,0.12135680712267008,all_cult,NA,NA,NA,NA,NA,NA,NA,NA,NA,NA,1.006268773888989,0.0027569007503807914,9.586214758468024,22.540145815496597
2066,20013,Grass/Pasture/Shrubland,122499833.68113159,12249.983368113159,27.425918047421547,grassPastureHay,NA,NA,NA,NA,NA,NA,NA,NA,NA,NA,1.006268773888989,0.0027569007503807914,9.586214758468024,22.540145815496597
2066,20013,Other Crops,13090232.71280689,1309.023271280689,2.9307113227404837,all_cult,NA,NA,NA,NA,NA,NA,NA,NA,NA,NA,1.006268773888989,0.0027569007503807914,9.586214758468024,22.540145815496597
2066,20013,Sorghum,333636.9508835004,33.363695088350035,0.07469642527304013,all_cult,Sorghum,NA,NA,112,3736.733849895204,2682.002543945315,738.0653711332051,172.77621996579197,120.76750176035496,5,1.006268773888989,0.0027569007503807914,9.586214758468024,22.540145815496597
2066,20013,Soybeans,123405327.24801578,12340.532724801578,27.62864479089188,all_cult,Soybeans,0.10147480973744562,10.461538461538462,56,691069.8325888884,2682.002543945315,738.0653711332051,172.77621996579197,120.76750176035496,5,1.006268773888989,0.0027569007503807914,9.586214758468024,22.540145815496597
2066,20013,Wheat,3906288.4515680084,390.6288451568008,0.8745607542714157,all_cult,Wheat,NA,NA,89,34765.96721895527,2391.0820764160185,469.1303009320905,252.07730341748683,98.90603616548148,5,1.006268773888989,0.0027569007503807914,9.586214758468024,22.540145815496597
2066,20045,Corn,74392843.99321488,7439.284399321487,7.631923083362056,all_cult,Corn,0.1459526935617447,11,250,1859821.0998303718,2784.107263183597,743.1186952874858,179.31614835199227,146.63980474770426,5,1.0511622499406126,0.0028798965751797604,10.791563570205502,22.881418473753232
2066,20045,Developed,130402436.2681122,13040.24362681122,13.37791795635647,developed,NA,NA,NA,NA,NA,NA,NA,NA,NA,NA,1.0511622499406126,0.0028798965751797604,10.791563570205502,22.881418473753232
2066,20045,Double Crop,4220114.888463862,422.01148884638627,0.4329393864098648,all_cult,NA,NA,NA,NA,NA,NA,NA,NA,NA,NA,1.0511622499406126,0.0028798965751797604,10.791563570205502,22.881418473753232
2066,20045,Grass/Pasture/Shrubland,354830010.0217444,35483.00100217444,36.40182575089523,grassPastureHay,NA,NA,NA,NA,NA,NA,NA,NA,NA,NA,1.0511622499406126,0.0028798965751797604,10.791563570205502,22.881418473753232
2066,20045,Other Crops,37964614.628596716,3796.4614628596714,3.8947700233285687,all_cult,NA,NA,NA,NA,NA,NA,NA,NA,NA,NA,1.0511622499406126,0.0028798965751797604,10.791563570205502,22.881418473753232
2066,20045,Sorghum,671055.755263424,67.1055755263424,0.06884326010288025,all_cult,Sorghum,NA,NA,112,7515.824458950349,2784.107263183597,743.1186952874858,179.31614835199227,146.63980474770426,5,1.0511622499406126,0.0028798965751797604,10.791563570205502,22.881418473753232
2066,20045,Soybeans,100028766.3995359,10002.876639953589,10.261898998705805,all_cult,Soybeans,0.11420951862362651,8.5,56,560161.091837401,2784.107263183597,743.1186952874858,179.31614835199227,146.63980474770426,5,1.0511622499406126,0.0028798965751797604,10.791563570205502,22.881418473753232
2066,20045,Wheat,7085783.937909698,708.5783937909698,0.7269268802840957,all_cult,Wheat,NA,NA,89,63063.477047396314,2505.211258544925,503.3860418381923,248.47543840212728,180.4644590883432,5,1.0511622499406126,0.0028798965751797604,10.791563570205502,22.881418473753232
2066,20061,Corn,31722102.062803604,3172.21020628036,4.044269831598419,all_cult,Corn,0.16936452361704205,12.944444444444445,250,793052.55157009,2739.1600634765655,670.0609557285356,169.20634824409493,100.86559790740928,5,0.917274955359161,0.0025130820694771534,9.982219773384013,23.045079245371383
2066,20061,Developed,61171563.9285717,6117.15639285717,7.798799400437711,developed,NA,NA,NA,NA,NA,NA,NA,NA,NA,NA,0.917274955359161,0.0025130820694771534,9.982219773384013,23.045079245371383
2066,20061,Double Crop,5604030.762346523,560.4030762346523,0.7144612454318694,all_cult,NA,NA,NA,NA,NA,NA,NA,NA,NA,NA,0.917274955359161,0.0025130820694771534,9.982219773384013,23.045079245371383
2066,20061,Grass/Pasture/Shrubland,476190220.2809351,47619.02202809351,60.70977699307564,grassPastureHay,NA,NA,NA,NA,NA,NA,NA,NA,NA,NA,0.917274955359161,0.0025130820694771534,9.982219773384013,23.045079245371383
2066,20061,Other Crops,18227803.79878525,1822.7803798785249,2.323873646638379,all_cult,NA,NA,NA,NA,NA,NA,NA,NA,NA,NA,0.917274955359161,0.0025130820694771534,9.982219773384013,23.045079245371383
2066,20061,Sorghum,5491901.736070833,549.1901736070832,0.7001658485721192,all_cult,Sorghum,NA,NA,112,61509.299443993325,2739.1600634765655,670.0609557285356,169.20634824409493,100.86559790740928,5,0.917274955359161,0.0025130820694771534,9.982219773384013,23.045079245371383
2066,20061,Soybeans,39491221.54782481,3949.1221547824807,5.03475953777074,all_cult,Soybeans,0.12217913528938978,7.666666666666667,56,221150.8406678189,2739.1600634765655,670.0609557285356,169.20634824409493,100.86559790740928,5,0.917274955359161,0.0025130820694771534,9.982219773384013,23.045079245371383
2066,20061,Wheat,15495075.277191846,1549.5075277191845,1.9754764472362665,all_cult,Wheat,NA,NA,89,137906.16996700742,2451.7868798828154,449.7965617567249,257.32574047481756,133.9134069327944,5,0.917274955359161,0.0025130820694771534,9.982219773384013,23.045079245371383
2066,20085,Corn,134933024.35661882,13493.30243566188,7.9306511901880965,all_cult,Corn,NA,NA,250,3373325.60891547,2704.056735229495,731.8294716447336,170.52070433261724,104.50488939569242,5,1.0074363904286583,0.0027600996998045435,9.815430230963743,22.722171095756657
2066,20085,Developed,75618361.35140783,7561.836135140783,4.444448275810096,developed,NA,NA,NA,NA,NA,NA,NA,NA,NA,NA,1.0074363904286583,0.0027600996998045435,9.815430230963743,22.722171095756657
2066,20085,Double Crop,1864792.83802623,186.479283802623,0.10960268333762817,all_cult,NA,NA,NA,NA,NA,NA,NA,NA,NA,NA,1.0074363904286583,0.0027600996998045435,9.815430230963743,22.722171095756657
2066,20085,Grass/Pasture/Shrubland,941187748.5802637,94118.77485802637,55.31804963283908,grassPastureHay,NA,NA,NA,NA,NA,NA,NA,NA,NA,NA,1.0074363904286583,0.0027600996998045435,9.815430230963743,22.722171095756657
2066,20085,Other Crops,98052397.627671,9805.2397627671,5.7630025537076115,all_cult,NA,NA,NA,NA,NA,NA,NA,NA,NA,NA,1.0074363904286583,0.0027600996998045435,9.815430230963743,22.722171095756657
2066,20085,Sorghum,4069081.398774073,406.9081398774073,0.23915913388905596,all_cult,Sorghum,NA,NA,112,45573.71166626961,2704.056735229495,731.8294716447336,170.52070433261724,104.50488939569242,5,1.0074363904286583,0.0027600996998045435,9.815430230963743,22.722171095756657
2066,20085,Soybeans,170772946.2930534,17077.29462930534,10.037132690300496,all_cult,Soybeans,NA,NA,56,956328.499241099,2704.056735229495,731.8294716447336,170.52070433261724,104.50488939569242,5,1.0074363904286583,0.0027600996998045435,9.815430230963743,22.722171095756657
2066,20085,Wheat,13725583.902961861,1372.5583902961862,0.8067173980208171,all_cult,Wheat,NA,NA,89,122157.69673636057,2424.615005493167,471.4187113095646,252.23251471903583,115.54841759946888,5,1.0074363904286583,0.0027600996998045435,9.815430230963743,22.722171095756657
2066,20087,Corn,155094058.297135,15509.4058297135,10.788896738521789,all_cult,Corn,0.13078338055311117,25.77777777777778,250,3877351.457428375,2743.1326245117216,750.783423423327,176.31100176969863,112.2816716907473,5,1.0497877455997098,0.0028761308098622183,10.378204629976478,22.680838890598267
2066,20087,Developed,83037617.78054704,8303.761778054704,5.7763933285619125,developed,NA,NA,NA,NA,NA,NA,NA,NA,NA,NA,1.0497877455997098,0.0028761308098622183,10.378204629976478,22.680838890598267
2066,20087,Double Crop,3214015.8179615135,321.4015817961514,0.2235784217441099,all_cult,NA,NA,NA,NA,NA,NA,NA,NA,NA,NA,1.0497877455997098,0.0028761308098622183,10.378204629976478,22.680838890598267
2066,20087,Grass/Pasture/Shrubland,533878677.1787268,53387.86771787268,37.138507962340775,grassPastureHay,NA,NA,NA,NA,NA,NA,NA,NA,NA,NA,1.0497877455997098,0.0028761308098622183,10.378204629976478,22.680838890598267
2066,20087,Other Crops,67978226.39294052,6797.822639294052,4.728808266891807,all_cult,NA,NA,NA,NA,NA,NA,NA,NA,NA,NA,1.0497877455997098,0.0028761308098622183,10.378204629976478,22.680838890598267
2066,20087,Sorghum,2078940.1655916602,207.89401655916603,0.1446185045281528,all_cult,Sorghum,NA,NA,112,23284.129854626597,2743.1326245117216,750.783423423327,176.31100176969863,112.2816716907473,5,1.0497877455997098,0.0028761308098622183,10.378204629976478,22.680838890598267
2066,20087,Soybeans,173639107.61438552,17363.91076143855,12.078956617613274,all_cult,Soybeans,0.09985991575255485,13.833333333333334,56,972379.0026405589,2743.1326245117216,750.783423423327,176.31100176969863,112.2816716907473,5,1.0497877455997098,0.0028761308098622183,10.378204629976478,22.680838890598267
2066,20087,Wheat,7377427.0278590415,737.7427027859042,0.5132001784817648,all_cult,Wheat,NA,NA,89,65659.10054794548,2462.856167602542,485.6472354831434,252.0671216961407,141.35493379053676,5,1.0497877455997098,0.0028761308098622183,10.378204629976478,22.680838890598267
2066,20091,Corn,20137063.169311535,2013.7063169311532,3.334881975218613,all_cult,Corn,0.14955141172933145,4,250,503426.5792327883,2796.7587225341827,766.9505435708196,185.40360713744224,115.15878525139114,5,1.0982133109708874,0.003008803591701061,11.0148756889448,22.764429429981828
2066,20091,Developed,271607528.4848879,27160.752848488788,44.98069273866694,developed,NA,NA,NA,NA,NA,NA,NA,NA,NA,NA,1.0982133109708874,0.003008803591701061,11.0148756889448,22.764429429981828
2066,20091,Double Crop,2013905.6882216034,201.39056882216036,0.3335212152324038,all_cult,NA,NA,NA,NA,NA,NA,NA,NA,NA,NA,1.0982133109708874,0.003008803591701061,11.0148756889448,22.764429429981828
2066,20091,Grass/Pasture/Shrubland,139667491.4795437,13966.749147954368,23.130214964462166,grassPastureHay,NA,NA,NA,NA,NA,NA,NA,NA,NA,NA,1.0982133109708874,0.003008803591701061,11.0148756889448,22.764429429981828
2066,20091,Other Crops,14581458.923742233,1458.1458923742232,2.4148230617504245,all_cult,NA,NA,NA,NA,NA,NA,NA,NA,NA,NA,1.0982133109708874,0.003008803591701061,11.0148756889448,22.764429429981828
2066,20091,Sorghum,265245.84730308503,26.524584730308504,0.043927140106542625,all_cult,Sorghum,NA,NA,112,2970.7534897945525,2796.7587225341827,766.9505435708196,185.40360713744224,115.15878525139114,5,1.0982133109708874,0.003008803591701061,11.0148756889448,22.764429429981828
2066,20091,Soybeans,40506888.73460731,4050.688873460731,6.708311533684595,all_cult,Soybeans,NA,NA,56,226838.57691380093,2796.7587225341827,766.9505435708196,185.40360713744224,115.15878525139114,5,1.0982133109708874,0.003008803591701061,11.0148756889448,22.764429429981828
2066,20091,Wheat,3047090.5931461067,304.70905931461067,0.5046260922212007,all_cult,Wheat,NA,NA,89,27119.10627900035,2514.3013800048857,511.22647459702176,250.1399200512196,168.24875455568454,5,1.0982133109708874,0.003008803591701061,11.0148756889448,22.764429429981828
2066,20103,Corn,55676654.53817842,5567.665453817842,6.162232243462533,all_cult,Corn,0.09926099891867379,4.75,250,1391916.3634544604,2774.7305700683623,760.6995325554744,179.86101696463146,106.70583192316982,5,1.0716033674270036,0.0029358996367863112,10.710952650096342,22.760274909032557
2066,20103,Developed,66222526.18511143,6622.252618511144,7.329437975150055,developed,NA,NA,NA,NA,NA,NA,NA,NA,NA,NA,1.0716033674270036,0.0029358996367863112,10.710952650096342,22.760274909032557
2066,20103,Double Crop,2239300.7972116056,223.93007972116058,0.2478434038440015,all_cult,NA,NA,NA,NA,NA,NA,NA,NA,NA,NA,1.0716033674270036,0.0029358996367863112,10.710952650096342,22.760274909032557
2066,20103,Grass/Pasture/Shrubland,361083573.13099504,36108.3573130995,39.96434152498699,grassPastureHay,NA,NA,NA,NA,NA,NA,NA,NA,NA,NA,1.0716033674270036,0.0029358996367863112,10.710952650096342,22.760274909032557
2066,20103,Other Crops,54377617.6404599,5437.76176404599,6.018456236750789,all_cult,NA,NA,NA,NA,NA,NA,NA,NA,NA,NA,1.0716033674270036,0.0029358996367863112,10.710952650096342,22.760274909032557
2066,20103,Sorghum,567901.3203360821,56.79013203360822,0.06285470735100035,all_cult,Sorghum,NA,NA,112,6360.494787764121,2774.7305700683623,760.6995325554744,179.86101696463146,106.70583192316982,5,1.0716033674270036,0.0029358996367863112,10.710952650096342,22.760274909032557
2066,20103,Soybeans,101039226.18326606,10103.922618326606,11.18291288522158,all_cult,Soybeans,0.11410095968932568,4.571428571428571,56,565819.66662629,2774.7305700683623,760.6995325554744,179.86101696463146,106.70583192316982,5,1.0716033674270036,0.0029358996367863112,10.710952650096342,22.760274909032557
2066,20103,Wheat,4817340.8524583215,481.7340852458321,0.5331781044497215,all_cult,Wheat,NA,NA,89,42874.33358687905,2489.5548596191434,487.0527773339294,250.4678086073553,138.14686371468594,5,1.0716033674270036,0.0029358996367863112,10.710952650096342,22.760274909032557
2066,20117,Corn,1797933.5665907045,179.79335665907044,8.787790125047634,all_cult,Corn,0.16261062771687598,15.722222222222221,250,44948.33916476761,2658.4607000732453,688.8478233217824,172.6696229647514,109.95344485099363,5,0.937852468758323,0.002569458818515953,9.359592970756658,22.398111772929177
2066,20117,Developed,709093.4285035765,70.90934285035766,3.465847873654197,developed,NA,NA,NA,NA,NA,NA,NA,NA,NA,NA,0.937852468758323,0.002569458818515953,9.359592970756658,22.398111772929177
2066,20117,Double Crop,17005.082052877187,1.700508205287719,0.08311602548433755,all_cult,NA,NA,NA,NA,NA,NA,NA,NA,NA,NA,0.937852468758323,0.002569458818515953,9.359592970756658,22.398111772929177
2066,20117,Grass/Pasture/Shrubland,13608757.209524421,1360.8757209524422,66.51575143947134,grassPastureHay,NA,NA,NA,NA,NA,NA,NA,NA,NA,NA,0.937852468758323,0.002569458818515953,9.359592970756658,22.398111772929177
2066,20117,Other Crops,368569.7378671669,36.856973786716694,1.801464505144208,all_cult,NA,NA,NA,NA,NA,NA,NA,NA,NA,NA,0.937852468758323,0.002569458818515953,9.359592970756658,22.398111772929177
2066,20117,Sorghum,113210.96189225193,11.321096189225193,0.5533431220433721,all_cult,Sorghum,NA,NA,112,1267.9627731932217,2658.4607000732453,688.8478233217824,172.6696229647514,109.95344485099363,5,0.937852468758323,0.002569458818515953,9.359592970756658,22.398111772929177
2066,20117,Soybeans,2250086.8872694396,225.00868872694397,10.99778751332857,all_cult,Soybeans,0.12228514283699721,8.25,56,12600.486568708862,2658.4607000732453,688.8478233217824,172.6696229647514,109.95344485099363,5,0.937852468758323,0.002569458818515953,9.359592970756658,22.398111772929177
2066,20117,Wheat,234744.84118524572,23.474484118524572,1.1473663074132867,all_cult,Wheat,NA,NA,89,2089.229086548687,2366.38302246094,447.7136442754066,257.19367330124203,101.5009822135359,5,0.937852468758323,0.002569458818515953,9.359592970756658,22.398111772929177
2066,20127,Corn,10941387.892613748,1094.1387892613748,4.064821675495574,all_cult,Corn,NA,NA,250,273534.6973153437,2743.4138623046906,661.7243950104995,168.155123534463,89.43102309416236,5,0.9149201916948771,0.002506630662177746,10.01093389641751,23.047689978194587
2066,20127,Developed,12128694.282144045,1212.8694282144045,4.50591642462472,developed,NA,NA,NA,NA,NA,NA,NA,NA,NA,NA,0.9149201916948771,0.002506630662177746,10.01093389641751,23.047689978194587
2066,20127,Double Crop,4499199.088895911,449.9199088895911,1.671491967784096,all_cult,NA,NA,NA,NA,NA,NA,NA,NA,NA,NA,0.9149201916948771,0.002506630662177746,10.01093389641751,23.047689978194587
2066,20127,Grass/Pasture/Shrubland,158101691.18434784,15810.169118434784,58.73616652348874,grassPastureHay,NA,NA,NA,NA,NA,NA,NA,NA,NA,NA,0.9149201916948771,0.002506630662177746,10.01093389641751,23.047689978194587
2066,20127,Other Crops,10981377.128665583,1098.1377128665583,4.079678027823576,all_cult,NA,NA,NA,NA,NA,NA,NA,NA,NA,NA,0.9149201916948771,0.002506630662177746,10.01093389641751,23.047689978194587
2066,20127,Sorghum,7272388.587591114,727.2388587591115,2.701756217181813,all_cult,Sorghum,NA,NA,112,81450.75218102049,2743.4138623046906,661.7243950104995,168.155123534463,89.43102309416236,5,0.9149201916948771,0.002506630662177746,10.01093389641751,23.047689978194587
2066,20127,Soybeans,28686301.015498407,2868.6301015498407,10.657212713965244,all_cult,Soybeans,0.11686486262093489,4,56,160643.2856867911,2743.4138623046906,661.7243950104995,168.155123534463,89.43102309416236,5,0.9149201916948771,0.002506630662177746,10.01093389641751,23.047689978194587
2066,20127,Wheat,20934850.636842933,2093.485063684293,7.777480834890052,all_cult,Wheat,NA,NA,89,186320.17066790207,2455.5588616943387,457.2218234066174,259.6752608546221,141.91828896634794,5,0.9149201916948771,0.002506630662177746,10.01093389641751,23.047689978194587
2066,20131,Corn,124792211.963085,12479.2211963085,16.444051346315263,all_cult,Corn,0.12528513936677563,9.454545454545455,250,3119805.299077125,2651.073941040042,716.6774427314759,174.3521513423077,113.61618995590544,5,0.967667288286942,0.0026511432555806633,9.360081912524102,22.3290678175835
2066,20131,Developed,34827921.40223819,3482.792140223819,4.589325878711502,developed,NA,NA,NA,NA,NA,NA,NA,NA,NA,NA,0.967667288286942,0.0026511432555806633,9.360081912524102,22.3290678175835
2066,20131,Double Crop,1288597.7379512293,128.85977379512295,0.1698003988733199,all_cult,NA,NA,NA,NA,NA,NA,NA,NA,NA,NA,0.967667288286942,0.0026511432555806633,9.360081912524102,22.3290678175835
2066,20131,Grass/Pasture/Shrubland,328086582.4549448,32808.65824549448,43.232446344665604,grassPastureHay,NA,NA,NA,NA,NA,NA,NA,NA,NA,NA,0.967667288286942,0.0026511432555806633,9.360081912524102,22.3290678175835
2066,20131,Other Crops,27101730.321978156,2710.1730321978157,3.5712344382550913,all_cult,NA,NA,NA,NA,NA,NA,NA,NA,NA,NA,0.967667288286942,0.0026511432555806633,9.360081912524102,22.3290678175835
2066,20131,Sorghum,2055671.3741418559,205.5671374141856,0.2708788080264065,all_cult,Sorghum,NA,NA,112,23023.519390388785,2651.073941040042,716.6774427314759,174.3521513423077,113.61618995590544,5,0.967667288286942,0.0026511432555806633,9.360081912524102,22.3290678175835
2066,20131,Soybeans,136674912.54505298,13667.491254505298,18.00985209164201,all_cult,Soybeans,0.1067341402930363,5.142857142857143,56,765379.5102522967,2651.073941040042,716.6774427314759,174.3521513423077,113.61618995590544,5,0.967667288286942,0.0026511432555806633,9.360081912524102,22.3290678175835
2066,20131,Wheat,9588450.555545796,958.8450555545795,1.2634840811511674,all_cult,Wheat,NA,NA,89,85337.20994435757,2360.489926147464,458.9435523389999,253.5917992512532,98.07869997106916,5,0.967667288286942,0.0026511432555806633,9.360081912524102,22.3290678175835
2066,20139,Corn,20890964.22588984,2089.096422588984,9.4988079569725965,all_cult,Corn,NA,NA,250,522274.10564724595,2749.758059692386,703.5953048005888,171.0602800326194,134.94663335491953,5,1.0035721128912987,0.0027495126380583526,10.346494207512865,22.819511049871597
2066,20139,Developed,11858545.489950646,1185.8545489950645,5.391902692479325,developed,NA,NA,NA,NA,NA,NA,NA,NA,NA,NA,1.0035721128912987,0.0027495126380583526,10.346494207512865,22.819511049871597
2066,20139,Double Crop,1849135.1156913848,184.91351156913848,0.8407739901578724,all_cult,NA,NA,NA,NA,NA,NA,NA,NA,NA,NA,1.0035721128912987,0.0027495126380583526,10.346494207512865,22.819511049871597
2066,20139,Grass/Pasture/Shrubland,108139234.26990536,10813.923426990536,49.1692871538651,grassPastureHay,NA,NA,NA,NA,NA,NA,NA,NA,NA,NA,1.0035721128912987,0.0027495126380583526,10.346494207512865,22.819511049871597
2066,20139,Other Crops,6302951.103083336,630.2951103083336,2.86585728849129,all_cult,NA,NA,NA,NA,NA,NA,NA,NA,NA,NA,1.0035721128912987,0.0027495126380583526,10.346494207512865,22.819511049871597
2066,20139,Sorghum,252758.48461129973,25.27584846112997,0.11492549021948671,all_cult,Sorghum,NA,NA,112,2830.8950276465566,2749.758059692386,703.5953048005888,171.0602800326194,134.94663335491953,5,1.0035721128912987,0.0027495126380583526,10.346494207512865,22.819511049871597
2066,20139,Soybeans,28064514.38751116,2806.4514387511163,12.76051357372463,all_cult,Soybeans,NA,NA,56,157161.28057006252,2749.758059692386,703.5953048005888,171.0602800326194,134.94663335491953,5,1.0035721128912987,0.0027495126380583526,10.346494207512865,22.819511049871597
2066,20139,Wheat,1738320.944623076,173.8320944623076,0.7903884493801757,all_cult,Wheat,NA,NA,89,15471.056407145375,2476.7192724609404,488.81297361566504,248.02445916372537,169.82581582712822,5,1.0035721128912987,0.0027495126380583526,10.346494207512865,22.819511049871597
2066,20149,Corn,136791901.8519852,13679.190185198519,7.982141503627487,all_cult,Corn,0.1326174661314905,62.44444444444444,250,3419797.54629963,2708.818007812503,681.1579357527282,168.1830277320757,99.91993161335874,5,0.9322322796772506,0.0025540610402116455,9.746048567262438,22.845296396751948
2066,20149,Developed,87781477.02653997,8778.147702653996,5.122263537072818,developed,NA,NA,NA,NA,NA,NA,NA,NA,NA,NA,0.9322322796772506,0.0025540610402116455,9.746048567262438,22.845296396751948
2066,20149,Double Crop,1803166.4492782145,180.31664492782144,0.1052191654466961,all_cult,NA,NA,NA,NA,NA,NA,NA,NA,NA,NA,0.9322322796772506,0.0025540610402116455,9.746048567262438,22.845296396751948
2066,20149,Grass/Pasture/Shrubland,1058221194.9777538,105822.11949777538,61.749790785057485,grassPastureHay,NA,NA,NA,NA,NA,NA,NA,NA,NA,NA,0.9322322796772506,0.0025540610402116455,9.746048567262438,22.845296396751948
2066,20149,Other Crops,34485813.7618199,3448.58137618199,2.012331443512244,all_cult,NA,NA,NA,NA,NA,NA,NA,NA,NA,NA,0.9322322796772506,0.0025540610402116455,9.746048567262438,22.845296396751948
2066,20149,Sorghum,5647082.09049503,564.708209049503,0.3295210295248753,all_cult,Sorghum,NA,NA,112,63247.319413544334,2708.818007812503,681.1579357527282,168.1830277320757,99.91993161335874,5,0.9322322796772506,0.0025540610402116455,9.746048567262438,22.845296396751948
2066,20149,Soybeans,153915907.33370754,15391.590733370755,8.98136903839706,all_cult,Soybeans,0.11392545848870632,51.611111111111114,56,861929.0810687622,2708.818007812503,681.1579357527282,168.1830277320757,99.91993161335874,5,0.9322322796772506,0.0025540610402116455,9.746048567262438,22.845296396751948
2066,20149,Wheat,13424373.002870617,1342.4373002870618,0.7833449455387832,all_cult,Wheat,NA,NA,89,119476.9197255485,2424.9541357421904,445.1290830096018,256.02736623759057,111.541755744477,5,0.9322322796772506,0.0025540610402116455,9.746048567262438,22.845296396751948
2066,20161,Corn,29887562.457934357,2988.756245793436,3.7374801575206362,all_cult,Corn,0.14127372152863188,12.444444444444445,250,747189.0614483589,2732.2419372558625,662.1571501484514,168.014000007065,111.53847454947504,5,0.9041888072588289,0.0024772296089282985,9.858234629173824,23.07994326238765
2066,20161,Developed,93189704.06140432,9318.970406140432,11.653498685445852,developed,NA,NA,NA,NA,NA,NA,NA,NA,NA,NA,0.9041888072588289,0.0024772296089282985,9.858234629173824,23.07994326238765
2066,20161,Double Crop,2321662.5391971655,232.16625391971652,0.2903270443991936,all_cult,NA,NA,NA,NA,NA,NA,NA,NA,NA,NA,0.9041888072588289,0.0024772296089282985,9.858234629173824,23.07994326238765
2066,20161,Grass/Pasture/Shrubland,421935273.9416269,42193.527394162695,52.76357736882686,grassPastureHay,NA,NA,NA,NA,NA,NA,NA,NA,NA,NA,0.9041888072588289,0.0024772296089282985,9.858234629173824,23.07994326238765
2066,20161,Other Crops,10313350.483787943,1031.3350483787942,1.2896984437913022,all_cult,NA,NA,NA,NA,NA,NA,NA,NA,NA,NA,0.9041888072588289,0.0024772296089282985,9.858234629173824,23.07994326238765
2066,20161,Sorghum,8046145.345421317,804.6145345421318,1.0061813711092988,all_cult,Sorghum,NA,NA,112,90116.82786871876,2732.2419372558625,662.1571501484514,168.014000007065,111.53847454947504,5,0.9041888072588289,0.0024772296089282985,9.858234629173824,23.07994326238765
2066,20161,Soybeans,56043067.26954317,5604.306726954317,7.008261452613234,all_cult,Soybeans,0.12420661341954765,10.38888888888889,56,313841.17670944176,2732.2419372558625,662.1571501484514,168.014000007065,111.53847454947504,5,0.9041888072588289,0.0024772296089282985,9.858234629173824,23.07994326238765
2066,20161,Wheat,14763447.35949416,1476.3447359494162,1.8461890841841313,all_cult,Wheat,NA,NA,89,131394.68149949805,2444.0306390380883,436.8817071225184,258.00927447876194,114.74305300034618,5,0.9041888072588289,0.0024772296089282985,9.858234629173824,23.07994326238765
2066,20177,Corn,132475537.80653152,13247.553780653152,9.091050553311547,all_cult,Corn,0.12030458771317423,83,250,3311888.445163288,2744.580230102542,702.9058311457686,169.54121553303128,115.92676767740554,5,0.9882235014931856,0.0027074616479265358,10.289385158591097,22.810030534300108
2066,20177,Developed,255013934.0237044,25501.393402370442,17.50017100813045,developed,NA,NA,NA,NA,NA,NA,NA,NA,NA,NA,0.9882235014931856,0.0027074616479265358,10.289385158591097,22.810030534300108
2066,20177,Double Crop,2797246.7569815805,279.7246756981581,0.19195930130847558,all_cult,NA,NA,NA,NA,NA,NA,NA,NA,NA,NA,0.9882235014931856,0.0027074616479265358,10.289385158591097,22.810030534300108
2066,20177,Grass/Pasture/Shrubland,626083355.6398722,62608.33556398722,42.96457693964075,grassPastureHay,NA,NA,NA,NA,NA,NA,NA,NA,NA,NA,0.9882235014931856,0.0027074616479265358,10.289385158591097,22.810030534300108
2066,20177,Other Crops,33361526.081880283,3336.1526081880284,2.289413767762353,all_cult,NA,NA,NA,NA,NA,NA,NA,NA,NA,NA,0.9882235014931856,0.0027074616479265358,10.289385158591097,22.810030534300108
2066,20177,Sorghum,2303954.5452317544,230.39545452317543,0.15810743319134585,all_cult,Sorghum,NA,NA,112,25804.29090659565,2744.580230102542,702.9058311457686,169.54121553303128,115.92676767740554,5,0.9882235014931856,0.0027074616479265358,10.289385158591097,22.810030534300108
2066,20177,Soybeans,145627766.023613,14562.7766023613,9.993613951731533,all_cult,Soybeans,0.09768281806034469,42.833333333333336,56,815515.4897322329,2744.580230102542,702.9058311457686,169.54121553303128,115.92676767740554,5,0.9882235014931856,0.0027074616479265358,10.289385158591097,22.810030534300108
2066,20177,Wheat,9565647.685078032,956.5647685078033,0.656436562704971,all_cult,Wheat,NA,NA,89,85134.26439719449,2471.1093859863313,473.1002048518209,251.27534346593671,146.9967911917062,5,0.9882235014931856,0.0027074616479265358,10.289385158591097,22.810030534300108
2066,20197,Corn,69733578.79693311,6973.357879693312,4.536852294529976,all_cult,Corn,0.14186117514330646,28.666666666666668,250,1743339.469923328,2726.1221057128937,680.6040480443511,165.3799151961876,86.04181629733007,5,0.9425312571267079,0.002582277416785501,9.976492317931315,22.869908815148783
2066,20197,Developed,54289406.85937861,5428.940685937861,3.5320576446519008,developed,NA,NA,NA,NA,NA,NA,NA,NA,NA,NA,0.9425312571267079,0.002582277416785501,9.976492317931315,22.869908815148783
2066,20197,Double Crop,1125869.9276987636,112.58699276987635,0.07324886594013556,all_cult,NA,NA,NA,NA,NA,NA,NA,NA,NA,NA,0.9425312571267079,0.002582277416785501,9.976492317931315,22.869908815148783
2066,20197,Grass/Pasture/Shrubland,1169502873.1037595,116950.28731037596,76.08761639426346,grassPastureHay,NA,NA,NA,NA,NA,NA,NA,NA,NA,NA,0.9425312571267079,0.002582277416785501,9.976492317931315,22.869908815148783
2066,20197,Other Crops,29094649.42529061,2909.464942529061,1.8928919077573607,all_cult,NA,NA,NA,NA,NA,NA,NA,NA,NA,NA,0.9425312571267079,0.002582277416785501,9.976492317931315,22.869908815148783
2066,20197,Sorghum,3287931.385599168,328.7931385599168,0.21391213972326276,all_cult,Sorghum,NA,NA,112,36824.831518710685,2726.1221057128937,680.6040480443511,165.3799151961876,86.04181629733007,5,0.9425312571267079,0.002582277416785501,9.976492317931315,22.869908815148783
2066,20197,Soybeans,83491332.16381498,8349.133216381497,5.431928899043218,all_cult,Soybeans,0.12942046457519057,22.77777777777778,56,467551.46011736384,2726.1221057128937,680.6040480443511,165.3799151961876,86.04181629733007,5,0.9425312571267079,0.002582277416785501,9.976492317931315,22.869908815148783
2066,20197,Wheat,7530280.724868099,753.02807248681,0.4899185152185996,all_cult,Wheat,NA,NA,89,67019.49845132609,2448.043091430667,445.27762717203615,253.2661235101832,121.40394144664116,5,0.9425312571267079,0.002582277416785501,9.976492317931315,22.869908815148783
2066,20209,Corn,2798441.748604609,279.8441748604609,1.0907251789658858,all_cult,Corn,NA,NA,250,69961.04371511523,2807.6160650634797,753.8855366179131,188.38448959389925,105.24627293901855,5,1.0712306339088769,0.0029348784490654156,11.0970262501338,22.635618294493817
2066,20209,Developed,144515431.86680782,14451.543186680783,56.32656829996687,developed,NA,NA,NA,NA,NA,NA,NA,NA,NA,NA,1.0712306339088769,0.0029348784490654156,11.0970262501338,22.635618294493817
2066,20209,Double Crop,152719.71803613545,15.271971803613546,0.05952428413764306,all_cult,NA,NA,NA,NA,NA,NA,NA,NA,NA,NA,1.0712306339088769,0.0029348784490654156,11.0970262501338,22.635618294493817
2066,20209,Grass/Pasture/Shrubland,41083799.11850462,4108.379911850462,16.01288794682744,grassPastureHay,NA,NA,NA,NA,NA,NA,NA,NA,NA,NA,1.0712306339088769,0.0029348784490654156,11.0970262501338,22.635618294493817
2066,20209,Other Crops,1959154.8527385148,195.91548527385146,0.7636033619211925,all_cult,NA,NA,NA,NA,NA,NA,NA,NA,NA,NA,1.0712306339088769,0.0029348784490654156,11.0970262501338,22.635618294493817
2066,20209,Sorghum,54127.80426680527,5.412780426680527,0.02109694047602745,all_cult,Sorghum,NA,NA,112,606.231407788219,2807.6160650634797,753.8855366179131,188.38448959389925,105.24627293901855,5,1.0712306339088769,0.0029348784490654156,11.0970262501338,22.635618294493817
2066,20209,Soybeans,8244134.676247953,824.4134676247953,3.213247256139296,all_cult,Soybeans,0.14562756367793683,4.75,56,46167.15418698854,2807.6160650634797,753.8855366179131,188.38448959389925,105.24627293901855,5,1.0712306339088769,0.0029348784490654156,11.0970262501338,22.635618294493817
2066,20209,Wheat,234900.57353758038,23.49005735375804,0.09155522720411169,all_cult,Wheat,NA,NA,89,2090.6151044844655,2505.8389904785186,487.90079466869054,253.22609350123156,148.97461240042622,5,1.0712306339088769,0.0029348784490654156,11.0970262501338,22.635618294493817
2067,20005,Corn,172734778.84431297,17273.477884431297,23.078910848652363,all_cult,Corn,0.10724545034749912,6.181818181818182,250,4318369.471107824,2615.5009820556675,958.7592317055132,132.70442903923842,389.07793601681453,5,1.2376835749470507,0.0033909139039645228,9.200250486609077,21.416646410798396
2067,20005,Developed,36578638.84791646,3657.863884791646,4.88723319405755,developed,NA,NA,NA,NA,NA,NA,NA,NA,NA,NA,1.2376835749470507,0.0033909139039645228,9.200250486609077,21.416646410798396
2067,20005,Double Crop,1451158.554832854,145.11585548328543,0.1938877575107932,all_cult,NA,NA,NA,NA,NA,NA,NA,NA,NA,NA,1.2376835749470507,0.0033909139039645228,9.200250486609077,21.416646410798396
2067,20005,Grass/Pasture/Shrubland,215288406.86893737,21528.840686893738,28.764456018176027,grassPastureHay,NA,NA,NA,NA,NA,NA,NA,NA,NA,NA,1.2376835749470507,0.0033909139039645228,9.200250486609077,21.416646410798396
2067,20005,Other Crops,29204979.705745928,2920.4979705745927,3.902046405912905,all_cult,NA,NA,NA,NA,NA,NA,NA,NA,NA,NA,1.2376835749470507,0.0033909139039645228,9.200250486609077,21.416646410798396
2067,20005,Sorghum,732239.3724075308,73.22393724075309,0.09783372699309156,all_cult,Sorghum,NA,NA,112,8201.080970964345,2615.5009820556675,958.7592317055132,132.70442903923842,389.07793601681453,5,1.2376835749470507,0.0033909139039645228,9.200250486609077,21.416646410798396
2067,20005,Soybeans,181600576.65296197,18160.057665296197,24.263460703620524,all_cult,Soybeans,0.07483265359624193,5,56,1016963.2292565871,2615.5009820556675,958.7592317055132,132.70442903923842,389.07793601681453,5,1.2376835749470507,0.0033909139039645228,9.200250486609077,21.416646410798396
2067,20005,Wheat,5908069.702597459,590.8069702597459,0.7893709354082403,all_cult,Wheat,NA,NA,89,52581.82035311738,2278.6746209716825,569.7800396071716,99.0775564059202,200.10526324828984,5,1.2376835749470507,0.0033909139039645228,9.200250486609077,21.416646410798396
2067,20013,Corn,113276297.82191704,11327.629782191703,25.36090350021212,all_cult,Corn,0.12646432205391206,17.5625,250,2831907.445547926,2576.4797149658234,938.163351106539,135.14334714930683,384.15741810434474,5,1.2137854402079191,0.0033254395622134766,8.701678149079646,21.358887855843346
2067,20013,Developed,24170977.38782201,2417.0977387822013,5.411527714315524,developed,NA,NA,NA,NA,NA,NA,NA,NA,NA,NA,1.2137854402079191,0.0033254395622134766,8.701678149079646,21.358887855843346
2067,20013,Double Crop,542048.8992527233,54.20488992527234,0.12135680712267008,all_cult,NA,NA,NA,NA,NA,NA,NA,NA,NA,NA,1.2137854402079191,0.0033254395622134766,8.701678149079646,21.358887855843346
2067,20013,Grass/Pasture/Shrubland,122499833.68113159,12249.983368113159,27.425918047421547,grassPastureHay,NA,NA,NA,NA,NA,NA,NA,NA,NA,NA,1.2137854402079191,0.0033254395622134766,8.701678149079646,21.358887855843346
2067,20013,Other Crops,13090232.71280689,1309.023271280689,2.9307113227404837,all_cult,NA,NA,NA,NA,NA,NA,NA,NA,NA,NA,1.2137854402079191,0.0033254395622134766,8.701678149079646,21.358887855843346
2067,20013,Sorghum,333636.9508835004,33.363695088350035,0.07469642527304013,all_cult,Sorghum,NA,NA,112,3736.733849895204,2576.4797149658234,938.163351106539,135.14334714930683,384.15741810434474,5,1.2137854402079191,0.0033254395622134766,8.701678149079646,21.358887855843346
2067,20013,Soybeans,123405327.24801578,12340.532724801578,27.62864479089188,all_cult,Soybeans,0.10147480973744562,10.461538461538462,56,691069.8325888884,2576.4797149658234,938.163351106539,135.14334714930683,384.15741810434474,5,1.2137854402079191,0.0033254395622134766,8.701678149079646,21.358887855843346
2067,20013,Wheat,3906288.4515680084,390.6288451568008,0.8745607542714157,all_cult,Wheat,NA,NA,89,34765.96721895527,2244.259476318362,559.2755815482386,100.0700809413152,199.3897786941245,5,1.2137854402079191,0.0033254395622134766,8.701678149079646,21.358887855843346
2067,20045,Corn,74392843.99321488,7439.284399321487,7.631923083362056,all_cult,Corn,0.1459526935617447,11,250,1859821.0998303718,2680.592338867191,961.2256293593764,126.03260189912584,337.0433535640419,5,1.2704386088904687,0.0034806537229875854,9.99646802928352,21.716883661975622
2067,20045,Developed,130402436.2681122,13040.24362681122,13.37791795635647,developed,NA,NA,NA,NA,NA,NA,NA,NA,NA,NA,1.2704386088904687,0.0034806537229875854,9.99646802928352,21.716883661975622
2067,20045,Double Crop,4220114.888463862,422.01148884638627,0.4329393864098648,all_cult,NA,NA,NA,NA,NA,NA,NA,NA,NA,NA,1.2704386088904687,0.0034806537229875854,9.99646802928352,21.716883661975622
2067,20045,Grass/Pasture/Shrubland,354830010.0217444,35483.00100217444,36.40182575089523,grassPastureHay,NA,NA,NA,NA,NA,NA,NA,NA,NA,NA,1.2704386088904687,0.0034806537229875854,9.99646802928352,21.716883661975622
2067,20045,Other Crops,37964614.628596716,3796.4614628596714,3.8947700233285687,all_cult,NA,NA,NA,NA,NA,NA,NA,NA,NA,NA,1.2704386088904687,0.0034806537229875854,9.99646802928352,21.716883661975622
2067,20045,Sorghum,671055.755263424,67.1055755263424,0.06884326010288025,all_cult,Sorghum,NA,NA,112,7515.824458950349,2680.592338867191,961.2256293593764,126.03260189912584,337.0433535640419,5,1.2704386088904687,0.0034806537229875854,9.99646802928352,21.716883661975622
2067,20045,Soybeans,100028766.3995359,10002.876639953589,10.261898998705805,all_cult,Soybeans,0.11420951862362651,8.5,56,560161.091837401,2680.592338867191,961.2256293593764,126.03260189912584,337.0433535640419,5,1.2704386088904687,0.0034806537229875854,9.99646802928352,21.716883661975622
2067,20045,Wheat,7085783.937909698,708.5783937909698,0.7269268802840957,all_cult,Wheat,NA,NA,89,63063.477047396314,2346.408430175784,611.1257105604627,99.64882505619806,201.62050384228857,5,1.2704386088904687,0.0034806537229875854,9.99646802928352,21.716883661975622
2067,20061,Corn,31722102.062803604,3172.21020628036,4.044269831598419,all_cult,Corn,0.16936452361704205,12.944444444444445,250,793052.55157009,2611.6218548584015,819.2601125187492,136.4979329235916,301.9472436611242,5,1.1004677144585333,0.00301498003961242,9.107656367053748,21.774758334225194
2067,20061,Developed,61171563.9285717,6117.15639285717,7.798799400437711,developed,NA,NA,NA,NA,NA,NA,NA,NA,NA,NA,1.1004677144585333,0.00301498003961242,9.107656367053748,21.774758334225194
2067,20061,Double Crop,5604030.762346523,560.4030762346523,0.7144612454318694,all_cult,NA,NA,NA,NA,NA,NA,NA,NA,NA,NA,1.1004677144585333,0.00301498003961242,9.107656367053748,21.774758334225194
2067,20061,Grass/Pasture/Shrubland,476190220.2809351,47619.02202809351,60.70977699307564,grassPastureHay,NA,NA,NA,NA,NA,NA,NA,NA,NA,NA,1.1004677144585333,0.00301498003961242,9.107656367053748,21.774758334225194
2067,20061,Other Crops,18227803.79878525,1822.7803798785249,2.323873646638379,all_cult,NA,NA,NA,NA,NA,NA,NA,NA,NA,NA,1.1004677144585333,0.00301498003961242,9.107656367053748,21.774758334225194
2067,20061,Sorghum,5491901.736070833,549.1901736070832,0.7001658485721192,all_cult,Sorghum,NA,NA,112,61509.299443993325,2611.6218548584015,819.2601125187492,136.4979329235916,301.9472436611242,5,1.1004677144585333,0.00301498003961242,9.107656367053748,21.774758334225194
2067,20061,Soybeans,39491221.54782481,3949.1221547824807,5.03475953777074,all_cult,Soybeans,0.12217913528938978,7.666666666666667,56,221150.8406678189,2611.6218548584015,819.2601125187492,136.4979329235916,301.9472436611242,5,1.1004677144585333,0.00301498003961242,9.107656367053748,21.774758334225194
2067,20061,Wheat,15495075.277191846,1549.5075277191845,1.9754764472362665,all_cult,Wheat,NA,NA,89,137906.16996700742,2292.192206420901,539.1046130754406,103.86550656156992,183.67008311443723,5,1.1004677144585333,0.00301498003961242,9.107656367053748,21.774758334225194
2067,20085,Corn,134933024.35661882,13493.30243566188,7.9306511901880965,all_cult,Corn,NA,NA,250,3373325.60891547,2597.327074584964,938.301521634166,133.96291166368422,359.01938513978047,5,1.2221190920282896,0.0033482714850090124,8.961129601883584,21.55263497966612
2067,20085,Developed,75618361.35140783,7561.836135140783,4.444448275810096,developed,NA,NA,NA,NA,NA,NA,NA,NA,NA,NA,1.2221190920282896,0.0033482714850090124,8.961129601883584,21.55263497966612
2067,20085,Double Crop,1864792.83802623,186.479283802623,0.10960268333762817,all_cult,NA,NA,NA,NA,NA,NA,NA,NA,NA,NA,1.2221190920282896,0.0033482714850090124,8.961129601883584,21.55263497966612
2067,20085,Grass/Pasture/Shrubland,941187748.5802637,94118.77485802637,55.31804963283908,grassPastureHay,NA,NA,NA,NA,NA,NA,NA,NA,NA,NA,1.2221190920282896,0.0033482714850090124,8.961129601883584,21.55263497966612
2067,20085,Other Crops,98052397.627671,9805.2397627671,5.7630025537076115,all_cult,NA,NA,NA,NA,NA,NA,NA,NA,NA,NA,1.2221190920282896,0.0033482714850090124,8.961129601883584,21.55263497966612
2067,20085,Sorghum,4069081.398774073,406.9081398774073,0.23915913388905596,all_cult,Sorghum,NA,NA,112,45573.71166626961,2597.327074584964,938.301521634166,133.96291166368422,359.01938513978047,5,1.2221190920282896,0.0033482714850090124,8.961129601883584,21.55263497966612
2067,20085,Soybeans,170772946.2930534,17077.29462930534,10.037132690300496,all_cult,Soybeans,NA,NA,56,956328.499241099,2597.327074584964,938.301521634166,133.96291166368422,359.01938513978047,5,1.2221190920282896,0.0033482714850090124,8.961129601883584,21.55263497966612
2067,20085,Wheat,13725583.902961861,1372.5583902961862,0.8067173980208171,all_cult,Wheat,NA,NA,89,122157.69673636057,2275.5190753173856,581.1476992032068,99.88310698376182,203.2368610888105,5,1.2221190920282896,0.0033482714850090124,8.961129601883584,21.55263497966612
2067,20087,Corn,155094058.297135,15509.4058297135,10.788896738521789,all_cult,Corn,0.13078338055311117,25.77777777777778,250,3877351.457428375,2636.01790893555,972.03686150749,132.31806886464813,366.59366130992373,5,1.263280338549514,0.003461042023423326,9.53610695198793,21.51282731565713
2067,20087,Developed,83037617.78054704,8303.761778054704,5.7763933285619125,developed,NA,NA,NA,NA,NA,NA,NA,NA,NA,NA,1.263280338549514,0.003461042023423326,9.53610695198793,21.51282731565713
2067,20087,Double Crop,3214015.8179615135,321.4015817961514,0.2235784217441099,all_cult,NA,NA,NA,NA,NA,NA,NA,NA,NA,NA,1.263280338549514,0.003461042023423326,9.53610695198793,21.51282731565713
2067,20087,Grass/Pasture/Shrubland,533878677.1787268,53387.86771787268,37.138507962340775,grassPastureHay,NA,NA,NA,NA,NA,NA,NA,NA,NA,NA,1.263280338549514,0.003461042023423326,9.53610695198793,21.51282731565713
2067,20087,Other Crops,67978226.39294052,6797.822639294052,4.728808266891807,all_cult,NA,NA,NA,NA,NA,NA,NA,NA,NA,NA,1.263280338549514,0.003461042023423326,9.53610695198793,21.51282731565713
2067,20087,Sorghum,2078940.1655916602,207.89401655916603,0.1446185045281528,all_cult,Sorghum,NA,NA,112,23284.129854626597,2636.01790893555,972.03686150749,132.31806886464813,366.59366130992373,5,1.263280338549514,0.003461042023423326,9.53610695198793,21.51282731565713
2067,20087,Soybeans,173639107.61438552,17363.91076143855,12.078956617613274,all_cult,Soybeans,0.09985991575255485,13.833333333333334,56,972379.0026405589,2636.01790893555,972.03686150749,132.31806886464813,366.59366130992373,5,1.263280338549514,0.003461042023423326,9.53610695198793,21.51282731565713
2067,20087,Wheat,7377427.0278590415,737.7427027859042,0.5132001784817648,all_cult,Wheat,NA,NA,89,65659.10054794548,2308.597220458987,598.2729525319182,99.9544419537253,199.50161389943955,5,1.263280338549514,0.003461042023423326,9.53610695198793,21.51282731565713
2067,20091,Corn,20137063.169311535,2013.7063169311532,3.334881975218613,all_cult,Corn,0.14955141172933145,4,250,503426.5792327883,2688.6772808837923,998.7028234626777,123.23451391982108,357.19625572032925,5,1.3185938674066517,0.0036125859381004152,10.190050868204217,21.610326011344203
2067,20091,Developed,271607528.4848879,27160.752848488788,44.98069273866694,developed,NA,NA,NA,NA,NA,NA,NA,NA,NA,NA,1.3185938674066517,0.0036125859381004152,10.190050868204217,21.610326011344203
2067,20091,Double Crop,2013905.6882216034,201.39056882216036,0.3335212152324038,all_cult,NA,NA,NA,NA,NA,NA,NA,NA,NA,NA,1.3185938674066517,0.0036125859381004152,10.190050868204217,21.610326011344203
2067,20091,Grass/Pasture/Shrubland,139667491.4795437,13966.749147954368,23.130214964462166,grassPastureHay,NA,NA,NA,NA,NA,NA,NA,NA,NA,NA,1.3185938674066517,0.0036125859381004152,10.190050868204217,21.610326011344203
2067,20091,Other Crops,14581458.923742233,1458.1458923742232,2.4148230617504245,all_cult,NA,NA,NA,NA,NA,NA,NA,NA,NA,NA,1.3185938674066517,0.0036125859381004152,10.190050868204217,21.610326011344203
2067,20091,Sorghum,265245.84730308503,26.524584730308504,0.043927140106542625,all_cult,Sorghum,NA,NA,112,2970.7534897945525,2688.6772808837923,998.7028234626777,123.23451391982108,357.19625572032925,5,1.3185938674066517,0.0036125859381004152,10.190050868204217,21.610326011344203
2067,20091,Soybeans,40506888.73460731,4050.688873460731,6.708311533684595,all_cult,Soybeans,NA,NA,56,226838.57691380093,2688.6772808837923,998.7028234626777,123.23451391982108,357.19625572032925,5,1.3185938674066517,0.0036125859381004152,10.190050868204217,21.610326011344203
2067,20091,Wheat,3047090.5931461067,304.70905931461067,0.5046260922212007,all_cult,Wheat,NA,NA,89,27119.10627900035,2349.2783612060575,630.7739769617084,98.1272189024504,208.32392619562268,5,1.3185938674066517,0.0036125859381004152,10.190050868204217,21.610326011344203
2067,20103,Corn,55676654.53817842,5567.665453817842,6.162232243462533,all_cult,Corn,0.09926099891867379,4.75,250,1391916.3634544604,2668.2599884033234,982.3447537404766,126.31226859864933,370.92577716685,5,1.2815935014769686,0.00351121507253964,9.876619036948867,21.600009882678748
2067,20103,Developed,66222526.18511143,6622.252618511144,7.329437975150055,developed,NA,NA,NA,NA,NA,NA,NA,NA,NA,NA,1.2815935014769686,0.00351121507253964,9.876619036948867,21.600009882678748
2067,20103,Double Crop,2239300.7972116056,223.93007972116058,0.2478434038440015,all_cult,NA,NA,NA,NA,NA,NA,NA,NA,NA,NA,1.2815935014769686,0.00351121507253964,9.876619036948867,21.600009882678748
2067,20103,Grass/Pasture/Shrubland,361083573.13099504,36108.3573130995,39.96434152498699,grassPastureHay,NA,NA,NA,NA,NA,NA,NA,NA,NA,NA,1.2815935014769686,0.00351121507253964,9.876619036948867,21.600009882678748
2067,20103,Other Crops,54377617.6404599,5437.76176404599,6.018456236750789,all_cult,NA,NA,NA,NA,NA,NA,NA,NA,NA,NA,1.2815935014769686,0.00351121507253964,9.876619036948867,21.600009882678748
2067,20103,Sorghum,567901.3203360821,56.79013203360822,0.06285470735100035,all_cult,Sorghum,NA,NA,112,6360.494787764121,2668.2599884033234,982.3447537404766,126.31226859864933,370.92577716685,5,1.2815935014769686,0.00351121507253964,9.876619036948867,21.600009882678748
2067,20103,Soybeans,101039226.18326606,10103.922618326606,11.18291288522158,all_cult,Soybeans,0.11410095968932568,4.571428571428571,56,565819.66662629,2668.2599884033234,982.3447537404766,126.31226859864933,370.92577716685,5,1.2815935014769686,0.00351121507253964,9.876619036948867,21.600009882678748
2067,20103,Wheat,4817340.8524583215,481.7340852458321,0.5331781044497215,all_cult,Wheat,NA,NA,89,42874.33358687905,2330.055223999026,603.593725527709,97.70297769340924,207.35237203464015,5,1.2815935014769686,0.00351121507253964,9.876619036948867,21.600009882678748
2067,20117,Corn,1797933.5665907045,179.79335665907044,8.787790125047634,all_cult,Corn,0.16261062771687598,15.722222222222221,250,44948.33916476761,2545.9912695312532,883.9251317742014,143.34551176308065,351.7249575310179,5,1.155348801879282,0.0031653391832309093,8.507524664891932,21.182040831683455
2067,20117,Developed,709093.4285035765,70.90934285035766,3.465847873654197,developed,NA,NA,NA,NA,NA,NA,NA,NA,NA,NA,1.155348801879282,0.0031653391832309093,8.507524664891932,21.182040831683455
2067,20117,Double Crop,17005.082052877187,1.700508205287719,0.08311602548433755,all_cult,NA,NA,NA,NA,NA,NA,NA,NA,NA,NA,1.155348801879282,0.0031653391832309093,8.507524664891932,21.182040831683455
2067,20117,Grass/Pasture/Shrubland,13608757.209524421,1360.8757209524422,66.51575143947134,grassPastureHay,NA,NA,NA,NA,NA,NA,NA,NA,NA,NA,1.155348801879282,0.0031653391832309093,8.507524664891932,21.182040831683455
2067,20117,Other Crops,368569.7378671669,36.856973786716694,1.801464505144208,all_cult,NA,NA,NA,NA,NA,NA,NA,NA,NA,NA,1.155348801879282,0.0031653391832309093,8.507524664891932,21.182040831683455
2067,20117,Sorghum,113210.96189225193,11.321096189225193,0.5533431220433721,all_cult,Sorghum,NA,NA,112,1267.9627731932217,2545.9912695312532,883.9251317742014,143.34551176308065,351.7249575310179,5,1.155348801879282,0.0031653391832309093,8.507524664891932,21.182040831683455
2067,20117,Soybeans,2250086.8872694396,225.00868872694397,10.99778751332857,all_cult,Soybeans,0.12228514283699721,8.25,56,12600.486568708862,2545.9912695312532,883.9251317742014,143.34551176308065,351.7249575310179,5,1.155348801879282,0.0031653391832309093,8.507524664891932,21.182040831683455
2067,20117,Wheat,234744.84118524572,23.474484118524572,1.1473663074132867,all_cult,Wheat,NA,NA,89,2089.229086548687,2224.15613586426,543.6187924774557,102.273979898188,187.10463409931884,5,1.155348801879282,0.0031653391832309093,8.507524664891932,21.182040831683455
2067,20127,Corn,10941387.892613748,1094.1387892613748,4.064821675495574,all_cult,Corn,NA,NA,250,273534.6973153437,2611.807964477542,804.4543936204926,133.89744083130088,298.8373312812186,5,1.0952632495731878,0.003000721231707364,9.123633740568836,21.776492618926607
2067,20127,Developed,12128694.282144045,1212.8694282144045,4.50591642462472,developed,NA,NA,NA,NA,NA,NA,NA,NA,NA,NA,1.0952632495731878,0.003000721231707364,9.123633740568836,21.776492618926607
2067,20127,Double Crop,4499199.088895911,449.9199088895911,1.671491967784096,all_cult,NA,NA,NA,NA,NA,NA,NA,NA,NA,NA,1.0952632495731878,0.003000721231707364,9.123633740568836,21.776492618926607
2067,20127,Grass/Pasture/Shrubland,158101691.18434784,15810.169118434784,58.73616652348874,grassPastureHay,NA,NA,NA,NA,NA,NA,NA,NA,NA,NA,1.0952632495731878,0.003000721231707364,9.123633740568836,21.776492618926607
2067,20127,Other Crops,10981377.128665583,1098.1377128665583,4.079678027823576,all_cult,NA,NA,NA,NA,NA,NA,NA,NA,NA,NA,1.0952632495731878,0.003000721231707364,9.123633740568836,21.776492618926607
2067,20127,Sorghum,7272388.587591114,727.2388587591115,2.701756217181813,all_cult,Sorghum,NA,NA,112,81450.75218102049,2611.807964477542,804.4543936204926,133.89744083130088,298.8373312812186,5,1.0952632495731878,0.003000721231707364,9.123633740568836,21.776492618926607
2067,20127,Soybeans,28686301.015498407,2868.6301015498407,10.657212713965244,all_cult,Soybeans,0.11686486262093489,4,56,160643.2856867911,2611.807964477542,804.4543936204926,133.89744083130088,298.8373312812186,5,1.0952632495731878,0.003000721231707364,9.123633740568836,21.776492618926607
2067,20127,Wheat,20934850.636842933,2093.485063684293,7.777480834890052,all_cult,Wheat,NA,NA,89,186320.17066790207,2288.6389355468777,541.3307662418712,101.36956816520537,179.07649670001902,5,1.0952632495731878,0.003000721231707364,9.123633740568836,21.776492618926607
2067,20131,Corn,124792211.963085,12479.2211963085,16.444051346315263,all_cult,Corn,0.12528513936677563,9.454545454545455,250,3119805.299077125,2545.67453796387,912.9820367619031,139.71701976671284,366.7607317628257,5,1.182972576242797,0.003241020756829581,8.500831457686774,21.148826837409054
2067,20131,Developed,34827921.40223819,3482.792140223819,4.589325878711502,developed,NA,NA,NA,NA,NA,NA,NA,NA,NA,NA,1.182972576242797,0.003241020756829581,8.500831457686774,21.148826837409054
2067,20131,Double Crop,1288597.7379512293,128.85977379512295,0.1698003988733199,all_cult,NA,NA,NA,NA,NA,NA,NA,NA,NA,NA,1.182972576242797,0.003241020756829581,8.500831457686774,21.148826837409054
2067,20131,Grass/Pasture/Shrubland,328086582.4549448,32808.65824549448,43.232446344665604,grassPastureHay,NA,NA,NA,NA,NA,NA,NA,NA,NA,NA,1.182972576242797,0.003241020756829581,8.500831457686774,21.148826837409054
2067,20131,Other Crops,27101730.321978156,2710.1730321978157,3.5712344382550913,all_cult,NA,NA,NA,NA,NA,NA,NA,NA,NA,NA,1.182972576242797,0.003241020756829581,8.500831457686774,21.148826837409054
2067,20131,Sorghum,2055671.3741418559,205.5671374141856,0.2708788080264065,all_cult,Sorghum,NA,NA,112,23023.519390388785,2545.67453796387,912.9820367619031,139.71701976671284,366.7607317628257,5,1.182972576242797,0.003241020756829581,8.500831457686774,21.148826837409054
2067,20131,Soybeans,136674912.54505298,13667.491254505298,18.00985209164201,all_cult,Soybeans,0.1067341402930363,5.142857142857143,56,765379.5102522967,2545.67453796387,912.9820367619031,139.71701976671284,366.7607317628257,5,1.182972576242797,0.003241020756829581,8.500831457686774,21.148826837409054
2067,20131,Wheat,9588450.555545796,958.8450555545795,1.2634840811511674,all_cult,Wheat,NA,NA,89,85337.20994435757,2218.4467181396512,547.9510062683555,101.26367785743548,190.7495640401652,5,1.182972576242797,0.003241020756829581,8.500831457686774,21.148826837409054
2067,20139,Corn,20890964.22588984,2089.096422588984,9.4988079569725965,all_cult,Corn,NA,NA,250,522274.10564724595,2639.819319458011,913.0883896588948,128.14303757867273,323.15561769972237,5,1.2340553997546526,0.0033809736979579525,9.565350776567874,21.649348947185384
2067,20139,Developed,11858545.489950646,1185.8545489950645,5.391902692479325,developed,NA,NA,NA,NA,NA,NA,NA,NA,NA,NA,1.2340553997546526,0.0033809736979579525,9.565350776567874,21.649348947185384
2067,20139,Double Crop,1849135.1156913848,184.91351156913848,0.8407739901578724,all_cult,NA,NA,NA,NA,NA,NA,NA,NA,NA,NA,1.2340553997546526,0.0033809736979579525,9.565350776567874,21.649348947185384
2067,20139,Grass/Pasture/Shrubland,108139234.26990536,10813.923426990536,49.1692871538651,grassPastureHay,NA,NA,NA,NA,NA,NA,NA,NA,NA,NA,1.2340553997546526,0.0033809736979579525,9.565350776567874,21.649348947185384
2067,20139,Other Crops,6302951.103083336,630.2951103083336,2.86585728849129,all_cult,NA,NA,NA,NA,NA,NA,NA,NA,NA,NA,1.2340553997546526,0.0033809736979579525,9.565350776567874,21.649348947185384
2067,20139,Sorghum,252758.48461129973,25.27584846112997,0.11492549021948671,all_cult,Sorghum,NA,NA,112,2830.8950276465566,2639.819319458011,913.0883896588948,128.14303757867273,323.15561769972237,5,1.2340553997546526,0.0033809736979579525,9.565350776567874,21.649348947185384
2067,20139,Soybeans,28064514.38751116,2806.4514387511163,12.76051357372463,all_cult,Soybeans,NA,NA,56,157161.28057006252,2639.819319458011,913.0883896588948,128.14303757867273,323.15561769972237,5,1.2340553997546526,0.0033809736979579525,9.565350776567874,21.649348947185384
2067,20139,Wheat,1738320.944623076,173.8320944623076,0.7903884493801757,all_cult,Wheat,NA,NA,89,15471.056407145375,2321.0817901611354,603.1009475151022,98.8386640301166,198.35647106961721,5,1.2340553997546526,0.0033809736979579525,9.565350776567874,21.649348947185384
2067,20149,Corn,136791901.8519852,13679.190185198519,7.982141503627487,all_cult,Corn,0.1326174661314905,62.44444444444444,250,3419797.54629963,2596.248568725589,877.8866831373829,137.72982797409102,321.41230675915654,5,1.1508049168050025,0.0031528901830274038,8.90415461292008,21.632092318600193
2067,20149,Developed,87781477.02653997,8778.147702653996,5.122263537072818,developed,NA,NA,NA,NA,NA,NA,NA,NA,NA,NA,1.1508049168050025,0.0031528901830274038,8.90415461292008,21.632092318600193
2067,20149,Double Crop,1803166.4492782145,180.31664492782144,0.1052191654466961,all_cult,NA,NA,NA,NA,NA,NA,NA,NA,NA,NA,1.1508049168050025,0.0031528901830274038,8.90415461292008,21.632092318600193
2067,20149,Grass/Pasture/Shrubland,1058221194.9777538,105822.11949777538,61.749790785057485,grassPastureHay,NA,NA,NA,NA,NA,NA,NA,NA,NA,NA,1.1508049168050025,0.0031528901830274038,8.90415461292008,21.632092318600193
2067,20149,Other Crops,34485813.7618199,3448.58137618199,2.012331443512244,all_cult,NA,NA,NA,NA,NA,NA,NA,NA,NA,NA,1.1508049168050025,0.0031528901830274038,8.90415461292008,21.632092318600193
2067,20149,Sorghum,5647082.09049503,564.708209049503,0.3295210295248753,all_cult,Sorghum,NA,NA,112,63247.319413544334,2596.248568725589,877.8866831373829,137.72982797409102,321.41230675915654,5,1.1508049168050025,0.0031528901830274038,8.90415461292008,21.632092318600193
2067,20149,Soybeans,153915907.33370754,15391.590733370755,8.98136903839706,all_cult,Soybeans,0.11392545848870632,51.611111111111114,56,861929.0810687622,2596.248568725589,877.8866831373829,137.72982797409102,321.41230675915654,5,1.1508049168050025,0.0031528901830274038,8.90415461292008,21.632092318600193
2067,20149,Wheat,13424373.002870617,1342.4373002870618,0.7833449455387832,all_cult,Wheat,NA,NA,89,119476.9197255485,2277.6845660400418,563.6605093370496,101.385119014507,195.22018014450924,5,1.1508049168050025,0.0031528901830274038,8.90415461292008,21.632092318600193
2067,20161,Corn,29887562.457934357,2988.756245793436,3.7374801575206362,all_cult,Corn,0.14127372152863188,12.444444444444445,250,747189.0614483589,2608.5306842041045,827.3442904724457,138.85872306685616,301.19086653054745,5,1.0922429503376698,0.0029924464392812864,8.981593920564022,21.81739162497327
2067,20161,Developed,93189704.06140432,9318.970406140432,11.653498685445852,developed,NA,NA,NA,NA,NA,NA,NA,NA,NA,NA,1.0922429503376698,0.0029924464392812864,8.981593920564022,21.81739162497327
2067,20161,Double Crop,2321662.5391971655,232.16625391971652,0.2903270443991936,all_cult,NA,NA,NA,NA,NA,NA,NA,NA,NA,NA,1.0922429503376698,0.0029924464392812864,8.981593920564022,21.81739162497327
2067,20161,Grass/Pasture/Shrubland,421935273.9416269,42193.527394162695,52.76357736882686,grassPastureHay,NA,NA,NA,NA,NA,NA,NA,NA,NA,NA,1.0922429503376698,0.0029924464392812864,8.981593920564022,21.81739162497327
2067,20161,Other Crops,10313350.483787943,1031.3350483787942,1.2896984437913022,all_cult,NA,NA,NA,NA,NA,NA,NA,NA,NA,NA,1.0922429503376698,0.0029924464392812864,8.981593920564022,21.81739162497327
2067,20161,Sorghum,8046145.345421317,804.6145345421318,1.0061813711092988,all_cult,Sorghum,NA,NA,112,90116.82786871876,2608.5306842041045,827.3442904724457,138.85872306685616,301.19086653054745,5,1.0922429503376698,0.0029924464392812864,8.981593920564022,21.81739162497327
2067,20161,Soybeans,56043067.26954317,5604.306726954317,7.008261452613234,all_cult,Soybeans,0.12420661341954765,10.38888888888889,56,313841.17670944176,2608.5306842041045,827.3442904724457,138.85872306685616,301.19086653054745,5,1.0922429503376698,0.0029924464392812864,8.981593920564022,21.81739162497327
2067,20161,Wheat,14763447.35949416,1476.3447359494162,1.8461890841841313,all_cult,Wheat,NA,NA,89,131394.68149949805,2289.612937622073,536.2724638443009,103.21756142580476,185.48531643596817,5,1.0922429503376698,0.0029924464392812864,8.981593920564022,21.81739162497327
2067,20177,Corn,132475537.80653152,13247.553780653152,9.091050553311547,all_cult,Corn,0.12030458771317423,83,250,3311888.445163288,2637.840501098636,909.7893977353772,131.64459070967007,316.33431267250126,5,1.210632916820428,0.0033168025118367884,9.491284229853404,21.645512996307815
2067,20177,Developed,255013934.0237044,25501.393402370442,17.50017100813045,developed,NA,NA,NA,NA,NA,NA,NA,NA,NA,NA,1.210632916820428,0.0033168025118367884,9.491284229853404,21.645512996307815
2067,20177,Double Crop,2797246.7569815805,279.7246756981581,0.19195930130847558,all_cult,NA,NA,NA,NA,NA,NA,NA,NA,NA,NA,1.210632916820428,0.0033168025118367884,9.491284229853404,21.645512996307815
2067,20177,Grass/Pasture/Shrubland,626083355.6398722,62608.33556398722,42.96457693964075,grassPastureHay,NA,NA,NA,NA,NA,NA,NA,NA,NA,NA,1.210632916820428,0.0033168025118367884,9.491284229853404,21.645512996307815
2067,20177,Other Crops,33361526.081880283,3336.1526081880284,2.289413767762353,all_cult,NA,NA,NA,NA,NA,NA,NA,NA,NA,NA,1.210632916820428,0.0033168025118367884,9.491284229853404,21.645512996307815
2067,20177,Sorghum,2303954.5452317544,230.39545452317543,0.15810743319134585,all_cult,Sorghum,NA,NA,112,25804.29090659565,2637.840501098636,909.7893977353772,131.64459070967007,316.33431267250126,5,1.210632916820428,0.0033168025118367884,9.491284229853404,21.645512996307815
2067,20177,Soybeans,145627766.023613,14562.7766023613,9.993613951731533,all_cult,Soybeans,0.09768281806034469,42.833333333333336,56,815515.4897322329,2637.840501098636,909.7893977353772,131.64459070967007,316.33431267250126,5,1.210632916820428,0.0033168025118367884,9.491284229853404,21.645512996307815
2067,20177,Wheat,9565647.685078032,956.5647685078033,0.656436562704971,all_cult,Wheat,NA,NA,89,85134.26439719449,2319.159597778323,590.4981275561393,99.87113130667598,195.95890537373543,5,1.210632916820428,0.0033168025118367884,9.491284229853404,21.645512996307815
2067,20197,Corn,69733578.79693311,6973.357879693312,4.536852294529976,all_cult,Corn,0.14186117514330646,28.666666666666668,250,1743339.469923328,2614.5451025390657,869.8206466950955,132.75615235790886,297.2350533877213,5,1.1610462823969816,0.00318094871889584,9.182459633187095,21.6891064118686
2067,20197,Developed,54289406.85937861,5428.940685937861,3.5320576446519008,developed,NA,NA,NA,NA,NA,NA,NA,NA,NA,NA,1.1610462823969816,0.00318094871889584,9.182459633187095,21.6891064118686
2067,20197,Double Crop,1125869.9276987636,112.58699276987635,0.07324886594013556,all_cult,NA,NA,NA,NA,NA,NA,NA,NA,NA,NA,1.1610462823969816,0.00318094871889584,9.182459633187095,21.6891064118686
2067,20197,Grass/Pasture/Shrubland,1169502873.1037595,116950.28731037596,76.08761639426346,grassPastureHay,NA,NA,NA,NA,NA,NA,NA,NA,NA,NA,1.1610462823969816,0.00318094871889584,9.182459633187095,21.6891064118686
2067,20197,Other Crops,29094649.42529061,2909.464942529061,1.8928919077573607,all_cult,NA,NA,NA,NA,NA,NA,NA,NA,NA,NA,1.1610462823969816,0.00318094871889584,9.182459633187095,21.6891064118686
2067,20197,Sorghum,3287931.385599168,328.7931385599168,0.21391213972326276,all_cult,Sorghum,NA,NA,112,36824.831518710685,2614.5451025390657,869.8206466950955,132.75615235790886,297.2350533877213,5,1.1610462823969816,0.00318094871889584,9.182459633187095,21.6891064118686
2067,20197,Soybeans,83491332.16381498,8349.133216381497,5.431928899043218,all_cult,Soybeans,0.12942046457519057,22.77777777777778,56,467551.46011736384,2614.5451025390657,869.8206466950955,132.75615235790886,297.2350533877213,5,1.1610462823969816,0.00318094871889584,9.182459633187095,21.6891064118686
2067,20197,Wheat,7530280.724868099,753.02807248681,0.4899185152185996,all_cult,Wheat,NA,NA,89,67019.49845132609,2298.3719354248074,573.2619181273304,100.70467539466912,190.59210291042643,5,1.1610462823969816,0.00318094871889584,9.182459633187095,21.6891064118686
2067,20209,Corn,2798441.748604609,279.8441748604609,1.0907251789658858,all_cult,Corn,NA,NA,250,69961.04371511523,2700.54529174805,986.8487305970552,127.67961997536317,374.2347372958784,5,1.2866082976946989,0.003524954240259449,10.256341226656167,21.48323991331338
2067,20209,Developed,144515431.86680782,14451.543186680783,56.32656829996687,developed,NA,NA,NA,NA,NA,NA,NA,NA,NA,NA,1.2866082976946989,0.003524954240259449,10.256341226656167,21.48323991331338
2067,20209,Double Crop,152719.71803613545,15.271971803613546,0.05952428413764306,all_cult,NA,NA,NA,NA,NA,NA,NA,NA,NA,NA,1.2866082976946989,0.003524954240259449,10.256341226656167,21.48323991331338
2067,20209,Grass/Pasture/Shrubland,41083799.11850462,4108.379911850462,16.01288794682744,grassPastureHay,NA,NA,NA,NA,NA,NA,NA,NA,NA,NA,1.2866082976946989,0.003524954240259449,10.256341226656167,21.48323991331338
2067,20209,Other Crops,1959154.8527385148,195.91548527385146,0.7636033619211925,all_cult,NA,NA,NA,NA,NA,NA,NA,NA,NA,NA,1.2866082976946989,0.003524954240259449,10.256341226656167,21.48323991331338
2067,20209,Sorghum,54127.80426680527,5.412780426680527,0.02109694047602745,all_cult,Sorghum,NA,NA,112,606.231407788219,2700.54529174805,986.8487305970552,127.67961997536317,374.2347372958784,5,1.2866082976946989,0.003524954240259449,10.256341226656167,21.48323991331338
2067,20209,Soybeans,8244134.676247953,824.4134676247953,3.213247256139296,all_cult,Soybeans,0.14562756367793683,4.75,56,46167.15418698854,2700.54529174805,986.8487305970552,127.67961997536317,374.2347372958784,5,1.2866082976946989,0.003524954240259449,10.256341226656167,21.48323991331338
2067,20209,Wheat,234900.57353758038,23.49005735375804,0.09155522720411169,all_cult,Wheat,NA,NA,89,2090.6151044844655,2342.1698779296903,605.1590287901319,99.5109010049875,206.33202730840475,5,1.2866082976946989,0.003524954240259449,10.256341226656167,21.48323991331338
2068,20005,Corn,172734778.84431297,17273.477884431297,23.078910848652363,all_cult,Corn,0.10724545034749912,6.181818181818182,250,4318369.471107824,2656.8391003418,781.6301744799615,86.98819600747865,185.64706043056097,5,0.9901687901560974,0.002705379208076769,9.579871130771346,22.35491523117318
2068,20005,Developed,36578638.84791646,3657.863884791646,4.88723319405755,developed,NA,NA,NA,NA,NA,NA,NA,NA,NA,NA,0.9901687901560974,0.002705379208076769,9.579871130771346,22.35491523117318
2068,20005,Double Crop,1451158.554832854,145.11585548328543,0.1938877575107932,all_cult,NA,NA,NA,NA,NA,NA,NA,NA,NA,NA,0.9901687901560974,0.002705379208076769,9.579871130771346,22.35491523117318
2068,20005,Grass/Pasture/Shrubland,215288406.86893737,21528.840686893738,28.764456018176027,grassPastureHay,NA,NA,NA,NA,NA,NA,NA,NA,NA,NA,0.9901687901560974,0.002705379208076769,9.579871130771346,22.35491523117318
2068,20005,Other Crops,29204979.705745928,2920.4979705745927,3.902046405912905,all_cult,NA,NA,NA,NA,NA,NA,NA,NA,NA,NA,0.9901687901560974,0.002705379208076769,9.579871130771346,22.35491523117318
2068,20005,Sorghum,732239.3724075308,73.22393724075309,0.09783372699309156,all_cult,Sorghum,NA,NA,112,8201.080970964345,2656.8391003418,781.6301744799615,86.98819600747865,185.64706043056097,5,0.9901687901560974,0.002705379208076769,9.579871130771346,22.35491523117318
2068,20005,Soybeans,181600576.65296197,18160.057665296197,24.263460703620524,all_cult,Soybeans,0.07483265359624193,5,56,1016963.2292565871,2656.8391003418,781.6301744799615,86.98819600747865,185.64706043056097,5,0.9901687901560974,0.002705379208076769,9.579871130771346,22.35491523117318
2068,20005,Wheat,5908069.702597459,590.8069702597459,0.7893709354082403,all_cult,Wheat,NA,NA,89,52581.82035311738,2356.135049438479,439.4176527158768,36.06619202161309,152.9021554648191,5,0.9901687901560974,0.002705379208076769,9.579871130771346,22.35491523117318
2068,20013,Corn,113276297.82191704,11327.629782191703,25.36090350021212,all_cult,Corn,0.12646432205391206,17.5625,250,2831907.445547926,2615.334296875003,752.3392891505379,80.28774125547376,181.46366419578487,5,0.9504400217967794,0.0025968306606469383,9.084063895804006,22.286966142498102
2068,20013,Developed,24170977.38782201,2417.0977387822013,5.411527714315524,developed,NA,NA,NA,NA,NA,NA,NA,NA,NA,NA,0.9504400217967794,0.0025968306606469383,9.084063895804006,22.286966142498102
2068,20013,Double Crop,542048.8992527233,54.20488992527234,0.12135680712267008,all_cult,NA,NA,NA,NA,NA,NA,NA,NA,NA,NA,0.9504400217967794,0.0025968306606469383,9.084063895804006,22.286966142498102
2068,20013,Grass/Pasture/Shrubland,122499833.68113159,12249.983368113159,27.425918047421547,grassPastureHay,NA,NA,NA,NA,NA,NA,NA,NA,NA,NA,0.9504400217967794,0.0025968306606469383,9.084063895804006,22.286966142498102
2068,20013,Other Crops,13090232.71280689,1309.023271280689,2.9307113227404837,all_cult,NA,NA,NA,NA,NA,NA,NA,NA,NA,NA,0.9504400217967794,0.0025968306606469383,9.084063895804006,22.286966142498102
2068,20013,Sorghum,333636.9508835004,33.363695088350035,0.07469642527304013,all_cult,Sorghum,NA,NA,112,3736.733849895204,2615.334296875003,752.3392891505379,80.28774125547376,181.46366419578487,5,0.9504400217967794,0.0025968306606469383,9.084063895804006,22.286966142498102
2068,20013,Soybeans,123405327.24801578,12340.532724801578,27.62864479089188,all_cult,Soybeans,0.10147480973744562,10.461538461538462,56,691069.8325888884,2615.334296875003,752.3392891505379,80.28774125547376,181.46366419578487,5,0.9504400217967794,0.0025968306606469383,9.084063895804006,22.286966142498102
2068,20013,Wheat,3906288.4515680084,390.6288451568008,0.8745607542714157,all_cult,Wheat,NA,NA,89,34765.96721895527,2313.4196044921905,430.96142693647425,39.9085639547885,151.1196072244148,5,0.9504400217967794,0.0025968306606469383,9.084063895804006,22.286966142498102
2068,20045,Corn,74392843.99321488,7439.284399321487,7.631923083362056,all_cult,Corn,0.1459526935617447,11,250,1859821.0998303718,2722.9957220459014,811.9409288295626,96.08973631619388,144.09045615037763,5,1.037198587664519,0.002833875922580653,10.29698878220524,22.69107487579515
2068,20045,Developed,130402436.2681122,13040.24362681122,13.37791795635647,developed,NA,NA,NA,NA,NA,NA,NA,NA,NA,NA,1.037198587664519,0.002833875922580653,10.29698878220524,22.69107487579515
2068,20045,Double Crop,4220114.888463862,422.01148884638627,0.4329393864098648,all_cult,NA,NA,NA,NA,NA,NA,NA,NA,NA,NA,1.037198587664519,0.002833875922580653,10.29698878220524,22.69107487579515
2068,20045,Grass/Pasture/Shrubland,354830010.0217444,35483.00100217444,36.40182575089523,grassPastureHay,NA,NA,NA,NA,NA,NA,NA,NA,NA,NA,1.037198587664519,0.002833875922580653,10.29698878220524,22.69107487579515
2068,20045,Other Crops,37964614.628596716,3796.4614628596714,3.8947700233285687,all_cult,NA,NA,NA,NA,NA,NA,NA,NA,NA,NA,1.037198587664519,0.002833875922580653,10.29698878220524,22.69107487579515
2068,20045,Sorghum,671055.755263424,67.1055755263424,0.06884326010288025,all_cult,Sorghum,NA,NA,112,7515.824458950349,2722.9957220459014,811.9409288295626,96.08973631619388,144.09045615037763,5,1.037198587664519,0.002833875922580653,10.29698878220524,22.69107487579515
2068,20045,Soybeans,100028766.3995359,10002.876639953589,10.261898998705805,all_cult,Soybeans,0.11420951862362651,8.5,56,560161.091837401,2722.9957220459014,811.9409288295626,96.08973631619388,144.09045615037763,5,1.037198587664519,0.002833875922580653,10.29698878220524,22.69107487579515
2068,20045,Wheat,7085783.937909698,708.5783937909698,0.7269268802840957,all_cult,Wheat,NA,NA,89,63063.477047396314,2435.6420123291045,474.4617190893906,40.59149585375779,145.27675424664608,5,1.037198587664519,0.002833875922580653,10.29698878220524,22.69107487579515
2068,20061,Corn,31722102.062803604,3172.21020628036,4.044269831598419,all_cult,Corn,0.16936452361704205,12.944444444444445,250,793052.55157009,2650.884507446292,748.3219343550104,79.22418353176111,144.1834692582824,5,0.9323715521956584,0.002547463257365187,9.463273253727504,22.79797756841276
2068,20061,Developed,61171563.9285717,6117.15639285717,7.798799400437711,developed,NA,NA,NA,NA,NA,NA,NA,NA,NA,NA,0.9323715521956584,0.002547463257365187,9.463273253727504,22.79797756841276
2068,20061,Double Crop,5604030.762346523,560.4030762346523,0.7144612454318694,all_cult,NA,NA,NA,NA,NA,NA,NA,NA,NA,NA,0.9323715521956584,0.002547463257365187,9.463273253727504,22.79797756841276
2068,20061,Grass/Pasture/Shrubland,476190220.2809351,47619.02202809351,60.70977699307564,grassPastureHay,NA,NA,NA,NA,NA,NA,NA,NA,NA,NA,0.9323715521956584,0.002547463257365187,9.463273253727504,22.79797756841276
2068,20061,Other Crops,18227803.79878525,1822.7803798785249,2.323873646638379,all_cult,NA,NA,NA,NA,NA,NA,NA,NA,NA,NA,0.9323715521956584,0.002547463257365187,9.463273253727504,22.79797756841276
2068,20061,Sorghum,5491901.736070833,549.1901736070832,0.7001658485721192,all_cult,Sorghum,NA,NA,112,61509.299443993325,2650.884507446292,748.3219343550104,79.22418353176111,144.1834692582824,5,0.9323715521956584,0.002547463257365187,9.463273253727504,22.79797756841276
2068,20061,Soybeans,39491221.54782481,3949.1221547824807,5.03475953777074,all_cult,Soybeans,0.12217913528938978,7.666666666666667,56,221150.8406678189,2650.884507446292,748.3219343550104,79.22418353176111,144.1834692582824,5,0.9323715521956584,0.002547463257365187,9.463273253727504,22.79797756841276
2068,20061,Wheat,15495075.277191846,1549.5075277191845,1.9754764472362665,all_cult,Wheat,NA,NA,89,137906.16996700742,2387.0470111084014,429.6573497901685,48.96236722769997,145.28114680469741,5,0.9323715521956584,0.002547463257365187,9.463273253727504,22.79797756841276
2068,20085,Corn,134933024.35661882,13493.30243566188,7.9306511901880965,all_cult,Corn,NA,NA,250,3373325.60891547,2638.1779974365263,766.4177317426985,83.48803716332499,179.3304419834756,5,0.9684245175804901,0.0026459686272690985,9.339276656687609,22.49256816926552
2068,20085,Developed,75618361.35140783,7561.836135140783,4.444448275810096,developed,NA,NA,NA,NA,NA,NA,NA,NA,NA,NA,0.9684245175804901,0.0026459686272690985,9.339276656687609,22.49256816926552
2068,20085,Double Crop,1864792.83802623,186.479283802623,0.10960268333762817,all_cult,NA,NA,NA,NA,NA,NA,NA,NA,NA,NA,0.9684245175804901,0.0026459686272690985,9.339276656687609,22.49256816926552
2068,20085,Grass/Pasture/Shrubland,941187748.5802637,94118.77485802637,55.31804963283908,grassPastureHay,NA,NA,NA,NA,NA,NA,NA,NA,NA,NA,0.9684245175804901,0.0026459686272690985,9.339276656687609,22.49256816926552
2068,20085,Other Crops,98052397.627671,9805.2397627671,5.7630025537076115,all_cult,NA,NA,NA,NA,NA,NA,NA,NA,NA,NA,0.9684245175804901,0.0026459686272690985,9.339276656687609,22.49256816926552
2068,20085,Sorghum,4069081.398774073,406.9081398774073,0.23915913388905596,all_cult,Sorghum,NA,NA,112,45573.71166626961,2638.1779974365263,766.4177317426985,83.48803716332499,179.3304419834756,5,0.9684245175804901,0.0026459686272690985,9.339276656687609,22.49256816926552
2068,20085,Soybeans,170772946.2930534,17077.29462930534,10.037132690300496,all_cult,Soybeans,NA,NA,56,956328.499241099,2638.1779974365263,766.4177317426985,83.48803716332499,179.3304419834756,5,0.9684245175804901,0.0026459686272690985,9.339276656687609,22.49256816926552
2068,20085,Wheat,13725583.902961861,1372.5583902961862,0.8067173980208171,all_cult,Wheat,NA,NA,89,122157.69673636057,2350.8915948486356,442.4334878380347,44.49605327405981,151.09728854510246,5,0.9684245175804901,0.0026459686272690985,9.339276656687609,22.49256816926552
2068,20087,Corn,155094058.297135,15509.4058297135,10.788896738521789,all_cult,Corn,0.13078338055311117,25.77777777777778,250,3877351.457428375,2677.5588482666044,810.6513257981295,89.35255685311222,171.80507439792882,5,1.0276004124892473,0.0028076514002438446,9.878519060312096,22.463690002107903
2068,20087,Developed,83037617.78054704,8303.761778054704,5.7763933285619125,developed,NA,NA,NA,NA,NA,NA,NA,NA,NA,NA,1.0276004124892473,0.0028076514002438446,9.878519060312096,22.463690002107903
2068,20087,Double Crop,3214015.8179615135,321.4015817961514,0.2235784217441099,all_cult,NA,NA,NA,NA,NA,NA,NA,NA,NA,NA,1.0276004124892473,0.0028076514002438446,9.878519060312096,22.463690002107903
2068,20087,Grass/Pasture/Shrubland,533878677.1787268,53387.86771787268,37.138507962340775,grassPastureHay,NA,NA,NA,NA,NA,NA,NA,NA,NA,NA,1.0276004124892473,0.0028076514002438446,9.878519060312096,22.463690002107903
2068,20087,Other Crops,67978226.39294052,6797.822639294052,4.728808266891807,all_cult,NA,NA,NA,NA,NA,NA,NA,NA,NA,NA,1.0276004124892473,0.0028076514002438446,9.878519060312096,22.463690002107903
2068,20087,Sorghum,2078940.1655916602,207.89401655916603,0.1446185045281528,all_cult,Sorghum,NA,NA,112,23284.129854626597,2677.5588482666044,810.6513257981295,89.35255685311222,171.80507439792882,5,1.0276004124892473,0.0028076514002438446,9.878519060312096,22.463690002107903
2068,20087,Soybeans,173639107.61438552,17363.91076143855,12.078956617613274,all_cult,Soybeans,0.09985991575255485,13.833333333333334,56,972379.0026405589,2677.5588482666044,810.6513257981295,89.35255685311222,171.80507439792882,5,1.0276004124892473,0.0028076514002438446,9.878519060312096,22.463690002107903
2068,20087,Wheat,7377427.0278590415,737.7427027859042,0.5132001784817648,all_cult,Wheat,NA,NA,89,65659.10054794548,2390.1068859863312,463.46402326271385,38.97865516200813,158.58026485038036,5,1.0276004124892473,0.0028076514002438446,9.878519060312096,22.463690002107903
2068,20091,Corn,20137063.169311535,2013.7063169311532,3.334881975218613,all_cult,Corn,0.14955141172933145,4,250,503426.5792327883,2733.641914672855,814.4553627463802,101.65322945175096,161.30476557588554,5,1.0640758870854194,0.002907311166900053,10.503300684527645,22.576681635288615
2068,20091,Developed,271607528.4848879,27160.752848488788,44.98069273866694,developed,NA,NA,NA,NA,NA,NA,NA,NA,NA,NA,1.0640758870854194,0.002907311166900053,10.503300684527645,22.576681635288615
2068,20091,Double Crop,2013905.6882216034,201.39056882216036,0.3335212152324038,all_cult,NA,NA,NA,NA,NA,NA,NA,NA,NA,NA,1.0640758870854194,0.002907311166900053,10.503300684527645,22.576681635288615
2068,20091,Grass/Pasture/Shrubland,139667491.4795437,13966.749147954368,23.130214964462166,grassPastureHay,NA,NA,NA,NA,NA,NA,NA,NA,NA,NA,1.0640758870854194,0.002907311166900053,10.503300684527645,22.576681635288615
2068,20091,Other Crops,14581458.923742233,1458.1458923742232,2.4148230617504245,all_cult,NA,NA,NA,NA,NA,NA,NA,NA,NA,NA,1.0640758870854194,0.002907311166900053,10.503300684527645,22.576681635288615
2068,20091,Sorghum,265245.84730308503,26.524584730308504,0.043927140106542625,all_cult,Sorghum,NA,NA,112,2970.7534897945525,2733.641914672855,814.4553627463802,101.65322945175096,161.30476557588554,5,1.0640758870854194,0.002907311166900053,10.503300684527645,22.576681635288615
2068,20091,Soybeans,40506888.73460731,4050.688873460731,6.708311533684595,all_cult,Soybeans,NA,NA,56,226838.57691380093,2733.641914672855,814.4553627463802,101.65322945175096,161.30476557588554,5,1.0640758870854194,0.002907311166900053,10.503300684527645,22.576681635288615
2068,20091,Wheat,3047090.5931461067,304.70905931461067,0.5046260922212007,all_cult,Wheat,NA,NA,89,27119.10627900035,2443.169221191409,493.350945267683,37.81025224864565,144.68228513409974,5,1.0640758870854194,0.002907311166900053,10.503300684527645,22.576681635288615
2068,20103,Corn,55676654.53817842,5567.665453817842,6.162232243462533,all_cult,Corn,0.09926099891867379,4.75,250,1391916.3634544604,2711.425181884769,813.6840500386033,95.11597514142498,175.87714298414147,5,1.0420144975063756,0.0028470341461922836,10.198988817558936,22.56202534326441
2068,20103,Developed,66222526.18511143,6622.252618511144,7.329437975150055,developed,NA,NA,NA,NA,NA,NA,NA,NA,NA,NA,1.0420144975063756,0.0028470341461922836,10.198988817558936,22.56202534326441
2068,20103,Double Crop,2239300.7972116056,223.93007972116058,0.2478434038440015,all_cult,NA,NA,NA,NA,NA,NA,NA,NA,NA,NA,1.0420144975063756,0.0028470341461922836,10.198988817558936,22.56202534326441
2068,20103,Grass/Pasture/Shrubland,361083573.13099504,36108.3573130995,39.96434152498699,grassPastureHay,NA,NA,NA,NA,NA,NA,NA,NA,NA,NA,1.0420144975063756,0.0028470341461922836,10.198988817558936,22.56202534326441
2068,20103,Other Crops,54377617.6404599,5437.76176404599,6.018456236750789,all_cult,NA,NA,NA,NA,NA,NA,NA,NA,NA,NA,1.0420144975063756,0.0028470341461922836,10.198988817558936,22.56202534326441
2068,20103,Sorghum,567901.3203360821,56.79013203360822,0.06285470735100035,all_cult,Sorghum,NA,NA,112,6360.494787764121,2711.425181884769,813.6840500386033,95.11597514142498,175.87714298414147,5,1.0420144975063756,0.0028470341461922836,10.198988817558936,22.56202534326441
2068,20103,Soybeans,101039226.18326606,10103.922618326606,11.18291288522158,all_cult,Soybeans,0.11410095968932568,4.571428571428571,56,565819.66662629,2711.425181884769,813.6840500386033,95.11597514142498,175.87714298414147,5,1.0420144975063756,0.0028470341461922836,10.198988817558936,22.56202534326441
2068,20103,Wheat,4817340.8524583215,481.7340852458321,0.5331781044497215,all_cult,Wheat,NA,NA,89,42874.33358687905,2418.062872924808,475.24085311036407,34.70889794214621,156.4148338220394,5,1.0420144975063756,0.0028470341461922836,10.198988817558936,22.56202534326441
2068,20117,Corn,1797933.5665907045,179.79335665907044,8.787790125047634,all_cult,Corn,0.16261062771687598,15.722222222222221,250,44948.33916476761,2585.969150390628,723.4694641505023,75.40512565588082,175.64585483539236,5,0.9063042265636365,0.0024762410561847996,8.86500056532565,22.138348538758347
2068,20117,Developed,709093.4285035765,70.90934285035766,3.465847873654197,developed,NA,NA,NA,NA,NA,NA,NA,NA,NA,NA,0.9063042265636365,0.0024762410561847996,8.86500056532565,22.138348538758347
2068,20117,Double Crop,17005.082052877187,1.700508205287719,0.08311602548433755,all_cult,NA,NA,NA,NA,NA,NA,NA,NA,NA,NA,0.9063042265636365,0.0024762410561847996,8.86500056532565,22.138348538758347
2068,20117,Grass/Pasture/Shrubland,13608757.209524421,1360.8757209524422,66.51575143947134,grassPastureHay,NA,NA,NA,NA,NA,NA,NA,NA,NA,NA,0.9063042265636365,0.0024762410561847996,8.86500056532565,22.138348538758347
2068,20117,Other Crops,368569.7378671669,36.856973786716694,1.801464505144208,all_cult,NA,NA,NA,NA,NA,NA,NA,NA,NA,NA,0.9063042265636365,0.0024762410561847996,8.86500056532565,22.138348538758347
2068,20117,Sorghum,113210.96189225193,11.321096189225193,0.5533431220433721,all_cult,Sorghum,NA,NA,112,1267.9627731932217,2585.969150390628,723.4694641505023,75.40512565588082,175.64585483539236,5,0.9063042265636365,0.0024762410561847996,8.86500056532565,22.138348538758347
2068,20117,Soybeans,2250086.8872694396,225.00868872694397,10.99778751332857,all_cult,Soybeans,0.12228514283699721,8.25,56,12600.486568708862,2585.969150390628,723.4694641505023,75.40512565588082,175.64585483539236,5,0.9063042265636365,0.0024762410561847996,8.86500056532565,22.138348538758347
2068,20117,Wheat,234744.84118524572,23.474484118524572,1.1473663074132867,all_cult,Wheat,NA,NA,89,2089.229086548687,2292.3635131835968,433.1323379743058,49.93408441159568,166.1181694511826,5,0.9063042265636365,0.0024762410561847996,8.86500056532565,22.138348538758347
2068,20127,Corn,10941387.892613748,1094.1387892613748,4.064821675495574,all_cult,Corn,NA,NA,250,273534.6973153437,2653.4854791259795,738.3903913064856,79.71885271265707,125.3674740583398,5,0.9274723626745632,0.002534077493646348,9.505102230551488,22.8135415999616
2068,20127,Developed,12128694.282144045,1212.8694282144045,4.50591642462472,developed,NA,NA,NA,NA,NA,NA,NA,NA,NA,NA,0.9274723626745632,0.002534077493646348,9.505102230551488,22.8135415999616
2068,20127,Double Crop,4499199.088895911,449.9199088895911,1.671491967784096,all_cult,NA,NA,NA,NA,NA,NA,NA,NA,NA,NA,0.9274723626745632,0.002534077493646348,9.505102230551488,22.8135415999616
2068,20127,Grass/Pasture/Shrubland,158101691.18434784,15810.169118434784,58.73616652348874,grassPastureHay,NA,NA,NA,NA,NA,NA,NA,NA,NA,NA,0.9274723626745632,0.002534077493646348,9.505102230551488,22.8135415999616
2068,20127,Other Crops,10981377.128665583,1098.1377128665583,4.079678027823576,all_cult,NA,NA,NA,NA,NA,NA,NA,NA,NA,NA,0.9274723626745632,0.002534077493646348,9.505102230551488,22.8135415999616
2068,20127,Sorghum,7272388.587591114,727.2388587591115,2.701756217181813,all_cult,Sorghum,NA,NA,112,81450.75218102049,2653.4854791259795,738.3903913064856,79.71885271265707,125.3674740583398,5,0.9274723626745632,0.002534077493646348,9.505102230551488,22.8135415999616
2068,20127,Soybeans,28686301.015498407,2868.6301015498407,10.657212713965244,all_cult,Soybeans,0.11686486262093489,4,56,160643.2856867911,2653.4854791259795,738.3903913064856,79.71885271265707,125.3674740583398,5,0.9274723626745632,0.002534077493646348,9.505102230551488,22.8135415999616
2068,20127,Wheat,20934850.636842933,2093.485063684293,7.777480834890052,all_cult,Wheat,NA,NA,89,186320.17066790207,2394.7506378173857,429.39362467660675,47.00783089724406,132.57426143629576,5,0.9274723626745632,0.002534077493646348,9.505102230551488,22.8135415999616
2068,20131,Corn,124792211.963085,12479.2211963085,16.444051346315263,all_cult,Corn,0.12528513936677563,9.454545454545455,250,3119805.299077125,2584.067089843753,728.1859377039445,78.10770879038559,175.30223633280195,5,0.9145675653275173,0.0024988184845014133,8.861593769678024,22.07342422568735
2068,20131,Developed,34827921.40223819,3482.792140223819,4.589325878711502,developed,NA,NA,NA,NA,NA,NA,NA,NA,NA,NA,0.9145675653275173,0.0024988184845014133,8.861593769678024,22.07342422568735
2068,20131,Double Crop,1288597.7379512293,128.85977379512295,0.1698003988733199,all_cult,NA,NA,NA,NA,NA,NA,NA,NA,NA,NA,0.9145675653275173,0.0024988184845014133,8.861593769678024,22.07342422568735
2068,20131,Grass/Pasture/Shrubland,328086582.4549448,32808.65824549448,43.232446344665604,grassPastureHay,NA,NA,NA,NA,NA,NA,NA,NA,NA,NA,0.9145675653275173,0.0024988184845014133,8.861593769678024,22.07342422568735
2068,20131,Other Crops,27101730.321978156,2710.1730321978157,3.5712344382550913,all_cult,NA,NA,NA,NA,NA,NA,NA,NA,NA,NA,0.9145675653275173,0.0024988184845014133,8.861593769678024,22.07342422568735
2068,20131,Sorghum,2055671.3741418559,205.5671374141856,0.2708788080264065,all_cult,Sorghum,NA,NA,112,23023.519390388785,2584.067089843753,728.1859377039445,78.10770879038559,175.30223633280195,5,0.9145675653275173,0.0024988184845014133,8.861593769678024,22.07342422568735
2068,20131,Soybeans,136674912.54505298,13667.491254505298,18.00985209164201,all_cult,Soybeans,0.1067341402930363,5.142857142857143,56,765379.5102522967,2584.067089843753,728.1859377039445,78.10770879038559,175.30223633280195,5,0.9145675653275173,0.0024988184845014133,8.861593769678024,22.07342422568735
2068,20131,Wheat,9588450.555545796,958.8450555545795,1.2634840811511674,all_cult,Wheat,NA,NA,89,85337.20994435757,2281.914004516605,425.13900950261376,46.09466878085725,153.58435959810407,5,0.9145675653275173,0.0024988184845014133,8.861593769678024,22.07342422568735
2068,20139,Corn,20890964.22588984,2089.096422588984,9.4988079569725965,all_cult,Corn,NA,NA,250,522274.10564724595,2688.7424713134797,795.2618176902246,92.95946546827294,138.71912443177928,5,1.0098555153128002,0.002759168074625137,9.908134201967023,22.6381969847966
2068,20139,Developed,11858545.489950646,1185.8545489950645,5.391902692479325,developed,NA,NA,NA,NA,NA,NA,NA,NA,NA,NA,1.0098555153128002,0.002759168074625137,9.908134201967023,22.6381969847966
2068,20139,Double Crop,1849135.1156913848,184.91351156913848,0.8407739901578724,all_cult,NA,NA,NA,NA,NA,NA,NA,NA,NA,NA,1.0098555153128002,0.002759168074625137,9.908134201967023,22.6381969847966
2068,20139,Grass/Pasture/Shrubland,108139234.26990536,10813.923426990536,49.1692871538651,grassPastureHay,NA,NA,NA,NA,NA,NA,NA,NA,NA,NA,1.0098555153128002,0.002759168074625137,9.908134201967023,22.6381969847966
2068,20139,Other Crops,6302951.103083336,630.2951103083336,2.86585728849129,all_cult,NA,NA,NA,NA,NA,NA,NA,NA,NA,NA,1.0098555153128002,0.002759168074625137,9.908134201967023,22.6381969847966
2068,20139,Sorghum,252758.48461129973,25.27584846112997,0.11492549021948671,all_cult,Sorghum,NA,NA,112,2830.8950276465566,2688.7424713134797,795.2618176902246,92.95946546827294,138.71912443177928,5,1.0098555153128002,0.002759168074625137,9.908134201967023,22.6381969847966
2068,20139,Soybeans,28064514.38751116,2806.4514387511163,12.76051357372463,all_cult,Soybeans,NA,NA,56,157161.28057006252,2688.7424713134797,795.2618176902246,92.95946546827294,138.71912443177928,5,1.0098555153128002,0.002759168074625137,9.908134201967023,22.6381969847966
2068,20139,Wheat,1738320.944623076,173.8320944623076,0.7903884493801757,all_cult,Wheat,NA,NA,89,15471.056407145375,2411.360806274417,465.81949684526006,46.405594504417074,147.61976747955885,5,1.0098555153128002,0.002759168074625137,9.908134201967023,22.6381969847966
2068,20149,Corn,136791901.8519852,13679.190185198519,7.982141503627487,all_cult,Corn,0.1326174661314905,62.44444444444444,250,3419797.54629963,2636.981114501956,736.4965587998724,77.9445350356434,169.26812035286702,5,0.9195750586910733,0.002512500160358124,9.263849660737941,22.606322958690896
2068,20149,Developed,87781477.02653997,8778.147702653996,5.122263537072818,developed,NA,NA,NA,NA,NA,NA,NA,NA,NA,NA,0.9195750586910733,0.002512500160358124,9.263849660737941,22.606322958690896
2068,20149,Double Crop,1803166.4492782145,180.31664492782144,0.1052191654466961,all_cult,NA,NA,NA,NA,NA,NA,NA,NA,NA,NA,0.9195750586910733,0.002512500160358124,9.263849660737941,22.606322958690896
2068,20149,Grass/Pasture/Shrubland,1058221194.9777538,105822.11949777538,61.749790785057485,grassPastureHay,NA,NA,NA,NA,NA,NA,NA,NA,NA,NA,0.9195750586910733,0.002512500160358124,9.263849660737941,22.606322958690896
2068,20149,Other Crops,34485813.7618199,3448.58137618199,2.012331443512244,all_cult,NA,NA,NA,NA,NA,NA,NA,NA,NA,NA,0.9195750586910733,0.002512500160358124,9.263849660737941,22.606322958690896
2068,20149,Sorghum,5647082.09049503,564.708209049503,0.3295210295248753,all_cult,Sorghum,NA,NA,112,63247.319413544334,2636.981114501956,736.4965587998724,77.9445350356434,169.26812035286702,5,0.9195750586910733,0.002512500160358124,9.263849660737941,22.606322958690896
2068,20149,Soybeans,153915907.33370754,15391.590733370755,8.98136903839706,all_cult,Soybeans,0.11392545848870632,51.611111111111114,56,861929.0810687622,2636.981114501956,736.4965587998724,77.9445350356434,169.26812035286702,5,0.9195750586910733,0.002512500160358124,9.263849660737941,22.606322958690896
2068,20149,Wheat,13424373.002870617,1342.4373002870618,0.7833449455387832,all_cult,Wheat,NA,NA,89,119476.9197255485,2355.515146484378,433.1141541254013,50.05951717949024,163.71003231620392,5,0.9195750586910733,0.002512500160358124,9.263849660737941,22.606322958690896
2068,20161,Corn,29887562.457934357,2988.756245793436,3.7374801575206362,all_cult,Corn,0.14127372152863188,12.444444444444445,250,747189.0614483589,2646.332473144534,733.0298894267795,77.45061716671673,154.64091895975827,5,0.9090031469203604,0.0024836151555201105,9.334322144555287,22.82639650438655
2068,20161,Developed,93189704.06140432,9318.970406140432,11.653498685445852,developed,NA,NA,NA,NA,NA,NA,NA,NA,NA,NA,0.9090031469203604,0.0024836151555201105,9.334322144555287,22.82639650438655
2068,20161,Double Crop,2321662.5391971655,232.16625391971652,0.2903270443991936,all_cult,NA,NA,NA,NA,NA,NA,NA,NA,NA,NA,0.9090031469203604,0.0024836151555201105,9.334322144555287,22.82639650438655
2068,20161,Grass/Pasture/Shrubland,421935273.9416269,42193.527394162695,52.76357736882686,grassPastureHay,NA,NA,NA,NA,NA,NA,NA,NA,NA,NA,0.9090031469203604,0.0024836151555201105,9.334322144555287,22.82639650438655
2068,20161,Other Crops,10313350.483787943,1031.3350483787942,1.2896984437913022,all_cult,NA,NA,NA,NA,NA,NA,NA,NA,NA,NA,0.9090031469203604,0.0024836151555201105,9.334322144555287,22.82639650438655
2068,20161,Sorghum,8046145.345421317,804.6145345421318,1.0061813711092988,all_cult,Sorghum,NA,NA,112,90116.82786871876,2646.332473144534,733.0298894267795,77.45061716671673,154.64091895975827,5,0.9090031469203604,0.0024836151555201105,9.334322144555287,22.82639650438655
2068,20161,Soybeans,56043067.26954317,5604.306726954317,7.008261452613234,all_cult,Soybeans,0.12420661341954765,10.38888888888889,56,313841.17670944176,2646.332473144534,733.0298894267795,77.45061716671673,154.64091895975827,5,0.9090031469203604,0.0024836151555201105,9.334322144555287,22.82639650438655
2068,20161,Wheat,14763447.35949416,1476.3447359494162,1.8461890841841313,all_cult,Wheat,NA,NA,89,131394.68149949805,2377.6490515136747,421.4331063145348,49.54419610586195,152.48589451831626,5,0.9090031469203604,0.0024836151555201105,9.334322144555287,22.82639650438655
2068,20177,Corn,132475537.80653152,13247.553780653152,9.091050553311547,all_cult,Corn,0.12030458771317423,83,250,3311888.445163288,2683.1571771240265,788.0651691770604,88.56683557621396,149.11826915354115,5,0.9946091324178548,0.002717511290759166,9.847280350148376,22.615001574240118
2068,20177,Developed,255013934.0237044,25501.393402370442,17.50017100813045,developed,NA,NA,NA,NA,NA,NA,NA,NA,NA,NA,0.9946091324178548,0.002717511290759166,9.847280350148376,22.615001574240118
2068,20177,Double Crop,2797246.7569815805,279.7246756981581,0.19195930130847558,all_cult,NA,NA,NA,NA,NA,NA,NA,NA,NA,NA,0.9946091324178548,0.002717511290759166,9.847280350148376,22.615001574240118
2068,20177,Grass/Pasture/Shrubland,626083355.6398722,62608.33556398722,42.96457693964075,grassPastureHay,NA,NA,NA,NA,NA,NA,NA,NA,NA,NA,0.9946091324178548,0.002717511290759166,9.847280350148376,22.615001574240118
2068,20177,Other Crops,33361526.081880283,3336.1526081880284,2.289413767762353,all_cult,NA,NA,NA,NA,NA,NA,NA,NA,NA,NA,0.9946091324178548,0.002717511290759166,9.847280350148376,22.615001574240118
2068,20177,Sorghum,2303954.5452317544,230.39545452317543,0.15810743319134585,all_cult,Sorghum,NA,NA,112,25804.29090659565,2683.1571771240265,788.0651691770604,88.56683557621396,149.11826915354115,5,0.9946091324178548,0.002717511290759166,9.847280350148376,22.615001574240118
2068,20177,Soybeans,145627766.023613,14562.7766023613,9.993613951731533,all_cult,Soybeans,0.09768281806034469,42.833333333333336,56,815515.4897322329,2683.1571771240265,788.0651691770604,88.56683557621396,149.11826915354115,5,0.9946091324178548,0.002717511290759166,9.847280350148376,22.615001574240118
2068,20177,Wheat,9565647.685078032,956.5647685078033,0.656436562704971,all_cult,Wheat,NA,NA,89,85134.26439719449,2404.295050659183,453.89241654669144,47.367662975657005,145.82768455399852,5,0.9946091324178548,0.002717511290759166,9.847280350148376,22.615001574240118
2068,20197,Corn,69733578.79693311,6973.357879693312,4.536852294529976,all_cult,Corn,0.14186117514330646,28.666666666666668,250,1743339.469923328,2657.215158691409,777.6582992988928,84.84298850810283,159.01556579069603,5,0.97088184725493,0.002652682642773033,9.527441714761059,22.668988954304368
2068,20197,Developed,54289406.85937861,5428.940685937861,3.5320576446519008,developed,NA,NA,NA,NA,NA,NA,NA,NA,NA,NA,0.97088184725493,0.002652682642773033,9.527441714761059,22.668988954304368
2068,20197,Double Crop,1125869.9276987636,112.58699276987635,0.07324886594013556,all_cult,NA,NA,NA,NA,NA,NA,NA,NA,NA,NA,0.97088184725493,0.002652682642773033,9.527441714761059,22.668988954304368
2068,20197,Grass/Pasture/Shrubland,1169502873.1037595,116950.28731037596,76.08761639426346,grassPastureHay,NA,NA,NA,NA,NA,NA,NA,NA,NA,NA,0.97088184725493,0.002652682642773033,9.527441714761059,22.668988954304368
2068,20197,Other Crops,29094649.42529061,2909.464942529061,1.8928919077573607,all_cult,NA,NA,NA,NA,NA,NA,NA,NA,NA,NA,0.97088184725493,0.002652682642773033,9.527441714761059,22.668988954304368
2068,20197,Sorghum,3287931.385599168,328.7931385599168,0.21391213972326276,all_cult,Sorghum,NA,NA,112,36824.831518710685,2657.215158691409,777.6582992988928,84.84298850810283,159.01556579069603,5,0.97088184725493,0.002652682642773033,9.527441714761059,22.668988954304368
2068,20197,Soybeans,83491332.16381498,8349.133216381497,5.431928899043218,all_cult,Soybeans,0.12942046457519057,22.77777777777778,56,467551.46011736384,2657.215158691409,777.6582992988928,84.84298850810283,159.01556579069603,5,0.97088184725493,0.002652682642773033,9.527441714761059,22.668988954304368
2068,20197,Wheat,7530280.724868099,753.02807248681,0.4899185152185996,all_cult,Wheat,NA,NA,89,67019.49845132609,2382.855785522464,443.40020651187547,49.117057499061225,151.02574725173582,5,0.97088184725493,0.002652682642773033,9.527441714761059,22.668988954304368
2068,20209,Corn,2798441.748604609,279.8441748604609,1.0907251789658858,all_cult,Corn,NA,NA,250,69961.04371511523,2742.0823126220735,810.3795737929943,101.15176514198592,179.40806456737022,5,1.0483205398006763,0.002864263769947203,10.568790439960107,22.441521483040923
2068,20209,Developed,144515431.86680782,14451.543186680783,56.32656829996687,developed,NA,NA,NA,NA,NA,NA,NA,NA,NA,NA,1.0483205398006763,0.002864263769947203,10.568790439960107,22.441521483040923
2068,20209,Double Crop,152719.71803613545,15.271971803613546,0.05952428413764306,all_cult,NA,NA,NA,NA,NA,NA,NA,NA,NA,NA,1.0483205398006763,0.002864263769947203,10.568790439960107,22.441521483040923
2068,20209,Grass/Pasture/Shrubland,41083799.11850462,4108.379911850462,16.01288794682744,grassPastureHay,NA,NA,NA,NA,NA,NA,NA,NA,NA,NA,1.0483205398006763,0.002864263769947203,10.568790439960107,22.441521483040923
2068,20209,Other Crops,1959154.8527385148,195.91548527385146,0.7636033619211925,all_cult,NA,NA,NA,NA,NA,NA,NA,NA,NA,NA,1.0483205398006763,0.002864263769947203,10.568790439960107,22.441521483040923
2068,20209,Sorghum,54127.80426680527,5.412780426680527,0.02109694047602745,all_cult,Sorghum,NA,NA,112,606.231407788219,2742.0823126220735,810.3795737929943,101.15176514198592,179.40806456737022,5,1.0483205398006763,0.002864263769947203,10.568790439960107,22.441521483040923
2068,20209,Soybeans,8244134.676247953,824.4134676247953,3.213247256139296,all_cult,Soybeans,0.14562756367793683,4.75,56,46167.15418698854,2742.0823126220735,810.3795737929943,101.15176514198592,179.40806456737022,5,1.0483205398006763,0.002864263769947203,10.568790439960107,22.441521483040923
2068,20209,Wheat,234900.57353758038,23.49005735375804,0.09155522720411169,all_cult,Wheat,NA,NA,89,2090.6151044844655,2432.2680072021512,480.35196048239783,36.49992028129849,142.77623865144136,5,1.0483205398006763,0.002864263769947203,10.568790439960107,22.441521483040923
2069,20005,Corn,172734778.84431297,17273.477884431297,23.078910848652363,all_cult,Corn,0.10724545034749912,6.181818181818182,250,4318369.471107824,2586.3267700195343,818.6560191308971,126.66067870159225,202.55789926049133,5,1.0325290722586375,0.0028288467733113363,9.533118695820871,21.952847565951437
2069,20005,Developed,36578638.84791646,3657.863884791646,4.88723319405755,developed,NA,NA,NA,NA,NA,NA,NA,NA,NA,NA,1.0325290722586375,0.0028288467733113363,9.533118695820871,21.952847565951437
2069,20005,Double Crop,1451158.554832854,145.11585548328543,0.1938877575107932,all_cult,NA,NA,NA,NA,NA,NA,NA,NA,NA,NA,1.0325290722586375,0.0028288467733113363,9.533118695820871,21.952847565951437
2069,20005,Grass/Pasture/Shrubland,215288406.86893737,21528.840686893738,28.764456018176027,grassPastureHay,NA,NA,NA,NA,NA,NA,NA,NA,NA,NA,1.0325290722586375,0.0028288467733113363,9.533118695820871,21.952847565951437
2069,20005,Other Crops,29204979.705745928,2920.4979705745927,3.902046405912905,all_cult,NA,NA,NA,NA,NA,NA,NA,NA,NA,NA,1.0325290722586375,0.0028288467733113363,9.533118695820871,21.952847565951437
2069,20005,Sorghum,732239.3724075308,73.22393724075309,0.09783372699309156,all_cult,Sorghum,NA,NA,112,8201.080970964345,2586.3267700195343,818.6560191308971,126.66067870159225,202.55789926049133,5,1.0325290722586375,0.0028288467733113363,9.533118695820871,21.952847565951437
2069,20005,Soybeans,181600576.65296197,18160.057665296197,24.263460703620524,all_cult,Soybeans,0.07483265359624193,5,56,1016963.2292565871,2586.3267700195343,818.6560191308971,126.66067870159225,202.55789926049133,5,1.0325290722586375,0.0028288467733113363,9.533118695820871,21.952847565951437
2069,20005,Wheat,5908069.702597459,590.8069702597459,0.7893709354082403,all_cult,Wheat,NA,NA,89,52581.82035311738,2379.898355102542,500.5449796404377,101.10495887599612,110.33872267142236,5,1.0325290722586375,0.0028288467733113363,9.533118695820871,21.952847565951437
2069,20013,Corn,113276297.82191704,11327.629782191703,25.36090350021212,all_cult,Corn,0.12646432205391206,17.5625,250,2831907.445547926,2541.0777282714876,832.0240407073674,121.4162480653362,224.34116217583943,5,1.0375208611751123,0.0028425229073290744,9.01166846706445,21.87396554607237
2069,20013,Developed,24170977.38782201,2417.0977387822013,5.411527714315524,developed,NA,NA,NA,NA,NA,NA,NA,NA,NA,NA,1.0375208611751123,0.0028425229073290744,9.01166846706445,21.87396554607237
2069,20013,Double Crop,542048.8992527233,54.20488992527234,0.12135680712267008,all_cult,NA,NA,NA,NA,NA,NA,NA,NA,NA,NA,1.0375208611751123,0.0028425229073290744,9.01166846706445,21.87396554607237
2069,20013,Grass/Pasture/Shrubland,122499833.68113159,12249.983368113159,27.425918047421547,grassPastureHay,NA,NA,NA,NA,NA,NA,NA,NA,NA,NA,1.0375208611751123,0.0028425229073290744,9.01166846706445,21.87396554607237
2069,20013,Other Crops,13090232.71280689,1309.023271280689,2.9307113227404837,all_cult,NA,NA,NA,NA,NA,NA,NA,NA,NA,NA,1.0375208611751123,0.0028425229073290744,9.01166846706445,21.87396554607237
2069,20013,Sorghum,333636.9508835004,33.363695088350035,0.07469642527304013,all_cult,Sorghum,NA,NA,112,3736.733849895204,2541.0777282714876,832.0240407073674,121.4162480653362,224.34116217583943,5,1.0375208611751123,0.0028425229073290744,9.01166846706445,21.87396554607237
2069,20013,Soybeans,123405327.24801578,12340.532724801578,27.62864479089188,all_cult,Soybeans,0.10147480973744562,10.461538461538462,56,691069.8325888884,2541.0777282714876,832.0240407073674,121.4162480653362,224.34116217583943,5,1.0375208611751123,0.0028425229073290744,9.01166846706445,21.87396554607237
2069,20013,Wheat,3906288.4515680084,390.6288451568008,0.8745607542714157,all_cult,Wheat,NA,NA,89,34765.96721895527,2337.4102423095733,510.3222144543927,98.92890141515774,119.3986645881578,5,1.0375208611751123,0.0028425229073290744,9.01166846706445,21.87396554607237
2069,20045,Corn,74392843.99321488,7439.284399321487,7.631923083362056,all_cult,Corn,0.1459526935617447,11,250,1859821.0998303718,2658.791857299808,768.6996657739318,137.3124568816429,146.7945868639626,5,1.018456390640942,0.0027902914812080602,10.297204054741034,22.259393527932385
2069,20045,Developed,130402436.2681122,13040.24362681122,13.37791795635647,developed,NA,NA,NA,NA,NA,NA,NA,NA,NA,NA,1.018456390640942,0.0027902914812080602,10.297204054741034,22.259393527932385
2069,20045,Double Crop,4220114.888463862,422.01148884638627,0.4329393864098648,all_cult,NA,NA,NA,NA,NA,NA,NA,NA,NA,NA,1.018456390640942,0.0027902914812080602,10.297204054741034,22.259393527932385
2069,20045,Grass/Pasture/Shrubland,354830010.0217444,35483.00100217444,36.40182575089523,grassPastureHay,NA,NA,NA,NA,NA,NA,NA,NA,NA,NA,1.018456390640942,0.0027902914812080602,10.297204054741034,22.259393527932385
2069,20045,Other Crops,37964614.628596716,3796.4614628596714,3.8947700233285687,all_cult,NA,NA,NA,NA,NA,NA,NA,NA,NA,NA,1.018456390640942,0.0027902914812080602,10.297204054741034,22.259393527932385
2069,20045,Sorghum,671055.755263424,67.1055755263424,0.06884326010288025,all_cult,Sorghum,NA,NA,112,7515.824458950349,2658.791857299808,768.6996657739318,137.3124568816429,146.7945868639626,5,1.018456390640942,0.0027902914812080602,10.297204054741034,22.259393527932385
2069,20045,Soybeans,100028766.3995359,10002.876639953589,10.261898998705805,all_cult,Soybeans,0.11420951862362651,8.5,56,560161.091837401,2658.791857299808,768.6996657739318,137.3124568816429,146.7945868639626,5,1.018456390640942,0.0027902914812080602,10.297204054741034,22.259393527932385
2069,20045,Wheat,7085783.937909698,708.5783937909698,0.7269268802840957,all_cult,Wheat,NA,NA,89,63063.477047396314,2450.4317944335967,500.78039566842693,108.74549847130316,110.5862002296381,5,1.018456390640942,0.0027902914812080602,10.297204054741034,22.259393527932385
2069,20061,Corn,31722102.062803604,3172.21020628036,4.044269831598419,all_cult,Corn,0.16936452361704205,12.944444444444445,250,793052.55157009,2583.6338128662137,722.3949051683257,132.29761610376173,146.58669559325216,5,0.9193144989904887,0.0025186698602479144,9.43896475177924,22.364349866893217
2069,20061,Developed,61171563.9285717,6117.15639285717,7.798799400437711,developed,NA,NA,NA,NA,NA,NA,NA,NA,NA,NA,0.9193144989904887,0.0025186698602479144,9.43896475177924,22.364349866893217
2069,20061,Double Crop,5604030.762346523,560.4030762346523,0.7144612454318694,all_cult,NA,NA,NA,NA,NA,NA,NA,NA,NA,NA,0.9193144989904887,0.0025186698602479144,9.43896475177924,22.364349866893217
2069,20061,Grass/Pasture/Shrubland,476190220.2809351,47619.02202809351,60.70977699307564,grassPastureHay,NA,NA,NA,NA,NA,NA,NA,NA,NA,NA,0.9193144989904887,0.0025186698602479144,9.43896475177924,22.364349866893217
2069,20061,Other Crops,18227803.79878525,1822.7803798785249,2.323873646638379,all_cult,NA,NA,NA,NA,NA,NA,NA,NA,NA,NA,0.9193144989904887,0.0025186698602479144,9.43896475177924,22.364349866893217
2069,20061,Sorghum,5491901.736070833,549.1901736070832,0.7001658485721192,all_cult,Sorghum,NA,NA,112,61509.299443993325,2583.6338128662137,722.3949051683257,132.29761610376173,146.58669559325216,5,0.9193144989904887,0.0025186698602479144,9.43896475177924,22.364349866893217
2069,20061,Soybeans,39491221.54782481,3949.1221547824807,5.03475953777074,all_cult,Soybeans,0.12217913528938978,7.666666666666667,56,221150.8406678189,2583.6338128662137,722.3949051683257,132.29761610376173,146.58669559325216,5,0.9193144989904887,0.0025186698602479144,9.43896475177924,22.364349866893217
2069,20061,Wheat,15495075.277191846,1549.5075277191845,1.9754764472362665,all_cult,Wheat,NA,NA,89,137906.16996700742,2397.3518676757844,460.52805376106915,106.57340946023984,76.9726716812304,5,0.9193144989904887,0.0025186698602479144,9.43896475177924,22.364349866893217
2069,20085,Corn,134933024.35661882,13493.30243566188,7.9306511901880965,all_cult,Corn,NA,NA,250,3373325.60891547,2567.997486572269,818.2219740712148,125.87379289552752,192.9744469076711,5,1.0343098699963702,0.002833725671222932,9.301360465271856,22.091936921420185
2069,20085,Developed,75618361.35140783,7561.836135140783,4.444448275810096,developed,NA,NA,NA,NA,NA,NA,NA,NA,NA,NA,1.0343098699963702,0.002833725671222932,9.301360465271856,22.091936921420185
2069,20085,Double Crop,1864792.83802623,186.479283802623,0.10960268333762817,all_cult,NA,NA,NA,NA,NA,NA,NA,NA,NA,NA,1.0343098699963702,0.002833725671222932,9.301360465271856,22.091936921420185
2069,20085,Grass/Pasture/Shrubland,941187748.5802637,94118.77485802637,55.31804963283908,grassPastureHay,NA,NA,NA,NA,NA,NA,NA,NA,NA,NA,1.0343098699963702,0.002833725671222932,9.301360465271856,22.091936921420185
2069,20085,Other Crops,98052397.627671,9805.2397627671,5.7630025537076115,all_cult,NA,NA,NA,NA,NA,NA,NA,NA,NA,NA,1.0343098699963702,0.002833725671222932,9.301360465271856,22.091936921420185
2069,20085,Sorghum,4069081.398774073,406.9081398774073,0.23915913388905596,all_cult,Sorghum,NA,NA,112,45573.71166626961,2567.997486572269,818.2219740712148,125.87379289552752,192.9744469076711,5,1.0343098699963702,0.002833725671222932,9.301360465271856,22.091936921420185
2069,20085,Soybeans,170772946.2930534,17077.29462930534,10.037132690300496,all_cult,Soybeans,NA,NA,56,956328.499241099,2567.997486572269,818.2219740712148,125.87379289552752,192.9744469076711,5,1.0343098699963702,0.002833725671222932,9.301360465271856,22.091936921420185
2069,20085,Wheat,13725583.902961861,1372.5583902961862,0.8067173980208171,all_cult,Wheat,NA,NA,89,122157.69673636057,2375.1677795410187,514.6716005274443,102.2503968402624,113.43040755854328,5,1.0343098699963702,0.002833725671222932,9.301360465271856,22.091936921420185
2069,20087,Corn,155094058.297135,15509.4058297135,10.788896738521789,all_cult,Corn,0.13078338055311117,25.77777777777778,250,3877351.457428375,2610.4854986572295,804.8772116717322,131.60170520430128,166.5186478472789,5,1.0362992514662708,0.002839176031414441,9.865769820539942,22.04399026113016
2069,20087,Developed,83037617.78054704,8303.761778054704,5.7763933285619125,developed,NA,NA,NA,NA,NA,NA,NA,NA,NA,NA,1.0362992514662708,0.002839176031414441,9.865769820539942,22.04399026113016
2069,20087,Double Crop,3214015.8179615135,321.4015817961514,0.2235784217441099,all_cult,NA,NA,NA,NA,NA,NA,NA,NA,NA,NA,1.0362992514662708,0.002839176031414441,9.865769820539942,22.04399026113016
2069,20087,Grass/Pasture/Shrubland,533878677.1787268,53387.86771787268,37.138507962340775,grassPastureHay,NA,NA,NA,NA,NA,NA,NA,NA,NA,NA,1.0362992514662708,0.002839176031414441,9.865769820539942,22.04399026113016
2069,20087,Other Crops,67978226.39294052,6797.822639294052,4.728808266891807,all_cult,NA,NA,NA,NA,NA,NA,NA,NA,NA,NA,1.0362992514662708,0.002839176031414441,9.865769820539942,22.04399026113016
2069,20087,Sorghum,2078940.1655916602,207.89401655916603,0.1446185045281528,all_cult,Sorghum,NA,NA,112,23284.129854626597,2610.4854986572295,804.8772116717322,131.60170520430128,166.5186478472789,5,1.0362992514662708,0.002839176031414441,9.865769820539942,22.04399026113016
2069,20087,Soybeans,173639107.61438552,17363.91076143855,12.078956617613274,all_cult,Soybeans,0.09985991575255485,13.833333333333334,56,972379.0026405589,2610.4854986572295,804.8772116717322,131.60170520430128,166.5186478472789,5,1.0362992514662708,0.002839176031414441,9.865769820539942,22.04399026113016
2069,20087,Wheat,7377427.0278590415,737.7427027859042,0.5132001784817648,all_cult,Wheat,NA,NA,89,65659.10054794548,2410.4791290283233,509.3238888718432,104.51333587431284,105.13631994995252,5,1.0362992514662708,0.002839176031414441,9.865769820539942,22.04399026113016
2069,20091,Corn,20137063.169311535,2013.7063169311532,3.334881975218613,all_cult,Corn,0.14955141172933145,4,250,503426.5792327883,2670.0546343994174,803.2316827248823,141.06954175264076,132.34369878580338,5,1.0662667000094472,0.002921278630162869,10.499730324941162,22.136522668289835
2069,20091,Developed,271607528.4848879,27160.752848488788,44.98069273866694,developed,NA,NA,NA,NA,NA,NA,NA,NA,NA,NA,1.0662667000094472,0.002921278630162869,10.499730324941162,22.136522668289835
2069,20091,Double Crop,2013905.6882216034,201.39056882216036,0.3335212152324038,all_cult,NA,NA,NA,NA,NA,NA,NA,NA,NA,NA,1.0662667000094472,0.002921278630162869,10.499730324941162,22.136522668289835
2069,20091,Grass/Pasture/Shrubland,139667491.4795437,13966.749147954368,23.130214964462166,grassPastureHay,NA,NA,NA,NA,NA,NA,NA,NA,NA,NA,1.0662667000094472,0.002921278630162869,10.499730324941162,22.136522668289835
2069,20091,Other Crops,14581458.923742233,1458.1458923742232,2.4148230617504245,all_cult,NA,NA,NA,NA,NA,NA,NA,NA,NA,NA,1.0662667000094472,0.002921278630162869,10.499730324941162,22.136522668289835
2069,20091,Sorghum,265245.84730308503,26.524584730308504,0.043927140106542625,all_cult,Sorghum,NA,NA,112,2970.7534897945525,2670.0546343994174,803.2316827248823,141.06954175264076,132.34369878580338,5,1.0662667000094472,0.002921278630162869,10.499730324941162,22.136522668289835
2069,20091,Soybeans,40506888.73460731,4050.688873460731,6.708311533684595,all_cult,Soybeans,NA,NA,56,226838.57691380093,2670.0546343994174,803.2316827248823,141.06954175264076,132.34369878580338,5,1.0662667000094472,0.002921278630162869,10.499730324941162,22.136522668289835
2069,20091,Wheat,3047090.5931461067,304.70905931461067,0.5046260922212007,all_cult,Wheat,NA,NA,89,27119.10627900035,2453.968446044925,516.2296022756339,110.42400943095296,106.78377578392168,5,1.0662667000094472,0.002921278630162869,10.499730324941162,22.136522668289835
2069,20103,Corn,55676654.53817842,5567.665453817842,6.162232243462533,all_cult,Corn,0.09926099891867379,4.75,250,1391916.3634544604,2645.282275390628,803.798403061519,136.22457967312047,157.4480334953214,5,1.0452060256243074,0.002863578152395363,10.19019902477528,22.11519581415884
2069,20103,Developed,66222526.18511143,6622.252618511144,7.329437975150055,developed,NA,NA,NA,NA,NA,NA,NA,NA,NA,NA,1.0452060256243074,0.002863578152395363,10.19019902477528,22.11519581415884
2069,20103,Double Crop,2239300.7972116056,223.93007972116058,0.2478434038440015,all_cult,NA,NA,NA,NA,NA,NA,NA,NA,NA,NA,1.0452060256243074,0.002863578152395363,10.19019902477528,22.11519581415884
2069,20103,Grass/Pasture/Shrubland,361083573.13099504,36108.3573130995,39.96434152498699,grassPastureHay,NA,NA,NA,NA,NA,NA,NA,NA,NA,NA,1.0452060256243074,0.002863578152395363,10.19019902477528,22.11519581415884
2069,20103,Other Crops,54377617.6404599,5437.76176404599,6.018456236750789,all_cult,NA,NA,NA,NA,NA,NA,NA,NA,NA,NA,1.0452060256243074,0.002863578152395363,10.19019902477528,22.11519581415884
2069,20103,Sorghum,567901.3203360821,56.79013203360822,0.06285470735100035,all_cult,Sorghum,NA,NA,112,6360.494787764121,2645.282275390628,803.798403061519,136.22457967312047,157.4480334953214,5,1.0452060256243074,0.002863578152395363,10.19019902477528,22.11519581415884
2069,20103,Soybeans,101039226.18326606,10103.922618326606,11.18291288522158,all_cult,Soybeans,0.11410095968932568,4.571428571428571,56,565819.66662629,2645.282275390628,803.798403061519,136.22457967312047,157.4480334953214,5,1.0452060256243074,0.002863578152395363,10.19019902477528,22.11519581415884
2069,20103,Wheat,4817340.8524583215,481.7340852458321,0.5331781044497215,all_cult,Wheat,NA,NA,89,42874.33358687905,2433.042426147464,505.2924241007375,107.00406467205842,106.45650579996472,5,1.0452060256243074,0.002863578152395363,10.19019902477528,22.11519581415884
2069,20117,Corn,1797933.5665907045,179.79335665907044,8.787790125047634,all_cult,Corn,0.16261062771687598,15.722222222222221,250,44948.33916476761,2510.3751568603548,778.8615898780838,126.55549346296723,201.01373882523117,5,0.9755345884573263,0.0026726975026228118,8.830328176838101,21.69778094566034
2069,20117,Developed,709093.4285035765,70.90934285035766,3.465847873654197,developed,NA,NA,NA,NA,NA,NA,NA,NA,NA,NA,0.9755345884573263,0.0026726975026228118,8.830328176838101,21.69778094566034
2069,20117,Double Crop,17005.082052877187,1.700508205287719,0.08311602548433755,all_cult,NA,NA,NA,NA,NA,NA,NA,NA,NA,NA,0.9755345884573263,0.0026726975026228118,8.830328176838101,21.69778094566034
2069,20117,Grass/Pasture/Shrubland,13608757.209524421,1360.8757209524422,66.51575143947134,grassPastureHay,NA,NA,NA,NA,NA,NA,NA,NA,NA,NA,0.9755345884573263,0.0026726975026228118,8.830328176838101,21.69778094566034
2069,20117,Other Crops,368569.7378671669,36.856973786716694,1.801464505144208,all_cult,NA,NA,NA,NA,NA,NA,NA,NA,NA,NA,0.9755345884573263,0.0026726975026228118,8.830328176838101,21.69778094566034
2069,20117,Sorghum,113210.96189225193,11.321096189225193,0.5533431220433721,all_cult,Sorghum,NA,NA,112,1267.9627731932217,2510.3751568603548,778.8615898780838,126.55549346296723,201.01373882523117,5,0.9755345884573263,0.0026726975026228118,8.830328176838101,21.69778094566034
2069,20117,Soybeans,2250086.8872694396,225.00868872694397,10.99778751332857,all_cult,Soybeans,0.12228514283699721,8.25,56,12600.486568708862,2510.3751568603548,778.8615898780838,126.55549346296723,201.01373882523117,5,0.9755345884573263,0.0026726975026228118,8.830328176838101,21.69778094566034
2069,20117,Wheat,234744.84118524572,23.474484118524572,1.1473663074132867,all_cult,Wheat,NA,NA,89,2089.229086548687,2313.496456298831,476.9110822377,102.29433956581168,92.80460191065232,5,0.9755345884573263,0.0026726975026228118,8.830328176838101,21.69778094566034
2069,20127,Corn,10941387.892613748,1094.1387892613748,4.064821675495574,all_cult,Corn,NA,NA,250,273534.6973153437,2587.4265814209016,706.4717450552938,132.86329818525508,130.72359509131977,5,0.9069052866713656,0.002484672018277714,9.468991088867211,22.37928640705268
2069,20127,Developed,12128694.282144045,1212.8694282144045,4.50591642462472,developed,NA,NA,NA,NA,NA,NA,NA,NA,NA,NA,0.9069052866713656,0.002484672018277714,9.468991088867211,22.37928640705268
2069,20127,Double Crop,4499199.088895911,449.9199088895911,1.671491967784096,all_cult,NA,NA,NA,NA,NA,NA,NA,NA,NA,NA,0.9069052866713656,0.002484672018277714,9.468991088867211,22.37928640705268
2069,20127,Grass/Pasture/Shrubland,158101691.18434784,15810.169118434784,58.73616652348874,grassPastureHay,NA,NA,NA,NA,NA,NA,NA,NA,NA,NA,0.9069052866713656,0.002484672018277714,9.468991088867211,22.37928640705268
2069,20127,Other Crops,10981377.128665583,1098.1377128665583,4.079678027823576,all_cult,NA,NA,NA,NA,NA,NA,NA,NA,NA,NA,0.9069052866713656,0.002484672018277714,9.468991088867211,22.37928640705268
2069,20127,Sorghum,7272388.587591114,727.2388587591115,2.701756217181813,all_cult,Sorghum,NA,NA,112,81450.75218102049,2587.4265814209016,706.4717450552938,132.86329818525508,130.72359509131977,5,0.9069052866713656,0.002484672018277714,9.468991088867211,22.37928640705268
2069,20127,Soybeans,28686301.015498407,2868.6301015498407,10.657212713965244,all_cult,Soybeans,0.11686486262093489,4,56,160643.2856867911,2587.4265814209016,706.4717450552938,132.86329818525508,130.72359509131977,5,0.9069052866713656,0.002484672018277714,9.468991088867211,22.37928640705268
2069,20127,Wheat,20934850.636842933,2093.485063684293,7.777480834890052,all_cult,Wheat,NA,NA,89,186320.17066790207,2398.9493005371123,454.00003126497296,108.29366669718812,81.31772924351397,5,0.9069052866713656,0.002484672018277714,9.468991088867211,22.37928640705268
2069,20131,Corn,124792211.963085,12479.2211963085,16.444051346315263,all_cult,Corn,0.12528513936677563,9.454545454545455,250,3119805.299077125,2508.909735107425,803.5437408779609,123.11631866528168,210.38737830999077,5,1.0024471706889273,0.0027464306046271984,8.809334892377484,21.65141833997755
2069,20131,Developed,34827921.40223819,3482.792140223819,4.589325878711502,developed,NA,NA,NA,NA,NA,NA,NA,NA,NA,NA,1.0024471706889273,0.0027464306046271984,8.809334892377484,21.65141833997755
2069,20131,Double Crop,1288597.7379512293,128.85977379512295,0.1698003988733199,all_cult,NA,NA,NA,NA,NA,NA,NA,NA,NA,NA,1.0024471706889273,0.0027464306046271984,8.809334892377484,21.65141833997755
2069,20131,Grass/Pasture/Shrubland,328086582.4549448,32808.65824549448,43.232446344665604,grassPastureHay,NA,NA,NA,NA,NA,NA,NA,NA,NA,NA,1.0024471706889273,0.0027464306046271984,8.809334892377484,21.65141833997755
2069,20131,Other Crops,27101730.321978156,2710.1730321978157,3.5712344382550913,all_cult,NA,NA,NA,NA,NA,NA,NA,NA,NA,NA,1.0024471706889273,0.0027464306046271984,8.809334892377484,21.65141833997755
2069,20131,Sorghum,2055671.3741418559,205.5671374141856,0.2708788080264065,all_cult,Sorghum,NA,NA,112,23023.519390388785,2508.909735107425,803.5437408779609,123.11631866528168,210.38737830999077,5,1.0024471706889273,0.0027464306046271984,8.809334892377484,21.65141833997755
2069,20131,Soybeans,136674912.54505298,13667.491254505298,18.00985209164201,all_cult,Soybeans,0.1067341402930363,5.142857142857143,56,765379.5102522967,2508.909735107425,803.5437408779609,123.11631866528168,210.38737830999077,5,1.0024471706889273,0.0027464306046271984,8.809334892377484,21.65141833997755
2069,20131,Wheat,9588450.555545796,958.8450555545795,1.2634840811511674,all_cult,Wheat,NA,NA,89,85337.20994435757,2305.7145471191434,497.7854399575028,100.21563085933926,106.23799462514152,5,1.0024471706889273,0.0027464306046271984,8.809334892377484,21.65141833997755
2069,20139,Corn,20890964.22588984,2089.096422588984,9.4988079569725965,all_cult,Corn,NA,NA,250,522274.10564724595,2620.396076660159,757.424710096044,134.43785455252882,168.53970055768693,5,0.9965541598985924,0.0027302853695851843,9.879940302600623,22.232851010675322
2069,20139,Developed,11858545.489950646,1185.8545489950645,5.391902692479325,developed,NA,NA,NA,NA,NA,NA,NA,NA,NA,NA,0.9965541598985924,0.0027302853695851843,9.879940302600623,22.232851010675322
2069,20139,Double Crop,1849135.1156913848,184.91351156913848,0.8407739901578724,all_cult,NA,NA,NA,NA,NA,NA,NA,NA,NA,NA,0.9965541598985924,0.0027302853695851843,9.879940302600623,22.232851010675322
2069,20139,Grass/Pasture/Shrubland,108139234.26990536,10813.923426990536,49.1692871538651,grassPastureHay,NA,NA,NA,NA,NA,NA,NA,NA,NA,NA,0.9965541598985924,0.0027302853695851843,9.879940302600623,22.232851010675322
2069,20139,Other Crops,6302951.103083336,630.2951103083336,2.86585728849129,all_cult,NA,NA,NA,NA,NA,NA,NA,NA,NA,NA,0.9965541598985924,0.0027302853695851843,9.879940302600623,22.232851010675322
2069,20139,Sorghum,252758.48461129973,25.27584846112997,0.11492549021948671,all_cult,Sorghum,NA,NA,112,2830.8950276465566,2620.396076660159,757.424710096044,134.43785455252882,168.53970055768693,5,0.9965541598985924,0.0027302853695851843,9.879940302600623,22.232851010675322
2069,20139,Soybeans,28064514.38751116,2806.4514387511163,12.76051357372463,all_cult,Soybeans,NA,NA,56,157161.28057006252,2620.396076660159,757.424710096044,134.43785455252882,168.53970055768693,5,0.9965541598985924,0.0027302853695851843,9.879940302600623,22.232851010675322
2069,20139,Wheat,1738320.944623076,173.8320944623076,0.7903884493801757,all_cult,Wheat,NA,NA,89,15471.056407145375,2427.8510260009793,502.12088349274063,108.13405945493116,119.7255653261715,5,0.9965541598985924,0.0027302853695851843,9.879940302600623,22.232851010675322
2069,20149,Corn,136791901.8519852,13679.190185198519,7.982141503627487,all_cult,Corn,0.1326174661314905,62.44444444444444,250,3419797.54629963,2565.181443481448,768.8187910295485,128.5673004490059,191.69226821183364,5,0.9688796450252943,0.0026544647808912176,9.23769471887042,22.17367965071171
2069,20149,Developed,87781477.02653997,8778.147702653996,5.122263537072818,developed,NA,NA,NA,NA,NA,NA,NA,NA,NA,NA,0.9688796450252943,0.0026544647808912176,9.23769471887042,22.17367965071171
2069,20149,Double Crop,1803166.4492782145,180.31664492782144,0.1052191654466961,all_cult,NA,NA,NA,NA,NA,NA,NA,NA,NA,NA,0.9688796450252943,0.0026544647808912176,9.23769471887042,22.17367965071171
2069,20149,Grass/Pasture/Shrubland,1058221194.9777538,105822.11949777538,61.749790785057485,grassPastureHay,NA,NA,NA,NA,NA,NA,NA,NA,NA,NA,0.9688796450252943,0.0026544647808912176,9.23769471887042,22.17367965071171
2069,20149,Other Crops,34485813.7618199,3448.58137618199,2.012331443512244,all_cult,NA,NA,NA,NA,NA,NA,NA,NA,NA,NA,0.9688796450252943,0.0026544647808912176,9.23769471887042,22.17367965071171
2069,20149,Sorghum,5647082.09049503,564.708209049503,0.3295210295248753,all_cult,Sorghum,NA,NA,112,63247.319413544334,2565.181443481448,768.8187910295485,128.5673004490059,191.69226821183364,5,0.9688796450252943,0.0026544647808912176,9.23769471887042,22.17367965071171
2069,20149,Soybeans,153915907.33370754,15391.590733370755,8.98136903839706,all_cult,Soybeans,0.11392545848870632,51.611111111111114,56,861929.0810687622,2565.181443481448,768.8187910295485,128.5673004490059,191.69226821183364,5,0.9688796450252943,0.0026544647808912176,9.23769471887042,22.17367965071171
2069,20149,Wheat,13424373.002870617,1342.4373002870618,0.7833449455387832,all_cult,Wheat,NA,NA,89,119476.9197255485,2375.1926037597686,486.7089193506167,103.82159752144122,100.05224134090268,5,0.9688796450252943,0.0026544647808912176,9.23769471887042,22.17367965071171
2069,20161,Corn,29887562.457934357,2988.756245793436,3.7374801575206362,all_cult,Corn,0.14127372152863188,12.444444444444445,250,747189.0614483589,2577.435323486331,729.2852670209237,130.48455384741686,158.6393741119588,5,0.918946565599655,0.002517661823560699,9.315070566673825,22.380733358304816
2069,20161,Developed,93189704.06140432,9318.970406140432,11.653498685445852,developed,NA,NA,NA,NA,NA,NA,NA,NA,NA,NA,0.918946565599655,0.002517661823560699,9.315070566673825,22.380733358304816
2069,20161,Double Crop,2321662.5391971655,232.16625391971652,0.2903270443991936,all_cult,NA,NA,NA,NA,NA,NA,NA,NA,NA,NA,0.918946565599655,0.002517661823560699,9.315070566673825,22.380733358304816
2069,20161,Grass/Pasture/Shrubland,421935273.9416269,42193.527394162695,52.76357736882686,grassPastureHay,NA,NA,NA,NA,NA,NA,NA,NA,NA,NA,0.918946565599655,0.002517661823560699,9.315070566673825,22.380733358304816
2069,20161,Other Crops,10313350.483787943,1031.3350483787942,1.2896984437913022,all_cult,NA,NA,NA,NA,NA,NA,NA,NA,NA,NA,0.918946565599655,0.002517661823560699,9.315070566673825,22.380733358304816
2069,20161,Sorghum,8046145.345421317,804.6145345421318,1.0061813711092988,all_cult,Sorghum,NA,NA,112,90116.82786871876,2577.435323486331,729.2852670209237,130.48455384741686,158.6393741119588,5,0.918946565599655,0.002517661823560699,9.315070566673825,22.380733358304816
2069,20161,Soybeans,56043067.26954317,5604.306726954317,7.008261452613234,all_cult,Soybeans,0.12420661341954765,10.38888888888889,56,313841.17670944176,2577.435323486331,729.2852670209237,130.48455384741686,158.6393741119588,5,0.918946565599655,0.002517661823560699,9.315070566673825,22.380733358304816
2069,20161,Wheat,14763447.35949416,1476.3447359494162,1.8461890841841313,all_cult,Wheat,NA,NA,89,131394.68149949805,2390.1685827636747,461.9487856484228,104.76204918041792,76.17240193382032,5,0.918946565599655,0.002517661823560699,9.315070566673825,22.380733358304816
2069,20177,Corn,132475537.80653152,13247.553780653152,9.091050553311547,all_cult,Corn,0.12030458771317423,83,250,3311888.445163288,2614.7494213867217,773.3109741422853,133.55911945067305,166.1470496236068,5,1.0061141035393089,0.0027564769959981064,9.829531617883157,22.210567493177464
2069,20177,Developed,255013934.0237044,25501.393402370442,17.50017100813045,developed,NA,NA,NA,NA,NA,NA,NA,NA,NA,NA,1.0061141035393089,0.0027564769959981064,9.829531617883157,22.210567493177464
2069,20177,Double Crop,2797246.7569815805,279.7246756981581,0.19195930130847558,all_cult,NA,NA,NA,NA,NA,NA,NA,NA,NA,NA,1.0061141035393089,0.0027564769959981064,9.829531617883157,22.210567493177464
2069,20177,Grass/Pasture/Shrubland,626083355.6398722,62608.33556398722,42.96457693964075,grassPastureHay,NA,NA,NA,NA,NA,NA,NA,NA,NA,NA,1.0061141035393089,0.0027564769959981064,9.829531617883157,22.210567493177464
2069,20177,Other Crops,33361526.081880283,3336.1526081880284,2.289413767762353,all_cult,NA,NA,NA,NA,NA,NA,NA,NA,NA,NA,1.0061141035393089,0.0027564769959981064,9.829531617883157,22.210567493177464
2069,20177,Sorghum,2303954.5452317544,230.39545452317543,0.15810743319134585,all_cult,Sorghum,NA,NA,112,25804.29090659565,2614.7494213867217,773.3109741422853,133.55911945067305,166.1470496236068,5,1.0061141035393089,0.0027564769959981064,9.829531617883157,22.210567493177464
2069,20177,Soybeans,145627766.023613,14562.7766023613,9.993613951731533,all_cult,Soybeans,0.09768281806034469,42.833333333333336,56,815515.4897322329,2614.7494213867217,773.3109741422853,133.55911945067305,166.1470496236068,5,1.0061141035393089,0.0027564769959981064,9.829531617883157,22.210567493177464
2069,20177,Wheat,9565647.685078032,956.5647685078033,0.656436562704971,all_cult,Wheat,NA,NA,89,85134.26439719449,2424.591921386722,507.2890302566963,106.87429852409116,108.27081044615149,5,1.0061141035393089,0.0027564769959981064,9.829531617883157,22.210567493177464
2069,20197,Corn,69733578.79693311,6973.357879693312,4.536852294529976,all_cult,Corn,0.14186117514330646,28.666666666666668,250,1743339.469923328,2589.4914916992216,750.5465024870952,133.43698421614278,162.98942571705263,5,0.9649882603596285,0.0026438034530400782,9.506667472107793,22.257753137039835
2069,20197,Developed,54289406.85937861,5428.940685937861,3.5320576446519008,developed,NA,NA,NA,NA,NA,NA,NA,NA,NA,NA,0.9649882603596285,0.0026438034530400782,9.506667472107793,22.257753137039835
2069,20197,Double Crop,1125869.9276987636,112.58699276987635,0.07324886594013556,all_cult,NA,NA,NA,NA,NA,NA,NA,NA,NA,NA,0.9649882603596285,0.0026438034530400782,9.506667472107793,22.257753137039835
2069,20197,Grass/Pasture/Shrubland,1169502873.1037595,116950.28731037596,76.08761639426346,grassPastureHay,NA,NA,NA,NA,NA,NA,NA,NA,NA,NA,0.9649882603596285,0.0026438034530400782,9.506667472107793,22.257753137039835
2069,20197,Other Crops,29094649.42529061,2909.464942529061,1.8928919077573607,all_cult,NA,NA,NA,NA,NA,NA,NA,NA,NA,NA,0.9649882603596285,0.0026438034530400782,9.506667472107793,22.257753137039835
2069,20197,Sorghum,3287931.385599168,328.7931385599168,0.21391213972326276,all_cult,Sorghum,NA,NA,112,36824.831518710685,2589.4914916992216,750.5465024870952,133.43698421614278,162.98942571705263,5,0.9649882603596285,0.0026438034530400782,9.506667472107793,22.257753137039835
2069,20197,Soybeans,83491332.16381498,8349.133216381497,5.431928899043218,all_cult,Soybeans,0.12942046457519057,22.77777777777778,56,467551.46011736384,2589.4914916992216,750.5465024870952,133.43698421614278,162.98942571705263,5,0.9649882603596285,0.0026438034530400782,9.506667472107793,22.257753137039835
2069,20197,Wheat,7530280.724868099,753.02807248681,0.4899185152185996,all_cult,Wheat,NA,NA,89,67019.49845132609,2400.3226861572293,480.0918584169451,104.93880777428129,97.57166026496584,5,0.9649882603596285,0.0026438034530400782,9.506667472107793,22.257753137039835
2069,20209,Corn,2798441.748604609,279.8441748604609,1.0907251789658858,all_cult,Corn,NA,NA,250,69961.04371511523,2678.561445312503,804.9568923994681,141.7514962355098,134.416738944316,5,1.0509740868612376,0.0028793810598938016,10.56493456696813,22.005918303189237
2069,20209,Developed,144515431.86680782,14451.543186680783,56.32656829996687,developed,NA,NA,NA,NA,NA,NA,NA,NA,NA,NA,1.0509740868612376,0.0028793810598938016,10.56493456696813,22.005918303189237
2069,20209,Double Crop,152719.71803613545,15.271971803613546,0.05952428413764306,all_cult,NA,NA,NA,NA,NA,NA,NA,NA,NA,NA,1.0509740868612376,0.0028793810598938016,10.56493456696813,22.005918303189237
2069,20209,Grass/Pasture/Shrubland,41083799.11850462,4108.379911850462,16.01288794682744,grassPastureHay,NA,NA,NA,NA,NA,NA,NA,NA,NA,NA,1.0509740868612376,0.0028793810598938016,10.56493456696813,22.005918303189237
2069,20209,Other Crops,1959154.8527385148,195.91548527385146,0.7636033619211925,all_cult,NA,NA,NA,NA,NA,NA,NA,NA,NA,NA,1.0509740868612376,0.0028793810598938016,10.56493456696813,22.005918303189237
2069,20209,Sorghum,54127.80426680527,5.412780426680527,0.02109694047602745,all_cult,Sorghum,NA,NA,112,606.231407788219,2678.561445312503,804.9568923994681,141.7514962355098,134.416738944316,5,1.0509740868612376,0.0028793810598938016,10.56493456696813,22.005918303189237
2069,20209,Soybeans,8244134.676247953,824.4134676247953,3.213247256139296,all_cult,Soybeans,0.14562756367793683,4.75,56,46167.15418698854,2678.561445312503,804.9568923994681,141.7514962355098,134.416738944316,5,1.0509740868612376,0.0028793810598938016,10.56493456696813,22.005918303189237
2069,20209,Wheat,234900.57353758038,23.49005735375804,0.09155522720411169,all_cult,Wheat,NA,NA,89,2090.6151044844655,2445.31463562012,501.7361036388749,110.2257783088614,100.65373539548509,5,1.0509740868612376,0.0028793810598938016,10.56493456696813,22.005918303189237
2070,20005,Corn,172734778.84431297,17273.477884431297,23.078910848652363,all_cult,Corn,0.10724545034749912,6.181818181818182,250,4318369.471107824,2630.2249792480497,808.822237796747,212.84528482184083,458.21657811304175,5,1.0091651388680136,0.002764835996898667,10.092973632812523,22.5275612358198
2070,20005,Developed,36578638.84791646,3657.863884791646,4.88723319405755,developed,NA,NA,NA,NA,NA,NA,NA,NA,NA,NA,1.0091651388680136,0.002764835996898667,10.092973632812523,22.5275612358198
2070,20005,Double Crop,1451158.554832854,145.11585548328543,0.1938877575107932,all_cult,NA,NA,NA,NA,NA,NA,NA,NA,NA,NA,1.0091651388680136,0.002764835996898667,10.092973632812523,22.5275612358198
2070,20005,Grass/Pasture/Shrubland,215288406.86893737,21528.840686893738,28.764456018176027,grassPastureHay,NA,NA,NA,NA,NA,NA,NA,NA,NA,NA,1.0091651388680136,0.002764835996898667,10.092973632812523,22.5275612358198
2070,20005,Other Crops,29204979.705745928,2920.4979705745927,3.902046405912905,all_cult,NA,NA,NA,NA,NA,NA,NA,NA,NA,NA,1.0091651388680136,0.002764835996898667,10.092973632812523,22.5275612358198
2070,20005,Sorghum,732239.3724075308,73.22393724075309,0.09783372699309156,all_cult,Sorghum,NA,NA,112,8201.080970964345,2630.2249792480497,808.822237796747,212.84528482184083,458.21657811304175,5,1.0091651388680136,0.002764835996898667,10.092973632812523,22.5275612358198
2070,20005,Soybeans,181600576.65296197,18160.057665296197,24.263460703620524,all_cult,Soybeans,0.07483265359624193,5,56,1016963.2292565871,2630.2249792480497,808.822237796747,212.84528482184083,458.21657811304175,5,1.0091651388680136,0.002764835996898667,10.092973632812523,22.5275612358198
2070,20005,Wheat,5908069.702597459,590.8069702597459,0.7893709354082403,all_cult,Wheat,NA,NA,89,52581.82035311738,2333.946857910159,530.3148445124426,151.05195440614392,250.3417883195175,5,1.0091651388680136,0.002764835996898667,10.092973632812523,22.5275612358198
2070,20013,Corn,113276297.82191704,11327.629782191703,25.36090350021212,all_cult,Corn,0.12646432205391206,17.5625,250,2831907.445547926,2592.4439587402376,785.1079202374106,206.8593483698147,437.4394040604098,5,0.9717872555506628,0.0026624308371251035,9.595591171473696,22.458079449379305
2070,20013,Developed,24170977.38782201,2417.0977387822013,5.411527714315524,developed,NA,NA,NA,NA,NA,NA,NA,NA,NA,NA,0.9717872555506628,0.0026624308371251035,9.595591171473696,22.458079449379305
2070,20013,Double Crop,542048.8992527233,54.20488992527234,0.12135680712267008,all_cult,NA,NA,NA,NA,NA,NA,NA,NA,NA,NA,0.9717872555506628,0.0026624308371251035,9.595591171473696,22.458079449379305
2070,20013,Grass/Pasture/Shrubland,122499833.68113159,12249.983368113159,27.425918047421547,grassPastureHay,NA,NA,NA,NA,NA,NA,NA,NA,NA,NA,0.9717872555506628,0.0026624308371251035,9.595591171473696,22.458079449379305
2070,20013,Other Crops,13090232.71280689,1309.023271280689,2.9307113227404837,all_cult,NA,NA,NA,NA,NA,NA,NA,NA,NA,NA,0.9717872555506628,0.0026624308371251035,9.595591171473696,22.458079449379305
2070,20013,Sorghum,333636.9508835004,33.363695088350035,0.07469642527304013,all_cult,Sorghum,NA,NA,112,3736.733849895204,2592.4439587402376,785.1079202374106,206.8593483698147,437.4394040604098,5,0.9717872555506628,0.0026624308371251035,9.595591171473696,22.458079449379305
2070,20013,Soybeans,123405327.24801578,12340.532724801578,27.62864479089188,all_cult,Soybeans,0.10147480973744562,10.461538461538462,56,691069.8325888884,2592.4439587402376,785.1079202374106,206.8593483698147,437.4394040604098,5,0.9717872555506628,0.0026624308371251035,9.595591171473696,22.458079449379305
2070,20013,Wheat,3906288.4515680084,390.6288451568008,0.8745607542714157,all_cult,Wheat,NA,NA,89,34765.96721895527,2293.8385693359405,512.1887370849653,145.59275177269188,239.42279231701104,5,0.9717872555506628,0.0026624308371251035,9.595591171473696,22.458079449379305
2070,20045,Corn,74392843.99321488,7439.284399321487,7.631923083362056,all_cult,Corn,0.1459526935617447,11,250,1859821.0998303718,2690.415990600589,817.9727452813494,208.6482430390026,485.928641653552,5,1.0508782739538696,0.002879118558777725,10.790333017845699,22.836543804848056
2070,20045,Developed,130402436.2681122,13040.24362681122,13.37791795635647,developed,NA,NA,NA,NA,NA,NA,NA,NA,NA,NA,1.0508782739538696,0.002879118558777725,10.790333017845699,22.836543804848056
2070,20045,Double Crop,4220114.888463862,422.01148884638627,0.4329393864098648,all_cult,NA,NA,NA,NA,NA,NA,NA,NA,NA,NA,1.0508782739538696,0.002879118558777725,10.790333017845699,22.836543804848056
2070,20045,Grass/Pasture/Shrubland,354830010.0217444,35483.00100217444,36.40182575089523,grassPastureHay,NA,NA,NA,NA,NA,NA,NA,NA,NA,NA,1.0508782739538696,0.002879118558777725,10.790333017845699,22.836543804848056
2070,20045,Other Crops,37964614.628596716,3796.4614628596714,3.8947700233285687,all_cult,NA,NA,NA,NA,NA,NA,NA,NA,NA,NA,1.0508782739538696,0.002879118558777725,10.790333017845699,22.836543804848056
2070,20045,Sorghum,671055.755263424,67.1055755263424,0.06884326010288025,all_cult,Sorghum,NA,NA,112,7515.824458950349,2690.415990600589,817.9727452813494,208.6482430390026,485.928641653552,5,1.0508782739538696,0.002879118558777725,10.790333017845699,22.836543804848056
2070,20045,Soybeans,100028766.3995359,10002.876639953589,10.261898998705805,all_cult,Soybeans,0.11420951862362651,8.5,56,560161.091837401,2690.415990600589,817.9727452813494,208.6482430390026,485.928641653552,5,1.0508782739538696,0.002879118558777725,10.790333017845699,22.836543804848056
2070,20045,Wheat,7085783.937909698,708.5783937909698,0.7269268802840957,all_cult,Wheat,NA,NA,89,63063.477047396314,2403.9135443115265,552.8603200100405,165.86213403048563,249.49228532122035,5,1.0508782739538696,0.002879118558777725,10.790333017845699,22.836543804848056
2070,20061,Corn,31722102.062803604,3172.21020628036,4.044269831598419,all_cult,Corn,0.16936452361704205,12.944444444444445,250,793052.55157009,2615.9972027587924,707.5002050351134,195.86657199513408,381.8673200972817,5,0.9089592903760694,0.0024902994256878613,9.84586332974371,22.844477020681744
2070,20061,Developed,61171563.9285717,6117.15639285717,7.798799400437711,developed,NA,NA,NA,NA,NA,NA,NA,NA,NA,NA,0.9089592903760694,0.0024902994256878613,9.84586332974371,22.844477020681744
2070,20061,Double Crop,5604030.762346523,560.4030762346523,0.7144612454318694,all_cult,NA,NA,NA,NA,NA,NA,NA,NA,NA,NA,0.9089592903760694,0.0024902994256878613,9.84586332974371,22.844477020681744
2070,20061,Grass/Pasture/Shrubland,476190220.2809351,47619.02202809351,60.70977699307564,grassPastureHay,NA,NA,NA,NA,NA,NA,NA,NA,NA,NA,0.9089592903760694,0.0024902994256878613,9.84586332974371,22.844477020681744
2070,20061,Other Crops,18227803.79878525,1822.7803798785249,2.323873646638379,all_cult,NA,NA,NA,NA,NA,NA,NA,NA,NA,NA,0.9089592903760694,0.0024902994256878613,9.84586332974371,22.844477020681744
2070,20061,Sorghum,5491901.736070833,549.1901736070832,0.7001658485721192,all_cult,Sorghum,NA,NA,112,61509.299443993325,2615.9972027587924,707.5002050351134,195.86657199513408,381.8673200972817,5,0.9089592903760694,0.0024902994256878613,9.84586332974371,22.844477020681744
2070,20061,Soybeans,39491221.54782481,3949.1221547824807,5.03475953777074,all_cult,Soybeans,0.12217913528938978,7.666666666666667,56,221150.8406678189,2615.9972027587924,707.5002050351134,195.86657199513408,381.8673200972817,5,0.9089592903760694,0.0024902994256878613,9.84586332974371,22.844477020681744
2070,20061,Wheat,15495075.277191846,1549.5075277191845,1.9754764472362665,all_cult,Wheat,NA,NA,89,137906.16996700742,2330.769949340823,481.90066836643734,178.16949714299278,202.10968573231952,5,0.9089592903760694,0.0024902994256878613,9.84586332974371,22.844477020681744
2070,20085,Corn,134933024.35661882,13493.30243566188,7.9306511901880965,all_cult,Corn,NA,NA,250,3373325.60891547,2606.3395867919953,799.0660460210395,206.267082323396,448.78738657833367,5,0.9927906981682486,0.002719974515529448,9.791287691299253,22.63419349983949
2070,20085,Developed,75618361.35140783,7561.836135140783,4.444448275810096,developed,NA,NA,NA,NA,NA,NA,NA,NA,NA,NA,0.9927906981682486,0.002719974515529448,9.791287691299253,22.63419349983949
2070,20085,Double Crop,1864792.83802623,186.479283802623,0.10960268333762817,all_cult,NA,NA,NA,NA,NA,NA,NA,NA,NA,NA,0.9927906981682486,0.002719974515529448,9.791287691299253,22.63419349983949
2070,20085,Grass/Pasture/Shrubland,941187748.5802637,94118.77485802637,55.31804963283908,grassPastureHay,NA,NA,NA,NA,NA,NA,NA,NA,NA,NA,0.9927906981682486,0.002719974515529448,9.791287691299253,22.63419349983949
2070,20085,Other Crops,98052397.627671,9805.2397627671,5.7630025537076115,all_cult,NA,NA,NA,NA,NA,NA,NA,NA,NA,NA,0.9927906981682486,0.002719974515529448,9.791287691299253,22.63419349983949
2070,20085,Sorghum,4069081.398774073,406.9081398774073,0.23915913388905596,all_cult,Sorghum,NA,NA,112,45573.71166626961,2606.3395867919953,799.0660460210395,206.267082323396,448.78738657833367,5,0.9927906981682486,0.002719974515529448,9.791287691299253,22.63419349983949
2070,20085,Soybeans,170772946.2930534,17077.29462930534,10.037132690300496,all_cult,Soybeans,NA,NA,56,956328.499241099,2606.3395867919953,799.0660460210395,206.267082323396,448.78738657833367,5,0.9927906981682486,0.002719974515529448,9.791287691299253,22.63419349983949
2070,20085,Wheat,13725583.902961861,1372.5583902961862,0.8067173980208171,all_cult,Wheat,NA,NA,89,122157.69673636057,2321.021992797854,525.5054493919343,158.1140543750004,251.35028606619588,5,0.9927906981682486,0.002719974515529448,9.791287691299253,22.63419349983949
2070,20087,Corn,155094058.297135,15509.4058297135,10.788896738521789,all_cult,Corn,0.13078338055311117,25.77777777777778,250,3877351.457428375,2647.0419775390656,822.9175650173389,212.40980755742484,481.5242210950014,5,1.0350508766927808,0.0028357558265555637,10.377358231217917,22.615705650016075
2070,20087,Developed,83037617.78054704,8303.761778054704,5.7763933285619125,developed,NA,NA,NA,NA,NA,NA,NA,NA,NA,NA,1.0350508766927808,0.0028357558265555637,10.377358231217917,22.615705650016075
2070,20087,Double Crop,3214015.8179615135,321.4015817961514,0.2235784217441099,all_cult,NA,NA,NA,NA,NA,NA,NA,NA,NA,NA,1.0350508766927808,0.0028357558265555637,10.377358231217917,22.615705650016075
2070,20087,Grass/Pasture/Shrubland,533878677.1787268,53387.86771787268,37.138507962340775,grassPastureHay,NA,NA,NA,NA,NA,NA,NA,NA,NA,NA,1.0350508766927808,0.0028357558265555637,10.377358231217917,22.615705650016075
2070,20087,Other Crops,67978226.39294052,6797.822639294052,4.728808266891807,all_cult,NA,NA,NA,NA,NA,NA,NA,NA,NA,NA,1.0350508766927808,0.0028357558265555637,10.377358231217917,22.615705650016075
2070,20087,Sorghum,2078940.1655916602,207.89401655916603,0.1446185045281528,all_cult,Sorghum,NA,NA,112,23284.129854626597,2647.0419775390656,822.9175650173389,212.40980755742484,481.5242210950014,5,1.0350508766927808,0.0028357558265555637,10.377358231217917,22.615705650016075
2070,20087,Soybeans,173639107.61438552,17363.91076143855,12.078956617613274,all_cult,Soybeans,0.09985991575255485,13.833333333333334,56,972379.0026405589,2647.0419775390656,822.9175650173389,212.40980755742484,481.5242210950014,5,1.0350508766927808,0.0028357558265555637,10.377358231217917,22.615705650016075
2070,20087,Wheat,7377427.0278590415,737.7427027859042,0.5132001784817648,all_cult,Wheat,NA,NA,89,65659.10054794548,2362.4422509765654,546.4823848944799,158.65484572678417,264.97314917902867,5,1.0350508766927808,0.0028357558265555637,10.377358231217917,22.615705650016075
2070,20091,Corn,20137063.169311535,2013.7063169311532,3.334881975218613,all_cult,Corn,0.14955141172933145,4,250,503426.5792327883,2705.0815588378937,818.3700053324405,213.52433197275917,462.8426471836377,5,1.0626130920630328,0.0029112687453781722,11.043353656089492,22.737611568921256
2070,20091,Developed,271607528.4848879,27160.752848488788,44.98069273866694,developed,NA,NA,NA,NA,NA,NA,NA,NA,NA,NA,1.0626130920630328,0.0029112687453781722,11.043353656089492,22.737611568921256
2070,20091,Double Crop,2013905.6882216034,201.39056882216036,0.3335212152324038,all_cult,NA,NA,NA,NA,NA,NA,NA,NA,NA,NA,1.0626130920630328,0.0029112687453781722,11.043353656089492,22.737611568921256
2070,20091,Grass/Pasture/Shrubland,139667491.4795437,13966.749147954368,23.130214964462166,grassPastureHay,NA,NA,NA,NA,NA,NA,NA,NA,NA,NA,1.0626130920630328,0.0029112687453781722,11.043353656089492,22.737611568921256
2070,20091,Other Crops,14581458.923742233,1458.1458923742232,2.4148230617504245,all_cult,NA,NA,NA,NA,NA,NA,NA,NA,NA,NA,1.0626130920630328,0.0029112687453781722,11.043353656089492,22.737611568921256
2070,20091,Sorghum,265245.84730308503,26.524584730308504,0.043927140106542625,all_cult,Sorghum,NA,NA,112,2970.7534897945525,2705.0815588378937,818.3700053324405,213.52433197275917,462.8426471836377,5,1.0626130920630328,0.0029112687453781722,11.043353656089492,22.737611568921256
2070,20091,Soybeans,40506888.73460731,4050.688873460731,6.708311533684595,all_cult,Soybeans,NA,NA,56,226838.57691380093,2705.0815588378937,818.3700053324405,213.52433197275917,462.8426471836377,5,1.0626130920630328,0.0029112687453781722,11.043353656089492,22.737611568921256
2070,20091,Wheat,3047090.5931461067,304.70905931461067,0.5046260922212007,all_cult,Wheat,NA,NA,89,27119.10627900035,2416.334521484378,563.2653770962822,160.94352879784654,237.97020609836517,5,1.0626130920630328,0.0029112687453781722,11.043353656089492,22.737611568921256
2070,20103,Corn,55676654.53817842,5567.665453817842,6.162232243462533,all_cult,Corn,0.09926099891867379,4.75,250,1391916.3634544604,2685.5107238769565,819.5412922414264,213.06997884408452,468.8873077284226,5,1.0408121731847289,0.002851540200506106,10.744464529377163,22.724683185734182
2070,20103,Developed,66222526.18511143,6622.252618511144,7.329437975150055,developed,NA,NA,NA,NA,NA,NA,NA,NA,NA,NA,1.0408121731847289,0.002851540200506106,10.744464529377163,22.724683185734182
2070,20103,Double Crop,2239300.7972116056,223.93007972116058,0.2478434038440015,all_cult,NA,NA,NA,NA,NA,NA,NA,NA,NA,NA,1.0408121731847289,0.002851540200506106,10.744464529377163,22.724683185734182
2070,20103,Grass/Pasture/Shrubland,361083573.13099504,36108.3573130995,39.96434152498699,grassPastureHay,NA,NA,NA,NA,NA,NA,NA,NA,NA,NA,1.0408121731847289,0.002851540200506106,10.744464529377163,22.724683185734182
2070,20103,Other Crops,54377617.6404599,5437.76176404599,6.018456236750789,all_cult,NA,NA,NA,NA,NA,NA,NA,NA,NA,NA,1.0408121731847289,0.002851540200506106,10.744464529377163,22.724683185734182
2070,20103,Sorghum,567901.3203360821,56.79013203360822,0.06285470735100035,all_cult,Sorghum,NA,NA,112,6360.494787764121,2685.5107238769565,819.5412922414264,213.06997884408452,468.8873077284226,5,1.0408121731847289,0.002851540200506106,10.744464529377163,22.724683185734182
2070,20103,Soybeans,101039226.18326606,10103.922618326606,11.18291288522158,all_cult,Soybeans,0.11410095968932568,4.571428571428571,56,565819.66662629,2685.5107238769565,819.5412922414264,213.06997884408452,468.8873077284226,5,1.0408121731847289,0.002851540200506106,10.744464529377163,22.724683185734182
2070,20103,Wheat,4817340.8524583215,481.7340852458321,0.5331781044497215,all_cult,Wheat,NA,NA,89,42874.33358687905,2393.255814208987,544.0976306621693,154.5334882322205,245.7249986446751,5,1.0408121731847289,0.002851540200506106,10.744464529377163,22.724683185734182
2070,20117,Corn,1797933.5665907045,179.79335665907044,8.787790125047634,all_cult,Corn,0.16261062771687598,15.722222222222221,250,44948.33916476761,2556.2700494384794,753.8780153324367,207.51954595642863,414.5465618382424,5,0.9323256271784731,0.0025543167867903374,9.325947850893645,22.246266437687307
2070,20117,Developed,709093.4285035765,70.90934285035766,3.465847873654197,developed,NA,NA,NA,NA,NA,NA,NA,NA,NA,NA,0.9323256271784731,0.0025543167867903374,9.325947850893645,22.246266437687307
2070,20117,Double Crop,17005.082052877187,1.700508205287719,0.08311602548433755,all_cult,NA,NA,NA,NA,NA,NA,NA,NA,NA,NA,0.9323256271784731,0.0025543167867903374,9.325947850893645,22.246266437687307
2070,20117,Grass/Pasture/Shrubland,13608757.209524421,1360.8757209524422,66.51575143947134,grassPastureHay,NA,NA,NA,NA,NA,NA,NA,NA,NA,NA,0.9323256271784731,0.0025543167867903374,9.325947850893645,22.246266437687307
2070,20117,Other Crops,368569.7378671669,36.856973786716694,1.801464505144208,all_cult,NA,NA,NA,NA,NA,NA,NA,NA,NA,NA,0.9323256271784731,0.0025543167867903374,9.325947850893645,22.246266437687307
2070,20117,Sorghum,113210.96189225193,11.321096189225193,0.5533431220433721,all_cult,Sorghum,NA,NA,112,1267.9627731932217,2556.2700494384794,753.8780153324367,207.51954595642863,414.5465618382424,5,0.9323256271784731,0.0025543167867903374,9.325947850893645,22.246266437687307
2070,20117,Soybeans,2250086.8872694396,225.00868872694397,10.99778751332857,all_cult,Soybeans,0.12228514283699721,8.25,56,12600.486568708862,2556.2700494384794,753.8780153324367,207.51954595642863,414.5465618382424,5,0.9323256271784731,0.0025543167867903374,9.325947850893645,22.246266437687307
2070,20117,Wheat,234744.84118524572,23.474484118524572,1.1473663074132867,all_cult,Wheat,NA,NA,89,2089.229086548687,2259.582619628909,485.7193273465016,153.16707290818283,225.2897446056081,5,0.9323256271784731,0.0025543167867903374,9.325947850893645,22.246266437687307
2070,20127,Corn,10941387.892613748,1094.1387892613748,4.064821675495574,all_cult,Corn,NA,NA,250,273534.6973153437,2618.353095703128,690.7329706844827,201.6141448988078,375.77600340585593,5,0.9007585767460238,0.002467831717112394,9.890905845328575,22.857571101776564
2070,20127,Developed,12128694.282144045,1212.8694282144045,4.50591642462472,developed,NA,NA,NA,NA,NA,NA,NA,NA,NA,NA,0.9007585767460238,0.002467831717112394,9.890905845328575,22.857571101776564
2070,20127,Double Crop,4499199.088895911,449.9199088895911,1.671491967784096,all_cult,NA,NA,NA,NA,NA,NA,NA,NA,NA,NA,0.9007585767460238,0.002467831717112394,9.890905845328575,22.857571101776564
2070,20127,Grass/Pasture/Shrubland,158101691.18434784,15810.169118434784,58.73616652348874,grassPastureHay,NA,NA,NA,NA,NA,NA,NA,NA,NA,NA,0.9007585767460238,0.002467831717112394,9.890905845328575,22.857571101776564
2070,20127,Other Crops,10981377.128665583,1098.1377128665583,4.079678027823576,all_cult,NA,NA,NA,NA,NA,NA,NA,NA,NA,NA,0.9007585767460238,0.002467831717112394,9.890905845328575,22.857571101776564
2070,20127,Sorghum,7272388.587591114,727.2388587591115,2.701756217181813,all_cult,Sorghum,NA,NA,112,81450.75218102049,2618.353095703128,690.7329706844827,201.6141448988078,375.77600340585593,5,0.9007585767460238,0.002467831717112394,9.890905845328575,22.857571101776564
2070,20127,Soybeans,28686301.015498407,2868.6301015498407,10.657212713965244,all_cult,Soybeans,0.11686486262093489,4,56,160643.2856867911,2618.353095703128,690.7329706844827,201.6141448988078,375.77600340585593,5,0.9007585767460238,0.002467831717112394,9.890905845328575,22.857571101776564
2070,20127,Wheat,20934850.636842933,2093.485063684293,7.777480834890052,all_cult,Wheat,NA,NA,89,186320.17066790207,2335.738383178714,485.386120591808,187.571872014982,202.00999060947595,5,0.9007585767460238,0.002467831717112394,9.890905845328575,22.857571101776564
2070,20131,Corn,124792211.963085,12479.2211963085,16.444051346315263,all_cult,Corn,0.12528513936677563,9.454545454545455,250,3119805.299077125,2559.4413269043,759.6181948679216,206.7807397114342,412.56393047769393,5,0.9390207201762318,0.0025726595073321417,9.356954178483543,22.22801742762738
2070,20131,Developed,34827921.40223819,3482.792140223819,4.589325878711502,developed,NA,NA,NA,NA,NA,NA,NA,NA,NA,NA,0.9390207201762318,0.0025726595073321417,9.356954178483543,22.22801742762738
2070,20131,Double Crop,1288597.7379512293,128.85977379512295,0.1698003988733199,all_cult,NA,NA,NA,NA,NA,NA,NA,NA,NA,NA,0.9390207201762318,0.0025726595073321417,9.356954178483543,22.22801742762738
2070,20131,Grass/Pasture/Shrubland,328086582.4549448,32808.65824549448,43.232446344665604,grassPastureHay,NA,NA,NA,NA,NA,NA,NA,NA,NA,NA,0.9390207201762318,0.0025726595073321417,9.356954178483543,22.22801742762738
2070,20131,Other Crops,27101730.321978156,2710.1730321978157,3.5712344382550913,all_cult,NA,NA,NA,NA,NA,NA,NA,NA,NA,NA,0.9390207201762318,0.0025726595073321417,9.356954178483543,22.22801742762738
2070,20131,Sorghum,2055671.3741418559,205.5671374141856,0.2708788080264065,all_cult,Sorghum,NA,NA,112,23023.519390388785,2559.4413269043,759.6181948679216,206.7807397114342,412.56393047769393,5,0.9390207201762318,0.0025726595073321417,9.356954178483543,22.22801742762738
2070,20131,Soybeans,136674912.54505298,13667.491254505298,18.00985209164201,all_cult,Soybeans,0.1067341402930363,5.142857142857143,56,765379.5102522967,2559.4413269043,759.6181948679216,206.7807397114342,412.56393047769393,5,0.9390207201762318,0.0025726595073321417,9.356954178483543,22.22801742762738
2070,20131,Wheat,9588450.555545796,958.8450555545795,1.2634840811511674,all_cult,Wheat,NA,NA,89,85337.20994435757,2259.938535156253,491.37931285536985,147.19191240199052,224.99432918479627,5,0.9390207201762318,0.0025726595073321417,9.356954178483543,22.22801742762738
2070,20139,Corn,20890964.22588984,2089.096422588984,9.4988079569725965,all_cult,Corn,NA,NA,250,522274.10564724595,2644.8611798095735,797.6639550939483,209.70111322509976,476.07831003248424,5,1.0382932923804906,0.0028446391572068234,10.314725291631015,22.76551391601565
2070,20139,Developed,11858545.489950646,1185.8545489950645,5.391902692479325,developed,NA,NA,NA,NA,NA,NA,NA,NA,NA,NA,1.0382932923804906,0.0028446391572068234,10.314725291631015,22.76551391601565
2070,20139,Double Crop,1849135.1156913848,184.91351156913848,0.8407739901578724,all_cult,NA,NA,NA,NA,NA,NA,NA,NA,NA,NA,1.0382932923804906,0.0028446391572068234,10.314725291631015,22.76551391601565
2070,20139,Grass/Pasture/Shrubland,108139234.26990536,10813.923426990536,49.1692871538651,grassPastureHay,NA,NA,NA,NA,NA,NA,NA,NA,NA,NA,1.0382932923804906,0.0028446391572068234,10.314725291631015,22.76551391601565
2070,20139,Other Crops,6302951.103083336,630.2951103083336,2.86585728849129,all_cult,NA,NA,NA,NA,NA,NA,NA,NA,NA,NA,1.0382932923804906,0.0028446391572068234,10.314725291631015,22.76551391601565
2070,20139,Sorghum,252758.48461129973,25.27584846112997,0.11492549021948671,all_cult,Sorghum,NA,NA,112,2830.8950276465566,2644.8611798095735,797.6639550939483,209.70111322509976,476.07831003248424,5,1.0382932923804906,0.0028446391572068234,10.314725291631015,22.76551391601565
2070,20139,Soybeans,28064514.38751116,2806.4514387511163,12.76051357372463,all_cult,Soybeans,NA,NA,56,157161.28057006252,2644.8611798095735,797.6639550939483,209.70111322509976,476.07831003248424,5,1.0382932923804906,0.0028446391572068234,10.314725291631015,22.76551391601565
2070,20139,Wheat,1738320.944623076,173.8320944623076,0.7903884493801757,all_cult,Wheat,NA,NA,89,15471.056407145375,2370.631229858401,538.969367591816,178.5517565992714,235.8916071948653,5,1.0382932923804906,0.0028446391572068234,10.314725291631015,22.76551391601565
2070,20149,Corn,136791901.8519852,13679.190185198519,7.982141503627487,all_cult,Corn,0.1326174661314905,62.44444444444444,250,3419797.54629963,2603.091064453128,752.6375623183977,201.20832906684632,417.3551711913906,5,0.9339259836807088,0.0025587013251526266,9.681390949406058,22.692662069242317
2070,20149,Developed,87781477.02653997,8778.147702653996,5.122263537072818,developed,NA,NA,NA,NA,NA,NA,NA,NA,NA,NA,0.9339259836807088,0.0025587013251526266,9.681390949406058,22.692662069242317
2070,20149,Double Crop,1803166.4492782145,180.31664492782144,0.1052191654466961,all_cult,NA,NA,NA,NA,NA,NA,NA,NA,NA,NA,0.9339259836807088,0.0025587013251526266,9.681390949406058,22.692662069242317
2070,20149,Grass/Pasture/Shrubland,1058221194.9777538,105822.11949777538,61.749790785057485,grassPastureHay,NA,NA,NA,NA,NA,NA,NA,NA,NA,NA,0.9339259836807088,0.0025587013251526266,9.681390949406058,22.692662069242317
2070,20149,Other Crops,34485813.7618199,3448.58137618199,2.012331443512244,all_cult,NA,NA,NA,NA,NA,NA,NA,NA,NA,NA,0.9339259836807088,0.0025587013251526266,9.681390949406058,22.692662069242317
2070,20149,Sorghum,5647082.09049503,564.708209049503,0.3295210295248753,all_cult,Sorghum,NA,NA,112,63247.319413544334,2603.091064453128,752.6375623183977,201.20832906684632,417.3551711913906,5,0.9339259836807088,0.0025587013251526266,9.681390949406058,22.692662069242317
2070,20149,Soybeans,153915907.33370754,15391.590733370755,8.98136903839706,all_cult,Soybeans,0.11392545848870632,51.611111111111114,56,861929.0810687622,2603.091064453128,752.6375623183977,201.20832906684632,417.3551711913906,5,0.9339259836807088,0.0025587013251526266,9.681390949406058,22.692662069242317
2070,20149,Wheat,13424373.002870617,1342.4373002870618,0.7833449455387832,all_cult,Wheat,NA,NA,89,119476.9197255485,2314.876129150394,494.6936503609036,164.06706798819448,232.90284287045216,5,0.9339259836807088,0.0025587013251526266,9.681390949406058,22.692662069242317
2070,20161,Corn,29887562.457934357,2988.756245793436,3.7374801575206362,all_cult,Corn,0.14127372152863188,12.444444444444445,250,747189.0614483589,2613.7856964111356,711.7697242737722,194.5939365045823,381.60137229876034,5,0.9005722249822047,0.0024673211643348077,9.736670256314236,22.881958074700364
2070,20161,Developed,93189704.06140432,9318.970406140432,11.653498685445852,developed,NA,NA,NA,NA,NA,NA,NA,NA,NA,NA,0.9005722249822047,0.0024673211643348077,9.736670256314236,22.881958074700364
2070,20161,Double Crop,2321662.5391971655,232.16625391971652,0.2903270443991936,all_cult,NA,NA,NA,NA,NA,NA,NA,NA,NA,NA,0.9005722249822047,0.0024673211643348077,9.736670256314236,22.881958074700364
2070,20161,Grass/Pasture/Shrubland,421935273.9416269,42193.527394162695,52.76357736882686,grassPastureHay,NA,NA,NA,NA,NA,NA,NA,NA,NA,NA,0.9005722249822047,0.0024673211643348077,9.736670256314236,22.881958074700364
2070,20161,Other Crops,10313350.483787943,1031.3350483787942,1.2896984437913022,all_cult,NA,NA,NA,NA,NA,NA,NA,NA,NA,NA,0.9005722249822047,0.0024673211643348077,9.736670256314236,22.881958074700364
2070,20161,Sorghum,8046145.345421317,804.6145345421318,1.0061813711092988,all_cult,Sorghum,NA,NA,112,90116.82786871876,2613.7856964111356,711.7697242737722,194.5939365045823,381.60137229876034,5,0.9005722249822047,0.0024673211643348077,9.736670256314236,22.881958074700364
2070,20161,Soybeans,56043067.26954317,5604.306726954317,7.008261452613234,all_cult,Soybeans,0.12420661341954765,10.38888888888889,56,313841.17670944176,2613.7856964111356,711.7697242737722,194.5939365045823,381.60137229876034,5,0.9005722249822047,0.0024673211643348077,9.736670256314236,22.881958074700364
2070,20161,Wheat,14763447.35949416,1476.3447359494162,1.8461890841841313,all_cult,Wheat,NA,NA,89,131394.68149949805,2326.508165283206,473.4644061181062,172.72626219935913,204.75362635140812,5,0.9005722249822047,0.0024673211643348077,9.736670256314236,22.881958074700364
2070,20177,Corn,132475537.80653152,13247.553780653152,9.091050553311547,all_cult,Corn,0.12030458771317423,83,250,3311888.445163288,2640.4674072265657,797.4713628648481,207.51500764928377,469.1045799200131,5,1.0171523597557053,0.002786718793851247,10.250126668851692,22.734743150684956
2070,20177,Developed,255013934.0237044,25501.393402370442,17.50017100813045,developed,NA,NA,NA,NA,NA,NA,NA,NA,NA,NA,1.0171523597557053,0.002786718793851247,10.250126668851692,22.734743150684956
2070,20177,Double Crop,2797246.7569815805,279.7246756981581,0.19195930130847558,all_cult,NA,NA,NA,NA,NA,NA,NA,NA,NA,NA,1.0171523597557053,0.002786718793851247,10.250126668851692,22.734743150684956
2070,20177,Grass/Pasture/Shrubland,626083355.6398722,62608.33556398722,42.96457693964075,grassPastureHay,NA,NA,NA,NA,NA,NA,NA,NA,NA,NA,1.0171523597557053,0.002786718793851247,10.250126668851692,22.734743150684956
2070,20177,Other Crops,33361526.081880283,3336.1526081880284,2.289413767762353,all_cult,NA,NA,NA,NA,NA,NA,NA,NA,NA,NA,1.0171523597557053,0.002786718793851247,10.250126668851692,22.734743150684956
2070,20177,Sorghum,2303954.5452317544,230.39545452317543,0.15810743319134585,all_cult,Sorghum,NA,NA,112,25804.29090659565,2640.4674072265657,797.4713628648481,207.51500764928377,469.1045799200131,5,1.0171523597557053,0.002786718793851247,10.250126668851692,22.734743150684956
2070,20177,Soybeans,145627766.023613,14562.7766023613,9.993613951731533,all_cult,Soybeans,0.09768281806034469,42.833333333333336,56,815515.4897322329,2640.4674072265657,797.4713628648481,207.51500764928377,469.1045799200131,5,1.0171523597557053,0.002786718793851247,10.250126668851692,22.734743150684956
2070,20177,Wheat,9565647.685078032,956.5647685078033,0.656436562704971,all_cult,Wheat,NA,NA,89,85134.26439719449,2364.4343457031277,531.0494312775896,173.30194820851267,248.2921379087371,5,1.0171523597557053,0.002786718793851247,10.250126668851692,22.734743150684956
2070,20197,Corn,69733578.79693311,6973.357879693312,4.536852294529976,all_cult,Corn,0.14186117514330646,28.666666666666668,250,1743339.469923328,2614.636325073245,755.7262834784975,202.1618255297591,429.73146937363106,5,0.956432237647764,0.0026203622949253808,9.898176319697155,22.760944406169756
2070,20197,Developed,54289406.85937861,5428.940685937861,3.5320576446519008,developed,NA,NA,NA,NA,NA,NA,NA,NA,NA,NA,0.956432237647764,0.0026203622949253808,9.898176319697155,22.760944406169756
2070,20197,Double Crop,1125869.9276987636,112.58699276987635,0.07324886594013556,all_cult,NA,NA,NA,NA,NA,NA,NA,NA,NA,NA,0.956432237647764,0.0026203622949253808,9.898176319697155,22.760944406169756
2070,20197,Grass/Pasture/Shrubland,1169502873.1037595,116950.28731037596,76.08761639426346,grassPastureHay,NA,NA,NA,NA,NA,NA,NA,NA,NA,NA,0.956432237647764,0.0026203622949253808,9.898176319697155,22.760944406169756
2070,20197,Other Crops,29094649.42529061,2909.464942529061,1.8928919077573607,all_cult,NA,NA,NA,NA,NA,NA,NA,NA,NA,NA,0.956432237647764,0.0026203622949253808,9.898176319697155,22.760944406169756
2070,20197,Sorghum,3287931.385599168,328.7931385599168,0.21391213972326276,all_cult,Sorghum,NA,NA,112,36824.831518710685,2614.636325073245,755.7262834784975,202.1618255297591,429.73146937363106,5,0.956432237647764,0.0026203622949253808,9.898176319697155,22.760944406169756
2070,20197,Soybeans,83491332.16381498,8349.133216381497,5.431928899043218,all_cult,Soybeans,0.12942046457519057,22.77777777777778,56,467551.46011736384,2614.636325073245,755.7262834784975,202.1618255297591,429.73146937363106,5,0.956432237647764,0.0026203622949253808,9.898176319697155,22.760944406169756
2070,20197,Wheat,7530280.724868099,753.02807248681,0.4899185152185996,all_cult,Wheat,NA,NA,89,67019.49845132609,2335.39485046387,500.9477133996672,179.12881390111684,235.99710803430472,5,0.956432237647764,0.0026203622949253808,9.898176319697155,22.760944406169756
2070,20209,Corn,2798441.748604609,279.8441748604609,1.0907251789658858,all_cult,Corn,NA,NA,250,69961.04371511523,2714.9709454345734,812.740242139365,217.78697033089196,456.1252921422627,5,1.0418912957641508,0.0028544967007237006,11.120665985525493,22.60998903039386
2070,20209,Developed,144515431.86680782,14451.543186680783,56.32656829996687,developed,NA,NA,NA,NA,NA,NA,NA,NA,NA,NA,1.0418912957641508,0.0028544967007237006,11.120665985525493,22.60998903039386
2070,20209,Double Crop,152719.71803613545,15.271971803613546,0.05952428413764306,all_cult,NA,NA,NA,NA,NA,NA,NA,NA,NA,NA,1.0418912957641508,0.0028544967007237006,11.120665985525493,22.60998903039386
2070,20209,Grass/Pasture/Shrubland,41083799.11850462,4108.379911850462,16.01288794682744,grassPastureHay,NA,NA,NA,NA,NA,NA,NA,NA,NA,NA,1.0418912957641508,0.0028544967007237006,11.120665985525493,22.60998903039386
2070,20209,Other Crops,1959154.8527385148,195.91548527385146,0.7636033619211925,all_cult,NA,NA,NA,NA,NA,NA,NA,NA,NA,NA,1.0418912957641508,0.0028544967007237006,11.120665985525493,22.60998903039386
2070,20209,Sorghum,54127.80426680527,5.412780426680527,0.02109694047602745,all_cult,Sorghum,NA,NA,112,606.231407788219,2714.9709454345734,812.740242139365,217.78697033089196,456.1252921422627,5,1.0418912957641508,0.0028544967007237006,11.120665985525493,22.60998903039386
2070,20209,Soybeans,8244134.676247953,824.4134676247953,3.213247256139296,all_cult,Soybeans,0.14562756367793683,4.75,56,46167.15418698854,2714.9709454345734,812.740242139365,217.78697033089196,456.1252921422627,5,1.0418912957641508,0.0028544967007237006,11.120665985525493,22.60998903039386
2070,20209,Wheat,234900.57353758038,23.49005735375804,0.09155522720411169,all_cult,Wheat,NA,NA,89,2090.6151044844655,2407.888995361331,541.8334082990907,155.41516012746322,237.04129982061775,5,1.0418912957641508,0.0028544967007237006,11.120665985525493,22.60998903039386
2071,20005,Corn,172734778.84431297,17273.477884431297,23.078910848652363,all_cult,Corn,0.10724545034749912,6.181818181818182,250,4318369.471107824,2775.781270751956,666.9596297670895,186.37011180249397,255.5434656690656,5,0.8503787139786735,0.002329804695831982,10.670616730990497,23.78107003825987
2071,20005,Developed,36578638.84791646,3657.863884791646,4.88723319405755,developed,NA,NA,NA,NA,NA,NA,NA,NA,NA,NA,0.8503787139786735,0.002329804695831982,10.670616730990497,23.78107003825987
2071,20005,Double Crop,1451158.554832854,145.11585548328543,0.1938877575107932,all_cult,NA,NA,NA,NA,NA,NA,NA,NA,NA,NA,0.8503787139786735,0.002329804695831982,10.670616730990497,23.78107003825987
2071,20005,Grass/Pasture/Shrubland,215288406.86893737,21528.840686893738,28.764456018176027,grassPastureHay,NA,NA,NA,NA,NA,NA,NA,NA,NA,NA,0.8503787139786735,0.002329804695831982,10.670616730990497,23.78107003825987
2071,20005,Other Crops,29204979.705745928,2920.4979705745927,3.902046405912905,all_cult,NA,NA,NA,NA,NA,NA,NA,NA,NA,NA,0.8503787139786735,0.002329804695831982,10.670616730990497,23.78107003825987
2071,20005,Sorghum,732239.3724075308,73.22393724075309,0.09783372699309156,all_cult,Sorghum,NA,NA,112,8201.080970964345,2775.781270751956,666.9596297670895,186.37011180249397,255.5434656690656,5,0.8503787139786735,0.002329804695831982,10.670616730990497,23.78107003825987
2071,20005,Soybeans,181600576.65296197,18160.057665296197,24.263460703620524,all_cult,Soybeans,0.07483265359624193,5,56,1016963.2292565871,2775.781270751956,666.9596297670895,186.37011180249397,255.5434656690656,5,0.8503787139786735,0.002329804695831982,10.670616730990497,23.78107003825987
2071,20005,Wheat,5908069.702597459,590.8069702597459,0.7893709354082403,all_cult,Wheat,NA,NA,89,52581.82035311738,2496.998250732425,485.60749733978184,126.7318335358537,129.78491866163546,5,0.8503787139786735,0.002329804695831982,10.670616730990497,23.78107003825987
2071,20013,Corn,113276297.82191704,11327.629782191703,25.36090350021212,all_cult,Corn,0.12646432205391206,17.5625,250,2831907.445547926,2737.4631060791044,651.2494804490124,184.6818137714697,253.88945243606432,5,0.8294573165444401,0.0022724857987518905,10.18044750474906,23.752592639661838
2071,20013,Developed,24170977.38782201,2417.0977387822013,5.411527714315524,developed,NA,NA,NA,NA,NA,NA,NA,NA,NA,NA,0.8294573165444401,0.0022724857987518905,10.18044750474906,23.752592639661838
2071,20013,Double Crop,542048.8992527233,54.20488992527234,0.12135680712267008,all_cult,NA,NA,NA,NA,NA,NA,NA,NA,NA,NA,0.8294573165444401,0.0022724857987518905,10.18044750474906,23.752592639661838
2071,20013,Grass/Pasture/Shrubland,122499833.68113159,12249.983368113159,27.425918047421547,grassPastureHay,NA,NA,NA,NA,NA,NA,NA,NA,NA,NA,0.8294573165444401,0.0022724857987518905,10.18044750474906,23.752592639661838
2071,20013,Other Crops,13090232.71280689,1309.023271280689,2.9307113227404837,all_cult,NA,NA,NA,NA,NA,NA,NA,NA,NA,NA,0.8294573165444401,0.0022724857987518905,10.18044750474906,23.752592639661838
2071,20013,Sorghum,333636.9508835004,33.363695088350035,0.07469642527304013,all_cult,Sorghum,NA,NA,112,3736.733849895204,2737.4631060791044,651.2494804490124,184.6818137714697,253.88945243606432,5,0.8294573165444401,0.0022724857987518905,10.18044750474906,23.752592639661838
2071,20013,Soybeans,123405327.24801578,12340.532724801578,27.62864479089188,all_cult,Soybeans,0.10147480973744562,10.461538461538462,56,691069.8325888884,2737.4631060791044,651.2494804490124,184.6818137714697,253.88945243606432,5,0.8294573165444401,0.0022724857987518905,10.18044750474906,23.752592639661838
2071,20013,Wheat,3906288.4515680084,390.6288451568008,0.8745607542714157,all_cult,Wheat,NA,NA,89,34765.96721895527,2455.919132080081,476.389559130918,123.48912568414188,131.28420861560207,5,0.8294573165444401,0.0022724857987518905,10.18044750474906,23.752592639661838
2071,20045,Corn,74392843.99321488,7439.284399321487,7.631923083362056,all_cult,Corn,0.1459526935617447,11,250,1859821.0998303718,2826.0133459472686,656.2584767625302,179.07759421971136,248.3931315742365,5,0.8617165968992805,0.002360867388765152,11.284871867976799,24.05353131019908
2071,20045,Developed,130402436.2681122,13040.24362681122,13.37791795635647,developed,NA,NA,NA,NA,NA,NA,NA,NA,NA,NA,0.8617165968992805,0.002360867388765152,11.284871867976799,24.05353131019908
2071,20045,Double Crop,4220114.888463862,422.01148884638627,0.4329393864098648,all_cult,NA,NA,NA,NA,NA,NA,NA,NA,NA,NA,0.8617165968992805,0.002360867388765152,11.284871867976799,24.05353131019908
2071,20045,Grass/Pasture/Shrubland,354830010.0217444,35483.00100217444,36.40182575089523,grassPastureHay,NA,NA,NA,NA,NA,NA,NA,NA,NA,NA,0.8617165968992805,0.002360867388765152,11.284871867976799,24.05353131019908
2071,20045,Other Crops,37964614.628596716,3796.4614628596714,3.8947700233285687,all_cult,NA,NA,NA,NA,NA,NA,NA,NA,NA,NA,0.8617165968992805,0.002360867388765152,11.284871867976799,24.05353131019908
2071,20045,Sorghum,671055.755263424,67.1055755263424,0.06884326010288025,all_cult,Sorghum,NA,NA,112,7515.824458950349,2826.0133459472686,656.2584767625302,179.07759421971136,248.3931315742365,5,0.8617165968992805,0.002360867388765152,11.284871867976799,24.05353131019908
2071,20045,Soybeans,100028766.3995359,10002.876639953589,10.261898998705805,all_cult,Soybeans,0.11420951862362651,8.5,56,560161.091837401,2826.0133459472686,656.2584767625302,179.07759421971136,248.3931315742365,5,0.8617165968992805,0.002360867388765152,11.284871867976799,24.05353131019908
2071,20045,Wheat,7085783.937909698,708.5783937909698,0.7269268802840957,all_cult,Wheat,NA,NA,89,63063.477047396314,2564.655230102542,525.321515282737,133.71054191415502,134.4117213576312,5,0.8617165968992805,0.002360867388765152,11.284871867976799,24.05353131019908
2071,20061,Corn,31722102.062803604,3172.21020628036,4.044269831598419,all_cult,Corn,0.16936452361704205,12.944444444444445,250,793052.55157009,2764.8013519287138,599.5334552382665,179.97537614656332,241.2314688767606,5,0.7746140489095945,0.00212223027098519,10.478522422477013,24.20366418289814
2071,20061,Developed,61171563.9285717,6117.15639285717,7.798799400437711,developed,NA,NA,NA,NA,NA,NA,NA,NA,NA,NA,0.7746140489095945,0.00212223027098519,10.478522422477013,24.20366418289814
2071,20061,Double Crop,5604030.762346523,560.4030762346523,0.7144612454318694,all_cult,NA,NA,NA,NA,NA,NA,NA,NA,NA,NA,0.7746140489095945,0.00212223027098519,10.478522422477013,24.20366418289814
2071,20061,Grass/Pasture/Shrubland,476190220.2809351,47619.02202809351,60.70977699307564,grassPastureHay,NA,NA,NA,NA,NA,NA,NA,NA,NA,NA,0.7746140489095945,0.00212223027098519,10.478522422477013,24.20366418289814
2071,20061,Other Crops,18227803.79878525,1822.7803798785249,2.323873646638379,all_cult,NA,NA,NA,NA,NA,NA,NA,NA,NA,NA,0.7746140489095945,0.00212223027098519,10.478522422477013,24.20366418289814
2071,20061,Sorghum,5491901.736070833,549.1901736070832,0.7001658485721192,all_cult,Sorghum,NA,NA,112,61509.299443993325,2764.8013519287138,599.5334552382665,179.97537614656332,241.2314688767606,5,0.7746140489095945,0.00212223027098519,10.478522422477013,24.20366418289814
2071,20061,Soybeans,39491221.54782481,3949.1221547824807,5.03475953777074,all_cult,Soybeans,0.12217913528938978,7.666666666666667,56,221150.8406678189,2764.8013519287138,599.5334552382665,179.97537614656332,241.2314688767606,5,0.7746140489095945,0.00212223027098519,10.478522422477013,24.20366418289814
2071,20061,Wheat,15495075.277191846,1549.5075277191845,1.9754764472362665,all_cult,Wheat,NA,NA,89,137906.16996700742,2515.1280157470733,464.6851701681963,121.76151891251769,114.8736265061684,5,0.7746140489095945,0.00212223027098519,10.478522422477013,24.20366418289814
2071,20085,Corn,134933024.35661882,13493.30243566188,7.9306511901880965,all_cult,Corn,NA,NA,250,3373325.60891547,2756.417066040042,665.3174595309911,183.8999999489775,247.71313307478243,5,0.8505188688497252,0.002330188681780069,10.398062484950259,23.942613709332214
2071,20085,Developed,75618361.35140783,7561.836135140783,4.444448275810096,developed,NA,NA,NA,NA,NA,NA,NA,NA,NA,NA,0.8505188688497252,0.002330188681780069,10.398062484950259,23.942613709332214
2071,20085,Double Crop,1864792.83802623,186.479283802623,0.10960268333762817,all_cult,NA,NA,NA,NA,NA,NA,NA,NA,NA,NA,0.8505188688497252,0.002330188681780069,10.398062484950259,23.942613709332214
2071,20085,Grass/Pasture/Shrubland,941187748.5802637,94118.77485802637,55.31804963283908,grassPastureHay,NA,NA,NA,NA,NA,NA,NA,NA,NA,NA,0.8505188688497252,0.002330188681780069,10.398062484950259,23.942613709332214
2071,20085,Other Crops,98052397.627671,9805.2397627671,5.7630025537076115,all_cult,NA,NA,NA,NA,NA,NA,NA,NA,NA,NA,0.8505188688497252,0.002330188681780069,10.398062484950259,23.942613709332214
2071,20085,Sorghum,4069081.398774073,406.9081398774073,0.23915913388905596,all_cult,Sorghum,NA,NA,112,45573.71166626961,2756.417066040042,665.3174595309911,183.8999999489775,247.71313307478243,5,0.8505188688497252,0.002330188681780069,10.398062484950259,23.942613709332214
2071,20085,Soybeans,170772946.2930534,17077.29462930534,10.037132690300496,all_cult,Soybeans,NA,NA,56,956328.499241099,2756.417066040042,665.3174595309911,183.8999999489775,247.71313307478243,5,0.8505188688497252,0.002330188681780069,10.398062484950259,23.942613709332214
2071,20085,Wheat,13725583.902961861,1372.5583902961862,0.8067173980208171,all_cult,Wheat,NA,NA,89,122157.69673636057,2491.247993774417,496.5737933154453,126.6659591467536,125.9659523497672,5,0.8505188688497252,0.002330188681780069,10.398062484950259,23.942613709332214
2071,20087,Corn,155094058.297135,15509.4058297135,10.788896738521789,all_cult,Corn,0.13078338055311117,25.77777777777778,250,3877351.457428375,2790.3400286865262,670.8595627028791,183.40621971565523,254.87446731413328,5,0.8673071470583456,0.0023761839645434126,10.924928170818195,23.869559259284056
2071,20087,Developed,83037617.78054704,8303.761778054704,5.7763933285619125,developed,NA,NA,NA,NA,NA,NA,NA,NA,NA,NA,0.8673071470583456,0.0023761839645434126,10.924928170818195,23.869559259284056
2071,20087,Double Crop,3214015.8179615135,321.4015817961514,0.2235784217441099,all_cult,NA,NA,NA,NA,NA,NA,NA,NA,NA,NA,0.8673071470583456,0.0023761839645434126,10.924928170818195,23.869559259284056
2071,20087,Grass/Pasture/Shrubland,533878677.1787268,53387.86771787268,37.138507962340775,grassPastureHay,NA,NA,NA,NA,NA,NA,NA,NA,NA,NA,0.8673071470583456,0.0023761839645434126,10.924928170818195,23.869559259284056
2071,20087,Other Crops,67978226.39294052,6797.822639294052,4.728808266891807,all_cult,NA,NA,NA,NA,NA,NA,NA,NA,NA,NA,0.8673071470583456,0.0023761839645434126,10.924928170818195,23.869559259284056
2071,20087,Sorghum,2078940.1655916602,207.89401655916603,0.1446185045281528,all_cult,Sorghum,NA,NA,112,23284.129854626597,2790.3400286865262,670.8595627028791,183.40621971565523,254.87446731413328,5,0.8673071470583456,0.0023761839645434126,10.924928170818195,23.869559259284056
2071,20087,Soybeans,173639107.61438552,17363.91076143855,12.078956617613274,all_cult,Soybeans,0.09985991575255485,13.833333333333334,56,972379.0026405589,2790.3400286865262,670.8595627028791,183.40621971565523,254.87446731413328,5,0.8673071470583456,0.0023761839645434126,10.924928170818195,23.869559259284056
2071,20087,Wheat,7377427.0278590415,737.7427027859042,0.5132001784817648,all_cult,Wheat,NA,NA,89,65659.10054794548,2527.447254028323,514.2826954639532,130.36199655840446,134.64133895523216,5,0.8673071470583456,0.0023761839645434126,10.924928170818195,23.869559259284056
2071,20091,Corn,20137063.169311535,2013.7063169311532,3.334881975218613,all_cult,Corn,0.14955141172933145,4,250,503426.5792327883,2836.682056884769,675.589573288353,180.12640572250086,240.7582883145208,5,0.8939543878717187,0.002449190103758133,11.501348191352763,23.9052163821704
2071,20091,Developed,271607528.4848879,27160.752848488788,44.98069273866694,developed,NA,NA,NA,NA,NA,NA,NA,NA,NA,NA,0.8939543878717187,0.002449190103758133,11.501348191352763,23.9052163821704
2071,20091,Double Crop,2013905.6882216034,201.39056882216036,0.3335212152324038,all_cult,NA,NA,NA,NA,NA,NA,NA,NA,NA,NA,0.8939543878717187,0.002449190103758133,11.501348191352763,23.9052163821704
2071,20091,Grass/Pasture/Shrubland,139667491.4795437,13966.749147954368,23.130214964462166,grassPastureHay,NA,NA,NA,NA,NA,NA,NA,NA,NA,NA,0.8939543878717187,0.002449190103758133,11.501348191352763,23.9052163821704
2071,20091,Other Crops,14581458.923742233,1458.1458923742232,2.4148230617504245,all_cult,NA,NA,NA,NA,NA,NA,NA,NA,NA,NA,0.8939543878717187,0.002449190103758133,11.501348191352763,23.9052163821704
2071,20091,Sorghum,265245.84730308503,26.524584730308504,0.043927140106542625,all_cult,Sorghum,NA,NA,112,2970.7534897945525,2836.682056884769,675.589573288353,180.12640572250086,240.7582883145208,5,0.8939543878717187,0.002449190103758133,11.501348191352763,23.9052163821704
2071,20091,Soybeans,40506888.73460731,4050.688873460731,6.708311533684595,all_cult,Soybeans,NA,NA,56,226838.57691380093,2836.682056884769,675.589573288353,180.12640572250086,240.7582883145208,5,0.8939543878717187,0.002449190103758133,11.501348191352763,23.9052163821704
2071,20091,Wheat,3047090.5931461067,304.70905931461067,0.5046260922212007,all_cult,Wheat,NA,NA,89,27119.10627900035,2571.3534259033236,536.7136383977773,138.1370136574604,123.43889330692004,5,0.8939543878717187,0.002449190103758133,11.501348191352763,23.9052163821704
2071,20103,Corn,55676654.53817842,5567.665453817842,6.162232243462533,all_cult,Corn,0.09926099891867379,4.75,250,1391916.3634544604,2818.2042224121124,669.4562259595007,180.80955127884656,249.06447689055835,5,0.8718773034512028,0.0023887049409621994,11.224689757464706,23.92375041804904
2071,20103,Developed,66222526.18511143,6622.252618511144,7.329437975150055,developed,NA,NA,NA,NA,NA,NA,NA,NA,NA,NA,0.8718773034512028,0.0023887049409621994,11.224689757464706,23.92375041804904
2071,20103,Double Crop,2239300.7972116056,223.93007972116058,0.2478434038440015,all_cult,NA,NA,NA,NA,NA,NA,NA,NA,NA,NA,0.8718773034512028,0.0023887049409621994,11.224689757464706,23.92375041804904
2071,20103,Grass/Pasture/Shrubland,361083573.13099504,36108.3573130995,39.96434152498699,grassPastureHay,NA,NA,NA,NA,NA,NA,NA,NA,NA,NA,0.8718773034512028,0.0023887049409621994,11.224689757464706,23.92375041804904
2071,20103,Other Crops,54377617.6404599,5437.76176404599,6.018456236750789,all_cult,NA,NA,NA,NA,NA,NA,NA,NA,NA,NA,0.8718773034512028,0.0023887049409621994,11.224689757464706,23.92375041804904
2071,20103,Sorghum,567901.3203360821,56.79013203360822,0.06285470735100035,all_cult,Sorghum,NA,NA,112,6360.494787764121,2818.2042224121124,669.4562259595007,180.80955127884656,249.06447689055835,5,0.8718773034512028,0.0023887049409621994,11.224689757464706,23.92375041804904
2071,20103,Soybeans,101039226.18326606,10103.922618326606,11.18291288522158,all_cult,Soybeans,0.11410095968932568,4.571428571428571,56,565819.66662629,2818.2042224121124,669.4562259595007,180.80955127884656,249.06447689055835,5,0.8718773034512028,0.0023887049409621994,11.224689757464706,23.92375041804904
2071,20103,Wheat,4817340.8524583215,481.7340852458321,0.5331781044497215,all_cult,Wheat,NA,NA,89,42874.33358687905,2551.116784667972,516.316966395288,133.7583232572442,122.80088398049234,5,0.8718773034512028,0.0023887049409621994,11.224689757464706,23.92375041804904
2071,20117,Corn,1797933.5665907045,179.79335665907044,8.787790125047634,all_cult,Corn,0.16261062771687598,15.722222222222221,250,44948.33916476761,2707.9414038085965,651.6080279728162,185.13960656579135,253.8160912952435,5,0.8205344215786649,0.002248039511174424,9.950844943948011,23.61910943854347
2071,20117,Developed,709093.4285035765,70.90934285035766,3.465847873654197,developed,NA,NA,NA,NA,NA,NA,NA,NA,NA,NA,0.8205344215786649,0.002248039511174424,9.950844943948011,23.61910943854347
2071,20117,Double Crop,17005.082052877187,1.700508205287719,0.08311602548433755,all_cult,NA,NA,NA,NA,NA,NA,NA,NA,NA,NA,0.8205344215786649,0.002248039511174424,9.950844943948011,23.61910943854347
2071,20117,Grass/Pasture/Shrubland,13608757.209524421,1360.8757209524422,66.51575143947134,grassPastureHay,NA,NA,NA,NA,NA,NA,NA,NA,NA,NA,0.8205344215786649,0.002248039511174424,9.950844943948011,23.61910943854347
2071,20117,Other Crops,368569.7378671669,36.856973786716694,1.801464505144208,all_cult,NA,NA,NA,NA,NA,NA,NA,NA,NA,NA,0.8205344215786649,0.002248039511174424,9.950844943948011,23.61910943854347
2071,20117,Sorghum,113210.96189225193,11.321096189225193,0.5533431220433721,all_cult,Sorghum,NA,NA,112,1267.9627731932217,2707.9414038085965,651.6080279728162,185.13960656579135,253.8160912952435,5,0.8205344215786649,0.002248039511174424,9.950844943948011,23.61910943854347
2071,20117,Soybeans,2250086.8872694396,225.00868872694397,10.99778751332857,all_cult,Soybeans,0.12228514283699721,8.25,56,12600.486568708862,2707.9414038085965,651.6080279728162,185.13960656579135,253.8160912952435,5,0.8205344215786649,0.002248039511174424,9.950844943948011,23.61910943854347
2071,20117,Wheat,234744.84118524572,23.474484118524572,1.1473663074132867,all_cult,Wheat,NA,NA,89,2089.229086548687,2434.293173828128,481.13292550549977,122.50897915536385,134.69567916632988,5,0.8205344215786649,0.002248039511174424,9.950844943948011,23.61910943854347
2071,20127,Corn,10941387.892613748,1094.1387892613748,4.064821675495574,all_cult,Corn,NA,NA,250,273534.6973153437,2767.9231176757844,588.5187656806831,180.80329664883425,233.616580878921,5,0.7725795810379595,0.0021166563864053684,10.523055654029347,24.18726803296235
2071,20127,Developed,12128694.282144045,1212.8694282144045,4.50591642462472,developed,NA,NA,NA,NA,NA,NA,NA,NA,NA,NA,0.7725795810379595,0.0021166563864053684,10.523055654029347,24.18726803296235
2071,20127,Double Crop,4499199.088895911,449.9199088895911,1.671491967784096,all_cult,NA,NA,NA,NA,NA,NA,NA,NA,NA,NA,0.7725795810379595,0.0021166563864053684,10.523055654029347,24.18726803296235
2071,20127,Grass/Pasture/Shrubland,158101691.18434784,15810.169118434784,58.73616652348874,grassPastureHay,NA,NA,NA,NA,NA,NA,NA,NA,NA,NA,0.7725795810379595,0.0021166563864053684,10.523055654029347,24.18726803296235
2071,20127,Other Crops,10981377.128665583,1098.1377128665583,4.079678027823576,all_cult,NA,NA,NA,NA,NA,NA,NA,NA,NA,NA,0.7725795810379595,0.0021166563864053684,10.523055654029347,24.18726803296235
2071,20127,Sorghum,7272388.587591114,727.2388587591115,2.701756217181813,all_cult,Sorghum,NA,NA,112,81450.75218102049,2767.9231176757844,588.5187656806831,180.80329664883425,233.616580878921,5,0.7725795810379595,0.0021166563864053684,10.523055654029347,24.18726803296235
2071,20127,Soybeans,28686301.015498407,2868.6301015498407,10.657212713965244,all_cult,Soybeans,0.11686486262093489,4,56,160643.2856867911,2767.9231176757844,588.5187656806831,180.80329664883425,233.616580878921,5,0.7725795810379595,0.0021166563864053684,10.523055654029347,24.18726803296235
2071,20127,Wheat,20934850.636842933,2093.485063684293,7.777480834890052,all_cult,Wheat,NA,NA,89,186320.17066790207,2516.375513305667,464.78391053451435,121.21840011472202,105.2413791286487,5,0.7725795810379595,0.0021166563864053684,10.523055654029347,24.18726803296235
2071,20131,Corn,124792211.963085,12479.2211963085,16.444051346315263,all_cult,Corn,0.12528513936677563,9.454545454545455,250,3119805.299077125,2707.957954711917,642.7670219308593,184.46510549080753,249.540847658567,5,0.8143414428325968,0.0022310724461167037,9.95473083496096,23.56333460977635
2071,20131,Developed,34827921.40223819,3482.792140223819,4.589325878711502,developed,NA,NA,NA,NA,NA,NA,NA,NA,NA,NA,0.8143414428325968,0.0022310724461167037,9.95473083496096,23.56333460977635
2071,20131,Double Crop,1288597.7379512293,128.85977379512295,0.1698003988733199,all_cult,NA,NA,NA,NA,NA,NA,NA,NA,NA,NA,0.8143414428325968,0.0022310724461167037,9.95473083496096,23.56333460977635
2071,20131,Grass/Pasture/Shrubland,328086582.4549448,32808.65824549448,43.232446344665604,grassPastureHay,NA,NA,NA,NA,NA,NA,NA,NA,NA,NA,0.8143414428325968,0.0022310724461167037,9.95473083496096,23.56333460977635
2071,20131,Other Crops,27101730.321978156,2710.1730321978157,3.5712344382550913,all_cult,NA,NA,NA,NA,NA,NA,NA,NA,NA,NA,0.8143414428325968,0.0022310724461167037,9.95473083496096,23.56333460977635
2071,20131,Sorghum,2055671.3741418559,205.5671374141856,0.2708788080264065,all_cult,Sorghum,NA,NA,112,23023.519390388785,2707.957954711917,642.7670219308593,184.46510549080753,249.540847658567,5,0.8143414428325968,0.0022310724461167037,9.95473083496096,23.56333460977635
2071,20131,Soybeans,136674912.54505298,13667.491254505298,18.00985209164201,all_cult,Soybeans,0.1067341402930363,5.142857142857143,56,765379.5102522967,2707.957954711917,642.7670219308593,184.46510549080753,249.540847658567,5,0.8143414428325968,0.0022310724461167037,9.95473083496096,23.56333460977635
2071,20131,Wheat,9588450.555545796,958.8450555545795,1.2634840811511674,all_cult,Wheat,NA,NA,89,85337.20994435757,2426.114622192386,469.2008690744344,123.11402730698964,127.95959176362284,5,0.8143414428325968,0.0022310724461167037,9.95473083496096,23.56333460977635
2071,20139,Corn,20890964.22588984,2089.096422588984,9.4988079569725965,all_cult,Corn,NA,NA,250,522274.10564724595,2790.9691088867216,639.7085967343337,180.52253993943663,246.43343125300052,5,0.8404128987876157,0.0023025010925688105,10.872716490863144,24.01201942757387
2071,20139,Developed,11858545.489950646,1185.8545489950645,5.391902692479325,developed,NA,NA,NA,NA,NA,NA,NA,NA,NA,NA,0.8404128987876157,0.0023025010925688105,10.872716490863144,24.01201942757387
2071,20139,Double Crop,1849135.1156913848,184.91351156913848,0.8407739901578724,all_cult,NA,NA,NA,NA,NA,NA,NA,NA,NA,NA,0.8404128987876157,0.0023025010925688105,10.872716490863144,24.01201942757387
2071,20139,Grass/Pasture/Shrubland,108139234.26990536,10813.923426990536,49.1692871538651,grassPastureHay,NA,NA,NA,NA,NA,NA,NA,NA,NA,NA,0.8404128987876157,0.0023025010925688105,10.872716490863144,24.01201942757387
2071,20139,Other Crops,6302951.103083336,630.2951103083336,2.86585728849129,all_cult,NA,NA,NA,NA,NA,NA,NA,NA,NA,NA,0.8404128987876157,0.0023025010925688105,10.872716490863144,24.01201942757387
2071,20139,Sorghum,252758.48461129973,25.27584846112997,0.11492549021948671,all_cult,Sorghum,NA,NA,112,2830.8950276465566,2790.9691088867216,639.7085967343337,180.52253993943663,246.43343125300052,5,0.8404128987876157,0.0023025010925688105,10.872716490863144,24.01201942757387
2071,20139,Soybeans,28064514.38751116,2806.4514387511163,12.76051357372463,all_cult,Soybeans,NA,NA,56,157161.28057006252,2790.9691088867216,639.7085967343337,180.52253993943663,246.43343125300052,5,0.8404128987876157,0.0023025010925688105,10.872716490863144,24.01201942757387
2071,20139,Wheat,1738320.944623076,173.8320944623076,0.7903884493801757,all_cult,Wheat,NA,NA,89,15471.056407145375,2537.070357055667,513.8721923478737,131.2527188543436,132.0776091783543,5,0.8404128987876157,0.0023025010925688105,10.872716490863144,24.01201942757387
2071,20149,Corn,136791901.8519852,13679.190185198519,7.982141503627487,all_cult,Corn,0.1326174661314905,62.44444444444444,250,3419797.54629963,2753.0777252197295,650.8670912669155,182.20493217638355,248.19345524451705,5,0.8220010356734592,0.00225205763198208,10.30756368558703,24.057282547624165
2071,20149,Developed,87781477.02653997,8778.147702653996,5.122263537072818,developed,NA,NA,NA,NA,NA,NA,NA,NA,NA,NA,0.8220010356734592,0.00225205763198208,10.30756368558703,24.057282547624165
2071,20149,Double Crop,1803166.4492782145,180.31664492782144,0.1052191654466961,all_cult,NA,NA,NA,NA,NA,NA,NA,NA,NA,NA,0.8220010356734592,0.00225205763198208,10.30756368558703,24.057282547624165
2071,20149,Grass/Pasture/Shrubland,1058221194.9777538,105822.11949777538,61.749790785057485,grassPastureHay,NA,NA,NA,NA,NA,NA,NA,NA,NA,NA,0.8220010356734592,0.00225205763198208,10.30756368558703,24.057282547624165
2071,20149,Other Crops,34485813.7618199,3448.58137618199,2.012331443512244,all_cult,NA,NA,NA,NA,NA,NA,NA,NA,NA,NA,0.8220010356734592,0.00225205763198208,10.30756368558703,24.057282547624165
2071,20149,Sorghum,5647082.09049503,564.708209049503,0.3295210295248753,all_cult,Sorghum,NA,NA,112,63247.319413544334,2753.0777252197295,650.8670912669155,182.20493217638355,248.19345524451705,5,0.8220010356734592,0.00225205763198208,10.30756368558703,24.057282547624165
2071,20149,Soybeans,153915907.33370754,15391.590733370755,8.98136903839706,all_cult,Soybeans,0.11392545848870632,51.611111111111114,56,861929.0810687622,2753.0777252197295,650.8670912669155,182.20493217638355,248.19345524451705,5,0.8220010356734592,0.00225205763198208,10.30756368558703,24.057282547624165
2071,20149,Wheat,13424373.002870617,1342.4373002870618,0.7833449455387832,all_cult,Wheat,NA,NA,89,119476.9197255485,2493.1524060058623,486.8317432290004,123.87009752677844,134.84070051111863,5,0.8220010356734592,0.00225205763198208,10.30756368558703,24.057282547624165
2071,20161,Corn,29887562.457934357,2988.756245793436,3.7374801575206362,all_cult,Corn,0.14127372152863188,12.444444444444445,250,747189.0614483589,2762.6123712158233,603.8258556112746,180.39619628041552,242.57347651607705,5,0.7694607230173233,0.002108111569910475,10.369680727605973,24.25196091743367
2071,20161,Developed,93189704.06140432,9318.970406140432,11.653498685445852,developed,NA,NA,NA,NA,NA,NA,NA,NA,NA,NA,0.7694607230173233,0.002108111569910475,10.369680727605973,24.25196091743367
2071,20161,Double Crop,2321662.5391971655,232.16625391971652,0.2903270443991936,all_cult,NA,NA,NA,NA,NA,NA,NA,NA,NA,NA,0.7694607230173233,0.002108111569910475,10.369680727605973,24.25196091743367
2071,20161,Grass/Pasture/Shrubland,421935273.9416269,42193.527394162695,52.76357736882686,grassPastureHay,NA,NA,NA,NA,NA,NA,NA,NA,NA,NA,0.7694607230173233,0.002108111569910475,10.369680727605973,24.25196091743367
2071,20161,Other Crops,10313350.483787943,1031.3350483787942,1.2896984437913022,all_cult,NA,NA,NA,NA,NA,NA,NA,NA,NA,NA,0.7694607230173233,0.002108111569910475,10.369680727605973,24.25196091743367
2071,20161,Sorghum,8046145.345421317,804.6145345421318,1.0061813711092988,all_cult,Sorghum,NA,NA,112,90116.82786871876,2762.6123712158233,603.8258556112746,180.39619628041552,242.57347651607705,5,0.7694607230173233,0.002108111569910475,10.369680727605973,24.25196091743367
2071,20161,Soybeans,56043067.26954317,5604.306726954317,7.008261452613234,all_cult,Soybeans,0.12420661341954765,10.38888888888889,56,313841.17670944176,2762.6123712158233,603.8258556112746,180.39619628041552,242.57347651607705,5,0.7694607230173233,0.002108111569910475,10.369680727605973,24.25196091743367
2071,20161,Wheat,14763447.35949416,1476.3447359494162,1.8461890841841313,all_cult,Wheat,NA,NA,89,131394.68149949805,2509.5962432861356,457.6692158940226,121.43326103686984,119.0275042491272,5,0.7694607230173233,0.002108111569910475,10.369680727605973,24.25196091743367
2071,20177,Corn,132475537.80653152,13247.553780653152,9.091050553311547,all_cult,Corn,0.12030458771317423,83,250,3311888.445163288,2789.787196044925,647.3230812252473,181.4529819793482,248.19742133538443,5,0.8396905331900468,0.0023005220087398545,10.83273456730257,24.01754636999681
2071,20177,Developed,255013934.0237044,25501.393402370442,17.50017100813045,developed,NA,NA,NA,NA,NA,NA,NA,NA,NA,NA,0.8396905331900468,0.0023005220087398545,10.83273456730257,24.01754636999681
2071,20177,Double Crop,2797246.7569815805,279.7246756981581,0.19195930130847558,all_cult,NA,NA,NA,NA,NA,NA,NA,NA,NA,NA,0.8396905331900468,0.0023005220087398545,10.83273456730257,24.01754636999681
2071,20177,Grass/Pasture/Shrubland,626083355.6398722,62608.33556398722,42.96457693964075,grassPastureHay,NA,NA,NA,NA,NA,NA,NA,NA,NA,NA,0.8396905331900468,0.0023005220087398545,10.83273456730257,24.01754636999681
2071,20177,Other Crops,33361526.081880283,3336.1526081880284,2.289413767762353,all_cult,NA,NA,NA,NA,NA,NA,NA,NA,NA,NA,0.8396905331900468,0.0023005220087398545,10.83273456730257,24.01754636999681
2071,20177,Sorghum,2303954.5452317544,230.39545452317543,0.15810743319134585,all_cult,Sorghum,NA,NA,112,25804.29090659565,2789.787196044925,647.3230812252473,181.4529819793482,248.19742133538443,5,0.8396905331900468,0.0023005220087398545,10.83273456730257,24.01754636999681
2071,20177,Soybeans,145627766.023613,14562.7766023613,9.993613951731533,all_cult,Soybeans,0.09768281806034469,42.833333333333336,56,815515.4897322329,2789.787196044925,647.3230812252473,181.4529819793482,248.19742133538443,5,0.8396905331900468,0.0023005220087398545,10.83273456730257,24.01754636999681
2071,20177,Wheat,9565647.685078032,956.5647685078033,0.656436562704971,all_cult,Wheat,NA,NA,89,85134.26439719449,2535.9921197509793,510.7237141899981,129.8116407957764,130.00460920461484,5,0.8396905331900468,0.0023005220087398545,10.83273456730257,24.01754636999681
2071,20197,Corn,69733578.79693311,6973.357879693312,4.536852294529976,all_cult,Corn,0.14186117514330646,28.666666666666668,250,1743339.469923328,2765.1972369384794,643.1805820149098,179.17624962020656,249.873844312174,5,0.8228757859663407,0.002254454208126961,10.512318558366355,24.082055764394287
2071,20197,Developed,54289406.85937861,5428.940685937861,3.5320576446519008,developed,NA,NA,NA,NA,NA,NA,NA,NA,NA,NA,0.8228757859663407,0.002254454208126961,10.512318558366355,24.082055764394287
2071,20197,Double Crop,1125869.9276987636,112.58699276987635,0.07324886594013556,all_cult,NA,NA,NA,NA,NA,NA,NA,NA,NA,NA,0.8228757859663407,0.002254454208126961,10.512318558366355,24.082055764394287
2071,20197,Grass/Pasture/Shrubland,1169502873.1037595,116950.28731037596,76.08761639426346,grassPastureHay,NA,NA,NA,NA,NA,NA,NA,NA,NA,NA,0.8228757859663407,0.002254454208126961,10.512318558366355,24.082055764394287
2071,20197,Other Crops,29094649.42529061,2909.464942529061,1.8928919077573607,all_cult,NA,NA,NA,NA,NA,NA,NA,NA,NA,NA,0.8228757859663407,0.002254454208126961,10.512318558366355,24.082055764394287
2071,20197,Sorghum,3287931.385599168,328.7931385599168,0.21391213972326276,all_cult,Sorghum,NA,NA,112,36824.831518710685,2765.1972369384794,643.1805820149098,179.17624962020656,249.873844312174,5,0.8228757859663407,0.002254454208126961,10.512318558366355,24.082055764394287
2071,20197,Soybeans,83491332.16381498,8349.133216381497,5.431928899043218,all_cult,Soybeans,0.12942046457519057,22.77777777777778,56,467551.46011736384,2765.1972369384794,643.1805820149098,179.17624962020656,249.873844312174,5,0.8228757859663407,0.002254454208126961,10.512318558366355,24.082055764394287
2071,20197,Wheat,7530280.724868099,753.02807248681,0.4899185152185996,all_cult,Wheat,NA,NA,89,67019.49845132609,2511.917380371097,501.0952235385182,126.43228841203724,133.18998750050108,5,0.8228757859663407,0.002254454208126961,10.512318558366355,24.082055764394287
2071,20209,Corn,2798441.748604609,279.8441748604609,1.0907251789658858,all_cult,Corn,NA,NA,250,69961.04371511523,2850.22483093262,676.0827118813116,180.17587726179852,251.65485707833184,5,0.8806076566558438,0.002412623716865326,11.600856097495742,23.775800931747668
2071,20209,Developed,144515431.86680782,14451.543186680783,56.32656829996687,developed,NA,NA,NA,NA,NA,NA,NA,NA,NA,NA,0.8806076566558438,0.002412623716865326,11.600856097495742,23.775800931747668
2071,20209,Double Crop,152719.71803613545,15.271971803613546,0.05952428413764306,all_cult,NA,NA,NA,NA,NA,NA,NA,NA,NA,NA,0.8806076566558438,0.002412623716865326,11.600856097495742,23.775800931747668
2071,20209,Grass/Pasture/Shrubland,41083799.11850462,4108.379911850462,16.01288794682744,grassPastureHay,NA,NA,NA,NA,NA,NA,NA,NA,NA,NA,0.8806076566558438,0.002412623716865326,11.600856097495742,23.775800931747668
2071,20209,Other Crops,1959154.8527385148,195.91548527385146,0.7636033619211925,all_cult,NA,NA,NA,NA,NA,NA,NA,NA,NA,NA,0.8806076566558438,0.002412623716865326,11.600856097495742,23.775800931747668
2071,20209,Sorghum,54127.80426680527,5.412780426680527,0.02109694047602745,all_cult,Sorghum,NA,NA,112,606.231407788219,2850.22483093262,676.0827118813116,180.17587726179852,251.65485707833184,5,0.8806076566558438,0.002412623716865326,11.600856097495742,23.775800931747668
2071,20209,Soybeans,8244134.676247953,824.4134676247953,3.213247256139296,all_cult,Soybeans,0.14562756367793683,4.75,56,46167.15418698854,2850.22483093262,676.0827118813116,180.17587726179852,251.65485707833184,5,0.8806076566558438,0.002412623716865326,11.600856097495742,23.775800931747668
2071,20209,Wheat,234900.57353758038,23.49005735375804,0.09155522720411169,all_cult,Wheat,NA,NA,89,2090.6151044844655,2564.664954223636,520.7071425737165,139.65166334582003,126.19408474446466,5,0.8806076566558438,0.002412623716865326,11.600856097495742,23.775800931747668
2072,20005,Corn,172734778.84431297,17273.477884431297,23.078910848652363,all_cult,Corn,0.10724545034749912,6.181818181818182,250,4318369.471107824,2603.994857788089,887.4815684727187,189.11642612291783,235.88521088852195,5,1.082213988030827,0.002956868819756358,9.809438378172517,22.327249062126473
2072,20005,Developed,36578638.84791646,3657.863884791646,4.88723319405755,developed,NA,NA,NA,NA,NA,NA,NA,NA,NA,NA,1.082213988030827,0.002956868819756358,9.809438378172517,22.327249062126473
2072,20005,Double Crop,1451158.554832854,145.11585548328543,0.1938877575107932,all_cult,NA,NA,NA,NA,NA,NA,NA,NA,NA,NA,1.082213988030827,0.002956868819756358,9.809438378172517,22.327249062126473
2072,20005,Grass/Pasture/Shrubland,215288406.86893737,21528.840686893738,28.764456018176027,grassPastureHay,NA,NA,NA,NA,NA,NA,NA,NA,NA,NA,1.082213988030827,0.002956868819756358,9.809438378172517,22.327249062126473
2072,20005,Other Crops,29204979.705745928,2920.4979705745927,3.902046405912905,all_cult,NA,NA,NA,NA,NA,NA,NA,NA,NA,NA,1.082213988030827,0.002956868819756358,9.809438378172517,22.327249062126473
2072,20005,Sorghum,732239.3724075308,73.22393724075309,0.09783372699309156,all_cult,Sorghum,NA,NA,112,8201.080970964345,2603.994857788089,887.4815684727187,189.11642612291783,235.88521088852195,5,1.082213988030827,0.002956868819756358,9.809438378172517,22.327249062126473
2072,20005,Soybeans,181600576.65296197,18160.057665296197,24.263460703620524,all_cult,Soybeans,0.07483265359624193,5,56,1016963.2292565871,2603.994857788089,887.4815684727187,189.11642612291783,235.88521088852195,5,1.082213988030827,0.002956868819756358,9.809438378172517,22.327249062126473
2072,20005,Wheat,5908069.702597459,590.8069702597459,0.7893709354082403,all_cult,Wheat,NA,NA,89,52581.82035311738,2464.2416357421903,517.6491872815833,197.69678841077487,76.24784988514492,5,1.082213988030827,0.002956868819756358,9.809438378172517,22.327249062126473
2072,20013,Corn,113276297.82191704,11327.629782191703,25.36090350021212,all_cult,Corn,0.12646432205391206,17.5625,250,2831907.445547926,2557.9811627197296,861.3678978983351,181.2112202198861,219.15389632430765,5,1.0412584431993244,0.00284496842404187,9.270611255416476,22.214548229780377
2072,20013,Developed,24170977.38782201,2417.0977387822013,5.411527714315524,developed,NA,NA,NA,NA,NA,NA,NA,NA,NA,NA,1.0412584431993244,0.00284496842404187,9.270611255416476,22.214548229780377
2072,20013,Double Crop,542048.8992527233,54.20488992527234,0.12135680712267008,all_cult,NA,NA,NA,NA,NA,NA,NA,NA,NA,NA,1.0412584431993244,0.00284496842404187,9.270611255416476,22.214548229780377
2072,20013,Grass/Pasture/Shrubland,122499833.68113159,12249.983368113159,27.425918047421547,grassPastureHay,NA,NA,NA,NA,NA,NA,NA,NA,NA,NA,1.0412584431993244,0.00284496842404187,9.270611255416476,22.214548229780377
2072,20013,Other Crops,13090232.71280689,1309.023271280689,2.9307113227404837,all_cult,NA,NA,NA,NA,NA,NA,NA,NA,NA,NA,1.0412584431993244,0.00284496842404187,9.270611255416476,22.214548229780377
2072,20013,Sorghum,333636.9508835004,33.363695088350035,0.07469642527304013,all_cult,Sorghum,NA,NA,112,3736.733849895204,2557.9811627197296,861.3678978983351,181.2112202198861,219.15389632430765,5,1.0412584431993244,0.00284496842404187,9.270611255416476,22.214548229780377
2072,20013,Soybeans,123405327.24801578,12340.532724801578,27.62864479089188,all_cult,Soybeans,0.10147480973744562,10.461538461538462,56,691069.8325888884,2557.9811627197296,861.3678978983351,181.2112202198861,219.15389632430765,5,1.0412584431993244,0.00284496842404187,9.270611255416476,22.214548229780377
2072,20013,Wheat,3906288.4515680084,390.6288451568008,0.8745607542714157,all_cult,Wheat,NA,NA,89,34765.96721895527,2414.09801452637,509.49045764313627,187.7802116852626,74.4221038434509,5,1.0412584431993244,0.00284496842404187,9.270611255416476,22.214548229780377
2072,20045,Corn,74392843.99321488,7439.284399321487,7.631923083362056,all_cult,Corn,0.1459526935617447,11,250,1859821.0998303718,2691.869851074222,967.732814045058,202.52260405325268,257.3823198138853,5,1.1917876815607542,0.003256250496067634,10.673227887596612,22.723962202228506
2072,20045,Developed,130402436.2681122,13040.24362681122,13.37791795635647,developed,NA,NA,NA,NA,NA,NA,NA,NA,NA,NA,1.1917876815607542,0.003256250496067634,10.673227887596612,22.723962202228506
2072,20045,Double Crop,4220114.888463862,422.01148884638627,0.4329393864098648,all_cult,NA,NA,NA,NA,NA,NA,NA,NA,NA,NA,1.1917876815607542,0.003256250496067634,10.673227887596612,22.723962202228506
2072,20045,Grass/Pasture/Shrubland,354830010.0217444,35483.00100217444,36.40182575089523,grassPastureHay,NA,NA,NA,NA,NA,NA,NA,NA,NA,NA,1.1917876815607542,0.003256250496067634,10.673227887596612,22.723962202228506
2072,20045,Other Crops,37964614.628596716,3796.4614628596714,3.8947700233285687,all_cult,NA,NA,NA,NA,NA,NA,NA,NA,NA,NA,1.1917876815607542,0.003256250496067634,10.673227887596612,22.723962202228506
2072,20045,Sorghum,671055.755263424,67.1055755263424,0.06884326010288025,all_cult,Sorghum,NA,NA,112,7515.824458950349,2691.869851074222,967.732814045058,202.52260405325268,257.3823198138853,5,1.1917876815607542,0.003256250496067634,10.673227887596612,22.723962202228506
2072,20045,Soybeans,100028766.3995359,10002.876639953589,10.261898998705805,all_cult,Soybeans,0.11420951862362651,8.5,56,560161.091837401,2691.869851074222,967.732814045058,202.52260405325268,257.3823198138853,5,1.1917876815607542,0.003256250496067634,10.673227887596612,22.723962202228506
2072,20045,Wheat,7085783.937909698,708.5783937909698,0.7269268802840957,all_cult,Wheat,NA,NA,89,63063.477047396314,2549.055894775394,559.4293206359202,216.76948943954483,69.84248361248707,5,1.1917876815607542,0.003256250496067634,10.673227887596612,22.723962202228506
2072,20061,Corn,31722102.062803604,3172.21020628036,4.044269831598419,all_cult,Corn,0.16936452361704205,12.944444444444445,250,793052.55157009,2617.3313989257845,863.4302455669948,193.82375332808192,190.741608048681,5,1.0482050629171986,0.002863948259336608,9.787794302851799,22.83218678959083
2072,20061,Developed,61171563.9285717,6117.15639285717,7.798799400437711,developed,NA,NA,NA,NA,NA,NA,NA,NA,NA,NA,1.0482050629171986,0.002863948259336608,9.787794302851799,22.83218678959083
2072,20061,Double Crop,5604030.762346523,560.4030762346523,0.7144612454318694,all_cult,NA,NA,NA,NA,NA,NA,NA,NA,NA,NA,1.0482050629171986,0.002863948259336608,9.787794302851799,22.83218678959083
2072,20061,Grass/Pasture/Shrubland,476190220.2809351,47619.02202809351,60.70977699307564,grassPastureHay,NA,NA,NA,NA,NA,NA,NA,NA,NA,NA,1.0482050629171986,0.002863948259336608,9.787794302851799,22.83218678959083
2072,20061,Other Crops,18227803.79878525,1822.7803798785249,2.323873646638379,all_cult,NA,NA,NA,NA,NA,NA,NA,NA,NA,NA,1.0482050629171986,0.002863948259336608,9.787794302851799,22.83218678959083
2072,20061,Sorghum,5491901.736070833,549.1901736070832,0.7001658485721192,all_cult,Sorghum,NA,NA,112,61509.299443993325,2617.3313989257845,863.4302455669948,193.82375332808192,190.741608048681,5,1.0482050629171986,0.002863948259336608,9.787794302851799,22.83218678959083
2072,20061,Soybeans,39491221.54782481,3949.1221547824807,5.03475953777074,all_cult,Soybeans,0.12217913528938978,7.666666666666667,56,221150.8406678189,2617.3313989257845,863.4302455669948,193.82375332808192,190.741608048681,5,1.0482050629171986,0.002863948259336608,9.787794302851799,22.83218678959083
2072,20061,Wheat,15495075.277191846,1549.5075277191845,1.9754764472362665,all_cult,Wheat,NA,NA,89,137906.16996700742,2485.541817626956,508.7580863492789,210.84556627772767,79.46916767232995,5,1.0482050629171986,0.002863948259336608,9.787794302851799,22.83218678959083
2072,20085,Corn,134933024.35661882,13493.30243566188,7.9306511901880965,all_cult,Corn,NA,NA,250,3373325.60891547,2592.039887695316,873.8483546812156,191.82876574251165,231.47520864491295,5,1.068200710416399,0.0029185811760010904,9.607104800698558,22.470928404761164
2072,20085,Developed,75618361.35140783,7561.836135140783,4.444448275810096,developed,NA,NA,NA,NA,NA,NA,NA,NA,NA,NA,1.068200710416399,0.0029185811760010904,9.607104800698558,22.470928404761164
2072,20085,Double Crop,1864792.83802623,186.479283802623,0.10960268333762817,all_cult,NA,NA,NA,NA,NA,NA,NA,NA,NA,NA,1.068200710416399,0.0029185811760010904,9.607104800698558,22.470928404761164
2072,20085,Grass/Pasture/Shrubland,941187748.5802637,94118.77485802637,55.31804963283908,grassPastureHay,NA,NA,NA,NA,NA,NA,NA,NA,NA,NA,1.068200710416399,0.0029185811760010904,9.607104800698558,22.470928404761164
2072,20085,Other Crops,98052397.627671,9805.2397627671,5.7630025537076115,all_cult,NA,NA,NA,NA,NA,NA,NA,NA,NA,NA,1.068200710416399,0.0029185811760010904,9.607104800698558,22.470928404761164
2072,20085,Sorghum,4069081.398774073,406.9081398774073,0.23915913388905596,all_cult,Sorghum,NA,NA,112,45573.71166626961,2592.039887695316,873.8483546812156,191.82876574251165,231.47520864491295,5,1.068200710416399,0.0029185811760010904,9.607104800698558,22.470928404761164
2072,20085,Soybeans,170772946.2930534,17077.29462930534,10.037132690300496,all_cult,Soybeans,NA,NA,56,956328.499241099,2592.039887695316,873.8483546812156,191.82876574251165,231.47520864491295,5,1.068200710416399,0.0029185811760010904,9.607104800698558,22.470928404761164
2072,20085,Wheat,13725583.902961861,1372.5583902961862,0.8067173980208171,all_cult,Wheat,NA,NA,89,122157.69673636057,2456.9960717773465,508.79499249281486,200.36572657607235,77.33894275248022,5,1.068200710416399,0.0029185811760010904,9.607104800698558,22.470928404761164
2072,20087,Corn,155094058.297135,15509.4058297135,10.788896738521789,all_cult,Corn,0.13078338055311117,25.77777777777778,250,3877351.457428375,2635.840074462894,934.970674286474,198.2869250872676,258.28235450792437,5,1.1435079045136767,0.003124338536922614,10.196727631782597,22.465988292589888
2072,20087,Developed,83037617.78054704,8303.761778054704,5.7763933285619125,developed,NA,NA,NA,NA,NA,NA,NA,NA,NA,NA,1.1435079045136767,0.003124338536922614,10.196727631782597,22.465988292589888
2072,20087,Double Crop,3214015.8179615135,321.4015817961514,0.2235784217441099,all_cult,NA,NA,NA,NA,NA,NA,NA,NA,NA,NA,1.1435079045136767,0.003124338536922614,10.196727631782597,22.465988292589888
2072,20087,Grass/Pasture/Shrubland,533878677.1787268,53387.86771787268,37.138507962340775,grassPastureHay,NA,NA,NA,NA,NA,NA,NA,NA,NA,NA,1.1435079045136767,0.003124338536922614,10.196727631782597,22.465988292589888
2072,20087,Other Crops,67978226.39294052,6797.822639294052,4.728808266891807,all_cult,NA,NA,NA,NA,NA,NA,NA,NA,NA,NA,1.1435079045136767,0.003124338536922614,10.196727631782597,22.465988292589888
2072,20087,Sorghum,2078940.1655916602,207.89401655916603,0.1446185045281528,all_cult,Sorghum,NA,NA,112,23284.129854626597,2635.840074462894,934.970674286474,198.2869250872676,258.28235450792437,5,1.1435079045136767,0.003124338536922614,10.196727631782597,22.465988292589888
2072,20087,Soybeans,173639107.61438552,17363.91076143855,12.078956617613274,all_cult,Soybeans,0.09985991575255485,13.833333333333334,56,972379.0026405589,2635.840074462894,934.970674286474,198.2869250872676,258.28235450792437,5,1.1435079045136767,0.003124338536922614,10.196727631782597,22.465988292589888
2072,20087,Wheat,7377427.0278590415,737.7427027859042,0.5132001784817648,all_cult,Wheat,NA,NA,89,65659.10054794548,2502.526690673831,538.0063046029917,207.4223682382853,79.02618554941797,5,1.1435079045136767,0.003124338536922614,10.196727631782597,22.465988292589888
2072,20091,Corn,20137063.169311535,2013.7063169311532,3.334881975218613,all_cult,Corn,0.14955141172933145,4,250,503426.5792327883,2699.284955444339,1006.3988078592212,199.92983666588523,274.26602710112445,5,1.2469542932819895,0.003406978943393414,10.856719687206521,22.594463510982347
2072,20091,Developed,271607528.4848879,27160.752848488788,44.98069273866694,developed,NA,NA,NA,NA,NA,NA,NA,NA,NA,NA,1.2469542932819895,0.003406978943393414,10.856719687206521,22.594463510982347
2072,20091,Double Crop,2013905.6882216034,201.39056882216036,0.3335212152324038,all_cult,NA,NA,NA,NA,NA,NA,NA,NA,NA,NA,1.2469542932819895,0.003406978943393414,10.856719687206521,22.594463510982347
2072,20091,Grass/Pasture/Shrubland,139667491.4795437,13966.749147954368,23.130214964462166,grassPastureHay,NA,NA,NA,NA,NA,NA,NA,NA,NA,NA,1.2469542932819895,0.003406978943393414,10.856719687206521,22.594463510982347
2072,20091,Other Crops,14581458.923742233,1458.1458923742232,2.4148230617504245,all_cult,NA,NA,NA,NA,NA,NA,NA,NA,NA,NA,1.2469542932819895,0.003406978943393414,10.856719687206521,22.594463510982347
2072,20091,Sorghum,265245.84730308503,26.524584730308504,0.043927140106542625,all_cult,Sorghum,NA,NA,112,2970.7534897945525,2699.284955444339,1006.3988078592212,199.92983666588523,274.26602710112445,5,1.2469542932819895,0.003406978943393414,10.856719687206521,22.594463510982347
2072,20091,Soybeans,40506888.73460731,4050.688873460731,6.708311533684595,all_cult,Soybeans,NA,NA,56,226838.57691380093,2699.284955444339,1006.3988078592212,199.92983666588523,274.26602710112445,5,1.2469542932819895,0.003406978943393414,10.856719687206521,22.594463510982347
2072,20091,Wheat,3047090.5931461067,304.70905931461067,0.5046260922212007,all_cult,Wheat,NA,NA,89,27119.10627900035,2553.896055908206,583.330773130195,214.65728814019917,62.2443884428356,5,1.2469542932819895,0.003406978943393414,10.856719687206521,22.594463510982347
2072,20103,Corn,55676654.53817842,5567.665453817842,6.162232243462533,all_cult,Corn,0.09926099891867379,4.75,250,1391916.3634544604,2670.460833129886,960.1739776198418,195.49580321893,275.55158483148296,5,1.1846785470940413,0.0032368266314044846,10.517654235506342,22.561176270865374
2072,20103,Developed,66222526.18511143,6622.252618511144,7.329437975150055,developed,NA,NA,NA,NA,NA,NA,NA,NA,NA,NA,1.1846785470940413,0.0032368266314044846,10.517654235506342,22.561176270865374
2072,20103,Double Crop,2239300.7972116056,223.93007972116058,0.2478434038440015,all_cult,NA,NA,NA,NA,NA,NA,NA,NA,NA,NA,1.1846785470940413,0.0032368266314044846,10.517654235506342,22.561176270865374
2072,20103,Grass/Pasture/Shrubland,361083573.13099504,36108.3573130995,39.96434152498699,grassPastureHay,NA,NA,NA,NA,NA,NA,NA,NA,NA,NA,1.1846785470940413,0.0032368266314044846,10.517654235506342,22.561176270865374
2072,20103,Other Crops,54377617.6404599,5437.76176404599,6.018456236750789,all_cult,NA,NA,NA,NA,NA,NA,NA,NA,NA,NA,1.1846785470940413,0.0032368266314044846,10.517654235506342,22.561176270865374
2072,20103,Sorghum,567901.3203360821,56.79013203360822,0.06285470735100035,all_cult,Sorghum,NA,NA,112,6360.494787764121,2670.460833129886,960.1739776198418,195.49580321893,275.55158483148296,5,1.1846785470940413,0.0032368266314044846,10.517654235506342,22.561176270865374
2072,20103,Soybeans,101039226.18326606,10103.922618326606,11.18291288522158,all_cult,Soybeans,0.11410095968932568,4.571428571428571,56,565819.66662629,2670.460833129886,960.1739776198418,195.49580321893,275.55158483148296,5,1.1846785470940413,0.0032368266314044846,10.517654235506342,22.561176270865374
2072,20103,Wheat,4817340.8524583215,481.7340852458321,0.5331781044497215,all_cult,Wheat,NA,NA,89,42874.33358687905,2530.1662078857453,546.9073237922918,208.42003447525113,72.24814723278202,5,1.1846785470940413,0.0032368266314044846,10.517654235506342,22.561176270865374
2072,20117,Corn,1797933.5665907045,179.79335665907044,8.787790125047634,all_cult,Corn,0.16261062771687598,15.722222222222221,250,44948.33916476761,2531.411985473636,840.7277279467997,186.37108155687432,229.16620778566175,5,1.0113097034334764,0.002763141266211684,9.096679762543248,22.075293235570378
2072,20117,Developed,709093.4285035765,70.90934285035766,3.465847873654197,developed,NA,NA,NA,NA,NA,NA,NA,NA,NA,NA,1.0113097034334764,0.002763141266211684,9.096679762543248,22.075293235570378
2072,20117,Double Crop,17005.082052877187,1.700508205287719,0.08311602548433755,all_cult,NA,NA,NA,NA,NA,NA,NA,NA,NA,NA,1.0113097034334764,0.002763141266211684,9.096679762543248,22.075293235570378
2072,20117,Grass/Pasture/Shrubland,13608757.209524421,1360.8757209524422,66.51575143947134,grassPastureHay,NA,NA,NA,NA,NA,NA,NA,NA,NA,NA,1.0113097034334764,0.002763141266211684,9.096679762543248,22.075293235570378
2072,20117,Other Crops,368569.7378671669,36.856973786716694,1.801464505144208,all_cult,NA,NA,NA,NA,NA,NA,NA,NA,NA,NA,1.0113097034334764,0.002763141266211684,9.096679762543248,22.075293235570378
2072,20117,Sorghum,113210.96189225193,11.321096189225193,0.5533431220433721,all_cult,Sorghum,NA,NA,112,1267.9627731932217,2531.411985473636,840.7277279467997,186.37108155687432,229.16620778566175,5,1.0113097034334764,0.002763141266211684,9.096679762543248,22.075293235570378
2072,20117,Soybeans,2250086.8872694396,225.00868872694397,10.99778751332857,all_cult,Soybeans,0.12228514283699721,8.25,56,12600.486568708862,2531.411985473636,840.7277279467997,186.37108155687432,229.16620778566175,5,1.0113097034334764,0.002763141266211684,9.096679762543248,22.075293235570378
2072,20117,Wheat,234744.84118524572,23.474484118524572,1.1473663074132867,all_cult,Wheat,NA,NA,89,2089.229086548687,2389.9030682373077,481.7840385386411,191.35719532725537,68.61777046633594,5,1.0113097034334764,0.002763141266211684,9.096679762543248,22.075293235570378
2072,20127,Corn,10941387.892613748,1094.1387892613748,4.064821675495574,all_cult,Corn,NA,NA,250,273534.6973153437,2629.2447912597686,866.9206787214493,191.4063825450797,200.6589269724983,5,1.0561004553590898,0.0028855203698335795,9.866364200779673,22.886214109326996
2072,20127,Developed,12128694.282144045,1212.8694282144045,4.50591642462472,developed,NA,NA,NA,NA,NA,NA,NA,NA,NA,NA,1.0561004553590898,0.0028855203698335795,9.866364200779673,22.886214109326996
2072,20127,Double Crop,4499199.088895911,449.9199088895911,1.671491967784096,all_cult,NA,NA,NA,NA,NA,NA,NA,NA,NA,NA,1.0561004553590898,0.0028855203698335795,9.866364200779673,22.886214109326996
2072,20127,Grass/Pasture/Shrubland,158101691.18434784,15810.169118434784,58.73616652348874,grassPastureHay,NA,NA,NA,NA,NA,NA,NA,NA,NA,NA,1.0561004553590898,0.0028855203698335795,9.866364200779673,22.886214109326996
2072,20127,Other Crops,10981377.128665583,1098.1377128665583,4.079678027823576,all_cult,NA,NA,NA,NA,NA,NA,NA,NA,NA,NA,1.0561004553590898,0.0028855203698335795,9.866364200779673,22.886214109326996
2072,20127,Sorghum,7272388.587591114,727.2388587591115,2.701756217181813,all_cult,Sorghum,NA,NA,112,81450.75218102049,2629.2447912597686,866.9206787214493,191.4063825450797,200.6589269724983,5,1.0561004553590898,0.0028855203698335795,9.866364200779673,22.886214109326996
2072,20127,Soybeans,28686301.015498407,2868.6301015498407,10.657212713965244,all_cult,Soybeans,0.11686486262093489,4,56,160643.2856867911,2629.2447912597686,866.9206787214493,191.4063825450797,200.6589269724983,5,1.0561004553590898,0.0028855203698335795,9.866364200779673,22.886214109326996
2072,20127,Wheat,20934850.636842933,2093.485063684293,7.777480834890052,all_cult,Wheat,NA,NA,89,186320.17066790207,2491.8808227539093,517.5096462230902,216.4620364843801,72.29191545276178,5,1.0561004553590898,0.0028855203698335795,9.866364200779673,22.886214109326996
2072,20131,Corn,124792211.963085,12479.2211963085,16.444051346315263,all_cult,Corn,0.12528513936677563,9.454545454545455,250,3119805.299077125,2528.7377770996127,844.8842007931867,182.8580049462824,218.38388536658215,5,1.0205289384511163,0.002788330432926548,9.076013058521731,21.99841086799332
2072,20131,Developed,34827921.40223819,3482.792140223819,4.589325878711502,developed,NA,NA,NA,NA,NA,NA,NA,NA,NA,NA,1.0205289384511163,0.002788330432926548,9.076013058521731,21.99841086799332
2072,20131,Double Crop,1288597.7379512293,128.85977379512295,0.1698003988733199,all_cult,NA,NA,NA,NA,NA,NA,NA,NA,NA,NA,1.0205289384511163,0.002788330432926548,9.076013058521731,21.99841086799332
2072,20131,Grass/Pasture/Shrubland,328086582.4549448,32808.65824549448,43.232446344665604,grassPastureHay,NA,NA,NA,NA,NA,NA,NA,NA,NA,NA,1.0205289384511163,0.002788330432926548,9.076013058521731,21.99841086799332
2072,20131,Other Crops,27101730.321978156,2710.1730321978157,3.5712344382550913,all_cult,NA,NA,NA,NA,NA,NA,NA,NA,NA,NA,1.0205289384511163,0.002788330432926548,9.076013058521731,21.99841086799332
2072,20131,Sorghum,2055671.3741418559,205.5671374141856,0.2708788080264065,all_cult,Sorghum,NA,NA,112,23023.519390388785,2528.7377770996127,844.8842007931867,182.8580049462824,218.38388536658215,5,1.0205289384511163,0.002788330432926548,9.076013058521731,21.99841086799332
2072,20131,Soybeans,136674912.54505298,13667.491254505298,18.00985209164201,all_cult,Soybeans,0.1067341402930363,5.142857142857143,56,765379.5102522967,2528.7377770996127,844.8842007931867,182.8580049462824,218.38388536658215,5,1.0205289384511163,0.002788330432926548,9.076013058521731,21.99841086799332
2072,20131,Wheat,9588450.555545796,958.8450555545795,1.2634840811511674,all_cult,Wheat,NA,NA,89,85337.20994435757,2380.662683105472,493.7573205732864,187.12619637140708,69.13614819157543,5,1.0205289384511163,0.002788330432926548,9.076013058521731,21.99841086799332
2072,20139,Corn,20890964.22588984,2089.096422588984,9.4988079569725965,all_cult,Corn,NA,NA,250,522274.10564724595,2660.3756970214877,935.3728044775252,204.265858757417,208.70225035076533,5,1.1606319615734202,0.0031711255780694537,10.30152703790719,22.69875703405164
2072,20139,Developed,11858545.489950646,1185.8545489950645,5.391902692479325,developed,NA,NA,NA,NA,NA,NA,NA,NA,NA,NA,1.1606319615734202,0.0031711255780694537,10.30152703790719,22.69875703405164
2072,20139,Double Crop,1849135.1156913848,184.91351156913848,0.8407739901578724,all_cult,NA,NA,NA,NA,NA,NA,NA,NA,NA,NA,1.1606319615734202,0.0031711255780694537,10.30152703790719,22.69875703405164
2072,20139,Grass/Pasture/Shrubland,108139234.26990536,10813.923426990536,49.1692871538651,grassPastureHay,NA,NA,NA,NA,NA,NA,NA,NA,NA,NA,1.1606319615734202,0.0031711255780694537,10.30152703790719,22.69875703405164
2072,20139,Other Crops,6302951.103083336,630.2951103083336,2.86585728849129,all_cult,NA,NA,NA,NA,NA,NA,NA,NA,NA,NA,1.1606319615734202,0.0031711255780694537,10.30152703790719,22.69875703405164
2072,20139,Sorghum,252758.48461129973,25.27584846112997,0.11492549021948671,all_cult,Sorghum,NA,NA,112,2830.8950276465566,2660.3756970214877,935.3728044775252,204.265858757417,208.70225035076533,5,1.1606319615734202,0.0031711255780694537,10.30152703790719,22.69875703405164
2072,20139,Soybeans,28064514.38751116,2806.4514387511163,12.76051357372463,all_cult,Soybeans,NA,NA,56,157161.28057006252,2660.3756970214877,935.3728044775252,204.265858757417,208.70225035076533,5,1.1606319615734202,0.0031711255780694537,10.30152703790719,22.69875703405164
2072,20139,Wheat,1738320.944623076,173.8320944623076,0.7903884493801757,all_cult,Wheat,NA,NA,89,15471.056407145375,2521.9242041015655,549.7539310472581,219.13005075900452,64.71568782081258,5,1.1606319615734202,0.0031711255780694537,10.30152703790719,22.69875703405164
2072,20149,Corn,136791901.8519852,13679.190185198519,7.982141503627487,all_cult,Corn,0.1326174661314905,62.44444444444444,250,3419797.54629963,2591.636597290042,853.55805758643,192.11594276635464,216.46626159302272,5,1.0295204063696526,0.002812897285162985,9.540459171149271,22.579208690872633
2072,20149,Developed,87781477.02653997,8778.147702653996,5.122263537072818,developed,NA,NA,NA,NA,NA,NA,NA,NA,NA,NA,1.0295204063696526,0.002812897285162985,9.540459171149271,22.579208690872633
2072,20149,Double Crop,1803166.4492782145,180.31664492782144,0.1052191654466961,all_cult,NA,NA,NA,NA,NA,NA,NA,NA,NA,NA,1.0295204063696526,0.002812897285162985,9.540459171149271,22.579208690872633
2072,20149,Grass/Pasture/Shrubland,1058221194.9777538,105822.11949777538,61.749790785057485,grassPastureHay,NA,NA,NA,NA,NA,NA,NA,NA,NA,NA,1.0295204063696526,0.002812897285162985,9.540459171149271,22.579208690872633
2072,20149,Other Crops,34485813.7618199,3448.58137618199,2.012331443512244,all_cult,NA,NA,NA,NA,NA,NA,NA,NA,NA,NA,1.0295204063696526,0.002812897285162985,9.540459171149271,22.579208690872633
2072,20149,Sorghum,5647082.09049503,564.708209049503,0.3295210295248753,all_cult,Sorghum,NA,NA,112,63247.319413544334,2591.636597290042,853.55805758643,192.11594276635464,216.46626159302272,5,1.0295204063696526,0.002812897285162985,9.540459171149271,22.579208690872633
2072,20149,Soybeans,153915907.33370754,15391.590733370755,8.98136903839706,all_cult,Soybeans,0.11392545848870632,51.611111111111114,56,861929.0810687622,2591.636597290042,853.55805758643,192.11594276635464,216.46626159302272,5,1.0295204063696526,0.002812897285162985,9.540459171149271,22.579208690872633
2072,20149,Wheat,13424373.002870617,1342.4373002870618,0.7833449455387832,all_cult,Wheat,NA,NA,89,119476.9197255485,2457.0472918701203,493.2612166929623,201.26235437258333,70.6220265163653,5,1.0295204063696526,0.002812897285162985,9.540459171149271,22.579208690872633
2072,20161,Corn,29887562.457934357,2988.756245793436,3.7374801575206362,all_cult,Corn,0.14127372152863188,12.444444444444445,250,747189.0614483589,2606.637365722659,838.7546375212652,190.63064894948897,196.13170952887717,5,1.0128125777162342,0.002767247480099001,9.630811072177597,22.837559667701953
2072,20161,Developed,93189704.06140432,9318.970406140432,11.653498685445852,developed,NA,NA,NA,NA,NA,NA,NA,NA,NA,NA,1.0128125777162342,0.002767247480099001,9.630811072177597,22.837559667701953
2072,20161,Double Crop,2321662.5391971655,232.16625391971652,0.2903270443991936,all_cult,NA,NA,NA,NA,NA,NA,NA,NA,NA,NA,1.0128125777162342,0.002767247480099001,9.630811072177597,22.837559667701953
2072,20161,Grass/Pasture/Shrubland,421935273.9416269,42193.527394162695,52.76357736882686,grassPastureHay,NA,NA,NA,NA,NA,NA,NA,NA,NA,NA,1.0128125777162342,0.002767247480099001,9.630811072177597,22.837559667701953
2072,20161,Other Crops,10313350.483787943,1031.3350483787942,1.2896984437913022,all_cult,NA,NA,NA,NA,NA,NA,NA,NA,NA,NA,1.0128125777162342,0.002767247480099001,9.630811072177597,22.837559667701953
2072,20161,Sorghum,8046145.345421317,804.6145345421318,1.0061813711092988,all_cult,Sorghum,NA,NA,112,90116.82786871876,2606.637365722659,838.7546375212652,190.63064894948897,196.13170952887717,5,1.0128125777162342,0.002767247480099001,9.630811072177597,22.837559667701953
2072,20161,Soybeans,56043067.26954317,5604.306726954317,7.008261452613234,all_cult,Soybeans,0.12420661341954765,10.38888888888889,56,313841.17670944176,2606.637365722659,838.7546375212652,190.63064894948897,196.13170952887717,5,1.0128125777162342,0.002767247480099001,9.630811072177597,22.837559667701953
2072,20161,Wheat,14763447.35949416,1476.3447359494162,1.8461890841841313,all_cult,Wheat,NA,NA,89,131394.68149949805,2476.1559564209015,485.2522180491931,204.29485062686905,67.75125373958551,5,1.0128125777162342,0.002767247480099001,9.630811072177597,22.837559667701953
2072,20177,Corn,132475537.80653152,13247.553780653152,9.091050553311547,all_cult,Corn,0.12030458771317423,83,250,3311888.445163288,2648.922120971683,906.3615255922184,204.1980683017255,219.45412609497495,5,1.1172907871153566,0.0030527070686211925,10.206632820504634,22.645034740010267
2072,20177,Developed,255013934.0237044,25501.393402370442,17.50017100813045,developed,NA,NA,NA,NA,NA,NA,NA,NA,NA,NA,1.1172907871153566,0.0030527070686211925,10.206632820504634,22.645034740010267
2072,20177,Double Crop,2797246.7569815805,279.7246756981581,0.19195930130847558,all_cult,NA,NA,NA,NA,NA,NA,NA,NA,NA,NA,1.1172907871153566,0.0030527070686211925,10.206632820504634,22.645034740010267
2072,20177,Grass/Pasture/Shrubland,626083355.6398722,62608.33556398722,42.96457693964075,grassPastureHay,NA,NA,NA,NA,NA,NA,NA,NA,NA,NA,1.1172907871153566,0.0030527070686211925,10.206632820504634,22.645034740010267
2072,20177,Other Crops,33361526.081880283,3336.1526081880284,2.289413767762353,all_cult,NA,NA,NA,NA,NA,NA,NA,NA,NA,NA,1.1172907871153566,0.0030527070686211925,10.206632820504634,22.645034740010267
2072,20177,Sorghum,2303954.5452317544,230.39545452317543,0.15810743319134585,all_cult,Sorghum,NA,NA,112,25804.29090659565,2648.922120971683,906.3615255922184,204.1980683017255,219.45412609497495,5,1.1172907871153566,0.0030527070686211925,10.206632820504634,22.645034740010267
2072,20177,Soybeans,145627766.023613,14562.7766023613,9.993613951731533,all_cult,Soybeans,0.09768281806034469,42.833333333333336,56,815515.4897322329,2648.922120971683,906.3615255922184,204.1980683017255,219.45412609497495,5,1.1172907871153566,0.0030527070686211925,10.206632820504634,22.645034740010267
2072,20177,Wheat,9565647.685078032,956.5647685078033,0.656436562704971,all_cult,Wheat,NA,NA,89,85134.26439719449,2515.0499029541047,529.7062832610479,214.19933765051556,71.86572745797645,5,1.1172907871153566,0.0030527070686211925,10.206632820504634,22.645034740010267
2072,20197,Corn,69733578.79693311,6973.357879693312,4.536852294529976,all_cult,Corn,0.14186117514330646,28.666666666666668,250,1743339.469923328,2625.876728515628,886.6949562051442,200.52634632575652,195.42573203887287,5,1.087193278560282,0.0029704734386892953,9.885895534161033,22.71296094883989
2072,20197,Developed,54289406.85937861,5428.940685937861,3.5320576446519008,developed,NA,NA,NA,NA,NA,NA,NA,NA,NA,NA,1.087193278560282,0.0029704734386892953,9.885895534161033,22.71296094883989
2072,20197,Double Crop,1125869.9276987636,112.58699276987635,0.07324886594013556,all_cult,NA,NA,NA,NA,NA,NA,NA,NA,NA,NA,1.087193278560282,0.0029704734386892953,9.885895534161033,22.71296094883989
2072,20197,Grass/Pasture/Shrubland,1169502873.1037595,116950.28731037596,76.08761639426346,grassPastureHay,NA,NA,NA,NA,NA,NA,NA,NA,NA,NA,1.087193278560282,0.0029704734386892953,9.885895534161033,22.71296094883989
2072,20197,Other Crops,29094649.42529061,2909.464942529061,1.8928919077573607,all_cult,NA,NA,NA,NA,NA,NA,NA,NA,NA,NA,1.087193278560282,0.0029704734386892953,9.885895534161033,22.71296094883989
2072,20197,Sorghum,3287931.385599168,328.7931385599168,0.21391213972326276,all_cult,Sorghum,NA,NA,112,36824.831518710685,2625.876728515628,886.6949562051442,200.52634632575652,195.42573203887287,5,1.087193278560282,0.0029704734386892953,9.885895534161033,22.71296094883989
2072,20197,Soybeans,83491332.16381498,8349.133216381497,5.431928899043218,all_cult,Soybeans,0.12942046457519057,22.77777777777778,56,467551.46011736384,2625.876728515628,886.6949562051442,200.52634632575652,195.42573203887287,5,1.087193278560282,0.0029704734386892953,9.885895534161033,22.71296094883989
2072,20197,Wheat,7530280.724868099,753.02807248681,0.4899185152185996,all_cult,Wheat,NA,NA,89,67019.49845132609,2490.4532025146514,525.084649704832,213.25981396894963,72.42932743985894,5,1.087193278560282,0.0029704734386892953,9.885895534161033,22.71296094883989
2072,20209,Corn,2798441.748604609,279.8441748604609,1.0907251789658858,all_cult,Corn,NA,NA,250,69961.04371511523,2703.8658044433623,981.2432420811076,198.01802100362949,259.28963881886534,5,1.211155984613872,0.0033091693568685033,10.895668738526748,22.45082550882644
2072,20209,Developed,144515431.86680782,14451.543186680783,56.32656829996687,developed,NA,NA,NA,NA,NA,NA,NA,NA,NA,NA,1.211155984613872,0.0033091693568685033,10.895668738526748,22.45082550882644
2072,20209,Double Crop,152719.71803613545,15.271971803613546,0.05952428413764306,all_cult,NA,NA,NA,NA,NA,NA,NA,NA,NA,NA,1.211155984613872,0.0033091693568685033,10.895668738526748,22.45082550882644
2072,20209,Grass/Pasture/Shrubland,41083799.11850462,4108.379911850462,16.01288794682744,grassPastureHay,NA,NA,NA,NA,NA,NA,NA,NA,NA,NA,1.211155984613872,0.0033091693568685033,10.895668738526748,22.45082550882644
2072,20209,Other Crops,1959154.8527385148,195.91548527385146,0.7636033619211925,all_cult,NA,NA,NA,NA,NA,NA,NA,NA,NA,NA,1.211155984613872,0.0033091693568685033,10.895668738526748,22.45082550882644
2072,20209,Sorghum,54127.80426680527,5.412780426680527,0.02109694047602745,all_cult,Sorghum,NA,NA,112,606.231407788219,2703.8658044433623,981.2432420811076,198.01802100362949,259.28963881886534,5,1.211155984613872,0.0033091693568685033,10.895668738526748,22.45082550882644
2072,20209,Soybeans,8244134.676247953,824.4134676247953,3.213247256139296,all_cult,Soybeans,0.14562756367793683,4.75,56,46167.15418698854,2703.8658044433623,981.2432420811076,198.01802100362949,259.28963881886534,5,1.211155984613872,0.0033091693568685033,10.895668738526748,22.45082550882644
2072,20209,Wheat,234900.57353758038,23.49005735375804,0.09155522720411169,all_cult,Wheat,NA,NA,89,2090.6151044844655,2544.2723266601593,565.7439914979465,210.4297630519408,68.93167195347058,5,1.211155984613872,0.0033091693568685033,10.895668738526748,22.45082550882644
2073,20005,Corn,172734778.84431297,17273.477884431297,23.078910848652363,all_cult,Corn,0.10724545034749912,6.181818181818182,250,4318369.471107824,2686.025914916995,715.8191590663672,199.6576183912459,189.82618297218153,5,0.9198650351148778,0.002520178178396926,9.93501834399082,22.76267402544416
2073,20005,Developed,36578638.84791646,3657.863884791646,4.88723319405755,developed,NA,NA,NA,NA,NA,NA,NA,NA,NA,NA,0.9198650351148778,0.002520178178396926,9.93501834399082,22.76267402544416
2073,20005,Double Crop,1451158.554832854,145.11585548328543,0.1938877575107932,all_cult,NA,NA,NA,NA,NA,NA,NA,NA,NA,NA,0.9198650351148778,0.002520178178396926,9.93501834399082,22.76267402544416
2073,20005,Grass/Pasture/Shrubland,215288406.86893737,21528.840686893738,28.764456018176027,grassPastureHay,NA,NA,NA,NA,NA,NA,NA,NA,NA,NA,0.9198650351148778,0.002520178178396926,9.93501834399082,22.76267402544416
2073,20005,Other Crops,29204979.705745928,2920.4979705745927,3.902046405912905,all_cult,NA,NA,NA,NA,NA,NA,NA,NA,NA,NA,0.9198650351148778,0.002520178178396926,9.93501834399082,22.76267402544416
2073,20005,Sorghum,732239.3724075308,73.22393724075309,0.09783372699309156,all_cult,Sorghum,NA,NA,112,8201.080970964345,2686.025914916995,715.8191590663672,199.6576183912459,189.82618297218153,5,0.9198650351148778,0.002520178178396926,9.93501834399082,22.76267402544416
2073,20005,Soybeans,181600576.65296197,18160.057665296197,24.263460703620524,all_cult,Soybeans,0.07483265359624193,5,56,1016963.2292565871,2686.025914916995,715.8191590663672,199.6576183912459,189.82618297218153,5,0.9198650351148778,0.002520178178396926,9.93501834399082,22.76267402544416
2073,20005,Wheat,5908069.702597459,590.8069702597459,0.7893709354082403,all_cult,Wheat,NA,NA,89,52581.82035311738,2475.287478637698,457.7954576484798,259.9059781404936,179.94926306230386,5,0.9198650351148778,0.002520178178396926,9.93501834399082,22.76267402544416
2073,20013,Corn,113276297.82191704,11327.629782191703,25.36090350021212,all_cult,Corn,0.12646432205391206,17.5625,250,2831907.445547926,2641.7356817626983,684.5626666583266,200.05263989476063,173.18224394084763,5,0.8829499195080583,0.0024190408753645433,9.378753001591953,22.701828362451863
2073,20013,Developed,24170977.38782201,2417.0977387822013,5.411527714315524,developed,NA,NA,NA,NA,NA,NA,NA,NA,NA,NA,0.8829499195080583,0.0024190408753645433,9.378753001591953,22.701828362451863
2073,20013,Double Crop,542048.8992527233,54.20488992527234,0.12135680712267008,all_cult,NA,NA,NA,NA,NA,NA,NA,NA,NA,NA,0.8829499195080583,0.0024190408753645433,9.378753001591953,22.701828362451863
2073,20013,Grass/Pasture/Shrubland,122499833.68113159,12249.983368113159,27.425918047421547,grassPastureHay,NA,NA,NA,NA,NA,NA,NA,NA,NA,NA,0.8829499195080583,0.0024190408753645433,9.378753001591953,22.701828362451863
2073,20013,Other Crops,13090232.71280689,1309.023271280689,2.9307113227404837,all_cult,NA,NA,NA,NA,NA,NA,NA,NA,NA,NA,0.8829499195080583,0.0024190408753645433,9.378753001591953,22.701828362451863
2073,20013,Sorghum,333636.9508835004,33.363695088350035,0.07469642527304013,all_cult,Sorghum,NA,NA,112,3736.733849895204,2641.7356817626983,684.5626666583266,200.05263989476063,173.18224394084763,5,0.8829499195080583,0.0024190408753645433,9.378753001591953,22.701828362451863
2073,20013,Soybeans,123405327.24801578,12340.532724801578,27.62864479089188,all_cult,Soybeans,0.10147480973744562,10.461538461538462,56,691069.8325888884,2641.7356817626983,684.5626666583266,200.05263989476063,173.18224394084763,5,0.8829499195080583,0.0024190408753645433,9.378753001591953,22.701828362451863
2073,20013,Wheat,3906288.4515680084,390.6288451568008,0.8745607542714157,all_cult,Wheat,NA,NA,89,34765.96721895527,2430.3919256591826,453.0020854536361,263.74584208258983,178.2181669462409,5,0.8829499195080583,0.0024190408753645433,9.378753001591953,22.701828362451863
2073,20045,Corn,74392843.99321488,7439.284399321487,7.631923083362056,all_cult,Corn,0.1459526935617447,11,250,1859821.0998303718,2765.380646972659,723.630528779713,195.2384086792547,244.1790209774764,5,0.9600386682039324,0.002630242926586116,10.789827905942339,23.085262568225623
2073,20045,Developed,130402436.2681122,13040.24362681122,13.37791795635647,developed,NA,NA,NA,NA,NA,NA,NA,NA,NA,NA,0.9600386682039324,0.002630242926586116,10.789827905942339,23.085262568225623
2073,20045,Double Crop,4220114.888463862,422.01148884638627,0.4329393864098648,all_cult,NA,NA,NA,NA,NA,NA,NA,NA,NA,NA,0.9600386682039324,0.002630242926586116,10.789827905942339,23.085262568225623
2073,20045,Grass/Pasture/Shrubland,354830010.0217444,35483.00100217444,36.40182575089523,grassPastureHay,NA,NA,NA,NA,NA,NA,NA,NA,NA,NA,0.9600386682039324,0.002630242926586116,10.789827905942339,23.085262568225623
2073,20045,Other Crops,37964614.628596716,3796.4614628596714,3.8947700233285687,all_cult,NA,NA,NA,NA,NA,NA,NA,NA,NA,NA,0.9600386682039324,0.002630242926586116,10.789827905942339,23.085262568225623
2073,20045,Sorghum,671055.755263424,67.1055755263424,0.06884326010288025,all_cult,Sorghum,NA,NA,112,7515.824458950349,2765.380646972659,723.630528779713,195.2384086792547,244.1790209774764,5,0.9600386682039324,0.002630242926586116,10.789827905942339,23.085262568225623
2073,20045,Soybeans,100028766.3995359,10002.876639953589,10.261898998705805,all_cult,Soybeans,0.11420951862362651,8.5,56,560161.091837401,2765.380646972659,723.630528779713,195.2384086792547,244.1790209774764,5,0.9600386682039324,0.002630242926586116,10.789827905942339,23.085262568225623
2073,20045,Wheat,7085783.937909698,708.5783937909698,0.7269268802840957,all_cult,Wheat,NA,NA,89,63063.477047396314,2562.3247869873076,463.0389611309683,245.91231081037336,173.05295923337908,5,0.9600386682039324,0.002630242926586116,10.789827905942339,23.085262568225623
2073,20061,Corn,31722102.062803604,3172.21020628036,4.044269831598419,all_cult,Corn,0.16936452361704205,12.944444444444445,250,793052.55157009,2703.873981323245,623.8478725452883,213.80005456207397,224.24065157720403,5,0.8174296248284625,0.0022395332187081164,9.986687162216418,23.28638795617511
2073,20061,Developed,61171563.9285717,6117.15639285717,7.798799400437711,developed,NA,NA,NA,NA,NA,NA,NA,NA,NA,NA,0.8174296248284625,0.0022395332187081164,9.986687162216418,23.28638795617511
2073,20061,Double Crop,5604030.762346523,560.4030762346523,0.7144612454318694,all_cult,NA,NA,NA,NA,NA,NA,NA,NA,NA,NA,0.8174296248284625,0.0022395332187081164,9.986687162216418,23.28638795617511
2073,20061,Grass/Pasture/Shrubland,476190220.2809351,47619.02202809351,60.70977699307564,grassPastureHay,NA,NA,NA,NA,NA,NA,NA,NA,NA,NA,0.8174296248284625,0.0022395332187081164,9.986687162216418,23.28638795617511
2073,20061,Other Crops,18227803.79878525,1822.7803798785249,2.323873646638379,all_cult,NA,NA,NA,NA,NA,NA,NA,NA,NA,NA,0.8174296248284625,0.0022395332187081164,9.986687162216418,23.28638795617511
2073,20061,Sorghum,5491901.736070833,549.1901736070832,0.7001658485721192,all_cult,Sorghum,NA,NA,112,61509.299443993325,2703.873981323245,623.8478725452883,213.80005456207397,224.24065157720403,5,0.8174296248284625,0.0022395332187081164,9.986687162216418,23.28638795617511
2073,20061,Soybeans,39491221.54782481,3949.1221547824807,5.03475953777074,all_cult,Soybeans,0.12217913528938978,7.666666666666667,56,221150.8406678189,2703.873981323245,623.8478725452883,213.80005456207397,224.24065157720403,5,0.8174296248284625,0.0022395332187081164,9.986687162216418,23.28638795617511
2073,20061,Wheat,15495075.277191846,1549.5075277191845,1.9754764472362665,all_cult,Wheat,NA,NA,89,137906.16996700742,2515.3498486328153,421.46501911501855,265.39100903577054,186.76887051737327,5,0.8174296248284625,0.0022395332187081164,9.986687162216418,23.28638795617511
2073,20085,Corn,134933024.35661882,13493.30243566188,7.9306511901880965,all_cult,Corn,NA,NA,250,3373325.60891547,2673.8061224365265,693.8221085515382,200.815287221536,190.54754776072608,5,0.8957350227612422,0.002454068555510252,9.706563101990605,22.92121322840863
2073,20085,Developed,75618361.35140783,7561.836135140783,4.444448275810096,developed,NA,NA,NA,NA,NA,NA,NA,NA,NA,NA,0.8957350227612422,0.002454068555510252,9.706563101990605,22.92121322840863
2073,20085,Double Crop,1864792.83802623,186.479283802623,0.10960268333762817,all_cult,NA,NA,NA,NA,NA,NA,NA,NA,NA,NA,0.8957350227612422,0.002454068555510252,9.706563101990605,22.92121322840863
2073,20085,Grass/Pasture/Shrubland,941187748.5802637,94118.77485802637,55.31804963283908,grassPastureHay,NA,NA,NA,NA,NA,NA,NA,NA,NA,NA,0.8957350227612422,0.002454068555510252,9.706563101990605,22.92121322840863
2073,20085,Other Crops,98052397.627671,9805.2397627671,5.7630025537076115,all_cult,NA,NA,NA,NA,NA,NA,NA,NA,NA,NA,0.8957350227612422,0.002454068555510252,9.706563101990605,22.92121322840863
2073,20085,Sorghum,4069081.398774073,406.9081398774073,0.23915913388905596,all_cult,Sorghum,NA,NA,112,45573.71166626961,2673.8061224365265,693.8221085515382,200.815287221536,190.54754776072608,5,0.8957350227612422,0.002454068555510252,9.706563101990605,22.92121322840863
2073,20085,Soybeans,170772946.2930534,17077.29462930534,10.037132690300496,all_cult,Soybeans,NA,NA,56,956328.499241099,2673.8061224365265,693.8221085515382,200.815287221536,190.54754776072608,5,0.8957350227612422,0.002454068555510252,9.706563101990605,22.92121322840863
2073,20085,Wheat,13725583.902961861,1372.5583902961862,0.8067173980208171,all_cult,Wheat,NA,NA,89,122157.69673636057,2474.3363848876984,454.852352290072,262.102580207929,176.2306112655111,5,0.8957350227612422,0.002454068555510252,9.706563101990605,22.92121322840863
2073,20087,Corn,155094058.297135,15509.4058297135,10.788896738521789,all_cult,Corn,0.13078338055311117,25.77777777777778,250,3877351.457428375,2714.4546765136747,730.9895303513397,198.29775140447623,212.87437793340197,5,0.9498657716677474,0.0026023719771719107,10.310662005698868,22.867077502943086
2073,20087,Developed,83037617.78054704,8303.761778054704,5.7763933285619125,developed,NA,NA,NA,NA,NA,NA,NA,NA,NA,NA,0.9498657716677474,0.0026023719771719107,10.310662005698868,22.867077502943086
2073,20087,Double Crop,3214015.8179615135,321.4015817961514,0.2235784217441099,all_cult,NA,NA,NA,NA,NA,NA,NA,NA,NA,NA,0.9498657716677474,0.0026023719771719107,10.310662005698868,22.867077502943086
2073,20087,Grass/Pasture/Shrubland,533878677.1787268,53387.86771787268,37.138507962340775,grassPastureHay,NA,NA,NA,NA,NA,NA,NA,NA,NA,NA,0.9498657716677474,0.0026023719771719107,10.310662005698868,22.867077502943086
2073,20087,Other Crops,67978226.39294052,6797.822639294052,4.728808266891807,all_cult,NA,NA,NA,NA,NA,NA,NA,NA,NA,NA,0.9498657716677474,0.0026023719771719107,10.310662005698868,22.867077502943086
2073,20087,Sorghum,2078940.1655916602,207.89401655916603,0.1446185045281528,all_cult,Sorghum,NA,NA,112,23284.129854626597,2714.4546765136747,730.9895303513397,198.29775140447623,212.87437793340197,5,0.9498657716677474,0.0026023719771719107,10.310662005698868,22.867077502943086
2073,20087,Soybeans,173639107.61438552,17363.91076143855,12.078956617613274,all_cult,Soybeans,0.09985991575255485,13.833333333333334,56,972379.0026405589,2714.4546765136747,730.9895303513397,198.29775140447623,212.87437793340197,5,0.9498657716677474,0.0026023719771719107,10.310662005698868,22.867077502943086
2073,20087,Wheat,7377427.0278590415,737.7427027859042,0.5132001784817648,all_cult,Wheat,NA,NA,89,65659.10054794548,2514.2082214355496,474.95587103306127,254.81045085164257,183.3974387126892,5,0.9498657716677474,0.0026023719771719107,10.310662005698868,22.867077502943086
2073,20091,Corn,20137063.169311535,2013.7063169311532,3.334881975218613,all_cult,Corn,0.14955141172933145,4,250,503426.5792327883,2775.8425708007844,711.9192784556524,193.64782957996115,230.91173498897965,5,0.9524929782312114,0.0026095698033731817,11.003100744796148,22.94913704650045
2073,20091,Developed,271607528.4848879,27160.752848488788,44.98069273866694,developed,NA,NA,NA,NA,NA,NA,NA,NA,NA,NA,0.9524929782312114,0.0026095698033731817,11.003100744796148,22.94913704650045
2073,20091,Double Crop,2013905.6882216034,201.39056882216036,0.3335212152324038,all_cult,NA,NA,NA,NA,NA,NA,NA,NA,NA,NA,0.9524929782312114,0.0026095698033731817,11.003100744796148,22.94913704650045
2073,20091,Grass/Pasture/Shrubland,139667491.4795437,13966.749147954368,23.130214964462166,grassPastureHay,NA,NA,NA,NA,NA,NA,NA,NA,NA,NA,0.9524929782312114,0.0026095698033731817,11.003100744796148,22.94913704650045
2073,20091,Other Crops,14581458.923742233,1458.1458923742232,2.4148230617504245,all_cult,NA,NA,NA,NA,NA,NA,NA,NA,NA,NA,0.9524929782312114,0.0026095698033731817,11.003100744796148,22.94913704650045
2073,20091,Sorghum,265245.84730308503,26.524584730308504,0.043927140106542625,all_cult,Sorghum,NA,NA,112,2970.7534897945525,2775.8425708007844,711.9192784556524,193.64782957996115,230.91173498897965,5,0.9524929782312114,0.0026095698033731817,11.003100744796148,22.94913704650045
2073,20091,Soybeans,40506888.73460731,4050.688873460731,6.708311533684595,all_cult,Soybeans,NA,NA,56,226838.57691380093,2775.8425708007844,711.9192784556524,193.64782957996115,230.91173498897965,5,0.9524929782312114,0.0026095698033731817,11.003100744796148,22.94913704650045
2073,20091,Wheat,3047090.5931461067,304.70905931461067,0.5046260922212007,all_cult,Wheat,NA,NA,89,27119.10627900035,2567.454165649417,456.72262237127575,242.6488342511869,158.2762569083322,5,0.9524929782312114,0.0026095698033731817,11.003100744796148,22.94913704650045
2073,20103,Corn,55676654.53817842,5567.665453817842,6.162232243462533,all_cult,Corn,0.09926099891867379,4.75,250,1391916.3634544604,2747.874200439456,735.6095855464922,193.5492174419171,224.84163249788693,5,0.9652402711004492,0.0026444938934258883,10.656645332231937,22.935734160958926
2073,20103,Developed,66222526.18511143,6622.252618511144,7.329437975150055,developed,NA,NA,NA,NA,NA,NA,NA,NA,NA,NA,0.9652402711004492,0.0026444938934258883,10.656645332231937,22.935734160958926
2073,20103,Double Crop,2239300.7972116056,223.93007972116058,0.2478434038440015,all_cult,NA,NA,NA,NA,NA,NA,NA,NA,NA,NA,0.9652402711004492,0.0026444938934258883,10.656645332231937,22.935734160958926
2073,20103,Grass/Pasture/Shrubland,361083573.13099504,36108.3573130995,39.96434152498699,grassPastureHay,NA,NA,NA,NA,NA,NA,NA,NA,NA,NA,0.9652402711004492,0.0026444938934258883,10.656645332231937,22.935734160958926
2073,20103,Other Crops,54377617.6404599,5437.76176404599,6.018456236750789,all_cult,NA,NA,NA,NA,NA,NA,NA,NA,NA,NA,0.9652402711004492,0.0026444938934258883,10.656645332231937,22.935734160958926
2073,20103,Sorghum,567901.3203360821,56.79013203360822,0.06285470735100035,all_cult,Sorghum,NA,NA,112,6360.494787764121,2747.874200439456,735.6095855464922,193.5492174419171,224.84163249788693,5,0.9652402711004492,0.0026444938934258883,10.656645332231937,22.935734160958926
2073,20103,Soybeans,101039226.18326606,10103.922618326606,11.18291288522158,all_cult,Soybeans,0.11410095968932568,4.571428571428571,56,565819.66662629,2747.874200439456,735.6095855464922,193.5492174419171,224.84163249788693,5,0.9652402711004492,0.0026444938934258883,10.656645332231937,22.935734160958926
2073,20103,Wheat,4817340.8524583215,481.7340852458321,0.5331781044497215,all_cult,Wheat,NA,NA,89,42874.33358687905,2540.131243286136,465.5419312455838,247.55723426932929,171.04581899482167,5,0.9652402711004492,0.0026444938934258883,10.656645332231937,22.935734160958926
2073,20117,Corn,1797933.5665907045,179.79335665907044,8.787790125047634,all_cult,Corn,0.16261062771687598,15.722222222222221,250,44948.33916476761,2622.628803100589,667.7505248249969,206.00745256174295,200.126042738397,5,0.8569177134364099,0.002347719762839479,9.227691374478297,22.577796982020573
2073,20117,Developed,709093.4285035765,70.90934285035766,3.465847873654197,developed,NA,NA,NA,NA,NA,NA,NA,NA,NA,NA,0.8569177134364099,0.002347719762839479,9.227691374478297,22.577796982020573
2073,20117,Double Crop,17005.082052877187,1.700508205287719,0.08311602548433755,all_cult,NA,NA,NA,NA,NA,NA,NA,NA,NA,NA,0.8569177134364099,0.002347719762839479,9.227691374478297,22.577796982020573
2073,20117,Grass/Pasture/Shrubland,13608757.209524421,1360.8757209524422,66.51575143947134,grassPastureHay,NA,NA,NA,NA,NA,NA,NA,NA,NA,NA,0.8569177134364099,0.002347719762839479,9.227691374478297,22.577796982020573
2073,20117,Other Crops,368569.7378671669,36.856973786716694,1.801464505144208,all_cult,NA,NA,NA,NA,NA,NA,NA,NA,NA,NA,0.8569177134364099,0.002347719762839479,9.227691374478297,22.577796982020573
2073,20117,Sorghum,113210.96189225193,11.321096189225193,0.5533431220433721,all_cult,Sorghum,NA,NA,112,1267.9627731932217,2622.628803100589,667.7505248249969,206.00745256174295,200.126042738397,5,0.8569177134364099,0.002347719762839479,9.227691374478297,22.577796982020573
2073,20117,Soybeans,2250086.8872694396,225.00868872694397,10.99778751332857,all_cult,Soybeans,0.12228514283699721,8.25,56,12600.486568708862,2622.628803100589,667.7505248249969,206.00745256174295,200.126042738397,5,0.8569177134364099,0.002347719762839479,9.227691374478297,22.577796982020573
2073,20117,Wheat,234744.84118524572,23.474484118524572,1.1473663074132867,all_cult,Wheat,NA,NA,89,2089.229086548687,2414.893591918948,449.8897246118803,267.94231315098165,186.85321097164393,5,0.8569177134364099,0.002347719762839479,9.227691374478297,22.577796982020573
2073,20127,Corn,10941387.892613748,1094.1387892613748,4.064821675495574,all_cult,Corn,NA,NA,250,273534.6973153437,2706.3449310302763,612.4048086697875,220.23289283166784,235.80965281180912,5,0.8082322011415487,0.0022143347976480788,10.036225828405952,23.31700972883671
2073,20127,Developed,12128694.282144045,1212.8694282144045,4.50591642462472,developed,NA,NA,NA,NA,NA,NA,NA,NA,NA,NA,0.8082322011415487,0.0022143347976480788,10.036225828405952,23.31700972883671
2073,20127,Double Crop,4499199.088895911,449.9199088895911,1.671491967784096,all_cult,NA,NA,NA,NA,NA,NA,NA,NA,NA,NA,0.8082322011415487,0.0022143347976480788,10.036225828405952,23.31700972883671
2073,20127,Grass/Pasture/Shrubland,158101691.18434784,15810.169118434784,58.73616652348874,grassPastureHay,NA,NA,NA,NA,NA,NA,NA,NA,NA,NA,0.8082322011415487,0.0022143347976480788,10.036225828405952,23.31700972883671
2073,20127,Other Crops,10981377.128665583,1098.1377128665583,4.079678027823576,all_cult,NA,NA,NA,NA,NA,NA,NA,NA,NA,NA,0.8082322011415487,0.0022143347976480788,10.036225828405952,23.31700972883671
2073,20127,Sorghum,7272388.587591114,727.2388587591115,2.701756217181813,all_cult,Sorghum,NA,NA,112,81450.75218102049,2706.3449310302763,612.4048086697875,220.23289283166784,235.80965281180912,5,0.8082322011415487,0.0022143347976480788,10.036225828405952,23.31700972883671
2073,20127,Soybeans,28686301.015498407,2868.6301015498407,10.657212713965244,all_cult,Soybeans,0.11686486262093489,4,56,160643.2856867911,2706.3449310302763,612.4048086697875,220.23289283166784,235.80965281180912,5,0.8082322011415487,0.0022143347976480788,10.036225828405952,23.31700972883671
2073,20127,Wheat,20934850.636842933,2093.485063684293,7.777480834890052,all_cult,Wheat,NA,NA,89,186320.17066790207,2524.6258276367216,418.57426620520624,263.19210499490487,189.77621257516861,5,0.8082322011415487,0.0022143347976480788,10.036225828405952,23.31700972883671
2073,20131,Corn,124792211.963085,12479.2211963085,16.444051346315263,all_cult,Corn,0.12528513936677563,9.454545454545455,250,3119805.299077125,2616.2494293212917,664.2752411372071,202.37320895754328,175.8001740083753,5,0.8560172351178275,0.002345252698952952,9.179662032454004,22.498619886424468
2073,20131,Developed,34827921.40223819,3482.792140223819,4.589325878711502,developed,NA,NA,NA,NA,NA,NA,NA,NA,NA,NA,0.8560172351178275,0.002345252698952952,9.179662032454004,22.498619886424468
2073,20131,Double Crop,1288597.7379512293,128.85977379512295,0.1698003988733199,all_cult,NA,NA,NA,NA,NA,NA,NA,NA,NA,NA,0.8560172351178275,0.002345252698952952,9.179662032454004,22.498619886424468
2073,20131,Grass/Pasture/Shrubland,328086582.4549448,32808.65824549448,43.232446344665604,grassPastureHay,NA,NA,NA,NA,NA,NA,NA,NA,NA,NA,0.8560172351178275,0.002345252698952952,9.179662032454004,22.498619886424468
2073,20131,Other Crops,27101730.321978156,2710.1730321978157,3.5712344382550913,all_cult,NA,NA,NA,NA,NA,NA,NA,NA,NA,NA,0.8560172351178275,0.002345252698952952,9.179662032454004,22.498619886424468
2073,20131,Sorghum,2055671.3741418559,205.5671374141856,0.2708788080264065,all_cult,Sorghum,NA,NA,112,23023.519390388785,2616.2494293212917,664.2752411372071,202.37320895754328,175.8001740083753,5,0.8560172351178275,0.002345252698952952,9.179662032454004,22.498619886424468
2073,20131,Soybeans,136674912.54505298,13667.491254505298,18.00985209164201,all_cult,Soybeans,0.1067341402930363,5.142857142857143,56,765379.5102522967,2616.2494293212917,664.2752411372071,202.37320895754328,175.8001740083753,5,0.8560172351178275,0.002345252698952952,9.179662032454004,22.498619886424468
2073,20131,Wheat,9588450.555545796,958.8450555545795,1.2634840811511674,all_cult,Wheat,NA,NA,89,85337.20994435757,2403.5757476806666,443.565628096484,265.1709334137639,175.37350746594262,5,0.8560172351178275,0.002345252698952952,9.179662032454004,22.498619886424468
2073,20139,Corn,20890964.22588984,2089.096422588984,9.4988079569725965,all_cult,Corn,NA,NA,250,522274.10564724595,2731.4180224609404,682.3280696121328,201.66278800755765,229.49805911327172,5,0.9119807792470801,0.0024985774773892606,10.383038497297754,23.069448794012224
2073,20139,Developed,11858545.489950646,1185.8545489950645,5.391902692479325,developed,NA,NA,NA,NA,NA,NA,NA,NA,NA,NA,0.9119807792470801,0.0024985774773892606,10.383038497297754,23.069448794012224
2073,20139,Double Crop,1849135.1156913848,184.91351156913848,0.8407739901578724,all_cult,NA,NA,NA,NA,NA,NA,NA,NA,NA,NA,0.9119807792470801,0.0024985774773892606,10.383038497297754,23.069448794012224
2073,20139,Grass/Pasture/Shrubland,108139234.26990536,10813.923426990536,49.1692871538651,grassPastureHay,NA,NA,NA,NA,NA,NA,NA,NA,NA,NA,0.9119807792470801,0.0024985774773892606,10.383038497297754,23.069448794012224
2073,20139,Other Crops,6302951.103083336,630.2951103083336,2.86585728849129,all_cult,NA,NA,NA,NA,NA,NA,NA,NA,NA,NA,0.9119807792470801,0.0024985774773892606,10.383038497297754,23.069448794012224
2073,20139,Sorghum,252758.48461129973,25.27584846112997,0.11492549021948671,all_cult,Sorghum,NA,NA,112,2830.8950276465566,2731.4180224609404,682.3280696121328,201.66278800755765,229.49805911327172,5,0.9119807792470801,0.0024985774773892606,10.383038497297754,23.069448794012224
2073,20139,Soybeans,28064514.38751116,2806.4514387511163,12.76051357372463,all_cult,Soybeans,NA,NA,56,157161.28057006252,2731.4180224609404,682.3280696121328,201.66278800755765,229.49805911327172,5,0.9119807792470801,0.0024985774773892606,10.383038497297754,23.069448794012224
2073,20139,Wheat,1738320.944623076,173.8320944623076,0.7903884493801757,all_cult,Wheat,NA,NA,89,15471.056407145375,2541.1602795410186,447.04075111143936,251.38924800301976,175.743863991983,5,0.9119807792470801,0.0024985774773892606,10.383038497297754,23.069448794012224
2073,20149,Corn,136791901.8519852,13679.190185198519,7.982141503627487,all_cult,Corn,0.1326174661314905,62.44444444444444,250,3419797.54629963,2677.5679260253937,670.1032386166129,203.92965600310015,208.3197118441388,5,0.8611822800205633,0.002359403506905653,9.674775449151886,23.048855281464064
2073,20149,Developed,87781477.02653997,8778.147702653996,5.122263537072818,developed,NA,NA,NA,NA,NA,NA,NA,NA,NA,NA,0.8611822800205633,0.002359403506905653,9.674775449151886,23.048855281464064
2073,20149,Double Crop,1803166.4492782145,180.31664492782144,0.1052191654466961,all_cult,NA,NA,NA,NA,NA,NA,NA,NA,NA,NA,0.8611822800205633,0.002359403506905653,9.674775449151886,23.048855281464064
2073,20149,Grass/Pasture/Shrubland,1058221194.9777538,105822.11949777538,61.749790785057485,grassPastureHay,NA,NA,NA,NA,NA,NA,NA,NA,NA,NA,0.8611822800205633,0.002359403506905653,9.674775449151886,23.048855281464064
2073,20149,Other Crops,34485813.7618199,3448.58137618199,2.012331443512244,all_cult,NA,NA,NA,NA,NA,NA,NA,NA,NA,NA,0.8611822800205633,0.002359403506905653,9.674775449151886,23.048855281464064
2073,20149,Sorghum,5647082.09049503,564.708209049503,0.3295210295248753,all_cult,Sorghum,NA,NA,112,63247.319413544334,2677.5679260253937,670.1032386166129,203.92965600310015,208.3197118441388,5,0.8611822800205633,0.002359403506905653,9.674775449151886,23.048855281464064
2073,20149,Soybeans,153915907.33370754,15391.590733370755,8.98136903839706,all_cult,Soybeans,0.11392545848870632,51.611111111111114,56,861929.0810687622,2677.5679260253937,670.1032386166129,203.92965600310015,208.3197118441388,5,0.8611822800205633,0.002359403506905653,9.674775449151886,23.048855281464064
2073,20149,Wheat,13424373.002870617,1342.4373002870618,0.7833449455387832,all_cult,Wheat,NA,NA,89,119476.9197255485,2478.7488177490263,445.55392885153714,266.4848339824665,181.32203205091105,5,0.8611822800205633,0.002359403506905653,9.674775449151886,23.048855281464064
2073,20161,Corn,29887562.457934357,2988.756245793436,3.7374801575206362,all_cult,Corn,0.14127372152863188,12.444444444444445,250,747189.0614483589,2695.3228015136747,631.46989872523,208.2113932639244,208.3633826540885,5,0.8147699949118334,0.002232246561402284,9.822649812045185,23.295607425219416
2073,20161,Developed,93189704.06140432,9318.970406140432,11.653498685445852,developed,NA,NA,NA,NA,NA,NA,NA,NA,NA,NA,0.8147699949118334,0.002232246561402284,9.822649812045185,23.295607425219416
2073,20161,Double Crop,2321662.5391971655,232.16625391971652,0.2903270443991936,all_cult,NA,NA,NA,NA,NA,NA,NA,NA,NA,NA,0.8147699949118334,0.002232246561402284,9.822649812045185,23.295607425219416
2073,20161,Grass/Pasture/Shrubland,421935273.9416269,42193.527394162695,52.76357736882686,grassPastureHay,NA,NA,NA,NA,NA,NA,NA,NA,NA,NA,0.8147699949118334,0.002232246561402284,9.822649812045185,23.295607425219416
2073,20161,Other Crops,10313350.483787943,1031.3350483787942,1.2896984437913022,all_cult,NA,NA,NA,NA,NA,NA,NA,NA,NA,NA,0.8147699949118334,0.002232246561402284,9.822649812045185,23.295607425219416
2073,20161,Sorghum,8046145.345421317,804.6145345421318,1.0061813711092988,all_cult,Sorghum,NA,NA,112,90116.82786871876,2695.3228015136747,631.46989872523,208.2113932639244,208.3633826540885,5,0.8147699949118334,0.002232246561402284,9.822649812045185,23.295607425219416
2073,20161,Soybeans,56043067.26954317,5604.306726954317,7.008261452613234,all_cult,Soybeans,0.12420661341954765,10.38888888888889,56,313841.17670944176,2695.3228015136747,631.46989872523,208.2113932639244,208.3633826540885,5,0.8147699949118334,0.002232246561402284,9.822649812045185,23.295607425219416
2073,20161,Wheat,14763447.35949416,1476.3447359494162,1.8461890841841313,all_cult,Wheat,NA,NA,89,131394.68149949805,2502.5067767334012,426.00998788988943,266.22314718679473,186.99779942411783,5,0.8147699949118334,0.002232246561402284,9.822649812045185,23.295607425219416
2073,20177,Corn,132475537.80653152,13247.553780653152,9.091050553311547,all_cult,Corn,0.12030458771317423,83,250,3311888.445163288,2725.2521063232452,678.6317750412369,201.97694435561843,208.43045520456093,5,0.896337307937465,0.0024557186518834656,10.294493675754518,23.0439305470088
2073,20177,Developed,255013934.0237044,25501.393402370442,17.50017100813045,developed,NA,NA,NA,NA,NA,NA,NA,NA,NA,NA,0.896337307937465,0.0024557186518834656,10.294493675754518,23.0439305470088
2073,20177,Double Crop,2797246.7569815805,279.7246756981581,0.19195930130847558,all_cult,NA,NA,NA,NA,NA,NA,NA,NA,NA,NA,0.896337307937465,0.0024557186518834656,10.294493675754518,23.0439305470088
2073,20177,Grass/Pasture/Shrubland,626083355.6398722,62608.33556398722,42.96457693964075,grassPastureHay,NA,NA,NA,NA,NA,NA,NA,NA,NA,NA,0.896337307937465,0.0024557186518834656,10.294493675754518,23.0439305470088
2073,20177,Other Crops,33361526.081880283,3336.1526081880284,2.289413767762353,all_cult,NA,NA,NA,NA,NA,NA,NA,NA,NA,NA,0.896337307937465,0.0024557186518834656,10.294493675754518,23.0439305470088
2073,20177,Sorghum,2303954.5452317544,230.39545452317543,0.15810743319134585,all_cult,Sorghum,NA,NA,112,25804.29090659565,2725.2521063232452,678.6317750412369,201.97694435561843,208.43045520456093,5,0.896337307937465,0.0024557186518834656,10.294493675754518,23.0439305470088
2073,20177,Soybeans,145627766.023613,14562.7766023613,9.993613951731533,all_cult,Soybeans,0.09768281806034469,42.833333333333336,56,815515.4897322329,2725.2521063232452,678.6317750412369,201.97694435561843,208.43045520456093,5,0.896337307937465,0.0024557186518834656,10.294493675754518,23.0439305470088
2073,20177,Wheat,9565647.685078032,956.5647685078033,0.656436562704971,all_cult,Wheat,NA,NA,89,85134.26439719449,2532.208816528323,452.4339468165273,257.6044335114528,178.63642052879158,5,0.896337307937465,0.0024557186518834656,10.294493675754518,23.0439305470088
2073,20197,Corn,69733578.79693311,6973.357879693312,4.536852294529976,all_cult,Corn,0.14186117514330646,28.666666666666668,250,1743339.469923328,2703.277489624026,652.0239703564682,206.07812449331576,218.88866198644607,5,0.8522738020310308,0.002334996717893235,9.989038202991248,23.117106398491032
2073,20197,Developed,54289406.85937861,5428.940685937861,3.5320576446519008,developed,NA,NA,NA,NA,NA,NA,NA,NA,NA,NA,0.8522738020310308,0.002334996717893235,9.989038202991248,23.117106398491032
2073,20197,Double Crop,1125869.9276987636,112.58699276987635,0.07324886594013556,all_cult,NA,NA,NA,NA,NA,NA,NA,NA,NA,NA,0.8522738020310308,0.002334996717893235,9.989038202991248,23.117106398491032
2073,20197,Grass/Pasture/Shrubland,1169502873.1037595,116950.28731037596,76.08761639426346,grassPastureHay,NA,NA,NA,NA,NA,NA,NA,NA,NA,NA,0.8522738020310308,0.002334996717893235,9.989038202991248,23.117106398491032
2073,20197,Other Crops,29094649.42529061,2909.464942529061,1.8928919077573607,all_cult,NA,NA,NA,NA,NA,NA,NA,NA,NA,NA,0.8522738020310308,0.002334996717893235,9.989038202991248,23.117106398491032
2073,20197,Sorghum,3287931.385599168,328.7931385599168,0.21391213972326276,all_cult,Sorghum,NA,NA,112,36824.831518710685,2703.277489624026,652.0239703564682,206.07812449331576,218.88866198644607,5,0.8522738020310308,0.002334996717893235,9.989038202991248,23.117106398491032
2073,20197,Soybeans,83491332.16381498,8349.133216381497,5.431928899043218,all_cult,Soybeans,0.12942046457519057,22.77777777777778,56,467551.46011736384,2703.277489624026,652.0239703564682,206.07812449331576,218.88866198644607,5,0.8522738020310308,0.002334996717893235,9.989038202991248,23.117106398491032
2073,20197,Wheat,7530280.724868099,753.02807248681,0.4899185152185996,all_cult,Wheat,NA,NA,89,67019.49845132609,2510.155438842776,434.9437727981739,260.61279291767147,187.19891617795287,5,0.8522738020310308,0.002334996717893235,9.989038202991248,23.117106398491032
2073,20209,Corn,2798441.748604609,279.8441748604609,1.0907251789658858,all_cult,Corn,NA,NA,250,69961.04371511523,2783.8598626709013,711.5528708620955,194.54980569700413,229.1581564178287,5,0.9401518284356624,0.0025757584340703075,11.056026594606188,22.813468552680888
2073,20209,Developed,144515431.86680782,14451.543186680783,56.32656829996687,developed,NA,NA,NA,NA,NA,NA,NA,NA,NA,NA,0.9401518284356624,0.0025757584340703075,11.056026594606188,22.813468552680888
2073,20209,Double Crop,152719.71803613545,15.271971803613546,0.05952428413764306,all_cult,NA,NA,NA,NA,NA,NA,NA,NA,NA,NA,0.9401518284356624,0.0025757584340703075,11.056026594606188,22.813468552680888
2073,20209,Grass/Pasture/Shrubland,41083799.11850462,4108.379911850462,16.01288794682744,grassPastureHay,NA,NA,NA,NA,NA,NA,NA,NA,NA,NA,0.9401518284356624,0.0025757584340703075,11.056026594606188,22.813468552680888
2073,20209,Other Crops,1959154.8527385148,195.91548527385146,0.7636033619211925,all_cult,NA,NA,NA,NA,NA,NA,NA,NA,NA,NA,0.9401518284356624,0.0025757584340703075,11.056026594606188,22.813468552680888
2073,20209,Sorghum,54127.80426680527,5.412780426680527,0.02109694047602745,all_cult,Sorghum,NA,NA,112,606.231407788219,2783.8598626709013,711.5528708620955,194.54980569700413,229.1581564178287,5,0.9401518284356624,0.0025757584340703075,11.056026594606188,22.813468552680888
2073,20209,Soybeans,8244134.676247953,824.4134676247953,3.213247256139296,all_cult,Soybeans,0.14562756367793683,4.75,56,46167.15418698854,2783.8598626709013,711.5528708620955,194.54980569700413,229.1581564178287,5,0.9401518284356624,0.0025757584340703075,11.056026594606188,22.813468552680888
2073,20209,Wheat,234900.57353758038,23.49005735375804,0.09155522720411169,all_cult,Wheat,NA,NA,89,2090.6151044844655,2554.794340209964,448.9683108528975,246.28552757267715,154.9127792238135,5,0.9401518284356624,0.0025757584340703075,11.056026594606188,22.813468552680888
2074,20005,Corn,172734778.84431297,17273.477884431297,23.078910848652363,all_cult,Corn,0.10724545034749912,6.181818181818182,250,4318369.471107824,2769.5540655517607,688.7296852663508,195.31240320646353,244.8231177800142,5,0.9092989412994179,0.002491229976162789,10.789907811831144,23.615729345034268
2074,20005,Developed,36578638.84791646,3657.863884791646,4.88723319405755,developed,NA,NA,NA,NA,NA,NA,NA,NA,NA,NA,0.9092989412994179,0.002491229976162789,10.789907811831144,23.615729345034268
2074,20005,Double Crop,1451158.554832854,145.11585548328543,0.1938877575107932,all_cult,NA,NA,NA,NA,NA,NA,NA,NA,NA,NA,0.9092989412994179,0.002491229976162789,10.789907811831144,23.615729345034268
2074,20005,Grass/Pasture/Shrubland,215288406.86893737,21528.840686893738,28.764456018176027,grassPastureHay,NA,NA,NA,NA,NA,NA,NA,NA,NA,NA,0.9092989412994179,0.002491229976162789,10.789907811831144,23.615729345034268
2074,20005,Other Crops,29204979.705745928,2920.4979705745927,3.902046405912905,all_cult,NA,NA,NA,NA,NA,NA,NA,NA,NA,NA,0.9092989412994179,0.002491229976162789,10.789907811831144,23.615729345034268
2074,20005,Sorghum,732239.3724075308,73.22393724075309,0.09783372699309156,all_cult,Sorghum,NA,NA,112,8201.080970964345,2769.5540655517607,688.7296852663508,195.31240320646353,244.8231177800142,5,0.9092989412994179,0.002491229976162789,10.789907811831144,23.615729345034268
2074,20005,Soybeans,181600576.65296197,18160.057665296197,24.263460703620524,all_cult,Soybeans,0.07483265359624193,5,56,1016963.2292565871,2769.5540655517607,688.7296852663508,195.31240320646353,244.8231177800142,5,0.9092989412994179,0.002491229976162789,10.789907811831144,23.615729345034268
2074,20005,Wheat,5908069.702597459,590.8069702597459,0.7893709354082403,all_cult,Wheat,NA,NA,89,52581.82035311738,2536.622172851565,419.40068977053215,268.6482770415746,124.83468043722664,5,0.9092989412994179,0.002491229976162789,10.789907811831144,23.615729345034268
2074,20013,Corn,113276297.82191704,11327.629782191703,25.36090350021212,all_cult,Corn,0.12646432205391206,17.5625,250,2831907.445547926,2725.170340576175,664.3833696251692,193.510853356843,227.13432722654204,5,0.8787798950019498,0.002407616150690273,10.247815869475087,23.547912296660982
2074,20013,Developed,24170977.38782201,2417.0977387822013,5.411527714315524,developed,NA,NA,NA,NA,NA,NA,NA,NA,NA,NA,0.8787798950019498,0.002407616150690273,10.247815869475087,23.547912296660982
2074,20013,Double Crop,542048.8992527233,54.20488992527234,0.12135680712267008,all_cult,NA,NA,NA,NA,NA,NA,NA,NA,NA,NA,0.8787798950019498,0.002407616150690273,10.247815869475087,23.547912296660982
2074,20013,Grass/Pasture/Shrubland,122499833.68113159,12249.983368113159,27.425918047421547,grassPastureHay,NA,NA,NA,NA,NA,NA,NA,NA,NA,NA,0.8787798950019498,0.002407616150690273,10.247815869475087,23.547912296660982
2074,20013,Other Crops,13090232.71280689,1309.023271280689,2.9307113227404837,all_cult,NA,NA,NA,NA,NA,NA,NA,NA,NA,NA,0.8787798950019498,0.002407616150690273,10.247815869475087,23.547912296660982
2074,20013,Sorghum,333636.9508835004,33.363695088350035,0.07469642527304013,all_cult,Sorghum,NA,NA,112,3736.733849895204,2725.170340576175,664.3833696251692,193.510853356843,227.13432722654204,5,0.8787798950019498,0.002407616150690273,10.247815869475087,23.547912296660982
2074,20013,Soybeans,123405327.24801578,12340.532724801578,27.62864479089188,all_cult,Soybeans,0.10147480973744562,10.461538461538462,56,691069.8325888884,2725.170340576175,664.3833696251692,193.510853356843,227.13432722654204,5,0.8787798950019498,0.002407616150690273,10.247815869475087,23.547912296660982
2074,20013,Wheat,3906288.4515680084,390.6288451568008,0.8745607542714157,all_cult,Wheat,NA,NA,89,34765.96721895527,2490.594701538089,413.6774273518498,267.2977391298765,116.6332073266572,5,0.8787798950019498,0.002407616150690273,10.247815869475087,23.547912296660982
2074,20045,Corn,74392843.99321488,7439.284399321487,7.631923083362056,all_cult,Corn,0.1459526935617447,11,250,1859821.0998303718,2841.2276165771514,683.1641819648158,198.657375185578,254.05068525607788,5,0.9217935907698072,0.0025254618925200194,11.571905751685597,23.954917075797326
2074,20045,Developed,130402436.2681122,13040.24362681122,13.37791795635647,developed,NA,NA,NA,NA,NA,NA,NA,NA,NA,NA,0.9217935907698072,0.0025254618925200194,11.571905751685597,23.954917075797326
2074,20045,Double Crop,4220114.888463862,422.01148884638627,0.4329393864098648,all_cult,NA,NA,NA,NA,NA,NA,NA,NA,NA,NA,0.9217935907698072,0.0025254618925200194,11.571905751685597,23.954917075797326
2074,20045,Grass/Pasture/Shrubland,354830010.0217444,35483.00100217444,36.40182575089523,grassPastureHay,NA,NA,NA,NA,NA,NA,NA,NA,NA,NA,0.9217935907698072,0.0025254618925200194,11.571905751685597,23.954917075797326
2074,20045,Other Crops,37964614.628596716,3796.4614628596714,3.8947700233285687,all_cult,NA,NA,NA,NA,NA,NA,NA,NA,NA,NA,0.9217935907698072,0.0025254618925200194,11.571905751685597,23.954917075797326
2074,20045,Sorghum,671055.755263424,67.1055755263424,0.06884326010288025,all_cult,Sorghum,NA,NA,112,7515.824458950349,2841.2276165771514,683.1641819648158,198.657375185578,254.05068525607788,5,0.9217935907698072,0.0025254618925200194,11.571905751685597,23.954917075797326
2074,20045,Soybeans,100028766.3995359,10002.876639953589,10.261898998705805,all_cult,Soybeans,0.11420951862362651,8.5,56,560161.091837401,2841.2276165771514,683.1641819648158,198.657375185578,254.05068525607788,5,0.9217935907698072,0.0025254618925200194,11.571905751685597,23.954917075797326
2074,20045,Wheat,7085783.937909698,708.5783937909698,0.7269268802840957,all_cult,Wheat,NA,NA,89,63063.477047396314,2617.163909912112,421.47290001504666,269.5678236335141,134.05945324145503,5,0.9217935907698072,0.0025254618925200194,11.571905751685597,23.954917075797326
2074,20061,Corn,31722102.062803604,3172.21020628036,4.044269831598419,all_cult,Corn,0.16936452361704205,12.944444444444445,250,793052.55157009,2789.046286010745,586.1674165713755,201.33262622741725,229.2568546406088,5,0.7884676807761243,0.0021601854267839023,10.773351816673824,24.056290266481188
2074,20061,Developed,61171563.9285717,6117.15639285717,7.798799400437711,developed,NA,NA,NA,NA,NA,NA,NA,NA,NA,NA,0.7884676807761243,0.0021601854267839023,10.773351816673824,24.056290266481188
2074,20061,Double Crop,5604030.762346523,560.4030762346523,0.7144612454318694,all_cult,NA,NA,NA,NA,NA,NA,NA,NA,NA,NA,0.7884676807761243,0.0021601854267839023,10.773351816673824,24.056290266481188
2074,20061,Grass/Pasture/Shrubland,476190220.2809351,47619.02202809351,60.70977699307564,grassPastureHay,NA,NA,NA,NA,NA,NA,NA,NA,NA,NA,0.7884676807761243,0.0021601854267839023,10.773351816673824,24.056290266481188
2074,20061,Other Crops,18227803.79878525,1822.7803798785249,2.323873646638379,all_cult,NA,NA,NA,NA,NA,NA,NA,NA,NA,NA,0.7884676807761243,0.0021601854267839023,10.773351816673824,24.056290266481188
2074,20061,Sorghum,5491901.736070833,549.1901736070832,0.7001658485721192,all_cult,Sorghum,NA,NA,112,61509.299443993325,2789.046286010745,586.1674165713755,201.33262622741725,229.2568546406088,5,0.7884676807761243,0.0021601854267839023,10.773351816673824,24.056290266481188
2074,20061,Soybeans,39491221.54782481,3949.1221547824807,5.03475953777074,all_cult,Soybeans,0.12217913528938978,7.666666666666667,56,221150.8406678189,2789.046286010745,586.1674165713755,201.33262622741725,229.2568546406088,5,0.7884676807761243,0.0021601854267839023,10.773351816673824,24.056290266481188
2074,20061,Wheat,15495075.277191846,1549.5075277191845,1.9754764472362665,all_cult,Wheat,NA,NA,89,137906.16996700742,2556.621129760745,367.4986839786558,275.5598315611323,126.91409525825352,5,0.7884676807761243,0.0021601854267839023,10.773351816673824,24.056290266481188
2074,20085,Corn,134933024.35661882,13493.30243566188,7.9306511901880965,all_cult,Corn,NA,NA,250,3373325.60891547,2754.9559405517607,658.4527980598014,198.17151180021804,228.4251176358717,5,0.873937372598067,0.0023943489660221014,10.56438550975227,23.769484629173824
2074,20085,Developed,75618361.35140783,7561.836135140783,4.444448275810096,developed,NA,NA,NA,NA,NA,NA,NA,NA,NA,NA,0.873937372598067,0.0023943489660221014,10.56438550975227,23.769484629173824
2074,20085,Double Crop,1864792.83802623,186.479283802623,0.10960268333762817,all_cult,NA,NA,NA,NA,NA,NA,NA,NA,NA,NA,0.873937372598067,0.0023943489660221014,10.56438550975227,23.769484629173824
2074,20085,Grass/Pasture/Shrubland,941187748.5802637,94118.77485802637,55.31804963283908,grassPastureHay,NA,NA,NA,NA,NA,NA,NA,NA,NA,NA,0.873937372598067,0.0023943489660221014,10.56438550975227,23.769484629173824
2074,20085,Other Crops,98052397.627671,9805.2397627671,5.7630025537076115,all_cult,NA,NA,NA,NA,NA,NA,NA,NA,NA,NA,0.873937372598067,0.0023943489660221014,10.56438550975227,23.769484629173824
2074,20085,Sorghum,4069081.398774073,406.9081398774073,0.23915913388905596,all_cult,Sorghum,NA,NA,112,45573.71166626961,2754.9559405517607,658.4527980598014,198.17151180021804,228.4251176358717,5,0.873937372598067,0.0023943489660221014,10.56438550975227,23.769484629173824
2074,20085,Soybeans,170772946.2930534,17077.29462930534,10.037132690300496,all_cult,Soybeans,NA,NA,56,956328.499241099,2754.9559405517607,658.4527980598014,198.17151180021804,228.4251176358717,5,0.873937372598067,0.0023943489660221014,10.56438550975227,23.769484629173824
2074,20085,Wheat,13725583.902961861,1372.5583902961862,0.8067173980208171,all_cult,Wheat,NA,NA,89,122157.69673636057,2530.293191528323,406.8913491773021,269.8424841529915,117.61369540775782,5,0.873937372598067,0.0023943489660221014,10.56438550975227,23.769484629173824
2074,20087,Corn,155094058.297135,15509.4058297135,10.788896738521789,all_cult,Corn,0.13078338055311117,25.77777777777778,250,3877351.457428375,2794.993493652347,685.842773159573,197.86821377650833,239.0212234318909,5,0.9144998667131259,0.0025054790868852764,11.13538131086796,23.726034102766505
2074,20087,Developed,83037617.78054704,8303.761778054704,5.7763933285619125,developed,NA,NA,NA,NA,NA,NA,NA,NA,NA,NA,0.9144998667131259,0.0025054790868852764,11.13538131086796,23.726034102766505
2074,20087,Double Crop,3214015.8179615135,321.4015817961514,0.2235784217441099,all_cult,NA,NA,NA,NA,NA,NA,NA,NA,NA,NA,0.9144998667131259,0.0025054790868852764,11.13538131086796,23.726034102766505
2074,20087,Grass/Pasture/Shrubland,533878677.1787268,53387.86771787268,37.138507962340775,grassPastureHay,NA,NA,NA,NA,NA,NA,NA,NA,NA,NA,0.9144998667131259,0.0025054790868852764,11.13538131086796,23.726034102766505
2074,20087,Other Crops,67978226.39294052,6797.822639294052,4.728808266891807,all_cult,NA,NA,NA,NA,NA,NA,NA,NA,NA,NA,0.9144998667131259,0.0025054790868852764,11.13538131086796,23.726034102766505
2074,20087,Sorghum,2078940.1655916602,207.89401655916603,0.1446185045281528,all_cult,Sorghum,NA,NA,112,23284.129854626597,2794.993493652347,685.842773159573,197.86821377650833,239.0212234318909,5,0.9144998667131259,0.0025054790868852764,11.13538131086796,23.726034102766505
2074,20087,Soybeans,173639107.61438552,17363.91076143855,12.078956617613274,all_cult,Soybeans,0.09985991575255485,13.833333333333334,56,972379.0026405589,2794.993493652347,685.842773159573,197.86821377650833,239.0212234318909,5,0.9144998667131259,0.0025054790868852764,11.13538131086796,23.726034102766505
2074,20087,Wheat,7377427.0278590415,737.7427027859042,0.5132001784817648,all_cult,Wheat,NA,NA,89,65659.10054794548,2572.8108605957063,423.864405450744,269.9479393868709,125.5384262833296,5,0.9144998667131259,0.0025054790868852764,11.13538131086796,23.726034102766505
2074,20091,Corn,20137063.169311535,2013.7063169311532,3.334881975218613,all_cult,Corn,0.14955141172933145,4,250,503426.5792327883,2850.340708618167,697.966829593403,194.39508021344824,265.47083685029287,5,0.9512709124994789,0.0026062216780807644,11.767615582191803,23.824411955532984
2074,20091,Developed,271607528.4848879,27160.752848488788,44.98069273866694,developed,NA,NA,NA,NA,NA,NA,NA,NA,NA,NA,0.9512709124994789,0.0026062216780807644,11.767615582191803,23.824411955532984
2074,20091,Double Crop,2013905.6882216034,201.39056882216036,0.3335212152324038,all_cult,NA,NA,NA,NA,NA,NA,NA,NA,NA,NA,0.9512709124994789,0.0026062216780807644,11.767615582191803,23.824411955532984
2074,20091,Grass/Pasture/Shrubland,139667491.4795437,13966.749147954368,23.130214964462166,grassPastureHay,NA,NA,NA,NA,NA,NA,NA,NA,NA,NA,0.9512709124994789,0.0026062216780807644,11.767615582191803,23.824411955532984
2074,20091,Other Crops,14581458.923742233,1458.1458923742232,2.4148230617504245,all_cult,NA,NA,NA,NA,NA,NA,NA,NA,NA,NA,0.9512709124994789,0.0026062216780807644,11.767615582191803,23.824411955532984
2074,20091,Sorghum,265245.84730308503,26.524584730308504,0.043927140106542625,all_cult,Sorghum,NA,NA,112,2970.7534897945525,2850.340708618167,697.966829593403,194.39508021344824,265.47083685029287,5,0.9512709124994789,0.0026062216780807644,11.767615582191803,23.824411955532984
2074,20091,Soybeans,40506888.73460731,4050.688873460731,6.708311533684595,all_cult,Soybeans,NA,NA,56,226838.57691380093,2850.340708618167,697.966829593403,194.39508021344824,265.47083685029287,5,0.9512709124994789,0.0026062216780807644,11.767615582191803,23.824411955532984
2074,20091,Wheat,3047090.5931461067,304.70905931461067,0.5046260922212007,all_cult,Wheat,NA,NA,89,27119.10627900035,2625.691975708011,439.6747078911118,269.2168394872264,126.3962370024921,5,0.9512709124994789,0.0026062216780807644,11.767615582191803,23.824411955532984
2074,20103,Corn,55676654.53817842,5567.665453817842,6.162232243462533,all_cult,Corn,0.09926099891867379,4.75,250,1391916.3634544604,2827.9344537353545,705.7376602763425,193.20053722341584,268.72244982315726,5,0.945439086581305,0.0025902440728254933,11.460167804874809,23.808919125909696
2074,20103,Developed,66222526.18511143,6622.252618511144,7.329437975150055,developed,NA,NA,NA,NA,NA,NA,NA,NA,NA,NA,0.945439086581305,0.0025902440728254933,11.460167804874809,23.808919125909696
2074,20103,Double Crop,2239300.7972116056,223.93007972116058,0.2478434038440015,all_cult,NA,NA,NA,NA,NA,NA,NA,NA,NA,NA,0.945439086581305,0.0025902440728254933,11.460167804874809,23.808919125909696
2074,20103,Grass/Pasture/Shrubland,361083573.13099504,36108.3573130995,39.96434152498699,grassPastureHay,NA,NA,NA,NA,NA,NA,NA,NA,NA,NA,0.945439086581305,0.0025902440728254933,11.460167804874809,23.808919125909696
2074,20103,Other Crops,54377617.6404599,5437.76176404599,6.018456236750789,all_cult,NA,NA,NA,NA,NA,NA,NA,NA,NA,NA,0.945439086581305,0.0025902440728254933,11.460167804874809,23.808919125909696
2074,20103,Sorghum,567901.3203360821,56.79013203360822,0.06285470735100035,all_cult,Sorghum,NA,NA,112,6360.494787764121,2827.9344537353545,705.7376602763425,193.20053722341584,268.72244982315726,5,0.945439086581305,0.0025902440728254933,11.460167804874809,23.808919125909696
2074,20103,Soybeans,101039226.18326606,10103.922618326606,11.18291288522158,all_cult,Soybeans,0.11410095968932568,4.571428571428571,56,565819.66662629,2827.9344537353545,705.7376602763425,193.20053722341584,268.72244982315726,5,0.945439086581305,0.0025902440728254933,11.460167804874809,23.808919125909696
2074,20103,Wheat,4817340.8524583215,481.7340852458321,0.5331781044497215,all_cult,Wheat,NA,NA,89,42874.33358687905,2600.4668157959013,434.5751455289567,267.88769153903354,125.58886742659372,5,0.945439086581305,0.0025902440728254933,11.460167804874809,23.808919125909696
2074,20117,Corn,1797933.5665907045,179.79335665907044,8.787790125047634,all_cult,Corn,0.16261062771687598,15.722222222222221,250,44948.33916476761,2707.848793334964,615.0044428701583,197.2361019173784,207.00365529503995,5,0.812496284703822,0.0022260172183666354,10.066727804941697,23.41598218107879
2074,20117,Developed,709093.4285035765,70.90934285035766,3.465847873654197,developed,NA,NA,NA,NA,NA,NA,NA,NA,NA,NA,0.812496284703822,0.0022260172183666354,10.066727804941697,23.41598218107879
2074,20117,Double Crop,17005.082052877187,1.700508205287719,0.08311602548433755,all_cult,NA,NA,NA,NA,NA,NA,NA,NA,NA,NA,0.812496284703822,0.0022260172183666354,10.066727804941697,23.41598218107879
2074,20117,Grass/Pasture/Shrubland,13608757.209524421,1360.8757209524422,66.51575143947134,grassPastureHay,NA,NA,NA,NA,NA,NA,NA,NA,NA,NA,0.812496284703822,0.0022260172183666354,10.066727804941697,23.41598218107879
2074,20117,Other Crops,368569.7378671669,36.856973786716694,1.801464505144208,all_cult,NA,NA,NA,NA,NA,NA,NA,NA,NA,NA,0.812496284703822,0.0022260172183666354,10.066727804941697,23.41598218107879
2074,20117,Sorghum,113210.96189225193,11.321096189225193,0.5533431220433721,all_cult,Sorghum,NA,NA,112,1267.9627731932217,2707.848793334964,615.0044428701583,197.2361019173784,207.00365529503995,5,0.812496284703822,0.0022260172183666354,10.066727804941697,23.41598218107879
2074,20117,Soybeans,2250086.8872694396,225.00868872694397,10.99778751332857,all_cult,Soybeans,0.12228514283699721,8.25,56,12600.486568708862,2707.848793334964,615.0044428701583,197.2361019173784,207.00365529503995,5,0.812496284703822,0.0022260172183666354,10.066727804941697,23.41598218107879
2074,20117,Wheat,234744.84118524572,23.474484118524572,1.1473663074132867,all_cult,Wheat,NA,NA,89,2089.229086548687,2469.745482788089,380.2756219891749,271.325140914455,117.2336545311822,5,0.812496284703822,0.0022260172183666354,10.066727804941697,23.41598218107879
2074,20127,Corn,10941387.892613748,1094.1387892613748,4.064821675495574,all_cult,Corn,NA,NA,250,273534.6973153437,2795.7793487548856,587.5246573250059,204.10042585051423,233.97895722411295,5,0.7965255617621094,0.002182261813046875,10.821010282333607,24.066736943493172
2074,20127,Developed,12128694.282144045,1212.8694282144045,4.50591642462472,developed,NA,NA,NA,NA,NA,NA,NA,NA,NA,NA,0.7965255617621094,0.002182261813046875,10.821010282333607,24.066736943493172
2074,20127,Double Crop,4499199.088895911,449.9199088895911,1.671491967784096,all_cult,NA,NA,NA,NA,NA,NA,NA,NA,NA,NA,0.7965255617621094,0.002182261813046875,10.821010282333607,24.066736943493172
2074,20127,Grass/Pasture/Shrubland,158101691.18434784,15810.169118434784,58.73616652348874,grassPastureHay,NA,NA,NA,NA,NA,NA,NA,NA,NA,NA,0.7965255617621094,0.002182261813046875,10.821010282333607,24.066736943493172
2074,20127,Other Crops,10981377.128665583,1098.1377128665583,4.079678027823576,all_cult,NA,NA,NA,NA,NA,NA,NA,NA,NA,NA,0.7965255617621094,0.002182261813046875,10.821010282333607,24.066736943493172
2074,20127,Sorghum,7272388.587591114,727.2388587591115,2.701756217181813,all_cult,Sorghum,NA,NA,112,81450.75218102049,2795.7793487548856,587.5246573250059,204.10042585051423,233.97895722411295,5,0.7965255617621094,0.002182261813046875,10.821010282333607,24.066736943493172
2074,20127,Soybeans,28686301.015498407,2868.6301015498407,10.657212713965244,all_cult,Soybeans,0.11686486262093489,4,56,160643.2856867911,2795.7793487548856,587.5246573250059,204.10042585051423,233.97895722411295,5,0.7965255617621094,0.002182261813046875,10.821010282333607,24.066736943493172
2074,20127,Wheat,20934850.636842933,2093.485063684293,7.777480834890052,all_cult,Wheat,NA,NA,89,186320.17066790207,2564.1299713134795,374.81735876942395,279.40631373155236,138.37614513776927,5,0.7965255617621094,0.002182261813046875,10.821010282333607,24.066736943493172
2074,20131,Corn,124792211.963085,12479.2211963085,16.444051346315263,all_cult,Corn,0.12528513936677563,9.454545454545455,250,3119805.299077125,2698.0450189209014,640.1131133641542,195.7986948464352,221.36119477120172,5,0.8438598127696092,0.0023119446925194773,10.037083297102441,23.34589671513808
2074,20131,Developed,34827921.40223819,3482.792140223819,4.589325878711502,developed,NA,NA,NA,NA,NA,NA,NA,NA,NA,NA,0.8438598127696092,0.0023119446925194773,10.037083297102441,23.34589671513808
2074,20131,Double Crop,1288597.7379512293,128.85977379512295,0.1698003988733199,all_cult,NA,NA,NA,NA,NA,NA,NA,NA,NA,NA,0.8438598127696092,0.0023119446925194773,10.037083297102441,23.34589671513808
2074,20131,Grass/Pasture/Shrubland,328086582.4549448,32808.65824549448,43.232446344665604,grassPastureHay,NA,NA,NA,NA,NA,NA,NA,NA,NA,NA,0.8438598127696092,0.0023119446925194773,10.037083297102441,23.34589671513808
2074,20131,Other Crops,27101730.321978156,2710.1730321978157,3.5712344382550913,all_cult,NA,NA,NA,NA,NA,NA,NA,NA,NA,NA,0.8438598127696092,0.0023119446925194773,10.037083297102441,23.34589671513808
2074,20131,Sorghum,2055671.3741418559,205.5671374141856,0.2708788080264065,all_cult,Sorghum,NA,NA,112,23023.519390388785,2698.0450189209014,640.1131133641542,195.7986948464352,221.36119477120172,5,0.8438598127696092,0.0023119446925194773,10.037083297102441,23.34589671513808
2074,20131,Soybeans,136674912.54505298,13667.491254505298,18.00985209164201,all_cult,Soybeans,0.1067341402930363,5.142857142857143,56,765379.5102522967,2698.0450189209014,640.1131133641542,195.7986948464352,221.36119477120172,5,0.8438598127696092,0.0023119446925194773,10.037083297102441,23.34589671513808
2074,20131,Wheat,9588450.555545796,958.8450555545795,1.2634840811511674,all_cult,Wheat,NA,NA,89,85337.20994435757,2460.180933227542,398.9039637289213,267.4993092543843,116.43427623319305,5,0.8438598127696092,0.0023119446925194773,10.037083297102441,23.34589671513808
2074,20139,Corn,20890964.22588984,2089.096422588984,9.4988079569725965,all_cult,Corn,NA,NA,250,522274.10564724595,2808.503273925784,645.7191302136282,203.67526287993633,229.8209964712701,5,0.8808552157017667,0.0024133019608267576,11.177794314867853,23.904227997244245
2074,20139,Developed,11858545.489950646,1185.8545489950645,5.391902692479325,developed,NA,NA,NA,NA,NA,NA,NA,NA,NA,NA,0.8808552157017667,0.0024133019608267576,11.177794314867853,23.904227997244245
2074,20139,Double Crop,1849135.1156913848,184.91351156913848,0.8407739901578724,all_cult,NA,NA,NA,NA,NA,NA,NA,NA,NA,NA,0.8808552157017667,0.0024133019608267576,11.177794314867853,23.904227997244245
2074,20139,Grass/Pasture/Shrubland,108139234.26990536,10813.923426990536,49.1692871538651,grassPastureHay,NA,NA,NA,NA,NA,NA,NA,NA,NA,NA,0.8808552157017667,0.0024133019608267576,11.177794314867853,23.904227997244245
2074,20139,Other Crops,6302951.103083336,630.2951103083336,2.86585728849129,all_cult,NA,NA,NA,NA,NA,NA,NA,NA,NA,NA,0.8808552157017667,0.0024133019608267576,11.177794314867853,23.904227997244245
2074,20139,Sorghum,252758.48461129973,25.27584846112997,0.11492549021948671,all_cult,Sorghum,NA,NA,112,2830.8950276465566,2808.503273925784,645.7191302136282,203.67526287993633,229.8209964712701,5,0.8808552157017667,0.0024133019608267576,11.177794314867853,23.904227997244245
2074,20139,Soybeans,28064514.38751116,2806.4514387511163,12.76051357372463,all_cult,Soybeans,NA,NA,56,157161.28057006252,2808.503273925784,645.7191302136282,203.67526287993633,229.8209964712701,5,0.8808552157017667,0.0024133019608267576,11.177794314867853,23.904227997244245
2074,20139,Wheat,1738320.944623076,173.8320944623076,0.7903884493801757,all_cult,Wheat,NA,NA,89,15471.056407145375,2589.255726318362,412.04129253624893,271.3892644594719,132.50616626819968,5,0.8808552157017667,0.0024133019608267576,11.177794314867853,23.904227997244245
2074,20149,Corn,136791901.8519852,13679.190185198519,7.982141503627487,all_cult,Corn,0.1326174661314905,62.44444444444444,250,3419797.54629963,2760.910334472659,608.3080138576041,198.84384766349729,214.53313909560595,5,0.8041745022912754,0.0022032178144966454,10.504164595930567,23.877971726509013
2074,20149,Developed,87781477.02653997,8778.147702653996,5.122263537072818,developed,NA,NA,NA,NA,NA,NA,NA,NA,NA,NA,0.8041745022912754,0.0022032178144966454,10.504164595930567,23.877971726509013
2074,20149,Double Crop,1803166.4492782145,180.31664492782144,0.1052191654466961,all_cult,NA,NA,NA,NA,NA,NA,NA,NA,NA,NA,0.8041745022912754,0.0022032178144966454,10.504164595930567,23.877971726509013
2074,20149,Grass/Pasture/Shrubland,1058221194.9777538,105822.11949777538,61.749790785057485,grassPastureHay,NA,NA,NA,NA,NA,NA,NA,NA,NA,NA,0.8041745022912754,0.0022032178144966454,10.504164595930567,23.877971726509013
2074,20149,Other Crops,34485813.7618199,3448.58137618199,2.012331443512244,all_cult,NA,NA,NA,NA,NA,NA,NA,NA,NA,NA,0.8041745022912754,0.0022032178144966454,10.504164595930567,23.877971726509013
2074,20149,Sorghum,5647082.09049503,564.708209049503,0.3295210295248753,all_cult,Sorghum,NA,NA,112,63247.319413544334,2760.910334472659,608.3080138576041,198.84384766349729,214.53313909560595,5,0.8041745022912754,0.0022032178144966454,10.504164595930567,23.877971726509013
2074,20149,Soybeans,153915907.33370754,15391.590733370755,8.98136903839706,all_cult,Soybeans,0.11392545848870632,51.611111111111114,56,861929.0810687622,2760.910334472659,608.3080138576041,198.84384766349729,214.53313909560595,5,0.8041745022912754,0.0022032178144966454,10.504164595930567,23.877971726509013
2074,20149,Wheat,13424373.002870617,1342.4373002870618,0.7833449455387832,all_cult,Wheat,NA,NA,89,119476.9197255485,2531.162485961917,374.1611261003931,273.01176367387643,112.2219980583794,5,0.8041745022912754,0.0022032178144966454,10.504164595930567,23.877971726509013
2074,20161,Corn,29887562.457934357,2988.756245793436,3.7374801575206362,all_cult,Corn,0.14127372152863188,12.444444444444445,250,747189.0614483589,2781.508128662112,579.6898820209356,197.5078613811602,217.87077607916095,5,0.7707691312771655,0.0021116962500744257,10.629280161400386,24.094089422356614
2074,20161,Developed,93189704.06140432,9318.970406140432,11.653498685445852,developed,NA,NA,NA,NA,NA,NA,NA,NA,NA,NA,0.7707691312771655,0.0021116962500744257,10.629280161400386,24.094089422356614
2074,20161,Double Crop,2321662.5391971655,232.16625391971652,0.2903270443991936,all_cult,NA,NA,NA,NA,NA,NA,NA,NA,NA,NA,0.7707691312771655,0.0021116962500744257,10.629280161400386,24.094089422356614
2074,20161,Grass/Pasture/Shrubland,421935273.9416269,42193.527394162695,52.76357736882686,grassPastureHay,NA,NA,NA,NA,NA,NA,NA,NA,NA,NA,0.7707691312771655,0.0021116962500744257,10.629280161400386,24.094089422356614
2074,20161,Other Crops,10313350.483787943,1031.3350483787942,1.2896984437913022,all_cult,NA,NA,NA,NA,NA,NA,NA,NA,NA,NA,0.7707691312771655,0.0021116962500744257,10.629280161400386,24.094089422356614
2074,20161,Sorghum,8046145.345421317,804.6145345421318,1.0061813711092988,all_cult,Sorghum,NA,NA,112,90116.82786871876,2781.508128662112,579.6898820209356,197.5078613811602,217.87077607916095,5,0.7707691312771655,0.0021116962500744257,10.629280161400386,24.094089422356614
2074,20161,Soybeans,56043067.26954317,5604.306726954317,7.008261452613234,all_cult,Soybeans,0.12420661341954765,10.38888888888889,56,313841.17670944176,2781.508128662112,579.6898820209356,197.5078613811602,217.87077607916095,5,0.7707691312771655,0.0021116962500744257,10.629280161400386,24.094089422356614
2074,20161,Wheat,14763447.35949416,1476.3447359494162,1.8461890841841313,all_cult,Wheat,NA,NA,89,131394.68149949805,2549.6304229736356,355.65101576721867,275.1019892237409,112.31978227290668,5,0.7707691312771655,0.0021116962500744257,10.629280161400386,24.094089422356614
2074,20177,Corn,132475537.80653152,13247.553780653152,9.091050553311547,all_cult,Corn,0.12030458771317423,83,250,3311888.445163288,2803.569609375003,641.107982952287,203.2137325374863,223.2222218606692,5,0.8638684350217508,0.00236676283567603,11.115995700783948,23.87863920028898
2074,20177,Developed,255013934.0237044,25501.393402370442,17.50017100813045,developed,NA,NA,NA,NA,NA,NA,NA,NA,NA,NA,0.8638684350217508,0.00236676283567603,11.115995700783948,23.87863920028898
2074,20177,Double Crop,2797246.7569815805,279.7246756981581,0.19195930130847558,all_cult,NA,NA,NA,NA,NA,NA,NA,NA,NA,NA,0.8638684350217508,0.00236676283567603,11.115995700783948,23.87863920028898
2074,20177,Grass/Pasture/Shrubland,626083355.6398722,62608.33556398722,42.96457693964075,grassPastureHay,NA,NA,NA,NA,NA,NA,NA,NA,NA,NA,0.8638684350217508,0.00236676283567603,11.115995700783948,23.87863920028898
2074,20177,Other Crops,33361526.081880283,3336.1526081880284,2.289413767762353,all_cult,NA,NA,NA,NA,NA,NA,NA,NA,NA,NA,0.8638684350217508,0.00236676283567603,11.115995700783948,23.87863920028898
2074,20177,Sorghum,2303954.5452317544,230.39545452317543,0.15810743319134585,all_cult,Sorghum,NA,NA,112,25804.29090659565,2803.569609375003,641.107982952287,203.2137325374863,223.2222218606692,5,0.8638684350217508,0.00236676283567603,11.115995700783948,23.87863920028898
2074,20177,Soybeans,145627766.023613,14562.7766023613,9.993613951731533,all_cult,Soybeans,0.09768281806034469,42.833333333333336,56,815515.4897322329,2803.569609375003,641.107982952287,203.2137325374863,223.2222218606692,5,0.8638684350217508,0.00236676283567603,11.115995700783948,23.87863920028898
2074,20177,Wheat,9565647.685078032,956.5647685078033,0.656436562704971,all_cult,Wheat,NA,NA,89,85134.26439719449,2583.4002252197297,405.3409824225743,271.92219715031933,123.34889383893098,5,0.8638684350217508,0.00236676283567603,11.115995700783948,23.87863920028898
2074,20197,Corn,69733578.79693311,6973.357879693312,4.536852294529976,all_cult,Corn,0.14186117514330646,28.666666666666668,250,1743339.469923328,2783.600656127933,609.3130936594489,204.5971562073903,226.50448347827384,5,0.8156431875888509,0.002234638870106441,10.795753909594415,23.93853452081552
2074,20197,Developed,54289406.85937861,5428.940685937861,3.5320576446519008,developed,NA,NA,NA,NA,NA,NA,NA,NA,NA,NA,0.8156431875888509,0.002234638870106441,10.795753909594415,23.93853452081552
2074,20197,Double Crop,1125869.9276987636,112.58699276987635,0.07324886594013556,all_cult,NA,NA,NA,NA,NA,NA,NA,NA,NA,NA,0.8156431875888509,0.002234638870106441,10.795753909594415,23.93853452081552
2074,20197,Grass/Pasture/Shrubland,1169502873.1037595,116950.28731037596,76.08761639426346,grassPastureHay,NA,NA,NA,NA,NA,NA,NA,NA,NA,NA,0.8156431875888509,0.002234638870106441,10.795753909594415,23.93853452081552
2074,20197,Other Crops,29094649.42529061,2909.464942529061,1.8928919077573607,all_cult,NA,NA,NA,NA,NA,NA,NA,NA,NA,NA,0.8156431875888509,0.002234638870106441,10.795753909594415,23.93853452081552
2074,20197,Sorghum,3287931.385599168,328.7931385599168,0.21391213972326276,all_cult,Sorghum,NA,NA,112,36824.831518710685,2783.600656127933,609.3130936594489,204.5971562073903,226.50448347827384,5,0.8156431875888509,0.002234638870106441,10.795753909594415,23.93853452081552
2074,20197,Soybeans,83491332.16381498,8349.133216381497,5.431928899043218,all_cult,Soybeans,0.12942046457519057,22.77777777777778,56,467551.46011736384,2783.600656127933,609.3130936594489,204.5971562073903,226.50448347827384,5,0.8156431875888509,0.002234638870106441,10.795753909594415,23.93853452081552
2074,20197,Wheat,7530280.724868099,753.02807248681,0.4899185152185996,all_cult,Wheat,NA,NA,89,67019.49845132609,2556.6753991699247,386.18190629046455,273.80588185928144,129.29856575150308,5,0.8156431875888509,0.002234638870106441,10.795753909594415,23.93853452081552
2074,20209,Corn,2798441.748604609,279.8441748604609,1.0907251789658858,all_cult,Corn,NA,NA,250,69961.04371511523,2858.9652612304717,710.3988001703868,193.31104276453053,277.84035472715516,5,0.9572560042780142,0.0026226191898027786,11.824010202068195,23.691981936938166
2074,20209,Developed,144515431.86680782,14451.543186680783,56.32656829996687,developed,NA,NA,NA,NA,NA,NA,NA,NA,NA,NA,0.9572560042780142,0.0026226191898027786,11.824010202068195,23.691981936938166
2074,20209,Double Crop,152719.71803613545,15.271971803613546,0.05952428413764306,all_cult,NA,NA,NA,NA,NA,NA,NA,NA,NA,NA,0.9572560042780142,0.0026226191898027786,11.824010202068195,23.691981936938166
2074,20209,Grass/Pasture/Shrubland,41083799.11850462,4108.379911850462,16.01288794682744,grassPastureHay,NA,NA,NA,NA,NA,NA,NA,NA,NA,NA,0.9572560042780142,0.0026226191898027786,11.824010202068195,23.691981936938166
2074,20209,Other Crops,1959154.8527385148,195.91548527385146,0.7636033619211925,all_cult,NA,NA,NA,NA,NA,NA,NA,NA,NA,NA,0.9572560042780142,0.0026226191898027786,11.824010202068195,23.691981936938166
2074,20209,Sorghum,54127.80426680527,5.412780426680527,0.02109694047602745,all_cult,Sorghum,NA,NA,112,606.231407788219,2858.9652612304717,710.3988001703868,193.31104276453053,277.84035472715516,5,0.9572560042780142,0.0026226191898027786,11.824010202068195,23.691981936938166
2074,20209,Soybeans,8244134.676247953,824.4134676247953,3.213247256139296,all_cult,Soybeans,0.14562756367793683,4.75,56,46167.15418698854,2858.9652612304717,710.3988001703868,193.31104276453053,277.84035472715516,5,0.9572560042780142,0.0026226191898027786,11.824010202068195,23.691981936938166
2074,20209,Wheat,234900.57353758038,23.49005735375804,0.09155522720411169,all_cult,Wheat,NA,NA,89,2090.6151044844655,2614.929175415042,435.0451773593264,270.2245950724574,120.454898487358,5,0.9572560042780142,0.0026226191898027786,11.824010202068195,23.691981936938166
