Year,FIPS,LandCover,area_m2,area_ha,area_prc,LandCoverGroup,Crop,irrigation_WaterUse_m,n_pdiv,fertilizer_kgHa,fertilizer_kgCrop,GDD,precip_gs_mm,GDD_sd,precip_gs_mm_sd,n_gcms,precip_m,precip_m_avg,tmin_C_avg,tmax_C_avg
2025,20005,Corn,172734778.84431297,17273.477884431297,23.078910848652363,all_cult,Corn,0.10724545034749912,6.181818181818182,250,4318369.471107824,2388.877994384769,794.0274057133294,155.56036063732478,246.3696128964373,5,1.0375149743888812,0.00284250677914762,8.259227696248953,20.571807836245206
2025,20005,Developed,36578638.84791646,3657.863884791646,4.88723319405755,developed,NA,NA,NA,NA,NA,NA,NA,NA,NA,NA,1.0375149743888812,0.00284250677914762,8.259227696248953,20.571807836245206
2025,20005,Double Crop,1451158.554832854,145.11585548328543,0.1938877575107932,all_cult,NA,NA,NA,NA,NA,NA,NA,NA,NA,NA,1.0375149743888812,0.00284250677914762,8.259227696248953,20.571807836245206
2025,20005,Grass/Pasture/Shrubland,215288406.86893737,21528.840686893738,28.764456018176027,grassPastureHay,NA,NA,NA,NA,NA,NA,NA,NA,NA,NA,1.0375149743888812,0.00284250677914762,8.259227696248953,20.571807836245206
2025,20005,Other Crops,29204979.705745928,2920.4979705745927,3.902046405912905,all_cult,NA,NA,NA,NA,NA,NA,NA,NA,NA,NA,1.0375149743888812,0.00284250677914762,8.259227696248953,20.571807836245206
2025,20005,Sorghum,732239.3724075308,73.22393724075309,0.09783372699309156,all_cult,Sorghum,NA,NA,112,8201.080970964345,2388.877994384769,794.0274057133294,155.56036063732478,246.3696128964373,5,1.0375149743888812,0.00284250677914762,8.259227696248953,20.571807836245206
2025,20005,Soybeans,181600576.65296197,18160.057665296197,24.263460703620524,all_cult,Soybeans,0.07483265359624193,5,56,1016963.2292565871,2388.877994384769,794.0274057133294,155.56036063732478,246.3696128964373,5,1.0375149743888812,0.00284250677914762,8.259227696248953,20.571807836245206
2025,20005,Wheat,5908069.702597459,590.8069702597459,0.7893709354082403,all_cult,Wheat,NA,NA,89,52581.82035311738,2234.166581420902,436.2425101648379,146.0643681359033,46.44279869343245,5,1.0375149743888812,0.00284250677914762,8.259227696248953,20.571807836245206
2025,20013,Corn,113276297.82191704,11327.629782191703,25.36090350021212,all_cult,Corn,0.12646432205391206,17.5625,250,2831907.445547926,2354.968334350589,771.890922089708,154.12646216572796,234.62360508530347,5,1.0128646338803295,0.002774971599672136,7.746069494796149,20.551428991866462
2025,20013,Developed,24170977.38782201,2417.0977387822013,5.411527714315524,developed,NA,NA,NA,NA,NA,NA,NA,NA,NA,NA,1.0128646338803295,0.002774971599672136,7.746069494796149,20.551428991866462
2025,20013,Double Crop,542048.8992527233,54.20488992527234,0.12135680712267008,all_cult,NA,NA,NA,NA,NA,NA,NA,NA,NA,NA,1.0128646338803295,0.002774971599672136,7.746069494796149,20.551428991866462
2025,20013,Grass/Pasture/Shrubland,122499833.68113159,12249.983368113159,27.425918047421547,grassPastureHay,NA,NA,NA,NA,NA,NA,NA,NA,NA,NA,1.0128646338803295,0.002774971599672136,7.746069494796149,20.551428991866462
2025,20013,Other Crops,13090232.71280689,1309.023271280689,2.9307113227404837,all_cult,NA,NA,NA,NA,NA,NA,NA,NA,NA,NA,1.0128646338803295,0.002774971599672136,7.746069494796149,20.551428991866462
2025,20013,Sorghum,333636.9508835004,33.363695088350035,0.07469642527304013,all_cult,Sorghum,NA,NA,112,3736.733849895204,2354.968334350589,771.890922089708,154.12646216572796,234.62360508530347,5,1.0128646338803295,0.002774971599672136,7.746069494796149,20.551428991866462
2025,20013,Soybeans,123405327.24801578,12340.532724801578,27.62864479089188,all_cult,Soybeans,0.10147480973744562,10.461538461538462,56,691069.8325888884,2354.968334350589,771.890922089708,154.12646216572796,234.62360508530347,5,1.0128646338803295,0.002774971599672136,7.746069494796149,20.551428991866462
2025,20013,Wheat,3906288.4515680084,390.6288451568008,0.8745607542714157,all_cult,Wheat,NA,NA,89,34765.96721895527,2194.7786077880887,428.6102073038561,144.752872276331,36.04111037681997,5,1.0128646338803295,0.002774971599672136,7.746069494796149,20.551428991866462
2025,20045,Corn,74392843.99321488,7439.284399321487,7.631923083362056,all_cult,Corn,0.1459526935617447,11,250,1859821.0998303718,2432.4772442626986,851.2934990588034,154.8334647558983,245.35954344721216,5,1.1078044684844575,0.0030350807355738556,8.921525017725301,20.797149114739426
2025,20045,Developed,130402436.2681122,13040.24362681122,13.37791795635647,developed,NA,NA,NA,NA,NA,NA,NA,NA,NA,NA,1.1078044684844575,0.0030350807355738556,8.921525017725301,20.797149114739426
2025,20045,Double Crop,4220114.888463862,422.01148884638627,0.4329393864098648,all_cult,NA,NA,NA,NA,NA,NA,NA,NA,NA,NA,1.1078044684844575,0.0030350807355738556,8.921525017725301,20.797149114739426
2025,20045,Grass/Pasture/Shrubland,354830010.0217444,35483.00100217444,36.40182575089523,grassPastureHay,NA,NA,NA,NA,NA,NA,NA,NA,NA,NA,1.1078044684844575,0.0030350807355738556,8.921525017725301,20.797149114739426
2025,20045,Other Crops,37964614.628596716,3796.4614628596714,3.8947700233285687,all_cult,NA,NA,NA,NA,NA,NA,NA,NA,NA,NA,1.1078044684844575,0.0030350807355738556,8.921525017725301,20.797149114739426
2025,20045,Sorghum,671055.755263424,67.1055755263424,0.06884326010288025,all_cult,Sorghum,NA,NA,112,7515.824458950349,2432.4772442626986,851.2934990588034,154.8334647558983,245.35954344721216,5,1.1078044684844575,0.0030350807355738556,8.921525017725301,20.797149114739426
2025,20045,Soybeans,100028766.3995359,10002.876639953589,10.261898998705805,all_cult,Soybeans,0.11420951862362651,8.5,56,560161.091837401,2432.4772442626986,851.2934990588034,154.8334647558983,245.35954344721216,5,1.1078044684844575,0.0030350807355738556,8.921525017725301,20.797149114739426
2025,20045,Wheat,7085783.937909698,708.5783937909698,0.7269268802840957,all_cult,Wheat,NA,NA,89,63063.477047396314,2303.917764892581,467.35616657895326,149.9678221083057,44.26872459564179,5,1.1078044684844575,0.0030350807355738556,8.921525017725301,20.797149114739426
2025,20061,Corn,31722102.062803604,3172.21020628036,4.044269831598419,all_cult,Corn,0.16936452361704205,12.944444444444445,250,793052.55157009,2376.0778039550814,752.8706922946061,160.31393388234775,214.3535331250063,5,0.97346265002184,0.002667020958963945,8.14051640758778,21.10863194295807
2025,20061,Developed,61171563.9285717,6117.15639285717,7.798799400437711,developed,NA,NA,NA,NA,NA,NA,NA,NA,NA,NA,0.97346265002184,0.002667020958963945,8.14051640758778,21.10863194295807
2025,20061,Double Crop,5604030.762346523,560.4030762346523,0.7144612454318694,all_cult,NA,NA,NA,NA,NA,NA,NA,NA,NA,NA,0.97346265002184,0.002667020958963945,8.14051640758778,21.10863194295807
2025,20061,Grass/Pasture/Shrubland,476190220.2809351,47619.02202809351,60.70977699307564,grassPastureHay,NA,NA,NA,NA,NA,NA,NA,NA,NA,NA,0.97346265002184,0.002667020958963945,8.14051640758778,21.10863194295807
2025,20061,Other Crops,18227803.79878525,1822.7803798785249,2.323873646638379,all_cult,NA,NA,NA,NA,NA,NA,NA,NA,NA,NA,0.97346265002184,0.002667020958963945,8.14051640758778,21.10863194295807
2025,20061,Sorghum,5491901.736070833,549.1901736070832,0.7001658485721192,all_cult,Sorghum,NA,NA,112,61509.299443993325,2376.0778039550814,752.8706922946061,160.31393388234775,214.3535331250063,5,0.97346265002184,0.002667020958963945,8.14051640758778,21.10863194295807
2025,20061,Soybeans,39491221.54782481,3949.1221547824807,5.03475953777074,all_cult,Soybeans,0.12217913528938978,7.666666666666667,56,221150.8406678189,2376.0778039550814,752.8706922946061,160.31393388234775,214.3535331250063,5,0.97346265002184,0.002667020958963945,8.14051640758778,21.10863194295807
2025,20061,Wheat,15495075.277191846,1549.5075277191845,1.9754764472362665,all_cult,Wheat,NA,NA,89,137906.16996700742,2271.604545288089,416.82700140631096,146.11380564446296,27.639428384986285,5,0.97346265002184,0.002667020958963945,8.14051640758778,21.10863194295807
2025,20085,Corn,134933024.35661882,13493.30243566188,7.9306511901880965,all_cult,Corn,NA,NA,250,3373325.60891547,2372.817058105472,777.5267368668491,158.3460417109657,216.63380306330404,5,1.017795334689944,0.0027884803690135453,8.009499745826222,20.749326222040906
2025,20085,Developed,75618361.35140783,7561.836135140783,4.444448275810096,developed,NA,NA,NA,NA,NA,NA,NA,NA,NA,NA,1.017795334689944,0.0027884803690135453,8.009499745826222,20.749326222040906
2025,20085,Double Crop,1864792.83802623,186.479283802623,0.10960268333762817,all_cult,NA,NA,NA,NA,NA,NA,NA,NA,NA,NA,1.017795334689944,0.0027884803690135453,8.009499745826222,20.749326222040906
2025,20085,Grass/Pasture/Shrubland,941187748.5802637,94118.77485802637,55.31804963283908,grassPastureHay,NA,NA,NA,NA,NA,NA,NA,NA,NA,NA,1.017795334689944,0.0027884803690135453,8.009499745826222,20.749326222040906
2025,20085,Other Crops,98052397.627671,9805.2397627671,5.7630025537076115,all_cult,NA,NA,NA,NA,NA,NA,NA,NA,NA,NA,1.017795334689944,0.0027884803690135453,8.009499745826222,20.749326222040906
2025,20085,Sorghum,4069081.398774073,406.9081398774073,0.23915913388905596,all_cult,Sorghum,NA,NA,112,45573.71166626961,2372.817058105472,777.5267368668491,158.3460417109657,216.63380306330404,5,1.017795334689944,0.0027884803690135453,8.009499745826222,20.749326222040906
2025,20085,Soybeans,170772946.2930534,17077.29462930534,10.037132690300496,all_cult,Soybeans,NA,NA,56,956328.499241099,2372.817058105472,777.5267368668491,158.3460417109657,216.63380306330404,5,1.017795334689944,0.0027884803690135453,8.009499745826222,20.749326222040906
2025,20085,Wheat,13725583.902961861,1372.5583902961862,0.8067173980208171,all_cult,Wheat,NA,NA,89,122157.69673636057,2234.4240460205106,430.03073343928605,149.71067527610222,21.539635163619156,5,1.017795334689944,0.0027884803690135453,8.009499745826222,20.749326222040906
2025,20087,Corn,155094058.297135,15509.4058297135,10.788896738521789,all_cult,Corn,0.13078338055311117,25.77777777777778,250,3877351.457428375,2399.6507696533236,822.21464450421,157.84393650578104,238.3327831399805,5,1.07013382750176,0.002931873500004822,8.542558861301393,20.63468172256263
2025,20087,Developed,83037617.78054704,8303.761778054704,5.7763933285619125,developed,NA,NA,NA,NA,NA,NA,NA,NA,NA,NA,1.07013382750176,0.002931873500004822,8.542558861301393,20.63468172256263
2025,20087,Double Crop,3214015.8179615135,321.4015817961514,0.2235784217441099,all_cult,NA,NA,NA,NA,NA,NA,NA,NA,NA,NA,1.07013382750176,0.002931873500004822,8.542558861301393,20.63468172256263
2025,20087,Grass/Pasture/Shrubland,533878677.1787268,53387.86771787268,37.138507962340775,grassPastureHay,NA,NA,NA,NA,NA,NA,NA,NA,NA,NA,1.07013382750176,0.002931873500004822,8.542558861301393,20.63468172256263
2025,20087,Other Crops,67978226.39294052,6797.822639294052,4.728808266891807,all_cult,NA,NA,NA,NA,NA,NA,NA,NA,NA,NA,1.07013382750176,0.002931873500004822,8.542558861301393,20.63468172256263
2025,20087,Sorghum,2078940.1655916602,207.89401655916603,0.1446185045281528,all_cult,Sorghum,NA,NA,112,23284.129854626597,2399.6507696533236,822.21464450421,157.84393650578104,238.3327831399805,5,1.07013382750176,0.002931873500004822,8.542558861301393,20.63468172256263
2025,20087,Soybeans,173639107.61438552,17363.91076143855,12.078956617613274,all_cult,Soybeans,0.09985991575255485,13.833333333333334,56,972379.0026405589,2399.6507696533236,822.21464450421,157.84393650578104,238.3327831399805,5,1.07013382750176,0.002931873500004822,8.542558861301393,20.63468172256263
2025,20087,Wheat,7377427.0278590415,737.7427027859042,0.5132001784817648,all_cult,Wheat,NA,NA,89,65659.10054794548,2264.819450073245,454.9313338879897,149.46432343317818,44.231027539806725,5,1.07013382750176,0.002931873500004822,8.542558861301393,20.63468172256263
2025,20091,Corn,20137063.169311535,2013.7063169311532,3.334881975218613,all_cult,Corn,0.14955141172933145,4,250,503426.5792327883,2438.586363525394,876.428178512178,152.65263002715034,243.9601334043684,5,1.1505119045504146,0.0031520874097271633,9.115841733331573,20.63143255364407
2025,20091,Developed,271607528.4848879,27160.752848488788,44.98069273866694,developed,NA,NA,NA,NA,NA,NA,NA,NA,NA,NA,1.1505119045504146,0.0031520874097271633,9.115841733331573,20.63143255364407
2025,20091,Double Crop,2013905.6882216034,201.39056882216036,0.3335212152324038,all_cult,NA,NA,NA,NA,NA,NA,NA,NA,NA,NA,1.1505119045504146,0.0031520874097271633,9.115841733331573,20.63143255364407
2025,20091,Grass/Pasture/Shrubland,139667491.4795437,13966.749147954368,23.130214964462166,grassPastureHay,NA,NA,NA,NA,NA,NA,NA,NA,NA,NA,1.1505119045504146,0.0031520874097271633,9.115841733331573,20.63143255364407
2025,20091,Other Crops,14581458.923742233,1458.1458923742232,2.4148230617504245,all_cult,NA,NA,NA,NA,NA,NA,NA,NA,NA,NA,1.1505119045504146,0.0031520874097271633,9.115841733331573,20.63143255364407
2025,20091,Sorghum,265245.84730308503,26.524584730308504,0.043927140106542625,all_cult,Sorghum,NA,NA,112,2970.7534897945525,2438.586363525394,876.428178512178,152.65263002715034,243.9601334043684,5,1.1505119045504146,0.0031520874097271633,9.115841733331573,20.63143255364407
2025,20091,Soybeans,40506888.73460731,4050.688873460731,6.708311533684595,all_cult,Soybeans,NA,NA,56,226838.57691380093,2438.586363525394,876.428178512178,152.65263002715034,243.9601334043684,5,1.1505119045504146,0.0031520874097271633,9.115841733331573,20.63143255364407
2025,20091,Wheat,3047090.5931461067,304.70905931461067,0.5046260922212007,all_cult,Wheat,NA,NA,89,27119.10627900035,2303.2696069335966,471.6651813263138,148.4827111556899,48.176950404134715,5,1.1505119045504146,0.0031520874097271633,9.115841733331573,20.63143255364407
2025,20103,Corn,55676654.53817842,5567.665453817842,6.162232243462533,all_cult,Corn,0.09926099891867379,4.75,250,1391916.3634544604,2427.5577465820347,840.1568624223294,154.14195229777047,239.93611345300917,5,1.0983617668007408,0.0030092103200020292,8.836825344137972,20.670607475385296
2025,20103,Developed,66222526.18511143,6622.252618511144,7.329437975150055,developed,NA,NA,NA,NA,NA,NA,NA,NA,NA,NA,1.0983617668007408,0.0030092103200020292,8.836825344137972,20.670607475385296
2025,20103,Double Crop,2239300.7972116056,223.93007972116058,0.2478434038440015,all_cult,NA,NA,NA,NA,NA,NA,NA,NA,NA,NA,1.0983617668007408,0.0030092103200020292,8.836825344137972,20.670607475385296
2025,20103,Grass/Pasture/Shrubland,361083573.13099504,36108.3573130995,39.96434152498699,grassPastureHay,NA,NA,NA,NA,NA,NA,NA,NA,NA,NA,1.0983617668007408,0.0030092103200020292,8.836825344137972,20.670607475385296
2025,20103,Other Crops,54377617.6404599,5437.76176404599,6.018456236750789,all_cult,NA,NA,NA,NA,NA,NA,NA,NA,NA,NA,1.0983617668007408,0.0030092103200020292,8.836825344137972,20.670607475385296
2025,20103,Sorghum,567901.3203360821,56.79013203360822,0.06285470735100035,all_cult,Sorghum,NA,NA,112,6360.494787764121,2427.5577465820347,840.1568624223294,154.14195229777047,239.93611345300917,5,1.0983617668007408,0.0030092103200020292,8.836825344137972,20.670607475385296
2025,20103,Soybeans,101039226.18326606,10103.922618326606,11.18291288522158,all_cult,Soybeans,0.11410095968932568,4.571428571428571,56,565819.66662629,2427.5577465820347,840.1568624223294,154.14195229777047,239.93611345300917,5,1.0983617668007408,0.0030092103200020292,8.836825344137972,20.670607475385296
2025,20103,Wheat,4817340.8524583215,481.7340852458321,0.5331781044497215,all_cult,Wheat,NA,NA,89,42874.33358687905,2284.814639892581,456.00629351151736,148.45204329874124,48.789629558237294,5,1.0983617668007408,0.0030092103200020292,8.836825344137972,20.670607475385296
2025,20117,Corn,1797933.5665907045,179.79335665907044,8.787790125047634,all_cult,Corn,0.16261062771687598,15.722222222222221,250,44948.33916476761,2317.8963275146516,753.3908697318211,156.7845735981674,221.93406226757216,5,0.9696595528583162,0.002656601514680318,7.503403086205075,20.433280840311987
2025,20117,Developed,709093.4285035765,70.90934285035766,3.465847873654197,developed,NA,NA,NA,NA,NA,NA,NA,NA,NA,NA,0.9696595528583162,0.002656601514680318,7.503403086205075,20.433280840311987
2025,20117,Double Crop,17005.082052877187,1.700508205287719,0.08311602548433755,all_cult,NA,NA,NA,NA,NA,NA,NA,NA,NA,NA,0.9696595528583162,0.002656601514680318,7.503403086205075,20.433280840311987
2025,20117,Grass/Pasture/Shrubland,13608757.209524421,1360.8757209524422,66.51575143947134,grassPastureHay,NA,NA,NA,NA,NA,NA,NA,NA,NA,NA,0.9696595528583162,0.002656601514680318,7.503403086205075,20.433280840311987
2025,20117,Other Crops,368569.7378671669,36.856973786716694,1.801464505144208,all_cult,NA,NA,NA,NA,NA,NA,NA,NA,NA,NA,0.9696595528583162,0.002656601514680318,7.503403086205075,20.433280840311987
2025,20117,Sorghum,113210.96189225193,11.321096189225193,0.5533431220433721,all_cult,Sorghum,NA,NA,112,1267.9627731932217,2317.8963275146516,753.3908697318211,156.7845735981674,221.93406226757216,5,0.9696595528583162,0.002656601514680318,7.503403086205075,20.433280840311987
2025,20117,Soybeans,2250086.8872694396,225.00868872694397,10.99778751332857,all_cult,Soybeans,0.12228514283699721,8.25,56,12600.486568708862,2317.8963275146516,753.3908697318211,156.7845735981674,221.93406226757216,5,0.9696595528583162,0.002656601514680318,7.503403086205075,20.433280840311987
2025,20117,Wheat,234744.84118524572,23.474484118524572,1.1473663074132867,all_cult,Wheat,NA,NA,89,2089.229086548687,2176.9187603759797,409.9097843975797,142.611902672891,25.21191560900163,5,0.9696595528583162,0.002656601514680318,7.503403086205075,20.433280840311987
2025,20127,Corn,10941387.892613748,1094.1387892613748,4.064821675495574,all_cult,Corn,NA,NA,250,273534.6973153437,2373.863329467777,761.2603658845035,155.5653494592961,219.48937118979973,5,0.9805194773808767,0.0026863547325503474,8.162114583890755,21.107824807363038
2025,20127,Developed,12128694.282144045,1212.8694282144045,4.50591642462472,developed,NA,NA,NA,NA,NA,NA,NA,NA,NA,NA,0.9805194773808767,0.0026863547325503474,8.162114583890755,21.107824807363038
2025,20127,Double Crop,4499199.088895911,449.9199088895911,1.671491967784096,all_cult,NA,NA,NA,NA,NA,NA,NA,NA,NA,NA,0.9805194773808767,0.0026863547325503474,8.162114583890755,21.107824807363038
2025,20127,Grass/Pasture/Shrubland,158101691.18434784,15810.169118434784,58.73616652348874,grassPastureHay,NA,NA,NA,NA,NA,NA,NA,NA,NA,NA,0.9805194773808767,0.0026863547325503474,8.162114583890755,21.107824807363038
2025,20127,Other Crops,10981377.128665583,1098.1377128665583,4.079678027823576,all_cult,NA,NA,NA,NA,NA,NA,NA,NA,NA,NA,0.9805194773808767,0.0026863547325503474,8.162114583890755,21.107824807363038
2025,20127,Sorghum,7272388.587591114,727.2388587591115,2.701756217181813,all_cult,Sorghum,NA,NA,112,81450.75218102049,2373.863329467777,761.2603658845035,155.5653494592961,219.48937118979973,5,0.9805194773808767,0.0026863547325503474,8.162114583890755,21.107824807363038
2025,20127,Soybeans,28686301.015498407,2868.6301015498407,10.657212713965244,all_cult,Soybeans,0.11686486262093489,4,56,160643.2856867911,2373.863329467777,761.2603658845035,155.5653494592961,219.48937118979973,5,0.9805194773808767,0.0026863547325503474,8.162114583890755,21.107824807363038
2025,20127,Wheat,20934850.636842933,2093.485063684293,7.777480834890052,all_cult,Wheat,NA,NA,89,186320.17066790207,2276.2149536132843,425.0425997473061,143.96654881706925,40.98243182987521,5,0.9805194773808767,0.0026863547325503474,8.162114583890755,21.107824807363038
2025,20131,Corn,124792211.963085,12479.2211963085,16.444051346315263,all_cult,Corn,0.12528513936677563,9.454545454545455,250,3119805.299077125,2323.1930828857453,752.3992295596717,155.6592444171773,218.07340108364437,5,0.9778384206630599,0.0026790093716796163,7.520555077121705,20.361444058352976
2025,20131,Developed,34827921.40223819,3482.792140223819,4.589325878711502,developed,NA,NA,NA,NA,NA,NA,NA,NA,NA,NA,0.9778384206630599,0.0026790093716796163,7.520555077121705,20.361444058352976
2025,20131,Double Crop,1288597.7379512293,128.85977379512295,0.1698003988733199,all_cult,NA,NA,NA,NA,NA,NA,NA,NA,NA,NA,0.9778384206630599,0.0026790093716796163,7.520555077121705,20.361444058352976
2025,20131,Grass/Pasture/Shrubland,328086582.4549448,32808.65824549448,43.232446344665604,grassPastureHay,NA,NA,NA,NA,NA,NA,NA,NA,NA,NA,0.9778384206630599,0.0026790093716796163,7.520555077121705,20.361444058352976
2025,20131,Other Crops,27101730.321978156,2710.1730321978157,3.5712344382550913,all_cult,NA,NA,NA,NA,NA,NA,NA,NA,NA,NA,0.9778384206630599,0.0026790093716796163,7.520555077121705,20.361444058352976
2025,20131,Sorghum,2055671.3741418559,205.5671374141856,0.2708788080264065,all_cult,Sorghum,NA,NA,112,23023.519390388785,2323.1930828857453,752.3992295596717,155.6592444171773,218.07340108364437,5,0.9778384206630599,0.0026790093716796163,7.520555077121705,20.361444058352976
2025,20131,Soybeans,136674912.54505298,13667.491254505298,18.00985209164201,all_cult,Soybeans,0.1067341402930363,5.142857142857143,56,765379.5102522967,2323.1930828857453,752.3992295596717,155.6592444171773,218.07340108364437,5,0.9778384206630599,0.0026790093716796163,7.520555077121705,20.361444058352976
2025,20131,Wheat,9588450.555545796,958.8450555545795,1.2634840811511674,all_cult,Wheat,NA,NA,89,85337.20994435757,2166.883695068362,414.42997403514386,145.29168374176066,27.08778916176176,5,0.9778384206630599,0.0026790093716796163,7.520555077121705,20.361444058352976
2025,20139,Corn,20890964.22588984,2089.096422588984,9.4988079569725965,all_cult,Corn,NA,NA,250,522274.10564724595,2398.835563964847,837.3844783613642,153.2116413972654,244.13870410706815,5,1.0783270504116411,0.002954320686059291,8.554075693626949,20.80263827389236
2025,20139,Developed,11858545.489950646,1185.8545489950645,5.391902692479325,developed,NA,NA,NA,NA,NA,NA,NA,NA,NA,NA,1.0783270504116411,0.002954320686059291,8.554075693626949,20.80263827389236
2025,20139,Double Crop,1849135.1156913848,184.91351156913848,0.8407739901578724,all_cult,NA,NA,NA,NA,NA,NA,NA,NA,NA,NA,1.0783270504116411,0.002954320686059291,8.554075693626949,20.80263827389236
2025,20139,Grass/Pasture/Shrubland,108139234.26990536,10813.923426990536,49.1692871538651,grassPastureHay,NA,NA,NA,NA,NA,NA,NA,NA,NA,NA,1.0783270504116411,0.002954320686059291,8.554075693626949,20.80263827389236
2025,20139,Other Crops,6302951.103083336,630.2951103083336,2.86585728849129,all_cult,NA,NA,NA,NA,NA,NA,NA,NA,NA,NA,1.0783270504116411,0.002954320686059291,8.554075693626949,20.80263827389236
2025,20139,Sorghum,252758.48461129973,25.27584846112997,0.11492549021948671,all_cult,Sorghum,NA,NA,112,2830.8950276465566,2398.835563964847,837.3844783613642,153.2116413972654,244.13870410706815,5,1.0783270504116411,0.002954320686059291,8.554075693626949,20.80263827389236
2025,20139,Soybeans,28064514.38751116,2806.4514387511163,12.76051357372463,all_cult,Soybeans,NA,NA,56,157161.28057006252,2398.835563964847,837.3844783613642,153.2116413972654,244.13870410706815,5,1.0783270504116411,0.002954320686059291,8.554075693626949,20.80263827389236
2025,20139,Wheat,1738320.944623076,173.8320944623076,0.7903884493801757,all_cult,Wheat,NA,NA,89,15471.056407145375,2286.8869158935577,466.7782331028076,150.5366133286188,47.19414538235539,5,1.0783270504116411,0.002954320686059291,8.554075693626949,20.80263827389236
2025,20149,Corn,136791901.8519852,13679.190185198519,7.982141503627487,all_cult,Corn,0.1326174661314905,62.44444444444444,250,3419797.54629963,2365.84978393555,746.8323516181215,159.7923056883245,201.4366718123939,5,0.968682375237781,0.002653924315719948,7.911979863415048,20.884274200021427
2025,20149,Developed,87781477.02653997,8778.147702653996,5.122263537072818,developed,NA,NA,NA,NA,NA,NA,NA,NA,NA,NA,0.968682375237781,0.002653924315719948,7.911979863415048,20.884274200021427
2025,20149,Double Crop,1803166.4492782145,180.31664492782144,0.1052191654466961,all_cult,NA,NA,NA,NA,NA,NA,NA,NA,NA,NA,0.968682375237781,0.002653924315719948,7.911979863415048,20.884274200021427
2025,20149,Grass/Pasture/Shrubland,1058221194.9777538,105822.11949777538,61.749790785057485,grassPastureHay,NA,NA,NA,NA,NA,NA,NA,NA,NA,NA,0.968682375237781,0.002653924315719948,7.911979863415048,20.884274200021427
2025,20149,Other Crops,34485813.7618199,3448.58137618199,2.012331443512244,all_cult,NA,NA,NA,NA,NA,NA,NA,NA,NA,NA,0.968682375237781,0.002653924315719948,7.911979863415048,20.884274200021427
2025,20149,Sorghum,5647082.09049503,564.708209049503,0.3295210295248753,all_cult,Sorghum,NA,NA,112,63247.319413544334,2365.84978393555,746.8323516181215,159.7923056883245,201.4366718123939,5,0.968682375237781,0.002653924315719948,7.911979863415048,20.884274200021427
2025,20149,Soybeans,153915907.33370754,15391.590733370755,8.98136903839706,all_cult,Soybeans,0.11392545848870632,51.611111111111114,56,861929.0810687622,2365.84978393555,746.8323516181215,159.7923056883245,201.4366718123939,5,0.968682375237781,0.002653924315719948,7.911979863415048,20.884274200021427
2025,20149,Wheat,13424373.002870617,1342.4373002870618,0.7833449455387832,all_cult,Wheat,NA,NA,89,119476.9197255485,2238.888706665042,410.58102426511783,147.92103295539647,15.917577073661365,5,0.968682375237781,0.002653924315719948,7.911979863415048,20.884274200021427
2025,20161,Corn,29887562.457934357,2988.756245793436,3.7374801575206362,all_cult,Corn,0.14127372152863188,12.444444444444445,250,747189.0614483589,2375.034200439456,735.3116806172748,158.8620320494454,204.38158814974983,5,0.9503804670902556,0.0026037821016171385,7.999403485859933,21.128029852044115
2025,20161,Developed,93189704.06140432,9318.970406140432,11.653498685445852,developed,NA,NA,NA,NA,NA,NA,NA,NA,NA,NA,0.9503804670902556,0.0026037821016171385,7.999403485859933,21.128029852044115
2025,20161,Double Crop,2321662.5391971655,232.16625391971652,0.2903270443991936,all_cult,NA,NA,NA,NA,NA,NA,NA,NA,NA,NA,0.9503804670902556,0.0026037821016171385,7.999403485859933,21.128029852044115
2025,20161,Grass/Pasture/Shrubland,421935273.9416269,42193.527394162695,52.76357736882686,grassPastureHay,NA,NA,NA,NA,NA,NA,NA,NA,NA,NA,0.9503804670902556,0.0026037821016171385,7.999403485859933,21.128029852044115
2025,20161,Other Crops,10313350.483787943,1031.3350483787942,1.2896984437913022,all_cult,NA,NA,NA,NA,NA,NA,NA,NA,NA,NA,0.9503804670902556,0.0026037821016171385,7.999403485859933,21.128029852044115
2025,20161,Sorghum,8046145.345421317,804.6145345421318,1.0061813711092988,all_cult,Sorghum,NA,NA,112,90116.82786871876,2375.034200439456,735.3116806172748,158.8620320494454,204.38158814974983,5,0.9503804670902556,0.0026037821016171385,7.999403485859933,21.128029852044115
2025,20161,Soybeans,56043067.26954317,5604.306726954317,7.008261452613234,all_cult,Soybeans,0.12420661341954765,10.38888888888889,56,313841.17670944176,2375.034200439456,735.3116806172748,158.8620320494454,204.38158814974983,5,0.9503804670902556,0.0026037821016171385,7.999403485859933,21.128029852044115
2025,20161,Wheat,14763447.35949416,1476.3447359494162,1.8461890841841313,all_cult,Wheat,NA,NA,89,131394.68149949805,2261.7375396728544,409.9341549577226,143.75202829116105,14.339668090267445,5,0.9503804670902556,0.0026037821016171385,7.999403485859933,21.128029852044115
2025,20177,Corn,132475537.80653152,13247.553780653152,9.091050553311547,all_cult,Corn,0.12030458771317423,83,250,3311888.445163288,2404.91724487305,806.8048486214038,161.53909794532478,224.07013864784952,5,1.043396321600868,0.00285862005918046,8.517927772835533,20.82896102278202
2025,20177,Developed,255013934.0237044,25501.393402370442,17.50017100813045,developed,NA,NA,NA,NA,NA,NA,NA,NA,NA,NA,1.043396321600868,0.00285862005918046,8.517927772835533,20.82896102278202
2025,20177,Double Crop,2797246.7569815805,279.7246756981581,0.19195930130847558,all_cult,NA,NA,NA,NA,NA,NA,NA,NA,NA,NA,1.043396321600868,0.00285862005918046,8.517927772835533,20.82896102278202
2025,20177,Grass/Pasture/Shrubland,626083355.6398722,62608.33556398722,42.96457693964075,grassPastureHay,NA,NA,NA,NA,NA,NA,NA,NA,NA,NA,1.043396321600868,0.00285862005918046,8.517927772835533,20.82896102278202
2025,20177,Other Crops,33361526.081880283,3336.1526081880284,2.289413767762353,all_cult,NA,NA,NA,NA,NA,NA,NA,NA,NA,NA,1.043396321600868,0.00285862005918046,8.517927772835533,20.82896102278202
2025,20177,Sorghum,2303954.5452317544,230.39545452317543,0.15810743319134585,all_cult,Sorghum,NA,NA,112,25804.29090659565,2404.91724487305,806.8048486214038,161.53909794532478,224.07013864784952,5,1.043396321600868,0.00285862005918046,8.517927772835533,20.82896102278202
2025,20177,Soybeans,145627766.023613,14562.7766023613,9.993613951731533,all_cult,Soybeans,0.09768281806034469,42.833333333333336,56,815515.4897322329,2404.91724487305,806.8048486214038,161.53909794532478,224.07013864784952,5,1.043396321600868,0.00285862005918046,8.517927772835533,20.82896102278202
2025,20177,Wheat,9565647.685078032,956.5647685078033,0.656436562704971,all_cult,Wheat,NA,NA,89,85134.26439719449,2284.926107788089,454.14625019318504,154.93948138021824,39.17267294406013,5,1.043396321600868,0.00285862005918046,8.517927772835533,20.82896102278202
2025,20197,Corn,69733578.79693311,6973.357879693312,4.536852294529976,all_cult,Corn,0.14186117514330646,28.666666666666668,250,1743339.469923328,2381.1660614013704,774.8669256820679,161.1936008417016,219.22625081199268,5,1.0021377270274596,0.0027455828137738624,8.192983941901243,20.929722515785553
2025,20197,Developed,54289406.85937861,5428.940685937861,3.5320576446519008,developed,NA,NA,NA,NA,NA,NA,NA,NA,NA,NA,1.0021377270274596,0.0027455828137738624,8.192983941901243,20.929722515785553
2025,20197,Double Crop,1125869.9276987636,112.58699276987635,0.07324886594013556,all_cult,NA,NA,NA,NA,NA,NA,NA,NA,NA,NA,1.0021377270274596,0.0027455828137738624,8.192983941901243,20.929722515785553
2025,20197,Grass/Pasture/Shrubland,1169502873.1037595,116950.28731037596,76.08761639426346,grassPastureHay,NA,NA,NA,NA,NA,NA,NA,NA,NA,NA,1.0021377270274596,0.0027455828137738624,8.192983941901243,20.929722515785553
2025,20197,Other Crops,29094649.42529061,2909.464942529061,1.8928919077573607,all_cult,NA,NA,NA,NA,NA,NA,NA,NA,NA,NA,1.0021377270274596,0.0027455828137738624,8.192983941901243,20.929722515785553
2025,20197,Sorghum,3287931.385599168,328.7931385599168,0.21391213972326276,all_cult,Sorghum,NA,NA,112,36824.831518710685,2381.1660614013704,774.8669256820679,161.1936008417016,219.22625081199268,5,1.0021377270274596,0.0027455828137738624,8.192983941901243,20.929722515785553
2025,20197,Soybeans,83491332.16381498,8349.133216381497,5.431928899043218,all_cult,Soybeans,0.12942046457519057,22.77777777777778,56,467551.46011736384,2381.1660614013704,774.8669256820679,161.1936008417016,219.22625081199268,5,1.0021377270274596,0.0027455828137738624,8.192983941901243,20.929722515785553
2025,20197,Wheat,7530280.724868099,753.02807248681,0.4899185152185996,all_cult,Wheat,NA,NA,89,67019.49845132609,2266.7060021972684,429.6492349295512,153.17097858800474,39.54291155778491,5,1.0021377270274596,0.0027455828137738624,8.192983941901243,20.929722515785553
2025,20209,Corn,2798441.748604609,279.8441748604609,1.0907251789658858,all_cult,Corn,NA,NA,250,69961.04371511523,2450.4774359130893,861.895575804039,155.4898196275153,245.7718626234129,5,1.130248803419293,0.0030965720641624467,9.191770328887545,20.511119652317017
2025,20209,Developed,144515431.86680782,14451.543186680783,56.32656829996687,developed,NA,NA,NA,NA,NA,NA,NA,NA,NA,NA,1.130248803419293,0.0030965720641624467,9.191770328887545,20.511119652317017
2025,20209,Double Crop,152719.71803613545,15.271971803613546,0.05952428413764306,all_cult,NA,NA,NA,NA,NA,NA,NA,NA,NA,NA,1.130248803419293,0.0030965720641624467,9.191770328887545,20.511119652317017
2025,20209,Grass/Pasture/Shrubland,41083799.11850462,4108.379911850462,16.01288794682744,grassPastureHay,NA,NA,NA,NA,NA,NA,NA,NA,NA,NA,1.130248803419293,0.0030965720641624467,9.191770328887545,20.511119652317017
2025,20209,Other Crops,1959154.8527385148,195.91548527385146,0.7636033619211925,all_cult,NA,NA,NA,NA,NA,NA,NA,NA,NA,NA,1.130248803419293,0.0030965720641624467,9.191770328887545,20.511119652317017
2025,20209,Sorghum,54127.80426680527,5.412780426680527,0.02109694047602745,all_cult,Sorghum,NA,NA,112,606.231407788219,2450.4774359130893,861.895575804039,155.4898196275153,245.7718626234129,5,1.130248803419293,0.0030965720641624467,9.191770328887545,20.511119652317017
2025,20209,Soybeans,8244134.676247953,824.4134676247953,3.213247256139296,all_cult,Soybeans,0.14562756367793683,4.75,56,46167.15418698854,2450.4774359130893,861.895575804039,155.4898196275153,245.7718626234129,5,1.130248803419293,0.0030965720641624467,9.191770328887545,20.511119652317017
2025,20209,Wheat,234900.57353758038,23.49005735375804,0.09155522720411169,all_cult,Wheat,NA,NA,89,2090.6151044844655,2293.2999584960967,459.3124694519034,148.31978550255798,56.346411946356064,5,1.130248803419293,0.0030965720641624467,9.191770328887545,20.511119652317017
2026,20005,Corn,172734778.84431297,17273.477884431297,23.078910848652363,all_cult,Corn,0.10724545034749912,6.181818181818182,250,4318369.471107824,2312.9286688232455,751.1248015155824,143.2879630305037,175.66116946055834,5,0.9695851902057823,0.002656397781385705,7.843836753531701,20.035520119863037
2026,20005,Developed,36578638.84791646,3657.863884791646,4.88723319405755,developed,NA,NA,NA,NA,NA,NA,NA,NA,NA,NA,0.9695851902057823,0.002656397781385705,7.843836753531701,20.035520119863037
2026,20005,Double Crop,1451158.554832854,145.11585548328543,0.1938877575107932,all_cult,NA,NA,NA,NA,NA,NA,NA,NA,NA,NA,0.9695851902057823,0.002656397781385705,7.843836753531701,20.035520119863037
2026,20005,Grass/Pasture/Shrubland,215288406.86893737,21528.840686893738,28.764456018176027,grassPastureHay,NA,NA,NA,NA,NA,NA,NA,NA,NA,NA,0.9695851902057823,0.002656397781385705,7.843836753531701,20.035520119863037
2026,20005,Other Crops,29204979.705745928,2920.4979705745927,3.902046405912905,all_cult,NA,NA,NA,NA,NA,NA,NA,NA,NA,NA,0.9695851902057823,0.002656397781385705,7.843836753531701,20.035520119863037
2026,20005,Sorghum,732239.3724075308,73.22393724075309,0.09783372699309156,all_cult,Sorghum,NA,NA,112,8201.080970964345,2312.9286688232455,751.1248015155824,143.2879630305037,175.66116946055834,5,0.9695851902057823,0.002656397781385705,7.843836753531701,20.035520119863037
2026,20005,Soybeans,181600576.65296197,18160.057665296197,24.263460703620524,all_cult,Soybeans,0.07483265359624193,5,56,1016963.2292565871,2312.9286688232455,751.1248015155824,143.2879630305037,175.66116946055834,5,0.9695851902057823,0.002656397781385705,7.843836753531701,20.035520119863037
2026,20005,Wheat,5908069.702597459,590.8069702597459,0.7893709354082403,all_cult,Wheat,NA,NA,89,52581.82035311738,2174.526191406253,447.6031190989872,257.1391210692859,105.42714822601395,5,0.9695851902057823,0.002656397781385705,7.843836753531701,20.035520119863037
2026,20013,Corn,113276297.82191704,11327.629782191703,25.36090350021212,all_cult,Corn,0.12646432205391206,17.5625,250,2831907.445547926,2278.212222900394,744.9907901361543,145.98565115125666,176.43302646092667,5,0.9501305314940747,0.0026030973465591086,7.347098263257194,19.977913718027633
2026,20013,Developed,24170977.38782201,2417.0977387822013,5.411527714315524,developed,NA,NA,NA,NA,NA,NA,NA,NA,NA,NA,0.9501305314940747,0.0026030973465591086,7.347098263257194,19.977913718027633
2026,20013,Double Crop,542048.8992527233,54.20488992527234,0.12135680712267008,all_cult,NA,NA,NA,NA,NA,NA,NA,NA,NA,NA,0.9501305314940747,0.0026030973465591086,7.347098263257194,19.977913718027633
2026,20013,Grass/Pasture/Shrubland,122499833.68113159,12249.983368113159,27.425918047421547,grassPastureHay,NA,NA,NA,NA,NA,NA,NA,NA,NA,NA,0.9501305314940747,0.0026030973465591086,7.347098263257194,19.977913718027633
2026,20013,Other Crops,13090232.71280689,1309.023271280689,2.9307113227404837,all_cult,NA,NA,NA,NA,NA,NA,NA,NA,NA,NA,0.9501305314940747,0.0026030973465591086,7.347098263257194,19.977913718027633
2026,20013,Sorghum,333636.9508835004,33.363695088350035,0.07469642527304013,all_cult,Sorghum,NA,NA,112,3736.733849895204,2278.212222900394,744.9907901361543,145.98565115125666,176.43302646092667,5,0.9501305314940747,0.0026030973465591086,7.347098263257194,19.977913718027633
2026,20013,Soybeans,123405327.24801578,12340.532724801578,27.62864479089188,all_cult,Soybeans,0.10147480973744562,10.461538461538462,56,691069.8325888884,2278.212222900394,744.9907901361543,145.98565115125666,176.43302646092667,5,0.9501305314940747,0.0026030973465591086,7.347098263257194,19.977913718027633
2026,20013,Wheat,3906288.4515680084,390.6288451568008,0.8745607542714157,all_cult,Wheat,NA,NA,89,34765.96721895527,2140.6407354736357,441.0532636442372,258.5774978950639,88.26430979568892,5,0.9501305314940747,0.0026030973465591086,7.347098263257194,19.977913718027633
2026,20045,Corn,74392843.99321488,7439.284399321487,7.631923083362056,all_cult,Corn,0.1459526935617447,11,250,1859821.0998303718,2372.049270629886,759.488874066407,141.24414513039684,181.0943090045566,5,0.9919586414652771,0.002717694908124047,8.558210474301713,20.358522096398783
2026,20045,Developed,130402436.2681122,13040.24362681122,13.37791795635647,developed,NA,NA,NA,NA,NA,NA,NA,NA,NA,NA,0.9919586414652771,0.002717694908124047,8.558210474301713,20.358522096398783
2026,20045,Double Crop,4220114.888463862,422.01148884638627,0.4329393864098648,all_cult,NA,NA,NA,NA,NA,NA,NA,NA,NA,NA,0.9919586414652771,0.002717694908124047,8.558210474301713,20.358522096398783
2026,20045,Grass/Pasture/Shrubland,354830010.0217444,35483.00100217444,36.40182575089523,grassPastureHay,NA,NA,NA,NA,NA,NA,NA,NA,NA,NA,0.9919586414652771,0.002717694908124047,8.558210474301713,20.358522096398783
2026,20045,Other Crops,37964614.628596716,3796.4614628596714,3.8947700233285687,all_cult,NA,NA,NA,NA,NA,NA,NA,NA,NA,NA,0.9919586414652771,0.002717694908124047,8.558210474301713,20.358522096398783
2026,20045,Sorghum,671055.755263424,67.1055755263424,0.06884326010288025,all_cult,Sorghum,NA,NA,112,7515.824458950349,2372.049270629886,759.488874066407,141.24414513039684,181.0943090045566,5,0.9919586414652771,0.002717694908124047,8.558210474301713,20.358522096398783
2026,20045,Soybeans,100028766.3995359,10002.876639953589,10.261898998705805,all_cult,Soybeans,0.11420951862362651,8.5,56,560161.091837401,2372.049270629886,759.488874066407,141.24414513039684,181.0943090045566,5,0.9919586414652771,0.002717694908124047,8.558210474301713,20.358522096398783
2026,20045,Wheat,7085783.937909698,708.5783937909698,0.7269268802840957,all_cult,Wheat,NA,NA,89,63063.477047396314,2236.979253540042,503.01631774294566,248.5320100302431,110.11926647901774,5,0.9919586414652771,0.002717694908124047,8.558210474301713,20.358522096398783
2026,20061,Corn,31722102.062803604,3172.21020628036,4.044269831598419,all_cult,Corn,0.16936452361704205,12.944444444444445,250,793052.55157009,2332.1767346191436,704.025499150632,148.87696324601993,182.6753854689815,5,0.8967488211720209,0.0024568460854027968,7.850614306306209,20.582373581977762
2026,20061,Developed,61171563.9285717,6117.15639285717,7.798799400437711,developed,NA,NA,NA,NA,NA,NA,NA,NA,NA,NA,0.8967488211720209,0.0024568460854027968,7.850614306306209,20.582373581977762
2026,20061,Double Crop,5604030.762346523,560.4030762346523,0.7144612454318694,all_cult,NA,NA,NA,NA,NA,NA,NA,NA,NA,NA,0.8967488211720209,0.0024568460854027968,7.850614306306209,20.582373581977762
2026,20061,Grass/Pasture/Shrubland,476190220.2809351,47619.02202809351,60.70977699307564,grassPastureHay,NA,NA,NA,NA,NA,NA,NA,NA,NA,NA,0.8967488211720209,0.0024568460854027968,7.850614306306209,20.582373581977762
2026,20061,Other Crops,18227803.79878525,1822.7803798785249,2.323873646638379,all_cult,NA,NA,NA,NA,NA,NA,NA,NA,NA,NA,0.8967488211720209,0.0024568460854027968,7.850614306306209,20.582373581977762
2026,20061,Sorghum,5491901.736070833,549.1901736070832,0.7001658485721192,all_cult,Sorghum,NA,NA,112,61509.299443993325,2332.1767346191436,704.025499150632,148.87696324601993,182.6753854689815,5,0.8967488211720209,0.0024568460854027968,7.850614306306209,20.582373581977762
2026,20061,Soybeans,39491221.54782481,3949.1221547824807,5.03475953777074,all_cult,Soybeans,0.12217913528938978,7.666666666666667,56,221150.8406678189,2332.1767346191436,704.025499150632,148.87696324601993,182.6753854689815,5,0.8967488211720209,0.0024568460854027968,7.850614306306209,20.582373581977762
2026,20061,Wheat,15495075.277191846,1549.5075277191845,1.9754764472362665,all_cult,Wheat,NA,NA,89,137906.16996700742,2206.8295758056665,469.72076526902464,263.3235233822844,108.0740604979036,5,0.8967488211720209,0.0024568460854027968,7.850614306306209,20.582373581977762
2026,20085,Corn,134933024.35661882,13493.30243566188,7.9306511901880965,all_cult,Corn,NA,NA,250,3373325.60891547,2302.991031494144,757.2333152343947,145.4135385151402,188.6943823154375,5,0.9655293175297919,0.0026452858014514844,7.626772193386153,20.208591291871812
2026,20085,Developed,75618361.35140783,7561.836135140783,4.444448275810096,developed,NA,NA,NA,NA,NA,NA,NA,NA,NA,NA,0.9655293175297919,0.0026452858014514844,7.626772193386153,20.208591291871812
2026,20085,Double Crop,1864792.83802623,186.479283802623,0.10960268333762817,all_cult,NA,NA,NA,NA,NA,NA,NA,NA,NA,NA,0.9655293175297919,0.0026452858014514844,7.626772193386153,20.208591291871812
2026,20085,Grass/Pasture/Shrubland,941187748.5802637,94118.77485802637,55.31804963283908,grassPastureHay,NA,NA,NA,NA,NA,NA,NA,NA,NA,NA,0.9655293175297919,0.0026452858014514844,7.626772193386153,20.208591291871812
2026,20085,Other Crops,98052397.627671,9805.2397627671,5.7630025537076115,all_cult,NA,NA,NA,NA,NA,NA,NA,NA,NA,NA,0.9655293175297919,0.0026452858014514844,7.626772193386153,20.208591291871812
2026,20085,Sorghum,4069081.398774073,406.9081398774073,0.23915913388905596,all_cult,Sorghum,NA,NA,112,45573.71166626961,2302.991031494144,757.2333152343947,145.4135385151402,188.6943823154375,5,0.9655293175297919,0.0026452858014514844,7.626772193386153,20.208591291871812
2026,20085,Soybeans,170772946.2930534,17077.29462930534,10.037132690300496,all_cult,Soybeans,NA,NA,56,956328.499241099,2302.991031494144,757.2333152343947,145.4135385151402,188.6943823154375,5,0.9655293175297919,0.0026452858014514844,7.626772193386153,20.208591291871812
2026,20085,Wheat,13725583.902961861,1372.5583902961862,0.8067173980208171,all_cult,Wheat,NA,NA,89,122157.69673636057,2174.6907708740264,468.7562476200561,257.2758003025824,110.72424113798408,5,0.9655293175297919,0.0026452858014514844,7.626772193386153,20.208591291871812
2026,20087,Corn,155094058.297135,15509.4058297135,10.788896738521789,all_cult,Corn,0.13078338055311117,25.77777777777778,250,3877351.457428375,2330.615056152347,766.8731685266125,142.82832448161702,192.43927404064823,5,0.9940577904517744,0.002723446001237738,8.154881023250237,20.135217368766074
2026,20087,Developed,83037617.78054704,8303.761778054704,5.7763933285619125,developed,NA,NA,NA,NA,NA,NA,NA,NA,NA,NA,0.9940577904517744,0.002723446001237738,8.154881023250237,20.135217368766074
2026,20087,Double Crop,3214015.8179615135,321.4015817961514,0.2235784217441099,all_cult,NA,NA,NA,NA,NA,NA,NA,NA,NA,NA,0.9940577904517744,0.002723446001237738,8.154881023250237,20.135217368766074
2026,20087,Grass/Pasture/Shrubland,533878677.1787268,53387.86771787268,37.138507962340775,grassPastureHay,NA,NA,NA,NA,NA,NA,NA,NA,NA,NA,0.9940577904517744,0.002723446001237738,8.154881023250237,20.135217368766074
2026,20087,Other Crops,67978226.39294052,6797.822639294052,4.728808266891807,all_cult,NA,NA,NA,NA,NA,NA,NA,NA,NA,NA,0.9940577904517744,0.002723446001237738,8.154881023250237,20.135217368766074
2026,20087,Sorghum,2078940.1655916602,207.89401655916603,0.1446185045281528,all_cult,Sorghum,NA,NA,112,23284.129854626597,2330.615056152347,766.8731685266125,142.82832448161702,192.43927404064823,5,0.9940577904517744,0.002723446001237738,8.154881023250237,20.135217368766074
2026,20087,Soybeans,173639107.61438552,17363.91076143855,12.078956617613274,all_cult,Soybeans,0.09985991575255485,13.833333333333334,56,972379.0026405589,2330.615056152347,766.8731685266125,142.82832448161702,192.43927404064823,5,0.9940577904517744,0.002723446001237738,8.154881023250237,20.135217368766074
2026,20087,Wheat,7377427.0278590415,737.7427027859042,0.5132001784817648,all_cult,Wheat,NA,NA,89,65659.10054794548,2201.0577984619167,479.8453343240266,253.2161691822649,119.27060677129415,5,0.9940577904517744,0.002723446001237738,8.154881023250237,20.135217368766074
2026,20091,Corn,20137063.169311535,2013.7063169311532,3.334881975218613,all_cult,Corn,0.14955141172933145,4,250,503426.5792327883,2373.016593627933,756.7521492153398,140.50840967303097,210.16793045852427,5,1.0097682423654861,0.0027664883352479077,8.735720691419651,20.21381362706017
2026,20091,Developed,271607528.4848879,27160.752848488788,44.98069273866694,developed,NA,NA,NA,NA,NA,NA,NA,NA,NA,NA,1.0097682423654861,0.0027664883352479077,8.735720691419651,20.21381362706017
2026,20091,Double Crop,2013905.6882216034,201.39056882216036,0.3335212152324038,all_cult,NA,NA,NA,NA,NA,NA,NA,NA,NA,NA,1.0097682423654861,0.0027664883352479077,8.735720691419651,20.21381362706017
2026,20091,Grass/Pasture/Shrubland,139667491.4795437,13966.749147954368,23.130214964462166,grassPastureHay,NA,NA,NA,NA,NA,NA,NA,NA,NA,NA,1.0097682423654861,0.0027664883352479077,8.735720691419651,20.21381362706017
2026,20091,Other Crops,14581458.923742233,1458.1458923742232,2.4148230617504245,all_cult,NA,NA,NA,NA,NA,NA,NA,NA,NA,NA,1.0097682423654861,0.0027664883352479077,8.735720691419651,20.21381362706017
2026,20091,Sorghum,265245.84730308503,26.524584730308504,0.043927140106542625,all_cult,Sorghum,NA,NA,112,2970.7534897945525,2373.016593627933,756.7521492153398,140.50840967303097,210.16793045852427,5,1.0097682423654861,0.0027664883352479077,8.735720691419651,20.21381362706017
2026,20091,Soybeans,40506888.73460731,4050.688873460731,6.708311533684595,all_cult,Soybeans,NA,NA,56,226838.57691380093,2373.016593627933,756.7521492153398,140.50840967303097,210.16793045852427,5,1.0097682423654861,0.0027664883352479077,8.735720691419651,20.21381362706017
2026,20091,Wheat,3047090.5931461067,304.70905931461067,0.5046260922212007,all_cult,Wheat,NA,NA,89,27119.10627900035,2236.3090631103546,500.3194255793378,247.90900913619396,113.22469201131165,5,1.0097682423654861,0.0027664883352479077,8.735720691419651,20.21381362706017
2026,20103,Corn,55676654.53817842,5567.665453817842,6.162232243462533,all_cult,Corn,0.09926099891867379,4.75,250,1391916.3634544604,2359.6688543701207,764.2310962159415,139.49992049894738,205.25690965331677,5,1.0049818169367648,0.0027533748409226434,8.449347216462458,20.212048891668474
2026,20103,Developed,66222526.18511143,6622.252618511144,7.329437975150055,developed,NA,NA,NA,NA,NA,NA,NA,NA,NA,NA,1.0049818169367648,0.0027533748409226434,8.449347216462458,20.212048891668474
2026,20103,Double Crop,2239300.7972116056,223.93007972116058,0.2478434038440015,all_cult,NA,NA,NA,NA,NA,NA,NA,NA,NA,NA,1.0049818169367648,0.0027533748409226434,8.449347216462458,20.212048891668474
2026,20103,Grass/Pasture/Shrubland,361083573.13099504,36108.3573130995,39.96434152498699,grassPastureHay,NA,NA,NA,NA,NA,NA,NA,NA,NA,NA,1.0049818169367648,0.0027533748409226434,8.449347216462458,20.212048891668474
2026,20103,Other Crops,54377617.6404599,5437.76176404599,6.018456236750789,all_cult,NA,NA,NA,NA,NA,NA,NA,NA,NA,NA,1.0049818169367648,0.0027533748409226434,8.449347216462458,20.212048891668474
2026,20103,Sorghum,567901.3203360821,56.79013203360822,0.06285470735100035,all_cult,Sorghum,NA,NA,112,6360.494787764121,2359.6688543701207,764.2310962159415,139.49992049894738,205.25690965331677,5,1.0049818169367648,0.0027533748409226434,8.449347216462458,20.212048891668474
2026,20103,Soybeans,101039226.18326606,10103.922618326606,11.18291288522158,all_cult,Soybeans,0.11410095968932568,4.571428571428571,56,565819.66662629,2359.6688543701207,764.2310962159415,139.49992049894738,205.25690965331677,5,1.0049818169367648,0.0027533748409226434,8.449347216462458,20.212048891668474
2026,20103,Wheat,4817340.8524583215,481.7340852458321,0.5331781044497215,all_cult,Wheat,NA,NA,89,42874.33358687905,2220.1803521728543,484.39308473733934,247.6427840828364,122.85797219700036,5,1.0049818169367648,0.0027533748409226434,8.449347216462458,20.212048891668474
2026,20117,Corn,1797933.5665907045,179.79335665907044,8.787790125047634,all_cult,Corn,0.16261062771687598,15.722222222222221,250,44948.33916476761,2249.678358764652,752.7145872754955,153.24179704991866,200.78450633058327,5,0.9423074446958805,0.002581664232043508,7.163284310118816,19.86808939894587
2026,20117,Developed,709093.4285035765,70.90934285035766,3.465847873654197,developed,NA,NA,NA,NA,NA,NA,NA,NA,NA,NA,0.9423074446958805,0.002581664232043508,7.163284310118816,19.86808939894587
2026,20117,Double Crop,17005.082052877187,1.700508205287719,0.08311602548433755,all_cult,NA,NA,NA,NA,NA,NA,NA,NA,NA,NA,0.9423074446958805,0.002581664232043508,7.163284310118816,19.86808939894587
2026,20117,Grass/Pasture/Shrubland,13608757.209524421,1360.8757209524422,66.51575143947134,grassPastureHay,NA,NA,NA,NA,NA,NA,NA,NA,NA,NA,0.9423074446958805,0.002581664232043508,7.163284310118816,19.86808939894587
2026,20117,Other Crops,368569.7378671669,36.856973786716694,1.801464505144208,all_cult,NA,NA,NA,NA,NA,NA,NA,NA,NA,NA,0.9423074446958805,0.002581664232043508,7.163284310118816,19.86808939894587
2026,20117,Sorghum,113210.96189225193,11.321096189225193,0.5533431220433721,all_cult,Sorghum,NA,NA,112,1267.9627731932217,2249.678358764652,752.7145872754955,153.24179704991866,200.78450633058327,5,0.9423074446958805,0.002581664232043508,7.163284310118816,19.86808939894587
2026,20117,Soybeans,2250086.8872694396,225.00868872694397,10.99778751332857,all_cult,Soybeans,0.12228514283699721,8.25,56,12600.486568708862,2249.678358764652,752.7145872754955,153.24179704991866,200.78450633058327,5,0.9423074446958805,0.002581664232043508,7.163284310118816,19.86808939894587
2026,20117,Wheat,234744.84118524572,23.474484118524572,1.1473663074132867,all_cult,Wheat,NA,NA,89,2089.229086548687,2122.084918823245,461.3506716603462,260.25170332000675,113.13826630113176,5,0.9423074446958805,0.002581664232043508,7.163284310118816,19.86808939894587
2026,20127,Corn,10941387.892613748,1094.1387892613748,4.064821675495574,all_cult,Corn,NA,NA,250,273534.6973153437,2338.2846215820346,679.3890007085322,150.68238381991677,174.08832174467244,5,0.8802966832185832,0.0024117717348454337,7.9097673055570645,20.624627785878662
2026,20127,Developed,12128694.282144045,1212.8694282144045,4.50591642462472,developed,NA,NA,NA,NA,NA,NA,NA,NA,NA,NA,0.8802966832185832,0.0024117717348454337,7.9097673055570645,20.624627785878662
2026,20127,Double Crop,4499199.088895911,449.9199088895911,1.671491967784096,all_cult,NA,NA,NA,NA,NA,NA,NA,NA,NA,NA,0.8802966832185832,0.0024117717348454337,7.9097673055570645,20.624627785878662
2026,20127,Grass/Pasture/Shrubland,158101691.18434784,15810.169118434784,58.73616652348874,grassPastureHay,NA,NA,NA,NA,NA,NA,NA,NA,NA,NA,0.8802966832185832,0.0024117717348454337,7.9097673055570645,20.624627785878662
2026,20127,Other Crops,10981377.128665583,1098.1377128665583,4.079678027823576,all_cult,NA,NA,NA,NA,NA,NA,NA,NA,NA,NA,0.8802966832185832,0.0024117717348454337,7.9097673055570645,20.624627785878662
2026,20127,Sorghum,7272388.587591114,727.2388587591115,2.701756217181813,all_cult,Sorghum,NA,NA,112,81450.75218102049,2338.2846215820346,679.3890007085322,150.68238381991677,174.08832174467244,5,0.8802966832185832,0.0024117717348454337,7.9097673055570645,20.624627785878662
2026,20127,Soybeans,28686301.015498407,2868.6301015498407,10.657212713965244,all_cult,Soybeans,0.11686486262093489,4,56,160643.2856867911,2338.2846215820346,679.3890007085322,150.68238381991677,174.08832174467244,5,0.8802966832185832,0.0024117717348454337,7.9097673055570645,20.624627785878662
2026,20127,Wheat,20934850.636842933,2093.485063684293,7.777480834890052,all_cult,Wheat,NA,NA,89,186320.17066790207,2212.1763830566442,472.8145600515032,264.77898027461674,105.26531222534408,5,0.8802966832185832,0.0024117717348454337,7.9097673055570645,20.624627785878662
2026,20131,Corn,124792211.963085,12479.2211963085,16.444051346315263,all_cult,Corn,0.12528513936677563,9.454545454545455,250,3119805.299077125,2247.4825823974643,740.4061094216623,151.42200956074473,185.85643051659753,5,0.935155992913106,0.0025620712134605643,7.147421707780417,19.78788139447776
2026,20131,Developed,34827921.40223819,3482.792140223819,4.589325878711502,developed,NA,NA,NA,NA,NA,NA,NA,NA,NA,NA,0.935155992913106,0.0025620712134605643,7.147421707780417,19.78788139447776
2026,20131,Double Crop,1288597.7379512293,128.85977379512295,0.1698003988733199,all_cult,NA,NA,NA,NA,NA,NA,NA,NA,NA,NA,0.935155992913106,0.0025620712134605643,7.147421707780417,19.78788139447776
2026,20131,Grass/Pasture/Shrubland,328086582.4549448,32808.65824549448,43.232446344665604,grassPastureHay,NA,NA,NA,NA,NA,NA,NA,NA,NA,NA,0.935155992913106,0.0025620712134605643,7.147421707780417,19.78788139447776
2026,20131,Other Crops,27101730.321978156,2710.1730321978157,3.5712344382550913,all_cult,NA,NA,NA,NA,NA,NA,NA,NA,NA,NA,0.935155992913106,0.0025620712134605643,7.147421707780417,19.78788139447776
2026,20131,Sorghum,2055671.3741418559,205.5671374141856,0.2708788080264065,all_cult,Sorghum,NA,NA,112,23023.519390388785,2247.4825823974643,740.4061094216623,151.42200956074473,185.85643051659753,5,0.935155992913106,0.0025620712134605643,7.147421707780417,19.78788139447776
2026,20131,Soybeans,136674912.54505298,13667.491254505298,18.00985209164201,all_cult,Soybeans,0.1067341402930363,5.142857142857143,56,765379.5102522967,2247.4825823974643,740.4061094216623,151.42200956074473,185.85643051659753,5,0.935155992913106,0.0025620712134605643,7.147421707780417,19.78788139447776
2026,20131,Wheat,9588450.555545796,958.8450555545795,1.2634840811511674,all_cult,Wheat,NA,NA,89,85337.20994435757,2112.9655560302763,446.32609174658353,259.15469998401653,96.45811491206352,5,0.935155992913106,0.0025620712134605643,7.147421707780417,19.78788139447776
2026,20139,Corn,20890964.22588984,2089.096422588984,9.4988079569725965,all_cult,Corn,NA,NA,250,522274.10564724595,2345.525917358402,717.0757722755055,142.03424968731383,164.522704619236,5,0.9407109324922521,0.0025772902260061703,8.220434102097625,20.35488083930867
2026,20139,Developed,11858545.489950646,1185.8545489950645,5.391902692479325,developed,NA,NA,NA,NA,NA,NA,NA,NA,NA,NA,0.9407109324922521,0.0025772902260061703,8.220434102097625,20.35488083930867
2026,20139,Double Crop,1849135.1156913848,184.91351156913848,0.8407739901578724,all_cult,NA,NA,NA,NA,NA,NA,NA,NA,NA,NA,0.9407109324922521,0.0025772902260061703,8.220434102097625,20.35488083930867
2026,20139,Grass/Pasture/Shrubland,108139234.26990536,10813.923426990536,49.1692871538651,grassPastureHay,NA,NA,NA,NA,NA,NA,NA,NA,NA,NA,0.9407109324922521,0.0025772902260061703,8.220434102097625,20.35488083930867
2026,20139,Other Crops,6302951.103083336,630.2951103083336,2.86585728849129,all_cult,NA,NA,NA,NA,NA,NA,NA,NA,NA,NA,0.9407109324922521,0.0025772902260061703,8.220434102097625,20.35488083930867
2026,20139,Sorghum,252758.48461129973,25.27584846112997,0.11492549021948671,all_cult,Sorghum,NA,NA,112,2830.8950276465566,2345.525917358402,717.0757722755055,142.03424968731383,164.522704619236,5,0.9407109324922521,0.0025772902260061703,8.220434102097625,20.35488083930867
2026,20139,Soybeans,28064514.38751116,2806.4514387511163,12.76051357372463,all_cult,Soybeans,NA,NA,56,157161.28057006252,2345.525917358402,717.0757722755055,142.03424968731383,164.522704619236,5,0.9407109324922521,0.0025772902260061703,8.220434102097625,20.35488083930867
2026,20139,Wheat,1738320.944623076,173.8320944623076,0.7903884493801757,all_cult,Wheat,NA,NA,89,15471.056407145375,2221.9828106689483,485.7367073097304,252.4775215033816,102.23576652131092,5,0.9407109324922521,0.0025772902260061703,8.220434102097625,20.35488083930867
2026,20149,Corn,136791901.8519852,13679.190185198519,7.982141503627487,all_cult,Corn,0.1326174661314905,62.44444444444444,250,3419797.54629963,2306.72829956055,746.2229108365581,148.11180157052064,197.3502492511495,5,0.935192493184098,0.0025621712142030084,7.581034729840027,20.339715241732687
2026,20149,Developed,87781477.02653997,8778.147702653996,5.122263537072818,developed,NA,NA,NA,NA,NA,NA,NA,NA,NA,NA,0.935192493184098,0.0025621712142030084,7.581034729840027,20.339715241732687
2026,20149,Double Crop,1803166.4492782145,180.31664492782144,0.1052191654466961,all_cult,NA,NA,NA,NA,NA,NA,NA,NA,NA,NA,0.935192493184098,0.0025621712142030084,7.581034729840027,20.339715241732687
2026,20149,Grass/Pasture/Shrubland,1058221194.9777538,105822.11949777538,61.749790785057485,grassPastureHay,NA,NA,NA,NA,NA,NA,NA,NA,NA,NA,0.935192493184098,0.0025621712142030084,7.581034729840027,20.339715241732687
2026,20149,Other Crops,34485813.7618199,3448.58137618199,2.012331443512244,all_cult,NA,NA,NA,NA,NA,NA,NA,NA,NA,NA,0.935192493184098,0.0025621712142030084,7.581034729840027,20.339715241732687
2026,20149,Sorghum,5647082.09049503,564.708209049503,0.3295210295248753,all_cult,Sorghum,NA,NA,112,63247.319413544334,2306.72829956055,746.2229108365581,148.11180157052064,197.3502492511495,5,0.935192493184098,0.0025621712142030084,7.581034729840027,20.339715241732687
2026,20149,Soybeans,153915907.33370754,15391.590733370755,8.98136903839706,all_cult,Soybeans,0.11392545848870632,51.611111111111114,56,861929.0810687622,2306.72829956055,746.2229108365581,148.11180157052064,197.3502492511495,5,0.935192493184098,0.0025621712142030084,7.581034729840027,20.339715241732687
2026,20149,Wheat,13424373.002870617,1342.4373002870618,0.7833449455387832,all_cult,Wheat,NA,NA,89,119476.9197255485,2180.908900756838,467.62721707839006,259.4914963042726,112.84858114081382,5,0.935192493184098,0.0025621712142030084,7.581034729840027,20.339715241732687
2026,20161,Corn,29887562.457934357,2988.756245793436,3.7374801575206362,all_cult,Corn,0.14127372152863188,12.444444444444445,250,747189.0614483589,2327.088458251956,709.4248265993716,147.71252121013185,191.0870599640922,5,0.8900066326516995,0.0024383743360320534,7.70271503605257,20.598333957619886
2026,20161,Developed,93189704.06140432,9318.970406140432,11.653498685445852,developed,NA,NA,NA,NA,NA,NA,NA,NA,NA,NA,0.8900066326516995,0.0024383743360320534,7.70271503605257,20.598333957619886
2026,20161,Double Crop,2321662.5391971655,232.16625391971652,0.2903270443991936,all_cult,NA,NA,NA,NA,NA,NA,NA,NA,NA,NA,0.8900066326516995,0.0024383743360320534,7.70271503605257,20.598333957619886
2026,20161,Grass/Pasture/Shrubland,421935273.9416269,42193.527394162695,52.76357736882686,grassPastureHay,NA,NA,NA,NA,NA,NA,NA,NA,NA,NA,0.8900066326516995,0.0024383743360320534,7.70271503605257,20.598333957619886
2026,20161,Other Crops,10313350.483787943,1031.3350483787942,1.2896984437913022,all_cult,NA,NA,NA,NA,NA,NA,NA,NA,NA,NA,0.8900066326516995,0.0024383743360320534,7.70271503605257,20.598333957619886
2026,20161,Sorghum,8046145.345421317,804.6145345421318,1.0061813711092988,all_cult,Sorghum,NA,NA,112,90116.82786871876,2327.088458251956,709.4248265993716,147.71252121013185,191.0870599640922,5,0.8900066326516995,0.0024383743360320534,7.70271503605257,20.598333957619886
2026,20161,Soybeans,56043067.26954317,5604.306726954317,7.008261452613234,all_cult,Soybeans,0.12420661341954765,10.38888888888889,56,313841.17670944176,2327.088458251956,709.4248265993716,147.71252121013185,191.0870599640922,5,0.8900066326516995,0.0024383743360320534,7.70271503605257,20.598333957619886
2026,20161,Wheat,14763447.35949416,1476.3447359494162,1.8461890841841313,all_cult,Wheat,NA,NA,89,131394.68149949805,2201.5144171142606,453.3352575459001,262.66488623816537,107.15439077571286,5,0.8900066326516995,0.0024383743360320534,7.70271503605257,20.598333957619886
2026,20177,Corn,132475537.80653152,13247.553780653152,9.091050553311547,all_cult,Corn,0.12030458771317423,83,250,3311888.445163288,2343.93583068848,737.3222629029675,141.99208688128812,182.78236817482596,5,0.9522718568747137,0.0026089639914375715,8.164729271457643,20.33777661467254
2026,20177,Developed,255013934.0237044,25501.393402370442,17.50017100813045,developed,NA,NA,NA,NA,NA,NA,NA,NA,NA,NA,0.9522718568747137,0.0026089639914375715,8.164729271457643,20.33777661467254
2026,20177,Double Crop,2797246.7569815805,279.7246756981581,0.19195930130847558,all_cult,NA,NA,NA,NA,NA,NA,NA,NA,NA,NA,0.9522718568747137,0.0026089639914375715,8.164729271457643,20.33777661467254
2026,20177,Grass/Pasture/Shrubland,626083355.6398722,62608.33556398722,42.96457693964075,grassPastureHay,NA,NA,NA,NA,NA,NA,NA,NA,NA,NA,0.9522718568747137,0.0026089639914375715,8.164729271457643,20.33777661467254
2026,20177,Other Crops,33361526.081880283,3336.1526081880284,2.289413767762353,all_cult,NA,NA,NA,NA,NA,NA,NA,NA,NA,NA,0.9522718568747137,0.0026089639914375715,8.164729271457643,20.33777661467254
2026,20177,Sorghum,2303954.5452317544,230.39545452317543,0.15810743319134585,all_cult,Sorghum,NA,NA,112,25804.29090659565,2343.93583068848,737.3222629029675,141.99208688128812,182.78236817482596,5,0.9522718568747137,0.0026089639914375715,8.164729271457643,20.33777661467254
2026,20177,Soybeans,145627766.023613,14562.7766023613,9.993613951731533,all_cult,Soybeans,0.09768281806034469,42.833333333333336,56,815515.4897322329,2343.93583068848,737.3222629029675,141.99208688128812,182.78236817482596,5,0.9522718568747137,0.0026089639914375715,8.164729271457643,20.33777661467254
2026,20177,Wheat,9565647.685078032,956.5647685078033,0.656436562704971,all_cult,Wheat,NA,NA,89,85134.26439719449,2220.041381225589,484.6372657194829,254.20198284145832,110.03783359044442,5,0.9522718568747137,0.0026089639914375715,8.164729271457643,20.33777661467254
2026,20197,Corn,69733578.79693311,6973.357879693312,4.536852294529976,all_cult,Corn,0.14186117514330646,28.666666666666668,250,1743339.469923328,2329.189141845706,724.5304919913387,143.89813923687302,178.53075913905613,5,0.9243608244851296,0.0025324954095483003,7.876652949084997,20.42748443185469
2026,20197,Developed,54289406.85937861,5428.940685937861,3.5320576446519008,developed,NA,NA,NA,NA,NA,NA,NA,NA,NA,NA,0.9243608244851296,0.0025324954095483003,7.876652949084997,20.42748443185469
2026,20197,Double Crop,1125869.9276987636,112.58699276987635,0.07324886594013556,all_cult,NA,NA,NA,NA,NA,NA,NA,NA,NA,NA,0.9243608244851296,0.0025324954095483003,7.876652949084997,20.42748443185469
2026,20197,Grass/Pasture/Shrubland,1169502873.1037595,116950.28731037596,76.08761639426346,grassPastureHay,NA,NA,NA,NA,NA,NA,NA,NA,NA,NA,0.9243608244851296,0.0025324954095483003,7.876652949084997,20.42748443185469
2026,20197,Other Crops,29094649.42529061,2909.464942529061,1.8928919077573607,all_cult,NA,NA,NA,NA,NA,NA,NA,NA,NA,NA,0.9243608244851296,0.0025324954095483003,7.876652949084997,20.42748443185469
2026,20197,Sorghum,3287931.385599168,328.7931385599168,0.21391213972326276,all_cult,Sorghum,NA,NA,112,36824.831518710685,2329.189141845706,724.5304919913387,143.89813923687302,178.53075913905613,5,0.9243608244851296,0.0025324954095483003,7.876652949084997,20.42748443185469
2026,20197,Soybeans,83491332.16381498,8349.133216381497,5.431928899043218,all_cult,Soybeans,0.12942046457519057,22.77777777777778,56,467551.46011736384,2329.189141845706,724.5304919913387,143.89813923687302,178.53075913905613,5,0.9243608244851296,0.0025324954095483003,7.876652949084997,20.42748443185469
2026,20197,Wheat,7530280.724868099,753.02807248681,0.4899185152185996,all_cult,Wheat,NA,NA,89,67019.49845132609,2204.52606140137,480.0183195958998,256.9094803510156,92.07514934139654,5,0.9243608244851296,0.0025324954095483003,7.876652949084997,20.42748443185469
2026,20209,Corn,2798441.748604609,279.8441748604609,1.0907251789658858,all_cult,Corn,NA,NA,250,69961.04371511523,2379.040747070316,759.8940044910535,140.71412019774118,210.38293710208112,5,1.0053444149974526,0.0027543682602669934,8.796414117682493,20.071090572827504
2026,20209,Developed,144515431.86680782,14451.543186680783,56.32656829996687,developed,NA,NA,NA,NA,NA,NA,NA,NA,NA,NA,1.0053444149974526,0.0027543682602669934,8.796414117682493,20.071090572827504
2026,20209,Double Crop,152719.71803613545,15.271971803613546,0.05952428413764306,all_cult,NA,NA,NA,NA,NA,NA,NA,NA,NA,NA,1.0053444149974526,0.0027543682602669934,8.796414117682493,20.071090572827504
2026,20209,Grass/Pasture/Shrubland,41083799.11850462,4108.379911850462,16.01288794682744,grassPastureHay,NA,NA,NA,NA,NA,NA,NA,NA,NA,NA,1.0053444149974526,0.0027543682602669934,8.796414117682493,20.071090572827504
2026,20209,Other Crops,1959154.8527385148,195.91548527385146,0.7636033619211925,all_cult,NA,NA,NA,NA,NA,NA,NA,NA,NA,NA,1.0053444149974526,0.0027543682602669934,8.796414117682493,20.071090572827504
2026,20209,Sorghum,54127.80426680527,5.412780426680527,0.02109694047602745,all_cult,Sorghum,NA,NA,112,606.231407788219,2379.040747070316,759.8940044910535,140.71412019774118,210.38293710208112,5,1.0053444149974526,0.0027543682602669934,8.796414117682493,20.071090572827504
2026,20209,Soybeans,8244134.676247953,824.4134676247953,3.213247256139296,all_cult,Soybeans,0.14562756367793683,4.75,56,46167.15418698854,2379.040747070316,759.8940044910535,140.71412019774118,210.38293710208112,5,1.0053444149974526,0.0027543682602669934,8.796414117682493,20.071090572827504
2026,20209,Wheat,234900.57353758038,23.49005735375804,0.09155522720411169,all_cult,Wheat,NA,NA,89,2090.6151044844655,2228.470747680667,478.1529301135169,249.34946083510397,116.61177760375602,5,1.0053444149974526,0.0027543682602669934,8.796414117682493,20.071090572827504
2027,20005,Corn,172734778.84431297,17273.477884431297,23.078910848652363,all_cult,Corn,0.10724545034749912,6.181818181818182,250,4318369.471107824,2405.9046685791045,730.8284668144161,129.36830115781444,255.6300923408701,5,0.9788032892310318,0.002681652847208306,7.663492908216526,20.395310108759656
2027,20005,Developed,36578638.84791646,3657.863884791646,4.88723319405755,developed,NA,NA,NA,NA,NA,NA,NA,NA,NA,NA,0.9788032892310318,0.002681652847208306,7.663492908216526,20.395310108759656
2027,20005,Double Crop,1451158.554832854,145.11585548328543,0.1938877575107932,all_cult,NA,NA,NA,NA,NA,NA,NA,NA,NA,NA,0.9788032892310318,0.002681652847208306,7.663492908216526,20.395310108759656
2027,20005,Grass/Pasture/Shrubland,215288406.86893737,21528.840686893738,28.764456018176027,grassPastureHay,NA,NA,NA,NA,NA,NA,NA,NA,NA,NA,0.9788032892310318,0.002681652847208306,7.663492908216526,20.395310108759656
2027,20005,Other Crops,29204979.705745928,2920.4979705745927,3.902046405912905,all_cult,NA,NA,NA,NA,NA,NA,NA,NA,NA,NA,0.9788032892310318,0.002681652847208306,7.663492908216526,20.395310108759656
2027,20005,Sorghum,732239.3724075308,73.22393724075309,0.09783372699309156,all_cult,Sorghum,NA,NA,112,8201.080970964345,2405.9046685791045,730.8284668144161,129.36830115781444,255.6300923408701,5,0.9788032892310318,0.002681652847208306,7.663492908216526,20.395310108759656
2027,20005,Soybeans,181600576.65296197,18160.057665296197,24.263460703620524,all_cult,Soybeans,0.07483265359624193,5,56,1016963.2292565871,2405.9046685791045,730.8284668144161,129.36830115781444,255.6300923408701,5,0.9788032892310318,0.002681652847208306,7.663492908216526,20.395310108759656
2027,20005,Wheat,5908069.702597459,590.8069702597459,0.7893709354082403,all_cult,Wheat,NA,NA,89,52581.82035311738,2191.955086059573,464.97920849030714,48.092272552847646,147.09695206015525,5,0.9788032892310318,0.002681652847208306,7.663492908216526,20.395310108759656
2027,20013,Corn,113276297.82191704,11327.629782191703,25.36090350021212,all_cult,Corn,0.12646432205391206,17.5625,250,2831907.445547926,2371.7462756347686,736.9548820596515,130.70260579648826,291.3230914171356,5,0.977768735324957,0.0026788184529450876,7.156275266882514,20.31752518327271
2027,20013,Developed,24170977.38782201,2417.0977387822013,5.411527714315524,developed,NA,NA,NA,NA,NA,NA,NA,NA,NA,NA,0.977768735324957,0.0026788184529450876,7.156275266882514,20.31752518327271
2027,20013,Double Crop,542048.8992527233,54.20488992527234,0.12135680712267008,all_cult,NA,NA,NA,NA,NA,NA,NA,NA,NA,NA,0.977768735324957,0.0026788184529450876,7.156275266882514,20.31752518327271
2027,20013,Grass/Pasture/Shrubland,122499833.68113159,12249.983368113159,27.425918047421547,grassPastureHay,NA,NA,NA,NA,NA,NA,NA,NA,NA,NA,0.977768735324957,0.0026788184529450876,7.156275266882514,20.31752518327271
2027,20013,Other Crops,13090232.71280689,1309.023271280689,2.9307113227404837,all_cult,NA,NA,NA,NA,NA,NA,NA,NA,NA,NA,0.977768735324957,0.0026788184529450876,7.156275266882514,20.31752518327271
2027,20013,Sorghum,333636.9508835004,33.363695088350035,0.07469642527304013,all_cult,Sorghum,NA,NA,112,3736.733849895204,2371.7462756347686,736.9548820596515,130.70260579648826,291.3230914171356,5,0.977768735324957,0.0026788184529450876,7.156275266882514,20.31752518327271
2027,20013,Soybeans,123405327.24801578,12340.532724801578,27.62864479089188,all_cult,Soybeans,0.10147480973744562,10.461538461538462,56,691069.8325888884,2371.7462756347686,736.9548820596515,130.70260579648826,291.3230914171356,5,0.977768735324957,0.0026788184529450876,7.156275266882514,20.31752518327271
2027,20013,Wheat,3906288.4515680084,390.6288451568008,0.8745607542714157,all_cult,Wheat,NA,NA,89,34765.96721895527,2154.3559265136746,457.60460800143494,46.27011429371058,139.99526656760082,5,0.977768735324957,0.0026788184529450876,7.156275266882514,20.31752518327271
2027,20045,Corn,74392843.99321488,7439.284399321487,7.631923083362056,all_cult,Corn,0.1459526935617447,11,250,1859821.0998303718,2463.4635290527376,709.0958357597156,125.32596642005808,164.7208659976563,5,0.9858321845896755,0.002700910094766234,8.382136832459356,20.759043654350407
2027,20045,Developed,130402436.2681122,13040.24362681122,13.37791795635647,developed,NA,NA,NA,NA,NA,NA,NA,NA,NA,NA,0.9858321845896755,0.002700910094766234,8.382136832459356,20.759043654350407
2027,20045,Double Crop,4220114.888463862,422.01148884638627,0.4329393864098648,all_cult,NA,NA,NA,NA,NA,NA,NA,NA,NA,NA,0.9858321845896755,0.002700910094766234,8.382136832459356,20.759043654350407
2027,20045,Grass/Pasture/Shrubland,354830010.0217444,35483.00100217444,36.40182575089523,grassPastureHay,NA,NA,NA,NA,NA,NA,NA,NA,NA,NA,0.9858321845896755,0.002700910094766234,8.382136832459356,20.759043654350407
2027,20045,Other Crops,37964614.628596716,3796.4614628596714,3.8947700233285687,all_cult,NA,NA,NA,NA,NA,NA,NA,NA,NA,NA,0.9858321845896755,0.002700910094766234,8.382136832459356,20.759043654350407
2027,20045,Sorghum,671055.755263424,67.1055755263424,0.06884326010288025,all_cult,Sorghum,NA,NA,112,7515.824458950349,2463.4635290527376,709.0958357597156,125.32596642005808,164.7208659976563,5,0.9858321845896755,0.002700910094766234,8.382136832459356,20.759043654350407
2027,20045,Soybeans,100028766.3995359,10002.876639953589,10.261898998705805,all_cult,Soybeans,0.11420951862362651,8.5,56,560161.091837401,2463.4635290527376,709.0958357597156,125.32596642005808,164.7208659976563,5,0.9858321845896755,0.002700910094766234,8.382136832459356,20.759043654350407
2027,20045,Wheat,7085783.937909698,708.5783937909698,0.7269268802840957,all_cult,Wheat,NA,NA,89,63063.477047396314,2255.463256225589,502.5151022672392,36.55234224915924,130.63526210721298,5,0.9858321845896755,0.002700910094766234,8.382136832459356,20.759043654350407
2027,20061,Corn,31722102.062803604,3172.21020628036,4.044269831598419,all_cult,Corn,0.16936452361704205,12.944444444444445,250,793052.55157009,2414.1448193359406,645.4305053959048,141.49741543823416,172.78309513905714,5,0.8715607731366473,0.0023878377346209516,7.639231174416761,20.813907102820014
2027,20061,Developed,61171563.9285717,6117.15639285717,7.798799400437711,developed,NA,NA,NA,NA,NA,NA,NA,NA,NA,NA,0.8715607731366473,0.0023878377346209516,7.639231174416761,20.813907102820014
2027,20061,Double Crop,5604030.762346523,560.4030762346523,0.7144612454318694,all_cult,NA,NA,NA,NA,NA,NA,NA,NA,NA,NA,0.8715607731366473,0.0023878377346209516,7.639231174416761,20.813907102820014
2027,20061,Grass/Pasture/Shrubland,476190220.2809351,47619.02202809351,60.70977699307564,grassPastureHay,NA,NA,NA,NA,NA,NA,NA,NA,NA,NA,0.8715607731366473,0.0023878377346209516,7.639231174416761,20.813907102820014
2027,20061,Other Crops,18227803.79878525,1822.7803798785249,2.323873646638379,all_cult,NA,NA,NA,NA,NA,NA,NA,NA,NA,NA,0.8715607731366473,0.0023878377346209516,7.639231174416761,20.813907102820014
2027,20061,Sorghum,5491901.736070833,549.1901736070832,0.7001658485721192,all_cult,Sorghum,NA,NA,112,61509.299443993325,2414.1448193359406,645.4305053959048,141.49741543823416,172.78309513905714,5,0.8715607731366473,0.0023878377346209516,7.639231174416761,20.813907102820014
2027,20061,Soybeans,39491221.54782481,3949.1221547824807,5.03475953777074,all_cult,Soybeans,0.12217913528938978,7.666666666666667,56,221150.8406678189,2414.1448193359406,645.4305053959048,141.49741543823416,172.78309513905714,5,0.8715607731366473,0.0023878377346209516,7.639231174416761,20.813907102820014
2027,20061,Wheat,15495075.277191846,1549.5075277191845,1.9754764472362665,all_cult,Wheat,NA,NA,89,137906.16996700742,2212.109395141604,437.77077248038694,39.3367052114287,112.19875215920987,5,0.8715607731366473,0.0023878377346209516,7.639231174416761,20.813907102820014
2027,20085,Corn,134933024.35661882,13493.30243566188,7.9306511901880965,all_cult,Corn,NA,NA,250,3373325.60891547,2391.9618261718783,738.4193968583448,131.46347495469095,267.04221441373926,5,0.978238769941783,0.0026801062190185835,7.436616754401243,20.53885519785426
2027,20085,Developed,75618361.35140783,7561.836135140783,4.444448275810096,developed,NA,NA,NA,NA,NA,NA,NA,NA,NA,NA,0.978238769941783,0.0026801062190185835,7.436616754401243,20.53885519785426
2027,20085,Double Crop,1864792.83802623,186.479283802623,0.10960268333762817,all_cult,NA,NA,NA,NA,NA,NA,NA,NA,NA,NA,0.978238769941783,0.0026801062190185835,7.436616754401243,20.53885519785426
2027,20085,Grass/Pasture/Shrubland,941187748.5802637,94118.77485802637,55.31804963283908,grassPastureHay,NA,NA,NA,NA,NA,NA,NA,NA,NA,NA,0.978238769941783,0.0026801062190185835,7.436616754401243,20.53885519785426
2027,20085,Other Crops,98052397.627671,9805.2397627671,5.7630025537076115,all_cult,NA,NA,NA,NA,NA,NA,NA,NA,NA,NA,0.978238769941783,0.0026801062190185835,7.436616754401243,20.53885519785426
2027,20085,Sorghum,4069081.398774073,406.9081398774073,0.23915913388905596,all_cult,Sorghum,NA,NA,112,45573.71166626961,2391.9618261718783,738.4193968583448,131.46347495469095,267.04221441373926,5,0.978238769941783,0.0026801062190185835,7.436616754401243,20.53885519785426
2027,20085,Soybeans,170772946.2930534,17077.29462930534,10.037132690300496,all_cult,Soybeans,NA,NA,56,956328.499241099,2391.9618261718783,738.4193968583448,131.46347495469095,267.04221441373926,5,0.978238769941783,0.0026801062190185835,7.436616754401243,20.53885519785426
2027,20085,Wheat,13725583.902961861,1372.5583902961862,0.8067173980208171,all_cult,Wheat,NA,NA,89,122157.69673636057,2187.5638897705107,471.56647349656896,41.182430239771584,140.54580266717835,5,0.978238769941783,0.0026801062190185835,7.436616754401243,20.53885519785426
2027,20087,Corn,155094058.297135,15509.4058297135,10.788896738521789,all_cult,Corn,0.13078338055311117,25.77777777777778,250,3877351.457428375,2421.482667236331,729.2458879725732,127.99489658848384,218.23256495117968,5,0.9923438523321162,0.002718750280361962,7.968099758200473,20.51211278627999
2027,20087,Developed,83037617.78054704,8303.761778054704,5.7763933285619125,developed,NA,NA,NA,NA,NA,NA,NA,NA,NA,NA,0.9923438523321162,0.002718750280361962,7.968099758200473,20.51211278627999
2027,20087,Double Crop,3214015.8179615135,321.4015817961514,0.2235784217441099,all_cult,NA,NA,NA,NA,NA,NA,NA,NA,NA,NA,0.9923438523321162,0.002718750280361962,7.968099758200473,20.51211278627999
2027,20087,Grass/Pasture/Shrubland,533878677.1787268,53387.86771787268,37.138507962340775,grassPastureHay,NA,NA,NA,NA,NA,NA,NA,NA,NA,NA,0.9923438523321162,0.002718750280361962,7.968099758200473,20.51211278627999
2027,20087,Other Crops,67978226.39294052,6797.822639294052,4.728808266891807,all_cult,NA,NA,NA,NA,NA,NA,NA,NA,NA,NA,0.9923438523321162,0.002718750280361962,7.968099758200473,20.51211278627999
2027,20087,Sorghum,2078940.1655916602,207.89401655916603,0.1446185045281528,all_cult,Sorghum,NA,NA,112,23284.129854626597,2421.482667236331,729.2458879725732,127.99489658848384,218.23256495117968,5,0.9923438523321162,0.002718750280361962,7.968099758200473,20.51211278627999
2027,20087,Soybeans,173639107.61438552,17363.91076143855,12.078956617613274,all_cult,Soybeans,0.09985991575255485,13.833333333333334,56,972379.0026405589,2421.482667236331,729.2458879725732,127.99489658848384,218.23256495117968,5,0.9923438523321162,0.002718750280361962,7.968099758200473,20.51211278627999
2027,20087,Wheat,7377427.0278590415,737.7427027859042,0.5132001784817648,all_cult,Wheat,NA,NA,89,65659.10054794548,2218.300680541995,492.57242255816806,43.330247464610146,150.405926929109,5,0.9923438523321162,0.002718750280361962,7.968099758200473,20.51211278627999
2027,20091,Corn,20137063.169311535,2013.7063169311532,3.334881975218613,all_cult,Corn,0.14955141172933145,4,250,503426.5792327883,2472.1646893310576,757.7883130943151,123.75835421324562,186.5068023729749,5,1.051649296564114,0.002881230949490723,8.587583342251735,20.6475444636933
2027,20091,Developed,271607528.4848879,27160.752848488788,44.98069273866694,developed,NA,NA,NA,NA,NA,NA,NA,NA,NA,NA,1.051649296564114,0.002881230949490723,8.587583342251735,20.6475444636933
2027,20091,Double Crop,2013905.6882216034,201.39056882216036,0.3335212152324038,all_cult,NA,NA,NA,NA,NA,NA,NA,NA,NA,NA,1.051649296564114,0.002881230949490723,8.587583342251735,20.6475444636933
2027,20091,Grass/Pasture/Shrubland,139667491.4795437,13966.749147954368,23.130214964462166,grassPastureHay,NA,NA,NA,NA,NA,NA,NA,NA,NA,NA,1.051649296564114,0.002881230949490723,8.587583342251735,20.6475444636933
2027,20091,Other Crops,14581458.923742233,1458.1458923742232,2.4148230617504245,all_cult,NA,NA,NA,NA,NA,NA,NA,NA,NA,NA,1.051649296564114,0.002881230949490723,8.587583342251735,20.6475444636933
2027,20091,Sorghum,265245.84730308503,26.524584730308504,0.043927140106542625,all_cult,Sorghum,NA,NA,112,2970.7534897945525,2472.1646893310576,757.7883130943151,123.75835421324562,186.5068023729749,5,1.051649296564114,0.002881230949490723,8.587583342251735,20.6475444636933
2027,20091,Soybeans,40506888.73460731,4050.688873460731,6.708311533684595,all_cult,Soybeans,NA,NA,56,226838.57691380093,2472.1646893310576,757.7883130943151,123.75835421324562,186.5068023729749,5,1.051649296564114,0.002881230949490723,8.587583342251735,20.6475444636933
2027,20091,Wheat,3047090.5931461067,304.70905931461067,0.5046260922212007,all_cult,Wheat,NA,NA,89,27119.10627900035,2261.2019006347687,532.5493421020005,41.629048569639586,142.0881642452673,5,1.051649296564114,0.002881230949490723,8.587583342251735,20.6475444636933
2027,20103,Corn,55676654.53817842,5567.665453817842,6.162232243462533,all_cult,Corn,0.09926099891867379,4.75,250,1391916.3634544604,2453.015466308597,744.5898488480981,123.15683380650329,207.75336041393984,5,1.020374256701596,0.002795545908771496,8.27251783397102,20.61973386999681
2027,20103,Developed,66222526.18511143,6622.252618511144,7.329437975150055,developed,NA,NA,NA,NA,NA,NA,NA,NA,NA,NA,1.020374256701596,0.002795545908771496,8.27251783397102,20.61973386999681
2027,20103,Double Crop,2239300.7972116056,223.93007972116058,0.2478434038440015,all_cult,NA,NA,NA,NA,NA,NA,NA,NA,NA,NA,1.020374256701596,0.002795545908771496,8.27251783397102,20.61973386999681
2027,20103,Grass/Pasture/Shrubland,361083573.13099504,36108.3573130995,39.96434152498699,grassPastureHay,NA,NA,NA,NA,NA,NA,NA,NA,NA,NA,1.020374256701596,0.002795545908771496,8.27251783397102,20.61973386999681
2027,20103,Other Crops,54377617.6404599,5437.76176404599,6.018456236750789,all_cult,NA,NA,NA,NA,NA,NA,NA,NA,NA,NA,1.020374256701596,0.002795545908771496,8.27251783397102,20.61973386999681
2027,20103,Sorghum,567901.3203360821,56.79013203360822,0.06285470735100035,all_cult,Sorghum,NA,NA,112,6360.494787764121,2453.015466308597,744.5898488480981,123.15683380650329,207.75336041393984,5,1.020374256701596,0.002795545908771496,8.27251783397102,20.61973386999681
2027,20103,Soybeans,101039226.18326606,10103.922618326606,11.18291288522158,all_cult,Soybeans,0.11410095968932568,4.571428571428571,56,565819.66662629,2453.015466308597,744.5898488480981,123.15683380650329,207.75336041393984,5,1.020374256701596,0.002795545908771496,8.27251783397102,20.61973386999681
2027,20103,Wheat,4817340.8524583215,481.7340852458321,0.5331781044497215,all_cult,Wheat,NA,NA,89,42874.33358687905,2241.570717163089,505.7151686017025,42.92994544418605,151.00843331733134,5,1.020374256701596,0.002795545908771496,8.27251783397102,20.61973386999681
2027,20117,Corn,1797933.5665907045,179.79335665907044,8.787790125047634,all_cult,Corn,0.16261062771687598,15.722222222222221,250,44948.33916476761,2343.2509808349637,736.2499307523647,141.07213322461465,295.7625702954576,5,0.9615284255508708,0.0026343244535640296,6.954868214228405,20.14051834733521
2027,20117,Developed,709093.4285035765,70.90934285035766,3.465847873654197,developed,NA,NA,NA,NA,NA,NA,NA,NA,NA,NA,0.9615284255508708,0.0026343244535640296,6.954868214228405,20.14051834733521
2027,20117,Double Crop,17005.082052877187,1.700508205287719,0.08311602548433755,all_cult,NA,NA,NA,NA,NA,NA,NA,NA,NA,NA,0.9615284255508708,0.0026343244535640296,6.954868214228405,20.14051834733521
2027,20117,Grass/Pasture/Shrubland,13608757.209524421,1360.8757209524422,66.51575143947134,grassPastureHay,NA,NA,NA,NA,NA,NA,NA,NA,NA,NA,0.9615284255508708,0.0026343244535640296,6.954868214228405,20.14051834733521
2027,20117,Other Crops,368569.7378671669,36.856973786716694,1.801464505144208,all_cult,NA,NA,NA,NA,NA,NA,NA,NA,NA,NA,0.9615284255508708,0.0026343244535640296,6.954868214228405,20.14051834733521
2027,20117,Sorghum,113210.96189225193,11.321096189225193,0.5533431220433721,all_cult,Sorghum,NA,NA,112,1267.9627731932217,2343.2509808349637,736.2499307523647,141.07213322461465,295.7625702954576,5,0.9615284255508708,0.0026343244535640296,6.954868214228405,20.14051834733521
2027,20117,Soybeans,2250086.8872694396,225.00868872694397,10.99778751332857,all_cult,Soybeans,0.12228514283699721,8.25,56,12600.486568708862,2343.2509808349637,736.2499307523647,141.07213322461465,295.7625702954576,5,0.9615284255508708,0.0026343244535640296,6.954868214228405,20.14051834733521
2027,20117,Wheat,234744.84118524572,23.474484118524572,1.1473663074132867,all_cult,Wheat,NA,NA,89,2089.229086548687,2129.700228271487,462.78784124278,38.55057045183625,141.82407130141522,5,0.9615284255508708,0.0026343244535640296,6.954868214228405,20.14051834733521
2027,20127,Corn,10941387.892613748,1094.1387892613748,4.064821675495574,all_cult,Corn,NA,NA,250,273534.6973153437,2418.060129394534,639.8923955901278,144.19571994552786,151.75328325396126,5,0.8742247073505646,0.002395136184522095,7.725560478314985,20.84586012748825
2027,20127,Developed,12128694.282144045,1212.8694282144045,4.50591642462472,developed,NA,NA,NA,NA,NA,NA,NA,NA,NA,NA,0.8742247073505646,0.002395136184522095,7.725560478314985,20.84586012748825
2027,20127,Double Crop,4499199.088895911,449.9199088895911,1.671491967784096,all_cult,NA,NA,NA,NA,NA,NA,NA,NA,NA,NA,0.8742247073505646,0.002395136184522095,7.725560478314985,20.84586012748825
2027,20127,Grass/Pasture/Shrubland,158101691.18434784,15810.169118434784,58.73616652348874,grassPastureHay,NA,NA,NA,NA,NA,NA,NA,NA,NA,NA,0.8742247073505646,0.002395136184522095,7.725560478314985,20.84586012748825
2027,20127,Other Crops,10981377.128665583,1098.1377128665583,4.079678027823576,all_cult,NA,NA,NA,NA,NA,NA,NA,NA,NA,NA,0.8742247073505646,0.002395136184522095,7.725560478314985,20.84586012748825
2027,20127,Sorghum,7272388.587591114,727.2388587591115,2.701756217181813,all_cult,Sorghum,NA,NA,112,81450.75218102049,2418.060129394534,639.8923955901278,144.19571994552786,151.75328325396126,5,0.8742247073505646,0.002395136184522095,7.725560478314985,20.84586012748825
2027,20127,Soybeans,28686301.015498407,2868.6301015498407,10.657212713965244,all_cult,Soybeans,0.11686486262093489,4,56,160643.2856867911,2418.060129394534,639.8923955901278,144.19571994552786,151.75328325396126,5,0.8742247073505646,0.002395136184522095,7.725560478314985,20.84586012748825
2027,20127,Wheat,20934850.636842933,2093.485063684293,7.777480834890052,all_cult,Wheat,NA,NA,89,186320.17066790207,2218.324165649417,446.3790514944331,39.51541404268832,121.13303548308262,5,0.8742247073505646,0.002395136184522095,7.725560478314985,20.84586012748825
2027,20131,Corn,124792211.963085,12479.2211963085,16.444051346315263,all_cult,Corn,0.12528513936677563,9.454545454545455,250,3119805.299077125,2341.9712658691437,729.3574854942208,134.98825888811086,292.3032819925849,5,0.9604931792529645,0.002631488162336889,6.950189384564984,20.100186617080503
2027,20131,Developed,34827921.40223819,3482.792140223819,4.589325878711502,developed,NA,NA,NA,NA,NA,NA,NA,NA,NA,NA,0.9604931792529645,0.002631488162336889,6.950189384564984,20.100186617080503
2027,20131,Double Crop,1288597.7379512293,128.85977379512295,0.1698003988733199,all_cult,NA,NA,NA,NA,NA,NA,NA,NA,NA,NA,0.9604931792529645,0.002631488162336889,6.950189384564984,20.100186617080503
2027,20131,Grass/Pasture/Shrubland,328086582.4549448,32808.65824549448,43.232446344665604,grassPastureHay,NA,NA,NA,NA,NA,NA,NA,NA,NA,NA,0.9604931792529645,0.002631488162336889,6.950189384564984,20.100186617080503
2027,20131,Other Crops,27101730.321978156,2710.1730321978157,3.5712344382550913,all_cult,NA,NA,NA,NA,NA,NA,NA,NA,NA,NA,0.9604931792529645,0.002631488162336889,6.950189384564984,20.100186617080503
2027,20131,Sorghum,2055671.3741418559,205.5671374141856,0.2708788080264065,all_cult,Sorghum,NA,NA,112,23023.519390388785,2341.9712658691437,729.3574854942208,134.98825888811086,292.3032819925849,5,0.9604931792529645,0.002631488162336889,6.950189384564984,20.100186617080503
2027,20131,Soybeans,136674912.54505298,13667.491254505298,18.00985209164201,all_cult,Soybeans,0.1067341402930363,5.142857142857143,56,765379.5102522967,2341.9712658691437,729.3574854942208,134.98825888811086,292.3032819925849,5,0.9604931792529645,0.002631488162336889,6.950189384564984,20.100186617080503
2027,20131,Wheat,9588450.555545796,958.8450555545795,1.2634840811511674,all_cult,Wheat,NA,NA,89,85337.20994435757,2124.3254150390653,456.89955306969506,43.12676729930775,143.3485995778886,5,0.9604931792529645,0.002631488162336889,6.950189384564984,20.100186617080503
2027,20139,Corn,20890964.22588984,2089.096422588984,9.4988079569725965,all_cult,Corn,NA,NA,250,522274.10564724595,2433.4747052001985,682.8390055214221,129.694440172351,149.96422582078551,5,0.9458268702002119,0.0025913064936992107,8.033650194978083,20.703876401300324
2027,20139,Developed,11858545.489950646,1185.8545489950645,5.391902692479325,developed,NA,NA,NA,NA,NA,NA,NA,NA,NA,NA,0.9458268702002119,0.0025913064936992107,8.033650194978083,20.703876401300324
2027,20139,Double Crop,1849135.1156913848,184.91351156913848,0.8407739901578724,all_cult,NA,NA,NA,NA,NA,NA,NA,NA,NA,NA,0.9458268702002119,0.0025913064936992107,8.033650194978083,20.703876401300324
2027,20139,Grass/Pasture/Shrubland,108139234.26990536,10813.923426990536,49.1692871538651,grassPastureHay,NA,NA,NA,NA,NA,NA,NA,NA,NA,NA,0.9458268702002119,0.0025913064936992107,8.033650194978083,20.703876401300324
2027,20139,Other Crops,6302951.103083336,630.2951103083336,2.86585728849129,all_cult,NA,NA,NA,NA,NA,NA,NA,NA,NA,NA,0.9458268702002119,0.0025913064936992107,8.033650194978083,20.703876401300324
2027,20139,Sorghum,252758.48461129973,25.27584846112997,0.11492549021948671,all_cult,Sorghum,NA,NA,112,2830.8950276465566,2433.4747052001985,682.8390055214221,129.694440172351,149.96422582078551,5,0.9458268702002119,0.0025913064936992107,8.033650194978083,20.703876401300324
2027,20139,Soybeans,28064514.38751116,2806.4514387511163,12.76051357372463,all_cult,Soybeans,NA,NA,56,157161.28057006252,2433.4747052001985,682.8390055214221,129.694440172351,149.96422582078551,5,0.9458268702002119,0.0025913064936992107,8.033650194978083,20.703876401300324
2027,20139,Wheat,1738320.944623076,173.8320944623076,0.7903884493801757,all_cult,Wheat,NA,NA,89,15471.056407145375,2236.026672363284,493.0350429301296,34.69062448704349,117.49699650099444,5,0.9458268702002119,0.0025913064936992107,8.033650194978083,20.703876401300324
2027,20149,Corn,136791901.8519852,13679.190185198519,7.982141503627487,all_cult,Corn,0.1326174661314905,62.44444444444444,250,3419797.54629963,2393.2513232421907,717.7642943938823,138.35532687044875,259.5636924289827,5,0.9440436239538409,0.0025864208875447697,7.370015233706145,20.61709489378213
2027,20149,Developed,87781477.02653997,8778.147702653996,5.122263537072818,developed,NA,NA,NA,NA,NA,NA,NA,NA,NA,NA,0.9440436239538409,0.0025864208875447697,7.370015233706145,20.61709489378213
2027,20149,Double Crop,1803166.4492782145,180.31664492782144,0.1052191654466961,all_cult,NA,NA,NA,NA,NA,NA,NA,NA,NA,NA,0.9440436239538409,0.0025864208875447697,7.370015233706145,20.61709489378213
2027,20149,Grass/Pasture/Shrubland,1058221194.9777538,105822.11949777538,61.749790785057485,grassPastureHay,NA,NA,NA,NA,NA,NA,NA,NA,NA,NA,0.9440436239538409,0.0025864208875447697,7.370015233706145,20.61709489378213
2027,20149,Other Crops,34485813.7618199,3448.58137618199,2.012331443512244,all_cult,NA,NA,NA,NA,NA,NA,NA,NA,NA,NA,0.9440436239538409,0.0025864208875447697,7.370015233706145,20.61709489378213
2027,20149,Sorghum,5647082.09049503,564.708209049503,0.3295210295248753,all_cult,Sorghum,NA,NA,112,63247.319413544334,2393.2513232421907,717.7642943938823,138.35532687044875,259.5636924289827,5,0.9440436239538409,0.0025864208875447697,7.370015233706145,20.61709489378213
2027,20149,Soybeans,153915907.33370754,15391.590733370755,8.98136903839706,all_cult,Soybeans,0.11392545848870632,51.611111111111114,56,861929.0810687622,2393.2513232421907,717.7642943938823,138.35532687044875,259.5636924289827,5,0.9440436239538409,0.0025864208875447697,7.370015233706145,20.61709489378213
2027,20149,Wheat,13424373.002870617,1342.4373002870618,0.7833449455387832,all_cult,Wheat,NA,NA,89,119476.9197255485,2187.475638427737,466.84247413788614,36.47853803731697,135.82802355716146,5,0.9440436239538409,0.0025864208875447697,7.370015233706145,20.61709489378213
2027,20161,Corn,29887562.457934357,2988.756245793436,3.7374801575206362,all_cult,Corn,0.14127372152863188,12.444444444444445,250,747189.0614483589,2411.1313195800813,649.9649552350425,141.0722120755514,193.2421037442052,5,0.8659365337276334,0.0023724288595277625,7.4920004565095475,20.832832917513937
2027,20161,Developed,93189704.06140432,9318.970406140432,11.653498685445852,developed,NA,NA,NA,NA,NA,NA,NA,NA,NA,NA,0.8659365337276334,0.0023724288595277625,7.4920004565095475,20.832832917513937
2027,20161,Double Crop,2321662.5391971655,232.16625391971652,0.2903270443991936,all_cult,NA,NA,NA,NA,NA,NA,NA,NA,NA,NA,0.8659365337276334,0.0023724288595277625,7.4920004565095475,20.832832917513937
2027,20161,Grass/Pasture/Shrubland,421935273.9416269,42193.527394162695,52.76357736882686,grassPastureHay,NA,NA,NA,NA,NA,NA,NA,NA,NA,NA,0.8659365337276334,0.0023724288595277625,7.4920004565095475,20.832832917513937
2027,20161,Other Crops,10313350.483787943,1031.3350483787942,1.2896984437913022,all_cult,NA,NA,NA,NA,NA,NA,NA,NA,NA,NA,0.8659365337276334,0.0023724288595277625,7.4920004565095475,20.832832917513937
2027,20161,Sorghum,8046145.345421317,804.6145345421318,1.0061813711092988,all_cult,Sorghum,NA,NA,112,90116.82786871876,2411.1313195800813,649.9649552350425,141.0722120755514,193.2421037442052,5,0.8659365337276334,0.0023724288595277625,7.4920004565095475,20.832832917513937
2027,20161,Soybeans,56043067.26954317,5604.306726954317,7.008261452613234,all_cult,Soybeans,0.12420661341954765,10.38888888888889,56,313841.17670944176,2411.1313195800813,649.9649552350425,141.0722120755514,193.2421037442052,5,0.8659365337276334,0.0023724288595277625,7.4920004565095475,20.832832917513937
2027,20161,Wheat,14763447.35949416,1476.3447359494162,1.8461890841841313,all_cult,Wheat,NA,NA,89,131394.68149949805,2204.573128662112,434.4072231697741,37.81460150503009,113.70207805387813,5,0.8659365337276334,0.0023724288595277625,7.4920004565095475,20.832832917513937
2027,20177,Corn,132475537.80653152,13247.553780653152,9.091050553311547,all_cult,Corn,0.12030458771317423,83,250,3311888.445163288,2429.6374700927768,686.4999239652409,131.07608219631504,181.41764282261903,5,0.936429918633922,0.0025655614209148547,7.959557336258585,20.67552379869437
2027,20177,Developed,255013934.0237044,25501.393402370442,17.50017100813045,developed,NA,NA,NA,NA,NA,NA,NA,NA,NA,NA,0.936429918633922,0.0025655614209148547,7.959557336258585,20.67552379869437
2027,20177,Double Crop,2797246.7569815805,279.7246756981581,0.19195930130847558,all_cult,NA,NA,NA,NA,NA,NA,NA,NA,NA,NA,0.936429918633922,0.0025655614209148547,7.959557336258585,20.67552379869437
2027,20177,Grass/Pasture/Shrubland,626083355.6398722,62608.33556398722,42.96457693964075,grassPastureHay,NA,NA,NA,NA,NA,NA,NA,NA,NA,NA,0.936429918633922,0.0025655614209148547,7.959557336258585,20.67552379869437
2027,20177,Other Crops,33361526.081880283,3336.1526081880284,2.289413767762353,all_cult,NA,NA,NA,NA,NA,NA,NA,NA,NA,NA,0.936429918633922,0.0025655614209148547,7.959557336258585,20.67552379869437
2027,20177,Sorghum,2303954.5452317544,230.39545452317543,0.15810743319134585,all_cult,Sorghum,NA,NA,112,25804.29090659565,2429.6374700927768,686.4999239652409,131.07608219631504,181.41764282261903,5,0.936429918633922,0.0025655614209148547,7.959557336258585,20.67552379869437
2027,20177,Soybeans,145627766.023613,14562.7766023613,9.993613951731533,all_cult,Soybeans,0.09768281806034469,42.833333333333336,56,815515.4897322329,2429.6374700927768,686.4999239652409,131.07608219631504,181.41764282261903,5,0.936429918633922,0.0025655614209148547,7.959557336258585,20.67552379869437
2027,20177,Wheat,9565647.685078032,956.5647685078033,0.656436562704971,all_cult,Wheat,NA,NA,89,85134.26439719449,2232.299948730471,483.20870591247257,36.74769237543747,123.0884555204344,5,0.936429918633922,0.0025655614209148547,7.959557336258585,20.67552379869437
2027,20197,Corn,69733578.79693311,6973.357879693312,4.536852294529976,all_cult,Corn,0.14186117514330646,28.666666666666668,250,1743339.469923328,2409.7000817871126,695.2109232296408,135.78565711758617,190.2366226919874,5,0.9303162009823509,0.0025488115095406876,7.6561260484669535,20.72244704155075
2027,20197,Developed,54289406.85937861,5428.940685937861,3.5320576446519008,developed,NA,NA,NA,NA,NA,NA,NA,NA,NA,NA,0.9303162009823509,0.0025488115095406876,7.6561260484669535,20.72244704155075
2027,20197,Double Crop,1125869.9276987636,112.58699276987635,0.07324886594013556,all_cult,NA,NA,NA,NA,NA,NA,NA,NA,NA,NA,0.9303162009823509,0.0025488115095406876,7.6561260484669535,20.72244704155075
2027,20197,Grass/Pasture/Shrubland,1169502873.1037595,116950.28731037596,76.08761639426346,grassPastureHay,NA,NA,NA,NA,NA,NA,NA,NA,NA,NA,0.9303162009823509,0.0025488115095406876,7.6561260484669535,20.72244704155075
2027,20197,Other Crops,29094649.42529061,2909.464942529061,1.8928919077573607,all_cult,NA,NA,NA,NA,NA,NA,NA,NA,NA,NA,0.9303162009823509,0.0025488115095406876,7.6561260484669535,20.72244704155075
2027,20197,Sorghum,3287931.385599168,328.7931385599168,0.21391213972326276,all_cult,Sorghum,NA,NA,112,36824.831518710685,2409.7000817871126,695.2109232296408,135.78565711758617,190.2366226919874,5,0.9303162009823509,0.0025488115095406876,7.6561260484669535,20.72244704155075
2027,20197,Soybeans,83491332.16381498,8349.133216381497,5.431928899043218,all_cult,Soybeans,0.12942046457519057,22.77777777777778,56,467551.46011736384,2409.7000817871126,695.2109232296408,135.78565711758617,190.2366226919874,5,0.9303162009823509,0.0025488115095406876,7.6561260484669535,20.72244704155075
2027,20197,Wheat,7530280.724868099,753.02807248681,0.4899185152185996,all_cult,Wheat,NA,NA,89,67019.49845132609,2210.277259521487,471.2674417643491,34.575332495608066,131.6349437681722,5,0.9303162009823509,0.0025488115095406876,7.6561260484669535,20.72244704155075
2027,20209,Corn,2798441.748604609,279.8441748604609,1.0907251789658858,all_cult,Corn,NA,NA,250,69961.04371511523,2479.0905682373077,747.656009452566,125.16824053970642,192.519062533324,5,1.0328213860965167,0.002829647633141142,8.640245386411088,20.504928647394074
2027,20209,Developed,144515431.86680782,14451.543186680783,56.32656829996687,developed,NA,NA,NA,NA,NA,NA,NA,NA,NA,NA,1.0328213860965167,0.002829647633141142,8.640245386411088,20.504928647394074
2027,20209,Double Crop,152719.71803613545,15.271971803613546,0.05952428413764306,all_cult,NA,NA,NA,NA,NA,NA,NA,NA,NA,NA,1.0328213860965167,0.002829647633141142,8.640245386411088,20.504928647394074
2027,20209,Grass/Pasture/Shrubland,41083799.11850462,4108.379911850462,16.01288794682744,grassPastureHay,NA,NA,NA,NA,NA,NA,NA,NA,NA,NA,1.0328213860965167,0.002829647633141142,8.640245386411088,20.504928647394074
2027,20209,Other Crops,1959154.8527385148,195.91548527385146,0.7636033619211925,all_cult,NA,NA,NA,NA,NA,NA,NA,NA,NA,NA,1.0328213860965167,0.002829647633141142,8.640245386411088,20.504928647394074
2027,20209,Sorghum,54127.80426680527,5.412780426680527,0.02109694047602745,all_cult,Sorghum,NA,NA,112,606.231407788219,2479.0905682373077,747.656009452566,125.16824053970642,192.519062533324,5,1.0328213860965167,0.002829647633141142,8.640245386411088,20.504928647394074
2027,20209,Soybeans,8244134.676247953,824.4134676247953,3.213247256139296,all_cult,Soybeans,0.14562756367793683,4.75,56,46167.15418698854,2479.0905682373077,747.656009452566,125.16824053970642,192.519062533324,5,1.0328213860965167,0.002829647633141142,8.640245386411088,20.504928647394074
2027,20209,Wheat,234900.57353758038,23.49005735375804,0.09155522720411169,all_cult,Wheat,NA,NA,89,2090.6151044844655,2252.11695983887,518.1704354829594,43.96620408504948,138.51559496727418,5,1.0328213860965167,0.002829647633141142,8.640245386411088,20.504928647394074
2028,20005,Corn,172734778.84431297,17273.477884431297,23.078910848652363,all_cult,Corn,0.10724545034749912,6.181818181818182,250,4318369.471107824,2372.877671508792,598.7934633553376,104.05396769573152,61.68363284982409,5,0.8372988445685526,0.0022877017611162643,7.512150923932208,20.01013765595652
2028,20005,Developed,36578638.84791646,3657.863884791646,4.88723319405755,developed,NA,NA,NA,NA,NA,NA,NA,NA,NA,NA,0.8372988445685526,0.0022877017611162643,7.512150923932208,20.01013765595652
2028,20005,Double Crop,1451158.554832854,145.11585548328543,0.1938877575107932,all_cult,NA,NA,NA,NA,NA,NA,NA,NA,NA,NA,0.8372988445685526,0.0022877017611162643,7.512150923932208,20.01013765595652
2028,20005,Grass/Pasture/Shrubland,215288406.86893737,21528.840686893738,28.764456018176027,grassPastureHay,NA,NA,NA,NA,NA,NA,NA,NA,NA,NA,0.8372988445685526,0.0022877017611162643,7.512150923932208,20.01013765595652
2028,20005,Other Crops,29204979.705745928,2920.4979705745927,3.902046405912905,all_cult,NA,NA,NA,NA,NA,NA,NA,NA,NA,NA,0.8372988445685526,0.0022877017611162643,7.512150923932208,20.01013765595652
2028,20005,Sorghum,732239.3724075308,73.22393724075309,0.09783372699309156,all_cult,Sorghum,NA,NA,112,8201.080970964345,2372.877671508792,598.7934633553376,104.05396769573152,61.68363284982409,5,0.8372988445685526,0.0022877017611162643,7.512150923932208,20.01013765595652
2028,20005,Soybeans,181600576.65296197,18160.057665296197,24.263460703620524,all_cult,Soybeans,0.07483265359624193,5,56,1016963.2292565871,2372.877671508792,598.7934633553376,104.05396769573152,61.68363284982409,5,0.8372988445685526,0.0022877017611162643,7.512150923932208,20.01013765595652
2028,20005,Wheat,5908069.702597459,590.8069702597459,0.7893709354082403,all_cult,Wheat,NA,NA,89,52581.82035311738,2181.9982904052763,412.44272722534663,175.2255322678492,111.81602612377476,5,0.8372988445685526,0.0022877017611162643,7.512150923932208,20.01013765595652
2028,20013,Corn,113276297.82191704,11327.629782191703,25.36090350021212,all_cult,Corn,0.12646432205391206,17.5625,250,2831907.445547926,2341.69560852051,575.5199224504128,89.88030593995254,68.24334948343363,5,0.8070761921467323,0.0022051262080511813,7.035187851535841,19.94761044028029
2028,20013,Developed,24170977.38782201,2417.0977387822013,5.411527714315524,developed,NA,NA,NA,NA,NA,NA,NA,NA,NA,NA,0.8070761921467323,0.0022051262080511813,7.035187851535841,19.94761044028029
2028,20013,Double Crop,542048.8992527233,54.20488992527234,0.12135680712267008,all_cult,NA,NA,NA,NA,NA,NA,NA,NA,NA,NA,0.8070761921467323,0.0022051262080511813,7.035187851535841,19.94761044028029
2028,20013,Grass/Pasture/Shrubland,122499833.68113159,12249.983368113159,27.425918047421547,grassPastureHay,NA,NA,NA,NA,NA,NA,NA,NA,NA,NA,0.8070761921467323,0.0022051262080511813,7.035187851535841,19.94761044028029
2028,20013,Other Crops,13090232.71280689,1309.023271280689,2.9307113227404837,all_cult,NA,NA,NA,NA,NA,NA,NA,NA,NA,NA,0.8070761921467323,0.0022051262080511813,7.035187851535841,19.94761044028029
2028,20013,Sorghum,333636.9508835004,33.363695088350035,0.07469642527304013,all_cult,Sorghum,NA,NA,112,3736.733849895204,2341.69560852051,575.5199224504128,89.88030593995254,68.24334948343363,5,0.8070761921467323,0.0022051262080511813,7.035187851535841,19.94761044028029
2028,20013,Soybeans,123405327.24801578,12340.532724801578,27.62864479089188,all_cult,Soybeans,0.10147480973744562,10.461538461538462,56,691069.8325888884,2341.69560852051,575.5199224504128,89.88030593995254,68.24334948343363,5,0.8070761921467323,0.0022051262080511813,7.035187851535841,19.94761044028029
2028,20013,Wheat,3906288.4515680084,390.6288451568008,0.8745607542714157,all_cult,Wheat,NA,NA,89,34765.96721895527,2143.784434814456,406.0503208515332,165.40624384579044,102.8492865547152,5,0.8070761921467323,0.0022051262080511813,7.035187851535841,19.94761044028029
2028,20045,Corn,74392843.99321488,7439.284399321487,7.631923083362056,all_cult,Corn,0.1459526935617447,11,250,1859821.0998303718,2430.4549853515655,625.0784851020484,120.94699494671622,84.41288093988365,5,0.8966180563981485,0.002449776110377455,8.235709043409027,20.320367314906743
2028,20045,Developed,130402436.2681122,13040.24362681122,13.37791795635647,developed,NA,NA,NA,NA,NA,NA,NA,NA,NA,NA,0.8966180563981485,0.002449776110377455,8.235709043409027,20.320367314906743
2028,20045,Double Crop,4220114.888463862,422.01148884638627,0.4329393864098648,all_cult,NA,NA,NA,NA,NA,NA,NA,NA,NA,NA,0.8966180563981485,0.002449776110377455,8.235709043409027,20.320367314906743
2028,20045,Grass/Pasture/Shrubland,354830010.0217444,35483.00100217444,36.40182575089523,grassPastureHay,NA,NA,NA,NA,NA,NA,NA,NA,NA,NA,0.8966180563981485,0.002449776110377455,8.235709043409027,20.320367314906743
2028,20045,Other Crops,37964614.628596716,3796.4614628596714,3.8947700233285687,all_cult,NA,NA,NA,NA,NA,NA,NA,NA,NA,NA,0.8966180563981485,0.002449776110377455,8.235709043409027,20.320367314906743
2028,20045,Sorghum,671055.755263424,67.1055755263424,0.06884326010288025,all_cult,Sorghum,NA,NA,112,7515.824458950349,2430.4549853515655,625.0784851020484,120.94699494671622,84.41288093988365,5,0.8966180563981485,0.002449776110377455,8.235709043409027,20.320367314906743
2028,20045,Soybeans,100028766.3995359,10002.876639953589,10.261898998705805,all_cult,Soybeans,0.11420951862362651,8.5,56,560161.091837401,2430.4549853515655,625.0784851020484,120.94699494671622,84.41288093988365,5,0.8966180563981485,0.002449776110377455,8.235709043409027,20.320367314906743
2028,20045,Wheat,7085783.937909698,708.5783937909698,0.7269268802840957,all_cult,Wheat,NA,NA,89,63063.477047396314,2241.431982421878,438.86818672423703,178.51546185558445,154.46926318940967,5,0.8966180563981485,0.002449776110377455,8.235709043409027,20.320367314906743
2028,20061,Corn,31722102.062803604,3172.21020628036,4.044269831598419,all_cult,Corn,0.16936452361704205,12.944444444444445,250,793052.55157009,2398.828051147464,548.6327424196386,102.93654806330488,90.56436615114052,5,0.7600221588878554,0.0020765632756498784,7.536541606298584,20.517854751003267
2028,20061,Developed,61171563.9285717,6117.15639285717,7.798799400437711,developed,NA,NA,NA,NA,NA,NA,NA,NA,NA,NA,0.7600221588878554,0.0020765632756498784,7.536541606298584,20.517854751003267
2028,20061,Double Crop,5604030.762346523,560.4030762346523,0.7144612454318694,all_cult,NA,NA,NA,NA,NA,NA,NA,NA,NA,NA,0.7600221588878554,0.0020765632756498784,7.536541606298584,20.517854751003267
2028,20061,Grass/Pasture/Shrubland,476190220.2809351,47619.02202809351,60.70977699307564,grassPastureHay,NA,NA,NA,NA,NA,NA,NA,NA,NA,NA,0.7600221588878554,0.0020765632756498784,7.536541606298584,20.517854751003267
2028,20061,Other Crops,18227803.79878525,1822.7803798785249,2.323873646638379,all_cult,NA,NA,NA,NA,NA,NA,NA,NA,NA,NA,0.7600221588878554,0.0020765632756498784,7.536541606298584,20.517854751003267
2028,20061,Sorghum,5491901.736070833,549.1901736070832,0.7001658485721192,all_cult,Sorghum,NA,NA,112,61509.299443993325,2398.828051147464,548.6327424196386,102.93654806330488,90.56436615114052,5,0.7600221588878554,0.0020765632756498784,7.536541606298584,20.517854751003267
2028,20061,Soybeans,39491221.54782481,3949.1221547824807,5.03475953777074,all_cult,Soybeans,0.12217913528938978,7.666666666666667,56,221150.8406678189,2398.828051147464,548.6327424196386,102.93654806330488,90.56436615114052,5,0.7600221588878554,0.0020765632756498784,7.536541606298584,20.517854751003267
2028,20061,Wheat,15495075.277191846,1549.5075277191845,1.9754764472362665,all_cult,Wheat,NA,NA,89,137906.16996700742,2201.366154785159,373.7728275668028,181.44635253049884,111.4763415472989,5,0.7600221588878554,0.0020765632756498784,7.536541606298584,20.517854751003267
2028,20085,Corn,134933024.35661882,13493.30243566188,7.9306511901880965,all_cult,Corn,NA,NA,250,3373325.60891547,2367.5579711914093,598.8915188990004,93.68429326219264,71.61952680034824,5,0.8324210697674381,0.0022743745075613064,7.335769419852524,20.18514280892463
2028,20085,Developed,75618361.35140783,7561.836135140783,4.444448275810096,developed,NA,NA,NA,NA,NA,NA,NA,NA,NA,NA,0.8324210697674381,0.0022743745075613064,7.335769419852524,20.18514280892463
2028,20085,Double Crop,1864792.83802623,186.479283802623,0.10960268333762817,all_cult,NA,NA,NA,NA,NA,NA,NA,NA,NA,NA,0.8324210697674381,0.0022743745075613064,7.335769419852524,20.18514280892463
2028,20085,Grass/Pasture/Shrubland,941187748.5802637,94118.77485802637,55.31804963283908,grassPastureHay,NA,NA,NA,NA,NA,NA,NA,NA,NA,NA,0.8324210697674381,0.0022743745075613064,7.335769419852524,20.18514280892463
2028,20085,Other Crops,98052397.627671,9805.2397627671,5.7630025537076115,all_cult,NA,NA,NA,NA,NA,NA,NA,NA,NA,NA,0.8324210697674381,0.0022743745075613064,7.335769419852524,20.18514280892463
2028,20085,Sorghum,4069081.398774073,406.9081398774073,0.23915913388905596,all_cult,Sorghum,NA,NA,112,45573.71166626961,2367.5579711914093,598.8915188990004,93.68429326219264,71.61952680034824,5,0.8324210697674381,0.0022743745075613064,7.335769419852524,20.18514280892463
2028,20085,Soybeans,170772946.2930534,17077.29462930534,10.037132690300496,all_cult,Soybeans,NA,NA,56,956328.499241099,2367.5579711914093,598.8915188990004,93.68429326219264,71.61952680034824,5,0.8324210697674381,0.0022743745075613064,7.335769419852524,20.18514280892463
2028,20085,Wheat,13725583.902961861,1372.5583902961862,0.8067173980208171,all_cult,Wheat,NA,NA,89,122157.69673636057,2178.6742175292993,412.09326409699656,170.83888851492685,114.3755790985423,5,0.8324210697674381,0.0022743745075613064,7.335769419852524,20.18514280892463
2028,20087,Corn,155094058.297135,15509.4058297135,10.788896738521789,all_cult,Corn,0.13078338055311117,25.77777777777778,250,3877351.457428375,2391.165678100589,625.3872696999426,112.67187497176678,70.57053389385058,5,0.8771666833552302,0.0023966302823913393,7.828650119135311,20.119233528512446
2028,20087,Developed,83037617.78054704,8303.761778054704,5.7763933285619125,developed,NA,NA,NA,NA,NA,NA,NA,NA,NA,NA,0.8771666833552302,0.0023966302823913393,7.828650119135311,20.119233528512446
2028,20087,Double Crop,3214015.8179615135,321.4015817961514,0.2235784217441099,all_cult,NA,NA,NA,NA,NA,NA,NA,NA,NA,NA,0.8771666833552302,0.0023966302823913393,7.828650119135311,20.119233528512446
2028,20087,Grass/Pasture/Shrubland,533878677.1787268,53387.86771787268,37.138507962340775,grassPastureHay,NA,NA,NA,NA,NA,NA,NA,NA,NA,NA,0.8771666833552302,0.0023966302823913393,7.828650119135311,20.119233528512446
2028,20087,Other Crops,67978226.39294052,6797.822639294052,4.728808266891807,all_cult,NA,NA,NA,NA,NA,NA,NA,NA,NA,NA,0.8771666833552302,0.0023966302823913393,7.828650119135311,20.119233528512446
2028,20087,Sorghum,2078940.1655916602,207.89401655916603,0.1446185045281528,all_cult,Sorghum,NA,NA,112,23284.129854626597,2391.165678100589,625.3872696999426,112.67187497176678,70.57053389385058,5,0.8771666833552302,0.0023966302823913393,7.828650119135311,20.119233528512446
2028,20087,Soybeans,173639107.61438552,17363.91076143855,12.078956617613274,all_cult,Soybeans,0.09985991575255485,13.833333333333334,56,972379.0026405589,2391.165678100589,625.3872696999426,112.67187497176678,70.57053389385058,5,0.8771666833552302,0.0023966302823913393,7.828650119135311,20.119233528512446
2028,20087,Wheat,7377427.0278590415,737.7427027859042,0.5132001784817648,all_cult,Wheat,NA,NA,89,65659.10054794548,2208.538157958987,426.49019623999413,178.04666947579864,127.5434526545507,5,0.8771666833552302,0.0023966302823913393,7.828650119135311,20.119233528512446
2028,20091,Corn,20137063.169311535,2013.7063169311532,3.334881975218613,all_cult,Corn,0.14955141172933145,4,250,503426.5792327883,2433.9475402832063,627.3368246648071,122.21888183987176,90.239808602812,5,0.9145247758042042,0.00249870157323553,8.406485227157532,20.15258113673478
2028,20091,Developed,271607528.4848879,27160.752848488788,44.98069273866694,developed,NA,NA,NA,NA,NA,NA,NA,NA,NA,NA,0.9145247758042042,0.00249870157323553,8.406485227157532,20.15258113673478
2028,20091,Double Crop,2013905.6882216034,201.39056882216036,0.3335212152324038,all_cult,NA,NA,NA,NA,NA,NA,NA,NA,NA,NA,0.9145247758042042,0.00249870157323553,8.406485227157532,20.15258113673478
2028,20091,Grass/Pasture/Shrubland,139667491.4795437,13966.749147954368,23.130214964462166,grassPastureHay,NA,NA,NA,NA,NA,NA,NA,NA,NA,NA,0.9145247758042042,0.00249870157323553,8.406485227157532,20.15258113673478
2028,20091,Other Crops,14581458.923742233,1458.1458923742232,2.4148230617504245,all_cult,NA,NA,NA,NA,NA,NA,NA,NA,NA,NA,0.9145247758042042,0.00249870157323553,8.406485227157532,20.15258113673478
2028,20091,Sorghum,265245.84730308503,26.524584730308504,0.043927140106542625,all_cult,Sorghum,NA,NA,112,2970.7534897945525,2433.9475402832063,627.3368246648071,122.21888183987176,90.239808602812,5,0.9145247758042042,0.00249870157323553,8.406485227157532,20.15258113673478
2028,20091,Soybeans,40506888.73460731,4050.688873460731,6.708311533684595,all_cult,Soybeans,NA,NA,56,226838.57691380093,2433.9475402832063,627.3368246648071,122.21888183987176,90.239808602812,5,0.9145247758042042,0.00249870157323553,8.406485227157532,20.15258113673478
2028,20091,Wheat,3047090.5931461067,304.70905931461067,0.5046260922212007,all_cult,Wheat,NA,NA,89,27119.10627900035,2244.2673468017606,447.0402457005508,180.6947027055508,149.52799770517984,5,0.9145247758042042,0.00249870157323553,8.406485227157532,20.15258113673478
2028,20103,Corn,55676654.53817842,5567.665453817842,6.162232243462533,all_cult,Corn,0.09926099891867379,4.75,250,1391916.3634544604,2415.799338989261,626.0456390708257,121.7123234180918,70.92114437300212,5,0.8972596746979808,0.0024515291658414777,8.094995350655333,20.17217710734719
2028,20103,Developed,66222526.18511143,6622.252618511144,7.329437975150055,developed,NA,NA,NA,NA,NA,NA,NA,NA,NA,NA,0.8972596746979808,0.0024515291658414777,8.094995350655333,20.17217710734719
2028,20103,Double Crop,2239300.7972116056,223.93007972116058,0.2478434038440015,all_cult,NA,NA,NA,NA,NA,NA,NA,NA,NA,NA,0.8972596746979808,0.0024515291658414777,8.094995350655333,20.17217710734719
2028,20103,Grass/Pasture/Shrubland,361083573.13099504,36108.3573130995,39.96434152498699,grassPastureHay,NA,NA,NA,NA,NA,NA,NA,NA,NA,NA,0.8972596746979808,0.0024515291658414777,8.094995350655333,20.17217710734719
2028,20103,Other Crops,54377617.6404599,5437.76176404599,6.018456236750789,all_cult,NA,NA,NA,NA,NA,NA,NA,NA,NA,NA,0.8972596746979808,0.0024515291658414777,8.094995350655333,20.17217710734719
2028,20103,Sorghum,567901.3203360821,56.79013203360822,0.06285470735100035,all_cult,Sorghum,NA,NA,112,6360.494787764121,2415.799338989261,626.0456390708257,121.7123234180918,70.92114437300212,5,0.8972596746979808,0.0024515291658414777,8.094995350655333,20.17217710734719
2028,20103,Soybeans,101039226.18326606,10103.922618326606,11.18291288522158,all_cult,Soybeans,0.11410095968932568,4.571428571428571,56,565819.66662629,2415.799338989261,626.0456390708257,121.7123234180918,70.92114437300212,5,0.8972596746979808,0.0024515291658414777,8.094995350655333,20.17217710734719
2028,20103,Wheat,4817340.8524583215,481.7340852458321,0.5331781044497215,all_cult,Wheat,NA,NA,89,42874.33358687905,2227.818286743167,441.0607276068045,178.7482430076309,144.05431688691377,5,0.8972596746979808,0.0024515291658414777,8.094995350655333,20.17217710734719
2028,20117,Corn,1797933.5665907045,179.79335665907044,8.787790125047634,all_cult,Corn,0.16261062771687598,15.722222222222221,250,44948.33916476761,2320.9797314453153,549.0437650454392,84.43288266103532,68.10448324840696,5,0.7635704942457413,0.0020862581809992934,6.883525268888236,19.809640386195806
2028,20117,Developed,709093.4285035765,70.90934285035766,3.465847873654197,developed,NA,NA,NA,NA,NA,NA,NA,NA,NA,NA,0.7635704942457413,0.0020862581809992934,6.883525268888236,19.809640386195806
2028,20117,Double Crop,17005.082052877187,1.700508205287719,0.08311602548433755,all_cult,NA,NA,NA,NA,NA,NA,NA,NA,NA,NA,0.7635704942457413,0.0020862581809992934,6.883525268888236,19.809640386195806
2028,20117,Grass/Pasture/Shrubland,13608757.209524421,1360.8757209524422,66.51575143947134,grassPastureHay,NA,NA,NA,NA,NA,NA,NA,NA,NA,NA,0.7635704942457413,0.0020862581809992934,6.883525268888236,19.809640386195806
2028,20117,Other Crops,368569.7378671669,36.856973786716694,1.801464505144208,all_cult,NA,NA,NA,NA,NA,NA,NA,NA,NA,NA,0.7635704942457413,0.0020862581809992934,6.883525268888236,19.809640386195806
2028,20117,Sorghum,113210.96189225193,11.321096189225193,0.5533431220433721,all_cult,Sorghum,NA,NA,112,1267.9627731932217,2320.9797314453153,549.0437650454392,84.43288266103532,68.10448324840696,5,0.7635704942457413,0.0020862581809992934,6.883525268888236,19.809640386195806
2028,20117,Soybeans,2250086.8872694396,225.00868872694397,10.99778751332857,all_cult,Soybeans,0.12228514283699721,8.25,56,12600.486568708862,2320.9797314453153,549.0437650454392,84.43288266103532,68.10448324840696,5,0.7635704942457413,0.0020862581809992934,6.883525268888236,19.809640386195806
2028,20117,Wheat,234744.84118524572,23.474484118524572,1.1473663074132867,all_cult,Wheat,NA,NA,89,2089.229086548687,2120.841486816409,390.8364728411225,163.10345336299252,103.17337748356296,5,0.7635704942457413,0.0020862581809992934,6.883525268888236,19.809640386195806
2028,20127,Corn,10941387.892613748,1094.1387892613748,4.064821675495574,all_cult,Corn,NA,NA,250,273534.6973153437,2405.4891284179716,531.836075591216,104.74542165815544,104.19393915108566,5,0.7526702138172372,0.0020564759940361675,7.598634430098426,20.545731908245838
2028,20127,Developed,12128694.282144045,1212.8694282144045,4.50591642462472,developed,NA,NA,NA,NA,NA,NA,NA,NA,NA,NA,0.7526702138172372,0.0020564759940361675,7.598634430098426,20.545731908245838
2028,20127,Double Crop,4499199.088895911,449.9199088895911,1.671491967784096,all_cult,NA,NA,NA,NA,NA,NA,NA,NA,NA,NA,0.7526702138172372,0.0020564759940361675,7.598634430098426,20.545731908245838
2028,20127,Grass/Pasture/Shrubland,158101691.18434784,15810.169118434784,58.73616652348874,grassPastureHay,NA,NA,NA,NA,NA,NA,NA,NA,NA,NA,0.7526702138172372,0.0020564759940361675,7.598634430098426,20.545731908245838
2028,20127,Other Crops,10981377.128665583,1098.1377128665583,4.079678027823576,all_cult,NA,NA,NA,NA,NA,NA,NA,NA,NA,NA,0.7526702138172372,0.0020564759940361675,7.598634430098426,20.545731908245838
2028,20127,Sorghum,7272388.587591114,727.2388587591115,2.701756217181813,all_cult,Sorghum,NA,NA,112,81450.75218102049,2405.4891284179716,531.836075591216,104.74542165815544,104.19393915108566,5,0.7526702138172372,0.0020564759940361675,7.598634430098426,20.545731908245838
2028,20127,Soybeans,28686301.015498407,2868.6301015498407,10.657212713965244,all_cult,Soybeans,0.11686486262093489,4,56,160643.2856867911,2405.4891284179716,531.836075591216,104.74542165815544,104.19393915108566,5,0.7526702138172372,0.0020564759940361675,7.598634430098426,20.545731908245838
2028,20127,Wheat,20934850.636842933,2093.485063684293,7.777480834890052,all_cult,Wheat,NA,NA,89,186320.17066790207,2205.4178674316436,370.9748096865366,186.75343403539233,125.98901799356716,5,0.7526702138172372,0.0020564759940361675,7.598634430098426,20.545731908245838
2028,20131,Corn,124792211.963085,12479.2211963085,16.444051346315263,all_cult,Corn,0.12528513936677563,9.454545454545455,250,3119805.299077125,2317.3885498046907,557.9712345064455,82.01317623134116,64.31214166401807,5,0.7806633353018166,0.0021329599325186246,6.864027112950415,19.746783797467366
2028,20131,Developed,34827921.40223819,3482.792140223819,4.589325878711502,developed,NA,NA,NA,NA,NA,NA,NA,NA,NA,NA,0.7806633353018166,0.0021329599325186246,6.864027112950415,19.746783797467366
2028,20131,Double Crop,1288597.7379512293,128.85977379512295,0.1698003988733199,all_cult,NA,NA,NA,NA,NA,NA,NA,NA,NA,NA,0.7806633353018166,0.0021329599325186246,6.864027112950415,19.746783797467366
2028,20131,Grass/Pasture/Shrubland,328086582.4549448,32808.65824549448,43.232446344665604,grassPastureHay,NA,NA,NA,NA,NA,NA,NA,NA,NA,NA,0.7806633353018166,0.0021329599325186246,6.864027112950415,19.746783797467366
2028,20131,Other Crops,27101730.321978156,2710.1730321978157,3.5712344382550913,all_cult,NA,NA,NA,NA,NA,NA,NA,NA,NA,NA,0.7806633353018166,0.0021329599325186246,6.864027112950415,19.746783797467366
2028,20131,Sorghum,2055671.3741418559,205.5671374141856,0.2708788080264065,all_cult,Sorghum,NA,NA,112,23023.519390388785,2317.3885498046907,557.9712345064455,82.01317623134116,64.31214166401807,5,0.7806633353018166,0.0021329599325186246,6.864027112950415,19.746783797467366
2028,20131,Soybeans,136674912.54505298,13667.491254505298,18.00985209164201,all_cult,Soybeans,0.1067341402930363,5.142857142857143,56,765379.5102522967,2317.3885498046907,557.9712345064455,82.01317623134116,64.31214166401807,5,0.7806633353018166,0.0021329599325186246,6.864027112950415,19.746783797467366
2028,20131,Wheat,9588450.555545796,958.8450555545795,1.2634840811511674,all_cult,Wheat,NA,NA,89,85337.20994435757,2114.2773388671903,399.89840478280286,159.71676804035192,106.51117819213174,5,0.7806633353018166,0.0021329599325186246,6.864027112950415,19.746783797467366
2028,20139,Corn,20890964.22588984,2089.096422588984,9.4988079569725965,all_cult,Corn,NA,NA,250,522274.10564724595,2408.423474731448,601.2512660023059,112.5327908007698,89.44418232657216,5,0.8642491705980062,0.0023613365316885416,7.924283237144619,20.31973411685133
2028,20139,Developed,11858545.489950646,1185.8545489950645,5.391902692479325,developed,NA,NA,NA,NA,NA,NA,NA,NA,NA,NA,0.8642491705980062,0.0023613365316885416,7.924283237144619,20.31973411685133
2028,20139,Double Crop,1849135.1156913848,184.91351156913848,0.8407739901578724,all_cult,NA,NA,NA,NA,NA,NA,NA,NA,NA,NA,0.8642491705980062,0.0023613365316885416,7.924283237144619,20.31973411685133
2028,20139,Grass/Pasture/Shrubland,108139234.26990536,10813.923426990536,49.1692871538651,grassPastureHay,NA,NA,NA,NA,NA,NA,NA,NA,NA,NA,0.8642491705980062,0.0023613365316885416,7.924283237144619,20.31973411685133
2028,20139,Other Crops,6302951.103083336,630.2951103083336,2.86585728849129,all_cult,NA,NA,NA,NA,NA,NA,NA,NA,NA,NA,0.8642491705980062,0.0023613365316885416,7.924283237144619,20.31973411685133
2028,20139,Sorghum,252758.48461129973,25.27584846112997,0.11492549021948671,all_cult,Sorghum,NA,NA,112,2830.8950276465566,2408.423474731448,601.2512660023059,112.5327908007698,89.44418232657216,5,0.8642491705980062,0.0023613365316885416,7.924283237144619,20.31973411685133
2028,20139,Soybeans,28064514.38751116,2806.4514387511163,12.76051357372463,all_cult,Soybeans,NA,NA,56,157161.28057006252,2408.423474731448,601.2512660023059,112.5327908007698,89.44418232657216,5,0.8642491705980062,0.0023613365316885416,7.924283237144619,20.31973411685133
2028,20139,Wheat,1738320.944623076,173.8320944623076,0.7903884493801757,all_cult,Wheat,NA,NA,89,15471.056407145375,2224.1309222412137,419.59233174279024,179.3399108756311,139.047677988099,5,0.8642491705980062,0.0023613365316885416,7.924283237144619,20.31973411685133
2028,20149,Corn,136791901.8519852,13679.190185198519,7.982141503627487,all_cult,Corn,0.1326174661314905,62.44444444444444,250,3419797.54629963,2374.163744506839,571.6867722299149,91.27415764720196,75.2557424792812,5,0.783111427841584,0.0021396487099496833,7.301657488046471,20.296706486269446
2028,20149,Developed,87781477.02653997,8778.147702653996,5.122263537072818,developed,NA,NA,NA,NA,NA,NA,NA,NA,NA,NA,0.783111427841584,0.0021396487099496833,7.301657488046471,20.296706486269446
2028,20149,Double Crop,1803166.4492782145,180.31664492782144,0.1052191654466961,all_cult,NA,NA,NA,NA,NA,NA,NA,NA,NA,NA,0.783111427841584,0.0021396487099496833,7.301657488046471,20.296706486269446
2028,20149,Grass/Pasture/Shrubland,1058221194.9777538,105822.11949777538,61.749790785057485,grassPastureHay,NA,NA,NA,NA,NA,NA,NA,NA,NA,NA,0.783111427841584,0.0021396487099496833,7.301657488046471,20.296706486269446
2028,20149,Other Crops,34485813.7618199,3448.58137618199,2.012331443512244,all_cult,NA,NA,NA,NA,NA,NA,NA,NA,NA,NA,0.783111427841584,0.0021396487099496833,7.301657488046471,20.296706486269446
2028,20149,Sorghum,5647082.09049503,564.708209049503,0.3295210295248753,all_cult,Sorghum,NA,NA,112,63247.319413544334,2374.163744506839,571.6867722299149,91.27415764720196,75.2557424792812,5,0.783111427841584,0.0021396487099496833,7.301657488046471,20.296706486269446
2028,20149,Soybeans,153915907.33370754,15391.590733370755,8.98136903839706,all_cult,Soybeans,0.11392545848870632,51.611111111111114,56,861929.0810687622,2374.163744506839,571.6867722299149,91.27415764720196,75.2557424792812,5,0.783111427841584,0.0021396487099496833,7.301657488046471,20.296706486269446
2028,20149,Wheat,13424373.002870617,1342.4373002870618,0.7833449455387832,all_cult,Wheat,NA,NA,89,119476.9197255485,2178.97383483887,392.1129348776991,171.1913493133365,99.55742757305558,5,0.783111427841584,0.0021396487099496833,7.301657488046471,20.296706486269446
2028,20161,Corn,29887562.457934357,2988.756245793436,3.7374801575206362,all_cult,Corn,0.14127372152863188,12.444444444444445,250,747189.0614483589,2392.05482299805,544.2322201096201,98.01378217447106,74.33982502393866,5,0.7450552775297333,0.002035670157185064,7.396297092125087,20.53314284027602
2028,20161,Developed,93189704.06140432,9318.970406140432,11.653498685445852,developed,NA,NA,NA,NA,NA,NA,NA,NA,NA,NA,0.7450552775297333,0.002035670157185064,7.396297092125087,20.53314284027602
2028,20161,Double Crop,2321662.5391971655,232.16625391971652,0.2903270443991936,all_cult,NA,NA,NA,NA,NA,NA,NA,NA,NA,NA,0.7450552775297333,0.002035670157185064,7.396297092125087,20.53314284027602
2028,20161,Grass/Pasture/Shrubland,421935273.9416269,42193.527394162695,52.76357736882686,grassPastureHay,NA,NA,NA,NA,NA,NA,NA,NA,NA,NA,0.7450552775297333,0.002035670157185064,7.396297092125087,20.53314284027602
2028,20161,Other Crops,10313350.483787943,1031.3350483787942,1.2896984437913022,all_cult,NA,NA,NA,NA,NA,NA,NA,NA,NA,NA,0.7450552775297333,0.002035670157185064,7.396297092125087,20.53314284027602
2028,20161,Sorghum,8046145.345421317,804.6145345421318,1.0061813711092988,all_cult,Sorghum,NA,NA,112,90116.82786871876,2392.05482299805,544.2322201096201,98.01378217447106,74.33982502393866,5,0.7450552775297333,0.002035670157185064,7.396297092125087,20.53314284027602
2028,20161,Soybeans,56043067.26954317,5604.306726954317,7.008261452613234,all_cult,Soybeans,0.12420661341954765,10.38888888888889,56,313841.17670944176,2392.05482299805,544.2322201096201,98.01378217447106,74.33982502393866,5,0.7450552775297333,0.002035670157185064,7.396297092125087,20.53314284027602
2028,20161,Wheat,14763447.35949416,1476.3447359494162,1.8461890841841313,all_cult,Wheat,NA,NA,89,131394.68149949805,2195.4777319335963,370.51786130908226,178.0774982334375,103.76436583852328,5,0.7450552775297333,0.002035670157185064,7.396297092125087,20.53314284027602
2028,20177,Corn,132475537.80653152,13247.553780653152,9.091050553311547,all_cult,Corn,0.12030458771317423,83,250,3311888.445163288,2406.938226928714,598.1932010570105,107.58597204445468,77.28341156529763,5,0.8410243092469025,0.002297880626357657,7.864621188471249,20.310321245037166
2028,20177,Developed,255013934.0237044,25501.393402370442,17.50017100813045,developed,NA,NA,NA,NA,NA,NA,NA,NA,NA,NA,0.8410243092469025,0.002297880626357657,7.864621188471249,20.310321245037166
2028,20177,Double Crop,2797246.7569815805,279.7246756981581,0.19195930130847558,all_cult,NA,NA,NA,NA,NA,NA,NA,NA,NA,NA,0.8410243092469025,0.002297880626357657,7.864621188471249,20.310321245037166
2028,20177,Grass/Pasture/Shrubland,626083355.6398722,62608.33556398722,42.96457693964075,grassPastureHay,NA,NA,NA,NA,NA,NA,NA,NA,NA,NA,0.8410243092469025,0.002297880626357657,7.864621188471249,20.310321245037166
2028,20177,Other Crops,33361526.081880283,3336.1526081880284,2.289413767762353,all_cult,NA,NA,NA,NA,NA,NA,NA,NA,NA,NA,0.8410243092469025,0.002297880626357657,7.864621188471249,20.310321245037166
2028,20177,Sorghum,2303954.5452317544,230.39545452317543,0.15810743319134585,all_cult,Sorghum,NA,NA,112,25804.29090659565,2406.938226928714,598.1932010570105,107.58597204445468,77.28341156529763,5,0.8410243092469025,0.002297880626357657,7.864621188471249,20.310321245037166
2028,20177,Soybeans,145627766.023613,14562.7766023613,9.993613951731533,all_cult,Soybeans,0.09768281806034469,42.833333333333336,56,815515.4897322329,2406.938226928714,598.1932010570105,107.58597204445468,77.28341156529763,5,0.8410243092469025,0.002297880626357657,7.864621188471249,20.310321245037166
2028,20177,Wheat,9565647.685078032,956.5647685078033,0.656436562704971,all_cult,Wheat,NA,NA,89,85134.26439719449,2221.9220172119167,411.1234094696028,179.0303686499078,126.47547931966614,5,0.8410243092469025,0.002297880626357657,7.864621188471249,20.310321245037166
2028,20197,Corn,69733578.79693311,6973.357879693312,4.536852294529976,all_cult,Corn,0.14186117514330646,28.666666666666668,250,1743339.469923328,2394.6700805664095,580.7729793116956,101.78375020500712,83.2964179864138,5,0.8024660139583795,0.0021925300927824578,7.593373458111896,20.39439337058148
2028,20197,Developed,54289406.85937861,5428.940685937861,3.5320576446519008,developed,NA,NA,NA,NA,NA,NA,NA,NA,NA,NA,0.8024660139583795,0.0021925300927824578,7.593373458111896,20.39439337058148
2028,20197,Double Crop,1125869.9276987636,112.58699276987635,0.07324886594013556,all_cult,NA,NA,NA,NA,NA,NA,NA,NA,NA,NA,0.8024660139583795,0.0021925300927824578,7.593373458111896,20.39439337058148
2028,20197,Grass/Pasture/Shrubland,1169502873.1037595,116950.28731037596,76.08761639426346,grassPastureHay,NA,NA,NA,NA,NA,NA,NA,NA,NA,NA,0.8024660139583795,0.0021925300927824578,7.593373458111896,20.39439337058148
2028,20197,Other Crops,29094649.42529061,2909.464942529061,1.8928919077573607,all_cult,NA,NA,NA,NA,NA,NA,NA,NA,NA,NA,0.8024660139583795,0.0021925300927824578,7.593373458111896,20.39439337058148
2028,20197,Sorghum,3287931.385599168,328.7931385599168,0.21391213972326276,all_cult,Sorghum,NA,NA,112,36824.831518710685,2394.6700805664095,580.7729793116956,101.78375020500712,83.2964179864138,5,0.8024660139583795,0.0021925300927824578,7.593373458111896,20.39439337058148
2028,20197,Soybeans,83491332.16381498,8349.133216381497,5.431928899043218,all_cult,Soybeans,0.12942046457519057,22.77777777777778,56,467551.46011736384,2394.6700805664095,580.7729793116956,101.78375020500712,83.2964179864138,5,0.8024660139583795,0.0021925300927824578,7.593373458111896,20.39439337058148
2028,20197,Wheat,7530280.724868099,753.02807248681,0.4899185152185996,all_cult,Wheat,NA,NA,89,67019.49845132609,2202.821263427737,393.6143808578134,178.68152923640946,117.87085640151624,5,0.8024660139583795,0.0021925300927824578,7.593373458111896,20.39439337058148
2028,20209,Corn,2798441.748604609,279.8441748604609,1.0907251789658858,all_cult,Corn,NA,NA,250,69961.04371511523,2440.4596588134796,628.8772004137005,117.9024697576773,81.7695600379286,5,0.904972213460666,0.0024726016761220386,8.46737384066558,20.005540641409475
2028,20209,Developed,144515431.86680782,14451.543186680783,56.32656829996687,developed,NA,NA,NA,NA,NA,NA,NA,NA,NA,NA,0.904972213460666,0.0024726016761220386,8.46737384066558,20.005540641409475
2028,20209,Double Crop,152719.71803613545,15.271971803613546,0.05952428413764306,all_cult,NA,NA,NA,NA,NA,NA,NA,NA,NA,NA,0.904972213460666,0.0024726016761220386,8.46737384066558,20.005540641409475
2028,20209,Grass/Pasture/Shrubland,41083799.11850462,4108.379911850462,16.01288794682744,grassPastureHay,NA,NA,NA,NA,NA,NA,NA,NA,NA,NA,0.904972213460666,0.0024726016761220386,8.46737384066558,20.005540641409475
2028,20209,Other Crops,1959154.8527385148,195.91548527385146,0.7636033619211925,all_cult,NA,NA,NA,NA,NA,NA,NA,NA,NA,NA,0.904972213460666,0.0024726016761220386,8.46737384066558,20.005540641409475
2028,20209,Sorghum,54127.80426680527,5.412780426680527,0.02109694047602745,all_cult,Sorghum,NA,NA,112,606.231407788219,2440.4596588134796,628.8772004137005,117.9024697576773,81.7695600379286,5,0.904972213460666,0.0024726016761220386,8.46737384066558,20.005540641409475
2028,20209,Soybeans,8244134.676247953,824.4134676247953,3.213247256139296,all_cult,Soybeans,0.14562756367793683,4.75,56,46167.15418698854,2440.4596588134796,628.8772004137005,117.9024697576773,81.7695600379286,5,0.904972213460666,0.0024726016761220386,8.46737384066558,20.005540641409475
2028,20209,Wheat,234900.57353758038,23.49005735375804,0.09155522720411169,all_cult,Wheat,NA,NA,89,2090.6151044844655,2236.921597290042,434.0456608153944,182.37241287468288,134.95199581104634,5,0.904972213460666,0.0024726016761220386,8.46737384066558,20.005540641409475
2029,20005,Corn,172734778.84431297,17273.477884431297,23.078910848652363,all_cult,Corn,0.10724545034749912,6.181818181818182,250,4318369.471107824,2351.9529797363316,752.4164784864254,117.5537830432841,197.5356152469956,5,0.9919268132240218,0.0027176077074630737,7.663558341248417,19.770319289116035
2029,20005,Developed,36578638.84791646,3657.863884791646,4.88723319405755,developed,NA,NA,NA,NA,NA,NA,NA,NA,NA,NA,0.9919268132240218,0.0027176077074630737,7.663558341248417,19.770319289116035
2029,20005,Double Crop,1451158.554832854,145.11585548328543,0.1938877575107932,all_cult,NA,NA,NA,NA,NA,NA,NA,NA,NA,NA,0.9919268132240218,0.0027176077074630737,7.663558341248417,19.770319289116035
2029,20005,Grass/Pasture/Shrubland,215288406.86893737,21528.840686893738,28.764456018176027,grassPastureHay,NA,NA,NA,NA,NA,NA,NA,NA,NA,NA,0.9919268132240218,0.0027176077074630737,7.663558341248417,19.770319289116035
2029,20005,Other Crops,29204979.705745928,2920.4979705745927,3.902046405912905,all_cult,NA,NA,NA,NA,NA,NA,NA,NA,NA,NA,0.9919268132240218,0.0027176077074630737,7.663558341248417,19.770319289116035
2029,20005,Sorghum,732239.3724075308,73.22393724075309,0.09783372699309156,all_cult,Sorghum,NA,NA,112,8201.080970964345,2351.9529797363316,752.4164784864254,117.5537830432841,197.5356152469956,5,0.9919268132240218,0.0027176077074630737,7.663558341248417,19.770319289116035
2029,20005,Soybeans,181600576.65296197,18160.057665296197,24.263460703620524,all_cult,Soybeans,0.07483265359624193,5,56,1016963.2292565871,2351.9529797363316,752.4164784864254,117.5537830432841,197.5356152469956,5,0.9919268132240218,0.0027176077074630737,7.663558341248417,19.770319289116035
2029,20005,Wheat,5908069.702597459,590.8069702597459,0.7893709354082403,all_cult,Wheat,NA,NA,89,52581.82035311738,2153.1757507324246,471.3156868132508,119.83341193309056,114.53183194102132,5,0.9919268132240218,0.0027176077074630737,7.663558341248417,19.770319289116035
2029,20013,Corn,113276297.82191704,11327.629782191703,25.36090350021212,all_cult,Corn,0.12646432205391206,17.5625,250,2831907.445547926,2321.466694946292,726.8556374450844,112.78887649313008,208.04490233493357,5,0.9562516357330828,0.0026198674951591313,7.196686819416226,19.72402691566783
2029,20013,Developed,24170977.38782201,2417.0977387822013,5.411527714315524,developed,NA,NA,NA,NA,NA,NA,NA,NA,NA,NA,0.9562516357330828,0.0026198674951591313,7.196686819416226,19.72402691566783
2029,20013,Double Crop,542048.8992527233,54.20488992527234,0.12135680712267008,all_cult,NA,NA,NA,NA,NA,NA,NA,NA,NA,NA,0.9562516357330828,0.0026198674951591313,7.196686819416226,19.72402691566783
2029,20013,Grass/Pasture/Shrubland,122499833.68113159,12249.983368113159,27.425918047421547,grassPastureHay,NA,NA,NA,NA,NA,NA,NA,NA,NA,NA,0.9562516357330828,0.0026198674951591313,7.196686819416226,19.72402691566783
2029,20013,Other Crops,13090232.71280689,1309.023271280689,2.9307113227404837,all_cult,NA,NA,NA,NA,NA,NA,NA,NA,NA,NA,0.9562516357330828,0.0026198674951591313,7.196686819416226,19.72402691566783
2029,20013,Sorghum,333636.9508835004,33.363695088350035,0.07469642527304013,all_cult,Sorghum,NA,NA,112,3736.733849895204,2321.466694946292,726.8556374450844,112.78887649313008,208.04490233493357,5,0.9562516357330828,0.0026198674951591313,7.196686819416226,19.72402691566783
2029,20013,Soybeans,123405327.24801578,12340.532724801578,27.62864479089188,all_cult,Soybeans,0.10147480973744562,10.461538461538462,56,691069.8325888884,2321.466694946292,726.8556374450844,112.78887649313008,208.04490233493357,5,0.9562516357330828,0.0026198674951591313,7.196686819416226,19.72402691566783
2029,20013,Wheat,3906288.4515680084,390.6288451568008,0.8745607542714157,all_cult,Wheat,NA,NA,89,34765.96721895527,2117.36993652344,460.31628378958726,119.57479457115484,119.9973197592436,5,0.9562516357330828,0.0026198674951591313,7.196686819416226,19.72402691566783
2029,20045,Corn,74392843.99321488,7439.284399321487,7.631923083362056,all_cult,Corn,0.1459526935617447,11,250,1859821.0998303718,2386.967261352542,762.8858673459126,129.2706745658554,176.9755281732729,5,1.0213867664854885,0.00279831990817942,8.268417316593558,20.02020064680546
2029,20045,Developed,130402436.2681122,13040.24362681122,13.37791795635647,developed,NA,NA,NA,NA,NA,NA,NA,NA,NA,NA,1.0213867664854885,0.00279831990817942,8.268417316593558,20.02020064680546
2029,20045,Double Crop,4220114.888463862,422.01148884638627,0.4329393864098648,all_cult,NA,NA,NA,NA,NA,NA,NA,NA,NA,NA,1.0213867664854885,0.00279831990817942,8.268417316593558,20.02020064680546
2029,20045,Grass/Pasture/Shrubland,354830010.0217444,35483.00100217444,36.40182575089523,grassPastureHay,NA,NA,NA,NA,NA,NA,NA,NA,NA,NA,1.0213867664854885,0.00279831990817942,8.268417316593558,20.02020064680546
2029,20045,Other Crops,37964614.628596716,3796.4614628596714,3.8947700233285687,all_cult,NA,NA,NA,NA,NA,NA,NA,NA,NA,NA,1.0213867664854885,0.00279831990817942,8.268417316593558,20.02020064680546
2029,20045,Sorghum,671055.755263424,67.1055755263424,0.06884326010288025,all_cult,Sorghum,NA,NA,112,7515.824458950349,2386.967261352542,762.8858673459126,129.2706745658554,176.9755281732729,5,1.0213867664854885,0.00279831990817942,8.268417316593558,20.02020064680546
2029,20045,Soybeans,100028766.3995359,10002.876639953589,10.261898998705805,all_cult,Soybeans,0.11420951862362651,8.5,56,560161.091837401,2386.967261352542,762.8858673459126,129.2706745658554,176.9755281732729,5,1.0213867664854885,0.00279831990817942,8.268417316593558,20.02020064680546
2029,20045,Wheat,7085783.937909698,708.5783937909698,0.7269268802840957,all_cult,Wheat,NA,NA,89,63063.477047396314,2212.2828076171904,530.2203527169664,128.0539369566157,125.19775310739467,5,1.0213867664854885,0.00279831990817942,8.268417316593558,20.02020064680546
2029,20061,Corn,31722102.062803604,3172.21020628036,4.044269831598419,all_cult,Corn,0.16936452361704205,12.944444444444445,250,793052.55157009,2343.943458862308,710.4359087752276,128.11246080920844,165.4041575188861,5,0.9230576890051361,0.0025289251753565375,7.495799242829646,20.14075434436539
2029,20061,Developed,61171563.9285717,6117.15639285717,7.798799400437711,developed,NA,NA,NA,NA,NA,NA,NA,NA,NA,NA,0.9230576890051361,0.0025289251753565375,7.495799242829646,20.14075434436539
2029,20061,Double Crop,5604030.762346523,560.4030762346523,0.7144612454318694,all_cult,NA,NA,NA,NA,NA,NA,NA,NA,NA,NA,0.9230576890051361,0.0025289251753565375,7.495799242829646,20.14075434436539
2029,20061,Grass/Pasture/Shrubland,476190220.2809351,47619.02202809351,60.70977699307564,grassPastureHay,NA,NA,NA,NA,NA,NA,NA,NA,NA,NA,0.9230576890051361,0.0025289251753565375,7.495799242829646,20.14075434436539
2029,20061,Other Crops,18227803.79878525,1822.7803798785249,2.323873646638379,all_cult,NA,NA,NA,NA,NA,NA,NA,NA,NA,NA,0.9230576890051361,0.0025289251753565375,7.495799242829646,20.14075434436539
2029,20061,Sorghum,5491901.736070833,549.1901736070832,0.7001658485721192,all_cult,Sorghum,NA,NA,112,61509.299443993325,2343.943458862308,710.4359087752276,128.11246080920844,165.4041575188861,5,0.9230576890051361,0.0025289251753565375,7.495799242829646,20.14075434436539
2029,20061,Soybeans,39491221.54782481,3949.1221547824807,5.03475953777074,all_cult,Soybeans,0.12217913528938978,7.666666666666667,56,221150.8406678189,2343.943458862308,710.4359087752276,128.11246080920844,165.4041575188861,5,0.9230576890051361,0.0025289251753565375,7.495799242829646,20.14075434436539
2029,20061,Wheat,15495075.277191846,1549.5075277191845,1.9754764472362665,all_cult,Wheat,NA,NA,89,137906.16996700742,2173.9361608886747,478.0204516335862,136.2143142088819,110.00290482721704,5,0.9230576890051361,0.0025289251753565375,7.495799242829646,20.14075434436539
2029,20085,Corn,134933024.35661882,13493.30243566188,7.9306511901880965,all_cult,Corn,NA,NA,250,3373325.60891547,2332.3617724609408,737.7496460728653,120.28412572549308,200.8659885139919,5,0.9681857795314791,0.0026525637795382986,7.397618215900601,19.87527163152828
2029,20085,Developed,75618361.35140783,7561.836135140783,4.444448275810096,developed,NA,NA,NA,NA,NA,NA,NA,NA,NA,NA,0.9681857795314791,0.0026525637795382986,7.397618215900601,19.87527163152828
2029,20085,Double Crop,1864792.83802623,186.479283802623,0.10960268333762817,all_cult,NA,NA,NA,NA,NA,NA,NA,NA,NA,NA,0.9681857795314791,0.0026525637795382986,7.397618215900601,19.87527163152828
2029,20085,Grass/Pasture/Shrubland,941187748.5802637,94118.77485802637,55.31804963283908,grassPastureHay,NA,NA,NA,NA,NA,NA,NA,NA,NA,NA,0.9681857795314791,0.0026525637795382986,7.397618215900601,19.87527163152828
2029,20085,Other Crops,98052397.627671,9805.2397627671,5.7630025537076115,all_cult,NA,NA,NA,NA,NA,NA,NA,NA,NA,NA,0.9681857795314791,0.0026525637795382986,7.397618215900601,19.87527163152828
2029,20085,Sorghum,4069081.398774073,406.9081398774073,0.23915913388905596,all_cult,Sorghum,NA,NA,112,45573.71166626961,2332.3617724609408,737.7496460728653,120.28412572549308,200.8659885139919,5,0.9681857795314791,0.0026525637795382986,7.397618215900601,19.87527163152828
2029,20085,Soybeans,170772946.2930534,17077.29462930534,10.037132690300496,all_cult,Soybeans,NA,NA,56,956328.499241099,2332.3617724609408,737.7496460728653,120.28412572549308,200.8659885139919,5,0.9681857795314791,0.0026525637795382986,7.397618215900601,19.87527163152828
2029,20085,Wheat,13725583.902961861,1372.5583902961862,0.8067173980208171,all_cult,Wheat,NA,NA,89,122157.69673636057,2146.337089233401,487.3440166817533,125.99253993633576,119.62078474883208,5,0.9681857795314791,0.0026525637795382986,7.397618215900601,19.87527163152828
2029,20087,Corn,155094058.297135,15509.4058297135,10.788896738521789,all_cult,Corn,0.13078338055311117,25.77777777777778,250,3877351.457428375,2357.275723266605,771.4189971512092,122.75089080004705,197.6704374620965,5,1.016747708982431,0.0027856101615957017,7.907028816954753,19.832480502193945
2029,20087,Developed,83037617.78054704,8303.761778054704,5.7763933285619125,developed,NA,NA,NA,NA,NA,NA,NA,NA,NA,NA,1.016747708982431,0.0027856101615957017,7.907028816954753,19.832480502193945
2029,20087,Double Crop,3214015.8179615135,321.4015817961514,0.2235784217441099,all_cult,NA,NA,NA,NA,NA,NA,NA,NA,NA,NA,1.016747708982431,0.0027856101615957017,7.907028816954753,19.832480502193945
2029,20087,Grass/Pasture/Shrubland,533878677.1787268,53387.86771787268,37.138507962340775,grassPastureHay,NA,NA,NA,NA,NA,NA,NA,NA,NA,NA,1.016747708982431,0.0027856101615957017,7.907028816954753,19.832480502193945
2029,20087,Other Crops,67978226.39294052,6797.822639294052,4.728808266891807,all_cult,NA,NA,NA,NA,NA,NA,NA,NA,NA,NA,1.016747708982431,0.0027856101615957017,7.907028816954753,19.832480502193945
2029,20087,Sorghum,2078940.1655916602,207.89401655916603,0.1446185045281528,all_cult,Sorghum,NA,NA,112,23284.129854626597,2357.275723266605,771.4189971512092,122.75089080004705,197.6704374620965,5,1.016747708982431,0.0027856101615957017,7.907028816954753,19.832480502193945
2029,20087,Soybeans,173639107.61438552,17363.91076143855,12.078956617613274,all_cult,Soybeans,0.09985991575255485,13.833333333333334,56,972379.0026405589,2357.275723266605,771.4189971512092,122.75089080004705,197.6704374620965,5,1.016747708982431,0.0027856101615957017,7.907028816954753,19.832480502193945
2029,20087,Wheat,7377427.0278590415,737.7427027859042,0.5132001784817648,all_cult,Wheat,NA,NA,89,65659.10054794548,2177.3707580566434,508.9617740609332,125.44650373619643,116.38952305320252,5,1.016747708982431,0.0027856101615957017,7.907028816954753,19.832480502193945
2029,20091,Corn,20137063.169311535,2013.7063169311532,3.334881975218613,all_cult,Corn,0.14955141172933145,4,250,503426.5792327883,2400.2296313476595,768.3389580405621,126.32452369678576,183.5280985288793,5,1.0473649981578392,0.0028694931456379157,8.489723067610255,19.94254135340863
2029,20091,Developed,271607528.4848879,27160.752848488788,44.98069273866694,developed,NA,NA,NA,NA,NA,NA,NA,NA,NA,NA,1.0473649981578392,0.0028694931456379157,8.489723067610255,19.94254135340863
2029,20091,Double Crop,2013905.6882216034,201.39056882216036,0.3335212152324038,all_cult,NA,NA,NA,NA,NA,NA,NA,NA,NA,NA,1.0473649981578392,0.0028694931456379157,8.489723067610255,19.94254135340863
2029,20091,Grass/Pasture/Shrubland,139667491.4795437,13966.749147954368,23.130214964462166,grassPastureHay,NA,NA,NA,NA,NA,NA,NA,NA,NA,NA,1.0473649981578392,0.0028694931456379157,8.489723067610255,19.94254135340863
2029,20091,Other Crops,14581458.923742233,1458.1458923742232,2.4148230617504245,all_cult,NA,NA,NA,NA,NA,NA,NA,NA,NA,NA,1.0473649981578392,0.0028694931456379157,8.489723067610255,19.94254135340863
2029,20091,Sorghum,265245.84730308503,26.524584730308504,0.043927140106542625,all_cult,Sorghum,NA,NA,112,2970.7534897945525,2400.2296313476595,768.3389580405621,126.32452369678576,183.5280985288793,5,1.0473649981578392,0.0028694931456379157,8.489723067610255,19.94254135340863
2029,20091,Soybeans,40506888.73460731,4050.688873460731,6.708311533684595,all_cult,Soybeans,NA,NA,56,226838.57691380093,2400.2296313476595,768.3389580405621,126.32452369678576,183.5280985288793,5,1.0473649981578392,0.0028694931456379157,8.489723067610255,19.94254135340863
2029,20091,Wheat,3047090.5931461067,304.70905931461067,0.5046260922212007,all_cult,Wheat,NA,NA,89,27119.10627900035,2219.0706188964873,539.4876945056315,123.96912688513764,129.65866446549933,5,1.0473649981578392,0.0028694931456379157,8.489723067610255,19.94254135340863
2029,20103,Corn,55676654.53817842,5567.665453817842,6.162232243462533,all_cult,Corn,0.09926099891867379,4.75,250,1391916.3634544604,2387.0482934570346,772.3782443126742,122.16262093905212,196.1648396815847,5,1.0319362714581901,0.0028272226615292883,8.209627234053961,19.940713542781488
2029,20103,Developed,66222526.18511143,6622.252618511144,7.329437975150055,developed,NA,NA,NA,NA,NA,NA,NA,NA,NA,NA,1.0319362714581901,0.0028272226615292883,8.209627234053961,19.940713542781488
2029,20103,Double Crop,2239300.7972116056,223.93007972116058,0.2478434038440015,all_cult,NA,NA,NA,NA,NA,NA,NA,NA,NA,NA,1.0319362714581901,0.0028272226615292883,8.209627234053961,19.940713542781488
2029,20103,Grass/Pasture/Shrubland,361083573.13099504,36108.3573130995,39.96434152498699,grassPastureHay,NA,NA,NA,NA,NA,NA,NA,NA,NA,NA,1.0319362714581901,0.0028272226615292883,8.209627234053961,19.940713542781488
2029,20103,Other Crops,54377617.6404599,5437.76176404599,6.018456236750789,all_cult,NA,NA,NA,NA,NA,NA,NA,NA,NA,NA,1.0319362714581901,0.0028272226615292883,8.209627234053961,19.940713542781488
2029,20103,Sorghum,567901.3203360821,56.79013203360822,0.06285470735100035,all_cult,Sorghum,NA,NA,112,6360.494787764121,2387.0482934570346,772.3782443126742,122.16262093905212,196.1648396815847,5,1.0319362714581901,0.0028272226615292883,8.209627234053961,19.940713542781488
2029,20103,Soybeans,101039226.18326606,10103.922618326606,11.18291288522158,all_cult,Soybeans,0.11410095968932568,4.571428571428571,56,565819.66662629,2387.0482934570346,772.3782443126742,122.16262093905212,196.1648396815847,5,1.0319362714581901,0.0028272226615292883,8.209627234053961,19.940713542781488
2029,20103,Wheat,4817340.8524583215,481.7340852458321,0.5331781044497215,all_cult,Wheat,NA,NA,89,42874.33358687905,2200.880283203128,511.0324145889825,123.29046035786828,120.24058790711037,5,1.0319362714581901,0.0028272226615292883,8.209627234053961,19.940713542781488
2029,20117,Corn,1797933.5665907045,179.79335665907044,8.787790125047634,all_cult,Corn,0.16261062771687598,15.722222222222221,250,44948.33916476761,2283.2222094726594,729.4129602805542,115.50412837518262,208.43361467216897,5,0.9310482603740756,0.002550817151709796,6.936007506488144,19.53592032654647
2029,20117,Developed,709093.4285035765,70.90934285035766,3.465847873654197,developed,NA,NA,NA,NA,NA,NA,NA,NA,NA,NA,0.9310482603740756,0.002550817151709796,6.936007506488144,19.53592032654647
2029,20117,Double Crop,17005.082052877187,1.700508205287719,0.08311602548433755,all_cult,NA,NA,NA,NA,NA,NA,NA,NA,NA,NA,0.9310482603740756,0.002550817151709796,6.936007506488144,19.53592032654647
2029,20117,Grass/Pasture/Shrubland,13608757.209524421,1360.8757209524422,66.51575143947134,grassPastureHay,NA,NA,NA,NA,NA,NA,NA,NA,NA,NA,0.9310482603740756,0.002550817151709796,6.936007506488144,19.53592032654647
2029,20117,Other Crops,368569.7378671669,36.856973786716694,1.801464505144208,all_cult,NA,NA,NA,NA,NA,NA,NA,NA,NA,NA,0.9310482603740756,0.002550817151709796,6.936007506488144,19.53592032654647
2029,20117,Sorghum,113210.96189225193,11.321096189225193,0.5533431220433721,all_cult,Sorghum,NA,NA,112,1267.9627731932217,2283.2222094726594,729.4129602805542,115.50412837518262,208.43361467216897,5,0.9310482603740756,0.002550817151709796,6.936007506488144,19.53592032654647
2029,20117,Soybeans,2250086.8872694396,225.00868872694397,10.99778751332857,all_cult,Soybeans,0.12228514283699721,8.25,56,12600.486568708862,2283.2222094726594,729.4129602805542,115.50412837518262,208.43361467216897,5,0.9310482603740756,0.002550817151709796,6.936007506488144,19.53592032654647
2029,20117,Wheat,234744.84118524572,23.474484118524572,1.1473663074132867,all_cult,Wheat,NA,NA,89,2089.229086548687,2090.693749389651,470.4496142026971,126.47112595669078,119.14583475097912,5,0.9310482603740756,0.002550817151709796,6.936007506488144,19.53592032654647
2029,20127,Corn,10941387.892613748,1094.1387892613748,4.064821675495574,all_cult,Corn,NA,NA,250,273534.6973153437,2342.472165527347,706.9777482719593,134.82014424854722,143.15974578009306,5,0.9268173957930258,0.002539225741898701,7.541424702683563,20.143872739190947
2029,20127,Developed,12128694.282144045,1212.8694282144045,4.50591642462472,developed,NA,NA,NA,NA,NA,NA,NA,NA,NA,NA,0.9268173957930258,0.002539225741898701,7.541424702683563,20.143872739190947
2029,20127,Double Crop,4499199.088895911,449.9199088895911,1.671491967784096,all_cult,NA,NA,NA,NA,NA,NA,NA,NA,NA,NA,0.9268173957930258,0.002539225741898701,7.541424702683563,20.143872739190947
2029,20127,Grass/Pasture/Shrubland,158101691.18434784,15810.169118434784,58.73616652348874,grassPastureHay,NA,NA,NA,NA,NA,NA,NA,NA,NA,NA,0.9268173957930258,0.002539225741898701,7.541424702683563,20.143872739190947
2029,20127,Other Crops,10981377.128665583,1098.1377128665583,4.079678027823576,all_cult,NA,NA,NA,NA,NA,NA,NA,NA,NA,NA,0.9268173957930258,0.002539225741898701,7.541424702683563,20.143872739190947
2029,20127,Sorghum,7272388.587591114,727.2388587591115,2.701756217181813,all_cult,Sorghum,NA,NA,112,81450.75218102049,2342.472165527347,706.9777482719593,134.82014424854722,143.15974578009306,5,0.9268173957930258,0.002539225741898701,7.541424702683563,20.143872739190947
2029,20127,Soybeans,28686301.015498407,2868.6301015498407,10.657212713965244,all_cult,Soybeans,0.11686486262093489,4,56,160643.2856867911,2342.472165527347,706.9777482719593,134.82014424854722,143.15974578009306,5,0.9268173957930258,0.002539225741898701,7.541424702683563,20.143872739190947
2029,20127,Wheat,20934850.636842933,2093.485063684293,7.777480834890052,all_cult,Wheat,NA,NA,89,186320.17066790207,2179.7237579345733,492.6794974345749,139.90712737765938,106.19897956856748,5,0.9268173957930258,0.002539225741898701,7.541424702683563,20.143872739190947
2029,20131,Corn,124792211.963085,12479.2211963085,16.444051346315263,all_cult,Corn,0.12528513936677563,9.454545454545455,250,3119805.299077125,2288.2759082031284,713.9128245737331,113.82416141778754,209.0465702942698,5,0.9267748653982482,0.002539109220269173,6.9757104910236745,19.502796196088422
2029,20131,Developed,34827921.40223819,3482.792140223819,4.589325878711502,developed,NA,NA,NA,NA,NA,NA,NA,NA,NA,NA,0.9267748653982482,0.002539109220269173,6.9757104910236745,19.502796196088422
2029,20131,Double Crop,1288597.7379512293,128.85977379512295,0.1698003988733199,all_cult,NA,NA,NA,NA,NA,NA,NA,NA,NA,NA,0.9267748653982482,0.002539109220269173,6.9757104910236745,19.502796196088422
2029,20131,Grass/Pasture/Shrubland,328086582.4549448,32808.65824549448,43.232446344665604,grassPastureHay,NA,NA,NA,NA,NA,NA,NA,NA,NA,NA,0.9267748653982482,0.002539109220269173,6.9757104910236745,19.502796196088422
2029,20131,Other Crops,27101730.321978156,2710.1730321978157,3.5712344382550913,all_cult,NA,NA,NA,NA,NA,NA,NA,NA,NA,NA,0.9267748653982482,0.002539109220269173,6.9757104910236745,19.502796196088422
2029,20131,Sorghum,2055671.3741418559,205.5671374141856,0.2708788080264065,all_cult,Sorghum,NA,NA,112,23023.519390388785,2288.2759082031284,713.9128245737331,113.82416141778754,209.0465702942698,5,0.9267748653982482,0.002539109220269173,6.9757104910236745,19.502796196088422
2029,20131,Soybeans,136674912.54505298,13667.491254505298,18.00985209164201,all_cult,Soybeans,0.1067341402930363,5.142857142857143,56,765379.5102522967,2288.2759082031284,713.9128245737331,113.82416141778754,209.0465702942698,5,0.9267748653982482,0.002539109220269173,6.9757104910236745,19.502796196088422
2029,20131,Wheat,9588450.555545796,958.8450555545795,1.2634840811511674,all_cult,Wheat,NA,NA,89,85337.20994435757,2086.997651977542,459.4232718643452,123.29111545472982,119.05120733574807,5,0.9267748653982482,0.002539109220269173,6.9757104910236745,19.502796196088422
2029,20139,Corn,20890964.22588984,2089.096422588984,9.4988079569725965,all_cult,Corn,NA,NA,250,522274.10564724595,2352.090021362308,747.7741661019787,134.270215352129,157.89296416289903,5,0.9975063687851542,0.002732894161055217,7.880210337181637,19.9384319483091
2029,20139,Developed,11858545.489950646,1185.8545489950645,5.391902692479325,developed,NA,NA,NA,NA,NA,NA,NA,NA,NA,NA,0.9975063687851542,0.002732894161055217,7.880210337181637,19.9384319483091
2029,20139,Double Crop,1849135.1156913848,184.91351156913848,0.8407739901578724,all_cult,NA,NA,NA,NA,NA,NA,NA,NA,NA,NA,0.9975063687851542,0.002732894161055217,7.880210337181637,19.9384319483091
2029,20139,Grass/Pasture/Shrubland,108139234.26990536,10813.923426990536,49.1692871538651,grassPastureHay,NA,NA,NA,NA,NA,NA,NA,NA,NA,NA,0.9975063687851542,0.002732894161055217,7.880210337181637,19.9384319483091
2029,20139,Other Crops,6302951.103083336,630.2951103083336,2.86585728849129,all_cult,NA,NA,NA,NA,NA,NA,NA,NA,NA,NA,0.9975063687851542,0.002732894161055217,7.880210337181637,19.9384319483091
2029,20139,Sorghum,252758.48461129973,25.27584846112997,0.11492549021948671,all_cult,Sorghum,NA,NA,112,2830.8950276465566,2352.090021362308,747.7741661019787,134.270215352129,157.89296416289903,5,0.9975063687851542,0.002732894161055217,7.880210337181637,19.9384319483091
2029,20139,Soybeans,28064514.38751116,2806.4514387511163,12.76051357372463,all_cult,Soybeans,NA,NA,56,157161.28057006252,2352.090021362308,747.7741661019787,134.270215352129,157.89296416289903,5,0.9975063687851542,0.002732894161055217,7.880210337181637,19.9384319483091
2029,20139,Wheat,1738320.944623076,173.8320944623076,0.7903884493801757,all_cult,Wheat,NA,NA,89,15471.056407145375,2189.96399108887,523.8603616449427,135.54793282745752,120.09258056401433,5,0.9975063687851542,0.002732894161055217,7.880210337181637,19.9384319483091
2029,20149,Corn,136791901.8519852,13679.190185198519,7.982141503627487,all_cult,Corn,0.1326174661314905,62.44444444444444,250,3419797.54629963,2329.2184521484405,726.2471763164791,121.36656409523144,194.60392036663967,5,0.933102124456691,0.0025564441765936743,7.298396330532985,19.96341107930225
2029,20149,Developed,87781477.02653997,8778.147702653996,5.122263537072818,developed,NA,NA,NA,NA,NA,NA,NA,NA,NA,NA,0.933102124456691,0.0025564441765936743,7.298396330532985,19.96341107930225
2029,20149,Double Crop,1803166.4492782145,180.31664492782144,0.1052191654466961,all_cult,NA,NA,NA,NA,NA,NA,NA,NA,NA,NA,0.933102124456691,0.0025564441765936743,7.298396330532985,19.96341107930225
2029,20149,Grass/Pasture/Shrubland,1058221194.9777538,105822.11949777538,61.749790785057485,grassPastureHay,NA,NA,NA,NA,NA,NA,NA,NA,NA,NA,0.933102124456691,0.0025564441765936743,7.298396330532985,19.96341107930225
2029,20149,Other Crops,34485813.7618199,3448.58137618199,2.012331443512244,all_cult,NA,NA,NA,NA,NA,NA,NA,NA,NA,NA,0.933102124456691,0.0025564441765936743,7.298396330532985,19.96341107930225
2029,20149,Sorghum,5647082.09049503,564.708209049503,0.3295210295248753,all_cult,Sorghum,NA,NA,112,63247.319413544334,2329.2184521484405,726.2471763164791,121.36656409523144,194.60392036663967,5,0.933102124456691,0.0025564441765936743,7.298396330532985,19.96341107930225
2029,20149,Soybeans,153915907.33370754,15391.590733370755,8.98136903839706,all_cult,Soybeans,0.11392545848870632,51.611111111111114,56,861929.0810687622,2329.2184521484405,726.2471763164791,121.36656409523144,194.60392036663967,5,0.933102124456691,0.0025564441765936743,7.298396330532985,19.96341107930225
2029,20149,Wheat,13424373.002870617,1342.4373002870618,0.7833449455387832,all_cult,Wheat,NA,NA,89,119476.9197255485,2146.6995690917997,481.44780065143874,130.1792531205757,112.65591100523773,5,0.933102124456691,0.0025564441765936743,7.298396330532985,19.96341107930225
2029,20161,Corn,29887562.457934357,2988.756245793436,3.7374801575206362,all_cult,Corn,0.14127372152863188,12.444444444444445,250,747189.0614483589,2343.1107220459016,707.0182263188419,124.0465892645063,184.25539196722116,5,0.9085086993800648,0.002489064929808397,7.3669929399882506,20.17732814841077
2029,20161,Developed,93189704.06140432,9318.970406140432,11.653498685445852,developed,NA,NA,NA,NA,NA,NA,NA,NA,NA,NA,0.9085086993800648,0.002489064929808397,7.3669929399882506,20.17732814841077
2029,20161,Double Crop,2321662.5391971655,232.16625391971652,0.2903270443991936,all_cult,NA,NA,NA,NA,NA,NA,NA,NA,NA,NA,0.9085086993800648,0.002489064929808397,7.3669929399882506,20.17732814841077
2029,20161,Grass/Pasture/Shrubland,421935273.9416269,42193.527394162695,52.76357736882686,grassPastureHay,NA,NA,NA,NA,NA,NA,NA,NA,NA,NA,0.9085086993800648,0.002489064929808397,7.3669929399882506,20.17732814841077
2029,20161,Other Crops,10313350.483787943,1031.3350483787942,1.2896984437913022,all_cult,NA,NA,NA,NA,NA,NA,NA,NA,NA,NA,0.9085086993800648,0.002489064929808397,7.3669929399882506,20.17732814841077
2029,20161,Sorghum,8046145.345421317,804.6145345421318,1.0061813711092988,all_cult,Sorghum,NA,NA,112,90116.82786871876,2343.1107220459016,707.0182263188419,124.0465892645063,184.25539196722116,5,0.9085086993800648,0.002489064929808397,7.3669929399882506,20.17732814841077
2029,20161,Soybeans,56043067.26954317,5604.306726954317,7.008261452613234,all_cult,Soybeans,0.12420661341954765,10.38888888888889,56,313841.17670944176,2343.1107220459016,707.0182263188419,124.0465892645063,184.25539196722116,5,0.9085086993800648,0.002489064929808397,7.3669929399882506,20.17732814841077
2029,20161,Wheat,14763447.35949416,1476.3447359494162,1.8461890841841313,all_cult,Wheat,NA,NA,89,131394.68149949805,2166.3262268066433,465.4275472979285,133.273299828124,111.22264825026043,5,0.9085086993800648,0.002489064929808397,7.3669929399882506,20.17732814841077
2029,20177,Corn,132475537.80653152,13247.553780653152,9.091050553311547,all_cult,Corn,0.12030458771317423,83,250,3311888.445163288,2357.8471966552765,738.1789178364508,128.7841046994438,179.38742784347514,5,0.9750669143060899,0.0026714162035783285,7.847696274012758,19.94566914597605
2029,20177,Developed,255013934.0237044,25501.393402370442,17.50017100813045,developed,NA,NA,NA,NA,NA,NA,NA,NA,NA,NA,0.9750669143060899,0.0026714162035783285,7.847696274012758,19.94566914597605
2029,20177,Double Crop,2797246.7569815805,279.7246756981581,0.19195930130847558,all_cult,NA,NA,NA,NA,NA,NA,NA,NA,NA,NA,0.9750669143060899,0.0026714162035783285,7.847696274012758,19.94566914597605
2029,20177,Grass/Pasture/Shrubland,626083355.6398722,62608.33556398722,42.96457693964075,grassPastureHay,NA,NA,NA,NA,NA,NA,NA,NA,NA,NA,0.9750669143060899,0.0026714162035783285,7.847696274012758,19.94566914597605
2029,20177,Other Crops,33361526.081880283,3336.1526081880284,2.289413767762353,all_cult,NA,NA,NA,NA,NA,NA,NA,NA,NA,NA,0.9750669143060899,0.0026714162035783285,7.847696274012758,19.94566914597605
2029,20177,Sorghum,2303954.5452317544,230.39545452317543,0.15810743319134585,all_cult,Sorghum,NA,NA,112,25804.29090659565,2357.8471966552765,738.1789178364508,128.7841046994438,179.38742784347514,5,0.9750669143060899,0.0026714162035783285,7.847696274012758,19.94566914597605
2029,20177,Soybeans,145627766.023613,14562.7766023613,9.993613951731533,all_cult,Soybeans,0.09768281806034469,42.833333333333336,56,815515.4897322329,2357.8471966552765,738.1789178364508,128.7841046994438,179.38742784347514,5,0.9750669143060899,0.0026714162035783285,7.847696274012758,19.94566914597605
2029,20177,Wheat,9565647.685078032,956.5647685078033,0.656436562704971,all_cult,Wheat,NA,NA,89,85134.26439719449,2188.0274206542995,506.9971904691371,134.13381161796326,114.21063022253776,5,0.9750669143060899,0.0026714162035783285,7.847696274012758,19.94566914597605
2029,20197,Corn,69733578.79693311,6973.357879693312,4.536852294529976,all_cult,Corn,0.14186117514330646,28.666666666666668,250,1743339.469923328,2338.1348992919957,736.3073797853123,130.98302716621004,172.2839711433543,5,0.9573480787594023,0.0026228714486558964,7.540291054085532,19.989691045055675
2029,20197,Developed,54289406.85937861,5428.940685937861,3.5320576446519008,developed,NA,NA,NA,NA,NA,NA,NA,NA,NA,NA,0.9573480787594023,0.0026228714486558964,7.540291054085532,19.989691045055675
2029,20197,Double Crop,1125869.9276987636,112.58699276987635,0.07324886594013556,all_cult,NA,NA,NA,NA,NA,NA,NA,NA,NA,NA,0.9573480787594023,0.0026228714486558964,7.540291054085532,19.989691045055675
2029,20197,Grass/Pasture/Shrubland,1169502873.1037595,116950.28731037596,76.08761639426346,grassPastureHay,NA,NA,NA,NA,NA,NA,NA,NA,NA,NA,0.9573480787594023,0.0026228714486558964,7.540291054085532,19.989691045055675
2029,20197,Other Crops,29094649.42529061,2909.464942529061,1.8928919077573607,all_cult,NA,NA,NA,NA,NA,NA,NA,NA,NA,NA,0.9573480787594023,0.0026228714486558964,7.540291054085532,19.989691045055675
2029,20197,Sorghum,3287931.385599168,328.7931385599168,0.21391213972326276,all_cult,Sorghum,NA,NA,112,36824.831518710685,2338.1348992919957,736.3073797853123,130.98302716621004,172.2839711433543,5,0.9573480787594023,0.0026228714486558964,7.540291054085532,19.989691045055675
2029,20197,Soybeans,83491332.16381498,8349.133216381497,5.431928899043218,all_cult,Soybeans,0.12942046457519057,22.77777777777778,56,467551.46011736384,2338.1348992919957,736.3073797853123,130.98302716621004,172.2839711433543,5,0.9573480787594023,0.0026228714486558964,7.540291054085532,19.989691045055675
2029,20197,Wheat,7530280.724868099,753.02807248681,0.4899185152185996,all_cult,Wheat,NA,NA,89,67019.49845132609,2169.165070800784,499.7175088437954,136.07144493966862,104.16792229618868,5,0.9573480787594023,0.0026228714486558964,7.540291054085532,19.989691045055675
2029,20209,Corn,2798441.748604609,279.8441748604609,1.0907251789658858,all_cult,Corn,NA,NA,250,69961.04371511523,2415.159933471683,769.2598391163519,124.06597592745268,200.80487377158528,5,1.0405773900580546,0.0028508969590631634,8.58207267865745,19.828607696115178
2029,20209,Developed,144515431.86680782,14451.543186680783,56.32656829996687,developed,NA,NA,NA,NA,NA,NA,NA,NA,NA,NA,1.0405773900580546,0.0028508969590631634,8.58207267865745,19.828607696115178
2029,20209,Double Crop,152719.71803613545,15.271971803613546,0.05952428413764306,all_cult,NA,NA,NA,NA,NA,NA,NA,NA,NA,NA,1.0405773900580546,0.0028508969590631634,8.58207267865745,19.828607696115178
2029,20209,Grass/Pasture/Shrubland,41083799.11850462,4108.379911850462,16.01288794682744,grassPastureHay,NA,NA,NA,NA,NA,NA,NA,NA,NA,NA,1.0405773900580546,0.0028508969590631634,8.58207267865745,19.828607696115178
2029,20209,Other Crops,1959154.8527385148,195.91548527385146,0.7636033619211925,all_cult,NA,NA,NA,NA,NA,NA,NA,NA,NA,NA,1.0405773900580546,0.0028508969590631634,8.58207267865745,19.828607696115178
2029,20209,Sorghum,54127.80426680527,5.412780426680527,0.02109694047602745,all_cult,Sorghum,NA,NA,112,606.231407788219,2415.159933471683,769.2598391163519,124.06597592745268,200.80487377158528,5,1.0405773900580546,0.0028508969590631634,8.58207267865745,19.828607696115178
2029,20209,Soybeans,8244134.676247953,824.4134676247953,3.213247256139296,all_cult,Soybeans,0.14562756367793683,4.75,56,46167.15418698854,2415.159933471683,769.2598391163519,124.06597592745268,200.80487377158528,5,1.0405773900580546,0.0028508969590631634,8.58207267865745,19.828607696115178
2029,20209,Wheat,234900.57353758038,23.49005735375804,0.09155522720411169,all_cult,Wheat,NA,NA,89,2090.6151044844655,2212.2459393310573,517.7299608907158,120.51346832735057,131.10094652705698,5,1.0405773900580546,0.0028508969590631634,8.58207267865745,19.828607696115178
2030,20005,Corn,172734778.84431297,17273.477884431297,23.078910848652363,all_cult,Corn,0.10724545034749912,6.181818181818182,250,4318369.471107824,2532.515894775394,614.2219859843049,112.6116971208659,283.6511145587757,5,0.8000541383934461,0.0021919291462834138,8.78310919774724,21.582958599769928
2030,20005,Developed,36578638.84791646,3657.863884791646,4.88723319405755,developed,NA,NA,NA,NA,NA,NA,NA,NA,NA,NA,0.8000541383934461,0.0021919291462834138,8.78310919774724,21.582958599769928
2030,20005,Double Crop,1451158.554832854,145.11585548328543,0.1938877575107932,all_cult,NA,NA,NA,NA,NA,NA,NA,NA,NA,NA,0.8000541383934461,0.0021919291462834138,8.78310919774724,21.582958599769928
2030,20005,Grass/Pasture/Shrubland,215288406.86893737,21528.840686893738,28.764456018176027,grassPastureHay,NA,NA,NA,NA,NA,NA,NA,NA,NA,NA,0.8000541383934461,0.0021919291462834138,8.78310919774724,21.582958599769928
2030,20005,Other Crops,29204979.705745928,2920.4979705745927,3.902046405912905,all_cult,NA,NA,NA,NA,NA,NA,NA,NA,NA,NA,0.8000541383934461,0.0021919291462834138,8.78310919774724,21.582958599769928
2030,20005,Sorghum,732239.3724075308,73.22393724075309,0.09783372699309156,all_cult,Sorghum,NA,NA,112,8201.080970964345,2532.515894775394,614.2219859843049,112.6116971208659,283.6511145587757,5,0.8000541383934461,0.0021919291462834138,8.78310919774724,21.582958599769928
2030,20005,Soybeans,181600576.65296197,18160.057665296197,24.263460703620524,all_cult,Soybeans,0.07483265359624193,5,56,1016963.2292565871,2532.515894775394,614.2219859843049,112.6116971208659,283.6511145587757,5,0.8000541383934461,0.0021919291462834138,8.78310919774724,21.582958599769928
2030,20005,Wheat,5908069.702597459,590.8069702597459,0.7893709354082403,all_cult,Wheat,NA,NA,89,52581.82035311738,2293.404539184573,425.47889529142583,184.5023319690684,167.9928592875926,5,0.8000541383934461,0.0021919291462834138,8.78310919774724,21.582958599769928
2030,20013,Corn,113276297.82191704,11327.629782191703,25.36090350021212,all_cult,Corn,0.12646432205391206,17.5625,250,2831907.445547926,2497.008723754886,614.8141390312695,109.313412424257,295.8096922432806,5,0.7879100511453865,0.0021586576743709215,8.265941730656058,21.563562312714065
2030,20013,Developed,24170977.38782201,2417.0977387822013,5.411527714315524,developed,NA,NA,NA,NA,NA,NA,NA,NA,NA,NA,0.7879100511453865,0.0021586576743709215,8.265941730656058,21.563562312714065
2030,20013,Double Crop,542048.8992527233,54.20488992527234,0.12135680712267008,all_cult,NA,NA,NA,NA,NA,NA,NA,NA,NA,NA,0.7879100511453865,0.0021586576743709215,8.265941730656058,21.563562312714065
2030,20013,Grass/Pasture/Shrubland,122499833.68113159,12249.983368113159,27.425918047421547,grassPastureHay,NA,NA,NA,NA,NA,NA,NA,NA,NA,NA,0.7879100511453865,0.0021586576743709215,8.265941730656058,21.563562312714065
2030,20013,Other Crops,13090232.71280689,1309.023271280689,2.9307113227404837,all_cult,NA,NA,NA,NA,NA,NA,NA,NA,NA,NA,0.7879100511453865,0.0021586576743709215,8.265941730656058,21.563562312714065
2030,20013,Sorghum,333636.9508835004,33.363695088350035,0.07469642527304013,all_cult,Sorghum,NA,NA,112,3736.733849895204,2497.008723754886,614.8141390312695,109.313412424257,295.8096922432806,5,0.7879100511453865,0.0021586576743709215,8.265941730656058,21.563562312714065
2030,20013,Soybeans,123405327.24801578,12340.532724801578,27.62864479089188,all_cult,Soybeans,0.10147480973744562,10.461538461538462,56,691069.8325888884,2497.008723754886,614.8141390312695,109.313412424257,295.8096922432806,5,0.7879100511453865,0.0021586576743709215,8.265941730656058,21.563562312714065
2030,20013,Wheat,3906288.4515680084,390.6288451568008,0.8745607542714157,all_cult,Wheat,NA,NA,89,34765.96721895527,2254.8962487792996,415.5501699467516,180.50399902708415,176.39342111281056,5,0.7879100511453865,0.0021586576743709215,8.265941730656058,21.563562312714065
2030,20045,Corn,74392843.99321488,7439.284399321487,7.631923083362056,all_cult,Corn,0.1459526935617447,11,250,1859821.0998303718,2567.192499389652,624.2661165831677,123.9773367038232,267.11727417890563,5,0.8278709271884432,0.0022681395265436804,9.356530460723482,21.764013638431102
2030,20045,Developed,130402436.2681122,13040.24362681122,13.37791795635647,developed,NA,NA,NA,NA,NA,NA,NA,NA,NA,NA,0.8278709271884432,0.0022681395265436804,9.356530460723482,21.764013638431102
2030,20045,Double Crop,4220114.888463862,422.01148884638627,0.4329393864098648,all_cult,NA,NA,NA,NA,NA,NA,NA,NA,NA,NA,0.8278709271884432,0.0022681395265436804,9.356530460723482,21.764013638431102
2030,20045,Grass/Pasture/Shrubland,354830010.0217444,35483.00100217444,36.40182575089523,grassPastureHay,NA,NA,NA,NA,NA,NA,NA,NA,NA,NA,0.8278709271884432,0.0022681395265436804,9.356530460723482,21.764013638431102
2030,20045,Other Crops,37964614.628596716,3796.4614628596714,3.8947700233285687,all_cult,NA,NA,NA,NA,NA,NA,NA,NA,NA,NA,0.8278709271884432,0.0022681395265436804,9.356530460723482,21.764013638431102
2030,20045,Sorghum,671055.755263424,67.1055755263424,0.06884326010288025,all_cult,Sorghum,NA,NA,112,7515.824458950349,2567.192499389652,624.2661165831677,123.9773367038232,267.11727417890563,5,0.8278709271884432,0.0022681395265436804,9.356530460723482,21.764013638431102
2030,20045,Soybeans,100028766.3995359,10002.876639953589,10.261898998705805,all_cult,Soybeans,0.11420951862362651,8.5,56,560161.091837401,2567.192499389652,624.2661165831677,123.9773367038232,267.11727417890563,5,0.8278709271884432,0.0022681395265436804,9.356530460723482,21.764013638431102
2030,20045,Wheat,7085783.937909698,708.5783937909698,0.7269268802840957,all_cult,Wheat,NA,NA,89,63063.477047396314,2345.9042645263703,445.8947749973932,196.9166827935073,169.97243375443233,5,0.8278709271884432,0.0022681395265436804,9.356530460723482,21.764013638431102
2030,20061,Corn,31722102.062803604,3172.21020628036,4.044269831598419,all_cult,Corn,0.16936452361704205,12.944444444444445,250,793052.55157009,2518.5431072998076,569.3297962345055,104.60877514452568,243.43284026448177,5,0.7472432324870948,0.0020472417328413557,8.568717576118388,21.91672781330268
2030,20061,Developed,61171563.9285717,6117.15639285717,7.798799400437711,developed,NA,NA,NA,NA,NA,NA,NA,NA,NA,NA,0.7472432324870948,0.0020472417328413557,8.568717576118388,21.91672781330268
2030,20061,Double Crop,5604030.762346523,560.4030762346523,0.7144612454318694,all_cult,NA,NA,NA,NA,NA,NA,NA,NA,NA,NA,0.7472432324870948,0.0020472417328413557,8.568717576118388,21.91672781330268
2030,20061,Grass/Pasture/Shrubland,476190220.2809351,47619.02202809351,60.70977699307564,grassPastureHay,NA,NA,NA,NA,NA,NA,NA,NA,NA,NA,0.7472432324870948,0.0020472417328413557,8.568717576118388,21.91672781330268
2030,20061,Other Crops,18227803.79878525,1822.7803798785249,2.323873646638379,all_cult,NA,NA,NA,NA,NA,NA,NA,NA,NA,NA,0.7472432324870948,0.0020472417328413557,8.568717576118388,21.91672781330268
2030,20061,Sorghum,5491901.736070833,549.1901736070832,0.7001658485721192,all_cult,Sorghum,NA,NA,112,61509.299443993325,2518.5431072998076,569.3297962345055,104.60877514452568,243.43284026448177,5,0.7472432324870948,0.0020472417328413557,8.568717576118388,21.91672781330268
2030,20061,Soybeans,39491221.54782481,3949.1221547824807,5.03475953777074,all_cult,Soybeans,0.12217913528938978,7.666666666666667,56,221150.8406678189,2518.5431072998076,569.3297962345055,104.60877514452568,243.43284026448177,5,0.7472432324870948,0.0020472417328413557,8.568717576118388,21.91672781330268
2030,20061,Wheat,15495075.277191846,1549.5075277191845,1.9754764472362665,all_cult,Wheat,NA,NA,89,137906.16996700742,2298.889857177737,406.0193363343406,205.54735879170264,189.1577201246197,5,0.7472432324870948,0.0020472417328413557,8.568717576118388,21.91672781330268
2030,20085,Corn,134933024.35661882,13493.30243566188,7.9306511901880965,all_cult,Corn,NA,NA,250,3373325.60891547,2510.370695800784,632.0018295252338,112.74752618432136,292.4118946762926,5,0.8066219344476179,0.002209923108075665,8.483963740100622,21.71262638457836
2030,20085,Developed,75618361.35140783,7561.836135140783,4.444448275810096,developed,NA,NA,NA,NA,NA,NA,NA,NA,NA,NA,0.8066219344476179,0.002209923108075665,8.483963740100622,21.71262638457836
2030,20085,Double Crop,1864792.83802623,186.479283802623,0.10960268333762817,all_cult,NA,NA,NA,NA,NA,NA,NA,NA,NA,NA,0.8066219344476179,0.002209923108075665,8.483963740100622,21.71262638457836
2030,20085,Grass/Pasture/Shrubland,941187748.5802637,94118.77485802637,55.31804963283908,grassPastureHay,NA,NA,NA,NA,NA,NA,NA,NA,NA,NA,0.8066219344476179,0.002209923108075665,8.483963740100622,21.71262638457836
2030,20085,Other Crops,98052397.627671,9805.2397627671,5.7630025537076115,all_cult,NA,NA,NA,NA,NA,NA,NA,NA,NA,NA,0.8066219344476179,0.002209923108075665,8.483963740100622,21.71262638457836
2030,20085,Sorghum,4069081.398774073,406.9081398774073,0.23915913388905596,all_cult,Sorghum,NA,NA,112,45573.71166626961,2510.370695800784,632.0018295252338,112.74752618432136,292.4118946762926,5,0.8066219344476179,0.002209923108075665,8.483963740100622,21.71262638457836
2030,20085,Soybeans,170772946.2930534,17077.29462930534,10.037132690300496,all_cult,Soybeans,NA,NA,56,956328.499241099,2510.370695800784,632.0018295252338,112.74752618432136,292.4118946762926,5,0.8066219344476179,0.002209923108075665,8.483963740100622,21.71262638457836
2030,20085,Wheat,13725583.902961861,1372.5583902961862,0.8067173980208171,all_cult,Wheat,NA,NA,89,122157.69673636057,2282.287293701175,433.1562549545484,191.878369060472,186.93838476184575,5,0.8066219344476179,0.002209923108075665,8.483963740100622,21.71262638457836
2030,20087,Corn,155094058.297135,15509.4058297135,10.788896738521789,all_cult,Corn,0.13078338055311117,25.77777777777778,250,3877351.457428375,2538.875270996097,625.6550310307603,118.34319894595244,274.22547204297825,5,0.819977931572949,0.0022465148810217775,9.015987373247562,21.622659510782345
2030,20087,Developed,83037617.78054704,8303.761778054704,5.7763933285619125,developed,NA,NA,NA,NA,NA,NA,NA,NA,NA,NA,0.819977931572949,0.0022465148810217775,9.015987373247562,21.622659510782345
2030,20087,Double Crop,3214015.8179615135,321.4015817961514,0.2235784217441099,all_cult,NA,NA,NA,NA,NA,NA,NA,NA,NA,NA,0.819977931572949,0.0022465148810217775,9.015987373247562,21.622659510782345
2030,20087,Grass/Pasture/Shrubland,533878677.1787268,53387.86771787268,37.138507962340775,grassPastureHay,NA,NA,NA,NA,NA,NA,NA,NA,NA,NA,0.819977931572949,0.0022465148810217775,9.015987373247562,21.622659510782345
2030,20087,Other Crops,67978226.39294052,6797.822639294052,4.728808266891807,all_cult,NA,NA,NA,NA,NA,NA,NA,NA,NA,NA,0.819977931572949,0.0022465148810217775,9.015987373247562,21.622659510782345
2030,20087,Sorghum,2078940.1655916602,207.89401655916603,0.1446185045281528,all_cult,Sorghum,NA,NA,112,23284.129854626597,2538.875270996097,625.6550310307603,118.34319894595244,274.22547204297825,5,0.819977931572949,0.0022465148810217775,9.015987373247562,21.622659510782345
2030,20087,Soybeans,173639107.61438552,17363.91076143855,12.078956617613274,all_cult,Soybeans,0.09985991575255485,13.833333333333334,56,972379.0026405589,2538.875270996097,625.6550310307603,118.34319894595244,274.22547204297825,5,0.819977931572949,0.0022465148810217775,9.015987373247562,21.622659510782345
2030,20087,Wheat,7377427.0278590415,737.7427027859042,0.5132001784817648,all_cult,Wheat,NA,NA,89,65659.10054794548,2314.965834350589,439.7383108865763,191.44903787716407,167.62168946668027,5,0.819977931572949,0.0022465148810217775,9.015987373247562,21.622659510782345
2030,20091,Corn,20137063.169311535,2013.7063169311532,3.334881975218613,all_cult,Corn,0.14955141172933145,4,250,503426.5792327883,2574.7524285888703,625.91572119648,128.2443528327021,271.09571569582096,5,0.8396336675233088,0.002300366212392627,9.587572297396749,21.628277955773783
2030,20091,Developed,271607528.4848879,27160.752848488788,44.98069273866694,developed,NA,NA,NA,NA,NA,NA,NA,NA,NA,NA,0.8396336675233088,0.002300366212392627,9.587572297396749,21.628277955773783
2030,20091,Double Crop,2013905.6882216034,201.39056882216036,0.3335212152324038,all_cult,NA,NA,NA,NA,NA,NA,NA,NA,NA,NA,0.8396336675233088,0.002300366212392627,9.587572297396749,21.628277955773783
2030,20091,Grass/Pasture/Shrubland,139667491.4795437,13966.749147954368,23.130214964462166,grassPastureHay,NA,NA,NA,NA,NA,NA,NA,NA,NA,NA,0.8396336675233088,0.002300366212392627,9.587572297396749,21.628277955773783
2030,20091,Other Crops,14581458.923742233,1458.1458923742232,2.4148230617504245,all_cult,NA,NA,NA,NA,NA,NA,NA,NA,NA,NA,0.8396336675233088,0.002300366212392627,9.587572297396749,21.628277955773783
2030,20091,Sorghum,265245.84730308503,26.524584730308504,0.043927140106542625,all_cult,Sorghum,NA,NA,112,2970.7534897945525,2574.7524285888703,625.91572119648,128.2443528327021,271.09571569582096,5,0.8396336675233088,0.002300366212392627,9.587572297396749,21.628277955773783
2030,20091,Soybeans,40506888.73460731,4050.688873460731,6.708311533684595,all_cult,Soybeans,NA,NA,56,226838.57691380093,2574.7524285888703,625.91572119648,128.2443528327021,271.09571569582096,5,0.8396336675233088,0.002300366212392627,9.587572297396749,21.628277955773783
2030,20091,Wheat,3047090.5931461067,304.70905931461067,0.5046260922212007,all_cult,Wheat,NA,NA,89,27119.10627900035,2353.5049780273466,448.7187201476367,193.31022021944068,160.30834865161626,5,0.8396336675233088,0.002300366212392627,9.587572297396749,21.628277955773783
2030,20103,Corn,55676654.53817842,5567.665453817842,6.162232243462533,all_cult,Corn,0.09926099891867379,4.75,250,1391916.3634544604,2565.3499145507844,618.66003325006,121.98179322296812,277.1573102347824,5,0.8200111339910167,0.0022466058465507306,9.315827461138186,21.675965944055033
2030,20103,Developed,66222526.18511143,6622.252618511144,7.329437975150055,developed,NA,NA,NA,NA,NA,NA,NA,NA,NA,NA,0.8200111339910167,0.0022466058465507306,9.315827461138186,21.675965944055033
2030,20103,Double Crop,2239300.7972116056,223.93007972116058,0.2478434038440015,all_cult,NA,NA,NA,NA,NA,NA,NA,NA,NA,NA,0.8200111339910167,0.0022466058465507306,9.315827461138186,21.675965944055033
2030,20103,Grass/Pasture/Shrubland,361083573.13099504,36108.3573130995,39.96434152498699,grassPastureHay,NA,NA,NA,NA,NA,NA,NA,NA,NA,NA,0.8200111339910167,0.0022466058465507306,9.315827461138186,21.675965944055033
2030,20103,Other Crops,54377617.6404599,5437.76176404599,6.018456236750789,all_cult,NA,NA,NA,NA,NA,NA,NA,NA,NA,NA,0.8200111339910167,0.0022466058465507306,9.315827461138186,21.675965944055033
2030,20103,Sorghum,567901.3203360821,56.79013203360822,0.06285470735100035,all_cult,Sorghum,NA,NA,112,6360.494787764121,2565.3499145507844,618.66003325006,121.98179322296812,277.1573102347824,5,0.8200111339910167,0.0022466058465507306,9.315827461138186,21.675965944055033
2030,20103,Soybeans,101039226.18326606,10103.922618326606,11.18291288522158,all_cult,Soybeans,0.11410095968932568,4.571428571428571,56,565819.66662629,2565.3499145507844,618.66003325006,121.98179322296812,277.1573102347824,5,0.8200111339910167,0.0022466058465507306,9.315827461138186,21.675965944055033
2030,20103,Wheat,4817340.8524583215,481.7340852458321,0.5331781044497215,all_cult,Wheat,NA,NA,89,42874.33358687905,2338.4684606933624,437.4856414372156,190.0645835456117,156.1027631373822,5,0.8200111339910167,0.0022466058465507306,9.315827461138186,21.675965944055033
2030,20117,Corn,1797933.5665907045,179.79335665907044,8.787790125047634,all_cult,Corn,0.16261062771687598,15.722222222222221,250,44948.33916476761,2458.584324951175,609.137839636203,108.7287617155476,293.13920991601157,5,0.7670204708078371,0.0021014259474187317,7.976580676771213,21.390544935252592
2030,20117,Developed,709093.4285035765,70.90934285035766,3.465847873654197,developed,NA,NA,NA,NA,NA,NA,NA,NA,NA,NA,0.7670204708078371,0.0021014259474187317,7.976580676771213,21.390544935252592
2030,20117,Double Crop,17005.082052877187,1.700508205287719,0.08311602548433755,all_cult,NA,NA,NA,NA,NA,NA,NA,NA,NA,NA,0.7670204708078371,0.0021014259474187317,7.976580676771213,21.390544935252592
2030,20117,Grass/Pasture/Shrubland,13608757.209524421,1360.8757209524422,66.51575143947134,grassPastureHay,NA,NA,NA,NA,NA,NA,NA,NA,NA,NA,0.7670204708078371,0.0021014259474187317,7.976580676771213,21.390544935252592
2030,20117,Other Crops,368569.7378671669,36.856973786716694,1.801464505144208,all_cult,NA,NA,NA,NA,NA,NA,NA,NA,NA,NA,0.7670204708078371,0.0021014259474187317,7.976580676771213,21.390544935252592
2030,20117,Sorghum,113210.96189225193,11.321096189225193,0.5533431220433721,all_cult,Sorghum,NA,NA,112,1267.9627731932217,2458.584324951175,609.137839636203,108.7287617155476,293.13920991601157,5,0.7670204708078371,0.0021014259474187317,7.976580676771213,21.390544935252592
2030,20117,Soybeans,2250086.8872694396,225.00868872694397,10.99778751332857,all_cult,Soybeans,0.12228514283699721,8.25,56,12600.486568708862,2458.584324951175,609.137839636203,108.7287617155476,293.13920991601157,5,0.7670204708078371,0.0021014259474187317,7.976580676771213,21.390544935252592
2030,20117,Wheat,234744.84118524572,23.474484118524572,1.1473663074132867,all_cult,Wheat,NA,NA,89,2089.229086548687,2223.343344726565,405.5692062543253,188.4965706681208,187.26454713542557,5,0.7670204708078371,0.0021014259474187317,7.976580676771213,21.390544935252592
2030,20127,Corn,10941387.892613748,1094.1387892613748,4.064821675495574,all_cult,Corn,NA,NA,250,273534.6973153437,2520.9055615234406,555.954689490001,110.40927605755616,243.54343341997048,5,0.7431894673207564,0.002036135526906182,8.646538378571833,21.891991334680032
2030,20127,Developed,12128694.282144045,1212.8694282144045,4.50591642462472,developed,NA,NA,NA,NA,NA,NA,NA,NA,NA,NA,0.7431894673207564,0.002036135526906182,8.646538378571833,21.891991334680032
2030,20127,Double Crop,4499199.088895911,449.9199088895911,1.671491967784096,all_cult,NA,NA,NA,NA,NA,NA,NA,NA,NA,NA,0.7431894673207564,0.002036135526906182,8.646538378571833,21.891991334680032
2030,20127,Grass/Pasture/Shrubland,158101691.18434784,15810.169118434784,58.73616652348874,grassPastureHay,NA,NA,NA,NA,NA,NA,NA,NA,NA,NA,0.7431894673207564,0.002036135526906182,8.646538378571833,21.891991334680032
2030,20127,Other Crops,10981377.128665583,1098.1377128665583,4.079678027823576,all_cult,NA,NA,NA,NA,NA,NA,NA,NA,NA,NA,0.7431894673207564,0.002036135526906182,8.646538378571833,21.891991334680032
2030,20127,Sorghum,7272388.587591114,727.2388587591115,2.701756217181813,all_cult,Sorghum,NA,NA,112,81450.75218102049,2520.9055615234406,555.954689490001,110.40927605755616,243.54343341997048,5,0.7431894673207564,0.002036135526906182,8.646538378571833,21.891991334680032
2030,20127,Soybeans,28686301.015498407,2868.6301015498407,10.657212713965244,all_cult,Soybeans,0.11686486262093489,4,56,160643.2856867911,2520.9055615234406,555.954689490001,110.40927605755616,243.54343341997048,5,0.7431894673207564,0.002036135526906182,8.646538378571833,21.891991334680032
2030,20127,Wheat,20934850.636842933,2093.485063684293,7.777480834890052,all_cult,Wheat,NA,NA,89,186320.17066790207,2302.292572021487,406.1975781652536,213.73126380049092,199.73992970464653,5,0.7431894673207564,0.002036135526906182,8.646538378571833,21.891991334680032
2030,20131,Corn,124792211.963085,12479.2211963085,16.444051346315263,all_cult,Corn,0.12528513936677563,9.454545454545455,250,3119805.299077125,2461.513562622073,608.9946319665173,109.3269502032276,294.5991363406679,5,0.7695416373875652,0.002108333253116617,8.007737451840777,21.349831241973483
2030,20131,Developed,34827921.40223819,3482.792140223819,4.589325878711502,developed,NA,NA,NA,NA,NA,NA,NA,NA,NA,NA,0.7695416373875652,0.002108333253116617,8.007737451840777,21.349831241973483
2030,20131,Double Crop,1288597.7379512293,128.85977379512295,0.1698003988733199,all_cult,NA,NA,NA,NA,NA,NA,NA,NA,NA,NA,0.7695416373875652,0.002108333253116617,8.007737451840777,21.349831241973483
2030,20131,Grass/Pasture/Shrubland,328086582.4549448,32808.65824549448,43.232446344665604,grassPastureHay,NA,NA,NA,NA,NA,NA,NA,NA,NA,NA,0.7695416373875652,0.002108333253116617,8.007737451840777,21.349831241973483
2030,20131,Other Crops,27101730.321978156,2710.1730321978157,3.5712344382550913,all_cult,NA,NA,NA,NA,NA,NA,NA,NA,NA,NA,0.7695416373875652,0.002108333253116617,8.007737451840777,21.349831241973483
2030,20131,Sorghum,2055671.3741418559,205.5671374141856,0.2708788080264065,all_cult,Sorghum,NA,NA,112,23023.519390388785,2461.513562622073,608.9946319665173,109.3269502032276,294.5991363406679,5,0.7695416373875652,0.002108333253116617,8.007737451840777,21.349831241973483
2030,20131,Soybeans,136674912.54505298,13667.491254505298,18.00985209164201,all_cult,Soybeans,0.1067341402930363,5.142857142857143,56,765379.5102522967,2461.513562622073,608.9946319665173,109.3269502032276,294.5991363406679,5,0.7695416373875652,0.002108333253116617,8.007737451840777,21.349831241973483
2030,20131,Wheat,9588450.555545796,958.8450555545795,1.2634840811511674,all_cult,Wheat,NA,NA,89,85337.20994435757,2219.9242541503936,403.7826426032807,182.59862116234396,178.2613337083765,5,0.7695416373875652,0.002108333253116617,8.007737451840777,21.349831241973483
2030,20139,Corn,20890964.22588984,2089.096422588984,9.4988079569725965,all_cult,Corn,NA,NA,250,522274.10564724595,2536.6500378418,616.2844708255014,122.3224967922689,248.8527682966793,5,0.8180182886744631,0.0022411459963683922,8.978413361849872,21.720223589335426
2030,20139,Developed,11858545.489950646,1185.8545489950645,5.391902692479325,developed,NA,NA,NA,NA,NA,NA,NA,NA,NA,NA,0.8180182886744631,0.0022411459963683922,8.978413361849872,21.720223589335426
2030,20139,Double Crop,1849135.1156913848,184.91351156913848,0.8407739901578724,all_cult,NA,NA,NA,NA,NA,NA,NA,NA,NA,NA,0.8180182886744631,0.0022411459963683922,8.978413361849872,21.720223589335426
2030,20139,Grass/Pasture/Shrubland,108139234.26990536,10813.923426990536,49.1692871538651,grassPastureHay,NA,NA,NA,NA,NA,NA,NA,NA,NA,NA,0.8180182886744631,0.0022411459963683922,8.978413361849872,21.720223589335426
2030,20139,Other Crops,6302951.103083336,630.2951103083336,2.86585728849129,all_cult,NA,NA,NA,NA,NA,NA,NA,NA,NA,NA,0.8180182886744631,0.0022411459963683922,8.978413361849872,21.720223589335426
2030,20139,Sorghum,252758.48461129973,25.27584846112997,0.11492549021948671,all_cult,Sorghum,NA,NA,112,2830.8950276465566,2536.6500378418,616.2844708255014,122.3224967922689,248.8527682966793,5,0.8180182886744631,0.0022411459963683922,8.978413361849872,21.720223589335426
2030,20139,Soybeans,28064514.38751116,2806.4514387511163,12.76051357372463,all_cult,Soybeans,NA,NA,56,157161.28057006252,2536.6500378418,616.2844708255014,122.3224967922689,248.8527682966793,5,0.8180182886744631,0.0022411459963683922,8.978413361849872,21.720223589335426
2030,20139,Wheat,1738320.944623076,173.8320944623076,0.7903884493801757,all_cult,Wheat,NA,NA,89,15471.056407145375,2320.616519165042,436.9708977850229,206.23412415494988,172.9934049028568,5,0.8180182886744631,0.0022411459963683922,8.978413361849872,21.720223589335426
2030,20149,Corn,136791901.8519852,13679.190185198519,7.982141503627487,all_cult,Corn,0.1326174661314905,62.44444444444444,250,3419797.54629963,2506.603810424808,613.9839789550309,108.15066814188556,280.5571118066879,5,0.7769406261812447,0.0021286044552910814,8.362784958930888,21.808617210910768
2030,20149,Developed,87781477.02653997,8778.147702653996,5.122263537072818,developed,NA,NA,NA,NA,NA,NA,NA,NA,NA,NA,0.7769406261812447,0.0021286044552910814,8.362784958930888,21.808617210910768
2030,20149,Double Crop,1803166.4492782145,180.31664492782144,0.1052191654466961,all_cult,NA,NA,NA,NA,NA,NA,NA,NA,NA,NA,0.7769406261812447,0.0021286044552910814,8.362784958930888,21.808617210910768
2030,20149,Grass/Pasture/Shrubland,1058221194.9777538,105822.11949777538,61.749790785057485,grassPastureHay,NA,NA,NA,NA,NA,NA,NA,NA,NA,NA,0.7769406261812447,0.0021286044552910814,8.362784958930888,21.808617210910768
2030,20149,Other Crops,34485813.7618199,3448.58137618199,2.012331443512244,all_cult,NA,NA,NA,NA,NA,NA,NA,NA,NA,NA,0.7769406261812447,0.0021286044552910814,8.362784958930888,21.808617210910768
2030,20149,Sorghum,5647082.09049503,564.708209049503,0.3295210295248753,all_cult,Sorghum,NA,NA,112,63247.319413544334,2506.603810424808,613.9839789550309,108.15066814188556,280.5571118066879,5,0.7769406261812447,0.0021286044552910814,8.362784958930888,21.808617210910768
2030,20149,Soybeans,153915907.33370754,15391.590733370755,8.98136903839706,all_cult,Soybeans,0.11392545848870632,51.611111111111114,56,861929.0810687622,2506.603810424808,613.9839789550309,108.15066814188556,280.5571118066879,5,0.7769406261812447,0.0021286044552910814,8.362784958930888,21.808617210910768
2030,20149,Wheat,13424373.002870617,1342.4373002870618,0.7833449455387832,all_cult,Wheat,NA,NA,89,119476.9197255485,2279.538400878909,418.23727296196887,195.48833357344313,188.20943876313552,5,0.7769406261812447,0.0021286044552910814,8.362784958930888,21.808617210910768
2030,20161,Corn,29887562.457934357,2988.756245793436,3.7374801575206362,all_cult,Corn,0.14127372152863188,12.444444444444445,250,747189.0614483589,2517.904971923831,575.8055379436454,102.96157476850512,239.31564613560644,5,0.7422277973560252,0.002033500814674041,8.441662957178426,21.981243896484397
2030,20161,Developed,93189704.06140432,9318.970406140432,11.653498685445852,developed,NA,NA,NA,NA,NA,NA,NA,NA,NA,NA,0.7422277973560252,0.002033500814674041,8.441662957178426,21.981243896484397
2030,20161,Double Crop,2321662.5391971655,232.16625391971652,0.2903270443991936,all_cult,NA,NA,NA,NA,NA,NA,NA,NA,NA,NA,0.7422277973560252,0.002033500814674041,8.441662957178426,21.981243896484397
2030,20161,Grass/Pasture/Shrubland,421935273.9416269,42193.527394162695,52.76357736882686,grassPastureHay,NA,NA,NA,NA,NA,NA,NA,NA,NA,NA,0.7422277973560252,0.002033500814674041,8.441662957178426,21.981243896484397
2030,20161,Other Crops,10313350.483787943,1031.3350483787942,1.2896984437913022,all_cult,NA,NA,NA,NA,NA,NA,NA,NA,NA,NA,0.7422277973560252,0.002033500814674041,8.441662957178426,21.981243896484397
2030,20161,Sorghum,8046145.345421317,804.6145345421318,1.0061813711092988,all_cult,Sorghum,NA,NA,112,90116.82786871876,2517.904971923831,575.8055379436454,102.96157476850512,239.31564613560644,5,0.7422277973560252,0.002033500814674041,8.441662957178426,21.981243896484397
2030,20161,Soybeans,56043067.26954317,5604.306726954317,7.008261452613234,all_cult,Soybeans,0.12420661341954765,10.38888888888889,56,313841.17670944176,2517.904971923831,575.8055379436454,102.96157476850512,239.31564613560644,5,0.7422277973560252,0.002033500814674041,8.441662957178426,21.981243896484397
2030,20161,Wheat,14763447.35949416,1476.3447359494162,1.8461890841841313,all_cult,Wheat,NA,NA,89,131394.68149949805,2294.8661517334012,406.2702960052884,201.234261742603,182.24670219320257,5,0.7422277973560252,0.002033500814674041,8.441662957178426,21.981243896484397
2030,20177,Corn,132475537.80653152,13247.553780653152,9.091050553311547,all_cult,Corn,0.12030458771317423,83,250,3311888.445163288,2540.4973876953154,619.1057398180918,117.80192440755708,262.2320585954421,5,0.8082163671989677,0.002214291416983473,8.93217142183489,21.750937215726694
2030,20177,Developed,255013934.0237044,25501.393402370442,17.50017100813045,developed,NA,NA,NA,NA,NA,NA,NA,NA,NA,NA,0.8082163671989677,0.002214291416983473,8.93217142183489,21.750937215726694
2030,20177,Double Crop,2797246.7569815805,279.7246756981581,0.19195930130847558,all_cult,NA,NA,NA,NA,NA,NA,NA,NA,NA,NA,0.8082163671989677,0.002214291416983473,8.93217142183489,21.750937215726694
2030,20177,Grass/Pasture/Shrubland,626083355.6398722,62608.33556398722,42.96457693964075,grassPastureHay,NA,NA,NA,NA,NA,NA,NA,NA,NA,NA,0.8082163671989677,0.002214291416983473,8.93217142183489,21.750937215726694
2030,20177,Other Crops,33361526.081880283,3336.1526081880284,2.289413767762353,all_cult,NA,NA,NA,NA,NA,NA,NA,NA,NA,NA,0.8082163671989677,0.002214291416983473,8.93217142183489,21.750937215726694
2030,20177,Sorghum,2303954.5452317544,230.39545452317543,0.15810743319134585,all_cult,Sorghum,NA,NA,112,25804.29090659565,2540.4973876953154,619.1057398180918,117.80192440755708,262.2320585954421,5,0.8082163671989677,0.002214291416983473,8.93217142183489,21.750937215726694
2030,20177,Soybeans,145627766.023613,14562.7766023613,9.993613951731533,all_cult,Soybeans,0.09768281806034469,42.833333333333336,56,815515.4897322329,2540.4973876953154,619.1057398180918,117.80192440755708,262.2320585954421,5,0.8082163671989677,0.002214291416983473,8.93217142183489,21.750937215726694
2030,20177,Wheat,9565647.685078032,956.5647685078033,0.656436562704971,all_cult,Wheat,NA,NA,89,85134.26439719449,2319.1124578857452,433.86715895451346,203.14803958561023,176.58845567713104,5,0.8082163671989677,0.002214291416983473,8.93217142183489,21.750937215726694
2030,20197,Corn,69733578.79693311,6973.357879693312,4.536852294529976,all_cult,Corn,0.14186117514330646,28.666666666666668,250,1743339.469923328,2519.0151458740265,609.2073778379216,112.25311548790444,262.76283046772033,5,0.7875173842821092,0.0021575818747455043,8.60471208964311,21.80411477284891
2030,20197,Developed,54289406.85937861,5428.940685937861,3.5320576446519008,developed,NA,NA,NA,NA,NA,NA,NA,NA,NA,NA,0.7875173842821092,0.0021575818747455043,8.60471208964311,21.80411477284891
2030,20197,Double Crop,1125869.9276987636,112.58699276987635,0.07324886594013556,all_cult,NA,NA,NA,NA,NA,NA,NA,NA,NA,NA,0.7875173842821092,0.0021575818747455043,8.60471208964311,21.80411477284891
2030,20197,Grass/Pasture/Shrubland,1169502873.1037595,116950.28731037596,76.08761639426346,grassPastureHay,NA,NA,NA,NA,NA,NA,NA,NA,NA,NA,0.7875173842821092,0.0021575818747455043,8.60471208964311,21.80411477284891
2030,20197,Other Crops,29094649.42529061,2909.464942529061,1.8928919077573607,all_cult,NA,NA,NA,NA,NA,NA,NA,NA,NA,NA,0.7875173842821092,0.0021575818747455043,8.60471208964311,21.80411477284891
2030,20197,Sorghum,3287931.385599168,328.7931385599168,0.21391213972326276,all_cult,Sorghum,NA,NA,112,36824.831518710685,2519.0151458740265,609.2073778379216,112.25311548790444,262.76283046772033,5,0.7875173842821092,0.0021575818747455043,8.60471208964311,21.80411477284891
2030,20197,Soybeans,83491332.16381498,8349.133216381497,5.431928899043218,all_cult,Soybeans,0.12942046457519057,22.77777777777778,56,467551.46011736384,2519.0151458740265,609.2073778379216,112.25311548790444,262.76283046772033,5,0.7875173842821092,0.0021575818747455043,8.60471208964311,21.80411477284891
2030,20197,Wheat,7530280.724868099,753.02807248681,0.4899185152185996,all_cult,Wheat,NA,NA,89,67019.49845132609,2295.6375604248074,421.9318511967269,204.884286044548,188.6465194822499,5,0.7875173842821092,0.0021575818747455043,8.60471208964311,21.80411477284891
2030,20209,Corn,2798441.748604609,279.8441748604609,1.0907251789658858,all_cult,Corn,NA,NA,250,69961.04371511523,2589.73833862305,613.5903863547521,127.22920925330898,274.514948698559,5,0.8179088896234462,0.0022408462729409484,9.682873585322154,21.52457648290349
2030,20209,Developed,144515431.86680782,14451.543186680783,56.32656829996687,developed,NA,NA,NA,NA,NA,NA,NA,NA,NA,NA,0.8179088896234462,0.0022408462729409484,9.682873585322154,21.52457648290349
2030,20209,Double Crop,152719.71803613545,15.271971803613546,0.05952428413764306,all_cult,NA,NA,NA,NA,NA,NA,NA,NA,NA,NA,0.8179088896234462,0.0022408462729409484,9.682873585322154,21.52457648290349
2030,20209,Grass/Pasture/Shrubland,41083799.11850462,4108.379911850462,16.01288794682744,grassPastureHay,NA,NA,NA,NA,NA,NA,NA,NA,NA,NA,0.8179088896234462,0.0022408462729409484,9.682873585322154,21.52457648290349
2030,20209,Other Crops,1959154.8527385148,195.91548527385146,0.7636033619211925,all_cult,NA,NA,NA,NA,NA,NA,NA,NA,NA,NA,0.8179088896234462,0.0022408462729409484,9.682873585322154,21.52457648290349
2030,20209,Sorghum,54127.80426680527,5.412780426680527,0.02109694047602745,all_cult,Sorghum,NA,NA,112,606.231407788219,2589.73833862305,613.5903863547521,127.22920925330898,274.514948698559,5,0.8179088896234462,0.0022408462729409484,9.682873585322154,21.52457648290349
2030,20209,Soybeans,8244134.676247953,824.4134676247953,3.213247256139296,all_cult,Soybeans,0.14562756367793683,4.75,56,46167.15418698854,2589.73833862305,613.5903863547521,127.22920925330898,274.514948698559,5,0.8179088896234462,0.0022408462729409484,9.682873585322154,21.52457648290349
2030,20209,Wheat,234900.57353758038,23.49005735375804,0.09155522720411169,all_cult,Wheat,NA,NA,89,2090.6151044844655,2347.6423376464872,436.2416059338531,190.53620216932876,152.78139817189407,5,0.8179088896234462,0.0022408462729409484,9.682873585322154,21.52457648290349
2031,20005,Corn,172734778.84431297,17273.477884431297,23.078910848652363,all_cult,Corn,0.10724545034749912,6.181818181818182,250,4318369.471107824,2402.6518792724637,666.7148888764735,105.7230236068078,155.23611549965835,5,0.8380929763603148,0.002296145140713191,7.877442551704325,20.275297734508797
2031,20005,Developed,36578638.84791646,3657.863884791646,4.88723319405755,developed,NA,NA,NA,NA,NA,NA,NA,NA,NA,NA,0.8380929763603148,0.002296145140713191,7.877442551704325,20.275297734508797
2031,20005,Double Crop,1451158.554832854,145.11585548328543,0.1938877575107932,all_cult,NA,NA,NA,NA,NA,NA,NA,NA,NA,NA,0.8380929763603148,0.002296145140713191,7.877442551704325,20.275297734508797
2031,20005,Grass/Pasture/Shrubland,215288406.86893737,21528.840686893738,28.764456018176027,grassPastureHay,NA,NA,NA,NA,NA,NA,NA,NA,NA,NA,0.8380929763603148,0.002296145140713191,7.877442551704325,20.275297734508797
2031,20005,Other Crops,29204979.705745928,2920.4979705745927,3.902046405912905,all_cult,NA,NA,NA,NA,NA,NA,NA,NA,NA,NA,0.8380929763603148,0.002296145140713191,7.877442551704325,20.275297734508797
2031,20005,Sorghum,732239.3724075308,73.22393724075309,0.09783372699309156,all_cult,Sorghum,NA,NA,112,8201.080970964345,2402.6518792724637,666.7148888764735,105.7230236068078,155.23611549965835,5,0.8380929763603148,0.002296145140713191,7.877442551704325,20.275297734508797
2031,20005,Soybeans,181600576.65296197,18160.057665296197,24.263460703620524,all_cult,Soybeans,0.07483265359624193,5,56,1016963.2292565871,2402.6518792724637,666.7148888764735,105.7230236068078,155.23611549965835,5,0.8380929763603148,0.002296145140713191,7.877442551704325,20.275297734508797
2031,20005,Wheat,5908069.702597459,590.8069702597459,0.7893709354082403,all_cult,Wheat,NA,NA,89,52581.82035311738,2177.237182006839,367.2198083977763,109.36838389966586,129.4459776515646,5,0.8380929763603148,0.002296145140713191,7.877442551704325,20.275297734508797
2031,20013,Corn,113276297.82191704,11327.629782191703,25.36090350021212,all_cult,Corn,0.12646432205391206,17.5625,250,2831907.445547926,2374.7262591552767,638.1956920764629,111.89313048072336,156.41716701477492,5,0.8006814065527911,0.002193647689185729,7.401800244475087,20.23257802466826
2031,20013,Developed,24170977.38782201,2417.0977387822013,5.411527714315524,developed,NA,NA,NA,NA,NA,NA,NA,NA,NA,NA,0.8006814065527911,0.002193647689185729,7.401800244475087,20.23257802466826
2031,20013,Double Crop,542048.8992527233,54.20488992527234,0.12135680712267008,all_cult,NA,NA,NA,NA,NA,NA,NA,NA,NA,NA,0.8006814065527911,0.002193647689185729,7.401800244475087,20.23257802466826
2031,20013,Grass/Pasture/Shrubland,122499833.68113159,12249.983368113159,27.425918047421547,grassPastureHay,NA,NA,NA,NA,NA,NA,NA,NA,NA,NA,0.8006814065527911,0.002193647689185729,7.401800244475087,20.23257802466826
2031,20013,Other Crops,13090232.71280689,1309.023271280689,2.9307113227404837,all_cult,NA,NA,NA,NA,NA,NA,NA,NA,NA,NA,0.8006814065527911,0.002193647689185729,7.401800244475087,20.23257802466826
2031,20013,Sorghum,333636.9508835004,33.363695088350035,0.07469642527304013,all_cult,Sorghum,NA,NA,112,3736.733849895204,2374.7262591552767,638.1956920764629,111.89313048072336,156.41716701477492,5,0.8006814065527911,0.002193647689185729,7.401800244475087,20.23257802466826
2031,20013,Soybeans,123405327.24801578,12340.532724801578,27.62864479089188,all_cult,Soybeans,0.10147480973744562,10.461538461538462,56,691069.8325888884,2374.7262591552767,638.1956920764629,111.89313048072336,156.41716701477492,5,0.8006814065527911,0.002193647689185729,7.401800244475087,20.23257802466826
2031,20013,Wheat,3906288.4515680084,390.6288451568008,0.8745607542714157,all_cult,Wheat,NA,NA,89,34765.96721895527,2141.0668078613307,361.4699715082943,106.31767854589606,138.6917360277939,5,0.8006814065527911,0.002193647689185729,7.401800244475087,20.23257802466826
2031,20045,Corn,74392843.99321488,7439.284399321487,7.631923083362056,all_cult,Corn,0.1459526935617447,11,250,1859821.0998303718,2448.033524169925,710.2886273012134,90.33558740067028,179.55624963480156,5,0.8994044374593642,0.0024641217464640114,8.489966204917618,20.580203288875236
2031,20045,Developed,130402436.2681122,13040.24362681122,13.37791795635647,developed,NA,NA,NA,NA,NA,NA,NA,NA,NA,NA,0.8994044374593642,0.0024641217464640114,8.489966204917618,20.580203288875236
2031,20045,Double Crop,4220114.888463862,422.01148884638627,0.4329393864098648,all_cult,NA,NA,NA,NA,NA,NA,NA,NA,NA,NA,0.8994044374593642,0.0024641217464640114,8.489966204917618,20.580203288875236
2031,20045,Grass/Pasture/Shrubland,354830010.0217444,35483.00100217444,36.40182575089523,grassPastureHay,NA,NA,NA,NA,NA,NA,NA,NA,NA,NA,0.8994044374593642,0.0024641217464640114,8.489966204917618,20.580203288875236
2031,20045,Other Crops,37964614.628596716,3796.4614628596714,3.8947700233285687,all_cult,NA,NA,NA,NA,NA,NA,NA,NA,NA,NA,0.8994044374593642,0.0024641217464640114,8.489966204917618,20.580203288875236
2031,20045,Sorghum,671055.755263424,67.1055755263424,0.06884326010288025,all_cult,Sorghum,NA,NA,112,7515.824458950349,2448.033524169925,710.2886273012134,90.33558740067028,179.55624963480156,5,0.8994044374593642,0.0024641217464640114,8.489966204917618,20.580203288875236
2031,20045,Soybeans,100028766.3995359,10002.876639953589,10.261898998705805,all_cult,Soybeans,0.11420951862362651,8.5,56,560161.091837401,2448.033524169925,710.2886273012134,90.33558740067028,179.55624963480156,5,0.8994044374593642,0.0024641217464640114,8.489966204917618,20.580203288875236
2031,20045,Wheat,7085783.937909698,708.5783937909698,0.7269268802840957,all_cult,Wheat,NA,NA,89,63063.477047396314,2234.5087420654327,403.7870215593624,113.64041569244404,130.6330264742708,5,0.8994044374593642,0.0024641217464640114,8.489966204917618,20.580203288875236
2031,20061,Corn,31722102.062803604,3172.21020628036,4.044269831598419,all_cult,Corn,0.16936452361704205,12.944444444444445,250,793052.55157009,2422.4364349365264,619.7495170991423,126.01927328428998,167.31516337723798,5,0.7802234734525679,0.0021375985574042956,7.852358247939877,20.75721427185897
2031,20061,Developed,61171563.9285717,6117.15639285717,7.798799400437711,developed,NA,NA,NA,NA,NA,NA,NA,NA,NA,NA,0.7802234734525679,0.0021375985574042956,7.852358247939877,20.75721427185897
2031,20061,Double Crop,5604030.762346523,560.4030762346523,0.7144612454318694,all_cult,NA,NA,NA,NA,NA,NA,NA,NA,NA,NA,0.7802234734525679,0.0021375985574042956,7.852358247939877,20.75721427185897
2031,20061,Grass/Pasture/Shrubland,476190220.2809351,47619.02202809351,60.70977699307564,grassPastureHay,NA,NA,NA,NA,NA,NA,NA,NA,NA,NA,0.7802234734525679,0.0021375985574042956,7.852358247939877,20.75721427185897
2031,20061,Other Crops,18227803.79878525,1822.7803798785249,2.323873646638379,all_cult,NA,NA,NA,NA,NA,NA,NA,NA,NA,NA,0.7802234734525679,0.0021375985574042956,7.852358247939877,20.75721427185897
2031,20061,Sorghum,5491901.736070833,549.1901736070832,0.7001658485721192,all_cult,Sorghum,NA,NA,112,61509.299443993325,2422.4364349365264,619.7495170991423,126.01927328428998,167.31516337723798,5,0.7802234734525679,0.0021375985574042956,7.852358247939877,20.75721427185897
2031,20061,Soybeans,39491221.54782481,3949.1221547824807,5.03475953777074,all_cult,Soybeans,0.12217913528938978,7.666666666666667,56,221150.8406678189,2422.4364349365264,619.7495170991423,126.01927328428998,167.31516337723798,5,0.7802234734525679,0.0021375985574042956,7.852358247939877,20.75721427185897
2031,20061,Wheat,15495075.277191846,1549.5075277191845,1.9754764472362665,all_cult,Wheat,NA,NA,89,137906.16996700742,2208.4936480712918,355.4388707703808,102.91186679259104,121.662243814274,5,0.7802234734525679,0.0021375985574042956,7.852358247939877,20.75721427185897
2031,20085,Corn,134933024.35661882,13493.30243566188,7.9306511901880965,all_cult,Corn,NA,NA,250,3373325.60891547,2395.5794677734407,661.211116592407,109.99523167216552,160.8764396951057,5,0.8298610119525452,0.002273591813568617,7.654158525858863,20.439722030848696
2031,20085,Developed,75618361.35140783,7561.836135140783,4.444448275810096,developed,NA,NA,NA,NA,NA,NA,NA,NA,NA,NA,0.8298610119525452,0.002273591813568617,7.654158525858863,20.439722030848696
2031,20085,Double Crop,1864792.83802623,186.479283802623,0.10960268333762817,all_cult,NA,NA,NA,NA,NA,NA,NA,NA,NA,NA,0.8298610119525452,0.002273591813568617,7.654158525858863,20.439722030848696
2031,20085,Grass/Pasture/Shrubland,941187748.5802637,94118.77485802637,55.31804963283908,grassPastureHay,NA,NA,NA,NA,NA,NA,NA,NA,NA,NA,0.8298610119525452,0.002273591813568617,7.654158525858863,20.439722030848696
2031,20085,Other Crops,98052397.627671,9805.2397627671,5.7630025537076115,all_cult,NA,NA,NA,NA,NA,NA,NA,NA,NA,NA,0.8298610119525452,0.002273591813568617,7.654158525858863,20.439722030848696
2031,20085,Sorghum,4069081.398774073,406.9081398774073,0.23915913388905596,all_cult,Sorghum,NA,NA,112,45573.71166626961,2395.5794677734407,661.211116592407,109.99523167216552,160.8764396951057,5,0.8298610119525452,0.002273591813568617,7.654158525858863,20.439722030848696
2031,20085,Soybeans,170772946.2930534,17077.29462930534,10.037132690300496,all_cult,Soybeans,NA,NA,56,956328.499241099,2395.5794677734407,661.211116592407,109.99523167216552,160.8764396951057,5,0.8298610119525452,0.002273591813568617,7.654158525858863,20.439722030848696
2031,20085,Wheat,13725583.902961861,1372.5583902961862,0.8067173980208171,all_cult,Wheat,NA,NA,89,122157.69673636057,2174.5347216796904,374.2498005246575,106.82135830934295,129.9677313024888,5,0.8298610119525452,0.002273591813568617,7.654158525858863,20.439722030848696
2031,20087,Corn,155094058.297135,15509.4058297135,10.788896738521789,all_cult,Corn,0.13078338055311117,25.77777777777778,250,3877351.457428375,2415.931160278323,693.8453999708928,99.19281355337856,165.54861864028254,5,0.8740336225144261,0.002394612664423085,8.14045699446171,20.3772704743686
2031,20087,Developed,83037617.78054704,8303.761778054704,5.7763933285619125,developed,NA,NA,NA,NA,NA,NA,NA,NA,NA,NA,0.8740336225144261,0.002394612664423085,8.14045699446171,20.3772704743686
2031,20087,Double Crop,3214015.8179615135,321.4015817961514,0.2235784217441099,all_cult,NA,NA,NA,NA,NA,NA,NA,NA,NA,NA,0.8740336225144261,0.002394612664423085,8.14045699446171,20.3772704743686
2031,20087,Grass/Pasture/Shrubland,533878677.1787268,53387.86771787268,37.138507962340775,grassPastureHay,NA,NA,NA,NA,NA,NA,NA,NA,NA,NA,0.8740336225144261,0.002394612664423085,8.14045699446171,20.3772704743686
2031,20087,Other Crops,67978226.39294052,6797.822639294052,4.728808266891807,all_cult,NA,NA,NA,NA,NA,NA,NA,NA,NA,NA,0.8740336225144261,0.002394612664423085,8.14045699446171,20.3772704743686
2031,20087,Sorghum,2078940.1655916602,207.89401655916603,0.1446185045281528,all_cult,Sorghum,NA,NA,112,23284.129854626597,2415.931160278323,693.8453999708928,99.19281355337856,165.54861864028254,5,0.8740336225144261,0.002394612664423085,8.14045699446171,20.3772704743686
2031,20087,Soybeans,173639107.61438552,17363.91076143855,12.078956617613274,all_cult,Soybeans,0.09985991575255485,13.833333333333334,56,972379.0026405589,2415.931160278323,693.8453999708928,99.19281355337856,165.54861864028254,5,0.8740336225144261,0.002394612664423085,8.14045699446171,20.3772704743686
2031,20087,Wheat,7377427.0278590415,737.7427027859042,0.5132001784817648,all_cult,Wheat,NA,NA,89,65659.10054794548,2202.2551678466825,388.5237261339011,111.88702405444504,134.008378484606,5,0.8740336225144261,0.002394612664423085,8.14045699446171,20.3772704743686
2031,20091,Corn,20137063.169311535,2013.7063169311532,3.334881975218613,all_cult,Corn,0.14955141172933145,4,250,503426.5792327883,2448.6191876220732,752.7022054988113,89.88042226064718,205.17692546391729,5,0.9526949042100362,0.0026101230252329765,8.670216566111966,20.447836980950367
2031,20091,Developed,271607528.4848879,27160.752848488788,44.98069273866694,developed,NA,NA,NA,NA,NA,NA,NA,NA,NA,NA,0.9526949042100362,0.0026101230252329765,8.670216566111966,20.447836980950367
2031,20091,Double Crop,2013905.6882216034,201.39056882216036,0.3335212152324038,all_cult,NA,NA,NA,NA,NA,NA,NA,NA,NA,NA,0.9526949042100362,0.0026101230252329765,8.670216566111966,20.447836980950367
2031,20091,Grass/Pasture/Shrubland,139667491.4795437,13966.749147954368,23.130214964462166,grassPastureHay,NA,NA,NA,NA,NA,NA,NA,NA,NA,NA,0.9526949042100362,0.0026101230252329765,8.670216566111966,20.447836980950367
2031,20091,Other Crops,14581458.923742233,1458.1458923742232,2.4148230617504245,all_cult,NA,NA,NA,NA,NA,NA,NA,NA,NA,NA,0.9526949042100362,0.0026101230252329765,8.670216566111966,20.447836980950367
2031,20091,Sorghum,265245.84730308503,26.524584730308504,0.043927140106542625,all_cult,Sorghum,NA,NA,112,2970.7534897945525,2448.6191876220732,752.7022054988113,89.88042226064718,205.17692546391729,5,0.9526949042100362,0.0026101230252329765,8.670216566111966,20.447836980950367
2031,20091,Soybeans,40506888.73460731,4050.688873460731,6.708311533684595,all_cult,Soybeans,NA,NA,56,226838.57691380093,2448.6191876220732,752.7022054988113,89.88042226064718,205.17692546391729,5,0.9526949042100362,0.0026101230252329765,8.670216566111966,20.447836980950367
2031,20091,Wheat,3047090.5931461067,304.70905931461067,0.5046260922212007,all_cult,Wheat,NA,NA,89,27119.10627900035,2235.582865600589,430.1381484589192,114.76779406127304,141.2481938318134,5,0.9526949042100362,0.0026101230252329765,8.670216566111966,20.447836980950367
2031,20103,Corn,55676654.53817842,5567.665453817842,6.162232243462533,all_cult,Corn,0.09926099891867379,4.75,250,1391916.3634544604,2438.107064819339,717.431278414071,93.6129275387048,169.62801960969094,5,0.904329738908313,0.002477615723036474,8.402972846880374,20.449891825636794
2031,20103,Developed,66222526.18511143,6622.252618511144,7.329437975150055,developed,NA,NA,NA,NA,NA,NA,NA,NA,NA,NA,0.904329738908313,0.002477615723036474,8.402972846880374,20.449891825636794
2031,20103,Double Crop,2239300.7972116056,223.93007972116058,0.2478434038440015,all_cult,NA,NA,NA,NA,NA,NA,NA,NA,NA,NA,0.904329738908313,0.002477615723036474,8.402972846880374,20.449891825636794
2031,20103,Grass/Pasture/Shrubland,361083573.13099504,36108.3573130995,39.96434152498699,grassPastureHay,NA,NA,NA,NA,NA,NA,NA,NA,NA,NA,0.904329738908313,0.002477615723036474,8.402972846880374,20.449891825636794
2031,20103,Other Crops,54377617.6404599,5437.76176404599,6.018456236750789,all_cult,NA,NA,NA,NA,NA,NA,NA,NA,NA,NA,0.904329738908313,0.002477615723036474,8.402972846880374,20.449891825636794
2031,20103,Sorghum,567901.3203360821,56.79013203360822,0.06285470735100035,all_cult,Sorghum,NA,NA,112,6360.494787764121,2438.107064819339,717.431278414071,93.6129275387048,169.62801960969094,5,0.904329738908313,0.002477615723036474,8.402972846880374,20.449891825636794
2031,20103,Soybeans,101039226.18326606,10103.922618326606,11.18291288522158,all_cult,Soybeans,0.11410095968932568,4.571428571428571,56,565819.66662629,2438.107064819339,717.431278414071,93.6129275387048,169.62801960969094,5,0.904329738908313,0.002477615723036474,8.402972846880374,20.449891825636794
2031,20103,Wheat,4817340.8524583215,481.7340852458321,0.5331781044497215,all_cult,Wheat,NA,NA,89,42874.33358687905,2220.210093383792,400.89132575302193,113.07325304346368,136.8173277786187,5,0.904329738908313,0.002477615723036474,8.402972846880374,20.449891825636794
2031,20117,Corn,1797933.5665907045,179.79335665907044,8.787790125047634,all_cult,Corn,0.16261062771687598,15.722222222222221,250,44948.33916476761,2357.5906072998077,623.215519712424,124.81365775912415,164.99419198369907,5,0.771516301496442,0.002113743291771074,7.22045620852956,20.127613759498097
2031,20117,Developed,709093.4285035765,70.90934285035766,3.465847873654197,developed,NA,NA,NA,NA,NA,NA,NA,NA,NA,NA,0.771516301496442,0.002113743291771074,7.22045620852956,20.127613759498097
2031,20117,Double Crop,17005.082052877187,1.700508205287719,0.08311602548433755,all_cult,NA,NA,NA,NA,NA,NA,NA,NA,NA,NA,0.771516301496442,0.002113743291771074,7.22045620852956,20.127613759498097
2031,20117,Grass/Pasture/Shrubland,13608757.209524421,1360.8757209524422,66.51575143947134,grassPastureHay,NA,NA,NA,NA,NA,NA,NA,NA,NA,NA,0.771516301496442,0.002113743291771074,7.22045620852956,20.127613759498097
2031,20117,Other Crops,368569.7378671669,36.856973786716694,1.801464505144208,all_cult,NA,NA,NA,NA,NA,NA,NA,NA,NA,NA,0.771516301496442,0.002113743291771074,7.22045620852956,20.127613759498097
2031,20117,Sorghum,113210.96189225193,11.321096189225193,0.5533431220433721,all_cult,Sorghum,NA,NA,112,1267.9627731932217,2357.5906072998077,623.215519712424,124.81365775912415,164.99419198369907,5,0.771516301496442,0.002113743291771074,7.22045620852956,20.127613759498097
2031,20117,Soybeans,2250086.8872694396,225.00868872694397,10.99778751332857,all_cult,Soybeans,0.12228514283699721,8.25,56,12600.486568708862,2357.5906072998077,623.215519712424,124.81365775912415,164.99419198369907,5,0.771516301496442,0.002113743291771074,7.22045620852956,20.127613759498097
2031,20117,Wheat,234744.84118524572,23.474484118524572,1.1473663074132867,all_cult,Wheat,NA,NA,89,2089.229086548687,2126.2307104492215,352.4324432351087,103.74227934873036,125.78057759523357,5,0.771516301496442,0.002113743291771074,7.22045620852956,20.127613759498097
2031,20127,Corn,10941387.892613748,1094.1387892613748,4.064821675495574,all_cult,Corn,NA,NA,250,273534.6973153437,2419.156320190433,614.2655902480861,127.31386292620122,170.96138417094616,5,0.7799796293414697,0.0021369304913464926,7.891013292286517,20.746256203847413
2031,20127,Developed,12128694.282144045,1212.8694282144045,4.50591642462472,developed,NA,NA,NA,NA,NA,NA,NA,NA,NA,NA,0.7799796293414697,0.0021369304913464926,7.891013292286517,20.746256203847413
2031,20127,Double Crop,4499199.088895911,449.9199088895911,1.671491967784096,all_cult,NA,NA,NA,NA,NA,NA,NA,NA,NA,NA,0.7799796293414697,0.0021369304913464926,7.891013292286517,20.746256203847413
2031,20127,Grass/Pasture/Shrubland,158101691.18434784,15810.169118434784,58.73616652348874,grassPastureHay,NA,NA,NA,NA,NA,NA,NA,NA,NA,NA,0.7799796293414697,0.0021369304913464926,7.891013292286517,20.746256203847413
2031,20127,Other Crops,10981377.128665583,1098.1377128665583,4.079678027823576,all_cult,NA,NA,NA,NA,NA,NA,NA,NA,NA,NA,0.7799796293414697,0.0021369304913464926,7.891013292286517,20.746256203847413
2031,20127,Sorghum,7272388.587591114,727.2388587591115,2.701756217181813,all_cult,Sorghum,NA,NA,112,81450.75218102049,2419.156320190433,614.2655902480861,127.31386292620122,170.96138417094616,5,0.7799796293414697,0.0021369304913464926,7.891013292286517,20.746256203847413
2031,20127,Soybeans,28686301.015498407,2868.6301015498407,10.657212713965244,all_cult,Soybeans,0.11686486262093489,4,56,160643.2856867911,2419.156320190433,614.2655902480861,127.31386292620122,170.96138417094616,5,0.7799796293414697,0.0021369304913464926,7.891013292286517,20.746256203847413
2031,20127,Wheat,20934850.636842933,2093.485063684293,7.777480834890052,all_cult,Wheat,NA,NA,89,186320.17066790207,2209.8370764160186,370.40413225541,101.87544556238925,125.32753738549458,5,0.7799796293414697,0.0021369304913464926,7.891013292286517,20.746256203847413
2031,20131,Corn,124792211.963085,12479.2211963085,16.444051346315263,all_cult,Corn,0.12528513936677563,9.454545454545455,250,3119805.299077125,2351.6863116455106,627.2524383041297,117.56611411742048,154.45173303296843,5,0.7805229401063484,0.0021384190139899957,7.205561874598696,20.047850208021213
2031,20131,Developed,34827921.40223819,3482.792140223819,4.589325878711502,developed,NA,NA,NA,NA,NA,NA,NA,NA,NA,NA,0.7805229401063484,0.0021384190139899957,7.205561874598696,20.047850208021213
2031,20131,Double Crop,1288597.7379512293,128.85977379512295,0.1698003988733199,all_cult,NA,NA,NA,NA,NA,NA,NA,NA,NA,NA,0.7805229401063484,0.0021384190139899957,7.205561874598696,20.047850208021213
2031,20131,Grass/Pasture/Shrubland,328086582.4549448,32808.65824549448,43.232446344665604,grassPastureHay,NA,NA,NA,NA,NA,NA,NA,NA,NA,NA,0.7805229401063484,0.0021384190139899957,7.205561874598696,20.047850208021213
2031,20131,Other Crops,27101730.321978156,2710.1730321978157,3.5712344382550913,all_cult,NA,NA,NA,NA,NA,NA,NA,NA,NA,NA,0.7805229401063484,0.0021384190139899957,7.205561874598696,20.047850208021213
2031,20131,Sorghum,2055671.3741418559,205.5671374141856,0.2708788080264065,all_cult,Sorghum,NA,NA,112,23023.519390388785,2351.6863116455106,627.2524383041297,117.56611411742048,154.45173303296843,5,0.7805229401063484,0.0021384190139899957,7.205561874598696,20.047850208021213
2031,20131,Soybeans,136674912.54505298,13667.491254505298,18.00985209164201,all_cult,Soybeans,0.1067341402930363,5.142857142857143,56,765379.5102522967,2351.6863116455106,627.2524383041297,117.56611411742048,154.45173303296843,5,0.7805229401063484,0.0021384190139899957,7.205561874598696,20.047850208021213
2031,20131,Wheat,9588450.555545796,958.8450555545795,1.2634840811511674,all_cult,Wheat,NA,NA,89,85337.20994435757,2114.439324340823,354.8188537266399,104.75384770272434,130.71089734763163,5,0.7805229401063484,0.0021384190139899957,7.205561874598696,20.047850208021213
2031,20139,Corn,20890964.22588984,2089.096422588984,9.4988079569725965,all_cult,Corn,NA,NA,250,522274.10564724595,2423.640406494144,668.7954366389099,97.7538229382885,183.6171092601779,5,0.8534741291750338,0.002338285285411051,8.1608554787832,20.540515788875236
2031,20139,Developed,11858545.489950646,1185.8545489950645,5.391902692479325,developed,NA,NA,NA,NA,NA,NA,NA,NA,NA,NA,0.8534741291750338,0.002338285285411051,8.1608554787832,20.540515788875236
2031,20139,Double Crop,1849135.1156913848,184.91351156913848,0.8407739901578724,all_cult,NA,NA,NA,NA,NA,NA,NA,NA,NA,NA,0.8534741291750338,0.002338285285411051,8.1608554787832,20.540515788875236
2031,20139,Grass/Pasture/Shrubland,108139234.26990536,10813.923426990536,49.1692871538651,grassPastureHay,NA,NA,NA,NA,NA,NA,NA,NA,NA,NA,0.8534741291750338,0.002338285285411051,8.1608554787832,20.540515788875236
2031,20139,Other Crops,6302951.103083336,630.2951103083336,2.86585728849129,all_cult,NA,NA,NA,NA,NA,NA,NA,NA,NA,NA,0.8534741291750338,0.002338285285411051,8.1608554787832,20.540515788875236
2031,20139,Sorghum,252758.48461129973,25.27584846112997,0.11492549021948671,all_cult,Sorghum,NA,NA,112,2830.8950276465566,2423.640406494144,668.7954366389099,97.7538229382885,183.6171092601779,5,0.8534741291750338,0.002338285285411051,8.1608554787832,20.540515788875236
2031,20139,Soybeans,28064514.38751116,2806.4514387511163,12.76051357372463,all_cult,Soybeans,NA,NA,56,157161.28057006252,2423.640406494144,668.7954366389099,97.7538229382885,183.6171092601779,5,0.8534741291750338,0.002338285285411051,8.1608554787832,20.540515788875236
2031,20139,Wheat,1738320.944623076,173.8320944623076,0.7903884493801757,all_cult,Wheat,NA,NA,89,15471.056407145375,2217.53694824219,394.7121466563376,110.16653653357488,129.85378730364903,5,0.8534741291750338,0.002338285285411051,8.1608554787832,20.540515788875236
2031,20149,Corn,136791901.8519852,13679.190185198519,7.982141503627487,all_cult,Corn,0.1326174661314905,62.44444444444444,250,3419797.54629963,2404.3441540527374,628.6533675055658,121.89614480619944,168.24128733955442,5,0.7820182952402064,0.0021425158773704283,7.604353403587886,20.576674838131446
2031,20149,Developed,87781477.02653997,8778.147702653996,5.122263537072818,developed,NA,NA,NA,NA,NA,NA,NA,NA,NA,NA,0.7820182952402064,0.0021425158773704283,7.604353403587886,20.576674838131446
2031,20149,Double Crop,1803166.4492782145,180.31664492782144,0.1052191654466961,all_cult,NA,NA,NA,NA,NA,NA,NA,NA,NA,NA,0.7820182952402064,0.0021425158773704283,7.604353403587886,20.576674838131446
2031,20149,Grass/Pasture/Shrubland,1058221194.9777538,105822.11949777538,61.749790785057485,grassPastureHay,NA,NA,NA,NA,NA,NA,NA,NA,NA,NA,0.7820182952402064,0.0021425158773704283,7.604353403587886,20.576674838131446
2031,20149,Other Crops,34485813.7618199,3448.58137618199,2.012331443512244,all_cult,NA,NA,NA,NA,NA,NA,NA,NA,NA,NA,0.7820182952402064,0.0021425158773704283,7.604353403587886,20.576674838131446
2031,20149,Sorghum,5647082.09049503,564.708209049503,0.3295210295248753,all_cult,Sorghum,NA,NA,112,63247.319413544334,2404.3441540527374,628.6533675055658,121.89614480619944,168.24128733955442,5,0.7820182952402064,0.0021425158773704283,7.604353403587886,20.576674838131446
2031,20149,Soybeans,153915907.33370754,15391.590733370755,8.98136903839706,all_cult,Soybeans,0.11392545848870632,51.611111111111114,56,861929.0810687622,2404.3441540527374,628.6533675055658,121.89614480619944,168.24128733955442,5,0.7820182952402064,0.0021425158773704283,7.604353403587886,20.576674838131446
2031,20149,Wheat,13424373.002870617,1342.4373002870618,0.7833449455387832,all_cult,Wheat,NA,NA,89,119476.9197255485,2181.672357177737,350.4240627282052,104.30944117472043,118.91674270679368,5,0.7820182952402064,0.0021425158773704283,7.604353403587886,20.576674838131446
2031,20161,Corn,29887562.457934357,2988.756245793436,3.7374801575206362,all_cult,Corn,0.14127372152863188,12.444444444444445,250,747189.0614483589,2422.2194702148468,604.5897530942672,127.05696958366102,161.52036902936038,5,0.7563591600852432,0.0020722168769458714,7.72838750133778,20.799922928483543
2031,20161,Developed,93189704.06140432,9318.970406140432,11.653498685445852,developed,NA,NA,NA,NA,NA,NA,NA,NA,NA,NA,0.7563591600852432,0.0020722168769458714,7.72838750133778,20.799922928483543
2031,20161,Double Crop,2321662.5391971655,232.16625391971652,0.2903270443991936,all_cult,NA,NA,NA,NA,NA,NA,NA,NA,NA,NA,0.7563591600852432,0.0020722168769458714,7.72838750133778,20.799922928483543
2031,20161,Grass/Pasture/Shrubland,421935273.9416269,42193.527394162695,52.76357736882686,grassPastureHay,NA,NA,NA,NA,NA,NA,NA,NA,NA,NA,0.7563591600852432,0.0020722168769458714,7.72838750133778,20.799922928483543
2031,20161,Other Crops,10313350.483787943,1031.3350483787942,1.2896984437913022,all_cult,NA,NA,NA,NA,NA,NA,NA,NA,NA,NA,0.7563591600852432,0.0020722168769458714,7.72838750133778,20.799922928483543
2031,20161,Sorghum,8046145.345421317,804.6145345421318,1.0061813711092988,all_cult,Sorghum,NA,NA,112,90116.82786871876,2422.2194702148468,604.5897530942672,127.05696958366102,161.52036902936038,5,0.7563591600852432,0.0020722168769458714,7.72838750133778,20.799922928483543
2031,20161,Soybeans,56043067.26954317,5604.306726954317,7.008261452613234,all_cult,Soybeans,0.12420661341954765,10.38888888888889,56,313841.17670944176,2422.2194702148468,604.5897530942672,127.05696958366102,161.52036902936038,5,0.7563591600852432,0.0020722168769458714,7.72838750133778,20.799922928483543
2031,20161,Wheat,14763447.35949416,1476.3447359494162,1.8461890841841313,all_cult,Wheat,NA,NA,89,131394.68149949805,2204.3212359619165,337.61629652819397,104.26791764764454,113.95408910087522,5,0.7563591600852432,0.0020722168769458714,7.72838750133778,20.799922928483543
2031,20177,Corn,132475537.80653152,13247.553780653152,9.091050553311547,all_cult,Corn,0.12030458771317423,83,250,3311888.445163288,2428.6635583496127,667.6777141984526,102.48910914247634,174.3595370698905,5,0.8422853524002136,0.002307631102466339,8.131888051490284,20.55266675139129
2031,20177,Developed,255013934.0237044,25501.393402370442,17.50017100813045,developed,NA,NA,NA,NA,NA,NA,NA,NA,NA,NA,0.8422853524002136,0.002307631102466339,8.131888051490284,20.55266675139129
2031,20177,Double Crop,2797246.7569815805,279.7246756981581,0.19195930130847558,all_cult,NA,NA,NA,NA,NA,NA,NA,NA,NA,NA,0.8422853524002136,0.002307631102466339,8.131888051490284,20.55266675139129
2031,20177,Grass/Pasture/Shrubland,626083355.6398722,62608.33556398722,42.96457693964075,grassPastureHay,NA,NA,NA,NA,NA,NA,NA,NA,NA,NA,0.8422853524002136,0.002307631102466339,8.131888051490284,20.55266675139129
2031,20177,Other Crops,33361526.081880283,3336.1526081880284,2.289413767762353,all_cult,NA,NA,NA,NA,NA,NA,NA,NA,NA,NA,0.8422853524002136,0.002307631102466339,8.131888051490284,20.55266675139129
2031,20177,Sorghum,2303954.5452317544,230.39545452317543,0.15810743319134585,all_cult,Sorghum,NA,NA,112,25804.29090659565,2428.6635583496127,667.6777141984526,102.48910914247634,174.3595370698905,5,0.8422853524002136,0.002307631102466339,8.131888051490284,20.55266675139129
2031,20177,Soybeans,145627766.023613,14562.7766023613,9.993613951731533,all_cult,Soybeans,0.09768281806034469,42.833333333333336,56,815515.4897322329,2428.6635583496127,667.6777141984526,102.48910914247634,174.3595370698905,5,0.8422853524002136,0.002307631102466339,8.131888051490284,20.55266675139129
2031,20177,Wheat,9565647.685078032,956.5647685078033,0.656436562704971,all_cult,Wheat,NA,NA,89,85134.26439719449,2217.5934906005887,383.4153289136267,108.61375724978332,127.07486687865828,5,0.8422853524002136,0.002307631102466339,8.131888051490284,20.55266675139129
2031,20197,Corn,69733578.79693311,6973.357879693312,4.536852294529976,all_cult,Corn,0.14186117514330646,28.666666666666668,250,1743339.469923328,2415.180375366214,647.8966741127872,114.8363773270135,180.68485638855415,5,0.8126076876738516,0.002226322431983155,7.853971557617211,20.621942623608756
2031,20197,Developed,54289406.85937861,5428.940685937861,3.5320576446519008,developed,NA,NA,NA,NA,NA,NA,NA,NA,NA,NA,0.8126076876738516,0.002226322431983155,7.853971557617211,20.621942623608756
2031,20197,Double Crop,1125869.9276987636,112.58699276987635,0.07324886594013556,all_cult,NA,NA,NA,NA,NA,NA,NA,NA,NA,NA,0.8126076876738516,0.002226322431983155,7.853971557617211,20.621942623608756
2031,20197,Grass/Pasture/Shrubland,1169502873.1037595,116950.28731037596,76.08761639426346,grassPastureHay,NA,NA,NA,NA,NA,NA,NA,NA,NA,NA,0.8126076876738516,0.002226322431983155,7.853971557617211,20.621942623608756
2031,20197,Other Crops,29094649.42529061,2909.464942529061,1.8928919077573607,all_cult,NA,NA,NA,NA,NA,NA,NA,NA,NA,NA,0.8126076876738516,0.002226322431983155,7.853971557617211,20.621942623608756
2031,20197,Sorghum,3287931.385599168,328.7931385599168,0.21391213972326276,all_cult,Sorghum,NA,NA,112,36824.831518710685,2415.180375366214,647.8966741127872,114.8363773270135,180.68485638855415,5,0.8126076876738516,0.002226322431983155,7.853971557617211,20.621942623608756
2031,20197,Soybeans,83491332.16381498,8349.133216381497,5.431928899043218,all_cult,Soybeans,0.12942046457519057,22.77777777777778,56,467551.46011736384,2415.180375366214,647.8966741127872,114.8363773270135,180.68485638855415,5,0.8126076876738516,0.002226322431983155,7.853971557617211,20.621942623608756
2031,20197,Wheat,7530280.724868099,753.02807248681,0.4899185152185996,all_cult,Wheat,NA,NA,89,67019.49845132609,2201.199910888675,371.2174334439681,105.7378786379138,132.9415238590077,5,0.8126076876738516,0.002226322431983155,7.853971557617211,20.621942623608756
2031,20209,Corn,2798441.748604609,279.8441748604609,1.0907251789658858,all_cult,Corn,NA,NA,250,69961.04371511523,2458.8613446044956,736.4194992906642,95.62119352198349,184.96263474728735,5,0.9292219772337434,0.0025458136362568316,8.758791587516075,20.31971994060362
2031,20209,Developed,144515431.86680782,14451.543186680783,56.32656829996687,developed,NA,NA,NA,NA,NA,NA,NA,NA,NA,NA,0.9292219772337434,0.0025458136362568316,8.758791587516075,20.31971994060362
2031,20209,Double Crop,152719.71803613545,15.271971803613546,0.05952428413764306,all_cult,NA,NA,NA,NA,NA,NA,NA,NA,NA,NA,0.9292219772337434,0.0025458136362568316,8.758791587516075,20.31971994060362
2031,20209,Grass/Pasture/Shrubland,41083799.11850462,4108.379911850462,16.01288794682744,grassPastureHay,NA,NA,NA,NA,NA,NA,NA,NA,NA,NA,0.9292219772337434,0.0025458136362568316,8.758791587516075,20.31971994060362
2031,20209,Other Crops,1959154.8527385148,195.91548527385146,0.7636033619211925,all_cult,NA,NA,NA,NA,NA,NA,NA,NA,NA,NA,0.9292219772337434,0.0025458136362568316,8.758791587516075,20.31971994060362
2031,20209,Sorghum,54127.80426680527,5.412780426680527,0.02109694047602745,all_cult,Sorghum,NA,NA,112,606.231407788219,2458.8613446044956,736.4194992906642,95.62119352198349,184.96263474728735,5,0.9292219772337434,0.0025458136362568316,8.758791587516075,20.31971994060362
2031,20209,Soybeans,8244134.676247953,824.4134676247953,3.213247256139296,all_cult,Soybeans,0.14562756367793683,4.75,56,46167.15418698854,2458.8613446044956,736.4194992906642,95.62119352198349,184.96263474728735,5,0.9292219772337434,0.0025458136362568316,8.758791587516075,20.31971994060362
2031,20209,Wheat,234900.57353758038,23.49005735375804,0.09155522720411169,all_cult,Wheat,NA,NA,89,2090.6151044844655,2227.874193725589,413.0129372412552,114.8587830064824,136.01313891241855,5,0.9292219772337434,0.0025458136362568316,8.758791587516075,20.31971994060362
2032,20005,Corn,172734778.84431297,17273.477884431297,23.078910848652363,all_cult,Corn,0.10724545034749912,6.181818181818182,250,4318369.471107824,2363.320513916019,939.6468290663804,152.12571738328575,261.72310601436965,5,1.1866195018599404,0.0032421297865025695,8.062113852579108,20.015593014909946
2032,20005,Developed,36578638.84791646,3657.863884791646,4.88723319405755,developed,NA,NA,NA,NA,NA,NA,NA,NA,NA,NA,1.1866195018599404,0.0032421297865025695,8.062113852579108,20.015593014909946
2032,20005,Double Crop,1451158.554832854,145.11585548328543,0.1938877575107932,all_cult,NA,NA,NA,NA,NA,NA,NA,NA,NA,NA,1.1866195018599404,0.0032421297865025695,8.062113852579108,20.015593014909946
2032,20005,Grass/Pasture/Shrubland,215288406.86893737,21528.840686893738,28.764456018176027,grassPastureHay,NA,NA,NA,NA,NA,NA,NA,NA,NA,NA,1.1866195018599404,0.0032421297865025695,8.062113852579108,20.015593014909946
2032,20005,Other Crops,29204979.705745928,2920.4979705745927,3.902046405912905,all_cult,NA,NA,NA,NA,NA,NA,NA,NA,NA,NA,1.1866195018599404,0.0032421297865025695,8.062113852579108,20.015593014909946
2032,20005,Sorghum,732239.3724075308,73.22393724075309,0.09783372699309156,all_cult,Sorghum,NA,NA,112,8201.080970964345,2363.320513916019,939.6468290663804,152.12571738328575,261.72310601436965,5,1.1866195018599404,0.0032421297865025695,8.062113852579108,20.015593014909946
2032,20005,Soybeans,181600576.65296197,18160.057665296197,24.263460703620524,all_cult,Soybeans,0.07483265359624193,5,56,1016963.2292565871,2363.320513916019,939.6468290663804,152.12571738328575,261.72310601436965,5,1.1866195018599404,0.0032421297865025695,8.062113852579108,20.015593014909946
2032,20005,Wheat,5908069.702597459,590.8069702597459,0.7893709354082403,all_cult,Wheat,NA,NA,89,52581.82035311738,2217.5451135253934,521.0151411414853,187.7452692348277,84.63666182368264,5,1.1866195018599404,0.0032421297865025695,8.062113852579108,20.015593014909946
2032,20013,Corn,113276297.82191704,11327.629782191703,25.36090350021212,all_cult,Corn,0.12646432205391206,17.5625,250,2831907.445547926,2329.3753222656283,896.636544742086,151.91119615466084,254.34519928982232,5,1.1473062594910544,0.003134716555986487,7.562243377185282,19.97044562668099
2032,20013,Developed,24170977.38782201,2417.0977387822013,5.411527714315524,developed,NA,NA,NA,NA,NA,NA,NA,NA,NA,NA,1.1473062594910544,0.003134716555986487,7.562243377185282,19.97044562668099
2032,20013,Double Crop,542048.8992527233,54.20488992527234,0.12135680712267008,all_cult,NA,NA,NA,NA,NA,NA,NA,NA,NA,NA,1.1473062594910544,0.003134716555986487,7.562243377185282,19.97044562668099
2032,20013,Grass/Pasture/Shrubland,122499833.68113159,12249.983368113159,27.425918047421547,grassPastureHay,NA,NA,NA,NA,NA,NA,NA,NA,NA,NA,1.1473062594910544,0.003134716555986487,7.562243377185282,19.97044562668099
2032,20013,Other Crops,13090232.71280689,1309.023271280689,2.9307113227404837,all_cult,NA,NA,NA,NA,NA,NA,NA,NA,NA,NA,1.1473062594910544,0.003134716555986487,7.562243377185282,19.97044562668099
2032,20013,Sorghum,333636.9508835004,33.363695088350035,0.07469642527304013,all_cult,Sorghum,NA,NA,112,3736.733849895204,2329.3753222656283,896.636544742086,151.91119615466084,254.34519928982232,5,1.1473062594910544,0.003134716555986487,7.562243377185282,19.97044562668099
2032,20013,Soybeans,123405327.24801578,12340.532724801578,27.62864479089188,all_cult,Soybeans,0.10147480973744562,10.461538461538462,56,691069.8325888884,2329.3753222656283,896.636544742086,151.91119615466084,254.34519928982232,5,1.1473062594910544,0.003134716555986487,7.562243377185282,19.97044562668099
2032,20013,Wheat,3906288.4515680084,390.6288451568008,0.8745607542714157,all_cult,Wheat,NA,NA,89,34765.96721895527,2181.4919964599635,517.798104728236,185.79487982761117,85.1309930632422,5,1.1473062594910544,0.003134716555986487,7.562243377185282,19.97044562668099
2032,20045,Corn,74392843.99321488,7439.284399321487,7.631923083362056,all_cult,Corn,0.1459526935617447,11,250,1859821.0998303718,2418.434548339847,990.1409282688664,161.56674389623288,245.69640123408976,5,1.2369271006661244,0.003379582242257171,8.728072703210405,20.286511230468772
2032,20045,Developed,130402436.2681122,13040.24362681122,13.37791795635647,developed,NA,NA,NA,NA,NA,NA,NA,NA,NA,NA,1.2369271006661244,0.003379582242257171,8.728072703210405,20.286511230468772
2032,20045,Double Crop,4220114.888463862,422.01148884638627,0.4329393864098648,all_cult,NA,NA,NA,NA,NA,NA,NA,NA,NA,NA,1.2369271006661244,0.003379582242257171,8.728072703210405,20.286511230468772
2032,20045,Grass/Pasture/Shrubland,354830010.0217444,35483.00100217444,36.40182575089523,grassPastureHay,NA,NA,NA,NA,NA,NA,NA,NA,NA,NA,1.2369271006661244,0.003379582242257171,8.728072703210405,20.286511230468772
2032,20045,Other Crops,37964614.628596716,3796.4614628596714,3.8947700233285687,all_cult,NA,NA,NA,NA,NA,NA,NA,NA,NA,NA,1.2369271006661244,0.003379582242257171,8.728072703210405,20.286511230468772
2032,20045,Sorghum,671055.755263424,67.1055755263424,0.06884326010288025,all_cult,Sorghum,NA,NA,112,7515.824458950349,2418.434548339847,990.1409282688664,161.56674389623288,245.69640123408976,5,1.2369271006661244,0.003379582242257171,8.728072703210405,20.286511230468772
2032,20045,Soybeans,100028766.3995359,10002.876639953589,10.261898998705805,all_cult,Soybeans,0.11420951862362651,8.5,56,560161.091837401,2418.434548339847,990.1409282688664,161.56674389623288,245.69640123408976,5,1.2369271006661244,0.003379582242257171,8.728072703210405,20.286511230468772
2032,20045,Wheat,7085783.937909698,708.5783937909698,0.7269268802840957,all_cult,Wheat,NA,NA,89,63063.477047396314,2272.9798852539093,589.0161448921673,203.1735084367093,69.62015830266934,5,1.2369271006661244,0.003379582242257171,8.728072703210405,20.286511230468772
2032,20061,Corn,31722102.062803604,3172.21020628036,4.044269831598419,all_cult,Corn,0.16936452361704205,12.944444444444445,250,793052.55157009,2373.0834637451203,885.2260944326782,180.98678682889573,249.6690694932355,5,1.1238887095271202,0.0030707341790358477,7.940557185939124,20.463005407781573
2032,20061,Developed,61171563.9285717,6117.15639285717,7.798799400437711,developed,NA,NA,NA,NA,NA,NA,NA,NA,NA,NA,1.1238887095271202,0.0030707341790358477,7.940557185939124,20.463005407781573
2032,20061,Double Crop,5604030.762346523,560.4030762346523,0.7144612454318694,all_cult,NA,NA,NA,NA,NA,NA,NA,NA,NA,NA,1.1238887095271202,0.0030707341790358477,7.940557185939124,20.463005407781573
2032,20061,Grass/Pasture/Shrubland,476190220.2809351,47619.02202809351,60.70977699307564,grassPastureHay,NA,NA,NA,NA,NA,NA,NA,NA,NA,NA,1.1238887095271202,0.0030707341790358477,7.940557185939124,20.463005407781573
2032,20061,Other Crops,18227803.79878525,1822.7803798785249,2.323873646638379,all_cult,NA,NA,NA,NA,NA,NA,NA,NA,NA,NA,1.1238887095271202,0.0030707341790358477,7.940557185939124,20.463005407781573
2032,20061,Sorghum,5491901.736070833,549.1901736070832,0.7001658485721192,all_cult,Sorghum,NA,NA,112,61509.299443993325,2373.0834637451203,885.2260944326782,180.98678682889573,249.6690694932355,5,1.1238887095271202,0.0030707341790358477,7.940557185939124,20.463005407781573
2032,20061,Soybeans,39491221.54782481,3949.1221547824807,5.03475953777074,all_cult,Soybeans,0.12217913528938978,7.666666666666667,56,221150.8406678189,2373.0834637451203,885.2260944326782,180.98678682889573,249.6690694932355,5,1.1238887095271202,0.0030707341790358477,7.940557185939124,20.463005407781573
2032,20061,Wheat,15495075.277191846,1549.5075277191845,1.9754764472362665,all_cult,Wheat,NA,NA,89,137906.16996700742,2226.7779046630885,550.0712573720718,212.25951811756727,100.18684366839956,5,1.1238887095271202,0.0030707341790358477,7.940557185939124,20.463005407781573
2032,20085,Corn,134933024.35661882,13493.30243566188,7.9306511901880965,all_cult,Corn,NA,NA,250,3373325.60891547,2351.7291906738315,947.9487971187256,161.2069315282042,252.05833919560052,5,1.1966863879308571,0.0032696349397017955,7.81972351074221,20.15946838712434
2032,20085,Developed,75618361.35140783,7561.836135140783,4.444448275810096,developed,NA,NA,NA,NA,NA,NA,NA,NA,NA,NA,1.1966863879308571,0.0032696349397017955,7.81972351074221,20.15946838712434
2032,20085,Double Crop,1864792.83802623,186.479283802623,0.10960268333762817,all_cult,NA,NA,NA,NA,NA,NA,NA,NA,NA,NA,1.1966863879308571,0.0032696349397017955,7.81972351074221,20.15946838712434
2032,20085,Grass/Pasture/Shrubland,941187748.5802637,94118.77485802637,55.31804963283908,grassPastureHay,NA,NA,NA,NA,NA,NA,NA,NA,NA,NA,1.1966863879308571,0.0032696349397017955,7.81972351074221,20.15946838712434
2032,20085,Other Crops,98052397.627671,9805.2397627671,5.7630025537076115,all_cult,NA,NA,NA,NA,NA,NA,NA,NA,NA,NA,1.1966863879308571,0.0032696349397017955,7.81972351074221,20.15946838712434
2032,20085,Sorghum,4069081.398774073,406.9081398774073,0.23915913388905596,all_cult,Sorghum,NA,NA,112,45573.71166626961,2351.7291906738315,947.9487971187256,161.2069315282042,252.05833919560052,5,1.1966863879308571,0.0032696349397017955,7.81972351074221,20.15946838712434
2032,20085,Soybeans,170772946.2930534,17077.29462930534,10.037132690300496,all_cult,Soybeans,NA,NA,56,956328.499241099,2351.7291906738315,947.9487971187256,161.2069315282042,252.05833919560052,5,1.1966863879308571,0.0032696349397017955,7.81972351074221,20.15946838712434
2032,20085,Wheat,13725583.902961861,1372.5583902961862,0.8067173980208171,all_cult,Wheat,NA,NA,89,122157.69673636057,2212.947354736331,538.7933200877893,194.7914787126811,90.04681110024056,5,1.1966863879308571,0.0032696349397017955,7.81972351074221,20.15946838712434
2032,20087,Corn,155094058.297135,15509.4058297135,10.788896738521789,all_cult,Corn,0.13078338055311117,25.77777777777778,250,3877351.457428375,2379.7720214843785,983.1069380059466,159.15783605514332,265.887547554634,5,1.2301303704208613,0.003361011941040604,8.349647513634544,20.09982014640435
2032,20087,Developed,83037617.78054704,8303.761778054704,5.7763933285619125,developed,NA,NA,NA,NA,NA,NA,NA,NA,NA,NA,1.2301303704208613,0.003361011941040604,8.349647513634544,20.09982014640435
2032,20087,Double Crop,3214015.8179615135,321.4015817961514,0.2235784217441099,all_cult,NA,NA,NA,NA,NA,NA,NA,NA,NA,NA,1.2301303704208613,0.003361011941040604,8.349647513634544,20.09982014640435
2032,20087,Grass/Pasture/Shrubland,533878677.1787268,53387.86771787268,37.138507962340775,grassPastureHay,NA,NA,NA,NA,NA,NA,NA,NA,NA,NA,1.2301303704208613,0.003361011941040604,8.349647513634544,20.09982014640435
2032,20087,Other Crops,67978226.39294052,6797.822639294052,4.728808266891807,all_cult,NA,NA,NA,NA,NA,NA,NA,NA,NA,NA,1.2301303704208613,0.003361011941040604,8.349647513634544,20.09982014640435
2032,20087,Sorghum,2078940.1655916602,207.89401655916603,0.1446185045281528,all_cult,Sorghum,NA,NA,112,23284.129854626597,2379.7720214843785,983.1069380059466,159.15783605514332,265.887547554634,5,1.2301303704208613,0.003361011941040604,8.349647513634544,20.09982014640435
2032,20087,Soybeans,173639107.61438552,17363.91076143855,12.078956617613274,all_cult,Soybeans,0.09985991575255485,13.833333333333334,56,972379.0026405589,2379.7720214843785,983.1069380059466,159.15783605514332,265.887547554634,5,1.2301303704208613,0.003361011941040604,8.349647513634544,20.09982014640435
2032,20087,Wheat,7377427.0278590415,737.7427027859042,0.5132001784817648,all_cult,Wheat,NA,NA,89,65659.10054794548,2242.4835858154324,556.7702421330199,194.66518039740555,84.83689113583853,5,1.2301303704208613,0.003361011941040604,8.349647513634544,20.09982014640435
2032,20091,Corn,20137063.169311535,2013.7063169311532,3.334881975218613,all_cult,Corn,0.14955141172933145,4,250,503426.5792327883,2420.0377893066443,1018.0276492779856,152.50355141745607,265.7958242491428,5,1.2768403397626653,0.003488634808094714,8.908969824952528,20.168090136585363
2032,20091,Developed,271607528.4848879,27160.752848488788,44.98069273866694,developed,NA,NA,NA,NA,NA,NA,NA,NA,NA,NA,1.2768403397626653,0.003488634808094714,8.908969824952528,20.168090136585363
2032,20091,Double Crop,2013905.6882216034,201.39056882216036,0.3335212152324038,all_cult,NA,NA,NA,NA,NA,NA,NA,NA,NA,NA,1.2768403397626653,0.003488634808094714,8.908969824952528,20.168090136585363
2032,20091,Grass/Pasture/Shrubland,139667491.4795437,13966.749147954368,23.130214964462166,grassPastureHay,NA,NA,NA,NA,NA,NA,NA,NA,NA,NA,1.2768403397626653,0.003488634808094714,8.908969824952528,20.168090136585363
2032,20091,Other Crops,14581458.923742233,1458.1458923742232,2.4148230617504245,all_cult,NA,NA,NA,NA,NA,NA,NA,NA,NA,NA,1.2768403397626653,0.003488634808094714,8.908969824952528,20.168090136585363
2032,20091,Sorghum,265245.84730308503,26.524584730308504,0.043927140106542625,all_cult,Sorghum,NA,NA,112,2970.7534897945525,2420.0377893066443,1018.0276492779856,152.50355141745607,265.7958242491428,5,1.2768403397626653,0.003488634808094714,8.908969824952528,20.168090136585363
2032,20091,Soybeans,40506888.73460731,4050.688873460731,6.708311533684595,all_cult,Soybeans,NA,NA,56,226838.57691380093,2420.0377893066443,1018.0276492779856,152.50355141745607,265.7958242491428,5,1.2768403397626653,0.003488634808094714,8.908969824952528,20.168090136585363
2032,20091,Wheat,3047090.5931461067,304.70905931461067,0.5046260922212007,all_cult,Wheat,NA,NA,89,27119.10627900035,2274.414563598636,595.5703285196698,195.86833497936237,50.56157258845191,5,1.2768403397626653,0.003488634808094714,8.908969824952528,20.168090136585363
2032,20103,Corn,55676654.53817842,5567.665453817842,6.162232243462533,all_cult,Corn,0.09926099891867379,4.75,250,1391916.3634544604,2407.620426025394,992.601970045858,152.24028737972932,280.5544534527374,5,1.2398365448498667,0.003387531543305646,8.641262000245497,20.186815755875408
2032,20103,Developed,66222526.18511143,6622.252618511144,7.329437975150055,developed,NA,NA,NA,NA,NA,NA,NA,NA,NA,NA,1.2398365448498667,0.003387531543305646,8.641262000245497,20.186815755875408
2032,20103,Double Crop,2239300.7972116056,223.93007972116058,0.2478434038440015,all_cult,NA,NA,NA,NA,NA,NA,NA,NA,NA,NA,1.2398365448498667,0.003387531543305646,8.641262000245497,20.186815755875408
2032,20103,Grass/Pasture/Shrubland,361083573.13099504,36108.3573130995,39.96434152498699,grassPastureHay,NA,NA,NA,NA,NA,NA,NA,NA,NA,NA,1.2398365448498667,0.003387531543305646,8.641262000245497,20.186815755875408
2032,20103,Other Crops,54377617.6404599,5437.76176404599,6.018456236750789,all_cult,NA,NA,NA,NA,NA,NA,NA,NA,NA,NA,1.2398365448498667,0.003387531543305646,8.641262000245497,20.186815755875408
2032,20103,Sorghum,567901.3203360821,56.79013203360822,0.06285470735100035,all_cult,Sorghum,NA,NA,112,6360.494787764121,2407.620426025394,992.601970045858,152.24028737972932,280.5544534527374,5,1.2398365448498667,0.003387531543305646,8.641262000245497,20.186815755875408
2032,20103,Soybeans,101039226.18326606,10103.922618326606,11.18291288522158,all_cult,Soybeans,0.11410095968932568,4.571428571428571,56,565819.66662629,2407.620426025394,992.601970045858,152.24028737972932,280.5544534527374,5,1.2398365448498667,0.003387531543305646,8.641262000245497,20.186815755875408
2032,20103,Wheat,4817340.8524583215,481.7340852458321,0.5331781044497215,all_cult,Wheat,NA,NA,89,42874.33358687905,2262.089396972659,566.0038694044837,191.88451535775505,67.91208433897435,5,1.2398365448498667,0.003387531543305646,8.641262000245497,20.186815755875408
2032,20117,Corn,1797933.5665907045,179.79335665907044,8.787790125047634,all_cult,Corn,0.16261062771687598,15.722222222222221,250,44948.33916476761,2298.7841546630893,892.3125308795221,168.13305096439368,256.0460816638546,5,1.1316766223164676,0.0030920126292799657,7.3352630448471885,19.823634330040793
2032,20117,Developed,709093.4285035765,70.90934285035766,3.465847873654197,developed,NA,NA,NA,NA,NA,NA,NA,NA,NA,NA,1.1316766223164676,0.0030920126292799657,7.3352630448471885,19.823634330040793
2032,20117,Double Crop,17005.082052877187,1.700508205287719,0.08311602548433755,all_cult,NA,NA,NA,NA,NA,NA,NA,NA,NA,NA,1.1316766223164676,0.0030920126292799657,7.3352630448471885,19.823634330040793
2032,20117,Grass/Pasture/Shrubland,13608757.209524421,1360.8757209524422,66.51575143947134,grassPastureHay,NA,NA,NA,NA,NA,NA,NA,NA,NA,NA,1.1316766223164676,0.0030920126292799657,7.3352630448471885,19.823634330040793
2032,20117,Other Crops,368569.7378671669,36.856973786716694,1.801464505144208,all_cult,NA,NA,NA,NA,NA,NA,NA,NA,NA,NA,1.1316766223164676,0.0030920126292799657,7.3352630448471885,19.823634330040793
2032,20117,Sorghum,113210.96189225193,11.321096189225193,0.5533431220433721,all_cult,Sorghum,NA,NA,112,1267.9627731932217,2298.7841546630893,892.3125308795221,168.13305096439368,256.0460816638546,5,1.1316766223164676,0.0030920126292799657,7.3352630448471885,19.823634330040793
2032,20117,Soybeans,2250086.8872694396,225.00868872694397,10.99778751332857,all_cult,Soybeans,0.12228514283699721,8.25,56,12600.486568708862,2298.7841546630893,892.3125308795221,168.13305096439368,256.0460816638546,5,1.1316766223164676,0.0030920126292799657,7.3352630448471885,19.823634330040793
2032,20117,Wheat,234744.84118524572,23.474484118524572,1.1473663074132867,all_cult,Wheat,NA,NA,89,2089.229086548687,2156.7196112060574,536.2106827485682,195.6472352955561,93.86419874575007,5,1.1316766223164676,0.0030920126292799657,7.3352630448471885,19.823634330040793
2032,20127,Corn,10941387.892613748,1094.1387892613748,4.064821675495574,all_cult,Corn,NA,NA,250,273534.6973153437,2375.2643103027376,869.2101158580233,180.12625134664492,230.62208200157392,5,1.1132337019113459,0.0030416221363697973,7.9912671865661515,20.471777827361915
2032,20127,Developed,12128694.282144045,1212.8694282144045,4.50591642462472,developed,NA,NA,NA,NA,NA,NA,NA,NA,NA,NA,1.1132337019113459,0.0030416221363697973,7.9912671865661515,20.471777827361915
2032,20127,Double Crop,4499199.088895911,449.9199088895911,1.671491967784096,all_cult,NA,NA,NA,NA,NA,NA,NA,NA,NA,NA,1.1132337019113459,0.0030416221363697973,7.9912671865661515,20.471777827361915
2032,20127,Grass/Pasture/Shrubland,158101691.18434784,15810.169118434784,58.73616652348874,grassPastureHay,NA,NA,NA,NA,NA,NA,NA,NA,NA,NA,1.1132337019113459,0.0030416221363697973,7.9912671865661515,20.471777827361915
2032,20127,Other Crops,10981377.128665583,1098.1377128665583,4.079678027823576,all_cult,NA,NA,NA,NA,NA,NA,NA,NA,NA,NA,1.1132337019113459,0.0030416221363697973,7.9912671865661515,20.471777827361915
2032,20127,Sorghum,7272388.587591114,727.2388587591115,2.701756217181813,all_cult,Sorghum,NA,NA,112,81450.75218102049,2375.2643103027376,869.2101158580233,180.12625134664492,230.62208200157392,5,1.1132337019113459,0.0030416221363697973,7.9912671865661515,20.471777827361915
2032,20127,Soybeans,28686301.015498407,2868.6301015498407,10.657212713965244,all_cult,Soybeans,0.11686486262093489,4,56,160643.2856867911,2375.2643103027376,869.2101158580233,180.12625134664492,230.62208200157392,5,1.1132337019113459,0.0030416221363697973,7.9912671865661515,20.471777827361915
2032,20127,Wheat,20934850.636842933,2093.485063684293,7.777480834890052,all_cult,Wheat,NA,NA,89,186320.17066790207,2226.2416168212917,554.4746376723333,215.44856222711525,93.14616582931666,5,1.1132337019113459,0.0030416221363697973,7.9912671865661515,20.471777827361915
2032,20131,Corn,124792211.963085,12479.2211963085,16.444051346315263,all_cult,Corn,0.12528513936677563,9.454545454545455,250,3119805.299077125,2298.7498822021516,881.9054816225809,159.71464109453254,251.0206665078558,5,1.1258128840922017,0.0030759914865907153,7.344597813340507,19.774986442190723
2032,20131,Developed,34827921.40223819,3482.792140223819,4.589325878711502,developed,NA,NA,NA,NA,NA,NA,NA,NA,NA,NA,1.1258128840922017,0.0030759914865907153,7.344597813340507,19.774986442190723
2032,20131,Double Crop,1288597.7379512293,128.85977379512295,0.1698003988733199,all_cult,NA,NA,NA,NA,NA,NA,NA,NA,NA,NA,1.1258128840922017,0.0030759914865907153,7.344597813340507,19.774986442190723
2032,20131,Grass/Pasture/Shrubland,328086582.4549448,32808.65824549448,43.232446344665604,grassPastureHay,NA,NA,NA,NA,NA,NA,NA,NA,NA,NA,1.1258128840922017,0.0030759914865907153,7.344597813340507,19.774986442190723
2032,20131,Other Crops,27101730.321978156,2710.1730321978157,3.5712344382550913,all_cult,NA,NA,NA,NA,NA,NA,NA,NA,NA,NA,1.1258128840922017,0.0030759914865907153,7.344597813340507,19.774986442190723
2032,20131,Sorghum,2055671.3741418559,205.5671374141856,0.2708788080264065,all_cult,Sorghum,NA,NA,112,23023.519390388785,2298.7498822021516,881.9054816225809,159.71464109453254,251.0206665078558,5,1.1258128840922017,0.0030759914865907153,7.344597813340507,19.774986442190723
2032,20131,Soybeans,136674912.54505298,13667.491254505298,18.00985209164201,all_cult,Soybeans,0.1067341402930363,5.142857142857143,56,765379.5102522967,2298.7498822021516,881.9054816225809,159.71464109453254,251.0206665078558,5,1.1258128840922017,0.0030759914865907153,7.344597813340507,19.774986442190723
2032,20131,Wheat,9588450.555545796,958.8450555545795,1.2634840811511674,all_cult,Wheat,NA,NA,89,85337.20994435757,2152.0340173339873,520.1078519431668,188.7962927177066,87.9935203659486,5,1.1258128840922017,0.0030759914865907153,7.344597813340507,19.774986442190723
2032,20139,Corn,20890964.22588984,2089.096422588984,9.4988079569725965,all_cult,Corn,NA,NA,250,522274.10564724595,2389.7729998779328,952.6807623536124,171.32300509960157,224.6406621511568,5,1.2083291150950217,0.0033014456696585297,8.367881883298136,20.231060674281743
2032,20139,Developed,11858545.489950646,1185.8545489950645,5.391902692479325,developed,NA,NA,NA,NA,NA,NA,NA,NA,NA,NA,1.2083291150950217,0.0033014456696585297,8.367881883298136,20.231060674281743
2032,20139,Double Crop,1849135.1156913848,184.91351156913848,0.8407739901578724,all_cult,NA,NA,NA,NA,NA,NA,NA,NA,NA,NA,1.2083291150950217,0.0033014456696585297,8.367881883298136,20.231060674281743
2032,20139,Grass/Pasture/Shrubland,108139234.26990536,10813.923426990536,49.1692871538651,grassPastureHay,NA,NA,NA,NA,NA,NA,NA,NA,NA,NA,1.2083291150950217,0.0033014456696585297,8.367881883298136,20.231060674281743
2032,20139,Other Crops,6302951.103083336,630.2951103083336,2.86585728849129,all_cult,NA,NA,NA,NA,NA,NA,NA,NA,NA,NA,1.2083291150950217,0.0033014456696585297,8.367881883298136,20.231060674281743
2032,20139,Sorghum,252758.48461129973,25.27584846112997,0.11492549021948671,all_cult,Sorghum,NA,NA,112,2830.8950276465566,2389.7729998779328,952.6807623536124,171.32300509960157,224.6406621511568,5,1.2083291150950217,0.0033014456696585297,8.367881883298136,20.231060674281743
2032,20139,Soybeans,28064514.38751116,2806.4514387511163,12.76051357372463,all_cult,Soybeans,NA,NA,56,157161.28057006252,2389.7729998779328,952.6807623536124,171.32300509960157,224.6406621511568,5,1.2083291150950217,0.0033014456696585297,8.367881883298136,20.231060674281743
2032,20139,Wheat,1738320.944623076,173.8320944623076,0.7903884493801757,all_cult,Wheat,NA,NA,89,15471.056407145375,2249.709943847659,583.2488729973207,209.00439833906904,93.51343160421696,5,1.2083291150950217,0.0033014456696585297,8.367881883298136,20.231060674281743
2032,20149,Corn,136791901.8519852,13679.190185198519,7.982141503627487,all_cult,Corn,0.1326174661314905,62.44444444444444,250,3419797.54629963,2354.8600708007843,921.0085503095904,170.5495343580028,269.63015936637044,5,1.159497003736583,0.0031680246003731776,7.739443444424011,20.270583722891075
2032,20149,Developed,87781477.02653997,8778.147702653996,5.122263537072818,developed,NA,NA,NA,NA,NA,NA,NA,NA,NA,NA,1.159497003736583,0.0031680246003731776,7.739443444424011,20.270583722891075
2032,20149,Double Crop,1803166.4492782145,180.31664492782144,0.1052191654466961,all_cult,NA,NA,NA,NA,NA,NA,NA,NA,NA,NA,1.159497003736583,0.0031680246003731776,7.739443444424011,20.270583722891075
2032,20149,Grass/Pasture/Shrubland,1058221194.9777538,105822.11949777538,61.749790785057485,grassPastureHay,NA,NA,NA,NA,NA,NA,NA,NA,NA,NA,1.159497003736583,0.0031680246003731776,7.739443444424011,20.270583722891075
2032,20149,Other Crops,34485813.7618199,3448.58137618199,2.012331443512244,all_cult,NA,NA,NA,NA,NA,NA,NA,NA,NA,NA,1.159497003736583,0.0031680246003731776,7.739443444424011,20.270583722891075
2032,20149,Sorghum,5647082.09049503,564.708209049503,0.3295210295248753,all_cult,Sorghum,NA,NA,112,63247.319413544334,2354.8600708007843,921.0085503095904,170.5495343580028,269.63015936637044,5,1.159497003736583,0.0031680246003731776,7.739443444424011,20.270583722891075
2032,20149,Soybeans,153915907.33370754,15391.590733370755,8.98136903839706,all_cult,Soybeans,0.11392545848870632,51.611111111111114,56,861929.0810687622,2354.8600708007843,921.0085503095904,170.5495343580028,269.63015936637044,5,1.159497003736583,0.0031680246003731776,7.739443444424011,20.270583722891075
2032,20149,Wheat,13424373.002870617,1342.4373002870618,0.7833449455387832,all_cult,Wheat,NA,NA,89,119476.9197255485,2212.0362628173857,541.5340381257224,200.63359749388823,101.9760310264688,5,1.159497003736583,0.0031680246003731776,7.739443444424011,20.270583722891075
2032,20161,Corn,29887562.457934357,2988.756245793436,3.7374801575206362,all_cult,Corn,0.14127372152863188,12.444444444444445,250,747189.0614483589,2370.933824462894,884.5235657302916,177.3497008676928,253.9239240307035,5,1.1171482617364183,0.0030523176550175364,7.816035186267313,20.4998045207373
2032,20161,Developed,93189704.06140432,9318.970406140432,11.653498685445852,developed,NA,NA,NA,NA,NA,NA,NA,NA,NA,NA,1.1171482617364183,0.0030523176550175364,7.816035186267313,20.4998045207373
2032,20161,Double Crop,2321662.5391971655,232.16625391971652,0.2903270443991936,all_cult,NA,NA,NA,NA,NA,NA,NA,NA,NA,NA,1.1171482617364183,0.0030523176550175364,7.816035186267313,20.4998045207373
2032,20161,Grass/Pasture/Shrubland,421935273.9416269,42193.527394162695,52.76357736882686,grassPastureHay,NA,NA,NA,NA,NA,NA,NA,NA,NA,NA,1.1171482617364183,0.0030523176550175364,7.816035186267313,20.4998045207373
2032,20161,Other Crops,10313350.483787943,1031.3350483787942,1.2896984437913022,all_cult,NA,NA,NA,NA,NA,NA,NA,NA,NA,NA,1.1171482617364183,0.0030523176550175364,7.816035186267313,20.4998045207373
2032,20161,Sorghum,8046145.345421317,804.6145345421318,1.0061813711092988,all_cult,Sorghum,NA,NA,112,90116.82786871876,2370.933824462894,884.5235657302916,177.3497008676928,253.9239240307035,5,1.1171482617364183,0.0030523176550175364,7.816035186267313,20.4998045207373
2032,20161,Soybeans,56043067.26954317,5604.306726954317,7.008261452613234,all_cult,Soybeans,0.12420661341954765,10.38888888888889,56,313841.17670944176,2370.933824462894,884.5235657302916,177.3497008676928,253.9239240307035,5,1.1171482617364183,0.0030523176550175364,7.816035186267313,20.4998045207373
2032,20161,Wheat,14763447.35949416,1476.3447359494162,1.8461890841841313,all_cult,Wheat,NA,NA,89,131394.68149949805,2225.3215124511744,537.4100792295507,207.65542598616975,104.00220540365896,5,1.1171482617364183,0.0030523176550175364,7.816035186267313,20.4998045207373
2032,20177,Corn,132475537.80653152,13247.553780653152,9.091050553311547,all_cult,Corn,0.12030458771317423,83,250,3311888.445163288,2390.473043212894,957.2300837601132,172.10011753830756,247.48125683552533,5,1.2036179374410814,0.0032885735995657962,8.32595003888909,20.247536380955452
2032,20177,Developed,255013934.0237044,25501.393402370442,17.50017100813045,developed,NA,NA,NA,NA,NA,NA,NA,NA,NA,NA,1.2036179374410814,0.0032885735995657962,8.32595003888909,20.247536380955452
2032,20177,Double Crop,2797246.7569815805,279.7246756981581,0.19195930130847558,all_cult,NA,NA,NA,NA,NA,NA,NA,NA,NA,NA,1.2036179374410814,0.0032885735995657962,8.32595003888909,20.247536380955452
2032,20177,Grass/Pasture/Shrubland,626083355.6398722,62608.33556398722,42.96457693964075,grassPastureHay,NA,NA,NA,NA,NA,NA,NA,NA,NA,NA,1.2036179374410814,0.0032885735995657962,8.32595003888909,20.247536380955452
2032,20177,Other Crops,33361526.081880283,3336.1526081880284,2.289413767762353,all_cult,NA,NA,NA,NA,NA,NA,NA,NA,NA,NA,1.2036179374410814,0.0032885735995657962,8.32595003888909,20.247536380955452
2032,20177,Sorghum,2303954.5452317544,230.39545452317543,0.15810743319134585,all_cult,Sorghum,NA,NA,112,25804.29090659565,2390.473043212894,957.2300837601132,172.10011753830756,247.48125683552533,5,1.2036179374410814,0.0032885735995657962,8.32595003888909,20.247536380955452
2032,20177,Soybeans,145627766.023613,14562.7766023613,9.993613951731533,all_cult,Soybeans,0.09768281806034469,42.833333333333336,56,815515.4897322329,2390.473043212894,957.2300837601132,172.10011753830756,247.48125683552533,5,1.2036179374410814,0.0032885735995657962,8.32595003888909,20.247536380955452
2032,20177,Wheat,9565647.685078032,956.5647685078033,0.656436562704971,all_cult,Wheat,NA,NA,89,85134.26439719449,2252.518959350589,560.0198025991805,204.21791194680836,99.24605077594056,5,1.2036179374410814,0.0032885735995657962,8.32595003888909,20.247536380955452
2032,20197,Corn,69733578.79693311,6973.357879693312,4.536852294529976,all_cult,Corn,0.14186117514330646,28.666666666666668,250,1743339.469923328,2373.9747705078157,933.7077724700024,176.87706392300473,276.49119832946457,5,1.1734746449925726,0.0032062148770288868,8.01652029068746,20.32007409601266
2032,20197,Developed,54289406.85937861,5428.940685937861,3.5320576446519008,developed,NA,NA,NA,NA,NA,NA,NA,NA,NA,NA,1.1734746449925726,0.0032062148770288868,8.01652029068746,20.32007409601266
2032,20197,Double Crop,1125869.9276987636,112.58699276987635,0.07324886594013556,all_cult,NA,NA,NA,NA,NA,NA,NA,NA,NA,NA,1.1734746449925726,0.0032062148770288868,8.01652029068746,20.32007409601266
2032,20197,Grass/Pasture/Shrubland,1169502873.1037595,116950.28731037596,76.08761639426346,grassPastureHay,NA,NA,NA,NA,NA,NA,NA,NA,NA,NA,1.1734746449925726,0.0032062148770288868,8.01652029068746,20.32007409601266
2032,20197,Other Crops,29094649.42529061,2909.464942529061,1.8928919077573607,all_cult,NA,NA,NA,NA,NA,NA,NA,NA,NA,NA,1.1734746449925726,0.0032062148770288868,8.01652029068746,20.32007409601266
2032,20197,Sorghum,3287931.385599168,328.7931385599168,0.21391213972326276,all_cult,Sorghum,NA,NA,112,36824.831518710685,2373.9747705078157,933.7077724700024,176.87706392300473,276.49119832946457,5,1.1734746449925726,0.0032062148770288868,8.01652029068746,20.32007409601266
2032,20197,Soybeans,83491332.16381498,8349.133216381497,5.431928899043218,all_cult,Soybeans,0.12942046457519057,22.77777777777778,56,467551.46011736384,2373.9747705078157,933.7077724700024,176.87706392300473,276.49119832946457,5,1.1734746449925726,0.0032062148770288868,8.01652029068746,20.32007409601266
2032,20197,Wheat,7530280.724868099,753.02807248681,0.4899185152185996,all_cult,Wheat,NA,NA,89,67019.49845132609,2231.4272650146513,546.7595427989546,208.33249298230825,99.94737778462157,5,1.1734746449925726,0.0032062148770288868,8.01652029068746,20.32007409601266
2032,20209,Corn,2798441.748604609,279.8441748604609,1.0907251789658858,all_cult,Corn,NA,NA,250,69961.04371511523,2426.4955749511755,1007.0395097907574,149.14244660282282,280.8301385526334,5,1.2587885421936746,0.003439312956813319,8.966148618270813,20.054920267407383
2032,20209,Developed,144515431.86680782,14451.543186680783,56.32656829996687,developed,NA,NA,NA,NA,NA,NA,NA,NA,NA,NA,1.2587885421936746,0.003439312956813319,8.966148618270813,20.054920267407383
2032,20209,Double Crop,152719.71803613545,15.271971803613546,0.05952428413764306,all_cult,NA,NA,NA,NA,NA,NA,NA,NA,NA,NA,1.2587885421936746,0.003439312956813319,8.966148618270813,20.054920267407383
2032,20209,Grass/Pasture/Shrubland,41083799.11850462,4108.379911850462,16.01288794682744,grassPastureHay,NA,NA,NA,NA,NA,NA,NA,NA,NA,NA,1.2587885421936746,0.003439312956813319,8.966148618270813,20.054920267407383
2032,20209,Other Crops,1959154.8527385148,195.91548527385146,0.7636033619211925,all_cult,NA,NA,NA,NA,NA,NA,NA,NA,NA,NA,1.2587885421936746,0.003439312956813319,8.966148618270813,20.054920267407383
2032,20209,Sorghum,54127.80426680527,5.412780426680527,0.02109694047602745,all_cult,Sorghum,NA,NA,112,606.231407788219,2426.4955749511755,1007.0395097907574,149.14244660282282,280.8301385526334,5,1.2587885421936746,0.003439312956813319,8.966148618270813,20.054920267407383
2032,20209,Soybeans,8244134.676247953,824.4134676247953,3.213247256139296,all_cult,Soybeans,0.14562756367793683,4.75,56,46167.15418698854,2426.4955749511755,1007.0395097907574,149.14244660282282,280.8301385526334,5,1.2587885421936746,0.003439312956813319,8.966148618270813,20.054920267407383
2032,20209,Wheat,234900.57353758038,23.49005735375804,0.09155522720411169,all_cult,Wheat,NA,NA,89,2090.6151044844655,2270.170352783206,567.2101504115828,189.68144434677723,53.24009267919955,5,1.2587885421936746,0.003439312956813319,8.966148618270813,20.054920267407383
2033,20005,Corn,172734778.84431297,17273.477884431297,23.078910848652363,all_cult,Corn,0.10724545034749912,6.181818181818182,250,4318369.471107824,2330.3241864013703,697.0974186697342,203.52892986832637,117.97521257634294,5,0.905339745825193,0.0024803828652745015,7.970496675674252,20.56173568934613
2033,20005,Developed,36578638.84791646,3657.863884791646,4.88723319405755,developed,NA,NA,NA,NA,NA,NA,NA,NA,NA,NA,0.905339745825193,0.0024803828652745015,7.970496675674252,20.56173568934613
2033,20005,Double Crop,1451158.554832854,145.11585548328543,0.1938877575107932,all_cult,NA,NA,NA,NA,NA,NA,NA,NA,NA,NA,0.905339745825193,0.0024803828652745015,7.970496675674252,20.56173568934613
2033,20005,Grass/Pasture/Shrubland,215288406.86893737,21528.840686893738,28.764456018176027,grassPastureHay,NA,NA,NA,NA,NA,NA,NA,NA,NA,NA,0.905339745825193,0.0024803828652745015,7.970496675674252,20.56173568934613
2033,20005,Other Crops,29204979.705745928,2920.4979705745927,3.902046405912905,all_cult,NA,NA,NA,NA,NA,NA,NA,NA,NA,NA,0.905339745825193,0.0024803828652745015,7.970496675674252,20.56173568934613
2033,20005,Sorghum,732239.3724075308,73.22393724075309,0.09783372699309156,all_cult,Sorghum,NA,NA,112,8201.080970964345,2330.3241864013703,697.0974186697342,203.52892986832637,117.97521257634294,5,0.905339745825193,0.0024803828652745015,7.970496675674252,20.56173568934613
2033,20005,Soybeans,181600576.65296197,18160.057665296197,24.263460703620524,all_cult,Soybeans,0.07483265359624193,5,56,1016963.2292565871,2330.3241864013703,697.0974186697342,203.52892986832637,117.97521257634294,5,0.905339745825193,0.0024803828652745015,7.970496675674252,20.56173568934613
2033,20005,Wheat,5908069.702597459,590.8069702597459,0.7893709354082403,all_cult,Wheat,NA,NA,89,52581.82035311738,2216.2882763671905,462.638046741166,126.22766220715393,53.35570231710523,5,0.905339745825193,0.0024803828652745015,7.970496675674252,20.56173568934613
2033,20013,Corn,113276297.82191704,11327.629782191703,25.36090350021212,all_cult,Corn,0.12646432205391206,17.5625,250,2831907.445547926,2293.905693359378,692.2058793007641,188.29149564590784,123.49333777768032,5,0.8915390020863453,0.0024425726084557403,7.423777382210533,20.490670834894072
2033,20013,Developed,24170977.38782201,2417.0977387822013,5.411527714315524,developed,NA,NA,NA,NA,NA,NA,NA,NA,NA,NA,0.8915390020863453,0.0024425726084557403,7.423777382210533,20.490670834894072
2033,20013,Double Crop,542048.8992527233,54.20488992527234,0.12135680712267008,all_cult,NA,NA,NA,NA,NA,NA,NA,NA,NA,NA,0.8915390020863453,0.0024425726084557403,7.423777382210533,20.490670834894072
2033,20013,Grass/Pasture/Shrubland,122499833.68113159,12249.983368113159,27.425918047421547,grassPastureHay,NA,NA,NA,NA,NA,NA,NA,NA,NA,NA,0.8915390020863453,0.0024425726084557403,7.423777382210533,20.490670834894072
2033,20013,Other Crops,13090232.71280689,1309.023271280689,2.9307113227404837,all_cult,NA,NA,NA,NA,NA,NA,NA,NA,NA,NA,0.8915390020863453,0.0024425726084557403,7.423777382210533,20.490670834894072
2033,20013,Sorghum,333636.9508835004,33.363695088350035,0.07469642527304013,all_cult,Sorghum,NA,NA,112,3736.733849895204,2293.905693359378,692.2058793007641,188.29149564590784,123.49333777768032,5,0.8915390020863453,0.0024425726084557403,7.423777382210533,20.490670834894072
2033,20013,Soybeans,123405327.24801578,12340.532724801578,27.62864479089188,all_cult,Soybeans,0.10147480973744562,10.461538461538462,56,691069.8325888884,2293.905693359378,692.2058793007641,188.29149564590784,123.49333777768032,5,0.8915390020863453,0.0024425726084557403,7.423777382210533,20.490670834894072
2033,20013,Wheat,3906288.4515680084,390.6288451568008,0.8745607542714157,all_cult,Wheat,NA,NA,89,34765.96721895527,2173.283359375003,448.4072354673619,123.7994404088091,66.12832510404128,5,0.8915390020863453,0.0024425726084557403,7.423777382210533,20.490670834894072
2033,20045,Corn,74392843.99321488,7439.284399321487,7.631923083362056,all_cult,Corn,0.1459526935617447,11,250,1859821.0998303718,2389.275558471683,699.9649806747944,220.59867820291123,85.67380296330589,5,0.9284772814202643,0.0025437733737541488,8.687781857007193,20.91261849181295
2033,20045,Developed,130402436.2681122,13040.24362681122,13.37791795635647,developed,NA,NA,NA,NA,NA,NA,NA,NA,NA,NA,0.9284772814202643,0.0025437733737541488,8.687781857007193,20.91261849181295
2033,20045,Double Crop,4220114.888463862,422.01148884638627,0.4329393864098648,all_cult,NA,NA,NA,NA,NA,NA,NA,NA,NA,NA,0.9284772814202643,0.0025437733737541488,8.687781857007193,20.91261849181295
2033,20045,Grass/Pasture/Shrubland,354830010.0217444,35483.00100217444,36.40182575089523,grassPastureHay,NA,NA,NA,NA,NA,NA,NA,NA,NA,NA,0.9284772814202643,0.0025437733737541488,8.687781857007193,20.91261849181295
2033,20045,Other Crops,37964614.628596716,3796.4614628596714,3.8947700233285687,all_cult,NA,NA,NA,NA,NA,NA,NA,NA,NA,NA,0.9284772814202643,0.0025437733737541488,8.687781857007193,20.91261849181295
2033,20045,Sorghum,671055.755263424,67.1055755263424,0.06884326010288025,all_cult,Sorghum,NA,NA,112,7515.824458950349,2389.275558471683,699.9649806747944,220.59867820291123,85.67380296330589,5,0.9284772814202643,0.0025437733737541488,8.687781857007193,20.91261849181295
2033,20045,Soybeans,100028766.3995359,10002.876639953589,10.261898998705805,all_cult,Soybeans,0.11420951862362651,8.5,56,560161.091837401,2389.275558471683,699.9649806747944,220.59867820291123,85.67380296330589,5,0.9284772814202643,0.0025437733737541488,8.687781857007193,20.91261849181295
2033,20045,Wheat,7085783.937909698,708.5783937909698,0.7269268802840957,all_cult,Wheat,NA,NA,89,63063.477047396314,2286.473316040042,512.1261845514387,130.89098253885763,62.05336121303749,5,0.9284772814202643,0.0025437733737541488,8.687781857007193,20.91261849181295
2033,20061,Corn,31722102.062803604,3172.21020628036,4.044269831598419,all_cult,Corn,0.16936452361704205,12.944444444444445,250,793052.55157009,2338.8971270751986,666.624072204507,191.7644878873739,86.31121455491856,5,0.8531782536362341,0.002337474667496532,7.866421291403597,21.02312026768517
2033,20061,Developed,61171563.9285717,6117.15639285717,7.798799400437711,developed,NA,NA,NA,NA,NA,NA,NA,NA,NA,NA,0.8531782536362341,0.002337474667496532,7.866421291403597,21.02312026768517
2033,20061,Double Crop,5604030.762346523,560.4030762346523,0.7144612454318694,all_cult,NA,NA,NA,NA,NA,NA,NA,NA,NA,NA,0.8531782536362341,0.002337474667496532,7.866421291403597,21.02312026768517
2033,20061,Grass/Pasture/Shrubland,476190220.2809351,47619.02202809351,60.70977699307564,grassPastureHay,NA,NA,NA,NA,NA,NA,NA,NA,NA,NA,0.8531782536362341,0.002337474667496532,7.866421291403597,21.02312026768517
2033,20061,Other Crops,18227803.79878525,1822.7803798785249,2.323873646638379,all_cult,NA,NA,NA,NA,NA,NA,NA,NA,NA,NA,0.8531782536362341,0.002337474667496532,7.866421291403597,21.02312026768517
2033,20061,Sorghum,5491901.736070833,549.1901736070832,0.7001658485721192,all_cult,Sorghum,NA,NA,112,61509.299443993325,2338.8971270751986,666.624072204507,191.7644878873739,86.31121455491856,5,0.8531782536362341,0.002337474667496532,7.866421291403597,21.02312026768517
2033,20061,Soybeans,39491221.54782481,3949.1221547824807,5.03475953777074,all_cult,Soybeans,0.12217913528938978,7.666666666666667,56,221150.8406678189,2338.8971270751986,666.624072204507,191.7644878873739,86.31121455491856,5,0.8531782536362341,0.002337474667496532,7.866421291403597,21.02312026768517
2033,20061,Wheat,15495075.277191846,1549.5075277191845,1.9754764472362665,all_cult,Wheat,NA,NA,89,137906.16996700742,2246.8912432861357,451.2849908265163,113.03205884147856,60.48975824590522,5,0.8531782536362341,0.002337474667496532,7.866421291403597,21.02312026768517
2033,20085,Corn,134933024.35661882,13493.30243566188,7.9306511901880965,all_cult,Corn,NA,NA,250,3373325.60891547,2316.558052368167,684.6822306459393,195.55573284123156,108.5728341251848,5,0.8847128030262813,0.0024238706932226887,7.699436620424895,20.71244000160533
2033,20085,Developed,75618361.35140783,7561.836135140783,4.444448275810096,developed,NA,NA,NA,NA,NA,NA,NA,NA,NA,NA,0.8847128030262813,0.0024238706932226887,7.699436620424895,20.71244000160533
2033,20085,Double Crop,1864792.83802623,186.479283802623,0.10960268333762817,all_cult,NA,NA,NA,NA,NA,NA,NA,NA,NA,NA,0.8847128030262813,0.0024238706932226887,7.699436620424895,20.71244000160533
2033,20085,Grass/Pasture/Shrubland,941187748.5802637,94118.77485802637,55.31804963283908,grassPastureHay,NA,NA,NA,NA,NA,NA,NA,NA,NA,NA,0.8847128030262813,0.0024238706932226887,7.699436620424895,20.71244000160533
2033,20085,Other Crops,98052397.627671,9805.2397627671,5.7630025537076115,all_cult,NA,NA,NA,NA,NA,NA,NA,NA,NA,NA,0.8847128030262813,0.0024238706932226887,7.699436620424895,20.71244000160533
2033,20085,Sorghum,4069081.398774073,406.9081398774073,0.23915913388905596,all_cult,Sorghum,NA,NA,112,45573.71166626961,2316.558052368167,684.6822306459393,195.55573284123156,108.5728341251848,5,0.8847128030262813,0.0024238706932226887,7.699436620424895,20.71244000160533
2033,20085,Soybeans,170772946.2930534,17077.29462930534,10.037132690300496,all_cult,Soybeans,NA,NA,56,956328.499241099,2316.558052368167,684.6822306459393,195.55573284123156,108.5728341251848,5,0.8847128030262813,0.0024238706932226887,7.699436620424895,20.71244000160533
2033,20085,Wheat,13725583.902961861,1372.5583902961862,0.8067173980208171,all_cult,Wheat,NA,NA,89,122157.69673636057,2211.727592163089,458.1094955292263,122.5660547902304,64.3807873706996,5,0.8847128030262813,0.0024238706932226887,7.699436620424895,20.71244000160533
2033,20087,Corn,155094058.297135,15509.4058297135,10.788896738521789,all_cult,Corn,0.13078338055311117,25.77777777777778,250,3877351.457428375,2348.521429443362,700.7264468874104,212.0525041992276,102.98127434461804,5,0.9195361360915535,0.002519277085182339,8.278923707726907,20.674359565630375
2033,20087,Developed,83037617.78054704,8303.761778054704,5.7763933285619125,developed,NA,NA,NA,NA,NA,NA,NA,NA,NA,NA,0.9195361360915535,0.002519277085182339,8.278923707726907,20.674359565630375
2033,20087,Double Crop,3214015.8179615135,321.4015817961514,0.2235784217441099,all_cult,NA,NA,NA,NA,NA,NA,NA,NA,NA,NA,0.9195361360915535,0.002519277085182339,8.278923707726907,20.674359565630375
2033,20087,Grass/Pasture/Shrubland,533878677.1787268,53387.86771787268,37.138507962340775,grassPastureHay,NA,NA,NA,NA,NA,NA,NA,NA,NA,NA,0.9195361360915535,0.002519277085182339,8.278923707726907,20.674359565630375
2033,20087,Other Crops,67978226.39294052,6797.822639294052,4.728808266891807,all_cult,NA,NA,NA,NA,NA,NA,NA,NA,NA,NA,0.9195361360915535,0.002519277085182339,8.278923707726907,20.674359565630375
2033,20087,Sorghum,2078940.1655916602,207.89401655916603,0.1446185045281528,all_cult,Sorghum,NA,NA,112,23284.129854626597,2348.521429443362,700.7264468874104,212.0525041992276,102.98127434461804,5,0.9195361360915535,0.002519277085182339,8.278923707726907,20.674359565630375
2033,20087,Soybeans,173639107.61438552,17363.91076143855,12.078956617613274,all_cult,Soybeans,0.09985991575255485,13.833333333333334,56,972379.0026405589,2348.521429443362,700.7264468874104,212.0525041992276,102.98127434461804,5,0.9195361360915535,0.002519277085182339,8.278923707726907,20.674359565630375
2033,20087,Wheat,7377427.0278590415,737.7427027859042,0.5132001784817648,all_cult,Wheat,NA,NA,89,65659.10054794548,2246.995198364261,484.96027248673937,127.06583665702018,54.345711418428955,5,0.9195361360915535,0.002519277085182339,8.278923707726907,20.674359565630375
2033,20091,Corn,20137063.169311535,2013.7063169311532,3.334881975218613,all_cult,Corn,0.14955141172933145,4,250,503426.5792327883,2397.0895922851596,704.8670166118582,226.75429632484096,109.39717504944402,5,0.9414895759043813,0.002579423495628442,8.904413786587673,20.79645180062074
2033,20091,Developed,271607528.4848879,27160.752848488788,44.98069273866694,developed,NA,NA,NA,NA,NA,NA,NA,NA,NA,NA,0.9414895759043813,0.002579423495628442,8.904413786587673,20.79645180062074
2033,20091,Double Crop,2013905.6882216034,201.39056882216036,0.3335212152324038,all_cult,NA,NA,NA,NA,NA,NA,NA,NA,NA,NA,0.9414895759043813,0.002579423495628442,8.904413786587673,20.79645180062074
2033,20091,Grass/Pasture/Shrubland,139667491.4795437,13966.749147954368,23.130214964462166,grassPastureHay,NA,NA,NA,NA,NA,NA,NA,NA,NA,NA,0.9414895759043813,0.002579423495628442,8.904413786587673,20.79645180062074
2033,20091,Other Crops,14581458.923742233,1458.1458923742232,2.4148230617504245,all_cult,NA,NA,NA,NA,NA,NA,NA,NA,NA,NA,0.9414895759043813,0.002579423495628442,8.904413786587673,20.79645180062074
2033,20091,Sorghum,265245.84730308503,26.524584730308504,0.043927140106542625,all_cult,Sorghum,NA,NA,112,2970.7534897945525,2397.0895922851596,704.8670166118582,226.75429632484096,109.39717504944402,5,0.9414895759043813,0.002579423495628442,8.904413786587673,20.79645180062074
2033,20091,Soybeans,40506888.73460731,4050.688873460731,6.708311533684595,all_cult,Soybeans,NA,NA,56,226838.57691380093,2397.0895922851596,704.8670166118582,226.75429632484096,109.39717504944402,5,0.9414895759043813,0.002579423495628442,8.904413786587673,20.79645180062074
2033,20091,Wheat,3047090.5931461067,304.70905931461067,0.5046260922212007,all_cult,Wheat,NA,NA,89,27119.10627900035,2291.106801757815,524.0907451097734,132.25176520715758,67.82145743036669,5,0.9414895759043813,0.002579423495628442,8.904413786587673,20.79645180062074
2033,20103,Corn,55676654.53817842,5567.665453817842,6.162232243462533,all_cult,Corn,0.09926099891867379,4.75,250,1391916.3634544604,2380.4452227783236,694.7056434501818,221.2043202136431,97.65188010374176,5,0.9229640829491723,0.002528668720408691,8.601839031062736,20.77476773196706
2033,20103,Developed,66222526.18511143,6622.252618511144,7.329437975150055,developed,NA,NA,NA,NA,NA,NA,NA,NA,NA,NA,0.9229640829491723,0.002528668720408691,8.601839031062736,20.77476773196706
2033,20103,Double Crop,2239300.7972116056,223.93007972116058,0.2478434038440015,all_cult,NA,NA,NA,NA,NA,NA,NA,NA,NA,NA,0.9229640829491723,0.002528668720408691,8.601839031062736,20.77476773196706
2033,20103,Grass/Pasture/Shrubland,361083573.13099504,36108.3573130995,39.96434152498699,grassPastureHay,NA,NA,NA,NA,NA,NA,NA,NA,NA,NA,0.9229640829491723,0.002528668720408691,8.601839031062736,20.77476773196706
2033,20103,Other Crops,54377617.6404599,5437.76176404599,6.018456236750789,all_cult,NA,NA,NA,NA,NA,NA,NA,NA,NA,NA,0.9229640829491723,0.002528668720408691,8.601839031062736,20.77476773196706
2033,20103,Sorghum,567901.3203360821,56.79013203360822,0.06285470735100035,all_cult,Sorghum,NA,NA,112,6360.494787764121,2380.4452227783236,694.7056434501818,221.2043202136431,97.65188010374176,5,0.9229640829491723,0.002528668720408691,8.601839031062736,20.77476773196706
2033,20103,Soybeans,101039226.18326606,10103.922618326606,11.18291288522158,all_cult,Soybeans,0.11410095968932568,4.571428571428571,56,565819.66662629,2380.4452227783236,694.7056434501818,221.2043202136431,97.65188010374176,5,0.9229640829491723,0.002528668720408691,8.601839031062736,20.77476773196706
2033,20103,Wheat,4817340.8524583215,481.7340852458321,0.5331781044497215,all_cult,Wheat,NA,NA,89,42874.33358687905,2270.69586975098,491.39457704319534,130.12401467283766,41.95501381589122,5,0.9229640829491723,0.002528668720408691,8.601839031062736,20.77476773196706
2033,20117,Corn,1797933.5665907045,179.79335665907044,8.787790125047634,all_cult,Corn,0.16261062771687598,15.722222222222221,250,44948.33916476761,2265.1267590332063,679.0365551314874,184.4830984546788,94.93302147781068,5,0.8645859405198472,0.002368728604163965,7.192498319442981,20.350675767872456
2033,20117,Developed,709093.4285035765,70.90934285035766,3.465847873654197,developed,NA,NA,NA,NA,NA,NA,NA,NA,NA,NA,0.8645859405198472,0.002368728604163965,7.192498319442981,20.350675767872456
2033,20117,Double Crop,17005.082052877187,1.700508205287719,0.08311602548433755,all_cult,NA,NA,NA,NA,NA,NA,NA,NA,NA,NA,0.8645859405198472,0.002368728604163965,7.192498319442981,20.350675767872456
2033,20117,Grass/Pasture/Shrubland,13608757.209524421,1360.8757209524422,66.51575143947134,grassPastureHay,NA,NA,NA,NA,NA,NA,NA,NA,NA,NA,0.8645859405198472,0.002368728604163965,7.192498319442981,20.350675767872456
2033,20117,Other Crops,368569.7378671669,36.856973786716694,1.801464505144208,all_cult,NA,NA,NA,NA,NA,NA,NA,NA,NA,NA,0.8645859405198472,0.002368728604163965,7.192498319442981,20.350675767872456
2033,20117,Sorghum,113210.96189225193,11.321096189225193,0.5533431220433721,all_cult,Sorghum,NA,NA,112,1267.9627731932217,2265.1267590332063,679.0365551314874,184.4830984546788,94.93302147781068,5,0.8645859405198472,0.002368728604163965,7.192498319442981,20.350675767872456
2033,20117,Soybeans,2250086.8872694396,225.00868872694397,10.99778751332857,all_cult,Soybeans,0.12228514283699721,8.25,56,12600.486568708862,2265.1267590332063,679.0365551314874,184.4830984546788,94.93302147781068,5,0.8645859405198472,0.002368728604163965,7.192498319442981,20.350675767872456
2033,20117,Wheat,234744.84118524572,23.474484118524572,1.1473663074132867,all_cult,Wheat,NA,NA,89,2089.229086548687,2153.2790893554716,429.8427779615872,117.0373605598933,48.950458866929395,5,0.8645859405198472,0.002368728604163965,7.192498319442981,20.350675767872456
2033,20127,Corn,10941387.892613748,1094.1387892613748,4.064821675495574,all_cult,Corn,NA,NA,250,273534.6973153437,2341.9978216552763,675.3010940568681,195.8526334587198,88.81245934196434,5,0.8694117371976998,0.0023819499649252052,7.95089294433596,21.049230739645786
2033,20127,Developed,12128694.282144045,1212.8694282144045,4.50591642462472,developed,NA,NA,NA,NA,NA,NA,NA,NA,NA,NA,0.8694117371976998,0.0023819499649252052,7.95089294433596,21.049230739645786
2033,20127,Double Crop,4499199.088895911,449.9199088895911,1.671491967784096,all_cult,NA,NA,NA,NA,NA,NA,NA,NA,NA,NA,0.8694117371976998,0.0023819499649252052,7.95089294433596,21.049230739645786
2033,20127,Grass/Pasture/Shrubland,158101691.18434784,15810.169118434784,58.73616652348874,grassPastureHay,NA,NA,NA,NA,NA,NA,NA,NA,NA,NA,0.8694117371976998,0.0023819499649252052,7.95089294433596,21.049230739645786
2033,20127,Other Crops,10981377.128665583,1098.1377128665583,4.079678027823576,all_cult,NA,NA,NA,NA,NA,NA,NA,NA,NA,NA,0.8694117371976998,0.0023819499649252052,7.95089294433596,21.049230739645786
2033,20127,Sorghum,7272388.587591114,727.2388587591115,2.701756217181813,all_cult,Sorghum,NA,NA,112,81450.75218102049,2341.9978216552763,675.3010940568681,195.8526334587198,88.81245934196434,5,0.8694117371976998,0.0023819499649252052,7.95089294433596,21.049230739645786
2033,20127,Soybeans,28686301.015498407,2868.6301015498407,10.657212713965244,all_cult,Soybeans,0.11686486262093489,4,56,160643.2856867911,2341.9978216552763,675.3010940568681,195.8526334587198,88.81245934196434,5,0.8694117371976998,0.0023819499649252052,7.95089294433596,21.049230739645786
2033,20127,Wheat,20934850.636842933,2093.485063684293,7.777480834890052,all_cult,Wheat,NA,NA,89,186320.17066790207,2254.8089636230497,467.47868085761166,111.73831551832114,88.05238077434127,5,0.8694117371976998,0.0023819499649252052,7.95089294433596,21.049230739645786
2033,20131,Corn,124792211.963085,12479.2211963085,16.444051346315263,all_cult,Corn,0.12528513936677563,9.454545454545455,250,3119805.299077125,2264.129704589847,674.8607062554273,183.57754212757828,114.23670245922096,5,0.8649439111497506,0.002369709345615755,7.190945417848375,20.286678082191806
2033,20131,Developed,34827921.40223819,3482.792140223819,4.589325878711502,developed,NA,NA,NA,NA,NA,NA,NA,NA,NA,NA,0.8649439111497506,0.002369709345615755,7.190945417848375,20.286678082191806
2033,20131,Double Crop,1288597.7379512293,128.85977379512295,0.1698003988733199,all_cult,NA,NA,NA,NA,NA,NA,NA,NA,NA,NA,0.8649439111497506,0.002369709345615755,7.190945417848375,20.286678082191806
2033,20131,Grass/Pasture/Shrubland,328086582.4549448,32808.65824549448,43.232446344665604,grassPastureHay,NA,NA,NA,NA,NA,NA,NA,NA,NA,NA,0.8649439111497506,0.002369709345615755,7.190945417848375,20.286678082191806
2033,20131,Other Crops,27101730.321978156,2710.1730321978157,3.5712344382550913,all_cult,NA,NA,NA,NA,NA,NA,NA,NA,NA,NA,0.8649439111497506,0.002369709345615755,7.190945417848375,20.286678082191806
2033,20131,Sorghum,2055671.3741418559,205.5671374141856,0.2708788080264065,all_cult,Sorghum,NA,NA,112,23023.519390388785,2264.129704589847,674.8607062554273,183.57754212757828,114.23670245922096,5,0.8649439111497506,0.002369709345615755,7.190945417848375,20.286678082191806
2033,20131,Soybeans,136674912.54505298,13667.491254505298,18.00985209164201,all_cult,Soybeans,0.1067341402930363,5.142857142857143,56,765379.5102522967,2264.129704589847,674.8607062554273,183.57754212757828,114.23670245922096,5,0.8649439111497506,0.002369709345615755,7.190945417848375,20.286678082191806
2033,20131,Wheat,9588450.555545796,958.8450555545795,1.2634840811511674,all_cult,Wheat,NA,NA,89,85337.20994435757,2142.370411376956,434.31784818021686,120.93051217539424,63.93235580460384,5,0.8649439111497506,0.002369709345615755,7.190945417848375,20.286678082191806
2033,20139,Corn,20890964.22588984,2089.096422588984,9.4988079569725965,all_cult,Corn,NA,NA,250,522274.10564724595,2359.977103881839,687.0048470778684,213.9379796992043,98.40930381734658,5,0.9128818512611278,0.0025010461678387063,8.325366227659483,20.864436436483327
2033,20139,Developed,11858545.489950646,1185.8545489950645,5.391902692479325,developed,NA,NA,NA,NA,NA,NA,NA,NA,NA,NA,0.9128818512611278,0.0025010461678387063,8.325366227659483,20.864436436483327
2033,20139,Double Crop,1849135.1156913848,184.91351156913848,0.8407739901578724,all_cult,NA,NA,NA,NA,NA,NA,NA,NA,NA,NA,0.9128818512611278,0.0025010461678387063,8.325366227659483,20.864436436483327
2033,20139,Grass/Pasture/Shrubland,108139234.26990536,10813.923426990536,49.1692871538651,grassPastureHay,NA,NA,NA,NA,NA,NA,NA,NA,NA,NA,0.9128818512611278,0.0025010461678387063,8.325366227659483,20.864436436483327
2033,20139,Other Crops,6302951.103083336,630.2951103083336,2.86585728849129,all_cult,NA,NA,NA,NA,NA,NA,NA,NA,NA,NA,0.9128818512611278,0.0025010461678387063,8.325366227659483,20.864436436483327
2033,20139,Sorghum,252758.48461129973,25.27584846112997,0.11492549021948671,all_cult,Sorghum,NA,NA,112,2830.8950276465566,2359.977103881839,687.0048470778684,213.9379796992043,98.40930381734658,5,0.9128818512611278,0.0025010461678387063,8.325366227659483,20.864436436483327
2033,20139,Soybeans,28064514.38751116,2806.4514387511163,12.76051357372463,all_cult,Soybeans,NA,NA,56,157161.28057006252,2359.977103881839,687.0048470778684,213.9379796992043,98.40930381734658,5,0.9128818512611278,0.0025010461678387063,8.325366227659483,20.864436436483327
2033,20139,Wheat,1738320.944623076,173.8320944623076,0.7903884493801757,all_cult,Wheat,NA,NA,89,15471.056407145375,2265.894942626956,506.3038015633087,124.7129233740024,74.71580487451453,5,0.9128818512611278,0.0025010461678387063,8.325366227659483,20.864436436483327
2033,20149,Corn,136791901.8519852,13679.190185198519,7.982141503627487,all_cult,Corn,0.1326174661314905,62.44444444444444,250,3419797.54629963,2318.207354736331,665.7949639464068,189.3892478993817,91.47718178066602,5,0.8506337545205728,0.0023305034370426653,7.610848279979154,20.822159791711282
2033,20149,Developed,87781477.02653997,8778.147702653996,5.122263537072818,developed,NA,NA,NA,NA,NA,NA,NA,NA,NA,NA,0.8506337545205728,0.0023305034370426653,7.610848279979154,20.822159791711282
2033,20149,Double Crop,1803166.4492782145,180.31664492782144,0.1052191654466961,all_cult,NA,NA,NA,NA,NA,NA,NA,NA,NA,NA,0.8506337545205728,0.0023305034370426653,7.610848279979154,20.822159791711282
2033,20149,Grass/Pasture/Shrubland,1058221194.9777538,105822.11949777538,61.749790785057485,grassPastureHay,NA,NA,NA,NA,NA,NA,NA,NA,NA,NA,0.8506337545205728,0.0023305034370426653,7.610848279979154,20.822159791711282
2033,20149,Other Crops,34485813.7618199,3448.58137618199,2.012331443512244,all_cult,NA,NA,NA,NA,NA,NA,NA,NA,NA,NA,0.8506337545205728,0.0023305034370426653,7.610848279979154,20.822159791711282
2033,20149,Sorghum,5647082.09049503,564.708209049503,0.3295210295248753,all_cult,Sorghum,NA,NA,112,63247.319413544334,2318.207354736331,665.7949639464068,189.3892478993817,91.47718178066602,5,0.8506337545205728,0.0023305034370426653,7.610848279979154,20.822159791711282
2033,20149,Soybeans,153915907.33370754,15391.590733370755,8.98136903839706,all_cult,Soybeans,0.11392545848870632,51.611111111111114,56,861929.0810687622,2318.207354736331,665.7949639464068,189.3892478993817,91.47718178066602,5,0.8506337545205728,0.0023305034370426653,7.610848279979154,20.822159791711282
2033,20149,Wheat,13424373.002870617,1342.4373002870618,0.7833449455387832,all_cult,Wheat,NA,NA,89,119476.9197255485,2215.998342285159,433.2328370229125,117.28197196923446,51.23098876470869,5,0.8506337545205728,0.0023305034370426653,7.610848279979154,20.822159791711282
2033,20161,Corn,29887562.457934357,2988.756245793436,3.7374801575206362,all_cult,Corn,0.14127372152863188,12.444444444444445,250,747189.0614483589,2334.134241943362,653.8781845431139,188.61869517187225,92.02682255711674,5,0.8346868392763892,0.002286813258291477,7.7146467820259215,21.046472569295826
2033,20161,Developed,93189704.06140432,9318.970406140432,11.653498685445852,developed,NA,NA,NA,NA,NA,NA,NA,NA,NA,NA,0.8346868392763892,0.002286813258291477,7.7146467820259215,21.046472569295826
2033,20161,Double Crop,2321662.5391971655,232.16625391971652,0.2903270443991936,all_cult,NA,NA,NA,NA,NA,NA,NA,NA,NA,NA,0.8346868392763892,0.002286813258291477,7.7146467820259215,21.046472569295826
2033,20161,Grass/Pasture/Shrubland,421935273.9416269,42193.527394162695,52.76357736882686,grassPastureHay,NA,NA,NA,NA,NA,NA,NA,NA,NA,NA,0.8346868392763892,0.002286813258291477,7.7146467820259215,21.046472569295826
2033,20161,Other Crops,10313350.483787943,1031.3350483787942,1.2896984437913022,all_cult,NA,NA,NA,NA,NA,NA,NA,NA,NA,NA,0.8346868392763892,0.002286813258291477,7.7146467820259215,21.046472569295826
2033,20161,Sorghum,8046145.345421317,804.6145345421318,1.0061813711092988,all_cult,Sorghum,NA,NA,112,90116.82786871876,2334.134241943362,653.8781845431139,188.61869517187225,92.02682255711674,5,0.8346868392763892,0.002286813258291477,7.7146467820259215,21.046472569295826
2033,20161,Soybeans,56043067.26954317,5604.306726954317,7.008261452613234,all_cult,Soybeans,0.12420661341954765,10.38888888888889,56,313841.17670944176,2334.134241943362,653.8781845431139,188.61869517187225,92.02682255711674,5,0.8346868392763892,0.002286813258291477,7.7146467820259215,21.046472569295826
2033,20161,Wheat,14763447.35949416,1476.3447359494162,1.8461890841841313,all_cult,Wheat,NA,NA,89,131394.68149949805,2240.0225408935576,429.2959294309195,114.18798555681944,51.428312786654736,5,0.8346868392763892,0.002286813258291477,7.7146467820259215,21.046472569295826
2033,20177,Corn,132475537.80653152,13247.553780653152,9.091050553311547,all_cult,Corn,0.12030458771317423,83,250,3311888.445163288,2357.830054321292,677.6270756802003,208.61882317349148,96.31764218121822,5,0.8908189489568328,0.002440599860155706,8.24978942034998,20.839853599234825
2033,20177,Developed,255013934.0237044,25501.393402370442,17.50017100813045,developed,NA,NA,NA,NA,NA,NA,NA,NA,NA,NA,0.8908189489568328,0.002440599860155706,8.24978942034998,20.839853599234825
2033,20177,Double Crop,2797246.7569815805,279.7246756981581,0.19195930130847558,all_cult,NA,NA,NA,NA,NA,NA,NA,NA,NA,NA,0.8908189489568328,0.002440599860155706,8.24978942034998,20.839853599234825
2033,20177,Grass/Pasture/Shrubland,626083355.6398722,62608.33556398722,42.96457693964075,grassPastureHay,NA,NA,NA,NA,NA,NA,NA,NA,NA,NA,0.8908189489568328,0.002440599860155706,8.24978942034998,20.839853599234825
2033,20177,Other Crops,33361526.081880283,3336.1526081880284,2.289413767762353,all_cult,NA,NA,NA,NA,NA,NA,NA,NA,NA,NA,0.8908189489568328,0.002440599860155706,8.24978942034998,20.839853599234825
2033,20177,Sorghum,2303954.5452317544,230.39545452317543,0.15810743319134585,all_cult,Sorghum,NA,NA,112,25804.29090659565,2357.830054321292,677.6270756802003,208.61882317349148,96.31764218121822,5,0.8908189489568328,0.002440599860155706,8.24978942034998,20.839853599234825
2033,20177,Soybeans,145627766.023613,14562.7766023613,9.993613951731533,all_cult,Soybeans,0.09768281806034469,42.833333333333336,56,815515.4897322329,2357.830054321292,677.6270756802003,208.61882317349148,96.31764218121822,5,0.8908189489568328,0.002440599860155706,8.24978942034998,20.839853599234825
2033,20177,Wheat,9565647.685078032,956.5647685078033,0.656436562704971,all_cult,Wheat,NA,NA,89,85134.26439719449,2261.2935913085967,478.8941777099259,124.49660390559109,66.46808117644845,5,0.8908189489568328,0.002440599860155706,8.24978942034998,20.839853599234825
2033,20197,Corn,69733578.79693311,6973.357879693312,4.536852294529976,all_cult,Corn,0.14186117514330646,28.666666666666668,250,1743339.469923328,2338.5740618896516,670.9466045151858,199.93361894623223,85.21953330523748,5,0.863187196387282,0.002364896428458307,7.9237776999277845,20.904588204997882
2033,20197,Developed,54289406.85937861,5428.940685937861,3.5320576446519008,developed,NA,NA,NA,NA,NA,NA,NA,NA,NA,NA,0.863187196387282,0.002364896428458307,7.9237776999277845,20.904588204997882
2033,20197,Double Crop,1125869.9276987636,112.58699276987635,0.07324886594013556,all_cult,NA,NA,NA,NA,NA,NA,NA,NA,NA,NA,0.863187196387282,0.002364896428458307,7.9237776999277845,20.904588204997882
2033,20197,Grass/Pasture/Shrubland,1169502873.1037595,116950.28731037596,76.08761639426346,grassPastureHay,NA,NA,NA,NA,NA,NA,NA,NA,NA,NA,0.863187196387282,0.002364896428458307,7.9237776999277845,20.904588204997882
2033,20197,Other Crops,29094649.42529061,2909.464942529061,1.8928919077573607,all_cult,NA,NA,NA,NA,NA,NA,NA,NA,NA,NA,0.863187196387282,0.002364896428458307,7.9237776999277845,20.904588204997882
2033,20197,Sorghum,3287931.385599168,328.7931385599168,0.21391213972326276,all_cult,Sorghum,NA,NA,112,36824.831518710685,2338.5740618896516,670.9466045151858,199.93361894623223,85.21953330523748,5,0.863187196387282,0.002364896428458307,7.9237776999277845,20.904588204997882
2033,20197,Soybeans,83491332.16381498,8349.133216381497,5.431928899043218,all_cult,Soybeans,0.12942046457519057,22.77777777777778,56,467551.46011736384,2338.5740618896516,670.9466045151858,199.93361894623223,85.21953330523748,5,0.863187196387282,0.002364896428458307,7.9237776999277845,20.904588204997882
2033,20197,Wheat,7530280.724868099,753.02807248681,0.4899185152185996,all_cult,Wheat,NA,NA,89,67019.49845132609,2241.372784423831,461.5326151132237,118.9993524973382,55.986748230458886,5,0.863187196387282,0.002364896428458307,7.9237776999277845,20.904588204997882
2033,20209,Corn,2798441.748604609,279.8441748604609,1.0907251789658858,all_cult,Corn,NA,NA,250,69961.04371511523,2404.361433715824,693.1970313009776,226.3439589824312,106.7012028654032,5,0.922411948112347,0.002527156022225608,8.960829551383263,20.65534385367618
2033,20209,Developed,144515431.86680782,14451.543186680783,56.32656829996687,developed,NA,NA,NA,NA,NA,NA,NA,NA,NA,NA,0.922411948112347,0.002527156022225608,8.960829551383263,20.65534385367618
2033,20209,Double Crop,152719.71803613545,15.271971803613546,0.05952428413764306,all_cult,NA,NA,NA,NA,NA,NA,NA,NA,NA,NA,0.922411948112347,0.002527156022225608,8.960829551383263,20.65534385367618
2033,20209,Grass/Pasture/Shrubland,41083799.11850462,4108.379911850462,16.01288794682744,grassPastureHay,NA,NA,NA,NA,NA,NA,NA,NA,NA,NA,0.922411948112347,0.002527156022225608,8.960829551383263,20.65534385367618
2033,20209,Other Crops,1959154.8527385148,195.91548527385146,0.7636033619211925,all_cult,NA,NA,NA,NA,NA,NA,NA,NA,NA,NA,0.922411948112347,0.002527156022225608,8.960829551383263,20.65534385367618
2033,20209,Sorghum,54127.80426680527,5.412780426680527,0.02109694047602745,all_cult,Sorghum,NA,NA,112,606.231407788219,2404.361433715824,693.1970313009776,226.3439589824312,106.7012028654032,5,0.922411948112347,0.002527156022225608,8.960829551383263,20.65534385367618
2033,20209,Soybeans,8244134.676247953,824.4134676247953,3.213247256139296,all_cult,Soybeans,0.14562756367793683,4.75,56,46167.15418698854,2404.361433715824,693.1970313009776,226.3439589824312,106.7012028654032,5,0.922411948112347,0.002527156022225608,8.960829551383263,20.65534385367618
2033,20209,Wheat,234900.57353758038,23.49005735375804,0.09155522720411169,all_cult,Wheat,NA,NA,89,2090.6151044844655,2280.2901684570343,499.430530122213,133.95801981479437,56.187143282257104,5,0.922411948112347,0.002527156022225608,8.960829551383263,20.65534385367618
2034,20005,Corn,172734778.84431297,17273.477884431297,23.078910848652363,all_cult,Corn,0.10724545034749912,6.181818181818182,250,4318369.471107824,2375.2992645263703,787.4688106593883,131.54948100121476,157.36263230149137,5,1.0573863254937876,0.002896948836969281,7.977311518420935,20.086500444804177
2034,20005,Developed,36578638.84791646,3657.863884791646,4.88723319405755,developed,NA,NA,NA,NA,NA,NA,NA,NA,NA,NA,1.0573863254937876,0.002896948836969281,7.977311518420935,20.086500444804177
2034,20005,Double Crop,1451158.554832854,145.11585548328543,0.1938877575107932,all_cult,NA,NA,NA,NA,NA,NA,NA,NA,NA,NA,1.0573863254937876,0.002896948836969281,7.977311518420935,20.086500444804177
2034,20005,Grass/Pasture/Shrubland,215288406.86893737,21528.840686893738,28.764456018176027,grassPastureHay,NA,NA,NA,NA,NA,NA,NA,NA,NA,NA,1.0573863254937876,0.002896948836969281,7.977311518420935,20.086500444804177
2034,20005,Other Crops,29204979.705745928,2920.4979705745927,3.902046405912905,all_cult,NA,NA,NA,NA,NA,NA,NA,NA,NA,NA,1.0573863254937876,0.002896948836969281,7.977311518420935,20.086500444804177
2034,20005,Sorghum,732239.3724075308,73.22393724075309,0.09783372699309156,all_cult,Sorghum,NA,NA,112,8201.080970964345,2375.2992645263703,787.4688106593883,131.54948100121476,157.36263230149137,5,1.0573863254937876,0.002896948836969281,7.977311518420935,20.086500444804177
2034,20005,Soybeans,181600576.65296197,18160.057665296197,24.263460703620524,all_cult,Soybeans,0.07483265359624193,5,56,1016963.2292565871,2375.2992645263703,787.4688106593883,131.54948100121476,157.36263230149137,5,1.0573863254937876,0.002896948836969281,7.977311518420935,20.086500444804177
2034,20005,Wheat,5908069.702597459,590.8069702597459,0.7893709354082403,all_cult,Wheat,NA,NA,89,52581.82035311738,2210.981049194339,545.3368050505688,153.3078848001293,105.78306292010336,5,1.0573863254937876,0.002896948836969281,7.977311518420935,20.086500444804177
2034,20013,Corn,113276297.82191704,11327.629782191703,25.36090350021212,all_cult,Corn,0.12646432205391206,17.5625,250,2831907.445547926,2337.2654187011753,766.8977959947817,131.77506965857788,161.56631185071535,5,1.0219663878505016,0.0027999079119191824,7.460298537162909,20.014256290801608
2034,20013,Developed,24170977.38782201,2417.0977387822013,5.411527714315524,developed,NA,NA,NA,NA,NA,NA,NA,NA,NA,NA,1.0219663878505016,0.0027999079119191824,7.460298537162909,20.014256290801608
2034,20013,Double Crop,542048.8992527233,54.20488992527234,0.12135680712267008,all_cult,NA,NA,NA,NA,NA,NA,NA,NA,NA,NA,1.0219663878505016,0.0027999079119191824,7.460298537162909,20.014256290801608
2034,20013,Grass/Pasture/Shrubland,122499833.68113159,12249.983368113159,27.425918047421547,grassPastureHay,NA,NA,NA,NA,NA,NA,NA,NA,NA,NA,1.0219663878505016,0.0027999079119191824,7.460298537162909,20.014256290801608
2034,20013,Other Crops,13090232.71280689,1309.023271280689,2.9307113227404837,all_cult,NA,NA,NA,NA,NA,NA,NA,NA,NA,NA,1.0219663878505016,0.0027999079119191824,7.460298537162909,20.014256290801608
2034,20013,Sorghum,333636.9508835004,33.363695088350035,0.07469642527304013,all_cult,Sorghum,NA,NA,112,3736.733849895204,2337.2654187011753,766.8977959947817,131.77506965857788,161.56631185071535,5,1.0219663878505016,0.0027999079119191824,7.460298537162909,20.014256290801608
2034,20013,Soybeans,123405327.24801578,12340.532724801578,27.62864479089188,all_cult,Soybeans,0.10147480973744562,10.461538461538462,56,691069.8325888884,2337.2654187011753,766.8977959947817,131.77506965857788,161.56631185071535,5,1.0219663878505016,0.0027999079119191824,7.460298537162909,20.014256290801608
2034,20013,Wheat,3906288.4515680084,390.6288451568008,0.8745607542714157,all_cult,Wheat,NA,NA,89,34765.96721895527,2165.1393603515653,529.8884659512937,152.72264481908013,109.85373422088166,5,1.0219663878505016,0.0027999079119191824,7.460298537162909,20.014256290801608
2034,20045,Corn,74392843.99321488,7439.284399321487,7.631923083362056,all_cult,Corn,0.1459526935617447,11,250,1859821.0998303718,2432.382579956058,763.5591110904076,127.98517684462206,195.4619166087999,5,1.0675713341925546,0.0029248529703905604,8.712344443961388,20.437571670323226
2034,20045,Developed,130402436.2681122,13040.24362681122,13.37791795635647,developed,NA,NA,NA,NA,NA,NA,NA,NA,NA,NA,1.0675713341925546,0.0029248529703905604,8.712344443961388,20.437571670323226
2034,20045,Double Crop,4220114.888463862,422.01148884638627,0.4329393864098648,all_cult,NA,NA,NA,NA,NA,NA,NA,NA,NA,NA,1.0675713341925546,0.0029248529703905604,8.712344443961388,20.437571670323226
2034,20045,Grass/Pasture/Shrubland,354830010.0217444,35483.00100217444,36.40182575089523,grassPastureHay,NA,NA,NA,NA,NA,NA,NA,NA,NA,NA,1.0675713341925546,0.0029248529703905604,8.712344443961388,20.437571670323226
2034,20045,Other Crops,37964614.628596716,3796.4614628596714,3.8947700233285687,all_cult,NA,NA,NA,NA,NA,NA,NA,NA,NA,NA,1.0675713341925546,0.0029248529703905604,8.712344443961388,20.437571670323226
2034,20045,Sorghum,671055.755263424,67.1055755263424,0.06884326010288025,all_cult,Sorghum,NA,NA,112,7515.824458950349,2432.382579956058,763.5591110904076,127.98517684462206,195.4619166087999,5,1.0675713341925546,0.0029248529703905604,8.712344443961388,20.437571670323226
2034,20045,Soybeans,100028766.3995359,10002.876639953589,10.261898998705805,all_cult,Soybeans,0.11420951862362651,8.5,56,560161.091837401,2432.382579956058,763.5591110904076,127.98517684462206,195.4619166087999,5,1.0675713341925546,0.0029248529703905604,8.712344443961388,20.437571670323226
2034,20045,Wheat,7085783.937909698,708.5783937909698,0.7269268802840957,all_cult,Wheat,NA,NA,89,63063.477047396314,2288.864701538089,562.0636367993707,148.3551335607478,162.3720928033635,5,1.0675713341925546,0.0029248529703905604,8.712344443961388,20.437571670323226
2034,20061,Corn,31722102.062803604,3172.21020628036,4.044269831598419,all_cult,Corn,0.16936452361704205,12.944444444444445,250,793052.55157009,2379.2981933593783,695.765674446754,120.61285870729736,161.20728302864464,5,0.9662199876809703,0.0026471780484410143,7.885009548239535,20.56904723284998
2034,20061,Developed,61171563.9285717,6117.15639285717,7.798799400437711,developed,NA,NA,NA,NA,NA,NA,NA,NA,NA,NA,0.9662199876809703,0.0026471780484410143,7.885009548239535,20.56904723284998
2034,20061,Double Crop,5604030.762346523,560.4030762346523,0.7144612454318694,all_cult,NA,NA,NA,NA,NA,NA,NA,NA,NA,NA,0.9662199876809703,0.0026471780484410143,7.885009548239535,20.56904723284998
2034,20061,Grass/Pasture/Shrubland,476190220.2809351,47619.02202809351,60.70977699307564,grassPastureHay,NA,NA,NA,NA,NA,NA,NA,NA,NA,NA,0.9662199876809703,0.0026471780484410143,7.885009548239535,20.56904723284998
2034,20061,Other Crops,18227803.79878525,1822.7803798785249,2.323873646638379,all_cult,NA,NA,NA,NA,NA,NA,NA,NA,NA,NA,0.9662199876809703,0.0026471780484410143,7.885009548239535,20.56904723284998
2034,20061,Sorghum,5491901.736070833,549.1901736070832,0.7001658485721192,all_cult,Sorghum,NA,NA,112,61509.299443993325,2379.2981933593783,695.765674446754,120.61285870729736,161.20728302864464,5,0.9662199876809703,0.0026471780484410143,7.885009548239535,20.56904723284998
2034,20061,Soybeans,39491221.54782481,3949.1221547824807,5.03475953777074,all_cult,Soybeans,0.12217913528938978,7.666666666666667,56,221150.8406678189,2379.2981933593783,695.765674446754,120.61285870729736,161.20728302864464,5,0.9662199876809703,0.0026471780484410143,7.885009548239535,20.56904723284998
2034,20061,Wheat,15495075.277191846,1549.5075277191845,1.9754764472362665,all_cult,Wheat,NA,NA,89,137906.16996700742,2221.5494085693385,504.39626239712527,145.1822162524273,120.44970152889871,5,0.9662199876809703,0.0026471780484410143,7.885009548239535,20.56904723284998
2034,20085,Corn,134933024.35661882,13493.30243566188,7.9306511901880965,all_cult,Corn,NA,NA,250,3373325.60891547,2359.751204223636,770.5699724478832,126.76633732405205,166.74225669434392,5,1.039648265013224,0.0028483514109951336,7.727667972094415,20.23796696075024
2034,20085,Developed,75618361.35140783,7561.836135140783,4.444448275810096,developed,NA,NA,NA,NA,NA,NA,NA,NA,NA,NA,1.039648265013224,0.0028483514109951336,7.727667972094415,20.23796696075024
2034,20085,Double Crop,1864792.83802623,186.479283802623,0.10960268333762817,all_cult,NA,NA,NA,NA,NA,NA,NA,NA,NA,NA,1.039648265013224,0.0028483514109951336,7.727667972094415,20.23796696075024
2034,20085,Grass/Pasture/Shrubland,941187748.5802637,94118.77485802637,55.31804963283908,grassPastureHay,NA,NA,NA,NA,NA,NA,NA,NA,NA,NA,1.039648265013224,0.0028483514109951336,7.727667972094415,20.23796696075024
2034,20085,Other Crops,98052397.627671,9805.2397627671,5.7630025537076115,all_cult,NA,NA,NA,NA,NA,NA,NA,NA,NA,NA,1.039648265013224,0.0028483514109951336,7.727667972094415,20.23796696075024
2034,20085,Sorghum,4069081.398774073,406.9081398774073,0.23915913388905596,all_cult,Sorghum,NA,NA,112,45573.71166626961,2359.751204223636,770.5699724478832,126.76633732405205,166.74225669434392,5,1.039648265013224,0.0028483514109951336,7.727667972094415,20.23796696075024
2034,20085,Soybeans,170772946.2930534,17077.29462930534,10.037132690300496,all_cult,Soybeans,NA,NA,56,956328.499241099,2359.751204223636,770.5699724478832,126.76633732405205,166.74225669434392,5,1.039648265013224,0.0028483514109951336,7.727667972094415,20.23796696075024
2034,20085,Wheat,13725583.902961861,1372.5583902961862,0.8067173980208171,all_cult,Wheat,NA,NA,89,122157.69673636057,2202.273839111331,541.7834695101769,152.5745927991991,116.42720261721114,5,1.039648265013224,0.0028483514109951336,7.727667972094415,20.23796696075024
2034,20087,Corn,155094058.297135,15509.4058297135,10.788896738521789,all_cult,Corn,0.13078338055311117,25.77777777777778,250,3877351.457428375,2391.613250732425,785.9523216787164,129.04558780201643,171.64828156508773,5,1.075748289890983,0.002947255588742419,8.287219622886367,20.202707853970484
2034,20087,Developed,83037617.78054704,8303.761778054704,5.7763933285619125,developed,NA,NA,NA,NA,NA,NA,NA,NA,NA,NA,1.075748289890983,0.002947255588742419,8.287219622886367,20.202707853970484
2034,20087,Double Crop,3214015.8179615135,321.4015817961514,0.2235784217441099,all_cult,NA,NA,NA,NA,NA,NA,NA,NA,NA,NA,1.075748289890983,0.002947255588742419,8.287219622886367,20.202707853970484
2034,20087,Grass/Pasture/Shrubland,533878677.1787268,53387.86771787268,37.138507962340775,grassPastureHay,NA,NA,NA,NA,NA,NA,NA,NA,NA,NA,1.075748289890983,0.002947255588742419,8.287219622886367,20.202707853970484
2034,20087,Other Crops,67978226.39294052,6797.822639294052,4.728808266891807,all_cult,NA,NA,NA,NA,NA,NA,NA,NA,NA,NA,1.075748289890983,0.002947255588742419,8.287219622886367,20.202707853970484
2034,20087,Sorghum,2078940.1655916602,207.89401655916603,0.1446185045281528,all_cult,Sorghum,NA,NA,112,23284.129854626597,2391.613250732425,785.9523216787164,129.04558780201643,171.64828156508773,5,1.075748289890983,0.002947255588742419,8.287219622886367,20.202707853970484
2034,20087,Soybeans,173639107.61438552,17363.91076143855,12.078956617613274,all_cult,Soybeans,0.09985991575255485,13.833333333333334,56,972379.0026405589,2391.613250732425,785.9523216787164,129.04558780201643,171.64828156508773,5,1.075748289890983,0.002947255588742419,8.287219622886367,20.202707853970484
2034,20087,Wheat,7377427.0278590415,737.7427027859042,0.5132001784817648,all_cult,Wheat,NA,NA,89,65659.10054794548,2244.208451538089,564.4292818683884,152.20141789891792,125.71097221742708,5,1.075748289890983,0.002947255588742419,8.287219622886367,20.202707853970484
2034,20091,Corn,20137063.169311535,2013.7063169311532,3.334881975218613,all_cult,Corn,0.14955141172933145,4,250,503426.5792327883,2439.4522460937533,778.9054194540024,133.14608956646504,207.7631450149405,5,1.0940240896305002,0.002997326272960274,8.918982477057494,20.312409952242103
2034,20091,Developed,271607528.4848879,27160.752848488788,44.98069273866694,developed,NA,NA,NA,NA,NA,NA,NA,NA,NA,NA,1.0940240896305002,0.002997326272960274,8.918982477057494,20.312409952242103
2034,20091,Double Crop,2013905.6882216034,201.39056882216036,0.3335212152324038,all_cult,NA,NA,NA,NA,NA,NA,NA,NA,NA,NA,1.0940240896305002,0.002997326272960274,8.918982477057494,20.312409952242103
2034,20091,Grass/Pasture/Shrubland,139667491.4795437,13966.749147954368,23.130214964462166,grassPastureHay,NA,NA,NA,NA,NA,NA,NA,NA,NA,NA,1.0940240896305002,0.002997326272960274,8.918982477057494,20.312409952242103
2034,20091,Other Crops,14581458.923742233,1458.1458923742232,2.4148230617504245,all_cult,NA,NA,NA,NA,NA,NA,NA,NA,NA,NA,1.0940240896305002,0.002997326272960274,8.918982477057494,20.312409952242103
2034,20091,Sorghum,265245.84730308503,26.524584730308504,0.043927140106542625,all_cult,Sorghum,NA,NA,112,2970.7534897945525,2439.4522460937533,778.9054194540024,133.14608956646504,207.7631450149405,5,1.0940240896305002,0.002997326272960274,8.918982477057494,20.312409952242103
2034,20091,Soybeans,40506888.73460731,4050.688873460731,6.708311533684595,all_cult,Soybeans,NA,NA,56,226838.57691380093,2439.4522460937533,778.9054194540024,133.14608956646504,207.7631450149405,5,1.0940240896305002,0.002997326272960274,8.918982477057494,20.312409952242103
2034,20091,Wheat,3047090.5931461067,304.70905931461067,0.5046260922212007,all_cult,Wheat,NA,NA,89,27119.10627900035,2297.686729736331,573.8714531348596,144.9027124636777,156.7064755294951,5,1.0940240896305002,0.002997326272960274,8.918982477057494,20.312409952242103
2034,20103,Corn,55676654.53817842,5567.665453817842,6.162232243462533,all_cult,Corn,0.09926099891867379,4.75,250,1391916.3634544604,2423.5369183349644,777.729422892366,131.2120786587405,190.11724833976777,5,1.0732121965837214,0.0029403073879006067,8.609095442262436,20.293954593188165
2034,20103,Developed,66222526.18511143,6622.252618511144,7.329437975150055,developed,NA,NA,NA,NA,NA,NA,NA,NA,NA,NA,1.0732121965837214,0.0029403073879006067,8.609095442262436,20.293954593188165
2034,20103,Double Crop,2239300.7972116056,223.93007972116058,0.2478434038440015,all_cult,NA,NA,NA,NA,NA,NA,NA,NA,NA,NA,1.0732121965837214,0.0029403073879006067,8.609095442262436,20.293954593188165
2034,20103,Grass/Pasture/Shrubland,361083573.13099504,36108.3573130995,39.96434152498699,grassPastureHay,NA,NA,NA,NA,NA,NA,NA,NA,NA,NA,1.0732121965837214,0.0029403073879006067,8.609095442262436,20.293954593188165
2034,20103,Other Crops,54377617.6404599,5437.76176404599,6.018456236750789,all_cult,NA,NA,NA,NA,NA,NA,NA,NA,NA,NA,1.0732121965837214,0.0029403073879006067,8.609095442262436,20.293954593188165
2034,20103,Sorghum,567901.3203360821,56.79013203360822,0.06285470735100035,all_cult,Sorghum,NA,NA,112,6360.494787764121,2423.5369183349644,777.729422892366,131.2120786587405,190.11724833976777,5,1.0732121965837214,0.0029403073879006067,8.609095442262436,20.293954593188165
2034,20103,Soybeans,101039226.18326606,10103.922618326606,11.18291288522158,all_cult,Soybeans,0.11410095968932568,4.571428571428571,56,565819.66662629,2423.5369183349644,777.729422892366,131.2120786587405,190.11724833976777,5,1.0732121965837214,0.0029403073879006067,8.609095442262436,20.293954593188165
2034,20103,Wheat,4817340.8524583215,481.7340852458321,0.5331781044497215,all_cult,Wheat,NA,NA,89,42874.33358687905,2273.6572692871123,557.8725855943949,150.6219253282616,139.00422507422397,5,1.0732121965837214,0.0029403073879006067,8.609095442262436,20.293954593188165
2034,20117,Corn,1797933.5665907045,179.79335665907044,8.787790125047634,all_cult,Corn,0.16261062771687598,15.722222222222221,250,44948.33916476761,2305.399714355472,725.8894557134081,127.1066257415982,181.7800186112484,5,0.9683143024945321,0.0026529158972452933,7.244258096773353,19.873330429286195
2034,20117,Developed,709093.4285035765,70.90934285035766,3.465847873654197,developed,NA,NA,NA,NA,NA,NA,NA,NA,NA,NA,0.9683143024945321,0.0026529158972452933,7.244258096773353,19.873330429286195
2034,20117,Double Crop,17005.082052877187,1.700508205287719,0.08311602548433755,all_cult,NA,NA,NA,NA,NA,NA,NA,NA,NA,NA,0.9683143024945321,0.0026529158972452933,7.244258096773353,19.873330429286195
2034,20117,Grass/Pasture/Shrubland,13608757.209524421,1360.8757209524422,66.51575143947134,grassPastureHay,NA,NA,NA,NA,NA,NA,NA,NA,NA,NA,0.9683143024945321,0.0026529158972452933,7.244258096773353,19.873330429286195
2034,20117,Other Crops,368569.7378671669,36.856973786716694,1.801464505144208,all_cult,NA,NA,NA,NA,NA,NA,NA,NA,NA,NA,0.9683143024945321,0.0026529158972452933,7.244258096773353,19.873330429286195
2034,20117,Sorghum,113210.96189225193,11.321096189225193,0.5533431220433721,all_cult,Sorghum,NA,NA,112,1267.9627731932217,2305.399714355472,725.8894557134081,127.1066257415982,181.7800186112484,5,0.9683143024945321,0.0026529158972452933,7.244258096773353,19.873330429286195
2034,20117,Soybeans,2250086.8872694396,225.00868872694397,10.99778751332857,all_cult,Soybeans,0.12228514283699721,8.25,56,12600.486568708862,2305.399714355472,725.8894557134081,127.1066257415982,181.7800186112484,5,0.9683143024945321,0.0026529158972452933,7.244258096773353,19.873330429286195
2034,20117,Wheat,234744.84118524572,23.474484118524572,1.1473663074132867,all_cult,Wheat,NA,NA,89,2089.229086548687,2136.4910052490263,500.11314913042304,150.37482741700975,114.43911725403328,5,0.9683143024945321,0.0026529158972452933,7.244258096773353,19.873330429286195
2034,20127,Corn,10941387.892613748,1094.1387892613748,4.064821675495574,all_cult,Corn,NA,NA,250,273534.6973153437,2382.060047607425,693.2341958997026,121.50844194294682,165.55879071333766,5,0.970145811347608,0.002657933729719474,7.9619690108626084,20.597224706362393
2034,20127,Developed,12128694.282144045,1212.8694282144045,4.50591642462472,developed,NA,NA,NA,NA,NA,NA,NA,NA,NA,NA,0.970145811347608,0.002657933729719474,7.9619690108626084,20.597224706362393
2034,20127,Double Crop,4499199.088895911,449.9199088895911,1.671491967784096,all_cult,NA,NA,NA,NA,NA,NA,NA,NA,NA,NA,0.970145811347608,0.002657933729719474,7.9619690108626084,20.597224706362393
2034,20127,Grass/Pasture/Shrubland,158101691.18434784,15810.169118434784,58.73616652348874,grassPastureHay,NA,NA,NA,NA,NA,NA,NA,NA,NA,NA,0.970145811347608,0.002657933729719474,7.9619690108626084,20.597224706362393
2034,20127,Other Crops,10981377.128665583,1098.1377128665583,4.079678027823576,all_cult,NA,NA,NA,NA,NA,NA,NA,NA,NA,NA,0.970145811347608,0.002657933729719474,7.9619690108626084,20.597224706362393
2034,20127,Sorghum,7272388.587591114,727.2388587591115,2.701756217181813,all_cult,Sorghum,NA,NA,112,81450.75218102049,2382.060047607425,693.2341958997026,121.50844194294682,165.55879071333766,5,0.970145811347608,0.002657933729719474,7.9619690108626084,20.597224706362393
2034,20127,Soybeans,28686301.015498407,2868.6301015498407,10.657212713965244,all_cult,Soybeans,0.11686486262093489,4,56,160643.2856867911,2382.060047607425,693.2341958997026,121.50844194294682,165.55879071333766,5,0.970145811347608,0.002657933729719474,7.9619690108626084,20.597224706362393
2034,20127,Wheat,20934850.636842933,2093.485063684293,7.777480834890052,all_cult,Wheat,NA,NA,89,186320.17066790207,2229.3363232421902,508.3802621430763,140.22489721412597,128.65823169641368,5,0.970145811347608,0.002657933729719474,7.9619690108626084,20.597224706362393
2034,20131,Corn,124792211.963085,12479.2211963085,16.444051346315263,all_cult,Corn,0.12528513936677563,9.454545454545455,250,3119805.299077125,2305.488782348636,737.1739185780189,131.51047657792552,165.66639705589682,5,0.9859696839187503,0.00270128680525685,7.2422311025123305,19.81273240180867
2034,20131,Developed,34827921.40223819,3482.792140223819,4.589325878711502,developed,NA,NA,NA,NA,NA,NA,NA,NA,NA,NA,0.9859696839187503,0.00270128680525685,7.2422311025123305,19.81273240180867
2034,20131,Double Crop,1288597.7379512293,128.85977379512295,0.1698003988733199,all_cult,NA,NA,NA,NA,NA,NA,NA,NA,NA,NA,0.9859696839187503,0.00270128680525685,7.2422311025123305,19.81273240180867
2034,20131,Grass/Pasture/Shrubland,328086582.4549448,32808.65824549448,43.232446344665604,grassPastureHay,NA,NA,NA,NA,NA,NA,NA,NA,NA,NA,0.9859696839187503,0.00270128680525685,7.2422311025123305,19.81273240180867
2034,20131,Other Crops,27101730.321978156,2710.1730321978157,3.5712344382550913,all_cult,NA,NA,NA,NA,NA,NA,NA,NA,NA,NA,0.9859696839187503,0.00270128680525685,7.2422311025123305,19.81273240180867
2034,20131,Sorghum,2055671.3741418559,205.5671374141856,0.2708788080264065,all_cult,Sorghum,NA,NA,112,23023.519390388785,2305.488782348636,737.1739185780189,131.51047657792552,165.66639705589682,5,0.9859696839187503,0.00270128680525685,7.2422311025123305,19.81273240180867
2034,20131,Soybeans,136674912.54505298,13667.491254505298,18.00985209164201,all_cult,Soybeans,0.1067341402930363,5.142857142857143,56,765379.5102522967,2305.488782348636,737.1739185780189,131.51047657792552,165.66639705589682,5,0.9859696839187503,0.00270128680525685,7.2422311025123305,19.81273240180867
2034,20131,Wheat,9588450.555545796,958.8450555545795,1.2634840811511674,all_cult,Wheat,NA,NA,89,85337.20994435757,2132.023982543948,511.4833360186045,152.13876801393968,112.63824221217168,5,0.9859696839187503,0.00270128680525685,7.2422311025123305,19.81273240180867
2034,20139,Corn,20890964.22588984,2089.096422588984,9.4988079569725965,all_cult,Corn,NA,NA,250,522274.10564724595,2401.1623333740267,743.4580302128811,122.9165510224433,168.726504328704,5,1.043369112445746,0.002858545513549989,8.336980699513079,20.400991227659485
2034,20139,Developed,11858545.489950646,1185.8545489950645,5.391902692479325,developed,NA,NA,NA,NA,NA,NA,NA,NA,NA,NA,1.043369112445746,0.002858545513549989,8.336980699513079,20.400991227659485
2034,20139,Double Crop,1849135.1156913848,184.91351156913848,0.8407739901578724,all_cult,NA,NA,NA,NA,NA,NA,NA,NA,NA,NA,1.043369112445746,0.002858545513549989,8.336980699513079,20.400991227659485
2034,20139,Grass/Pasture/Shrubland,108139234.26990536,10813.923426990536,49.1692871538651,grassPastureHay,NA,NA,NA,NA,NA,NA,NA,NA,NA,NA,1.043369112445746,0.002858545513549989,8.336980699513079,20.400991227659485
2034,20139,Other Crops,6302951.103083336,630.2951103083336,2.86585728849129,all_cult,NA,NA,NA,NA,NA,NA,NA,NA,NA,NA,1.043369112445746,0.002858545513549989,8.336980699513079,20.400991227659485
2034,20139,Sorghum,252758.48461129973,25.27584846112997,0.11492549021948671,all_cult,Sorghum,NA,NA,112,2830.8950276465566,2401.1623333740267,743.4580302128811,122.9165510224433,168.726504328704,5,1.043369112445746,0.002858545513549989,8.336980699513079,20.400991227659485
2034,20139,Soybeans,28064514.38751116,2806.4514387511163,12.76051357372463,all_cult,Soybeans,NA,NA,56,157161.28057006252,2401.1623333740267,743.4580302128811,122.9165510224433,168.726504328704,5,1.043369112445746,0.002858545513549989,8.336980699513079,20.400991227659485
2034,20139,Wheat,1738320.944623076,173.8320944623076,0.7903884493801757,all_cult,Wheat,NA,NA,89,15471.056407145375,2261.5458422851593,545.4077699329091,146.88496776773997,148.59442515708585,5,1.043369112445746,0.002858545513549989,8.336980699513079,20.400991227659485
2034,20149,Corn,136791901.8519852,13679.190185198519,7.982141503627487,all_cult,Corn,0.1326174661314905,62.44444444444444,250,3419797.54629963,2358.584032592777,723.8802087354732,122.08977644986882,175.44122407799046,5,0.9774659919651723,0.002677989019082664,7.646643241986859,20.34761792326629
2034,20149,Developed,87781477.02653997,8778.147702653996,5.122263537072818,developed,NA,NA,NA,NA,NA,NA,NA,NA,NA,NA,0.9774659919651723,0.002677989019082664,7.646643241986859,20.34761792326629
2034,20149,Double Crop,1803166.4492782145,180.31664492782144,0.1052191654466961,all_cult,NA,NA,NA,NA,NA,NA,NA,NA,NA,NA,0.9774659919651723,0.002677989019082664,7.646643241986859,20.34761792326629
2034,20149,Grass/Pasture/Shrubland,1058221194.9777538,105822.11949777538,61.749790785057485,grassPastureHay,NA,NA,NA,NA,NA,NA,NA,NA,NA,NA,0.9774659919651723,0.002677989019082664,7.646643241986859,20.34761792326629
2034,20149,Other Crops,34485813.7618199,3448.58137618199,2.012331443512244,all_cult,NA,NA,NA,NA,NA,NA,NA,NA,NA,NA,0.9774659919651723,0.002677989019082664,7.646643241986859,20.34761792326629
2034,20149,Sorghum,5647082.09049503,564.708209049503,0.3295210295248753,all_cult,Sorghum,NA,NA,112,63247.319413544334,2358.584032592777,723.8802087354732,122.08977644986882,175.44122407799046,5,0.9774659919651723,0.002677989019082664,7.646643241986859,20.34761792326629
2034,20149,Soybeans,153915907.33370754,15391.590733370755,8.98136903839706,all_cult,Soybeans,0.11392545848870632,51.611111111111114,56,861929.0810687622,2358.584032592777,723.8802087354732,122.08977644986882,175.44122407799046,5,0.9774659919651723,0.002677989019082664,7.646643241986859,20.34761792326629
2034,20149,Wheat,13424373.002870617,1342.4373002870618,0.7833449455387832,all_cult,Wheat,NA,NA,89,119476.9197255485,2198.365232543948,507.7428535750312,150.91689072677562,127.71517789461022,5,0.9774659919651723,0.002677989019082664,7.646643241986859,20.34761792326629
2034,20161,Corn,29887562.457934357,2988.756245793436,3.7374801575206362,all_cult,Corn,0.14127372152863188,12.444444444444445,250,747189.0614483589,2374.993241577152,685.4803332144289,118.991989775194,168.5139625570669,5,0.938586046337158,0.0025714686201018027,7.747286903694907,20.583227455452718
2034,20161,Developed,93189704.06140432,9318.970406140432,11.653498685445852,developed,NA,NA,NA,NA,NA,NA,NA,NA,NA,NA,0.938586046337158,0.0025714686201018027,7.747286903694907,20.583227455452718
2034,20161,Double Crop,2321662.5391971655,232.16625391971652,0.2903270443991936,all_cult,NA,NA,NA,NA,NA,NA,NA,NA,NA,NA,0.938586046337158,0.0025714686201018027,7.747286903694907,20.583227455452718
2034,20161,Grass/Pasture/Shrubland,421935273.9416269,42193.527394162695,52.76357736882686,grassPastureHay,NA,NA,NA,NA,NA,NA,NA,NA,NA,NA,0.938586046337158,0.0025714686201018027,7.747286903694907,20.583227455452718
2034,20161,Other Crops,10313350.483787943,1031.3350483787942,1.2896984437913022,all_cult,NA,NA,NA,NA,NA,NA,NA,NA,NA,NA,0.938586046337158,0.0025714686201018027,7.747286903694907,20.583227455452718
2034,20161,Sorghum,8046145.345421317,804.6145345421318,1.0061813711092988,all_cult,Sorghum,NA,NA,112,90116.82786871876,2374.993241577152,685.4803332144289,118.991989775194,168.5139625570669,5,0.938586046337158,0.0025714686201018027,7.747286903694907,20.583227455452718
2034,20161,Soybeans,56043067.26954317,5604.306726954317,7.008261452613234,all_cult,Soybeans,0.12420661341954765,10.38888888888889,56,313841.17670944176,2374.993241577152,685.4803332144289,118.991989775194,168.5139625570669,5,0.938586046337158,0.0025714686201018027,7.747286903694907,20.583227455452718
2034,20161,Wheat,14763447.35949416,1476.3447359494162,1.8461890841841313,all_cult,Wheat,NA,NA,89,131394.68149949805,2214.7573986816437,490.18565372764823,146.32977322516874,113.13412331201322,5,0.938586046337158,0.0025714686201018027,7.747286903694907,20.583227455452718
2034,20177,Corn,132475537.80653152,13247.553780653152,9.091050553311547,all_cult,Corn,0.12030458771317423,83,250,3311888.445163288,2401.4052337646517,749.009489512114,122.58017766093272,161.99510506795502,5,1.036505807874206,0.0028397419393813867,8.267187901327077,20.381745404805244
2034,20177,Developed,255013934.0237044,25501.393402370442,17.50017100813045,developed,NA,NA,NA,NA,NA,NA,NA,NA,NA,NA,1.036505807874206,0.0028397419393813867,8.267187901327077,20.381745404805244
2034,20177,Double Crop,2797246.7569815805,279.7246756981581,0.19195930130847558,all_cult,NA,NA,NA,NA,NA,NA,NA,NA,NA,NA,1.036505807874206,0.0028397419393813867,8.267187901327077,20.381745404805244
2034,20177,Grass/Pasture/Shrubland,626083355.6398722,62608.33556398722,42.96457693964075,grassPastureHay,NA,NA,NA,NA,NA,NA,NA,NA,NA,NA,1.036505807874206,0.0028397419393813867,8.267187901327077,20.381745404805244
2034,20177,Other Crops,33361526.081880283,3336.1526081880284,2.289413767762353,all_cult,NA,NA,NA,NA,NA,NA,NA,NA,NA,NA,1.036505807874206,0.0028397419393813867,8.267187901327077,20.381745404805244
2034,20177,Sorghum,2303954.5452317544,230.39545452317543,0.15810743319134585,all_cult,Sorghum,NA,NA,112,25804.29090659565,2401.4052337646517,749.009489512114,122.58017766093272,161.99510506795502,5,1.036505807874206,0.0028397419393813867,8.267187901327077,20.381745404805244
2034,20177,Soybeans,145627766.023613,14562.7766023613,9.993613951731533,all_cult,Soybeans,0.09768281806034469,42.833333333333336,56,815515.4897322329,2401.4052337646517,749.009489512114,122.58017766093272,161.99510506795502,5,1.036505807874206,0.0028397419393813867,8.267187901327077,20.381745404805244
2034,20177,Wheat,9565647.685078032,956.5647685078033,0.656436562704971,all_cult,Wheat,NA,NA,89,85134.26439719449,2254.2224981689483,541.955776563717,152.36607455328547,131.42656479770207,5,1.036505807874206,0.0028397419393813867,8.267187901327077,20.381745404805244
2034,20197,Corn,69733578.79693311,6973.357879693312,4.536852294529976,all_cult,Corn,0.14186117514330646,28.666666666666668,250,1743339.469923328,2378.9046051025425,725.7063693900061,121.51398361001084,155.08729417954953,5,1.0017462247469053,0.0027445102047860418,7.938378203927677,20.43875178924981
2034,20197,Developed,54289406.85937861,5428.940685937861,3.5320576446519008,developed,NA,NA,NA,NA,NA,NA,NA,NA,NA,NA,1.0017462247469053,0.0027445102047860418,7.938378203927677,20.43875178924981
2034,20197,Double Crop,1125869.9276987636,112.58699276987635,0.07324886594013556,all_cult,NA,NA,NA,NA,NA,NA,NA,NA,NA,NA,1.0017462247469053,0.0027445102047860418,7.938378203927677,20.43875178924981
2034,20197,Grass/Pasture/Shrubland,1169502873.1037595,116950.28731037596,76.08761639426346,grassPastureHay,NA,NA,NA,NA,NA,NA,NA,NA,NA,NA,1.0017462247469053,0.0027445102047860418,7.938378203927677,20.43875178924981
2034,20197,Other Crops,29094649.42529061,2909.464942529061,1.8928919077573607,all_cult,NA,NA,NA,NA,NA,NA,NA,NA,NA,NA,1.0017462247469053,0.0027445102047860418,7.938378203927677,20.43875178924981
2034,20197,Sorghum,3287931.385599168,328.7931385599168,0.21391213972326276,all_cult,Sorghum,NA,NA,112,36824.831518710685,2378.9046051025425,725.7063693900061,121.51398361001084,155.08729417954953,5,1.0017462247469053,0.0027445102047860418,7.938378203927677,20.43875178924981
2034,20197,Soybeans,83491332.16381498,8349.133216381497,5.431928899043218,all_cult,Soybeans,0.12942046457519057,22.77777777777778,56,467551.46011736384,2378.9046051025425,725.7063693900061,121.51398361001084,155.08729417954953,5,1.0017462247469053,0.0027445102047860418,7.938378203927677,20.43875178924981
2034,20197,Wheat,7530280.724868099,753.02807248681,0.4899185152185996,all_cult,Wheat,NA,NA,89,67019.49845132609,2226.798546142581,520.8831341332763,151.33571366650477,130.3861786920815,5,1.0017462247469053,0.0027445102047860418,7.938378203927677,20.43875178924981
2034,20209,Corn,2798441.748604609,279.8441748604609,1.0907251789658858,all_cult,Corn,NA,NA,250,69961.04371511523,2446.5058911132846,772.3750344638158,134.79614423917522,201.36917754229293,5,1.0734807014210843,0.002941043017592012,8.976194190456466,20.171567616919972
2034,20209,Developed,144515431.86680782,14451.543186680783,56.32656829996687,developed,NA,NA,NA,NA,NA,NA,NA,NA,NA,NA,1.0734807014210843,0.002941043017592012,8.976194190456466,20.171567616919972
2034,20209,Double Crop,152719.71803613545,15.271971803613546,0.05952428413764306,all_cult,NA,NA,NA,NA,NA,NA,NA,NA,NA,NA,1.0734807014210843,0.002941043017592012,8.976194190456466,20.171567616919972
2034,20209,Grass/Pasture/Shrubland,41083799.11850462,4108.379911850462,16.01288794682744,grassPastureHay,NA,NA,NA,NA,NA,NA,NA,NA,NA,NA,1.0734807014210843,0.002941043017592012,8.976194190456466,20.171567616919972
2034,20209,Other Crops,1959154.8527385148,195.91548527385146,0.7636033619211925,all_cult,NA,NA,NA,NA,NA,NA,NA,NA,NA,NA,1.0734807014210843,0.002941043017592012,8.976194190456466,20.171567616919972
2034,20209,Sorghum,54127.80426680527,5.412780426680527,0.02109694047602745,all_cult,Sorghum,NA,NA,112,606.231407788219,2446.5058911132846,772.3750344638158,134.79614423917522,201.36917754229293,5,1.0734807014210843,0.002941043017592012,8.976194190456466,20.171567616919972
2034,20209,Soybeans,8244134.676247953,824.4134676247953,3.213247256139296,all_cult,Soybeans,0.14562756367793683,4.75,56,46167.15418698854,2446.5058911132846,772.3750344638158,134.79614423917522,201.36917754229293,5,1.0734807014210843,0.002941043017592012,8.976194190456466,20.171567616919972
2034,20209,Wheat,234900.57353758038,23.49005735375804,0.09155522720411169,all_cult,Wheat,NA,NA,89,2090.6151044844655,2287.4659161376985,549.3451348872238,148.0728846911304,139.9888850113188,5,1.0734807014210843,0.002941043017592012,8.976194190456466,20.171567616919972
2035,20005,Corn,172734778.84431297,17273.477884431297,23.078910848652363,all_cult,Corn,0.10724545034749912,6.181818181818182,250,4318369.471107824,2416.5679968261747,773.2378442398015,120.88666036499076,278.81967999671457,5,1.0477253712797565,0.0028704804692596068,8.101277959118173,20.39713857154326
2035,20005,Developed,36578638.84791646,3657.863884791646,4.88723319405755,developed,NA,NA,NA,NA,NA,NA,NA,NA,NA,NA,1.0477253712797565,0.0028704804692596068,8.101277959118173,20.39713857154326
2035,20005,Double Crop,1451158.554832854,145.11585548328543,0.1938877575107932,all_cult,NA,NA,NA,NA,NA,NA,NA,NA,NA,NA,1.0477253712797565,0.0028704804692596068,8.101277959118173,20.39713857154326
2035,20005,Grass/Pasture/Shrubland,215288406.86893737,21528.840686893738,28.764456018176027,grassPastureHay,NA,NA,NA,NA,NA,NA,NA,NA,NA,NA,1.0477253712797565,0.0028704804692596068,8.101277959118173,20.39713857154326
2035,20005,Other Crops,29204979.705745928,2920.4979705745927,3.902046405912905,all_cult,NA,NA,NA,NA,NA,NA,NA,NA,NA,NA,1.0477253712797565,0.0028704804692596068,8.101277959118173,20.39713857154326
2035,20005,Sorghum,732239.3724075308,73.22393724075309,0.09783372699309156,all_cult,Sorghum,NA,NA,112,8201.080970964345,2416.5679968261747,773.2378442398015,120.88666036499076,278.81967999671457,5,1.0477253712797565,0.0028704804692596068,8.101277959118173,20.39713857154326
2035,20005,Soybeans,181600576.65296197,18160.057665296197,24.263460703620524,all_cult,Soybeans,0.07483265359624193,5,56,1016963.2292565871,2416.5679968261747,773.2378442398015,120.88666036499076,278.81967999671457,5,1.0477253712797565,0.0028704804692596068,8.101277959118173,20.39713857154326
2035,20005,Wheat,5908069.702597459,590.8069702597459,0.7893709354082403,all_cult,Wheat,NA,NA,89,52581.82035311738,2132.7171765136745,414.7306025260417,113.77624147325572,109.1687416896932,5,1.0477253712797565,0.0028704804692596068,8.101277959118173,20.39713857154326
2035,20013,Corn,113276297.82191704,11327.629782191703,25.36090350021212,all_cult,Corn,0.12646432205391206,17.5625,250,2831907.445547926,2379.1542407226593,757.9505666898656,116.1207379308363,269.15306270400816,5,1.0402811143520738,0.0028500852448002023,7.595264691914621,20.33100194643624
2035,20013,Developed,24170977.38782201,2417.0977387822013,5.411527714315524,developed,NA,NA,NA,NA,NA,NA,NA,NA,NA,NA,1.0402811143520738,0.0028500852448002023,7.595264691914621,20.33100194643624
2035,20013,Double Crop,542048.8992527233,54.20488992527234,0.12135680712267008,all_cult,NA,NA,NA,NA,NA,NA,NA,NA,NA,NA,1.0402811143520738,0.0028500852448002023,7.595264691914621,20.33100194643624
2035,20013,Grass/Pasture/Shrubland,122499833.68113159,12249.983368113159,27.425918047421547,grassPastureHay,NA,NA,NA,NA,NA,NA,NA,NA,NA,NA,1.0402811143520738,0.0028500852448002023,7.595264691914621,20.33100194643624
2035,20013,Other Crops,13090232.71280689,1309.023271280689,2.9307113227404837,all_cult,NA,NA,NA,NA,NA,NA,NA,NA,NA,NA,1.0402811143520738,0.0028500852448002023,7.595264691914621,20.33100194643624
2035,20013,Sorghum,333636.9508835004,33.363695088350035,0.07469642527304013,all_cult,Sorghum,NA,NA,112,3736.733849895204,2379.1542407226593,757.9505666898656,116.1207379308363,269.15306270400816,5,1.0402811143520738,0.0028500852448002023,7.595264691914621,20.33100194643624
2035,20013,Soybeans,123405327.24801578,12340.532724801578,27.62864479089188,all_cult,Soybeans,0.10147480973744562,10.461538461538462,56,691069.8325888884,2379.1542407226593,757.9505666898656,116.1207379308363,269.15306270400816,5,1.0402811143520738,0.0028500852448002023,7.595264691914621,20.33100194643624
2035,20013,Wheat,3906288.4515680084,390.6288451568008,0.8745607542714157,all_cult,Wheat,NA,NA,89,34765.96721895527,2097.674669189456,412.30168199828415,109.71813330089536,116.07690866719676,5,1.0402811143520738,0.0028500852448002023,7.595264691914621,20.33100194643624
2035,20045,Corn,74392843.99321488,7439.284399321487,7.631923083362056,all_cult,Corn,0.1459526935617447,11,250,1859821.0998303718,2467.746054687503,797.2237556978362,135.937120404967,250.6278475695401,5,1.083457673341895,0.0029683771872380687,8.800382113522069,20.68371408122862
2035,20045,Developed,130402436.2681122,13040.24362681122,13.37791795635647,developed,NA,NA,NA,NA,NA,NA,NA,NA,NA,NA,1.083457673341895,0.0029683771872380687,8.800382113522069,20.68371408122862
2035,20045,Double Crop,4220114.888463862,422.01148884638627,0.4329393864098648,all_cult,NA,NA,NA,NA,NA,NA,NA,NA,NA,NA,1.083457673341895,0.0029683771872380687,8.800382113522069,20.68371408122862
2035,20045,Grass/Pasture/Shrubland,354830010.0217444,35483.00100217444,36.40182575089523,grassPastureHay,NA,NA,NA,NA,NA,NA,NA,NA,NA,NA,1.083457673341895,0.0029683771872380687,8.800382113522069,20.68371408122862
2035,20045,Other Crops,37964614.628596716,3796.4614628596714,3.8947700233285687,all_cult,NA,NA,NA,NA,NA,NA,NA,NA,NA,NA,1.083457673341895,0.0029683771872380687,8.800382113522069,20.68371408122862
2035,20045,Sorghum,671055.755263424,67.1055755263424,0.06884326010288025,all_cult,Sorghum,NA,NA,112,7515.824458950349,2467.746054687503,797.2237556978362,135.937120404967,250.6278475695401,5,1.083457673341895,0.0029683771872380687,8.800382113522069,20.68371408122862
2035,20045,Soybeans,100028766.3995359,10002.876639953589,10.261898998705805,all_cult,Soybeans,0.11420951862362651,8.5,56,560161.091837401,2467.746054687503,797.2237556978362,135.937120404967,250.6278475695401,5,1.083457673341895,0.0029683771872380687,8.800382113522069,20.68371408122862
2035,20045,Wheat,7085783.937909698,708.5783937909698,0.7269268802840957,all_cult,Wheat,NA,NA,89,63063.477047396314,2191.046116943362,452.0821506587389,124.97599927703553,108.88634834642322,5,1.083457673341895,0.0029683771872380687,8.800382113522069,20.68371408122862
2035,20061,Corn,31722102.062803604,3172.21020628036,4.044269831598419,all_cult,Corn,0.16936452361704205,12.944444444444445,250,793052.55157009,2425.5622662353544,709.0829777878504,135.60594069424317,227.74161769515104,5,0.9732358913343686,0.0026663997022859415,8.057747593709891,20.768717475786623
2035,20061,Developed,61171563.9285717,6117.15639285717,7.798799400437711,developed,NA,NA,NA,NA,NA,NA,NA,NA,NA,NA,0.9732358913343686,0.0026663997022859415,8.057747593709891,20.768717475786623
2035,20061,Double Crop,5604030.762346523,560.4030762346523,0.7144612454318694,all_cult,NA,NA,NA,NA,NA,NA,NA,NA,NA,NA,0.9732358913343686,0.0026663997022859415,8.057747593709891,20.768717475786623
2035,20061,Grass/Pasture/Shrubland,476190220.2809351,47619.02202809351,60.70977699307564,grassPastureHay,NA,NA,NA,NA,NA,NA,NA,NA,NA,NA,0.9732358913343686,0.0026663997022859415,8.057747593709891,20.768717475786623
2035,20061,Other Crops,18227803.79878525,1822.7803798785249,2.323873646638379,all_cult,NA,NA,NA,NA,NA,NA,NA,NA,NA,NA,0.9732358913343686,0.0026663997022859415,8.057747593709891,20.768717475786623
2035,20061,Sorghum,5491901.736070833,549.1901736070832,0.7001658485721192,all_cult,Sorghum,NA,NA,112,61509.299443993325,2425.5622662353544,709.0829777878504,135.60594069424317,227.74161769515104,5,0.9732358913343686,0.0026663997022859415,8.057747593709891,20.768717475786623
2035,20061,Soybeans,39491221.54782481,3949.1221547824807,5.03475953777074,all_cult,Soybeans,0.12217913528938978,7.666666666666667,56,221150.8406678189,2425.5622662353544,709.0829777878504,135.60594069424317,227.74161769515104,5,0.9732358913343686,0.0026663997022859415,8.057747593709891,20.768717475786623
2035,20061,Wheat,15495075.277191846,1549.5075277191845,1.9754764472362665,all_cult,Wheat,NA,NA,89,137906.16996700742,2153.401840820315,403.7875281978605,108.6002950661956,89.66834381617699,5,0.9732358913343686,0.0026663997022859415,8.057747593709891,20.768717475786623
2035,20085,Corn,134933024.35661882,13493.30243566188,7.9306511901880965,all_cult,Corn,NA,NA,250,3373325.60891547,2401.009266357425,771.4079460036027,124.3754333450091,267.52081589612345,5,1.0523249824661176,0.0028830821437427884,7.855671612465241,20.51489767832301
2035,20085,Developed,75618361.35140783,7561.836135140783,4.444448275810096,developed,NA,NA,NA,NA,NA,NA,NA,NA,NA,NA,1.0523249824661176,0.0028830821437427884,7.855671612465241,20.51489767832301
2035,20085,Double Crop,1864792.83802623,186.479283802623,0.10960268333762817,all_cult,NA,NA,NA,NA,NA,NA,NA,NA,NA,NA,1.0523249824661176,0.0028830821437427884,7.855671612465241,20.51489767832301
2035,20085,Grass/Pasture/Shrubland,941187748.5802637,94118.77485802637,55.31804963283908,grassPastureHay,NA,NA,NA,NA,NA,NA,NA,NA,NA,NA,1.0523249824661176,0.0028830821437427884,7.855671612465241,20.51489767832301
2035,20085,Other Crops,98052397.627671,9805.2397627671,5.7630025537076115,all_cult,NA,NA,NA,NA,NA,NA,NA,NA,NA,NA,1.0523249824661176,0.0028830821437427884,7.855671612465241,20.51489767832301
2035,20085,Sorghum,4069081.398774073,406.9081398774073,0.23915913388905596,all_cult,Sorghum,NA,NA,112,45573.71166626961,2401.009266357425,771.4079460036027,124.3754333450091,267.52081589612345,5,1.0523249824661176,0.0028830821437427884,7.855671612465241,20.51489767832301
2035,20085,Soybeans,170772946.2930534,17077.29462930534,10.037132690300496,all_cult,Soybeans,NA,NA,56,956328.499241099,2401.009266357425,771.4079460036027,124.3754333450091,267.52081589612345,5,1.0523249824661176,0.0028830821437427884,7.855671612465241,20.51489767832301
2035,20085,Wheat,13725583.902961861,1372.5583902961862,0.8067173980208171,all_cult,Wheat,NA,NA,89,122157.69673636057,2126.5442279052763,424.4245458665932,112.15075338640264,110.21776666011398,5,1.0523249824661176,0.0028830821437427884,7.855671612465241,20.51489767832301
2035,20087,Corn,155094058.297135,15509.4058297135,10.788896738521789,all_cult,Corn,0.13078338055311117,25.77777777777778,250,3877351.457428375,2431.8961126709014,795.4851061667221,126.93824971336984,276.4157088761781,5,1.0726054015613555,0.002938644935784536,8.399287460536195,20.48474626096963
2035,20087,Developed,83037617.78054704,8303.761778054704,5.7763933285619125,developed,NA,NA,NA,NA,NA,NA,NA,NA,NA,NA,1.0726054015613555,0.002938644935784536,8.399287460536195,20.48474626096963
2035,20087,Double Crop,3214015.8179615135,321.4015817961514,0.2235784217441099,all_cult,NA,NA,NA,NA,NA,NA,NA,NA,NA,NA,1.0726054015613555,0.002938644935784536,8.399287460536195,20.48474626096963
2035,20087,Grass/Pasture/Shrubland,533878677.1787268,53387.86771787268,37.138507962340775,grassPastureHay,NA,NA,NA,NA,NA,NA,NA,NA,NA,NA,1.0726054015613555,0.002938644935784536,8.399287460536195,20.48474626096963
2035,20087,Other Crops,67978226.39294052,6797.822639294052,4.728808266891807,all_cult,NA,NA,NA,NA,NA,NA,NA,NA,NA,NA,1.0726054015613555,0.002938644935784536,8.399287460536195,20.48474626096963
2035,20087,Sorghum,2078940.1655916602,207.89401655916603,0.1446185045281528,all_cult,Sorghum,NA,NA,112,23284.129854626597,2431.8961126709014,795.4851061667221,126.93824971336984,276.4157088761781,5,1.0726054015613555,0.002938644935784536,8.399287460536195,20.48474626096963
2035,20087,Soybeans,173639107.61438552,17363.91076143855,12.078956617613274,all_cult,Soybeans,0.09985991575255485,13.833333333333334,56,972379.0026405589,2431.8961126709014,795.4851061667221,126.93824971336984,276.4157088761781,5,1.0726054015613555,0.002938644935784536,8.399287460536195,20.48474626096963
2035,20087,Wheat,7377427.0278590415,737.7427027859042,0.5132001784817648,all_cult,Wheat,NA,NA,89,65659.10054794548,2157.676021728518,435.4854684278499,118.01608100891112,105.29891418080562,5,1.0726054015613555,0.002938644935784536,8.399287460536195,20.48474626096963
2035,20091,Corn,20137063.169311535,2013.7063169311532,3.334881975218613,all_cult,Corn,0.14955141172933145,4,250,503426.5792327883,2473.82894042969,809.7929509507195,135.6036178058028,262.5354856401209,5,1.1129075473330428,0.003049061773515185,8.997602221345272,20.590407815175535
2035,20091,Developed,271607528.4848879,27160.752848488788,44.98069273866694,developed,NA,NA,NA,NA,NA,NA,NA,NA,NA,NA,1.1129075473330428,0.003049061773515185,8.997602221345272,20.590407815175535
2035,20091,Double Crop,2013905.6882216034,201.39056882216036,0.3335212152324038,all_cult,NA,NA,NA,NA,NA,NA,NA,NA,NA,NA,1.1129075473330428,0.003049061773515185,8.997602221345272,20.590407815175535
2035,20091,Grass/Pasture/Shrubland,139667491.4795437,13966.749147954368,23.130214964462166,grassPastureHay,NA,NA,NA,NA,NA,NA,NA,NA,NA,NA,1.1129075473330428,0.003049061773515185,8.997602221345272,20.590407815175535
2035,20091,Other Crops,14581458.923742233,1458.1458923742232,2.4148230617504245,all_cult,NA,NA,NA,NA,NA,NA,NA,NA,NA,NA,1.1129075473330428,0.003049061773515185,8.997602221345272,20.590407815175535
2035,20091,Sorghum,265245.84730308503,26.524584730308504,0.043927140106542625,all_cult,Sorghum,NA,NA,112,2970.7534897945525,2473.82894042969,809.7929509507195,135.6036178058028,262.5354856401209,5,1.1129075473330428,0.003049061773515185,8.997602221345272,20.590407815175535
2035,20091,Soybeans,40506888.73460731,4050.688873460731,6.708311533684595,all_cult,Soybeans,NA,NA,56,226838.57691380093,2473.82894042969,809.7929509507195,135.6036178058028,262.5354856401209,5,1.1129075473330428,0.003049061773515185,8.997602221345272,20.590407815175535
2035,20091,Wheat,3047090.5931461067,304.70905931461067,0.5046260922212007,all_cult,Wheat,NA,NA,89,27119.10627900035,2195.890839843753,462.94136857152665,127.9828321457853,121.78564076668512,5,1.1129075473330428,0.003049061773515185,8.997602221345272,20.590407815175535
2035,20103,Corn,55676654.53817842,5567.665453817842,6.162232243462533,all_cult,Corn,0.09926099891867379,4.75,250,1391916.3634544604,2460.199136962894,809.9673403569356,127.2056551751145,273.12801758470357,5,1.0992077714190283,0.00301152814087405,8.702489732716204,20.59283142925944
2035,20103,Developed,66222526.18511143,6622.252618511144,7.329437975150055,developed,NA,NA,NA,NA,NA,NA,NA,NA,NA,NA,1.0992077714190283,0.00301152814087405,8.702489732716204,20.59283142925944
2035,20103,Double Crop,2239300.7972116056,223.93007972116058,0.2478434038440015,all_cult,NA,NA,NA,NA,NA,NA,NA,NA,NA,NA,1.0992077714190283,0.00301152814087405,8.702489732716204,20.59283142925944
2035,20103,Grass/Pasture/Shrubland,361083573.13099504,36108.3573130995,39.96434152498699,grassPastureHay,NA,NA,NA,NA,NA,NA,NA,NA,NA,NA,1.0992077714190283,0.00301152814087405,8.702489732716204,20.59283142925944
2035,20103,Other Crops,54377617.6404599,5437.76176404599,6.018456236750789,all_cult,NA,NA,NA,NA,NA,NA,NA,NA,NA,NA,1.0992077714190283,0.00301152814087405,8.702489732716204,20.59283142925944
2035,20103,Sorghum,567901.3203360821,56.79013203360822,0.06285470735100035,all_cult,Sorghum,NA,NA,112,6360.494787764121,2460.199136962894,809.9673403569356,127.2056551751145,273.12801758470357,5,1.0992077714190283,0.00301152814087405,8.702489732716204,20.59283142925944
2035,20103,Soybeans,101039226.18326606,10103.922618326606,11.18291288522158,all_cult,Soybeans,0.11410095968932568,4.571428571428571,56,565819.66662629,2460.199136962894,809.9673403569356,127.2056551751145,273.12801758470357,5,1.0992077714190283,0.00301152814087405,8.702489732716204,20.59283142925944
2035,20103,Wheat,4817340.8524583215,481.7340852458321,0.5331781044497215,all_cult,Wheat,NA,NA,89,42874.33358687905,2180.2316424560577,444.1532256281376,122.88079095042096,108.24592914027976,5,1.0992077714190283,0.00301152814087405,8.702489732716204,20.59283142925944
2035,20117,Corn,1797933.5665907045,179.79335665907044,8.787790125047634,all_cult,Corn,0.16261062771687598,15.722222222222221,250,44948.33916476761,2350.290500488284,749.0135524699814,121.16438802871592,255.8940305651003,5,1.006728270732784,0.002758159645843244,7.403667702870849,20.158840131367747
2035,20117,Developed,709093.4285035765,70.90934285035766,3.465847873654197,developed,NA,NA,NA,NA,NA,NA,NA,NA,NA,NA,1.006728270732784,0.002758159645843244,7.403667702870849,20.158840131367747
2035,20117,Double Crop,17005.082052877187,1.700508205287719,0.08311602548433755,all_cult,NA,NA,NA,NA,NA,NA,NA,NA,NA,NA,1.006728270732784,0.002758159645843244,7.403667702870849,20.158840131367747
2035,20117,Grass/Pasture/Shrubland,13608757.209524421,1360.8757209524422,66.51575143947134,grassPastureHay,NA,NA,NA,NA,NA,NA,NA,NA,NA,NA,1.006728270732784,0.002758159645843244,7.403667702870849,20.158840131367747
2035,20117,Other Crops,368569.7378671669,36.856973786716694,1.801464505144208,all_cult,NA,NA,NA,NA,NA,NA,NA,NA,NA,NA,1.006728270732784,0.002758159645843244,7.403667702870849,20.158840131367747
2035,20117,Sorghum,113210.96189225193,11.321096189225193,0.5533431220433721,all_cult,Sorghum,NA,NA,112,1267.9627731932217,2350.290500488284,749.0135524699814,121.16438802871592,255.8940305651003,5,1.006728270732784,0.002758159645843244,7.403667702870849,20.158840131367747
2035,20117,Soybeans,2250086.8872694396,225.00868872694397,10.99778751332857,all_cult,Soybeans,0.12228514283699721,8.25,56,12600.486568708862,2350.290500488284,749.0135524699814,121.16438802871592,255.8940305651003,5,1.006728270732784,0.002758159645843244,7.403667702870849,20.158840131367747
2035,20117,Wheat,234744.84118524572,23.474484118524572,1.1473663074132867,all_cult,Wheat,NA,NA,89,2089.229086548687,2077.190989990237,396.9380401640493,104.5210581394282,99.97761500311296,5,1.006728270732784,0.002758159645843244,7.403667702870849,20.158840131367747
2035,20127,Corn,10941387.892613748,1094.1387892613748,4.064821675495574,all_cult,Corn,NA,NA,250,273534.6973153437,2429.353876953128,708.9416349487931,146.23371009035392,201.17509168402592,5,0.9816399943331444,0.0026894246420086144,8.111273895681745,20.771624672249594
2035,20127,Developed,12128694.282144045,1212.8694282144045,4.50591642462472,developed,NA,NA,NA,NA,NA,NA,NA,NA,NA,NA,0.9816399943331444,0.0026894246420086144,8.111273895681745,20.771624672249594
2035,20127,Double Crop,4499199.088895911,449.9199088895911,1.671491967784096,all_cult,NA,NA,NA,NA,NA,NA,NA,NA,NA,NA,0.9816399943331444,0.0026894246420086144,8.111273895681745,20.771624672249594
2035,20127,Grass/Pasture/Shrubland,158101691.18434784,15810.169118434784,58.73616652348874,grassPastureHay,NA,NA,NA,NA,NA,NA,NA,NA,NA,NA,0.9816399943331444,0.0026894246420086144,8.111273895681745,20.771624672249594
2035,20127,Other Crops,10981377.128665583,1098.1377128665583,4.079678027823576,all_cult,NA,NA,NA,NA,NA,NA,NA,NA,NA,NA,0.9816399943331444,0.0026894246420086144,8.111273895681745,20.771624672249594
2035,20127,Sorghum,7272388.587591114,727.2388587591115,2.701756217181813,all_cult,Sorghum,NA,NA,112,81450.75218102049,2429.353876953128,708.9416349487931,146.23371009035392,201.17509168402592,5,0.9816399943331444,0.0026894246420086144,8.111273895681745,20.771624672249594
2035,20127,Soybeans,28686301.015498407,2868.6301015498407,10.657212713965244,all_cult,Soybeans,0.11686486262093489,4,56,160643.2856867911,2429.353876953128,708.9416349487931,146.23371009035392,201.17509168402592,5,0.9816399943331444,0.0026894246420086144,8.111273895681745,20.771624672249594
2035,20127,Wheat,20934850.636842933,2093.485063684293,7.777480834890052,all_cult,Wheat,NA,NA,89,186320.17066790207,2156.454507446292,421.7225186691876,114.12644965840616,94.62774645928113,5,0.9816399943331444,0.0026894246420086144,8.111273895681745,20.771624672249594
2035,20131,Corn,124792211.963085,12479.2211963085,16.444051346315263,all_cult,Corn,0.12528513936677563,9.454545454545455,250,3119805.299077125,2348.3935070800812,748.687413293661,118.3033582837518,268.2068607887191,5,1.021240876346427,0.0027979202091682922,7.384250020066376,20.11092760059934
2035,20131,Developed,34827921.40223819,3482.792140223819,4.589325878711502,developed,NA,NA,NA,NA,NA,NA,NA,NA,NA,NA,1.021240876346427,0.0027979202091682922,7.384250020066376,20.11092760059934
2035,20131,Double Crop,1288597.7379512293,128.85977379512295,0.1698003988733199,all_cult,NA,NA,NA,NA,NA,NA,NA,NA,NA,NA,1.021240876346427,0.0027979202091682922,7.384250020066376,20.11092760059934
2035,20131,Grass/Pasture/Shrubland,328086582.4549448,32808.65824549448,43.232446344665604,grassPastureHay,NA,NA,NA,NA,NA,NA,NA,NA,NA,NA,1.021240876346427,0.0027979202091682922,7.384250020066376,20.11092760059934
2035,20131,Other Crops,27101730.321978156,2710.1730321978157,3.5712344382550913,all_cult,NA,NA,NA,NA,NA,NA,NA,NA,NA,NA,1.021240876346427,0.0027979202091682922,7.384250020066376,20.11092760059934
2035,20131,Sorghum,2055671.3741418559,205.5671374141856,0.2708788080264065,all_cult,Sorghum,NA,NA,112,23023.519390388785,2348.3935070800812,748.687413293661,118.3033582837518,268.2068607887191,5,1.021240876346427,0.0027979202091682922,7.384250020066376,20.11092760059934
2035,20131,Soybeans,136674912.54505298,13667.491254505298,18.00985209164201,all_cult,Soybeans,0.1067341402930363,5.142857142857143,56,765379.5102522967,2348.3935070800812,748.687413293661,118.3033582837518,268.2068607887191,5,1.021240876346427,0.0027979202091682922,7.384250020066376,20.11092760059934
2035,20131,Wheat,9588450.555545796,958.8450555545795,1.2634840811511674,all_cult,Wheat,NA,NA,89,85337.20994435757,2068.678255615237,403.93552226509235,107.92673580797307,108.46438801475271,5,1.021240876346427,0.0027979202091682922,7.384250020066376,20.11092760059934
2035,20139,Corn,20890964.22588984,2089.096422588984,9.4988079569725965,all_cult,Corn,NA,NA,250,522274.10564724595,2439.4633227539093,758.9224579508924,142.64596483255886,212.474128180909,5,1.0379033422576296,0.0028435708007058347,8.436585066285875,20.613748946516505
2035,20139,Developed,11858545.489950646,1185.8545489950645,5.391902692479325,developed,NA,NA,NA,NA,NA,NA,NA,NA,NA,NA,1.0379033422576296,0.0028435708007058347,8.436585066285875,20.613748946516505
2035,20139,Double Crop,1849135.1156913848,184.91351156913848,0.8407739901578724,all_cult,NA,NA,NA,NA,NA,NA,NA,NA,NA,NA,1.0379033422576296,0.0028435708007058347,8.436585066285875,20.613748946516505
2035,20139,Grass/Pasture/Shrubland,108139234.26990536,10813.923426990536,49.1692871538651,grassPastureHay,NA,NA,NA,NA,NA,NA,NA,NA,NA,NA,1.0379033422576296,0.0028435708007058347,8.436585066285875,20.613748946516505
2035,20139,Other Crops,6302951.103083336,630.2951103083336,2.86585728849129,all_cult,NA,NA,NA,NA,NA,NA,NA,NA,NA,NA,1.0379033422576296,0.0028435708007058347,8.436585066285875,20.613748946516505
2035,20139,Sorghum,252758.48461129973,25.27584846112997,0.11492549021948671,all_cult,Sorghum,NA,NA,112,2830.8950276465566,2439.4633227539093,758.9224579508924,142.64596483255886,212.474128180909,5,1.0379033422576296,0.0028435708007058347,8.436585066285875,20.613748946516505
2035,20139,Soybeans,28064514.38751116,2806.4514387511163,12.76051357372463,all_cult,Soybeans,NA,NA,56,157161.28057006252,2439.4633227539093,758.9224579508924,142.64596483255886,212.474128180909,5,1.0379033422576296,0.0028435708007058347,8.436585066285875,20.613748946516505
2035,20139,Wheat,1738320.944623076,173.8320944623076,0.7903884493801757,all_cult,Wheat,NA,NA,89,15471.056407145375,2169.067206420901,438.6170143322057,122.35598187588992,95.48820085084402,5,1.0379033422576296,0.0028435708007058347,8.436585066285875,20.613748946516505
2035,20149,Corn,136791901.8519852,13679.190185198519,7.982141503627487,all_cult,Corn,0.1326174661314905,62.44444444444444,250,3419797.54629963,2403.151367187503,738.8598449718422,126.77272175063592,251.56372410196045,5,0.9995808187091082,0.002738577585504406,7.808006458021213,20.60097049242832
2035,20149,Developed,87781477.02653997,8778.147702653996,5.122263537072818,developed,NA,NA,NA,NA,NA,NA,NA,NA,NA,NA,0.9995808187091082,0.002738577585504406,7.808006458021213,20.60097049242832
2035,20149,Double Crop,1803166.4492782145,180.31664492782144,0.1052191654466961,all_cult,NA,NA,NA,NA,NA,NA,NA,NA,NA,NA,0.9995808187091082,0.002738577585504406,7.808006458021213,20.60097049242832
2035,20149,Grass/Pasture/Shrubland,1058221194.9777538,105822.11949777538,61.749790785057485,grassPastureHay,NA,NA,NA,NA,NA,NA,NA,NA,NA,NA,0.9995808187091082,0.002738577585504406,7.808006458021213,20.60097049242832
2035,20149,Other Crops,34485813.7618199,3448.58137618199,2.012331443512244,all_cult,NA,NA,NA,NA,NA,NA,NA,NA,NA,NA,0.9995808187091082,0.002738577585504406,7.808006458021213,20.60097049242832
2035,20149,Sorghum,5647082.09049503,564.708209049503,0.3295210295248753,all_cult,Sorghum,NA,NA,112,63247.319413544334,2403.151367187503,738.8598449718422,126.77272175063592,251.56372410196045,5,0.9995808187091082,0.002738577585504406,7.808006458021213,20.60097049242832
2035,20149,Soybeans,153915907.33370754,15391.590733370755,8.98136903839706,all_cult,Soybeans,0.11392545848870632,51.611111111111114,56,861929.0810687622,2403.151367187503,738.8598449718422,126.77272175063592,251.56372410196045,5,0.9995808187091082,0.002738577585504406,7.808006458021213,20.60097049242832
2035,20149,Wheat,13424373.002870617,1342.4373002870618,0.7833449455387832,all_cult,Wheat,NA,NA,89,119476.9197255485,2130.757520751956,403.6359670345926,108.44602580562965,97.12759734378028,5,0.9995808187091082,0.002738577585504406,7.808006458021213,20.60097049242832
2035,20161,Corn,29887562.457934357,2988.756245793436,3.7374801575206362,all_cult,Corn,0.14127372152863188,12.444444444444445,250,747189.0614483589,2421.8838946533233,700.9933075013585,131.76549333072478,237.50513174435417,5,0.9584867942185183,0.002625991217037036,7.923132474716419,20.813025587944157
2035,20161,Developed,93189704.06140432,9318.970406140432,11.653498685445852,developed,NA,NA,NA,NA,NA,NA,NA,NA,NA,NA,0.9584867942185183,0.002625991217037036,7.923132474716419,20.813025587944157
2035,20161,Double Crop,2321662.5391971655,232.16625391971652,0.2903270443991936,all_cult,NA,NA,NA,NA,NA,NA,NA,NA,NA,NA,0.9584867942185183,0.002625991217037036,7.923132474716419,20.813025587944157
2035,20161,Grass/Pasture/Shrubland,421935273.9416269,42193.527394162695,52.76357736882686,grassPastureHay,NA,NA,NA,NA,NA,NA,NA,NA,NA,NA,0.9584867942185183,0.002625991217037036,7.923132474716419,20.813025587944157
2035,20161,Other Crops,10313350.483787943,1031.3350483787942,1.2896984437913022,all_cult,NA,NA,NA,NA,NA,NA,NA,NA,NA,NA,0.9584867942185183,0.002625991217037036,7.923132474716419,20.813025587944157
2035,20161,Sorghum,8046145.345421317,804.6145345421318,1.0061813711092988,all_cult,Sorghum,NA,NA,112,90116.82786871876,2421.8838946533233,700.9933075013585,131.76549333072478,237.50513174435417,5,0.9584867942185183,0.002625991217037036,7.923132474716419,20.813025587944157
2035,20161,Soybeans,56043067.26954317,5604.306726954317,7.008261452613234,all_cult,Soybeans,0.12420661341954765,10.38888888888889,56,313841.17670944176,2421.8838946533233,700.9933075013585,131.76549333072478,237.50513174435417,5,0.9584867942185183,0.002625991217037036,7.923132474716419,20.813025587944157
2035,20161,Wheat,14763447.35949416,1476.3447359494162,1.8461890841841313,all_cult,Wheat,NA,NA,89,131394.68149949805,2149.5650457763695,388.2635709457512,106.59538147339194,89.40089245364116,5,0.9584867942185183,0.002625991217037036,7.923132474716419,20.813025587944157
2035,20177,Corn,132475537.80653152,13247.553780653152,9.091050553311547,all_cult,Corn,0.12030458771317423,83,250,3311888.445163288,2438.9263214111356,756.7782363680215,135.2892407995284,232.505713256048,5,1.0300154803008608,0.002821960220002359,8.370454176811345,20.611994077081572
2035,20177,Developed,255013934.0237044,25501.393402370442,17.50017100813045,developed,NA,NA,NA,NA,NA,NA,NA,NA,NA,NA,1.0300154803008608,0.002821960220002359,8.370454176811345,20.611994077081572
2035,20177,Double Crop,2797246.7569815805,279.7246756981581,0.19195930130847558,all_cult,NA,NA,NA,NA,NA,NA,NA,NA,NA,NA,1.0300154803008608,0.002821960220002359,8.370454176811345,20.611994077081572
2035,20177,Grass/Pasture/Shrubland,626083355.6398722,62608.33556398722,42.96457693964075,grassPastureHay,NA,NA,NA,NA,NA,NA,NA,NA,NA,NA,1.0300154803008608,0.002821960220002359,8.370454176811345,20.611994077081572
2035,20177,Other Crops,33361526.081880283,3336.1526081880284,2.289413767762353,all_cult,NA,NA,NA,NA,NA,NA,NA,NA,NA,NA,1.0300154803008608,0.002821960220002359,8.370454176811345,20.611994077081572
2035,20177,Sorghum,2303954.5452317544,230.39545452317543,0.15810743319134585,all_cult,Sorghum,NA,NA,112,25804.29090659565,2438.9263214111356,756.7782363680215,135.2892407995284,232.505713256048,5,1.0300154803008608,0.002821960220002359,8.370454176811345,20.611994077081572
2035,20177,Soybeans,145627766.023613,14562.7766023613,9.993613951731533,all_cult,Soybeans,0.09768281806034469,42.833333333333336,56,815515.4897322329,2438.9263214111356,756.7782363680215,135.2892407995284,232.505713256048,5,1.0300154803008608,0.002821960220002359,8.370454176811345,20.611994077081572
2035,20177,Wheat,9565647.685078032,956.5647685078033,0.656436562704971,all_cult,Wheat,NA,NA,89,85134.26439719449,2167.3679913330107,431.0923593153106,118.69883316905803,103.64231012228524,5,1.0300154803008608,0.002821960220002359,8.370454176811345,20.611994077081572
2035,20197,Corn,69733578.79693311,6973.357879693312,4.536852294529976,all_cult,Corn,0.14186117514330646,28.666666666666668,250,1743339.469923328,2421.2247583007843,739.0667443162689,137.40689411101206,232.43267151090697,5,1.0064107184414188,0.002757289639565531,8.078393972736539,20.64453981164386
2035,20197,Developed,54289406.85937861,5428.940685937861,3.5320576446519008,developed,NA,NA,NA,NA,NA,NA,NA,NA,NA,NA,1.0064107184414188,0.002757289639565531,8.078393972736539,20.64453981164386
2035,20197,Double Crop,1125869.9276987636,112.58699276987635,0.07324886594013556,all_cult,NA,NA,NA,NA,NA,NA,NA,NA,NA,NA,1.0064107184414188,0.002757289639565531,8.078393972736539,20.64453981164386
2035,20197,Grass/Pasture/Shrubland,1169502873.1037595,116950.28731037596,76.08761639426346,grassPastureHay,NA,NA,NA,NA,NA,NA,NA,NA,NA,NA,1.0064107184414188,0.002757289639565531,8.078393972736539,20.64453981164386
2035,20197,Other Crops,29094649.42529061,2909.464942529061,1.8928919077573607,all_cult,NA,NA,NA,NA,NA,NA,NA,NA,NA,NA,1.0064107184414188,0.002757289639565531,8.078393972736539,20.64453981164386
2035,20197,Sorghum,3287931.385599168,328.7931385599168,0.21391213972326276,all_cult,Sorghum,NA,NA,112,36824.831518710685,2421.2247583007843,739.0667443162689,137.40689411101206,232.43267151090697,5,1.0064107184414188,0.002757289639565531,8.078393972736539,20.64453981164386
2035,20197,Soybeans,83491332.16381498,8349.133216381497,5.431928899043218,all_cult,Soybeans,0.12942046457519057,22.77777777777778,56,467551.46011736384,2421.2247583007843,739.0667443162689,137.40689411101206,232.43267151090697,5,1.0064107184414188,0.002757289639565531,8.078393972736539,20.64453981164386
2035,20197,Wheat,7530280.724868099,753.02807248681,0.4899185152185996,all_cult,Wheat,NA,NA,89,67019.49845132609,2148.4209460449247,419.716755096988,115.26769785925356,102.69641944748548,5,1.0064107184414188,0.002757289639565531,8.078393972736539,20.64453981164386
2035,20209,Corn,2798441.748604609,279.8441748604609,1.0907251789658858,all_cult,Corn,NA,NA,250,69961.04371511523,2484.547626953128,800.5568426433185,132.11245021356822,268.86097557395004,5,1.093081060061823,0.0029947426303063647,9.078641909246599,20.4806346485713
2035,20209,Developed,144515431.86680782,14451.543186680783,56.32656829996687,developed,NA,NA,NA,NA,NA,NA,NA,NA,NA,NA,1.093081060061823,0.0029947426303063647,9.078641909246599,20.4806346485713
2035,20209,Double Crop,152719.71803613545,15.271971803613546,0.05952428413764306,all_cult,NA,NA,NA,NA,NA,NA,NA,NA,NA,NA,1.093081060061823,0.0029947426303063647,9.078641909246599,20.4806346485713
2035,20209,Grass/Pasture/Shrubland,41083799.11850462,4108.379911850462,16.01288794682744,grassPastureHay,NA,NA,NA,NA,NA,NA,NA,NA,NA,NA,1.093081060061823,0.0029947426303063647,9.078641909246599,20.4806346485713
2035,20209,Other Crops,1959154.8527385148,195.91548527385146,0.7636033619211925,all_cult,NA,NA,NA,NA,NA,NA,NA,NA,NA,NA,1.093081060061823,0.0029947426303063647,9.078641909246599,20.4806346485713
2035,20209,Sorghum,54127.80426680527,5.412780426680527,0.02109694047602745,all_cult,Sorghum,NA,NA,112,606.231407788219,2484.547626953128,800.5568426433185,132.11245021356822,268.86097557395004,5,1.093081060061823,0.0029947426303063647,9.078641909246599,20.4806346485713
2035,20209,Soybeans,8244134.676247953,824.4134676247953,3.213247256139296,all_cult,Soybeans,0.14562756367793683,4.75,56,46167.15418698854,2484.547626953128,800.5568426433185,132.11245021356822,268.86097557395004,5,1.093081060061823,0.0029947426303063647,9.078641909246599,20.4806346485713
2035,20209,Wheat,234900.57353758038,23.49005735375804,0.09155522720411169,all_cult,Wheat,NA,NA,89,2090.6151044844655,2190.663836059573,441.4957637616398,126.56942919217244,118.19270516541594,5,1.093081060061823,0.0029947426303063647,9.078641909246599,20.4806346485713
2036,20005,Corn,172734778.84431297,17273.477884431297,23.078910848652363,all_cult,Corn,0.10724545034749912,6.181818181818182,250,4318369.471107824,2381.683333129886,704.221186238943,174.16441876777992,259.33125377187696,5,0.9493738679833542,0.0025939176720856673,7.963502510779565,20.30439082077946
2036,20005,Developed,36578638.84791646,3657.863884791646,4.88723319405755,developed,NA,NA,NA,NA,NA,NA,NA,NA,NA,NA,0.9493738679833542,0.0025939176720856673,7.963502510779565,20.30439082077946
2036,20005,Double Crop,1451158.554832854,145.11585548328543,0.1938877575107932,all_cult,NA,NA,NA,NA,NA,NA,NA,NA,NA,NA,0.9493738679833542,0.0025939176720856673,7.963502510779565,20.30439082077946
2036,20005,Grass/Pasture/Shrubland,215288406.86893737,21528.840686893738,28.764456018176027,grassPastureHay,NA,NA,NA,NA,NA,NA,NA,NA,NA,NA,0.9493738679833542,0.0025939176720856673,7.963502510779565,20.30439082077946
2036,20005,Other Crops,29204979.705745928,2920.4979705745927,3.902046405912905,all_cult,NA,NA,NA,NA,NA,NA,NA,NA,NA,NA,0.9493738679833542,0.0025939176720856673,7.963502510779565,20.30439082077946
2036,20005,Sorghum,732239.3724075308,73.22393724075309,0.09783372699309156,all_cult,Sorghum,NA,NA,112,8201.080970964345,2381.683333129886,704.221186238943,174.16441876777992,259.33125377187696,5,0.9493738679833542,0.0025939176720856673,7.963502510779565,20.30439082077946
2036,20005,Soybeans,181600576.65296197,18160.057665296197,24.263460703620524,all_cult,Soybeans,0.07483265359624193,5,56,1016963.2292565871,2381.683333129886,704.221186238943,174.16441876777992,259.33125377187696,5,0.9493738679833542,0.0025939176720856673,7.963502510779565,20.30439082077946
2036,20005,Wheat,5908069.702597459,590.8069702597459,0.7893709354082403,all_cult,Wheat,NA,NA,89,52581.82035311738,2118.113176269534,499.3344212001682,215.03959818722555,210.4169770742961,5,0.9493738679833542,0.0025939176720856673,7.963502510779565,20.30439082077946
2036,20013,Corn,113276297.82191704,11327.629782191703,25.36090350021212,all_cult,Corn,0.12646432205391206,17.5625,250,2831907.445547926,2349.5637829589873,690.1247038781171,173.24065354112773,267.5435859517129,5,0.9321380877326655,0.0025468253763187582,7.468675265286161,20.24887839562257
2036,20013,Developed,24170977.38782201,2417.0977387822013,5.411527714315524,developed,NA,NA,NA,NA,NA,NA,NA,NA,NA,NA,0.9321380877326655,0.0025468253763187582,7.468675265286161,20.24887839562257
2036,20013,Double Crop,542048.8992527233,54.20488992527234,0.12135680712267008,all_cult,NA,NA,NA,NA,NA,NA,NA,NA,NA,NA,0.9321380877326655,0.0025468253763187582,7.468675265286161,20.24887839562257
2036,20013,Grass/Pasture/Shrubland,122499833.68113159,12249.983368113159,27.425918047421547,grassPastureHay,NA,NA,NA,NA,NA,NA,NA,NA,NA,NA,0.9321380877326655,0.0025468253763187582,7.468675265286161,20.24887839562257
2036,20013,Other Crops,13090232.71280689,1309.023271280689,2.9307113227404837,all_cult,NA,NA,NA,NA,NA,NA,NA,NA,NA,NA,0.9321380877326655,0.0025468253763187582,7.468675265286161,20.24887839562257
2036,20013,Sorghum,333636.9508835004,33.363695088350035,0.07469642527304013,all_cult,Sorghum,NA,NA,112,3736.733849895204,2349.5637829589873,690.1247038781171,173.24065354112773,267.5435859517129,5,0.9321380877326655,0.0025468253763187582,7.468675265286161,20.24887839562257
2036,20013,Soybeans,123405327.24801578,12340.532724801578,27.62864479089188,all_cult,Soybeans,0.10147480973744562,10.461538461538462,56,691069.8325888884,2349.5637829589873,690.1247038781171,173.24065354112773,267.5435859517129,5,0.9321380877326655,0.0025468253763187582,7.468675265286161,20.24887839562257
2036,20013,Wheat,3906288.4515680084,390.6288451568008,0.8745607542714157,all_cult,Wheat,NA,NA,89,34765.96721895527,2080.0759118652372,493.82774691279144,219.5874749821949,206.3085916820101,5,0.9321380877326655,0.0025468253763187582,7.468675265286161,20.24887839562257
2036,20045,Corn,74392843.99321488,7439.284399321487,7.631923083362056,all_cult,Corn,0.1459526935617447,11,250,1859821.0998303718,2426.691188964847,707.8745050110557,177.27433785269704,270.46547571450964,5,0.9698043354859094,0.0026497386215462004,8.604921543142206,20.582860385915644
2036,20045,Developed,130402436.2681122,13040.24362681122,13.37791795635647,developed,NA,NA,NA,NA,NA,NA,NA,NA,NA,NA,0.9698043354859094,0.0026497386215462004,8.604921543142206,20.582860385915644
2036,20045,Double Crop,4220114.888463862,422.01148884638627,0.4329393864098648,all_cult,NA,NA,NA,NA,NA,NA,NA,NA,NA,NA,0.9698043354859094,0.0026497386215462004,8.604921543142206,20.582860385915644
2036,20045,Grass/Pasture/Shrubland,354830010.0217444,35483.00100217444,36.40182575089523,grassPastureHay,NA,NA,NA,NA,NA,NA,NA,NA,NA,NA,0.9698043354859094,0.0026497386215462004,8.604921543142206,20.582860385915644
2036,20045,Other Crops,37964614.628596716,3796.4614628596714,3.8947700233285687,all_cult,NA,NA,NA,NA,NA,NA,NA,NA,NA,NA,0.9698043354859094,0.0026497386215462004,8.604921543142206,20.582860385915644
2036,20045,Sorghum,671055.755263424,67.1055755263424,0.06884326010288025,all_cult,Sorghum,NA,NA,112,7515.824458950349,2426.691188964847,707.8745050110557,177.27433785269704,270.46547571450964,5,0.9698043354859094,0.0026497386215462004,8.604921543142206,20.582860385915644
2036,20045,Soybeans,100028766.3995359,10002.876639953589,10.261898998705805,all_cult,Soybeans,0.11420951862362651,8.5,56,560161.091837401,2426.691188964847,707.8745050110557,177.27433785269704,270.46547571450964,5,0.9698043354859094,0.0026497386215462004,8.604921543142206,20.582860385915644
2036,20045,Wheat,7085783.937909698,708.5783937909698,0.7269268802840957,all_cult,Wheat,NA,NA,89,63063.477047396314,2182.0567211914095,551.540028364233,211.73993021754995,246.6552984221727,5,0.9698043354859094,0.0026497386215462004,8.604921543142206,20.582860385915644
2036,20061,Corn,31722102.062803604,3172.21020628036,4.044269831598419,all_cult,Corn,0.16936452361704205,12.944444444444445,250,793052.55157009,2390.5361004638703,659.4197127839428,183.21381581199935,252.70225367385436,5,0.8845448203187866,0.0024167891265540614,7.829566813818116,20.669527206004016
2036,20061,Developed,61171563.9285717,6117.15639285717,7.798799400437711,developed,NA,NA,NA,NA,NA,NA,NA,NA,NA,NA,0.8845448203187866,0.0024167891265540614,7.829566813818116,20.669527206004016
2036,20061,Double Crop,5604030.762346523,560.4030762346523,0.7144612454318694,all_cult,NA,NA,NA,NA,NA,NA,NA,NA,NA,NA,0.8845448203187866,0.0024167891265540614,7.829566813818116,20.669527206004016
2036,20061,Grass/Pasture/Shrubland,476190220.2809351,47619.02202809351,60.70977699307564,grassPastureHay,NA,NA,NA,NA,NA,NA,NA,NA,NA,NA,0.8845448203187866,0.0024167891265540614,7.829566813818116,20.669527206004016
2036,20061,Other Crops,18227803.79878525,1822.7803798785249,2.323873646638379,all_cult,NA,NA,NA,NA,NA,NA,NA,NA,NA,NA,0.8845448203187866,0.0024167891265540614,7.829566813818116,20.669527206004016
2036,20061,Sorghum,5491901.736070833,549.1901736070832,0.7001658485721192,all_cult,Sorghum,NA,NA,112,61509.299443993325,2390.5361004638703,659.4197127839428,183.21381581199935,252.70225367385436,5,0.8845448203187866,0.0024167891265540614,7.829566813818116,20.669527206004016
2036,20061,Soybeans,39491221.54782481,3949.1221547824807,5.03475953777074,all_cult,Soybeans,0.12217913528938978,7.666666666666667,56,221150.8406678189,2390.5361004638703,659.4197127839428,183.21381581199935,252.70225367385436,5,0.8845448203187866,0.0024167891265540614,7.829566813818116,20.669527206004016
2036,20061,Wheat,15495075.277191846,1549.5075277191845,1.9754764472362665,all_cult,Wheat,NA,NA,89,137906.16996700742,2127.962597045901,505.53018768012384,232.4266578881088,223.69480029736,5,0.8845448203187866,0.0024167891265540614,7.829566813818116,20.669527206004016
2036,20085,Corn,134933024.35661882,13493.30243566188,7.9306511901880965,all_cult,Corn,NA,NA,250,3373325.60891547,2368.1097534179717,699.8884695265177,176.34396748620665,248.90367477903473,5,0.9430224619350008,0.002576564103647543,7.697141753650126,20.435641429463395
2036,20085,Developed,75618361.35140783,7561.836135140783,4.444448275810096,developed,NA,NA,NA,NA,NA,NA,NA,NA,NA,NA,0.9430224619350008,0.002576564103647543,7.697141753650126,20.435641429463395
2036,20085,Double Crop,1864792.83802623,186.479283802623,0.10960268333762817,all_cult,NA,NA,NA,NA,NA,NA,NA,NA,NA,NA,0.9430224619350008,0.002576564103647543,7.697141753650126,20.435641429463395
2036,20085,Grass/Pasture/Shrubland,941187748.5802637,94118.77485802637,55.31804963283908,grassPastureHay,NA,NA,NA,NA,NA,NA,NA,NA,NA,NA,0.9430224619350008,0.002576564103647543,7.697141753650126,20.435641429463395
2036,20085,Other Crops,98052397.627671,9805.2397627671,5.7630025537076115,all_cult,NA,NA,NA,NA,NA,NA,NA,NA,NA,NA,0.9430224619350008,0.002576564103647543,7.697141753650126,20.435641429463395
2036,20085,Sorghum,4069081.398774073,406.9081398774073,0.23915913388905596,all_cult,Sorghum,NA,NA,112,45573.71166626961,2368.1097534179717,699.8884695265177,176.34396748620665,248.90367477903473,5,0.9430224619350008,0.002576564103647543,7.697141753650126,20.435641429463395
2036,20085,Soybeans,170772946.2930534,17077.29462930534,10.037132690300496,all_cult,Soybeans,NA,NA,56,956328.499241099,2368.1097534179717,699.8884695265177,176.34396748620665,248.90367477903473,5,0.9430224619350008,0.002576564103647543,7.697141753650126,20.435641429463395
2036,20085,Wheat,13725583.902961861,1372.5583902961862,0.8067173980208171,all_cult,Wheat,NA,NA,89,122157.69673636057,2108.102421264651,511.217126486612,221.1579592991149,221.285878181064,5,0.9430224619350008,0.002576564103647543,7.697141753650126,20.435641429463395
2036,20087,Corn,155094058.297135,15509.4058297135,10.788896738521789,all_cult,Corn,0.13078338055311117,25.77777777777778,250,3877351.457428375,2393.2797705078156,716.4362160941665,176.81097212599454,262.9777287823037,5,0.968423686547307,0.002645966356686631,8.234501014250899,20.391530638314357
2036,20087,Developed,83037617.78054704,8303.761778054704,5.7763933285619125,developed,NA,NA,NA,NA,NA,NA,NA,NA,NA,NA,0.968423686547307,0.002645966356686631,8.234501014250899,20.391530638314357
2036,20087,Double Crop,3214015.8179615135,321.4015817961514,0.2235784217441099,all_cult,NA,NA,NA,NA,NA,NA,NA,NA,NA,NA,0.968423686547307,0.002645966356686631,8.234501014250899,20.391530638314357
2036,20087,Grass/Pasture/Shrubland,533878677.1787268,53387.86771787268,37.138507962340775,grassPastureHay,NA,NA,NA,NA,NA,NA,NA,NA,NA,NA,0.968423686547307,0.002645966356686631,8.234501014250899,20.391530638314357
2036,20087,Other Crops,67978226.39294052,6797.822639294052,4.728808266891807,all_cult,NA,NA,NA,NA,NA,NA,NA,NA,NA,NA,0.968423686547307,0.002645966356686631,8.234501014250899,20.391530638314357
2036,20087,Sorghum,2078940.1655916602,207.89401655916603,0.1446185045281528,all_cult,Sorghum,NA,NA,112,23284.129854626597,2393.2797705078156,716.4362160941665,176.81097212599454,262.9777287823037,5,0.968423686547307,0.002645966356686631,8.234501014250899,20.391530638314357
2036,20087,Soybeans,173639107.61438552,17363.91076143855,12.078956617613274,all_cult,Soybeans,0.09985991575255485,13.833333333333334,56,972379.0026405589,2393.2797705078156,716.4362160941665,176.81097212599454,262.9777287823037,5,0.968423686547307,0.002645966356686631,8.234501014250899,20.391530638314357
2036,20087,Wheat,7377427.0278590415,737.7427027859042,0.5132001784817648,all_cult,Wheat,NA,NA,89,65659.10054794548,2144.479202270511,531.8596710779652,214.76520902181753,241.81122325421396,5,0.968423686547307,0.002645966356686631,8.234501014250899,20.391530638314357
2036,20091,Corn,20137063.169311535,2013.7063169311532,3.334881975218613,all_cult,Corn,0.14955141172933145,4,250,503426.5792327883,2434.620853881839,739.2460776190081,174.78486107677782,247.2812413985673,5,1.010473066486708,0.002760855372914503,8.829518819506726,20.48048192425506
2036,20091,Developed,271607528.4848879,27160.752848488788,44.98069273866694,developed,NA,NA,NA,NA,NA,NA,NA,NA,NA,NA,1.010473066486708,0.002760855372914503,8.829518819506726,20.48048192425506
2036,20091,Double Crop,2013905.6882216034,201.39056882216036,0.3335212152324038,all_cult,NA,NA,NA,NA,NA,NA,NA,NA,NA,NA,1.010473066486708,0.002760855372914503,8.829518819506726,20.48048192425506
2036,20091,Grass/Pasture/Shrubland,139667491.4795437,13966.749147954368,23.130214964462166,grassPastureHay,NA,NA,NA,NA,NA,NA,NA,NA,NA,NA,1.010473066486708,0.002760855372914503,8.829518819506726,20.48048192425506
2036,20091,Other Crops,14581458.923742233,1458.1458923742232,2.4148230617504245,all_cult,NA,NA,NA,NA,NA,NA,NA,NA,NA,NA,1.010473066486708,0.002760855372914503,8.829518819506726,20.48048192425506
2036,20091,Sorghum,265245.84730308503,26.524584730308504,0.043927140106542625,all_cult,Sorghum,NA,NA,112,2970.7534897945525,2434.620853881839,739.2460776190081,174.78486107677782,247.2812413985673,5,1.010473066486708,0.002760855372914503,8.829518819506726,20.48048192425506
2036,20091,Soybeans,40506888.73460731,4050.688873460731,6.708311533684595,all_cult,Soybeans,NA,NA,56,226838.57691380093,2434.620853881839,739.2460776190081,174.78486107677782,247.2812413985673,5,1.010473066486708,0.002760855372914503,8.829518819506726,20.48048192425506
2036,20091,Wheat,3047090.5931461067,304.70905931461067,0.5046260922212007,all_cult,Wheat,NA,NA,89,27119.10627900035,2193.233582763675,577.5520385693324,207.6148988284325,240.64341091823297,5,1.010473066486708,0.002760855372914503,8.829518819506726,20.48048192425506
2036,20103,Corn,55676654.53817842,5567.665453817842,6.162232243462533,all_cult,Corn,0.09926099891867379,4.75,250,1391916.3634544604,2419.540275878909,712.7025194898115,173.77516961270732,258.81414936116937,5,0.9685991461911427,0.0026464457546206085,8.54493440721858,20.480590069880275
2036,20103,Developed,66222526.18511143,6622.252618511144,7.329437975150055,developed,NA,NA,NA,NA,NA,NA,NA,NA,NA,NA,0.9685991461911427,0.0026464457546206085,8.54493440721858,20.480590069880275
2036,20103,Double Crop,2239300.7972116056,223.93007972116058,0.2478434038440015,all_cult,NA,NA,NA,NA,NA,NA,NA,NA,NA,NA,0.9685991461911427,0.0026464457546206085,8.54493440721858,20.480590069880275
2036,20103,Grass/Pasture/Shrubland,361083573.13099504,36108.3573130995,39.96434152498699,grassPastureHay,NA,NA,NA,NA,NA,NA,NA,NA,NA,NA,0.9685991461911427,0.0026464457546206085,8.54493440721858,20.480590069880275
2036,20103,Other Crops,54377617.6404599,5437.76176404599,6.018456236750789,all_cult,NA,NA,NA,NA,NA,NA,NA,NA,NA,NA,0.9685991461911427,0.0026464457546206085,8.54493440721858,20.480590069880275
2036,20103,Sorghum,567901.3203360821,56.79013203360822,0.06285470735100035,all_cult,Sorghum,NA,NA,112,6360.494787764121,2419.540275878909,712.7025194898115,173.77516961270732,258.81414936116937,5,0.9685991461911427,0.0026464457546206085,8.54493440721858,20.480590069880275
2036,20103,Soybeans,101039226.18326606,10103.922618326606,11.18291288522158,all_cult,Soybeans,0.11410095968932568,4.571428571428571,56,565819.66662629,2419.540275878909,712.7025194898115,173.77516961270732,258.81414936116937,5,0.9685991461911427,0.0026464457546206085,8.54493440721858,20.480590069880275
2036,20103,Wheat,4817340.8524583215,481.7340852458321,0.5331781044497215,all_cult,Wheat,NA,NA,89,42874.33358687905,2173.102711791995,539.1333605961122,208.60126831376593,232.33919011662937,5,0.9685991461911427,0.0026464457546206085,8.54493440721858,20.480590069880275
2036,20117,Corn,1797933.5665907045,179.79335665907044,8.787790125047634,all_cult,Corn,0.16261062771687598,15.722222222222221,250,44948.33916476761,2319.312883911136,649.5375770692506,179.71999218496444,226.0917529000912,5,0.8745558950475266,0.002389496981004171,7.232390807104915,20.078539588803174
2036,20117,Developed,709093.4285035765,70.90934285035766,3.465847873654197,developed,NA,NA,NA,NA,NA,NA,NA,NA,NA,NA,0.8745558950475266,0.002389496981004171,7.232390807104915,20.078539588803174
2036,20117,Double Crop,17005.082052877187,1.700508205287719,0.08311602548433755,all_cult,NA,NA,NA,NA,NA,NA,NA,NA,NA,NA,0.8745558950475266,0.002389496981004171,7.232390807104915,20.078539588803174
2036,20117,Grass/Pasture/Shrubland,13608757.209524421,1360.8757209524422,66.51575143947134,grassPastureHay,NA,NA,NA,NA,NA,NA,NA,NA,NA,NA,0.8745558950475266,0.002389496981004171,7.232390807104915,20.078539588803174
2036,20117,Other Crops,368569.7378671669,36.856973786716694,1.801464505144208,all_cult,NA,NA,NA,NA,NA,NA,NA,NA,NA,NA,0.8745558950475266,0.002389496981004171,7.232390807104915,20.078539588803174
2036,20117,Sorghum,113210.96189225193,11.321096189225193,0.5533431220433721,all_cult,Sorghum,NA,NA,112,1267.9627731932217,2319.312883911136,649.5375770692506,179.71999218496444,226.0917529000912,5,0.8745558950475266,0.002389496981004171,7.232390807104915,20.078539588803174
2036,20117,Soybeans,2250086.8872694396,225.00868872694397,10.99778751332857,all_cult,Soybeans,0.12228514283699721,8.25,56,12600.486568708862,2319.312883911136,649.5375770692506,179.71999218496444,226.0917529000912,5,0.8745558950475266,0.002389496981004171,7.232390807104915,20.078539588803174
2036,20117,Wheat,234744.84118524572,23.474484118524572,1.1473663074132867,all_cult,Wheat,NA,NA,89,2089.229086548687,2050.89947937012,478.9532712451692,229.9461841754525,202.3924025014725,5,0.8745558950475266,0.002389496981004171,7.232390807104915,20.078539588803174
2036,20127,Corn,10941387.892613748,1094.1387892613748,4.064821675495574,all_cult,Corn,NA,NA,250,273534.6973153437,2392.6478460693393,667.5339758440105,182.15666876456504,262.4694065233398,5,0.8982025235926446,0.0024541052557176084,7.8748502887663525,20.64693942043953
2036,20127,Developed,12128694.282144045,1212.8694282144045,4.50591642462472,developed,NA,NA,NA,NA,NA,NA,NA,NA,NA,NA,0.8982025235926446,0.0024541052557176084,7.8748502887663525,20.64693942043953
2036,20127,Double Crop,4499199.088895911,449.9199088895911,1.671491967784096,all_cult,NA,NA,NA,NA,NA,NA,NA,NA,NA,NA,0.8982025235926446,0.0024541052557176084,7.8748502887663525,20.64693942043953
2036,20127,Grass/Pasture/Shrubland,158101691.18434784,15810.169118434784,58.73616652348874,grassPastureHay,NA,NA,NA,NA,NA,NA,NA,NA,NA,NA,0.8982025235926446,0.0024541052557176084,7.8748502887663525,20.64693942043953
2036,20127,Other Crops,10981377.128665583,1098.1377128665583,4.079678027823576,all_cult,NA,NA,NA,NA,NA,NA,NA,NA,NA,NA,0.8982025235926446,0.0024541052557176084,7.8748502887663525,20.64693942043953
2036,20127,Sorghum,7272388.587591114,727.2388587591115,2.701756217181813,all_cult,Sorghum,NA,NA,112,81450.75218102049,2392.6478460693393,667.5339758440105,182.15666876456504,262.4694065233398,5,0.8982025235926446,0.0024541052557176084,7.8748502887663525,20.64693942043953
2036,20127,Soybeans,28686301.015498407,2868.6301015498407,10.657212713965244,all_cult,Soybeans,0.11686486262093489,4,56,160643.2856867911,2392.6478460693393,667.5339758440105,182.15666876456504,262.4694065233398,5,0.8982025235926446,0.0024541052557176084,7.8748502887663525,20.64693942043953
2036,20127,Wheat,20934850.636842933,2093.485063684293,7.777480834890052,all_cult,Wheat,NA,NA,89,186320.17066790207,2128.1398907470734,526.6673041684194,235.78426294837183,233.3476659931596,5,0.8982025235926446,0.0024541052557176084,7.8748502887663525,20.64693942043953
2036,20131,Corn,124792211.963085,12479.2211963085,16.444051346315263,all_cult,Corn,0.12528513936677563,9.454545454545455,250,3119805.299077125,2318.61522521973,674.9652697973564,176.06716773740013,249.30630056703276,5,0.907107135863857,0.0024784347974422323,7.24012229377457,20.03194534218379
2036,20131,Developed,34827921.40223819,3482.792140223819,4.589325878711502,developed,NA,NA,NA,NA,NA,NA,NA,NA,NA,NA,0.907107135863857,0.0024784347974422323,7.24012229377457,20.03194534218379
2036,20131,Double Crop,1288597.7379512293,128.85977379512295,0.1698003988733199,all_cult,NA,NA,NA,NA,NA,NA,NA,NA,NA,NA,0.907107135863857,0.0024784347974422323,7.24012229377457,20.03194534218379
2036,20131,Grass/Pasture/Shrubland,328086582.4549448,32808.65824549448,43.232446344665604,grassPastureHay,NA,NA,NA,NA,NA,NA,NA,NA,NA,NA,0.907107135863857,0.0024784347974422323,7.24012229377457,20.03194534218379
2036,20131,Other Crops,27101730.321978156,2710.1730321978157,3.5712344382550913,all_cult,NA,NA,NA,NA,NA,NA,NA,NA,NA,NA,0.907107135863857,0.0024784347974422323,7.24012229377457,20.03194534218379
2036,20131,Sorghum,2055671.3741418559,205.5671374141856,0.2708788080264065,all_cult,Sorghum,NA,NA,112,23023.519390388785,2318.61522521973,674.9652697973564,176.06716773740013,249.30630056703276,5,0.907107135863857,0.0024784347974422323,7.24012229377457,20.03194534218379
2036,20131,Soybeans,136674912.54505298,13667.491254505298,18.00985209164201,all_cult,Soybeans,0.1067341402930363,5.142857142857143,56,765379.5102522967,2318.61522521973,674.9652697973564,176.06716773740013,249.30630056703276,5,0.907107135863857,0.0024784347974422323,7.24012229377457,20.03194534218379
2036,20131,Wheat,9588450.555545796,958.8450555545795,1.2634840811511674,all_cult,Wheat,NA,NA,89,85337.20994435757,2046.2074499511748,488.9597728577735,225.32978030930485,205.3997197742038,5,0.907107135863857,0.0024784347974422323,7.24012229377457,20.03194534218379
2036,20139,Corn,20890964.22588984,2089.096422588984,9.4988079569725965,all_cult,Corn,NA,NA,250,522274.10564724595,2401.6769665527377,687.1679319655661,176.91814218401447,272.4498402646997,5,0.9446387376961537,0.002580980157639764,8.220401943185966,20.513213769464567
2036,20139,Developed,11858545.489950646,1185.8545489950645,5.391902692479325,developed,NA,NA,NA,NA,NA,NA,NA,NA,NA,NA,0.9446387376961537,0.002580980157639764,8.220401943185966,20.513213769464567
2036,20139,Double Crop,1849135.1156913848,184.91351156913848,0.8407739901578724,all_cult,NA,NA,NA,NA,NA,NA,NA,NA,NA,NA,0.9446387376961537,0.002580980157639764,8.220401943185966,20.513213769464567
2036,20139,Grass/Pasture/Shrubland,108139234.26990536,10813.923426990536,49.1692871538651,grassPastureHay,NA,NA,NA,NA,NA,NA,NA,NA,NA,NA,0.9446387376961537,0.002580980157639764,8.220401943185966,20.513213769464567
2036,20139,Other Crops,6302951.103083336,630.2951103083336,2.86585728849129,all_cult,NA,NA,NA,NA,NA,NA,NA,NA,NA,NA,0.9446387376961537,0.002580980157639764,8.220401943185966,20.513213769464567
2036,20139,Sorghum,252758.48461129973,25.27584846112997,0.11492549021948671,all_cult,Sorghum,NA,NA,112,2830.8950276465566,2401.6769665527377,687.1679319655661,176.91814218401447,272.4498402646997,5,0.9446387376961537,0.002580980157639764,8.220401943185966,20.513213769464567
2036,20139,Soybeans,28064514.38751116,2806.4514387511163,12.76051357372463,all_cult,Soybeans,NA,NA,56,157161.28057006252,2401.6769665527377,687.1679319655661,176.91814218401447,272.4498402646997,5,0.9446387376961537,0.002580980157639764,8.220401943185966,20.513213769464567
2036,20139,Wheat,1738320.944623076,173.8320944623076,0.7903884493801757,all_cult,Wheat,NA,NA,89,15471.056407145375,2151.1042462158234,542.461834658009,218.65528638167635,248.96703373913783,5,0.9446387376961537,0.002580980157639764,8.220401943185966,20.513213769464567
2036,20149,Corn,136791901.8519852,13679.190185198519,7.982141503627487,all_cult,Corn,0.1326174661314905,62.44444444444444,250,3419797.54629963,2369.8465893554717,655.3526317255867,181.00093726871071,234.42420734561952,5,0.8798485838258308,0.0024039578793055485,7.618800078845438,20.526153956345546
2036,20149,Developed,87781477.02653997,8778.147702653996,5.122263537072818,developed,NA,NA,NA,NA,NA,NA,NA,NA,NA,NA,0.8798485838258308,0.0024039578793055485,7.618800078845438,20.526153956345546
2036,20149,Double Crop,1803166.4492782145,180.31664492782144,0.1052191654466961,all_cult,NA,NA,NA,NA,NA,NA,NA,NA,NA,NA,0.8798485838258308,0.0024039578793055485,7.618800078845438,20.526153956345546
2036,20149,Grass/Pasture/Shrubland,1058221194.9777538,105822.11949777538,61.749790785057485,grassPastureHay,NA,NA,NA,NA,NA,NA,NA,NA,NA,NA,0.8798485838258308,0.0024039578793055485,7.618800078845438,20.526153956345546
2036,20149,Other Crops,34485813.7618199,3448.58137618199,2.012331443512244,all_cult,NA,NA,NA,NA,NA,NA,NA,NA,NA,NA,0.8798485838258308,0.0024039578793055485,7.618800078845438,20.526153956345546
2036,20149,Sorghum,5647082.09049503,564.708209049503,0.3295210295248753,all_cult,Sorghum,NA,NA,112,63247.319413544334,2369.8465893554717,655.3526317255867,181.00093726871071,234.42420734561952,5,0.8798485838258308,0.0024039578793055485,7.618800078845438,20.526153956345546
2036,20149,Soybeans,153915907.33370754,15391.590733370755,8.98136903839706,all_cult,Soybeans,0.11392545848870632,51.611111111111114,56,861929.0810687622,2369.8465893554717,655.3526317255867,181.00093726871071,234.42420734561952,5,0.8798485838258308,0.0024039578793055485,7.618800078845438,20.526153956345546
2036,20149,Wheat,13424373.002870617,1342.4373002870618,0.7833449455387832,all_cult,Wheat,NA,NA,89,119476.9197255485,2107.088811035159,485.5062710710507,228.00970822809143,211.9858576949563,5,0.8798485838258308,0.0024039578793055485,7.618800078845438,20.526153956345546
2036,20161,Corn,29887562.457934357,2988.756245793436,3.7374801575206362,all_cult,Corn,0.14127372152863188,12.444444444444445,250,747189.0614483589,2387.566521606448,634.3199989254115,182.7887212431065,235.2629751269427,5,0.8565052175859416,0.002340178190125523,7.708464550581158,20.718491851306375
2036,20161,Developed,93189704.06140432,9318.970406140432,11.653498685445852,developed,NA,NA,NA,NA,NA,NA,NA,NA,NA,NA,0.8565052175859416,0.002340178190125523,7.708464550581158,20.718491851306375
2036,20161,Double Crop,2321662.5391971655,232.16625391971652,0.2903270443991936,all_cult,NA,NA,NA,NA,NA,NA,NA,NA,NA,NA,0.8565052175859416,0.002340178190125523,7.708464550581158,20.718491851306375
2036,20161,Grass/Pasture/Shrubland,421935273.9416269,42193.527394162695,52.76357736882686,grassPastureHay,NA,NA,NA,NA,NA,NA,NA,NA,NA,NA,0.8565052175859416,0.002340178190125523,7.708464550581158,20.718491851306375
2036,20161,Other Crops,10313350.483787943,1031.3350483787942,1.2896984437913022,all_cult,NA,NA,NA,NA,NA,NA,NA,NA,NA,NA,0.8565052175859416,0.002340178190125523,7.708464550581158,20.718491851306375
2036,20161,Sorghum,8046145.345421317,804.6145345421318,1.0061813711092988,all_cult,Sorghum,NA,NA,112,90116.82786871876,2387.566521606448,634.3199989254115,182.7887212431065,235.2629751269427,5,0.8565052175859416,0.002340178190125523,7.708464550581158,20.718491851306375
2036,20161,Soybeans,56043067.26954317,5604.306726954317,7.008261452613234,all_cult,Soybeans,0.12420661341954765,10.38888888888889,56,313841.17670944176,2387.566521606448,634.3199989254115,182.7887212431065,235.2629751269427,5,0.8565052175859416,0.002340178190125523,7.708464550581158,20.718491851306375
2036,20161,Wheat,14763447.35949416,1476.3447359494162,1.8461890841841313,all_cult,Wheat,NA,NA,89,131394.68149949805,2124.295155639651,473.5301548476169,231.2165768695052,207.82095862267144,5,0.8565052175859416,0.002340178190125523,7.708464550581158,20.718491851306375
2036,20177,Corn,132475537.80653152,13247.553780653152,9.091050553311547,all_cult,Corn,0.12030458771317423,83,250,3311888.445163288,2403.9274450683624,691.2472356440963,177.35455373247248,262.80604820853785,5,0.9366800348587234,0.0025592350679200094,8.181894871445976,20.526864615685323
2036,20177,Developed,255013934.0237044,25501.393402370442,17.50017100813045,developed,NA,NA,NA,NA,NA,NA,NA,NA,NA,NA,0.9366800348587234,0.0025592350679200094,8.181894871445976,20.526864615685323
2036,20177,Double Crop,2797246.7569815805,279.7246756981581,0.19195930130847558,all_cult,NA,NA,NA,NA,NA,NA,NA,NA,NA,NA,0.9366800348587234,0.0025592350679200094,8.181894871445976,20.526864615685323
2036,20177,Grass/Pasture/Shrubland,626083355.6398722,62608.33556398722,42.96457693964075,grassPastureHay,NA,NA,NA,NA,NA,NA,NA,NA,NA,NA,0.9366800348587234,0.0025592350679200094,8.181894871445976,20.526864615685323
2036,20177,Other Crops,33361526.081880283,3336.1526081880284,2.289413767762353,all_cult,NA,NA,NA,NA,NA,NA,NA,NA,NA,NA,0.9366800348587234,0.0025592350679200094,8.181894871445976,20.526864615685323
2036,20177,Sorghum,2303954.5452317544,230.39545452317543,0.15810743319134585,all_cult,Sorghum,NA,NA,112,25804.29090659565,2403.9274450683624,691.2472356440963,177.35455373247248,262.80604820853785,5,0.9366800348587234,0.0025592350679200094,8.181894871445976,20.526864615685323
2036,20177,Soybeans,145627766.023613,14562.7766023613,9.993613951731533,all_cult,Soybeans,0.09768281806034469,42.833333333333336,56,815515.4897322329,2403.9274450683624,691.2472356440963,177.35455373247248,262.80604820853785,5,0.9366800348587234,0.0025592350679200094,8.181894871445976,20.526864615685323
2036,20177,Wheat,9565647.685078032,956.5647685078033,0.656436562704971,all_cult,Wheat,NA,NA,89,85134.26439719449,2150.2863598632844,525.8106826361269,219.8613635182401,241.6717227303442,5,0.9366800348587234,0.0025592350679200094,8.181894871445976,20.526864615685323
2036,20197,Corn,69733578.79693311,6973.357879693312,4.536852294529976,all_cult,Corn,0.14186117514330646,28.666666666666668,250,1743339.469923328,2385.5507531738313,686.092739400597,179.66384662684533,261.42651649100543,5,0.9127922412983093,0.002493967872399752,7.86457107627329,20.565766398112004
2036,20197,Developed,54289406.85937861,5428.940685937861,3.5320576446519008,developed,NA,NA,NA,NA,NA,NA,NA,NA,NA,NA,0.9127922412983093,0.002493967872399752,7.86457107627329,20.565766398112004
2036,20197,Double Crop,1125869.9276987636,112.58699276987635,0.07324886594013556,all_cult,NA,NA,NA,NA,NA,NA,NA,NA,NA,NA,0.9127922412983093,0.002493967872399752,7.86457107627329,20.565766398112004
2036,20197,Grass/Pasture/Shrubland,1169502873.1037595,116950.28731037596,76.08761639426346,grassPastureHay,NA,NA,NA,NA,NA,NA,NA,NA,NA,NA,0.9127922412983093,0.002493967872399752,7.86457107627329,20.565766398112004
2036,20197,Other Crops,29094649.42529061,2909.464942529061,1.8928919077573607,all_cult,NA,NA,NA,NA,NA,NA,NA,NA,NA,NA,0.9127922412983093,0.002493967872399752,7.86457107627329,20.565766398112004
2036,20197,Sorghum,3287931.385599168,328.7931385599168,0.21391213972326276,all_cult,Sorghum,NA,NA,112,36824.831518710685,2385.5507531738313,686.092739400597,179.66384662684533,261.42651649100543,5,0.9127922412983093,0.002493967872399752,7.86457107627329,20.565766398112004
2036,20197,Soybeans,83491332.16381498,8349.133216381497,5.431928899043218,all_cult,Soybeans,0.12942046457519057,22.77777777777778,56,467551.46011736384,2385.5507531738313,686.092739400597,179.66384662684533,261.42651649100543,5,0.9127922412983093,0.002493967872399752,7.86457107627329,20.565766398112004
2036,20197,Wheat,7530280.724868099,753.02807248681,0.4899185152185996,all_cult,Wheat,NA,NA,89,67019.49845132609,2126.305796508792,519.873255844012,224.6979871003078,232.04128153111023,5,0.9127922412983093,0.002493967872399752,7.86457107627329,20.565766398112004
2036,20209,Corn,2798441.748604609,279.8441748604609,1.0907251789658858,all_cult,Corn,NA,NA,250,69961.04371511523,2445.5911230468782,720.8204814328137,174.17558120098928,237.5370179419285,5,0.9828231113726612,0.0026853090474662877,8.913241118550975,20.3755682856659
2036,20209,Developed,144515431.86680782,14451.543186680783,56.32656829996687,developed,NA,NA,NA,NA,NA,NA,NA,NA,NA,NA,0.9828231113726612,0.0026853090474662877,8.913241118550975,20.3755682856659
2036,20209,Double Crop,152719.71803613545,15.271971803613546,0.05952428413764306,all_cult,NA,NA,NA,NA,NA,NA,NA,NA,NA,NA,0.9828231113726612,0.0026853090474662877,8.913241118550975,20.3755682856659
2036,20209,Grass/Pasture/Shrubland,41083799.11850462,4108.379911850462,16.01288794682744,grassPastureHay,NA,NA,NA,NA,NA,NA,NA,NA,NA,NA,0.9828231113726612,0.0026853090474662877,8.913241118550975,20.3755682856659
2036,20209,Other Crops,1959154.8527385148,195.91548527385146,0.7636033619211925,all_cult,NA,NA,NA,NA,NA,NA,NA,NA,NA,NA,0.9828231113726612,0.0026853090474662877,8.913241118550975,20.3755682856659
2036,20209,Sorghum,54127.80426680527,5.412780426680527,0.02109694047602745,all_cult,Sorghum,NA,NA,112,606.231407788219,2445.5911230468782,720.8204814328137,174.17558120098928,237.5370179419285,5,0.9828231113726612,0.0026853090474662877,8.913241118550975,20.3755682856659
2036,20209,Soybeans,8244134.676247953,824.4134676247953,3.213247256139296,all_cult,Soybeans,0.14562756367793683,4.75,56,46167.15418698854,2445.5911230468782,720.8204814328137,174.17558120098928,237.5370179419285,5,0.9828231113726612,0.0026853090474662877,8.913241118550975,20.3755682856659
2036,20209,Wheat,234900.57353758038,23.49005735375804,0.09155522720411169,all_cult,Wheat,NA,NA,89,2090.6151044844655,2188.1215020751984,549.971876940163,206.72958801531607,233.2152566257497,5,0.9828231113726612,0.0026853090474662877,8.913241118550975,20.3755682856659
2037,20005,Corn,172734778.84431297,17273.477884431297,23.078910848652363,all_cult,Corn,0.10724545034749912,6.181818181818182,250,4318369.471107824,2412.0343872070343,644.6366702576504,154.14485650713283,167.45594608804336,5,0.8756745238236976,0.0023991082844484865,8.376471465646427,20.78686648852207
2037,20005,Developed,36578638.84791646,3657.863884791646,4.88723319405755,developed,NA,NA,NA,NA,NA,NA,NA,NA,NA,NA,0.8756745238236976,0.0023991082844484865,8.376471465646427,20.78686648852207
2037,20005,Double Crop,1451158.554832854,145.11585548328543,0.1938877575107932,all_cult,NA,NA,NA,NA,NA,NA,NA,NA,NA,NA,0.8756745238236976,0.0023991082844484865,8.376471465646427,20.78686648852207
2037,20005,Grass/Pasture/Shrubland,215288406.86893737,21528.840686893738,28.764456018176027,grassPastureHay,NA,NA,NA,NA,NA,NA,NA,NA,NA,NA,0.8756745238236976,0.0023991082844484865,8.376471465646427,20.78686648852207
2037,20005,Other Crops,29204979.705745928,2920.4979705745927,3.902046405912905,all_cult,NA,NA,NA,NA,NA,NA,NA,NA,NA,NA,0.8756745238236976,0.0023991082844484865,8.376471465646427,20.78686648852207
2037,20005,Sorghum,732239.3724075308,73.22393724075309,0.09783372699309156,all_cult,Sorghum,NA,NA,112,8201.080970964345,2412.0343872070343,644.6366702576504,154.14485650713283,167.45594608804336,5,0.8756745238236976,0.0023991082844484865,8.376471465646427,20.78686648852207
2037,20005,Soybeans,181600576.65296197,18160.057665296197,24.263460703620524,all_cult,Soybeans,0.07483265359624193,5,56,1016963.2292565871,2412.0343872070343,644.6366702576504,154.14485650713283,167.45594608804336,5,0.8756745238236976,0.0023991082844484865,8.376471465646427,20.78686648852207
2037,20005,Wheat,5908069.702597459,590.8069702597459,0.7893709354082403,all_cult,Wheat,NA,NA,89,52581.82035311738,2169.919122314456,469.15041285364725,238.2854766082648,118.6822139890587,5,0.8756745238236976,0.0023991082844484865,8.376471465646427,20.78686648852207
2037,20013,Corn,113276297.82191704,11327.629782191703,25.36090350021212,all_cult,Corn,0.12646432205391206,17.5625,250,2831907.445547926,2381.567448730472,625.3468596158002,156.89731160856786,178.05487945567438,5,0.8473551827986638,0.0023215210487634625,7.897193921232899,20.778942335991033
2037,20013,Developed,24170977.38782201,2417.0977387822013,5.411527714315524,developed,NA,NA,NA,NA,NA,NA,NA,NA,NA,NA,0.8473551827986638,0.0023215210487634625,7.897193921232899,20.778942335991033
2037,20013,Double Crop,542048.8992527233,54.20488992527234,0.12135680712267008,all_cult,NA,NA,NA,NA,NA,NA,NA,NA,NA,NA,0.8473551827986638,0.0023215210487634625,7.897193921232899,20.778942335991033
2037,20013,Grass/Pasture/Shrubland,122499833.68113159,12249.983368113159,27.425918047421547,grassPastureHay,NA,NA,NA,NA,NA,NA,NA,NA,NA,NA,0.8473551827986638,0.0023215210487634625,7.897193921232899,20.778942335991033
2037,20013,Other Crops,13090232.71280689,1309.023271280689,2.9307113227404837,all_cult,NA,NA,NA,NA,NA,NA,NA,NA,NA,NA,0.8473551827986638,0.0023215210487634625,7.897193921232899,20.778942335991033
2037,20013,Sorghum,333636.9508835004,33.363695088350035,0.07469642527304013,all_cult,Sorghum,NA,NA,112,3736.733849895204,2381.567448730472,625.3468596158002,156.89731160856786,178.05487945567438,5,0.8473551827986638,0.0023215210487634625,7.897193921232899,20.778942335991033
2037,20013,Soybeans,123405327.24801578,12340.532724801578,27.62864479089188,all_cult,Soybeans,0.10147480973744562,10.461538461538462,56,691069.8325888884,2381.567448730472,625.3468596158002,156.89731160856786,178.05487945567438,5,0.8473551827986638,0.0023215210487634625,7.897193921232899,20.778942335991033
2037,20013,Wheat,3906288.4515680084,390.6288451568008,0.8745607542714157,all_cult,Wheat,NA,NA,89,34765.96721895527,2134.9975408935575,459.06184234129313,238.75467890961824,121.41553837848208,5,0.8473551827986638,0.0023215210487634625,7.897193921232899,20.778942335991033
2037,20045,Corn,74392843.99321488,7439.284399321487,7.631923083362056,all_cult,Corn,0.1459526935617447,11,250,1859821.0998303718,2457.0409643554717,646.4473630098671,141.00345290375031,175.30978187927403,5,0.8876691337107203,0.002431970229344439,9.00873963238444,21.049124747498418
2037,20045,Developed,130402436.2681122,13040.24362681122,13.37791795635647,developed,NA,NA,NA,NA,NA,NA,NA,NA,NA,NA,0.8876691337107203,0.002431970229344439,9.00873963238444,21.049124747498418
2037,20045,Double Crop,4220114.888463862,422.01148884638627,0.4329393864098648,all_cult,NA,NA,NA,NA,NA,NA,NA,NA,NA,NA,0.8876691337107203,0.002431970229344439,9.00873963238444,21.049124747498418
2037,20045,Grass/Pasture/Shrubland,354830010.0217444,35483.00100217444,36.40182575089523,grassPastureHay,NA,NA,NA,NA,NA,NA,NA,NA,NA,NA,0.8876691337107203,0.002431970229344439,9.00873963238444,21.049124747498418
2037,20045,Other Crops,37964614.628596716,3796.4614628596714,3.8947700233285687,all_cult,NA,NA,NA,NA,NA,NA,NA,NA,NA,NA,0.8876691337107203,0.002431970229344439,9.00873963238444,21.049124747498418
2037,20045,Sorghum,671055.755263424,67.1055755263424,0.06884326010288025,all_cult,Sorghum,NA,NA,112,7515.824458950349,2457.0409643554717,646.4473630098671,141.00345290375031,175.30978187927403,5,0.8876691337107203,0.002431970229344439,9.00873963238444,21.049124747498418
2037,20045,Soybeans,100028766.3995359,10002.876639953589,10.261898998705805,all_cult,Soybeans,0.11420951862362651,8.5,56,560161.091837401,2457.0409643554717,646.4473630098671,141.00345290375031,175.30978187927403,5,0.8876691337107203,0.002431970229344439,9.00873963238444,21.049124747498418
2037,20045,Wheat,7085783.937909698,708.5783937909698,0.7269268802840957,all_cult,Wheat,NA,NA,89,63063.477047396314,2229.7439471435578,476.3976702365616,232.26436135126315,136.8768487228682,5,0.8876691337107203,0.002431970229344439,9.00873963238444,21.049124747498418
2037,20061,Corn,31722102.062803604,3172.21020628036,4.044269831598419,all_cult,Corn,0.16936452361704205,12.944444444444445,250,793052.55157009,2416.4384851074246,552.593940785787,157.87727154960362,150.93573848132877,5,0.7621502376652427,0.002088082842918473,8.315279750040155,21.30069539109324
2037,20061,Developed,61171563.9285717,6117.15639285717,7.798799400437711,developed,NA,NA,NA,NA,NA,NA,NA,NA,NA,NA,0.7621502376652427,0.002088082842918473,8.315279750040155,21.30069539109324
2037,20061,Double Crop,5604030.762346523,560.4030762346523,0.7144612454318694,all_cult,NA,NA,NA,NA,NA,NA,NA,NA,NA,NA,0.7621502376652427,0.002088082842918473,8.315279750040155,21.30069539109324
2037,20061,Grass/Pasture/Shrubland,476190220.2809351,47619.02202809351,60.70977699307564,grassPastureHay,NA,NA,NA,NA,NA,NA,NA,NA,NA,NA,0.7621502376652427,0.002088082842918473,8.315279750040155,21.30069539109324
2037,20061,Other Crops,18227803.79878525,1822.7803798785249,2.323873646638379,all_cult,NA,NA,NA,NA,NA,NA,NA,NA,NA,NA,0.7621502376652427,0.002088082842918473,8.315279750040155,21.30069539109324
2037,20061,Sorghum,5491901.736070833,549.1901736070832,0.7001658485721192,all_cult,Sorghum,NA,NA,112,61509.299443993325,2416.4384851074246,552.593940785787,157.87727154960362,150.93573848132877,5,0.7621502376652427,0.002088082842918473,8.315279750040155,21.30069539109324
2037,20061,Soybeans,39491221.54782481,3949.1221547824807,5.03475953777074,all_cult,Soybeans,0.12217913528938978,7.666666666666667,56,221150.8406678189,2416.4384851074246,552.593940785787,157.87727154960362,150.93573848132877,5,0.7621502376652427,0.002088082842918473,8.315279750040155,21.30069539109324
2037,20061,Wheat,15495075.277191846,1549.5075277191845,1.9754764472362665,all_cult,Wheat,NA,NA,89,137906.16996700742,2193.6410107421902,420.6773366966688,251.64810237074155,117.8650227565597,5,0.7621502376652427,0.002088082842918473,8.315279750040155,21.30069539109324
2037,20085,Corn,134933024.35661882,13493.30243566188,7.9306511901880965,all_cult,Corn,NA,NA,250,3373325.60891547,2397.788978881839,626.5357202408302,157.03432177011538,170.5487032133021,5,0.8542829277298154,0.0023405011718625078,8.145127145427569,20.983078170149316
2037,20085,Developed,75618361.35140783,7561.836135140783,4.444448275810096,developed,NA,NA,NA,NA,NA,NA,NA,NA,NA,NA,0.8542829277298154,0.0023405011718625078,8.145127145427569,20.983078170149316
2037,20085,Double Crop,1864792.83802623,186.479283802623,0.10960268333762817,all_cult,NA,NA,NA,NA,NA,NA,NA,NA,NA,NA,0.8542829277298154,0.0023405011718625078,8.145127145427569,20.983078170149316
2037,20085,Grass/Pasture/Shrubland,941187748.5802637,94118.77485802637,55.31804963283908,grassPastureHay,NA,NA,NA,NA,NA,NA,NA,NA,NA,NA,0.8542829277298154,0.0023405011718625078,8.145127145427569,20.983078170149316
2037,20085,Other Crops,98052397.627671,9805.2397627671,5.7630025537076115,all_cult,NA,NA,NA,NA,NA,NA,NA,NA,NA,NA,0.8542829277298154,0.0023405011718625078,8.145127145427569,20.983078170149316
2037,20085,Sorghum,4069081.398774073,406.9081398774073,0.23915913388905596,all_cult,Sorghum,NA,NA,112,45573.71166626961,2397.788978881839,626.5357202408302,157.03432177011538,170.5487032133021,5,0.8542829277298154,0.0023405011718625078,8.145127145427569,20.983078170149316
2037,20085,Soybeans,170772946.2930534,17077.29462930534,10.037132690300496,all_cult,Soybeans,NA,NA,56,956328.499241099,2397.788978881839,626.5357202408302,157.03432177011538,170.5487032133021,5,0.8542829277298154,0.0023405011718625078,8.145127145427569,20.983078170149316
2037,20085,Wheat,13725583.902961861,1372.5583902961862,0.8067173980208171,all_cult,Wheat,NA,NA,89,122157.69673636057,2166.4909667968777,461.9049460618245,242.21451136927695,126.07764246554645,5,0.8542829277298154,0.0023405011718625078,8.145127145427569,20.983078170149316
2037,20087,Corn,155094058.297135,15509.4058297135,10.788896738521789,all_cult,Corn,0.13078338055311117,25.77777777777778,250,3877351.457428375,2423.488751220706,641.2260045368537,149.9142948111863,164.17392108420023,5,0.8782323109773097,0.00240611592048578,8.648681515210319,20.87177618157376
2037,20087,Developed,83037617.78054704,8303.761778054704,5.7763933285619125,developed,NA,NA,NA,NA,NA,NA,NA,NA,NA,NA,0.8782323109773097,0.00240611592048578,8.648681515210319,20.87177618157376
2037,20087,Double Crop,3214015.8179615135,321.4015817961514,0.2235784217441099,all_cult,NA,NA,NA,NA,NA,NA,NA,NA,NA,NA,0.8782323109773097,0.00240611592048578,8.648681515210319,20.87177618157376
2037,20087,Grass/Pasture/Shrubland,533878677.1787268,53387.86771787268,37.138507962340775,grassPastureHay,NA,NA,NA,NA,NA,NA,NA,NA,NA,NA,0.8782323109773097,0.00240611592048578,8.648681515210319,20.87177618157376
2037,20087,Other Crops,67978226.39294052,6797.822639294052,4.728808266891807,all_cult,NA,NA,NA,NA,NA,NA,NA,NA,NA,NA,0.8782323109773097,0.00240611592048578,8.648681515210319,20.87177618157376
2037,20087,Sorghum,2078940.1655916602,207.89401655916603,0.1446185045281528,all_cult,Sorghum,NA,NA,112,23284.129854626597,2423.488751220706,641.2260045368537,149.9142948111863,164.17392108420023,5,0.8782323109773097,0.00240611592048578,8.648681515210319,20.87177618157376
2037,20087,Soybeans,173639107.61438552,17363.91076143855,12.078956617613274,all_cult,Soybeans,0.09985991575255485,13.833333333333334,56,972379.0026405589,2423.488751220706,641.2260045368537,149.9142948111863,164.17392108420023,5,0.8782323109773097,0.00240611592048578,8.648681515210319,20.87177618157376
2037,20087,Wheat,7377427.0278590415,737.7427027859042,0.5132001784817648,all_cult,Wheat,NA,NA,89,65659.10054794548,2195.332396850589,470.5182202149588,237.3926499024792,125.65017223705496,5,0.8782323109773097,0.00240611592048578,8.648681515210319,20.87177618157376
2037,20091,Corn,20137063.169311535,2013.7063169311532,3.334881975218613,all_cult,Corn,0.14955141172933145,4,250,503426.5792327883,2462.4471795654326,654.3866461265287,138.97017870846852,169.41965203497983,5,0.9154546273021601,0.0025080948693209865,9.19428460944191,20.886191180503555
2037,20091,Developed,271607528.4848879,27160.752848488788,44.98069273866694,developed,NA,NA,NA,NA,NA,NA,NA,NA,NA,NA,0.9154546273021601,0.0025080948693209865,9.19428460944191,20.886191180503555
2037,20091,Double Crop,2013905.6882216034,201.39056882216036,0.3335212152324038,all_cult,NA,NA,NA,NA,NA,NA,NA,NA,NA,NA,0.9154546273021601,0.0025080948693209865,9.19428460944191,20.886191180503555
2037,20091,Grass/Pasture/Shrubland,139667491.4795437,13966.749147954368,23.130214964462166,grassPastureHay,NA,NA,NA,NA,NA,NA,NA,NA,NA,NA,0.9154546273021601,0.0025080948693209865,9.19428460944191,20.886191180503555
2037,20091,Other Crops,14581458.923742233,1458.1458923742232,2.4148230617504245,all_cult,NA,NA,NA,NA,NA,NA,NA,NA,NA,NA,0.9154546273021601,0.0025080948693209865,9.19428460944191,20.886191180503555
2037,20091,Sorghum,265245.84730308503,26.524584730308504,0.043927140106542625,all_cult,Sorghum,NA,NA,112,2970.7534897945525,2462.4471795654326,654.3866461265287,138.97017870846852,169.41965203497983,5,0.9154546273021601,0.0025080948693209865,9.19428460944191,20.886191180503555
2037,20091,Soybeans,40506888.73460731,4050.688873460731,6.708311533684595,all_cult,Soybeans,NA,NA,56,226838.57691380093,2462.4471795654326,654.3866461265287,138.97017870846852,169.41965203497983,5,0.9154546273021601,0.0025080948693209865,9.19428460944191,20.886191180503555
2037,20091,Wheat,3047090.5931461067,304.70905931461067,0.5046260922212007,all_cult,Wheat,NA,NA,89,27119.10627900035,2233.5864739990266,488.6696098690172,227.99951798743749,136.29302045609842,5,0.9154546273021601,0.0025080948693209865,9.19428460944191,20.886191180503555
2037,20103,Corn,55676654.53817842,5567.665453817842,6.162232243462533,all_cult,Corn,0.09926099891867379,4.75,250,1391916.3634544604,2450.0131243896517,649.3642863861752,141.92476927442723,169.78896721109706,5,0.894020681784084,0.002449371730915299,8.926406634605117,20.912617998515113
2037,20103,Developed,66222526.18511143,6622.252618511144,7.329437975150055,developed,NA,NA,NA,NA,NA,NA,NA,NA,NA,NA,0.894020681784084,0.002449371730915299,8.926406634605117,20.912617998515113
2037,20103,Double Crop,2239300.7972116056,223.93007972116058,0.2478434038440015,all_cult,NA,NA,NA,NA,NA,NA,NA,NA,NA,NA,0.894020681784084,0.002449371730915299,8.926406634605117,20.912617998515113
2037,20103,Grass/Pasture/Shrubland,361083573.13099504,36108.3573130995,39.96434152498699,grassPastureHay,NA,NA,NA,NA,NA,NA,NA,NA,NA,NA,0.894020681784084,0.002449371730915299,8.926406634605117,20.912617998515113
2037,20103,Other Crops,54377617.6404599,5437.76176404599,6.018456236750789,all_cult,NA,NA,NA,NA,NA,NA,NA,NA,NA,NA,0.894020681784084,0.002449371730915299,8.926406634605117,20.912617998515113
2037,20103,Sorghum,567901.3203360821,56.79013203360822,0.06285470735100035,all_cult,Sorghum,NA,NA,112,6360.494787764121,2450.0131243896517,649.3642863861752,141.92476927442723,169.78896721109706,5,0.894020681784084,0.002449371730915299,8.926406634605117,20.912617998515113
2037,20103,Soybeans,101039226.18326606,10103.922618326606,11.18291288522158,all_cult,Soybeans,0.11410095968932568,4.571428571428571,56,565819.66662629,2450.0131243896517,649.3642863861752,141.92476927442723,169.78896721109706,5,0.894020681784084,0.002449371730915299,8.926406634605117,20.912617998515113
2037,20103,Wheat,4817340.8524583215,481.7340852458321,0.5331781044497215,all_cult,Wheat,NA,NA,89,42874.33358687905,2217.107384033206,476.91381025676264,230.58744242523483,127.1335707579291,5,0.894020681784084,0.002449371730915299,8.926406634605117,20.912617998515113
2037,20117,Corn,1797933.5665907045,179.79335665907044,8.787790125047634,all_cult,Corn,0.16261062771687598,15.722222222222221,250,44948.33916476761,2355.387136840823,591.8333601723875,162.11314647632324,158.3656905319121,5,0.8000681237616005,0.0021919674623605495,7.707614704288871,20.68350911179636
2037,20117,Developed,709093.4285035765,70.90934285035766,3.465847873654197,developed,NA,NA,NA,NA,NA,NA,NA,NA,NA,NA,0.8000681237616005,0.0021919674623605495,7.707614704288871,20.68350911179636
2037,20117,Double Crop,17005.082052877187,1.700508205287719,0.08311602548433755,all_cult,NA,NA,NA,NA,NA,NA,NA,NA,NA,NA,0.8000681237616005,0.0021919674623605495,7.707614704288871,20.68350911179636
2037,20117,Grass/Pasture/Shrubland,13608757.209524421,1360.8757209524422,66.51575143947134,grassPastureHay,NA,NA,NA,NA,NA,NA,NA,NA,NA,NA,0.8000681237616005,0.0021919674623605495,7.707614704288871,20.68350911179636
2037,20117,Other Crops,368569.7378671669,36.856973786716694,1.801464505144208,all_cult,NA,NA,NA,NA,NA,NA,NA,NA,NA,NA,0.8000681237616005,0.0021919674623605495,7.707614704288871,20.68350911179636
2037,20117,Sorghum,113210.96189225193,11.321096189225193,0.5533431220433721,all_cult,Sorghum,NA,NA,112,1267.9627731932217,2355.387136840823,591.8333601723875,162.11314647632324,158.3656905319121,5,0.8000681237616005,0.0021919674623605495,7.707614704288871,20.68350911179636
2037,20117,Soybeans,2250086.8872694396,225.00868872694397,10.99778751332857,all_cult,Soybeans,0.12228514283699721,8.25,56,12600.486568708862,2355.387136840823,591.8333601723875,162.11314647632324,158.3656905319121,5,0.8000681237616005,0.0021919674623605495,7.707614704288871,20.68350911179636
2037,20117,Wheat,234744.84118524572,23.474484118524572,1.1473663074132867,all_cult,Wheat,NA,NA,89,2089.229086548687,2115.2892388916043,435.9943380575867,245.2580308418938,108.12401755424511,5,0.8000681237616005,0.0021919674623605495,7.707614704288871,20.68350911179636
2037,20127,Corn,10941387.892613748,1094.1387892613748,4.064821675495574,all_cult,Corn,NA,NA,250,273534.6973153437,2414.9154779052765,541.8936375438034,151.465028166923,152.58847011375008,5,0.7579266764785881,0.0020765114424070906,8.350950292299894,21.29716821121845
2037,20127,Developed,12128694.282144045,1212.8694282144045,4.50591642462472,developed,NA,NA,NA,NA,NA,NA,NA,NA,NA,NA,0.7579266764785881,0.0020765114424070906,8.350950292299894,21.29716821121845
2037,20127,Double Crop,4499199.088895911,449.9199088895911,1.671491967784096,all_cult,NA,NA,NA,NA,NA,NA,NA,NA,NA,NA,0.7579266764785881,0.0020765114424070906,8.350950292299894,21.29716821121845
2037,20127,Grass/Pasture/Shrubland,158101691.18434784,15810.169118434784,58.73616652348874,grassPastureHay,NA,NA,NA,NA,NA,NA,NA,NA,NA,NA,0.7579266764785881,0.0020765114424070906,8.350950292299894,21.29716821121845
2037,20127,Other Crops,10981377.128665583,1098.1377128665583,4.079678027823576,all_cult,NA,NA,NA,NA,NA,NA,NA,NA,NA,NA,0.7579266764785881,0.0020765114424070906,8.350950292299894,21.29716821121845
2037,20127,Sorghum,7272388.587591114,727.2388587591115,2.701756217181813,all_cult,Sorghum,NA,NA,112,81450.75218102049,2414.9154779052765,541.8936375438034,151.465028166923,152.58847011375008,5,0.7579266764785881,0.0020765114424070906,8.350950292299894,21.29716821121845
2037,20127,Soybeans,28686301.015498407,2868.6301015498407,10.657212713965244,all_cult,Soybeans,0.11686486262093489,4,56,160643.2856867911,2414.9154779052765,541.8936375438034,151.465028166923,152.58847011375008,5,0.7579266764785881,0.0020765114424070906,8.350950292299894,21.29716821121845
2037,20127,Wheat,20934850.636842933,2093.485063684293,7.777480834890052,all_cult,Wheat,NA,NA,89,186320.17066790207,2195.4273583984404,425.9252003983226,248.7059053519307,116.42480984356328,5,0.7579266764785881,0.0020765114424070906,8.350950292299894,21.29716821121845
2037,20131,Corn,124792211.963085,12479.2211963085,16.444051346315263,all_cult,Corn,0.12528513936677563,9.454545454545455,250,3119805.299077125,2353.8550769043,606.0085930272904,158.11263533226887,164.745397459818,5,0.8197364659898021,0.0022458533314789098,7.694476226388614,20.610323218776777
2037,20131,Developed,34827921.40223819,3482.792140223819,4.589325878711502,developed,NA,NA,NA,NA,NA,NA,NA,NA,NA,NA,0.8197364659898021,0.0022458533314789098,7.694476226388614,20.610323218776777
2037,20131,Double Crop,1288597.7379512293,128.85977379512295,0.1698003988733199,all_cult,NA,NA,NA,NA,NA,NA,NA,NA,NA,NA,0.8197364659898021,0.0022458533314789098,7.694476226388614,20.610323218776777
2037,20131,Grass/Pasture/Shrubland,328086582.4549448,32808.65824549448,43.232446344665604,grassPastureHay,NA,NA,NA,NA,NA,NA,NA,NA,NA,NA,0.8197364659898021,0.0022458533314789098,7.694476226388614,20.610323218776777
2037,20131,Other Crops,27101730.321978156,2710.1730321978157,3.5712344382550913,all_cult,NA,NA,NA,NA,NA,NA,NA,NA,NA,NA,0.8197364659898021,0.0022458533314789098,7.694476226388614,20.610323218776777
2037,20131,Sorghum,2055671.3741418559,205.5671374141856,0.2708788080264065,all_cult,Sorghum,NA,NA,112,23023.519390388785,2353.8550769043,606.0085930272904,158.11263533226887,164.745397459818,5,0.8197364659898021,0.0022458533314789098,7.694476226388614,20.610323218776777
2037,20131,Soybeans,136674912.54505298,13667.491254505298,18.00985209164201,all_cult,Soybeans,0.1067341402930363,5.142857142857143,56,765379.5102522967,2353.8550769043,606.0085930272904,158.11263533226887,164.745397459818,5,0.8197364659898021,0.0022458533314789098,7.694476226388614,20.610323218776777
2037,20131,Wheat,9588450.555545796,958.8450555545795,1.2634840811511674,all_cult,Wheat,NA,NA,89,85337.20994435757,2106.177188110354,444.5091552511436,240.58573640796263,112.55167498765724,5,0.8197364659898021,0.0022458533314789098,7.694476226388614,20.610323218776777
2037,20139,Corn,20890964.22588984,2089.096422588984,9.4988079569725965,all_cult,Corn,NA,NA,250,522274.10564724595,2427.299317626956,626.1431157991389,143.51105733441784,170.24806167325127,5,0.864788890735653,0.0023692846321524737,8.660959547905096,21.040856448656914
2037,20139,Developed,11858545.489950646,1185.8545489950645,5.391902692479325,developed,NA,NA,NA,NA,NA,NA,NA,NA,NA,NA,0.864788890735653,0.0023692846321524737,8.660959547905096,21.040856448656914
2037,20139,Double Crop,1849135.1156913848,184.91351156913848,0.8407739901578724,all_cult,NA,NA,NA,NA,NA,NA,NA,NA,NA,NA,0.864788890735653,0.0023692846321524737,8.660959547905096,21.040856448656914
2037,20139,Grass/Pasture/Shrubland,108139234.26990536,10813.923426990536,49.1692871538651,grassPastureHay,NA,NA,NA,NA,NA,NA,NA,NA,NA,NA,0.864788890735653,0.0023692846321524737,8.660959547905096,21.040856448656914
2037,20139,Other Crops,6302951.103083336,630.2951103083336,2.86585728849129,all_cult,NA,NA,NA,NA,NA,NA,NA,NA,NA,NA,0.864788890735653,0.0023692846321524737,8.660959547905096,21.040856448656914
2037,20139,Sorghum,252758.48461129973,25.27584846112997,0.11492549021948671,all_cult,Sorghum,NA,NA,112,2830.8950276465566,2427.299317626956,626.1431157991389,143.51105733441784,170.24806167325127,5,0.864788890735653,0.0023692846321524737,8.660959547905096,21.040856448656914
2037,20139,Soybeans,28064514.38751116,2806.4514387511163,12.76051357372463,all_cult,Soybeans,NA,NA,56,157161.28057006252,2427.299317626956,626.1431157991389,143.51105733441784,170.24806167325127,5,0.864788890735653,0.0023692846321524737,8.660959547905096,21.040856448656914
2037,20139,Wheat,1738320.944623076,173.8320944623076,0.7903884493801757,all_cult,Wheat,NA,NA,89,15471.056407145375,2208.442218017581,475.0371519937959,238.03394959324308,136.7329592775746,5,0.864788890735653,0.0023692846321524737,8.660959547905096,21.040856448656914
2037,20149,Corn,136791901.8519852,13679.190185198519,7.982141503627487,all_cult,Corn,0.1326174661314905,62.44444444444444,250,3419797.54629963,2400.2048535156277,583.5239087305536,159.98099542360077,159.8845273126386,5,0.7943471660136889,0.0021762936055169557,8.087303634016504,21.122438053496918
2037,20149,Developed,87781477.02653997,8778.147702653996,5.122263537072818,developed,NA,NA,NA,NA,NA,NA,NA,NA,NA,NA,0.7943471660136889,0.0021762936055169557,8.087303634016504,21.122438053496918
2037,20149,Double Crop,1803166.4492782145,180.31664492782144,0.1052191654466961,all_cult,NA,NA,NA,NA,NA,NA,NA,NA,NA,NA,0.7943471660136889,0.0021762936055169557,8.087303634016504,21.122438053496918
2037,20149,Grass/Pasture/Shrubland,1058221194.9777538,105822.11949777538,61.749790785057485,grassPastureHay,NA,NA,NA,NA,NA,NA,NA,NA,NA,NA,0.7943471660136889,0.0021762936055169557,8.087303634016504,21.122438053496918
2037,20149,Other Crops,34485813.7618199,3448.58137618199,2.012331443512244,all_cult,NA,NA,NA,NA,NA,NA,NA,NA,NA,NA,0.7943471660136889,0.0021762936055169557,8.087303634016504,21.122438053496918
2037,20149,Sorghum,5647082.09049503,564.708209049503,0.3295210295248753,all_cult,Sorghum,NA,NA,112,63247.319413544334,2400.2048535156277,583.5239087305536,159.98099542360077,159.8845273126386,5,0.7943471660136889,0.0021762936055169557,8.087303634016504,21.122438053496918
2037,20149,Soybeans,153915907.33370754,15391.590733370755,8.98136903839706,all_cult,Soybeans,0.11392545848870632,51.611111111111114,56,861929.0810687622,2400.2048535156277,583.5239087305536,159.98099542360077,159.8845273126386,5,0.7943471660136889,0.0021762936055169557,8.087303634016504,21.122438053496918
2037,20149,Wheat,13424373.002870617,1342.4373002870618,0.7833449455387832,all_cult,Wheat,NA,NA,89,119476.9197255485,2170.9491986084013,437.9953505459362,246.38829376027223,118.6927096677876,5,0.7943471660136889,0.0021762936055169557,8.087303634016504,21.122438053496918
2037,20161,Corn,29887562.457934357,2988.756245793436,3.7374801575206362,all_cult,Corn,0.14127372152863188,12.444444444444445,250,747189.0614483589,2414.4010009765657,556.8746619524559,160.85857346124166,152.52296393063588,5,0.7593607365678341,0.0020804403741584497,8.185906815202292,21.339296356619244
2037,20161,Developed,93189704.06140432,9318.970406140432,11.653498685445852,developed,NA,NA,NA,NA,NA,NA,NA,NA,NA,NA,0.7593607365678341,0.0020804403741584497,8.185906815202292,21.339296356619244
2037,20161,Double Crop,2321662.5391971655,232.16625391971652,0.2903270443991936,all_cult,NA,NA,NA,NA,NA,NA,NA,NA,NA,NA,0.7593607365678341,0.0020804403741584497,8.185906815202292,21.339296356619244
2037,20161,Grass/Pasture/Shrubland,421935273.9416269,42193.527394162695,52.76357736882686,grassPastureHay,NA,NA,NA,NA,NA,NA,NA,NA,NA,NA,0.7593607365678341,0.0020804403741584497,8.185906815202292,21.339296356619244
2037,20161,Other Crops,10313350.483787943,1031.3350483787942,1.2896984437913022,all_cult,NA,NA,NA,NA,NA,NA,NA,NA,NA,NA,0.7593607365678341,0.0020804403741584497,8.185906815202292,21.339296356619244
2037,20161,Sorghum,8046145.345421317,804.6145345421318,1.0061813711092988,all_cult,Sorghum,NA,NA,112,90116.82786871876,2414.4010009765657,556.8746619524559,160.85857346124166,152.52296393063588,5,0.7593607365678341,0.0020804403741584497,8.185906815202292,21.339296356619244
2037,20161,Soybeans,56043067.26954317,5604.306726954317,7.008261452613234,all_cult,Soybeans,0.12420661341954765,10.38888888888889,56,313841.17670944176,2414.4010009765657,556.8746619524559,160.85857346124166,152.52296393063588,5,0.7593607365678341,0.0020804403741584497,8.185906815202292,21.339296356619244
2037,20161,Wheat,14763447.35949416,1476.3447359494162,1.8461890841841313,all_cult,Wheat,NA,NA,89,131394.68149949805,2189.3113092041044,415.67850062186005,251.9428942465696,118.37146502135258,5,0.7593607365678341,0.0020804403741584497,8.185906815202292,21.339296356619244
2037,20177,Corn,132475537.80653152,13247.553780653152,9.091050553311547,all_cult,Corn,0.12030458771317423,83,250,3311888.445163288,2429.3134173584017,617.6309927726652,152.02986819313222,164.17716506715655,5,0.8471002440652393,0.0023208225864801077,8.626745329556423,21.060747153922325
2037,20177,Developed,255013934.0237044,25501.393402370442,17.50017100813045,developed,NA,NA,NA,NA,NA,NA,NA,NA,NA,NA,0.8471002440652393,0.0023208225864801077,8.626745329556423,21.060747153922325
2037,20177,Double Crop,2797246.7569815805,279.7246756981581,0.19195930130847558,all_cult,NA,NA,NA,NA,NA,NA,NA,NA,NA,NA,0.8471002440652393,0.0023208225864801077,8.626745329556423,21.060747153922325
2037,20177,Grass/Pasture/Shrubland,626083355.6398722,62608.33556398722,42.96457693964075,grassPastureHay,NA,NA,NA,NA,NA,NA,NA,NA,NA,NA,0.8471002440652393,0.0023208225864801077,8.626745329556423,21.060747153922325
2037,20177,Other Crops,33361526.081880283,3336.1526081880284,2.289413767762353,all_cult,NA,NA,NA,NA,NA,NA,NA,NA,NA,NA,0.8471002440652393,0.0023208225864801077,8.626745329556423,21.060747153922325
2037,20177,Sorghum,2303954.5452317544,230.39545452317543,0.15810743319134585,all_cult,Sorghum,NA,NA,112,25804.29090659565,2429.3134173584017,617.6309927726652,152.02986819313222,164.17716506715655,5,0.8471002440652393,0.0023208225864801077,8.626745329556423,21.060747153922325
2037,20177,Soybeans,145627766.023613,14562.7766023613,9.993613951731533,all_cult,Soybeans,0.09768281806034469,42.833333333333336,56,815515.4897322329,2429.3134173584017,617.6309927726652,152.02986819313222,164.17716506715655,5,0.8471002440652393,0.0023208225864801077,8.626745329556423,21.060747153922325
2037,20177,Wheat,9565647.685078032,956.5647685078033,0.656436562704971,all_cult,Wheat,NA,NA,89,85134.26439719449,2207.6511486816435,461.0340612688791,242.40719370970473,131.58900206705826,5,0.8471002440652393,0.0023208225864801077,8.626745329556423,21.060747153922325
2037,20197,Corn,69733578.79693311,6973.357879693312,4.536852294529976,all_cult,Corn,0.14186117514330646,28.666666666666668,250,1743339.469923328,2409.7398876953157,584.9427648070164,153.12971320689724,153.3066761909978,5,0.8061421089725249,0.002208608517732945,8.324158024200045,21.15115141568121
2037,20197,Developed,54289406.85937861,5428.940685937861,3.5320576446519008,developed,NA,NA,NA,NA,NA,NA,NA,NA,NA,NA,0.8061421089725249,0.002208608517732945,8.324158024200045,21.15115141568121
2037,20197,Double Crop,1125869.9276987636,112.58699276987635,0.07324886594013556,all_cult,NA,NA,NA,NA,NA,NA,NA,NA,NA,NA,0.8061421089725249,0.002208608517732945,8.324158024200045,21.15115141568121
2037,20197,Grass/Pasture/Shrubland,1169502873.1037595,116950.28731037596,76.08761639426346,grassPastureHay,NA,NA,NA,NA,NA,NA,NA,NA,NA,NA,0.8061421089725249,0.002208608517732945,8.324158024200045,21.15115141568121
2037,20197,Other Crops,29094649.42529061,2909.464942529061,1.8928919077573607,all_cult,NA,NA,NA,NA,NA,NA,NA,NA,NA,NA,0.8061421089725249,0.002208608517732945,8.324158024200045,21.15115141568121
2037,20197,Sorghum,3287931.385599168,328.7931385599168,0.21391213972326276,all_cult,Sorghum,NA,NA,112,36824.831518710685,2409.7398876953157,584.9427648070164,153.12971320689724,153.3066761909978,5,0.8061421089725249,0.002208608517732945,8.324158024200045,21.15115141568121
2037,20197,Soybeans,83491332.16381498,8349.133216381497,5.431928899043218,all_cult,Soybeans,0.12942046457519057,22.77777777777778,56,467551.46011736384,2409.7398876953157,584.9427648070164,153.12971320689724,153.3066761909978,5,0.8061421089725249,0.002208608517732945,8.324158024200045,21.15115141568121
2037,20197,Wheat,7530280.724868099,753.02807248681,0.4899185152185996,all_cult,Wheat,NA,NA,89,67019.49845132609,2186.7028765869168,448.602750024471,245.98560437868065,125.10257172291834,5,0.8061421089725249,0.002208608517732945,8.324158024200045,21.15115141568121
2037,20209,Corn,2798441.748604609,279.8441748604609,1.0907251789658858,all_cult,Corn,NA,NA,250,69961.04371511523,2472.08798706055,641.414132642693,143.48009208004913,164.61284775143596,5,0.8890461800440183,0.0024357429590247076,9.268270639916011,20.753858023865604
2037,20209,Developed,144515431.86680782,14451.543186680783,56.32656829996687,developed,NA,NA,NA,NA,NA,NA,NA,NA,NA,NA,0.8890461800440183,0.0024357429590247076,9.268270639916011,20.753858023865604
2037,20209,Double Crop,152719.71803613545,15.271971803613546,0.05952428413764306,all_cult,NA,NA,NA,NA,NA,NA,NA,NA,NA,NA,0.8890461800440183,0.0024357429590247076,9.268270639916011,20.753858023865604
2037,20209,Grass/Pasture/Shrubland,41083799.11850462,4108.379911850462,16.01288794682744,grassPastureHay,NA,NA,NA,NA,NA,NA,NA,NA,NA,NA,0.8890461800440183,0.0024357429590247076,9.268270639916011,20.753858023865604
2037,20209,Other Crops,1959154.8527385148,195.91548527385146,0.7636033619211925,all_cult,NA,NA,NA,NA,NA,NA,NA,NA,NA,NA,0.8890461800440183,0.0024357429590247076,9.268270639916011,20.753858023865604
2037,20209,Sorghum,54127.80426680527,5.412780426680527,0.02109694047602745,all_cult,Sorghum,NA,NA,112,606.231407788219,2472.08798706055,641.414132642693,143.48009208004913,164.61284775143596,5,0.8890461800440183,0.0024357429590247076,9.268270639916011,20.753858023865604
2037,20209,Soybeans,8244134.676247953,824.4134676247953,3.213247256139296,all_cult,Soybeans,0.14562756367793683,4.75,56,46167.15418698854,2472.08798706055,641.414132642693,143.48009208004913,164.61284775143596,5,0.8890461800440183,0.0024357429590247076,9.268270639916011,20.753858023865604
2037,20209,Wheat,234900.57353758038,23.49005735375804,0.09155522720411169,all_cult,Wheat,NA,NA,89,2090.6151044844655,2226.5727880859404,472.4553403126987,229.51249989575896,126.40058630987524,5,0.8890461800440183,0.0024357429590247076,9.268270639916011,20.753858023865604
2038,20005,Corn,172734778.84431297,17273.477884431297,23.078910848652363,all_cult,Corn,0.10724545034749912,6.181818181818182,250,4318369.471107824,2470.050454711917,798.920354745104,143.01110384993137,127.10276564410356,5,1.0447718821859897,0.00286238871831778,8.677950882585105,20.897948265598266
2038,20005,Developed,36578638.84791646,3657.863884791646,4.88723319405755,developed,NA,NA,NA,NA,NA,NA,NA,NA,NA,NA,1.0447718821859897,0.00286238871831778,8.677950882585105,20.897948265598266
2038,20005,Double Crop,1451158.554832854,145.11585548328543,0.1938877575107932,all_cult,NA,NA,NA,NA,NA,NA,NA,NA,NA,NA,1.0447718821859897,0.00286238871831778,8.677950882585105,20.897948265598266
2038,20005,Grass/Pasture/Shrubland,215288406.86893737,21528.840686893738,28.764456018176027,grassPastureHay,NA,NA,NA,NA,NA,NA,NA,NA,NA,NA,1.0447718821859897,0.00286238871831778,8.677950882585105,20.897948265598266
2038,20005,Other Crops,29204979.705745928,2920.4979705745927,3.902046405912905,all_cult,NA,NA,NA,NA,NA,NA,NA,NA,NA,NA,1.0447718821859897,0.00286238871831778,8.677950882585105,20.897948265598266
2038,20005,Sorghum,732239.3724075308,73.22393724075309,0.09783372699309156,all_cult,Sorghum,NA,NA,112,8201.080970964345,2470.050454711917,798.920354745104,143.01110384993137,127.10276564410356,5,1.0447718821859897,0.00286238871831778,8.677950882585105,20.897948265598266
2038,20005,Soybeans,181600576.65296197,18160.057665296197,24.263460703620524,all_cult,Soybeans,0.07483265359624193,5,56,1016963.2292565871,2470.050454711917,798.920354745104,143.01110384993137,127.10276564410356,5,1.0447718821859897,0.00286238871831778,8.677950882585105,20.897948265598266
2038,20005,Wheat,5908069.702597459,590.8069702597459,0.7893709354082403,all_cult,Wheat,NA,NA,89,52581.82035311738,2248.79896362305,558.1003351703903,182.38359596990057,163.78384671315274,5,1.0447718821859897,0.00286238871831778,8.677950882585105,20.897948265598266
2038,20013,Corn,113276297.82191704,11327.629782191703,25.36090350021212,all_cult,Corn,0.12646432205391206,17.5625,250,2831907.445547926,2426.70626831055,777.9236203855513,140.1763410428438,135.6712319119536,5,1.0106866522273263,0.002769004526650209,8.144255922918473,20.82272618123932
2038,20013,Developed,24170977.38782201,2417.0977387822013,5.411527714315524,developed,NA,NA,NA,NA,NA,NA,NA,NA,NA,NA,1.0106866522273263,0.002769004526650209,8.144255922918473,20.82272618123932
2038,20013,Double Crop,542048.8992527233,54.20488992527234,0.12135680712267008,all_cult,NA,NA,NA,NA,NA,NA,NA,NA,NA,NA,1.0106866522273263,0.002769004526650209,8.144255922918473,20.82272618123932
2038,20013,Grass/Pasture/Shrubland,122499833.68113159,12249.983368113159,27.425918047421547,grassPastureHay,NA,NA,NA,NA,NA,NA,NA,NA,NA,NA,1.0106866522273263,0.002769004526650209,8.144255922918473,20.82272618123932
2038,20013,Other Crops,13090232.71280689,1309.023271280689,2.9307113227404837,all_cult,NA,NA,NA,NA,NA,NA,NA,NA,NA,NA,1.0106866522273263,0.002769004526650209,8.144255922918473,20.82272618123932
2038,20013,Sorghum,333636.9508835004,33.363695088350035,0.07469642527304013,all_cult,Sorghum,NA,NA,112,3736.733849895204,2426.70626831055,777.9236203855513,140.1763410428438,135.6712319119536,5,1.0106866522273263,0.002769004526650209,8.144255922918473,20.82272618123932
2038,20013,Soybeans,123405327.24801578,12340.532724801578,27.62864479089188,all_cult,Soybeans,0.10147480973744562,10.461538461538462,56,691069.8325888884,2426.70626831055,777.9236203855513,140.1763410428438,135.6712319119536,5,1.0106866522273263,0.002769004526650209,8.144255922918473,20.82272618123932
2038,20013,Wheat,3906288.4515680084,390.6288451568008,0.8745607542714157,all_cult,Wheat,NA,NA,89,34765.96721895527,2207.615947875979,551.4035682653753,184.77027839986604,189.82751335979543,5,1.0106866522273263,0.002769004526650209,8.144255922918473,20.82272618123932
2038,20045,Corn,74392843.99321488,7439.284399321487,7.631923083362056,all_cult,Corn,0.1459526935617447,11,250,1859821.0998303718,2537.4357849121125,816.7605065589124,142.1192098516312,111.76756415738176,5,1.0835014040513764,0.0029684969974010313,9.4344527487559091,21.23528609602421
2038,20045,Developed,130402436.2681122,13040.24362681122,13.37791795635647,developed,NA,NA,NA,NA,NA,NA,NA,NA,NA,NA,1.0835014040513764,0.0029684969974010313,9.4344527487559091,21.23528609602421
2038,20045,Double Crop,4220114.888463862,422.01148884638627,0.4329393864098648,all_cult,NA,NA,NA,NA,NA,NA,NA,NA,NA,NA,1.0835014040513764,0.0029684969974010313,9.4344527487559091,21.23528609602421
2038,20045,Grass/Pasture/Shrubland,354830010.0217444,35483.00100217444,36.40182575089523,grassPastureHay,NA,NA,NA,NA,NA,NA,NA,NA,NA,NA,1.0835014040513764,0.0029684969974010313,9.4344527487559091,21.23528609602421
2038,20045,Other Crops,37964614.628596716,3796.4614628596714,3.8947700233285687,all_cult,NA,NA,NA,NA,NA,NA,NA,NA,NA,NA,1.0835014040513764,0.0029684969974010313,9.4344527487559091,21.23528609602421
2038,20045,Sorghum,671055.755263424,67.1055755263424,0.06884326010288025,all_cult,Sorghum,NA,NA,112,7515.824458950349,2537.4357849121125,816.7605065589124,142.1192098516312,111.76756415738176,5,1.0835014040513764,0.0029684969974010313,9.4344527487559091,21.23528609602421
2038,20045,Soybeans,100028766.3995359,10002.876639953589,10.261898998705805,all_cult,Soybeans,0.11420951862362651,8.5,56,560161.091837401,2537.4357849121125,816.7605065589124,142.1192098516312,111.76756415738176,5,1.0835014040513764,0.0029684969974010313,9.4344527487559091,21.23528609602421
2038,20045,Wheat,7085783.937909698,708.5783937909698,0.7269268802840957,all_cult,Wheat,NA,NA,89,63063.477047396314,2315.7927032470734,589.3966075377427,173.9894722490324,136.34395409202708,5,1.0835014040513764,0.0029684969974010313,9.4344527487559091,21.23528609602421
2038,20061,Corn,31722102.062803604,3172.21020628036,4.044269831598419,all_cult,Corn,0.16936452361704205,12.944444444444445,250,793052.55157009,2460.897814331058,707.3159063376391,138.97814228067827,115.49700169832587,5,0.9386223126207032,0.0025715679797827487,8.500088158176393,21.31121008468003
2038,20061,Developed,61171563.9285717,6117.15639285717,7.798799400437711,developed,NA,NA,NA,NA,NA,NA,NA,NA,NA,NA,0.9386223126207032,0.0025715679797827487,8.500088158176393,21.31121008468003
2038,20061,Double Crop,5604030.762346523,560.4030762346523,0.7144612454318694,all_cult,NA,NA,NA,NA,NA,NA,NA,NA,NA,NA,0.9386223126207032,0.0025715679797827487,8.500088158176393,21.31121008468003
2038,20061,Grass/Pasture/Shrubland,476190220.2809351,47619.02202809351,60.70977699307564,grassPastureHay,NA,NA,NA,NA,NA,NA,NA,NA,NA,NA,0.9386223126207032,0.0025715679797827487,8.500088158176393,21.31121008468003
2038,20061,Other Crops,18227803.79878525,1822.7803798785249,2.323873646638379,all_cult,NA,NA,NA,NA,NA,NA,NA,NA,NA,NA,0.9386223126207032,0.0025715679797827487,8.500088158176393,21.31121008468003
2038,20061,Sorghum,5491901.736070833,549.1901736070832,0.7001658485721192,all_cult,Sorghum,NA,NA,112,61509.299443993325,2460.897814331058,707.3159063376391,138.97814228067827,115.49700169832587,5,0.9386223126207032,0.0025715679797827487,8.500088158176393,21.31121008468003
2038,20061,Soybeans,39491221.54782481,3949.1221547824807,5.03475953777074,all_cult,Soybeans,0.12217913528938978,7.666666666666667,56,221150.8406678189,2460.897814331058,707.3159063376391,138.97814228067827,115.49700169832587,5,0.9386223126207032,0.0025715679797827487,8.500088158176393,21.31121008468003
2038,20061,Wheat,15495075.277191846,1549.5075277191845,1.9754764472362665,all_cult,Wheat,NA,NA,89,137906.16996700742,2255.6400616455107,555.3320044917543,167.17130621395722,126.87053256854104,5,0.9386223126207032,0.0025715679797827487,8.500088158176393,21.31121008468003
2038,20085,Corn,134933024.35661882,13493.30243566188,7.9306511901880965,all_cult,Corn,NA,NA,250,3373325.60891547,2450.843140258792,777.6066521458341,141.58952324052103,117.85700466404576,5,1.0141049417792394,0.002778369703504765,8.41098080987802,21.043432082084784
2038,20085,Developed,75618361.35140783,7561.836135140783,4.444448275810096,developed,NA,NA,NA,NA,NA,NA,NA,NA,NA,NA,1.0141049417792394,0.002778369703504765,8.41098080987802,21.043432082084784
2038,20085,Double Crop,1864792.83802623,186.479283802623,0.10960268333762817,all_cult,NA,NA,NA,NA,NA,NA,NA,NA,NA,NA,1.0141049417792394,0.002778369703504765,8.41098080987802,21.043432082084784
2038,20085,Grass/Pasture/Shrubland,941187748.5802637,94118.77485802637,55.31804963283908,grassPastureHay,NA,NA,NA,NA,NA,NA,NA,NA,NA,NA,1.0141049417792394,0.002778369703504765,8.41098080987802,21.043432082084784
2038,20085,Other Crops,98052397.627671,9805.2397627671,5.7630025537076115,all_cult,NA,NA,NA,NA,NA,NA,NA,NA,NA,NA,1.0141049417792394,0.002778369703504765,8.41098080987802,21.043432082084784
2038,20085,Sorghum,4069081.398774073,406.9081398774073,0.23915913388905596,all_cult,Sorghum,NA,NA,112,45573.71166626961,2450.843140258792,777.6066521458341,141.58952324052103,117.85700466404576,5,1.0141049417792394,0.002778369703504765,8.41098080987802,21.043432082084784
2038,20085,Soybeans,170772946.2930534,17077.29462930534,10.037132690300496,all_cult,Soybeans,NA,NA,56,956328.499241099,2450.843140258792,777.6066521458341,141.58952324052103,117.85700466404576,5,1.0141049417792394,0.002778369703504765,8.41098080987802,21.043432082084784
2038,20085,Wheat,13725583.902961861,1372.5583902961862,0.8067173980208171,all_cult,Wheat,NA,NA,89,122157.69673636057,2240.556583862308,561.4312264876166,181.40600610643108,152.57263556986717,5,1.0141049417792394,0.002778369703504765,8.41098080987802,21.043432082084784
2038,20087,Corn,155094058.297135,15509.4058297135,10.788896738521789,all_cult,Corn,0.13078338055311117,25.77777777777778,250,3877351.457428375,2490.616187133792,816.4627956656485,144.007895831667,105.98284132611928,5,1.0702979880570953,0.002932323254950946,8.99671354110929,21.008215398919116
2038,20087,Developed,83037617.78054704,8303.761778054704,5.7763933285619125,developed,NA,NA,NA,NA,NA,NA,NA,NA,NA,NA,1.0702979880570953,0.002932323254950946,8.99671354110929,21.008215398919116
2038,20087,Double Crop,3214015.8179615135,321.4015817961514,0.2235784217441099,all_cult,NA,NA,NA,NA,NA,NA,NA,NA,NA,NA,1.0702979880570953,0.002932323254950946,8.99671354110929,21.008215398919116
2038,20087,Grass/Pasture/Shrubland,533878677.1787268,53387.86771787268,37.138507962340775,grassPastureHay,NA,NA,NA,NA,NA,NA,NA,NA,NA,NA,1.0702979880570953,0.002932323254950946,8.99671354110929,21.008215398919116
2038,20087,Other Crops,67978226.39294052,6797.822639294052,4.728808266891807,all_cult,NA,NA,NA,NA,NA,NA,NA,NA,NA,NA,1.0702979880570953,0.002932323254950946,8.99671354110929,21.008215398919116
2038,20087,Sorghum,2078940.1655916602,207.89401655916603,0.1446185045281528,all_cult,Sorghum,NA,NA,112,23284.129854626597,2490.616187133792,816.4627956656485,144.007895831667,105.98284132611928,5,1.0702979880570953,0.002932323254950946,8.99671354110929,21.008215398919116
2038,20087,Soybeans,173639107.61438552,17363.91076143855,12.078956617613274,all_cult,Soybeans,0.09985991575255485,13.833333333333334,56,972379.0026405589,2490.616187133792,816.4627956656485,144.007895831667,105.98284132611928,5,1.0702979880570953,0.002932323254950946,8.99671354110929,21.008215398919116
2038,20087,Wheat,7377427.0278590415,737.7427027859042,0.5132001784817648,all_cult,Wheat,NA,NA,89,65659.10054794548,2277.009973754886,583.0632617814201,179.04095485916184,153.52541664635095,5,1.0702979880570953,0.002932323254950946,8.99671354110929,21.008215398919116
2038,20091,Corn,20137063.169311535,2013.7063169311532,3.334881975218613,all_cult,Corn,0.14955141172933145,4,250,503426.5792327883,2550.627227172855,820.5935354593739,141.48703019104082,106.3253628862706,5,1.1084704525839142,0.0030369053495449706,9.670772169975407,21.12258531544309
2038,20091,Developed,271607528.4848879,27160.752848488788,44.98069273866694,developed,NA,NA,NA,NA,NA,NA,NA,NA,NA,NA,1.1084704525839142,0.0030369053495449706,9.670772169975407,21.12258531544309
2038,20091,Double Crop,2013905.6882216034,201.39056882216036,0.3335212152324038,all_cult,NA,NA,NA,NA,NA,NA,NA,NA,NA,NA,1.1084704525839142,0.0030369053495449706,9.670772169975407,21.12258531544309
2038,20091,Grass/Pasture/Shrubland,139667491.4795437,13966.749147954368,23.130214964462166,grassPastureHay,NA,NA,NA,NA,NA,NA,NA,NA,NA,NA,1.1084704525839142,0.0030369053495449706,9.670772169975407,21.12258531544309
2038,20091,Other Crops,14581458.923742233,1458.1458923742232,2.4148230617504245,all_cult,NA,NA,NA,NA,NA,NA,NA,NA,NA,NA,1.1084704525839142,0.0030369053495449706,9.670772169975407,21.12258531544309
2038,20091,Sorghum,265245.84730308503,26.524584730308504,0.043927140106542625,all_cult,Sorghum,NA,NA,112,2970.7534897945525,2550.627227172855,820.5935354593739,141.48703019104082,106.3253628862706,5,1.1084704525839142,0.0030369053495449706,9.670772169975407,21.12258531544309
2038,20091,Soybeans,40506888.73460731,4050.688873460731,6.708311533684595,all_cult,Soybeans,NA,NA,56,226838.57691380093,2550.627227172855,820.5935354593739,141.48703019104082,106.3253628862706,5,1.1084704525839142,0.0030369053495449706,9.670772169975407,21.12258531544309
2038,20091,Wheat,3047090.5931461067,304.70905931461067,0.5046260922212007,all_cult,Wheat,NA,NA,89,27119.10627900035,2323.586915283206,579.7085047096076,176.7443723344133,129.5707959294955,5,1.1084704525839142,0.0030369053495449706,9.670772169975407,21.12258531544309
2038,20103,Corn,55676654.53817842,5567.665453817842,6.162232243462533,all_cult,Corn,0.09926099891867379,4.75,250,1391916.3634544604,2527.6536114501982,810.5319070687558,142.5746548104093,112.2718470097568,5,1.0792159208108805,0.00295675594742707,9.345890636705395,21.099477020681743
2038,20103,Developed,66222526.18511143,6622.252618511144,7.329437975150055,developed,NA,NA,NA,NA,NA,NA,NA,NA,NA,NA,1.0792159208108805,0.00295675594742707,9.345890636705395,21.099477020681743
2038,20103,Double Crop,2239300.7972116056,223.93007972116058,0.2478434038440015,all_cult,NA,NA,NA,NA,NA,NA,NA,NA,NA,NA,1.0792159208108805,0.00295675594742707,9.345890636705395,21.099477020681743
2038,20103,Grass/Pasture/Shrubland,361083573.13099504,36108.3573130995,39.96434152498699,grassPastureHay,NA,NA,NA,NA,NA,NA,NA,NA,NA,NA,1.0792159208108805,0.00295675594742707,9.345890636705395,21.099477020681743
2038,20103,Other Crops,54377617.6404599,5437.76176404599,6.018456236750789,all_cult,NA,NA,NA,NA,NA,NA,NA,NA,NA,NA,1.0792159208108805,0.00295675594742707,9.345890636705395,21.099477020681743
2038,20103,Sorghum,567901.3203360821,56.79013203360822,0.06285470735100035,all_cult,Sorghum,NA,NA,112,6360.494787764121,2527.6536114501982,810.5319070687558,142.5746548104093,112.2718470097568,5,1.0792159208108805,0.00295675594742707,9.345890636705395,21.099477020681743
2038,20103,Soybeans,101039226.18326606,10103.922618326606,11.18291288522158,all_cult,Soybeans,0.11410095968932568,4.571428571428571,56,565819.66662629,2527.6536114501982,810.5319070687558,142.5746548104093,112.2718470097568,5,1.0792159208108805,0.00295675594742707,9.345890636705395,21.099477020681743
2038,20103,Wheat,4817340.8524583215,481.7340852458321,0.5331781044497215,all_cult,Wheat,NA,NA,89,42874.33358687905,2303.760591430667,570.3364465878183,177.47325498705152,145.92500953375878,5,1.0792159208108805,0.00295675594742707,9.345890636705395,21.099477020681743
2038,20117,Corn,1797933.5665907045,179.79335665907044,8.787790125047634,all_cult,Corn,0.16261062771687598,15.722222222222221,250,44948.33916476761,2387.8950152587918,751.09678802826,144.57043973223256,109.83351954130872,5,0.9612501130765762,0.002633561953634455,7.885104955385832,20.65687304353063
2038,20117,Developed,709093.4285035765,70.90934285035766,3.465847873654197,developed,NA,NA,NA,NA,NA,NA,NA,NA,NA,NA,0.9612501130765762,0.002633561953634455,7.885104955385832,20.65687304353063
2038,20117,Double Crop,17005.082052877187,1.700508205287719,0.08311602548433755,all_cult,NA,NA,NA,NA,NA,NA,NA,NA,NA,NA,0.9612501130765762,0.002633561953634455,7.885104955385832,20.65687304353063
2038,20117,Grass/Pasture/Shrubland,13608757.209524421,1360.8757209524422,66.51575143947134,grassPastureHay,NA,NA,NA,NA,NA,NA,NA,NA,NA,NA,0.9612501130765762,0.002633561953634455,7.885104955385832,20.65687304353063
2038,20117,Other Crops,368569.7378671669,36.856973786716694,1.801464505144208,all_cult,NA,NA,NA,NA,NA,NA,NA,NA,NA,NA,0.9612501130765762,0.002633561953634455,7.885104955385832,20.65687304353063
2038,20117,Sorghum,113210.96189225193,11.321096189225193,0.5533431220433721,all_cult,Sorghum,NA,NA,112,1267.9627731932217,2387.8950152587918,751.09678802826,144.57043973223256,109.83351954130872,5,0.9612501130765762,0.002633561953634455,7.885104955385832,20.65687304353063
2038,20117,Soybeans,2250086.8872694396,225.00868872694397,10.99778751332857,all_cult,Soybeans,0.12228514283699721,8.25,56,12600.486568708862,2387.8950152587918,751.09678802826,144.57043973223256,109.83351954130872,5,0.9612501130765762,0.002633561953634455,7.885104955385832,20.65687304353063
2038,20117,Wheat,234744.84118524572,23.474484118524572,1.1473663074132867,all_cult,Wheat,NA,NA,89,2089.229086548687,2177.454758300784,536.5737156162484,183.49975477756217,167.5979576378867,5,0.9612501130765762,0.002633561953634455,7.885104955385832,20.65687304353063
2038,20127,Corn,10941387.892613748,1094.1387892613748,4.064821675495574,all_cult,Corn,NA,NA,250,273534.6973153437,2462.323330078128,700.017566158604,139.4413659400292,109.55893661724063,5,0.941448869800902,0.0025793119720572658,8.555030007558349,21.34979786494009
2038,20127,Developed,12128694.282144045,1212.8694282144045,4.50591642462472,developed,NA,NA,NA,NA,NA,NA,NA,NA,NA,NA,0.941448869800902,0.0025793119720572658,8.555030007558349,21.34979786494009
2038,20127,Double Crop,4499199.088895911,449.9199088895911,1.671491967784096,all_cult,NA,NA,NA,NA,NA,NA,NA,NA,NA,NA,0.941448869800902,0.0025793119720572658,8.555030007558349,21.34979786494009
2038,20127,Grass/Pasture/Shrubland,158101691.18434784,15810.169118434784,58.73616652348874,grassPastureHay,NA,NA,NA,NA,NA,NA,NA,NA,NA,NA,0.941448869800902,0.0025793119720572658,8.555030007558349,21.34979786494009
2038,20127,Other Crops,10981377.128665583,1098.1377128665583,4.079678027823576,all_cult,NA,NA,NA,NA,NA,NA,NA,NA,NA,NA,0.941448869800902,0.0025793119720572658,8.555030007558349,21.34979786494009
2038,20127,Sorghum,7272388.587591114,727.2388587591115,2.701756217181813,all_cult,Sorghum,NA,NA,112,81450.75218102049,2462.323330078128,700.017566158604,139.4413659400292,109.55893661724063,5,0.941448869800902,0.0025793119720572658,8.555030007558349,21.34979786494009
2038,20127,Soybeans,28686301.015498407,2868.6301015498407,10.657212713965244,all_cult,Soybeans,0.11686486262093489,4,56,160643.2856867911,2462.323330078128,700.017566158604,139.4413659400292,109.55893661724063,5,0.941448869800902,0.0025793119720572658,8.555030007558349,21.34979786494009
2038,20127,Wheat,20934850.636842933,2093.485063684293,7.777480834890052,all_cult,Wheat,NA,NA,89,186320.17066790207,2258.801867065433,559.6261831778645,161.833677262075,115.98090793349884,5,0.941448869800902,0.0025793119720572658,8.555030007558349,21.34979786494009
2038,20131,Corn,124792211.963085,12479.2211963085,16.444051346315263,all_cult,Corn,0.12528513936677563,9.454545454545455,250,3119805.299077125,2392.338779296878,751.6182608208344,141.88999667069092,127.50741207382038,5,0.9702294680763617,0.0026581629262366073,7.912089208315519,20.61147643206873
2038,20131,Developed,34827921.40223819,3482.792140223819,4.589325878711502,developed,NA,NA,NA,NA,NA,NA,NA,NA,NA,NA,0.9702294680763617,0.0026581629262366073,7.912089208315519,20.61147643206873
2038,20131,Double Crop,1288597.7379512293,128.85977379512295,0.1698003988733199,all_cult,NA,NA,NA,NA,NA,NA,NA,NA,NA,NA,0.9702294680763617,0.0026581629262366073,7.912089208315519,20.61147643206873
2038,20131,Grass/Pasture/Shrubland,328086582.4549448,32808.65824549448,43.232446344665604,grassPastureHay,NA,NA,NA,NA,NA,NA,NA,NA,NA,NA,0.9702294680763617,0.0026581629262366073,7.912089208315519,20.61147643206873
2038,20131,Other Crops,27101730.321978156,2710.1730321978157,3.5712344382550913,all_cult,NA,NA,NA,NA,NA,NA,NA,NA,NA,NA,0.9702294680763617,0.0026581629262366073,7.912089208315519,20.61147643206873
2038,20131,Sorghum,2055671.3741418559,205.5671374141856,0.2708788080264065,all_cult,Sorghum,NA,NA,112,23023.519390388785,2392.338779296878,751.6182608208344,141.88999667069092,127.50741207382038,5,0.9702294680763617,0.0026581629262366073,7.912089208315519,20.61147643206873
2038,20131,Soybeans,136674912.54505298,13667.491254505298,18.00985209164201,all_cult,Soybeans,0.1067341402930363,5.142857142857143,56,765379.5102522967,2392.338779296878,751.6182608208344,141.88999667069092,127.50741207382038,5,0.9702294680763617,0.0026581629262366073,7.912089208315519,20.61147643206873
2038,20131,Wheat,9588450.555545796,958.8450555545795,1.2634840811511674,all_cult,Wheat,NA,NA,89,85337.20994435757,2174.819042968753,538.5341176529864,184.68828295563185,176.1137562849841,5,0.9702294680763617,0.0026581629262366073,7.912089208315519,20.61147643206873
2038,20139,Corn,20890964.22588984,2089.096422588984,9.4988079569725965,all_cult,Corn,NA,NA,250,522274.10564724595,2498.739805908206,787.2750604560335,144.0992885972129,116.15557970663303,5,1.0496137257011455,0.002875654043016837,9.014845422196085,21.18632641936004
2038,20139,Developed,11858545.489950646,1185.8545489950645,5.391902692479325,developed,NA,NA,NA,NA,NA,NA,NA,NA,NA,NA,1.0496137257011455,0.002875654043016837,9.014845422196085,21.18632641936004
2038,20139,Double Crop,1849135.1156913848,184.91351156913848,0.8407739901578724,all_cult,NA,NA,NA,NA,NA,NA,NA,NA,NA,NA,1.0496137257011455,0.002875654043016837,9.014845422196085,21.18632641936004
2038,20139,Grass/Pasture/Shrubland,108139234.26990536,10813.923426990536,49.1692871538651,grassPastureHay,NA,NA,NA,NA,NA,NA,NA,NA,NA,NA,1.0496137257011455,0.002875654043016837,9.014845422196085,21.18632641936004
2038,20139,Other Crops,6302951.103083336,630.2951103083336,2.86585728849129,all_cult,NA,NA,NA,NA,NA,NA,NA,NA,NA,NA,1.0496137257011455,0.002875654043016837,9.014845422196085,21.18632641936004
2038,20139,Sorghum,252758.48461129973,25.27584846112997,0.11492549021948671,all_cult,Sorghum,NA,NA,112,2830.8950276465566,2498.739805908206,787.2750604560335,144.0992885972129,116.15557970663303,5,1.0496137257011455,0.002875654043016837,9.014845422196085,21.18632641936004
2038,20139,Soybeans,28064514.38751116,2806.4514387511163,12.76051357372463,all_cult,Soybeans,NA,NA,56,157161.28057006252,2498.739805908206,787.2750604560335,144.0992885972129,116.15557970663303,5,1.0496137257011455,0.002875654043016837,9.014845422196085,21.18632641936004
2038,20139,Wheat,1738320.944623076,173.8320944623076,0.7903884493801757,all_cult,Wheat,NA,NA,89,15471.056407145375,2288.38384643555,582.673768745515,170.6351433350558,119.2648919452984,5,1.0496137257011455,0.002875654043016837,9.014845422196085,21.18632641936004
2038,20149,Corn,136791901.8519852,13679.190185198519,7.982141503627487,all_cult,Corn,0.1326174661314905,62.44444444444444,250,3419797.54629963,2442.9899816894563,739.2131729373849,141.2980669273257,110.47889577897386,5,0.9604126611200186,0.00263126756471238,8.295960074646855,21.12892111582301
2038,20149,Developed,87781477.02653997,8778.147702653996,5.122263537072818,developed,NA,NA,NA,NA,NA,NA,NA,NA,NA,NA,0.9604126611200186,0.00263126756471238,8.295960074646855,21.12892111582301
2038,20149,Double Crop,1803166.4492782145,180.31664492782144,0.1052191654466961,all_cult,NA,NA,NA,NA,NA,NA,NA,NA,NA,NA,0.9604126611200186,0.00263126756471238,8.295960074646855,21.12892111582301
2038,20149,Grass/Pasture/Shrubland,1058221194.9777538,105822.11949777538,61.749790785057485,grassPastureHay,NA,NA,NA,NA,NA,NA,NA,NA,NA,NA,0.9604126611200186,0.00263126756471238,8.295960074646855,21.12892111582301
2038,20149,Other Crops,34485813.7618199,3448.58137618199,2.012331443512244,all_cult,NA,NA,NA,NA,NA,NA,NA,NA,NA,NA,0.9604126611200186,0.00263126756471238,8.295960074646855,21.12892111582301
2038,20149,Sorghum,5647082.09049503,564.708209049503,0.3295210295248753,all_cult,Sorghum,NA,NA,112,63247.319413544334,2442.9899816894563,739.2131729373849,141.2980669273257,110.47889577897386,5,0.9604126611200186,0.00263126756471238,8.295960074646855,21.12892111582301
2038,20149,Soybeans,153915907.33370754,15391.590733370755,8.98136903839706,all_cult,Soybeans,0.11392545848870632,51.611111111111114,56,861929.0810687622,2442.9899816894563,739.2131729373849,141.2980669273257,110.47889577897386,5,0.9604126611200186,0.00263126756471238,8.295960074646855,21.12892111582301
2038,20149,Wheat,13424373.002870617,1342.4373002870618,0.7833449455387832,all_cult,Wheat,NA,NA,89,119476.9197255485,2236.8602307128936,544.3172719884464,178.47490438794935,147.2800914017735,5,0.9604126611200186,0.00263126756471238,8.295960074646855,21.12892111582301
2038,20161,Corn,29887562.457934357,2988.756245793436,3.7374801575206362,all_cult,Corn,0.14127372152863188,12.444444444444445,250,747189.0614483589,2455.779766845706,712.1163591662325,137.985035100129,109.04934996834524,5,0.9328346215126639,0.0025557112918155175,8.363335613093987,21.340242033657987
2038,20161,Developed,93189704.06140432,9318.970406140432,11.653498685445852,developed,NA,NA,NA,NA,NA,NA,NA,NA,NA,NA,0.9328346215126639,0.0025557112918155175,8.363335613093987,21.340242033657987
2038,20161,Double Crop,2321662.5391971655,232.16625391971652,0.2903270443991936,all_cult,NA,NA,NA,NA,NA,NA,NA,NA,NA,NA,0.9328346215126639,0.0025557112918155175,8.363335613093987,21.340242033657987
2038,20161,Grass/Pasture/Shrubland,421935273.9416269,42193.527394162695,52.76357736882686,grassPastureHay,NA,NA,NA,NA,NA,NA,NA,NA,NA,NA,0.9328346215126639,0.0025557112918155175,8.363335613093987,21.340242033657987
2038,20161,Other Crops,10313350.483787943,1031.3350483787942,1.2896984437913022,all_cult,NA,NA,NA,NA,NA,NA,NA,NA,NA,NA,0.9328346215126639,0.0025557112918155175,8.363335613093987,21.340242033657987
2038,20161,Sorghum,8046145.345421317,804.6145345421318,1.0061813711092988,all_cult,Sorghum,NA,NA,112,90116.82786871876,2455.779766845706,712.1163591662325,137.985035100129,109.04934996834524,5,0.9328346215126639,0.0025557112918155175,8.363335613093987,21.340242033657987
2038,20161,Soybeans,56043067.26954317,5604.306726954317,7.008261452613234,all_cult,Soybeans,0.12420661341954765,10.38888888888889,56,313841.17670944176,2455.779766845706,712.1163591662325,137.985035100129,109.04934996834524,5,0.9328346215126639,0.0025557112918155175,8.363335613093987,21.340242033657987
2038,20161,Wheat,14763447.35949416,1476.3447359494162,1.8461890841841313,all_cult,Wheat,NA,NA,89,131394.68149949805,2251.2396545410184,546.6658250813624,172.22569050169668,139.31622607762176,5,0.9328346215126639,0.0025557112918155175,8.363335613093987,21.340242033657987
2038,20177,Corn,132475537.80653152,13247.553780653152,9.091050553311547,all_cult,Corn,0.12030458771317423,83,250,3311888.445163288,2495.0491595459016,782.3121231525647,145.1046033139221,106.87376311495376,5,1.0328374678191519,0.002829691692655211,8.946884431185811,21.16355380123611
2038,20177,Developed,255013934.0237044,25501.393402370442,17.50017100813045,developed,NA,NA,NA,NA,NA,NA,NA,NA,NA,NA,1.0328374678191519,0.002829691692655211,8.946884431185811,21.16355380123611
2038,20177,Double Crop,2797246.7569815805,279.7246756981581,0.19195930130847558,all_cult,NA,NA,NA,NA,NA,NA,NA,NA,NA,NA,1.0328374678191519,0.002829691692655211,8.946884431185811,21.16355380123611
2038,20177,Grass/Pasture/Shrubland,626083355.6398722,62608.33556398722,42.96457693964075,grassPastureHay,NA,NA,NA,NA,NA,NA,NA,NA,NA,NA,1.0328374678191519,0.002829691692655211,8.946884431185811,21.16355380123611
2038,20177,Other Crops,33361526.081880283,3336.1526081880284,2.289413767762353,all_cult,NA,NA,NA,NA,NA,NA,NA,NA,NA,NA,1.0328374678191519,0.002829691692655211,8.946884431185811,21.16355380123611
2038,20177,Sorghum,2303954.5452317544,230.39545452317543,0.15810743319134585,all_cult,Sorghum,NA,NA,112,25804.29090659565,2495.0491595459016,782.3121231525647,145.1046033139221,106.87376311495376,5,1.0328374678191519,0.002829691692655211,8.946884431185811,21.16355380123611
2038,20177,Soybeans,145627766.023613,14562.7766023613,9.993613951731533,all_cult,Soybeans,0.09768281806034469,42.833333333333336,56,815515.4897322329,2495.0491595459016,782.3121231525647,145.1046033139221,106.87376311495376,5,1.0328374678191519,0.002829691692655211,8.946884431185811,21.16355380123611
2038,20177,Wheat,9565647.685078032,956.5647685078033,0.656436562704971,all_cult,Wheat,NA,NA,89,85134.26439719449,2287.0171472168,576.3978758927176,174.23352364774345,132.52114928925232,5,1.0328374678191519,0.002829691692655211,8.946884431185811,21.16355380123611
2038,20197,Corn,69733578.79693311,6973.357879693312,4.536852294529976,all_cult,Corn,0.14186117514330646,28.666666666666668,250,1743339.469923328,2467.068649902347,736.8011471226719,143.33525725471972,117.15902396708178,5,0.9782469131103048,0.0026801285290693278,8.596367848017467,21.213337302012008
2038,20197,Developed,54289406.85937861,5428.940685937861,3.5320576446519008,developed,NA,NA,NA,NA,NA,NA,NA,NA,NA,NA,0.9782469131103048,0.0026801285290693278,8.596367848017467,21.213337302012008
2038,20197,Double Crop,1125869.9276987636,112.58699276987635,0.07324886594013556,all_cult,NA,NA,NA,NA,NA,NA,NA,NA,NA,NA,0.9782469131103048,0.0026801285290693278,8.596367848017467,21.213337302012008
2038,20197,Grass/Pasture/Shrubland,1169502873.1037595,116950.28731037596,76.08761639426346,grassPastureHay,NA,NA,NA,NA,NA,NA,NA,NA,NA,NA,0.9782469131103048,0.0026801285290693278,8.596367848017467,21.213337302012008
2038,20197,Other Crops,29094649.42529061,2909.464942529061,1.8928919077573607,all_cult,NA,NA,NA,NA,NA,NA,NA,NA,NA,NA,0.9782469131103048,0.0026801285290693278,8.596367848017467,21.213337302012008
2038,20197,Sorghum,3287931.385599168,328.7931385599168,0.21391213972326276,all_cult,Sorghum,NA,NA,112,36824.831518710685,2467.068649902347,736.8011471226719,143.33525725471972,117.15902396708178,5,0.9782469131103048,0.0026801285290693278,8.596367848017467,21.213337302012008
2038,20197,Soybeans,83491332.16381498,8349.133216381497,5.431928899043218,all_cult,Soybeans,0.12942046457519057,22.77777777777778,56,467551.46011736384,2467.068649902347,736.8011471226719,143.33525725471972,117.15902396708178,5,0.9782469131103048,0.0026801285290693278,8.596367848017467,21.213337302012008
2038,20197,Wheat,7530280.724868099,753.02807248681,0.4899185152185996,all_cult,Wheat,NA,NA,89,67019.49845132609,2261.4571502685576,558.5946180265042,167.6346671204536,129.8290100165422,5,0.9782469131103048,0.0026801285290693278,8.596367848017467,21.213337302012008
2038,20209,Corn,2798441.748604609,279.8441748604609,1.0907251789658858,all_cult,Corn,NA,NA,250,69961.04371511523,2559.3989532470737,801.5897726939086,143.17708632768665,93.37724525063454,5,1.076778754133939,0.002950078778449148,9.733617754374487,20.9940157621201
2038,20209,Developed,144515431.86680782,14451.543186680783,56.32656829996687,developed,NA,NA,NA,NA,NA,NA,NA,NA,NA,NA,1.076778754133939,0.002950078778449148,9.733617754374487,20.9940157621201
2038,20209,Double Crop,152719.71803613545,15.271971803613546,0.05952428413764306,all_cult,NA,NA,NA,NA,NA,NA,NA,NA,NA,NA,1.076778754133939,0.002950078778449148,9.733617754374487,20.9940157621201
2038,20209,Grass/Pasture/Shrubland,41083799.11850462,4108.379911850462,16.01288794682744,grassPastureHay,NA,NA,NA,NA,NA,NA,NA,NA,NA,NA,1.076778754133939,0.002950078778449148,9.733617754374487,20.9940157621201
2038,20209,Other Crops,1959154.8527385148,195.91548527385146,0.7636033619211925,all_cult,NA,NA,NA,NA,NA,NA,NA,NA,NA,NA,1.076778754133939,0.002950078778449148,9.733617754374487,20.9940157621201
2038,20209,Sorghum,54127.80426680527,5.412780426680527,0.02109694047602745,all_cult,Sorghum,NA,NA,112,606.231407788219,2559.3989532470737,801.5897726939086,143.17708632768665,93.37724525063454,5,1.076778754133939,0.002950078778449148,9.733617754374487,20.9940157621201
2038,20209,Soybeans,8244134.676247953,824.4134676247953,3.213247256139296,all_cult,Soybeans,0.14562756367793683,4.75,56,46167.15418698854,2559.3989532470737,801.5897726939086,143.17708632768665,93.37724525063454,5,1.076778754133939,0.002950078778449148,9.733617754374487,20.9940157621201
2038,20209,Wheat,234900.57353758038,23.49005735375804,0.09155522720411169,all_cult,Wheat,NA,NA,89,2090.6151044844655,2317.4317071533233,560.1763178712482,179.0306667092798,131.41945749423414,5,1.076778754133939,0.002950078778449148,9.733617754374487,20.9940157621201
2039,20005,Corn,172734778.84431297,17273.477884431297,23.078910848652363,all_cult,Corn,0.10724545034749912,6.181818181818182,250,4318369.471107824,2334.7784527587924,893.3308317078244,222.78935173792593,328.51630573922444,5,1.1005183826145326,0.003015118856478171,8.212832934235896,20.16044446971321
2039,20005,Developed,36578638.84791646,3657.863884791646,4.88723319405755,developed,NA,NA,NA,NA,NA,NA,NA,NA,NA,NA,1.1005183826145326,0.003015118856478171,8.212832934235896,20.16044446971321
2039,20005,Double Crop,1451158.554832854,145.11585548328543,0.1938877575107932,all_cult,NA,NA,NA,NA,NA,NA,NA,NA,NA,NA,1.1005183826145326,0.003015118856478171,8.212832934235896,20.16044446971321
2039,20005,Grass/Pasture/Shrubland,215288406.86893737,21528.840686893738,28.764456018176027,grassPastureHay,NA,NA,NA,NA,NA,NA,NA,NA,NA,NA,1.1005183826145326,0.003015118856478171,8.212832934235896,20.16044446971321
2039,20005,Other Crops,29204979.705745928,2920.4979705745927,3.902046405912905,all_cult,NA,NA,NA,NA,NA,NA,NA,NA,NA,NA,1.1005183826145326,0.003015118856478171,8.212832934235896,20.16044446971321
2039,20005,Sorghum,732239.3724075308,73.22393724075309,0.09783372699309156,all_cult,Sorghum,NA,NA,112,8201.080970964345,2334.7784527587924,893.3308317078244,222.78935173792593,328.51630573922444,5,1.1005183826145326,0.003015118856478171,8.212832934235896,20.16044446971321
2039,20005,Soybeans,181600576.65296197,18160.057665296197,24.263460703620524,all_cult,Soybeans,0.07483265359624193,5,56,1016963.2292565871,2334.7784527587924,893.3308317078244,222.78935173792593,328.51630573922444,5,1.1005183826145326,0.003015118856478171,8.212832934235896,20.16044446971321
2039,20005,Wheat,5908069.702597459,590.8069702597459,0.7893709354082403,all_cult,Wheat,NA,NA,89,52581.82035311738,2114.919301147464,600.5327973203994,249.737602760159,116.64676025133252,5,1.1005183826145326,0.003015118856478171,8.212832934235896,20.16044446971321
2039,20013,Corn,113276297.82191704,11327.629782191703,25.36090350021212,all_cult,Corn,0.12646432205391206,17.5625,250,2831907.445547926,2298.457103881839,890.5691407144418,222.32207575499856,308.11096200627753,5,1.09646112442343,0.003004003080612137,7.703495023544543,20.114849502354474
2039,20013,Developed,24170977.38782201,2417.0977387822013,5.411527714315524,developed,NA,NA,NA,NA,NA,NA,NA,NA,NA,NA,1.09646112442343,0.003004003080612137,7.703495023544543,20.114849502354474
2039,20013,Double Crop,542048.8992527233,54.20488992527234,0.12135680712267008,all_cult,NA,NA,NA,NA,NA,NA,NA,NA,NA,NA,1.09646112442343,0.003004003080612137,7.703495023544543,20.114849502354474
2039,20013,Grass/Pasture/Shrubland,122499833.68113159,12249.983368113159,27.425918047421547,grassPastureHay,NA,NA,NA,NA,NA,NA,NA,NA,NA,NA,1.09646112442343,0.003004003080612137,7.703495023544543,20.114849502354474
2039,20013,Other Crops,13090232.71280689,1309.023271280689,2.9307113227404837,all_cult,NA,NA,NA,NA,NA,NA,NA,NA,NA,NA,1.09646112442343,0.003004003080612137,7.703495023544543,20.114849502354474
2039,20013,Sorghum,333636.9508835004,33.363695088350035,0.07469642527304013,all_cult,Sorghum,NA,NA,112,3736.733849895204,2298.457103881839,890.5691407144418,222.32207575499856,308.11096200627753,5,1.09646112442343,0.003004003080612137,7.703495023544543,20.114849502354474
2039,20013,Soybeans,123405327.24801578,12340.532724801578,27.62864479089188,all_cult,Soybeans,0.10147480973744562,10.461538461538462,56,691069.8325888884,2298.457103881839,890.5691407144418,222.32207575499856,308.11096200627753,5,1.09646112442343,0.003004003080612137,7.703495023544543,20.114849502354474
2039,20013,Wheat,3906288.4515680084,390.6288451568008,0.8745607542714157,all_cult,Wheat,NA,NA,89,34765.96721895527,2078.5411541748076,607.6366653391049,251.57072686376955,103.49675180836638,5,1.09646112442343,0.003004003080612137,7.703495023544543,20.114849502354474
2039,20045,Corn,74392843.99321488,7439.284399321487,7.631923083362056,all_cult,Corn,0.1459526935617447,11,250,1859821.0998303718,2394.2441455078156,938.353896486216,225.69368133363363,357.10789897030656,5,1.1616091687232033,0.0031824908732142557,8.912730453700258,20.473828777156488
2039,20045,Developed,130402436.2681122,13040.24362681122,13.37791795635647,developed,NA,NA,NA,NA,NA,NA,NA,NA,NA,NA,1.1616091687232033,0.0031824908732142557,8.912730453700258,20.473828777156488
2039,20045,Double Crop,4220114.888463862,422.01148884638627,0.4329393864098648,all_cult,NA,NA,NA,NA,NA,NA,NA,NA,NA,NA,1.1616091687232033,0.0031824908732142557,8.912730453700258,20.473828777156488
2039,20045,Grass/Pasture/Shrubland,354830010.0217444,35483.00100217444,36.40182575089523,grassPastureHay,NA,NA,NA,NA,NA,NA,NA,NA,NA,NA,1.1616091687232033,0.0031824908732142557,8.912730453700258,20.473828777156488
2039,20045,Other Crops,37964614.628596716,3796.4614628596714,3.8947700233285687,all_cult,NA,NA,NA,NA,NA,NA,NA,NA,NA,NA,1.1616091687232033,0.0031824908732142557,8.912730453700258,20.473828777156488
2039,20045,Sorghum,671055.755263424,67.1055755263424,0.06884326010288025,all_cult,Sorghum,NA,NA,112,7515.824458950349,2394.2441455078156,938.353896486216,225.69368133363363,357.10789897030656,5,1.1616091687232033,0.0031824908732142557,8.912730453700258,20.473828777156488
2039,20045,Soybeans,100028766.3995359,10002.876639953589,10.261898998705805,all_cult,Soybeans,0.11420951862362651,8.5,56,560161.091837401,2394.2441455078156,938.353896486216,225.69368133363363,357.10789897030656,5,1.1616091687232033,0.0031824908732142557,8.912730453700258,20.473828777156488
2039,20045,Wheat,7085783.937909698,708.5783937909698,0.7269268802840957,all_cult,Wheat,NA,NA,89,63063.477047396314,2182.0230627441442,662.6470722349289,250.1481021050005,143.9986087447275,5,1.1616091687232033,0.0031824908732142557,8.912730453700258,20.473828777156488
2039,20061,Corn,31722102.062803604,3172.21020628036,4.044269831598419,all_cult,Corn,0.16936452361704205,12.944444444444445,250,793052.55157009,2339.230423583987,849.3065325345846,224.72183802003923,282.80872604414924,5,1.0357956724859492,0.0028377963629752033,8.07937439800944,20.6704936824433
2039,20061,Developed,61171563.9285717,6117.15639285717,7.798799400437711,developed,NA,NA,NA,NA,NA,NA,NA,NA,NA,NA,1.0357956724859492,0.0028377963629752033,8.07937439800944,20.6704936824433
2039,20061,Double Crop,5604030.762346523,560.4030762346523,0.7144612454318694,all_cult,NA,NA,NA,NA,NA,NA,NA,NA,NA,NA,1.0357956724859492,0.0028377963629752033,8.07937439800944,20.6704936824433
2039,20061,Grass/Pasture/Shrubland,476190220.2809351,47619.02202809351,60.70977699307564,grassPastureHay,NA,NA,NA,NA,NA,NA,NA,NA,NA,NA,1.0357956724859492,0.0028377963629752033,8.07937439800944,20.6704936824433
2039,20061,Other Crops,18227803.79878525,1822.7803798785249,2.323873646638379,all_cult,NA,NA,NA,NA,NA,NA,NA,NA,NA,NA,1.0357956724859492,0.0028377963629752033,8.07937439800944,20.6704936824433
2039,20061,Sorghum,5491901.736070833,549.1901736070832,0.7001658485721192,all_cult,Sorghum,NA,NA,112,61509.299443993325,2339.230423583987,849.3065325345846,224.72183802003923,282.80872604414924,5,1.0357956724859492,0.0028377963629752033,8.07937439800944,20.6704936824433
2039,20061,Soybeans,39491221.54782481,3949.1221547824807,5.03475953777074,all_cult,Soybeans,0.12217913528938978,7.666666666666667,56,221150.8406678189,2339.230423583987,849.3065325345846,224.72183802003923,282.80872604414924,5,1.0357956724859492,0.0028377963629752033,8.07937439800944,20.6704936824433
2039,20061,Wheat,15495075.277191846,1549.5075277191845,1.9754764472362665,all_cult,Wheat,NA,NA,89,137906.16996700742,2136.5772497558623,606.8443662493877,252.54292905056815,122.31427958149202,5,1.0357956724859492,0.0028377963629752033,8.07937439800944,20.6704936824433
2039,20085,Corn,134933024.35661882,13493.30243566188,7.9306511901880965,all_cult,Corn,NA,NA,250,3373325.60891547,2319.536106567386,891.3699195150283,223.98655180869872,316.8533512573038,5,1.0966018301772047,0.0030043885758279584,7.964869869702506,20.335307416523996
2039,20085,Developed,75618361.35140783,7561.836135140783,4.444448275810096,developed,NA,NA,NA,NA,NA,NA,NA,NA,NA,NA,1.0966018301772047,0.0030043885758279584,7.964869869702506,20.335307416523996
2039,20085,Double Crop,1864792.83802623,186.479283802623,0.10960268333762817,all_cult,NA,NA,NA,NA,NA,NA,NA,NA,NA,NA,1.0966018301772047,0.0030043885758279584,7.964869869702506,20.335307416523996
2039,20085,Grass/Pasture/Shrubland,941187748.5802637,94118.77485802637,55.31804963283908,grassPastureHay,NA,NA,NA,NA,NA,NA,NA,NA,NA,NA,1.0966018301772047,0.0030043885758279584,7.964869869702506,20.335307416523996
2039,20085,Other Crops,98052397.627671,9805.2397627671,5.7630025537076115,all_cult,NA,NA,NA,NA,NA,NA,NA,NA,NA,NA,1.0966018301772047,0.0030043885758279584,7.964869869702506,20.335307416523996
2039,20085,Sorghum,4069081.398774073,406.9081398774073,0.23915913388905596,all_cult,Sorghum,NA,NA,112,45573.71166626961,2319.536106567386,891.3699195150283,223.98655180869872,316.8533512573038,5,1.0966018301772047,0.0030043885758279584,7.964869869702506,20.335307416523996
2039,20085,Soybeans,170772946.2930534,17077.29462930534,10.037132690300496,all_cult,Soybeans,NA,NA,56,956328.499241099,2319.536106567386,891.3699195150283,223.98655180869872,316.8533512573038,5,1.0966018301772047,0.0030043885758279584,7.964869869702506,20.335307416523996
2039,20085,Wheat,13725583.902961861,1372.5583902961862,0.8067173980208171,all_cult,Wheat,NA,NA,89,122157.69673636057,2112.0431140136748,622.5676545357505,252.87381181469624,124.96409118766478,5,1.0966018301772047,0.0030043885758279584,7.964869869702506,20.335307416523996
2039,20087,Corn,155094058.297135,15509.4058297135,10.788896738521789,all_cult,Corn,0.13078338055311117,25.77777777777778,250,3877351.457428375,2353.3936407470733,913.1483354636116,223.84651488729492,346.6547672761775,5,1.1258475045283984,0.003084513711036708,8.517105997163979,20.263808443252376
2039,20087,Developed,83037617.78054704,8303.761778054704,5.7763933285619125,developed,NA,NA,NA,NA,NA,NA,NA,NA,NA,NA,1.1258475045283984,0.003084513711036708,8.517105997163979,20.263808443252376
2039,20087,Double Crop,3214015.8179615135,321.4015817961514,0.2235784217441099,all_cult,NA,NA,NA,NA,NA,NA,NA,NA,NA,NA,1.1258475045283984,0.003084513711036708,8.517105997163979,20.263808443252376
2039,20087,Grass/Pasture/Shrubland,533878677.1787268,53387.86771787268,37.138507962340775,grassPastureHay,NA,NA,NA,NA,NA,NA,NA,NA,NA,NA,1.1258475045283984,0.003084513711036708,8.517105997163979,20.263808443252376
2039,20087,Other Crops,67978226.39294052,6797.822639294052,4.728808266891807,all_cult,NA,NA,NA,NA,NA,NA,NA,NA,NA,NA,1.1258475045283984,0.003084513711036708,8.517105997163979,20.263808443252376
2039,20087,Sorghum,2078940.1655916602,207.89401655916603,0.1446185045281528,all_cult,Sorghum,NA,NA,112,23284.129854626597,2353.3936407470733,913.1483354636116,223.84651488729492,346.6547672761775,5,1.1258475045283984,0.003084513711036708,8.517105997163979,20.263808443252376
2039,20087,Soybeans,173639107.61438552,17363.91076143855,12.078956617613274,all_cult,Soybeans,0.09985991575255485,13.833333333333334,56,972379.0026405589,2353.3936407470733,913.1483354636116,223.84651488729492,346.6547672761775,5,1.1258475045283984,0.003084513711036708,8.517105997163979,20.263808443252376
2039,20087,Wheat,7377427.0278590415,737.7427027859042,0.5132001784817648,all_cult,Wheat,NA,NA,89,65659.10054794548,2144.1994244384796,631.67042203092,250.33339243868664,145.44298362002118,5,1.1258475045283984,0.003084513711036708,8.517105997163979,20.263808443252376
2039,20091,Corn,20137063.169311535,2013.7063169311532,3.334881975218613,all_cult,Corn,0.14955141172933145,4,250,503426.5792327883,2402.0487719726593,952.2205280583624,226.09072695124576,380.3835500145098,5,1.1872848553730133,0.003252835220200036,9.107270491090562,20.33751836071278
2039,20091,Developed,271607528.4848879,27160.752848488788,44.98069273866694,developed,NA,NA,NA,NA,NA,NA,NA,NA,NA,NA,1.1872848553730133,0.003252835220200036,9.107270491090562,20.33751836071278
2039,20091,Double Crop,2013905.6882216034,201.39056882216036,0.3335212152324038,all_cult,NA,NA,NA,NA,NA,NA,NA,NA,NA,NA,1.1872848553730133,0.003252835220200036,9.107270491090562,20.33751836071278
2039,20091,Grass/Pasture/Shrubland,139667491.4795437,13966.749147954368,23.130214964462166,grassPastureHay,NA,NA,NA,NA,NA,NA,NA,NA,NA,NA,1.1872848553730133,0.003252835220200036,9.107270491090562,20.33751836071278
2039,20091,Other Crops,14581458.923742233,1458.1458923742232,2.4148230617504245,all_cult,NA,NA,NA,NA,NA,NA,NA,NA,NA,NA,1.1872848553730133,0.003252835220200036,9.107270491090562,20.33751836071278
2039,20091,Sorghum,265245.84730308503,26.524584730308504,0.043927140106542625,all_cult,Sorghum,NA,NA,112,2970.7534897945525,2402.0487719726593,952.2205280583624,226.09072695124576,380.3835500145098,5,1.1872848553730133,0.003252835220200036,9.107270491090562,20.33751836071278
2039,20091,Soybeans,40506888.73460731,4050.688873460731,6.708311533684595,all_cult,Soybeans,NA,NA,56,226838.57691380093,2402.0487719726593,952.2205280583624,226.09072695124576,380.3835500145098,5,1.1872848553730133,0.003252835220200036,9.107270491090562,20.33751836071278
2039,20091,Wheat,3047090.5931461067,304.70905931461067,0.5046260922212007,all_cult,Wheat,NA,NA,89,27119.10627900035,2185.490303955081,660.9273333936316,244.6613504425663,140.40815772965425,5,1.1872848553730133,0.003252835220200036,9.107270491090562,20.33751836071278
2039,20103,Corn,55676654.53817842,5567.665453817842,6.162232243462533,all_cult,Corn,0.09926099891867379,4.75,250,1391916.3634544604,2386.416788940433,917.9485862984034,221.43168131361992,348.4176393997841,5,1.1379626420416762,0.0031177058686073316,8.823720828539727,20.339969432256016
2039,20103,Developed,66222526.18511143,6622.252618511144,7.329437975150055,developed,NA,NA,NA,NA,NA,NA,NA,NA,NA,NA,1.1379626420416762,0.0031177058686073316,8.823720828539727,20.339969432256016
2039,20103,Double Crop,2239300.7972116056,223.93007972116058,0.2478434038440015,all_cult,NA,NA,NA,NA,NA,NA,NA,NA,NA,NA,1.1379626420416762,0.0031177058686073316,8.823720828539727,20.339969432256016
2039,20103,Grass/Pasture/Shrubland,361083573.13099504,36108.3573130995,39.96434152498699,grassPastureHay,NA,NA,NA,NA,NA,NA,NA,NA,NA,NA,1.1379626420416762,0.0031177058686073316,8.823720828539727,20.339969432256016
2039,20103,Other Crops,54377617.6404599,5437.76176404599,6.018456236750789,all_cult,NA,NA,NA,NA,NA,NA,NA,NA,NA,NA,1.1379626420416762,0.0031177058686073316,8.823720828539727,20.339969432256016
2039,20103,Sorghum,567901.3203360821,56.79013203360822,0.06285470735100035,all_cult,Sorghum,NA,NA,112,6360.494787764121,2386.416788940433,917.9485862984034,221.43168131361992,348.4176393997841,5,1.1379626420416762,0.0031177058686073316,8.823720828539727,20.339969432256016
2039,20103,Soybeans,101039226.18326606,10103.922618326606,11.18291288522158,all_cult,Soybeans,0.11410095968932568,4.571428571428571,56,565819.66662629,2386.416788940433,917.9485862984034,221.43168131361992,348.4176393997841,5,1.1379626420416762,0.0031177058686073316,8.823720828539727,20.339969432256016
2039,20103,Wheat,4817340.8524583215,481.7340852458321,0.5331781044497215,all_cult,Wheat,NA,NA,89,42874.33358687905,2168.0265338134795,633.5744591097122,246.6570851046341,135.4017042925726,5,1.1379626420416762,0.0031177058686073316,8.823720828539727,20.339969432256016
2039,20117,Corn,1797933.5665907045,179.79335665907044,8.787790125047634,all_cult,Corn,0.16261062771687598,15.722222222222221,250,44948.33916476761,2265.8707531738314,861.007767206589,230.0116273815572,302.9742447612545,5,1.0464670477371583,0.0028670330074990636,7.47778989190927,20.001748347870315
2039,20117,Developed,709093.4285035765,70.90934285035766,3.465847873654197,developed,NA,NA,NA,NA,NA,NA,NA,NA,NA,NA,1.0464670477371583,0.0028670330074990636,7.47778989190927,20.001748347870315
2039,20117,Double Crop,17005.082052877187,1.700508205287719,0.08311602548433755,all_cult,NA,NA,NA,NA,NA,NA,NA,NA,NA,NA,1.0464670477371583,0.0028670330074990636,7.47778989190927,20.001748347870315
2039,20117,Grass/Pasture/Shrubland,13608757.209524421,1360.8757209524422,66.51575143947134,grassPastureHay,NA,NA,NA,NA,NA,NA,NA,NA,NA,NA,1.0464670477371583,0.0028670330074990636,7.47778989190927,20.001748347870315
2039,20117,Other Crops,368569.7378671669,36.856973786716694,1.801464505144208,all_cult,NA,NA,NA,NA,NA,NA,NA,NA,NA,NA,1.0464670477371583,0.0028670330074990636,7.47778989190927,20.001748347870315
2039,20117,Sorghum,113210.96189225193,11.321096189225193,0.5533431220433721,all_cult,Sorghum,NA,NA,112,1267.9627731932217,2265.8707531738314,861.007767206589,230.0116273815572,302.9742447612545,5,1.0464670477371583,0.0028670330074990636,7.47778989190927,20.001748347870315
2039,20117,Soybeans,2250086.8872694396,225.00868872694397,10.99778751332857,all_cult,Soybeans,0.12228514283699721,8.25,56,12600.486568708862,2265.8707531738314,861.007767206589,230.0116273815572,302.9742447612545,5,1.0464670477371583,0.0028670330074990636,7.47778989190927,20.001748347870315
2039,20117,Wheat,234744.84118524572,23.474484118524572,1.1473663074132867,all_cult,Wheat,NA,NA,89,2089.229086548687,2056.9370611572294,597.9477805229184,255.2838259159216,118.68927381781154,5,1.0464670477371583,0.0028670330074990636,7.47778989190927,20.001748347870315
2039,20127,Corn,10941387.892613748,1094.1387892613748,4.064821675495574,all_cult,Corn,NA,NA,250,273534.6973153437,2339.4381072998076,837.2157145612327,226.08870882773252,289.6040979767697,5,1.029609237763893,0.0028208472267503915,8.12152962462545,20.668506427921685
2039,20127,Developed,12128694.282144045,1212.8694282144045,4.50591642462472,developed,NA,NA,NA,NA,NA,NA,NA,NA,NA,NA,1.029609237763893,0.0028208472267503915,8.12152962462545,20.668506427921685
2039,20127,Double Crop,4499199.088895911,449.9199088895911,1.671491967784096,all_cult,NA,NA,NA,NA,NA,NA,NA,NA,NA,NA,1.029609237763893,0.0028208472267503915,8.12152962462545,20.668506427921685
2039,20127,Grass/Pasture/Shrubland,158101691.18434784,15810.169118434784,58.73616652348874,grassPastureHay,NA,NA,NA,NA,NA,NA,NA,NA,NA,NA,1.029609237763893,0.0028208472267503915,8.12152962462545,20.668506427921685
2039,20127,Other Crops,10981377.128665583,1098.1377128665583,4.079678027823576,all_cult,NA,NA,NA,NA,NA,NA,NA,NA,NA,NA,1.029609237763893,0.0028208472267503915,8.12152962462545,20.668506427921685
2039,20127,Sorghum,7272388.587591114,727.2388587591115,2.701756217181813,all_cult,Sorghum,NA,NA,112,81450.75218102049,2339.4381072998076,837.2157145612327,226.08870882773252,289.6040979767697,5,1.029609237763893,0.0028208472267503915,8.12152962462545,20.668506427921685
2039,20127,Soybeans,28686301.015498407,2868.6301015498407,10.657212713965244,all_cult,Soybeans,0.11686486262093489,4,56,160643.2856867911,2339.4381072998076,837.2157145612327,226.08870882773252,289.6040979767697,5,1.029609237763893,0.0028208472267503915,8.12152962462545,20.668506427921685
2039,20127,Wheat,20934850.636842933,2093.485063684293,7.777480834890052,all_cult,Wheat,NA,NA,89,186320.17066790207,2138.1086791992216,614.6787666925678,250.1367904520113,129.37322964635905,5,1.029609237763893,0.0028208472267503915,8.12152962462545,20.668506427921685
2039,20131,Corn,124792211.963085,12479.2211963085,16.444051346315263,all_cult,Corn,0.12528513936677563,9.454545454545455,250,3119805.299077125,2266.8115631103547,863.4950869815474,226.38301388480983,294.19152727214407,5,1.059173544502928,0.0029018453274052823,7.485154728301607,19.92944300821385
2039,20131,Developed,34827921.40223819,3482.792140223819,4.589325878711502,developed,NA,NA,NA,NA,NA,NA,NA,NA,NA,NA,1.059173544502928,0.0029018453274052823,7.485154728301607,19.92944300821385
2039,20131,Double Crop,1288597.7379512293,128.85977379512295,0.1698003988733199,all_cult,NA,NA,NA,NA,NA,NA,NA,NA,NA,NA,1.059173544502928,0.0029018453274052823,7.485154728301607,19.92944300821385
2039,20131,Grass/Pasture/Shrubland,328086582.4549448,32808.65824549448,43.232446344665604,grassPastureHay,NA,NA,NA,NA,NA,NA,NA,NA,NA,NA,1.059173544502928,0.0029018453274052823,7.485154728301607,19.92944300821385
2039,20131,Other Crops,27101730.321978156,2710.1730321978157,3.5712344382550913,all_cult,NA,NA,NA,NA,NA,NA,NA,NA,NA,NA,1.059173544502928,0.0029018453274052823,7.485154728301607,19.92944300821385
2039,20131,Sorghum,2055671.3741418559,205.5671374141856,0.2708788080264065,all_cult,Sorghum,NA,NA,112,23023.519390388785,2266.8115631103547,863.4950869815474,226.38301388480983,294.19152727214407,5,1.059173544502928,0.0029018453274052823,7.485154728301607,19.92944300821385
2039,20131,Soybeans,136674912.54505298,13667.491254505298,18.00985209164201,all_cult,Soybeans,0.1067341402930363,5.142857142857143,56,765379.5102522967,2266.8115631103547,863.4950869815474,226.38301388480983,294.19152727214407,5,1.059173544502928,0.0029018453274052823,7.485154728301607,19.92944300821385
2039,20131,Wheat,9588450.555545796,958.8450555545795,1.2634840811511674,all_cult,Wheat,NA,NA,89,85337.20994435757,2049.6410620117217,601.3068072492861,253.3445505317148,107.71062990223376,5,1.059173544502928,0.0029018453274052823,7.485154728301607,19.92944300821385
2039,20139,Corn,20890964.22588984,2089.096422588984,9.4988079569725965,all_cult,Corn,NA,NA,250,522274.10564724595,2361.664328002933,911.236450296322,228.38670397131696,344.14547003560773,5,1.1273305297591176,0.0030885767938605957,8.535996879682171,20.447014494595486
2039,20139,Developed,11858545.489950646,1185.8545489950645,5.391902692479325,developed,NA,NA,NA,NA,NA,NA,NA,NA,NA,NA,1.1273305297591176,0.0030885767938605957,8.535996879682171,20.447014494595486
2039,20139,Double Crop,1849135.1156913848,184.91351156913848,0.8407739901578724,all_cult,NA,NA,NA,NA,NA,NA,NA,NA,NA,NA,1.1273305297591176,0.0030885767938605957,8.535996879682171,20.447014494595486
2039,20139,Grass/Pasture/Shrubland,108139234.26990536,10813.923426990536,49.1692871538651,grassPastureHay,NA,NA,NA,NA,NA,NA,NA,NA,NA,NA,1.1273305297591176,0.0030885767938605957,8.535996879682171,20.447014494595486
2039,20139,Other Crops,6302951.103083336,630.2951103083336,2.86585728849129,all_cult,NA,NA,NA,NA,NA,NA,NA,NA,NA,NA,1.1273305297591176,0.0030885767938605957,8.535996879682171,20.447014494595486
2039,20139,Sorghum,252758.48461129973,25.27584846112997,0.11492549021948671,all_cult,Sorghum,NA,NA,112,2830.8950276465566,2361.664328002933,911.236450296322,228.38670397131696,344.14547003560773,5,1.1273305297591176,0.0030885767938605957,8.535996879682171,20.447014494595486
2039,20139,Soybeans,28064514.38751116,2806.4514387511163,12.76051357372463,all_cult,Soybeans,NA,NA,56,157161.28057006252,2361.664328002933,911.236450296322,228.38670397131696,344.14547003560773,5,1.1273305297591176,0.0030885767938605957,8.535996879682171,20.447014494595486
2039,20139,Wheat,1738320.944623076,173.8320944623076,0.7903884493801757,all_cult,Wheat,NA,NA,89,15471.056407145375,2158.489797973636,655.2969570158509,251.17310866826045,143.5122357033867,5,1.1273305297591176,0.0030885767938605957,8.535996879682171,20.447014494595486
2039,20149,Corn,136791901.8519852,13679.190185198519,7.982141503627487,all_cult,Corn,0.1326174661314905,62.44444444444444,250,3419797.54629963,2318.1497125244173,869.9104099005305,225.44694653298785,316.11345985922367,5,1.0548491139468184,0.0028899975724570367,7.876048165935383,20.462226830051392
2039,20149,Developed,87781477.02653997,8778.147702653996,5.122263537072818,developed,NA,NA,NA,NA,NA,NA,NA,NA,NA,NA,1.0548491139468184,0.0028899975724570367,7.876048165935383,20.462226830051392
2039,20149,Double Crop,1803166.4492782145,180.31664492782144,0.1052191654466961,all_cult,NA,NA,NA,NA,NA,NA,NA,NA,NA,NA,1.0548491139468184,0.0028899975724570367,7.876048165935383,20.462226830051392
2039,20149,Grass/Pasture/Shrubland,1058221194.9777538,105822.11949777538,61.749790785057485,grassPastureHay,NA,NA,NA,NA,NA,NA,NA,NA,NA,NA,1.0548491139468184,0.0028899975724570367,7.876048165935383,20.462226830051392
2039,20149,Other Crops,34485813.7618199,3448.58137618199,2.012331443512244,all_cult,NA,NA,NA,NA,NA,NA,NA,NA,NA,NA,1.0548491139468184,0.0028899975724570367,7.876048165935383,20.462226830051392
2039,20149,Sorghum,5647082.09049503,564.708209049503,0.3295210295248753,all_cult,Sorghum,NA,NA,112,63247.319413544334,2318.1497125244173,869.9104099005305,225.44694653298785,316.11345985922367,5,1.0548491139468184,0.0028899975724570367,7.876048165935383,20.462226830051392
2039,20149,Soybeans,153915907.33370754,15391.590733370755,8.98136903839706,all_cult,Soybeans,0.11392545848870632,51.611111111111114,56,861929.0810687622,2318.1497125244173,869.9104099005305,225.44694653298785,316.11345985922367,5,1.0548491139468184,0.0028899975724570367,7.876048165935383,20.462226830051392
2039,20149,Wheat,13424373.002870617,1342.4373002870618,0.7833449455387832,all_cult,Wheat,NA,NA,89,119476.9197255485,2115.1342816162137,604.5511958348429,254.24365677257617,134.46689040370362,5,1.0548491139468184,0.0028899975724570367,7.876048165935383,20.462226830051392
2039,20161,Corn,29887562.457934357,2988.756245793436,3.7374801575206362,all_cult,Corn,0.14127372152863188,12.444444444444445,250,747189.0614483589,2334.456166381839,849.3584971648403,222.77691369860355,299.5093550732591,5,1.0271269051037648,0.0028140463153527805,7.9413269879067006,20.69492749357879
2039,20161,Developed,93189704.06140432,9318.970406140432,11.653498685445852,developed,NA,NA,NA,NA,NA,NA,NA,NA,NA,NA,1.0271269051037648,0.0028140463153527805,7.9413269879067006,20.69492749357879
2039,20161,Double Crop,2321662.5391971655,232.16625391971652,0.2903270443991936,all_cult,NA,NA,NA,NA,NA,NA,NA,NA,NA,NA,1.0271269051037648,0.0028140463153527805,7.9413269879067006,20.69492749357879
2039,20161,Grass/Pasture/Shrubland,421935273.9416269,42193.527394162695,52.76357736882686,grassPastureHay,NA,NA,NA,NA,NA,NA,NA,NA,NA,NA,1.0271269051037648,0.0028140463153527805,7.9413269879067006,20.69492749357879
2039,20161,Other Crops,10313350.483787943,1031.3350483787942,1.2896984437913022,all_cult,NA,NA,NA,NA,NA,NA,NA,NA,NA,NA,1.0271269051037648,0.0028140463153527805,7.9413269879067006,20.69492749357879
2039,20161,Sorghum,8046145.345421317,804.6145345421318,1.0061813711092988,all_cult,Sorghum,NA,NA,112,90116.82786871876,2334.456166381839,849.3584971648403,222.77691369860355,299.5093550732591,5,1.0271269051037648,0.0028140463153527805,7.9413269879067006,20.69492749357879
2039,20161,Soybeans,56043067.26954317,5604.306726954317,7.008261452613234,all_cult,Soybeans,0.12420661341954765,10.38888888888889,56,313841.17670944176,2334.456166381839,849.3584971648403,222.77691369860355,299.5093550732591,5,1.0271269051037648,0.0028140463153527805,7.9413269879067006,20.69492749357879
2039,20161,Wheat,14763447.35949416,1476.3447359494162,1.8461890841841313,all_cult,Wheat,NA,NA,89,131394.68149949805,2131.238129882815,593.2542921837965,252.93952268194144,131.5543586800945,5,1.0271269051037648,0.0028140463153527805,7.9413269879067006,20.69492749357879
2039,20177,Corn,132475537.80653152,13247.553780653152,9.091050553311547,all_cult,Corn,0.12030458771317423,83,250,3311888.445163288,2360.2531896972687,897.9648650323096,225.68367427187545,332.8250946349988,5,1.104702473482748,0.003026582119130816,8.484946305784483,20.4536002548427
2039,20177,Developed,255013934.0237044,25501.393402370442,17.50017100813045,developed,NA,NA,NA,NA,NA,NA,NA,NA,NA,NA,1.104702473482748,0.003026582119130816,8.484946305784483,20.4536002548427
2039,20177,Double Crop,2797246.7569815805,279.7246756981581,0.19195930130847558,all_cult,NA,NA,NA,NA,NA,NA,NA,NA,NA,NA,1.104702473482748,0.003026582119130816,8.484946305784483,20.4536002548427
2039,20177,Grass/Pasture/Shrubland,626083355.6398722,62608.33556398722,42.96457693964075,grassPastureHay,NA,NA,NA,NA,NA,NA,NA,NA,NA,NA,1.104702473482748,0.003026582119130816,8.484946305784483,20.4536002548427
2039,20177,Other Crops,33361526.081880283,3336.1526081880284,2.289413767762353,all_cult,NA,NA,NA,NA,NA,NA,NA,NA,NA,NA,1.104702473482748,0.003026582119130816,8.484946305784483,20.4536002548427
2039,20177,Sorghum,2303954.5452317544,230.39545452317543,0.15810743319134585,all_cult,Sorghum,NA,NA,112,25804.29090659565,2360.2531896972687,897.9648650323096,225.68367427187545,332.8250946349988,5,1.104702473482748,0.003026582119130816,8.484946305784483,20.4536002548427
2039,20177,Soybeans,145627766.023613,14562.7766023613,9.993613951731533,all_cult,Soybeans,0.09768281806034469,42.833333333333336,56,815515.4897322329,2360.2531896972687,897.9648650323096,225.68367427187545,332.8250946349988,5,1.104702473482748,0.003026582119130816,8.484946305784483,20.4536002548427
2039,20177,Wheat,9565647.685078032,956.5647685078033,0.656436562704971,all_cult,Wheat,NA,NA,89,85134.26439719449,2158.009740600589,638.285233415918,251.13328974518248,143.66025733198276,5,1.104702473482748,0.003026582119130816,8.484946305784483,20.4536002548427
2039,20197,Corn,69733578.79693311,6973.357879693312,4.536852294529976,all_cult,Corn,0.14186117514330646,28.666666666666668,250,1743339.469923328,2338.7695019531284,872.7183722866291,225.6311796375604,310.8467426393633,5,1.0712118377662003,0.0029348269527841105,8.156136173614106,20.528536059235897
2039,20197,Developed,54289406.85937861,5428.940685937861,3.5320576446519008,developed,NA,NA,NA,NA,NA,NA,NA,NA,NA,NA,1.0712118377662003,0.0029348269527841105,8.156136173614106,20.528536059235897
2039,20197,Double Crop,1125869.9276987636,112.58699276987635,0.07324886594013556,all_cult,NA,NA,NA,NA,NA,NA,NA,NA,NA,NA,1.0712118377662003,0.0029348269527841105,8.156136173614106,20.528536059235897
2039,20197,Grass/Pasture/Shrubland,1169502873.1037595,116950.28731037596,76.08761639426346,grassPastureHay,NA,NA,NA,NA,NA,NA,NA,NA,NA,NA,1.0712118377662003,0.0029348269527841105,8.156136173614106,20.528536059235897
2039,20197,Other Crops,29094649.42529061,2909.464942529061,1.8928919077573607,all_cult,NA,NA,NA,NA,NA,NA,NA,NA,NA,NA,1.0712118377662003,0.0029348269527841105,8.156136173614106,20.528536059235897
2039,20197,Sorghum,3287931.385599168,328.7931385599168,0.21391213972326276,all_cult,Sorghum,NA,NA,112,36824.831518710685,2338.7695019531284,872.7183722866291,225.6311796375604,310.8467426393633,5,1.0712118377662003,0.0029348269527841105,8.156136173614106,20.528536059235897
2039,20197,Soybeans,83491332.16381498,8349.133216381497,5.431928899043218,all_cult,Soybeans,0.12942046457519057,22.77777777777778,56,467551.46011736384,2338.7695019531284,872.7183722866291,225.6311796375604,310.8467426393633,5,1.0712118377662003,0.0029348269527841105,8.156136173614106,20.528536059235897
2039,20197,Wheat,7530280.724868099,753.02807248681,0.4899185152185996,all_cult,Wheat,NA,NA,89,67019.49845132609,2135.1292327880888,626.4301391955016,253.04546194879848,135.3088282343004,5,1.0712118377662003,0.0029348269527841105,8.156136173614106,20.528536059235897
2039,20209,Corn,2798441.748604609,279.8441748604609,1.0907251789658858,all_cult,Corn,NA,NA,250,69961.04371511523,2411.173326416019,922.387916842639,225.15596920616463,354.8218692157786,5,1.1445952905767032,0.0031358775084293234,9.163798769598161,20.20080606538958
2039,20209,Developed,144515431.86680782,14451.543186680783,56.32656829996687,developed,NA,NA,NA,NA,NA,NA,NA,NA,NA,NA,1.1445952905767032,0.0031358775084293234,9.163798769598161,20.20080606538958
2039,20209,Double Crop,152719.71803613545,15.271971803613546,0.05952428413764306,all_cult,NA,NA,NA,NA,NA,NA,NA,NA,NA,NA,1.1445952905767032,0.0031358775084293234,9.163798769598161,20.20080606538958
2039,20209,Grass/Pasture/Shrubland,41083799.11850462,4108.379911850462,16.01288794682744,grassPastureHay,NA,NA,NA,NA,NA,NA,NA,NA,NA,NA,1.1445952905767032,0.0031358775084293234,9.163798769598161,20.20080606538958
2039,20209,Other Crops,1959154.8527385148,195.91548527385146,0.7636033619211925,all_cult,NA,NA,NA,NA,NA,NA,NA,NA,NA,NA,1.1445952905767032,0.0031358775084293234,9.163798769598161,20.20080606538958
2039,20209,Sorghum,54127.80426680527,5.412780426680527,0.02109694047602745,all_cult,Sorghum,NA,NA,112,606.231407788219,2411.173326416019,922.387916842639,225.15596920616463,354.8218692157786,5,1.1445952905767032,0.0031358775084293234,9.163798769598161,20.20080606538958
2039,20209,Soybeans,8244134.676247953,824.4134676247953,3.213247256139296,all_cult,Soybeans,0.14562756367793683,4.75,56,46167.15418698854,2411.173326416019,922.387916842639,225.15596920616463,354.8218692157786,5,1.1445952905767032,0.0031358775084293234,9.163798769598161,20.20080606538958
2039,20209,Wheat,234900.57353758038,23.49005735375804,0.09155522720411169,all_cult,Wheat,NA,NA,89,2090.6151044844655,2174.9632147216826,628.0476740255738,244.28411499406812,136.52514470664298,5,1.1445952905767032,0.0031358775084293234,9.163798769598161,20.20080606538958
2040,20005,Corn,172734778.84431297,17273.477884431297,23.078910848652363,all_cult,Corn,0.10724545034749912,6.181818181818182,250,4318369.471107824,2449.085328979495,613.5431390253895,165.76262931215297,175.6713113068131,5,0.8683659161784876,0.0023725844704330264,8.10590677730375,21.061162638012853
2040,20005,Developed,36578638.84791646,3657.863884791646,4.88723319405755,developed,NA,NA,NA,NA,NA,NA,NA,NA,NA,NA,0.8683659161784876,0.0023725844704330264,8.10590677730375,21.061162638012853
2040,20005,Double Crop,1451158.554832854,145.11585548328543,0.1938877575107932,all_cult,NA,NA,NA,NA,NA,NA,NA,NA,NA,NA,0.8683659161784876,0.0023725844704330264,8.10590677730375,21.061162638012853
2040,20005,Grass/Pasture/Shrubland,215288406.86893737,21528.840686893738,28.764456018176027,grassPastureHay,NA,NA,NA,NA,NA,NA,NA,NA,NA,NA,0.8683659161784876,0.0023725844704330264,8.10590677730375,21.061162638012853
2040,20005,Other Crops,29204979.705745928,2920.4979705745927,3.902046405912905,all_cult,NA,NA,NA,NA,NA,NA,NA,NA,NA,NA,0.8683659161784876,0.0023725844704330264,8.10590677730375,21.061162638012853
2040,20005,Sorghum,732239.3724075308,73.22393724075309,0.09783372699309156,all_cult,Sorghum,NA,NA,112,8201.080970964345,2449.085328979495,613.5431390253895,165.76262931215297,175.6713113068131,5,0.8683659161784876,0.0023725844704330264,8.10590677730375,21.061162638012853
2040,20005,Soybeans,181600576.65296197,18160.057665296197,24.263460703620524,all_cult,Soybeans,0.07483265359624193,5,56,1016963.2292565871,2449.085328979495,613.5431390253895,165.76262931215297,175.6713113068131,5,0.8683659161784876,0.0023725844704330264,8.10590677730375,21.061162638012853
2040,20005,Wheat,5908069.702597459,590.8069702597459,0.7893709354082403,all_cult,Wheat,NA,NA,89,52581.82035311738,2276.741303100589,463.7200998101558,185.4661567782908,108.56218568291403,5,0.8683659161784876,0.0023725844704330264,8.10590677730375,21.061162638012853
2040,20013,Corn,113276297.82191704,11327.629782191703,25.36090350021212,all_cult,Corn,0.12646432205391206,17.5625,250,2831907.445547926,2409.8825170898467,595.5376587890189,162.2198353169869,178.3563853889417,5,0.8335591322174319,0.0022774839678071914,7.587030079325714,20.968272491621864
2040,20013,Developed,24170977.38782201,2417.0977387822013,5.411527714315524,developed,NA,NA,NA,NA,NA,NA,NA,NA,NA,NA,0.8335591322174319,0.0022774839678071914,7.587030079325714,20.968272491621864
2040,20013,Double Crop,542048.8992527233,54.20488992527234,0.12135680712267008,all_cult,NA,NA,NA,NA,NA,NA,NA,NA,NA,NA,0.8335591322174319,0.0022774839678071914,7.587030079325714,20.968272491621864
2040,20013,Grass/Pasture/Shrubland,122499833.68113159,12249.983368113159,27.425918047421547,grassPastureHay,NA,NA,NA,NA,NA,NA,NA,NA,NA,NA,0.8335591322174319,0.0022774839678071914,7.587030079325714,20.968272491621864
2040,20013,Other Crops,13090232.71280689,1309.023271280689,2.9307113227404837,all_cult,NA,NA,NA,NA,NA,NA,NA,NA,NA,NA,0.8335591322174319,0.0022774839678071914,7.587030079325714,20.968272491621864
2040,20013,Sorghum,333636.9508835004,33.363695088350035,0.07469642527304013,all_cult,Sorghum,NA,NA,112,3736.733849895204,2409.8825170898467,595.5376587890189,162.2198353169869,178.3563853889417,5,0.8335591322174319,0.0022774839678071914,7.587030079325714,20.968272491621864
2040,20013,Soybeans,123405327.24801578,12340.532724801578,27.62864479089188,all_cult,Soybeans,0.10147480973744562,10.461538461538462,56,691069.8325888884,2409.8825170898467,595.5376587890189,162.2198353169869,178.3563853889417,5,0.8335591322174319,0.0022774839678071914,7.587030079325714,20.968272491621864
2040,20013,Wheat,3906288.4515680084,390.6288451568008,0.8745607542714157,all_cult,Wheat,NA,NA,89,34765.96721895527,2237.029447021487,449.07276655913984,183.1607380773829,111.96512843302308,5,0.8335591322174319,0.0022774839678071914,7.587030079325714,20.968272491621864
2040,20045,Corn,74392843.99321488,7439.284399321487,7.631923083362056,all_cult,Corn,0.1459526935617447,11,250,1859821.0998303718,2514.324024047855,611.6434904204248,166.59944260006554,147.7938347746439,5,0.886949360307824,0.0024233589079448743,8.847753214184726,21.4478611430184
2040,20045,Developed,130402436.2681122,13040.24362681122,13.37791795635647,developed,NA,NA,NA,NA,NA,NA,NA,NA,NA,NA,0.886949360307824,0.0024233589079448743,8.847753214184726,21.4478611430184
2040,20045,Double Crop,4220114.888463862,422.01148884638627,0.4329393864098648,all_cult,NA,NA,NA,NA,NA,NA,NA,NA,NA,NA,0.886949360307824,0.0024233589079448743,8.847753214184726,21.4478611430184
2040,20045,Grass/Pasture/Shrubland,354830010.0217444,35483.00100217444,36.40182575089523,grassPastureHay,NA,NA,NA,NA,NA,NA,NA,NA,NA,NA,0.886949360307824,0.0024233589079448743,8.847753214184726,21.4478611430184
2040,20045,Other Crops,37964614.628596716,3796.4614628596714,3.8947700233285687,all_cult,NA,NA,NA,NA,NA,NA,NA,NA,NA,NA,0.886949360307824,0.0024233589079448743,8.847753214184726,21.4478611430184
2040,20045,Sorghum,671055.755263424,67.1055755263424,0.06884326010288025,all_cult,Sorghum,NA,NA,112,7515.824458950349,2514.324024047855,611.6434904204248,166.59944260006554,147.7938347746439,5,0.886949360307824,0.0024233589079448743,8.847753214184726,21.4478611430184
2040,20045,Soybeans,100028766.3995359,10002.876639953589,10.261898998705805,all_cult,Soybeans,0.11420951862362651,8.5,56,560161.091837401,2514.324024047855,611.6434904204248,166.59944260006554,147.7938347746439,5,0.886949360307824,0.0024233589079448743,8.847753214184726,21.4478611430184
2040,20045,Wheat,7085783.937909698,708.5783937909698,0.7269268802840957,all_cult,Wheat,NA,NA,89,63063.477047396314,2347.7125128173857,491.11388737795227,187.2445272430019,106.14691093640842,5,0.886949360307824,0.0024233589079448743,8.847753214184726,21.4478611430184
2040,20061,Corn,31722102.062803604,3172.21020628036,4.044269831598419,all_cult,Corn,0.16936452361704205,12.944444444444445,250,793052.55157009,2473.11651855469,556.2328655267949,157.9523949675269,169.31352428628475,5,0.7755554512474631,0.0021190039651570033,8.10498408750109,21.597484667835364
2040,20061,Developed,61171563.9285717,6117.15639285717,7.798799400437711,developed,NA,NA,NA,NA,NA,NA,NA,NA,NA,NA,0.7755554512474631,0.0021190039651570033,8.10498408750109,21.597484667835364
2040,20061,Double Crop,5604030.762346523,560.4030762346523,0.7144612454318694,all_cult,NA,NA,NA,NA,NA,NA,NA,NA,NA,NA,0.7755554512474631,0.0021190039651570033,8.10498408750109,21.597484667835364
2040,20061,Grass/Pasture/Shrubland,476190220.2809351,47619.02202809351,60.70977699307564,grassPastureHay,NA,NA,NA,NA,NA,NA,NA,NA,NA,NA,0.7755554512474631,0.0021190039651570033,8.10498408750109,21.597484667835364
2040,20061,Other Crops,18227803.79878525,1822.7803798785249,2.323873646638379,all_cult,NA,NA,NA,NA,NA,NA,NA,NA,NA,NA,0.7755554512474631,0.0021190039651570033,8.10498408750109,21.597484667835364
2040,20061,Sorghum,5491901.736070833,549.1901736070832,0.7001658485721192,all_cult,Sorghum,NA,NA,112,61509.299443993325,2473.11651855469,556.2328655267949,157.9523949675269,169.31352428628475,5,0.7755554512474631,0.0021190039651570033,8.10498408750109,21.597484667835364
2040,20061,Soybeans,39491221.54782481,3949.1221547824807,5.03475953777074,all_cult,Soybeans,0.12217913528938978,7.666666666666667,56,221150.8406678189,2473.11651855469,556.2328655267949,157.9523949675269,169.31352428628475,5,0.7755554512474631,0.0021190039651570033,8.10498408750109,21.597484667835364
2040,20061,Wheat,15495075.277191846,1549.5075277191845,1.9754764472362665,all_cult,Wheat,NA,NA,89,137906.16996700742,2320.8156201171905,442.4373258999628,189.50456900208164,108.19200406443296,5,0.7755554512474631,0.0021190039651570033,8.10498408750109,21.597484667835364
2040,20085,Corn,134933024.35661882,13493.30243566188,7.9306511901880965,all_cult,Corn,NA,NA,250,3373325.60891547,2435.985344238284,584.9699781407571,161.50161259773375,158.27245203586216,5,0.8239989758045385,0.002251363321870324,7.879831524624874,21.233855784265092
2040,20085,Developed,75618361.35140783,7561.836135140783,4.444448275810096,developed,NA,NA,NA,NA,NA,NA,NA,NA,NA,NA,0.8239989758045385,0.002251363321870324,7.879831524624874,21.233855784265092
2040,20085,Double Crop,1864792.83802623,186.479283802623,0.10960268333762817,all_cult,NA,NA,NA,NA,NA,NA,NA,NA,NA,NA,0.8239989758045385,0.002251363321870324,7.879831524624874,21.233855784265092
2040,20085,Grass/Pasture/Shrubland,941187748.5802637,94118.77485802637,55.31804963283908,grassPastureHay,NA,NA,NA,NA,NA,NA,NA,NA,NA,NA,0.8239989758045385,0.002251363321870324,7.879831524624874,21.233855784265092
2040,20085,Other Crops,98052397.627671,9805.2397627671,5.7630025537076115,all_cult,NA,NA,NA,NA,NA,NA,NA,NA,NA,NA,0.8239989758045385,0.002251363321870324,7.879831524624874,21.233855784265092
2040,20085,Sorghum,4069081.398774073,406.9081398774073,0.23915913388905596,all_cult,Sorghum,NA,NA,112,45573.71166626961,2435.985344238284,584.9699781407571,161.50161259773375,158.27245203586216,5,0.8239989758045385,0.002251363321870324,7.879831524624874,21.233855784265092
2040,20085,Soybeans,170772946.2930534,17077.29462930534,10.037132690300496,all_cult,Soybeans,NA,NA,56,956328.499241099,2435.985344238284,584.9699781407571,161.50161259773375,158.27245203586216,5,0.8239989758045385,0.002251363321870324,7.879831524624874,21.233855784265092
2040,20085,Wheat,13725583.902961861,1372.5583902961862,0.8067173980208171,all_cult,Wheat,NA,NA,89,122157.69673636057,2276.9766455078156,456.6427384515167,186.12834482806292,97.9439992565635,5,0.8239989758045385,0.002251363321870324,7.879831524624874,21.233855784265092
2040,20087,Corn,155094058.297135,15509.4058297135,10.788896738521789,all_cult,Corn,0.13078338055311117,25.77777777777778,250,3877351.457428375,2468.880081176761,617.2659354863407,166.14258357462978,159.16111667307078,5,0.880287605681324,0.002405157392571924,8.425275933937971,21.195738653797942
2040,20087,Developed,83037617.78054704,8303.761778054704,5.7763933285619125,developed,NA,NA,NA,NA,NA,NA,NA,NA,NA,NA,0.880287605681324,0.002405157392571924,8.425275933937971,21.195738653797942
2040,20087,Double Crop,3214015.8179615135,321.4015817961514,0.2235784217441099,all_cult,NA,NA,NA,NA,NA,NA,NA,NA,NA,NA,0.880287605681324,0.002405157392571924,8.425275933937971,21.195738653797942
2040,20087,Grass/Pasture/Shrubland,533878677.1787268,53387.86771787268,37.138507962340775,grassPastureHay,NA,NA,NA,NA,NA,NA,NA,NA,NA,NA,0.880287605681324,0.002405157392571924,8.425275933937971,21.195738653797942
2040,20087,Other Crops,67978226.39294052,6797.822639294052,4.728808266891807,all_cult,NA,NA,NA,NA,NA,NA,NA,NA,NA,NA,0.880287605681324,0.002405157392571924,8.425275933937971,21.195738653797942
2040,20087,Sorghum,2078940.1655916602,207.89401655916603,0.1446185045281528,all_cult,Sorghum,NA,NA,112,23284.129854626597,2468.880081176761,617.2659354863407,166.14258357462978,159.16111667307078,5,0.880287605681324,0.002405157392571924,8.425275933937971,21.195738653797942
2040,20087,Soybeans,173639107.61438552,17363.91076143855,12.078956617613274,all_cult,Soybeans,0.09985991575255485,13.833333333333334,56,972379.0026405589,2468.880081176761,617.2659354863407,166.14258357462978,159.16111667307078,5,0.880287605681324,0.002405157392571924,8.425275933937971,21.195738653797942
2040,20087,Wheat,7377427.0278590415,737.7427027859042,0.5132001784817648,all_cult,Wheat,NA,NA,89,65659.10054794548,2308.2365447998077,477.75902142781615,186.68636963267636,105.87424295622266,5,0.880287605681324,0.002405157392571924,8.425275933937971,21.195738653797942
2040,20091,Corn,20137063.169311535,2013.7063169311532,3.334881975218613,all_cult,Corn,0.14955141172933145,4,250,503426.5792327883,2522.6457220459015,631.5569488772549,167.08330066224465,148.84325761368825,5,0.9234797416777487,0.002523168693108603,9.055594839294123,21.304630658926232
2040,20091,Developed,271607528.4848879,27160.752848488788,44.98069273866694,developed,NA,NA,NA,NA,NA,NA,NA,NA,NA,NA,0.9234797416777487,0.002523168693108603,9.055594839294123,21.304630658926232
2040,20091,Double Crop,2013905.6882216034,201.39056882216036,0.3335212152324038,all_cult,NA,NA,NA,NA,NA,NA,NA,NA,NA,NA,0.9234797416777487,0.002523168693108603,9.055594839294123,21.304630658926232
2040,20091,Grass/Pasture/Shrubland,139667491.4795437,13966.749147954368,23.130214964462166,grassPastureHay,NA,NA,NA,NA,NA,NA,NA,NA,NA,NA,0.9234797416777487,0.002523168693108603,9.055594839294123,21.304630658926232
2040,20091,Other Crops,14581458.923742233,1458.1458923742232,2.4148230617504245,all_cult,NA,NA,NA,NA,NA,NA,NA,NA,NA,NA,0.9234797416777487,0.002523168693108603,9.055594839294123,21.304630658926232
2040,20091,Sorghum,265245.84730308503,26.524584730308504,0.043927140106542625,all_cult,Sorghum,NA,NA,112,2970.7534897945525,2522.6457220459015,631.5569488772549,167.08330066224465,148.84325761368825,5,0.9234797416777487,0.002523168693108603,9.055594839294123,21.304630658926232
2040,20091,Soybeans,40506888.73460731,4050.688873460731,6.708311533684595,all_cult,Soybeans,NA,NA,56,226838.57691380093,2522.6457220459015,631.5569488772549,167.08330066224465,148.84325761368825,5,0.9234797416777487,0.002523168693108603,9.055594839294123,21.304630658926232
2040,20091,Wheat,3047090.5931461067,304.70905931461067,0.5046260922212007,all_cult,Wheat,NA,NA,89,27119.10627900035,2349.7910205078156,505.37333879621445,186.74641990442996,111.82785254057444,5,0.9234797416777487,0.002523168693108603,9.055594839294123,21.304630658926232
2040,20103,Corn,55676654.53817842,5567.665453817842,6.162232243462533,all_cult,Corn,0.09926099891867379,4.75,250,1391916.3634544604,2500.546629638675,626.9912442402918,166.69366944537907,162.6570605120248,5,0.9033123968561754,0.0024680666580769815,8.729965451766907,21.276867442313463
2040,20103,Developed,66222526.18511143,6622.252618511144,7.329437975150055,developed,NA,NA,NA,NA,NA,NA,NA,NA,NA,NA,0.9033123968561754,0.0024680666580769815,8.729965451766907,21.276867442313463
2040,20103,Double Crop,2239300.7972116056,223.93007972116058,0.2478434038440015,all_cult,NA,NA,NA,NA,NA,NA,NA,NA,NA,NA,0.9033123968561754,0.0024680666580769815,8.729965451766907,21.276867442313463
2040,20103,Grass/Pasture/Shrubland,361083573.13099504,36108.3573130995,39.96434152498699,grassPastureHay,NA,NA,NA,NA,NA,NA,NA,NA,NA,NA,0.9033123968561754,0.0024680666580769815,8.729965451766907,21.276867442313463
2040,20103,Other Crops,54377617.6404599,5437.76176404599,6.018456236750789,all_cult,NA,NA,NA,NA,NA,NA,NA,NA,NA,NA,0.9033123968561754,0.0024680666580769815,8.729965451766907,21.276867442313463
2040,20103,Sorghum,567901.3203360821,56.79013203360822,0.06285470735100035,all_cult,Sorghum,NA,NA,112,6360.494787764121,2500.546629638675,626.9912442402918,166.69366944537907,162.6570605120248,5,0.9033123968561754,0.0024680666580769815,8.729965451766907,21.276867442313463
2040,20103,Soybeans,101039226.18326606,10103.922618326606,11.18291288522158,all_cult,Soybeans,0.11410095968932568,4.571428571428571,56,565819.66662629,2500.546629638675,626.9912442402918,166.69366944537907,162.6570605120248,5,0.9033123968561754,0.0024680666580769815,8.729965451766907,21.276867442313463
2040,20103,Wheat,4817340.8524583215,481.7340852458321,0.5331781044497215,all_cult,Wheat,NA,NA,89,42874.33358687905,2328.5163299560577,485.4634208005496,186.04543979581888,111.8308441566458,5,0.9033123968561754,0.0024680666580769815,8.729965451766907,21.276867442313463
2040,20117,Corn,1797933.5665907045,179.79335665907044,8.787790125047634,all_cult,Corn,0.16261062771687598,15.722222222222221,250,44948.33916476761,2384.338621826175,567.1319377798932,159.7187422781724,175.99008727159656,5,0.78315273183539,0.002139761562391776,7.384027783336558,20.853230660860678
2040,20117,Developed,709093.4285035765,70.90934285035766,3.465847873654197,developed,NA,NA,NA,NA,NA,NA,NA,NA,NA,NA,0.78315273183539,0.002139761562391776,7.384027783336558,20.853230660860678
2040,20117,Double Crop,17005.082052877187,1.700508205287719,0.08311602548433755,all_cult,NA,NA,NA,NA,NA,NA,NA,NA,NA,NA,0.78315273183539,0.002139761562391776,7.384027783336558,20.853230660860678
2040,20117,Grass/Pasture/Shrubland,13608757.209524421,1360.8757209524422,66.51575143947134,grassPastureHay,NA,NA,NA,NA,NA,NA,NA,NA,NA,NA,0.78315273183539,0.002139761562391776,7.384027783336558,20.853230660860678
2040,20117,Other Crops,368569.7378671669,36.856973786716694,1.801464505144208,all_cult,NA,NA,NA,NA,NA,NA,NA,NA,NA,NA,0.78315273183539,0.002139761562391776,7.384027783336558,20.853230660860678
2040,20117,Sorghum,113210.96189225193,11.321096189225193,0.5533431220433721,all_cult,Sorghum,NA,NA,112,1267.9627731932217,2384.338621826175,567.1319377798932,159.7187422781724,175.99008727159656,5,0.78315273183539,0.002139761562391776,7.384027783336558,20.853230660860678
2040,20117,Soybeans,2250086.8872694396,225.00868872694397,10.99778751332857,all_cult,Soybeans,0.12228514283699721,8.25,56,12600.486568708862,2384.338621826175,567.1319377798932,159.7187422781724,175.99008727159656,5,0.78315273183539,0.002139761562391776,7.384027783336558,20.853230660860678
2040,20117,Wheat,234744.84118524572,23.474484118524572,1.1473663074132867,all_cult,Wheat,NA,NA,89,2089.229086548687,2220.302074584964,422.7375816758516,185.15567816228184,101.33821008202676,5,0.78315273183539,0.002139761562391776,7.384027783336558,20.853230660860678
2040,20127,Corn,10941387.892613748,1094.1387892613748,4.064821675495574,all_cult,Corn,NA,NA,250,273534.6973153437,2486.239174194339,544.2901681286777,158.64174497934923,167.49944907498465,5,0.766517986591394,0.0020943114387743005,8.222817651300506,21.664750604681654
2040,20127,Developed,12128694.282144045,1212.8694282144045,4.50591642462472,developed,NA,NA,NA,NA,NA,NA,NA,NA,NA,NA,0.766517986591394,0.0020943114387743005,8.222817651300506,21.664750604681654
2040,20127,Double Crop,4499199.088895911,449.9199088895911,1.671491967784096,all_cult,NA,NA,NA,NA,NA,NA,NA,NA,NA,NA,0.766517986591394,0.0020943114387743005,8.222817651300506,21.664750604681654
2040,20127,Grass/Pasture/Shrubland,158101691.18434784,15810.169118434784,58.73616652348874,grassPastureHay,NA,NA,NA,NA,NA,NA,NA,NA,NA,NA,0.766517986591394,0.0020943114387743005,8.222817651300506,21.664750604681654
2040,20127,Other Crops,10981377.128665583,1098.1377128665583,4.079678027823576,all_cult,NA,NA,NA,NA,NA,NA,NA,NA,NA,NA,0.766517986591394,0.0020943114387743005,8.222817651300506,21.664750604681654
2040,20127,Sorghum,7272388.587591114,727.2388587591115,2.701756217181813,all_cult,Sorghum,NA,NA,112,81450.75218102049,2486.239174194339,544.2901681286777,158.64174497934923,167.49944907498465,5,0.766517986591394,0.0020943114387743005,8.222817651300506,21.664750604681654
2040,20127,Soybeans,28686301.015498407,2868.6301015498407,10.657212713965244,all_cult,Soybeans,0.11686486262093489,4,56,160643.2856867911,2486.239174194339,544.2901681286777,158.64174497934923,167.49944907498465,5,0.766517986591394,0.0020943114387743005,8.222817651300506,21.664750604681654
2040,20127,Wheat,20934850.636842933,2093.485063684293,7.777480834890052,all_cult,Wheat,NA,NA,89,186320.17066790207,2333.7723919677765,446.3203671791448,192.04844890486257,110.4738318341319,5,0.766517986591394,0.0020943114387743005,8.222817651300506,21.664750604681654
2040,20131,Corn,124792211.963085,12479.2211963085,16.444051346315263,all_cult,Corn,0.12528513936677563,9.454545454545455,250,3119805.299077125,2380.431423950198,573.7474456731908,161.78288416226445,174.67434104351003,5,0.7900653854333652,0.002158648594080233,7.377902755320421,20.77709104610925
2040,20131,Developed,34827921.40223819,3482.792140223819,4.589325878711502,developed,NA,NA,NA,NA,NA,NA,NA,NA,NA,NA,0.7900653854333652,0.002158648594080233,7.377902755320421,20.77709104610925
2040,20131,Double Crop,1288597.7379512293,128.85977379512295,0.1698003988733199,all_cult,NA,NA,NA,NA,NA,NA,NA,NA,NA,NA,0.7900653854333652,0.002158648594080233,7.377902755320421,20.77709104610925
2040,20131,Grass/Pasture/Shrubland,328086582.4549448,32808.65824549448,43.232446344665604,grassPastureHay,NA,NA,NA,NA,NA,NA,NA,NA,NA,NA,0.7900653854333652,0.002158648594080233,7.377902755320421,20.77709104610925
2040,20131,Other Crops,27101730.321978156,2710.1730321978157,3.5712344382550913,all_cult,NA,NA,NA,NA,NA,NA,NA,NA,NA,NA,0.7900653854333652,0.002158648594080233,7.377902755320421,20.77709104610925
2040,20131,Sorghum,2055671.3741418559,205.5671374141856,0.2708788080264065,all_cult,Sorghum,NA,NA,112,23023.519390388785,2380.431423950198,573.7474456731908,161.78288416226445,174.67434104351003,5,0.7900653854333652,0.002158648594080233,7.377902755320421,20.77709104610925
2040,20131,Soybeans,136674912.54505298,13667.491254505298,18.00985209164201,all_cult,Soybeans,0.1067341402930363,5.142857142857143,56,765379.5102522967,2380.431423950198,573.7474456731908,161.78288416226445,174.67434104351003,5,0.7900653854333652,0.002158648594080233,7.377902755320421,20.77709104610925
2040,20131,Wheat,9588450.555545796,958.8450555545795,1.2634840811511674,all_cult,Wheat,NA,NA,89,85337.20994435757,2209.1857934570344,429.13726524017034,183.35545607419516,104.24867578456522,5,0.7900653854333652,0.002158648594080233,7.377902755320421,20.77709104610925
2040,20139,Corn,20890964.22588984,2089.096422588984,9.4988079569725965,all_cult,Corn,NA,NA,250,522274.10564724595,2487.645494384769,594.6350391594236,163.65878555484645,139.96719635548757,5,0.8628695849366972,0.002357567171958189,8.504823770158302,21.435026833789617
2040,20139,Developed,11858545.489950646,1185.8545489950645,5.391902692479325,developed,NA,NA,NA,NA,NA,NA,NA,NA,NA,NA,0.8628695849366972,0.002357567171958189,8.504823770158302,21.435026833789617
2040,20139,Double Crop,1849135.1156913848,184.91351156913848,0.8407739901578724,all_cult,NA,NA,NA,NA,NA,NA,NA,NA,NA,NA,0.8628695849366972,0.002357567171958189,8.504823770158302,21.435026833789617
2040,20139,Grass/Pasture/Shrubland,108139234.26990536,10813.923426990536,49.1692871538651,grassPastureHay,NA,NA,NA,NA,NA,NA,NA,NA,NA,NA,0.8628695849366972,0.002357567171958189,8.504823770158302,21.435026833789617
2040,20139,Other Crops,6302951.103083336,630.2951103083336,2.86585728849129,all_cult,NA,NA,NA,NA,NA,NA,NA,NA,NA,NA,0.8628695849366972,0.002357567171958189,8.504823770158302,21.435026833789617
2040,20139,Sorghum,252758.48461129973,25.27584846112997,0.11492549021948671,all_cult,Sorghum,NA,NA,112,2830.8950276465566,2487.645494384769,594.6350391594236,163.65878555484645,139.96719635548757,5,0.8628695849366972,0.002357567171958189,8.504823770158302,21.435026833789617
2040,20139,Soybeans,28064514.38751116,2806.4514387511163,12.76051357372463,all_cult,Soybeans,NA,NA,56,157161.28057006252,2487.645494384769,594.6350391594236,163.65878555484645,139.96719635548757,5,0.8628695849366972,0.002357567171958189,8.504823770158302,21.435026833789617
2040,20139,Wheat,1738320.944623076,173.8320944623076,0.7903884493801757,all_cult,Wheat,NA,NA,89,15471.056407145375,2331.450150756839,486.964341142428,186.98914933668243,105.2350101815518,5,0.8628695849366972,0.002357567171958189,8.504823770158302,21.435026833789617
2040,20149,Corn,136791901.8519852,13679.190185198519,7.982141503627487,all_cult,Corn,0.1326174661314905,62.44444444444444,250,3419797.54629963,2440.197667236331,560.3192166122155,159.03738173714493,156.2454135022768,5,0.7785262170044441,0.002127120811487552,7.809878990298435,21.345324106685474
2040,20149,Developed,87781477.02653997,8778.147702653996,5.122263537072818,developed,NA,NA,NA,NA,NA,NA,NA,NA,NA,NA,0.7785262170044441,0.002127120811487552,7.809878990298435,21.345324106685474
2040,20149,Double Crop,1803166.4492782145,180.31664492782144,0.1052191654466961,all_cult,NA,NA,NA,NA,NA,NA,NA,NA,NA,NA,0.7785262170044441,0.002127120811487552,7.809878990298435,21.345324106685474
2040,20149,Grass/Pasture/Shrubland,1058221194.9777538,105822.11949777538,61.749790785057485,grassPastureHay,NA,NA,NA,NA,NA,NA,NA,NA,NA,NA,0.7785262170044441,0.002127120811487552,7.809878990298435,21.345324106685474
2040,20149,Other Crops,34485813.7618199,3448.58137618199,2.012331443512244,all_cult,NA,NA,NA,NA,NA,NA,NA,NA,NA,NA,0.7785262170044441,0.002127120811487552,7.809878990298435,21.345324106685474
2040,20149,Sorghum,5647082.09049503,564.708209049503,0.3295210295248753,all_cult,Sorghum,NA,NA,112,63247.319413544334,2440.197667236331,560.3192166122155,159.03738173714493,156.2454135022768,5,0.7785262170044441,0.002127120811487552,7.809878990298435,21.345324106685474
2040,20149,Soybeans,153915907.33370754,15391.590733370755,8.98136903839706,all_cult,Soybeans,0.11392545848870632,51.611111111111114,56,861929.0810687622,2440.197667236331,560.3192166122155,159.03738173714493,156.2454135022768,5,0.7785262170044441,0.002127120811487552,7.809878990298435,21.345324106685474
2040,20149,Wheat,13424373.002870617,1342.4373002870618,0.7833449455387832,all_cult,Wheat,NA,NA,89,119476.9197255485,2284.1345751953154,431.90049934881114,187.61215929220936,91.75784401547553,5,0.7785262170044441,0.002127120811487552,7.809878990298435,21.345324106685474
2040,20161,Corn,29887562.457934357,2988.756245793436,3.7374801575206362,all_cult,Corn,0.14127372152863188,12.444444444444445,250,747189.0614483589,2464.5074865722686,547.1480913388349,156.88712890264225,156.87478157462994,5,0.7551423352140004,0.0020632304240819684,7.94106306899443,21.600387314759992
2040,20161,Developed,93189704.06140432,9318.970406140432,11.653498685445852,developed,NA,NA,NA,NA,NA,NA,NA,NA,NA,NA,0.7551423352140004,0.0020632304240819684,7.94106306899443,21.600387314759992
2040,20161,Double Crop,2321662.5391971655,232.16625391971652,0.2903270443991936,all_cult,NA,NA,NA,NA,NA,NA,NA,NA,NA,NA,0.7551423352140004,0.0020632304240819684,7.94106306899443,21.600387314759992
2040,20161,Grass/Pasture/Shrubland,421935273.9416269,42193.527394162695,52.76357736882686,grassPastureHay,NA,NA,NA,NA,NA,NA,NA,NA,NA,NA,0.7551423352140004,0.0020632304240819684,7.94106306899443,21.600387314759992
2040,20161,Other Crops,10313350.483787943,1031.3350483787942,1.2896984437913022,all_cult,NA,NA,NA,NA,NA,NA,NA,NA,NA,NA,0.7551423352140004,0.0020632304240819684,7.94106306899443,21.600387314759992
2040,20161,Sorghum,8046145.345421317,804.6145345421318,1.0061813711092988,all_cult,Sorghum,NA,NA,112,90116.82786871876,2464.5074865722686,547.1480913388349,156.88712890264225,156.87478157462994,5,0.7551423352140004,0.0020632304240819684,7.94106306899443,21.600387314759992
2040,20161,Soybeans,56043067.26954317,5604.306726954317,7.008261452613234,all_cult,Soybeans,0.12420661341954765,10.38888888888889,56,313841.17670944176,2464.5074865722686,547.1480913388349,156.88712890264225,156.87478157462994,5,0.7551423352140004,0.0020632304240819684,7.94106306899443,21.600387314759992
2040,20161,Wheat,14763447.35949416,1476.3447359494162,1.8461890841841313,all_cult,Wheat,NA,NA,89,131394.68149949805,2310.361231689456,425.1422613500537,188.62227756284645,99.68884284297766,5,0.7551423352140004,0.0020632304240819684,7.94106306899443,21.600387314759992
2040,20177,Corn,132475537.80653152,13247.553780653152,9.091050553311547,all_cult,Corn,0.12030458771317423,83,250,3311888.445163288,2479.834677734378,584.1301779918505,163.15334383976537,150.15016020922184,5,0.8392820638714366,0.002293120393091357,8.420328450854381,21.391160783611383
2040,20177,Developed,255013934.0237044,25501.393402370442,17.50017100813045,developed,NA,NA,NA,NA,NA,NA,NA,NA,NA,NA,0.8392820638714366,0.002293120393091357,8.420328450854381,21.391160783611383
2040,20177,Double Crop,2797246.7569815805,279.7246756981581,0.19195930130847558,all_cult,NA,NA,NA,NA,NA,NA,NA,NA,NA,NA,0.8392820638714366,0.002293120393091357,8.420328450854381,21.391160783611383
2040,20177,Grass/Pasture/Shrubland,626083355.6398722,62608.33556398722,42.96457693964075,grassPastureHay,NA,NA,NA,NA,NA,NA,NA,NA,NA,NA,0.8392820638714366,0.002293120393091357,8.420328450854381,21.391160783611383
2040,20177,Other Crops,33361526.081880283,3336.1526081880284,2.289413767762353,all_cult,NA,NA,NA,NA,NA,NA,NA,NA,NA,NA,0.8392820638714366,0.002293120393091357,8.420328450854381,21.391160783611383
2040,20177,Sorghum,2303954.5452317544,230.39545452317543,0.15810743319134585,all_cult,Sorghum,NA,NA,112,25804.29090659565,2479.834677734378,584.1301779918505,163.15334383976537,150.15016020922184,5,0.8392820638714366,0.002293120393091357,8.420328450854381,21.391160783611383
2040,20177,Soybeans,145627766.023613,14562.7766023613,9.993613951731533,all_cult,Soybeans,0.09768281806034469,42.833333333333336,56,815515.4897322329,2479.834677734378,584.1301779918505,163.15334383976537,150.15016020922184,5,0.8392820638714366,0.002293120393091357,8.420328450854381,21.391160783611383
2040,20177,Wheat,9565647.685078032,956.5647685078033,0.656436562704971,all_cult,Wheat,NA,NA,89,85134.26439719449,2326.735723876956,469.4465467239758,187.004667813999,99.41993226220156,5,0.8392820638714366,0.002293120393091357,8.420328450854381,21.391160783611383
2040,20197,Corn,69733578.79693311,6973.357879693312,4.536852294529976,all_cult,Corn,0.14186117514330646,28.666666666666668,250,1743339.469923328,2464.4113732910187,566.8998988362711,161.2140035172809,162.30938910881616,5,0.7999947487196747,0.002185778001966324,8.122318105228635,21.464001890088714
2040,20197,Developed,54289406.85937861,5428.940685937861,3.5320576446519008,developed,NA,NA,NA,NA,NA,NA,NA,NA,NA,NA,0.7999947487196747,0.002185778001966324,8.122318105228635,21.464001890088714
2040,20197,Double Crop,1125869.9276987636,112.58699276987635,0.07324886594013556,all_cult,NA,NA,NA,NA,NA,NA,NA,NA,NA,NA,0.7999947487196747,0.002185778001966324,8.122318105228635,21.464001890088714
2040,20197,Grass/Pasture/Shrubland,1169502873.1037595,116950.28731037596,76.08761639426346,grassPastureHay,NA,NA,NA,NA,NA,NA,NA,NA,NA,NA,0.7999947487196747,0.002185778001966324,8.122318105228635,21.464001890088714
2040,20197,Other Crops,29094649.42529061,2909.464942529061,1.8928919077573607,all_cult,NA,NA,NA,NA,NA,NA,NA,NA,NA,NA,0.7999947487196747,0.002185778001966324,8.122318105228635,21.464001890088714
2040,20197,Sorghum,3287931.385599168,328.7931385599168,0.21391213972326276,all_cult,Sorghum,NA,NA,112,36824.831518710685,2464.4113732910187,566.8998988362711,161.2140035172809,162.30938910881616,5,0.7999947487196747,0.002185778001966324,8.122318105228635,21.464001890088714
2040,20197,Soybeans,83491332.16381498,8349.133216381497,5.431928899043218,all_cult,Soybeans,0.12942046457519057,22.77777777777778,56,467551.46011736384,2464.4113732910187,566.8998988362711,161.2140035172809,162.30938910881616,5,0.7999947487196747,0.002185778001966324,8.122318105228635,21.464001890088714
2040,20197,Wheat,7530280.724868099,753.02807248681,0.4899185152185996,all_cult,Wheat,NA,NA,89,67019.49845132609,2311.548101806643,455.5785005191283,188.8446985900291,106.65474206830088,5,0.7999947487196747,0.002185778001966324,8.122318105228635,21.464001890088714
2040,20209,Corn,2798441.748604609,279.8441748604609,1.0907251789658858,all_cult,Corn,NA,NA,250,69961.04371511523,2527.708557739261,626.4560407552193,170.3884331786279,147.47867446332455,5,0.9115753931845006,0.002490643150777324,9.102396547077806,21.142522651380553
2040,20209,Developed,144515431.86680782,14451.543186680783,56.32656829996687,developed,NA,NA,NA,NA,NA,NA,NA,NA,NA,NA,0.9115753931845006,0.002490643150777324,9.102396547077806,21.142522651380553
2040,20209,Double Crop,152719.71803613545,15.271971803613546,0.05952428413764306,all_cult,NA,NA,NA,NA,NA,NA,NA,NA,NA,NA,0.9115753931845006,0.002490643150777324,9.102396547077806,21.142522651380553
2040,20209,Grass/Pasture/Shrubland,41083799.11850462,4108.379911850462,16.01288794682744,grassPastureHay,NA,NA,NA,NA,NA,NA,NA,NA,NA,NA,0.9115753931845006,0.002490643150777324,9.102396547077806,21.142522651380553
2040,20209,Other Crops,1959154.8527385148,195.91548527385146,0.7636033619211925,all_cult,NA,NA,NA,NA,NA,NA,NA,NA,NA,NA,0.9115753931845006,0.002490643150777324,9.102396547077806,21.142522651380553
2040,20209,Sorghum,54127.80426680527,5.412780426680527,0.02109694047602745,all_cult,Sorghum,NA,NA,112,606.231407788219,2527.708557739261,626.4560407552193,170.3884331786279,147.47867446332455,5,0.9115753931845006,0.002490643150777324,9.102396547077806,21.142522651380553
2040,20209,Soybeans,8244134.676247953,824.4134676247953,3.213247256139296,all_cult,Soybeans,0.14562756367793683,4.75,56,46167.15418698854,2527.708557739261,626.4560407552193,170.3884331786279,147.47867446332455,5,0.9115753931845006,0.002490643150777324,9.102396547077806,21.142522651380553
2040,20209,Wheat,234900.57353758038,23.49005735375804,0.09155522720411169,all_cult,Wheat,NA,NA,89,2090.6151044844655,2338.6046716308624,485.3546843070749,188.80984645405073,107.86369740054404,5,0.9115753931845006,0.002490643150777324,9.102396547077806,21.142522651380553
2041,20005,Corn,172734778.84431297,17273.477884431297,23.078910848652363,all_cult,Corn,0.10724545034749912,6.181818181818182,250,4318369.471107824,2440.9709777832063,670.8672824807261,154.36251794266602,172.14591427924836,5,0.8483767254994354,0.002324319795888864,8.159583656624594,20.877009845890434
2041,20005,Developed,36578638.84791646,3657.863884791646,4.88723319405755,developed,NA,NA,NA,NA,NA,NA,NA,NA,NA,NA,0.8483767254994354,0.002324319795888864,8.159583656624594,20.877009845890434
2041,20005,Double Crop,1451158.554832854,145.11585548328543,0.1938877575107932,all_cult,NA,NA,NA,NA,NA,NA,NA,NA,NA,NA,0.8483767254994354,0.002324319795888864,8.159583656624594,20.877009845890434
2041,20005,Grass/Pasture/Shrubland,215288406.86893737,21528.840686893738,28.764456018176027,grassPastureHay,NA,NA,NA,NA,NA,NA,NA,NA,NA,NA,0.8483767254994354,0.002324319795888864,8.159583656624594,20.877009845890434
2041,20005,Other Crops,29204979.705745928,2920.4979705745927,3.902046405912905,all_cult,NA,NA,NA,NA,NA,NA,NA,NA,NA,NA,0.8483767254994354,0.002324319795888864,8.159583656624594,20.877009845890434
2041,20005,Sorghum,732239.3724075308,73.22393724075309,0.09783372699309156,all_cult,Sorghum,NA,NA,112,8201.080970964345,2440.9709777832063,670.8672824807261,154.36251794266602,172.14591427924836,5,0.8483767254994354,0.002324319795888864,8.159583656624594,20.877009845890434
2041,20005,Soybeans,181600576.65296197,18160.057665296197,24.263460703620524,all_cult,Soybeans,0.07483265359624193,5,56,1016963.2292565871,2440.9709777832063,670.8672824807261,154.36251794266602,172.14591427924836,5,0.8483767254994354,0.002324319795888864,8.159583656624594,20.877009845890434
2041,20005,Wheat,5908069.702597459,590.8069702597459,0.7893709354082403,all_cult,Wheat,NA,NA,89,52581.82035311738,2361.5502111816436,445.3061828143715,182.0947739463837,143.0142585862728,5,0.8483767254994354,0.002324319795888864,8.159583656624594,20.877009845890434
2041,20013,Corn,113276297.82191704,11327.629782191703,25.36090350021212,all_cult,Corn,0.12646432205391206,17.5625,250,2831907.445547926,2407.9123059082062,654.4325982460982,153.80802517411988,165.67950859531797,5,0.8274776023542422,0.002267061924258198,7.656274556199188,20.872284721479048
2041,20013,Developed,24170977.38782201,2417.0977387822013,5.411527714315524,developed,NA,NA,NA,NA,NA,NA,NA,NA,NA,NA,0.8274776023542422,0.002267061924258198,7.656274556199188,20.872284721479048
2041,20013,Double Crop,542048.8992527233,54.20488992527234,0.12135680712267008,all_cult,NA,NA,NA,NA,NA,NA,NA,NA,NA,NA,0.8274776023542422,0.002267061924258198,7.656274556199188,20.872284721479048
2041,20013,Grass/Pasture/Shrubland,122499833.68113159,12249.983368113159,27.425918047421547,grassPastureHay,NA,NA,NA,NA,NA,NA,NA,NA,NA,NA,0.8274776023542422,0.002267061924258198,7.656274556199188,20.872284721479048
2041,20013,Other Crops,13090232.71280689,1309.023271280689,2.9307113227404837,all_cult,NA,NA,NA,NA,NA,NA,NA,NA,NA,NA,0.8274776023542422,0.002267061924258198,7.656274556199188,20.872284721479048
2041,20013,Sorghum,333636.9508835004,33.363695088350035,0.07469642527304013,all_cult,Sorghum,NA,NA,112,3736.733849895204,2407.9123059082062,654.4325982460982,153.80802517411988,165.67950859531797,5,0.8274776023542422,0.002267061924258198,7.656274556199188,20.872284721479048
2041,20013,Soybeans,123405327.24801578,12340.532724801578,27.62864479089188,all_cult,Soybeans,0.10147480973744562,10.461538461538462,56,691069.8325888884,2407.9123059082062,654.4325982460982,153.80802517411988,165.67950859531797,5,0.8274776023542422,0.002267061924258198,7.656274556199188,20.872284721479048
2041,20013,Wheat,3906288.4515680084,390.6288451568008,0.8745607542714157,all_cult,Wheat,NA,NA,89,34765.96721895527,2325.4076940918,433.02459287949694,184.9388461973689,155.76383104833502,5,0.8274776023542422,0.002267061924258198,7.656274556199188,20.872284721479048
2041,20045,Corn,74392843.99321488,7439.284399321487,7.631923083362056,all_cult,Corn,0.1459526935617447,11,250,1859821.0998303718,2486.5791876220737,696.2526460516773,152.72907378167454,179.31944457501552,5,0.8886499151169396,0.0024346573016902455,8.79542936142179,21.11962531102849
2041,20045,Developed,130402436.2681122,13040.24362681122,13.37791795635647,developed,NA,NA,NA,NA,NA,NA,NA,NA,NA,NA,0.8886499151169396,0.0024346573016902455,8.79542936142179,21.11962531102849
2041,20045,Double Crop,4220114.888463862,422.01148884638627,0.4329393864098648,all_cult,NA,NA,NA,NA,NA,NA,NA,NA,NA,NA,0.8886499151169396,0.0024346573016902455,8.79542936142179,21.11962531102849
2041,20045,Grass/Pasture/Shrubland,354830010.0217444,35483.00100217444,36.40182575089523,grassPastureHay,NA,NA,NA,NA,NA,NA,NA,NA,NA,NA,0.8886499151169396,0.0024346573016902455,8.79542936142179,21.11962531102849
2041,20045,Other Crops,37964614.628596716,3796.4614628596714,3.8947700233285687,all_cult,NA,NA,NA,NA,NA,NA,NA,NA,NA,NA,0.8886499151169396,0.0024346573016902455,8.79542936142179,21.11962531102849
2041,20045,Sorghum,671055.755263424,67.1055755263424,0.06884326010288025,all_cult,Sorghum,NA,NA,112,7515.824458950349,2486.5791876220737,696.2526460516773,152.72907378167454,179.31944457501552,5,0.8886499151169396,0.0024346573016902455,8.79542936142179,21.11962531102849
2041,20045,Soybeans,100028766.3995359,10002.876639953589,10.261898998705805,all_cult,Soybeans,0.11420951862362651,8.5,56,560161.091837401,2486.5791876220737,696.2526460516773,152.72907378167454,179.31944457501552,5,0.8886499151169396,0.0024346573016902455,8.79542936142179,21.11962531102849
2041,20045,Wheat,7085783.937909698,708.5783937909698,0.7269268802840957,all_cult,Wheat,NA,NA,89,63063.477047396314,2421.7876416015656,489.7588488251405,166.53610549920742,154.09721577425069,5,0.8886499151169396,0.0024346573016902455,8.79542936142179,21.11962531102849
2041,20061,Corn,31722102.062803604,3172.21020628036,4.044269831598419,all_cult,Corn,0.16936452361704205,12.944444444444445,250,793052.55157009,2454.4660388183624,603.7886604695449,182.11014328244488,201.7755677074788,5,0.7727759023027123,0.0021171942528841435,8.108169455332321,21.379014474529132
2041,20061,Developed,61171563.9285717,6117.15639285717,7.798799400437711,developed,NA,NA,NA,NA,NA,NA,NA,NA,NA,NA,0.7727759023027123,0.0021171942528841435,8.108169455332321,21.379014474529132
2041,20061,Double Crop,5604030.762346523,560.4030762346523,0.7144612454318694,all_cult,NA,NA,NA,NA,NA,NA,NA,NA,NA,NA,0.7727759023027123,0.0021171942528841435,8.108169455332321,21.379014474529132
2041,20061,Grass/Pasture/Shrubland,476190220.2809351,47619.02202809351,60.70977699307564,grassPastureHay,NA,NA,NA,NA,NA,NA,NA,NA,NA,NA,0.7727759023027123,0.0021171942528841435,8.108169455332321,21.379014474529132
2041,20061,Other Crops,18227803.79878525,1822.7803798785249,2.323873646638379,all_cult,NA,NA,NA,NA,NA,NA,NA,NA,NA,NA,0.7727759023027123,0.0021171942528841435,8.108169455332321,21.379014474529132
2041,20061,Sorghum,5491901.736070833,549.1901736070832,0.7001658485721192,all_cult,Sorghum,NA,NA,112,61509.299443993325,2454.4660388183624,603.7886604695449,182.11014328244488,201.7755677074788,5,0.7727759023027123,0.0021171942528841435,8.108169455332321,21.379014474529132
2041,20061,Soybeans,39491221.54782481,3949.1221547824807,5.03475953777074,all_cult,Soybeans,0.12217913528938978,7.666666666666667,56,221150.8406678189,2454.4660388183624,603.7886604695449,182.11014328244488,201.7755677074788,5,0.7727759023027123,0.0021171942528841435,8.108169455332321,21.379014474529132
2041,20061,Wheat,15495075.277191846,1549.5075277191845,1.9754764472362665,all_cult,Wheat,NA,NA,89,137906.16996700742,2386.1859204101593,427.51063785127855,179.50928165509703,164.28495396658573,5,0.7727759023027123,0.0021171942528841435,8.108169455332321,21.379014474529132
2041,20085,Corn,134933024.35661882,13493.30243566188,7.9306511901880965,all_cult,Corn,NA,NA,250,3373325.60891547,2425.689879760745,626.2717437975386,155.2779292730069,178.36283316571115,5,0.7999655872426339,0.0021916865403907777,7.902116364779561,21.065313168878447
2041,20085,Developed,75618361.35140783,7561.836135140783,4.444448275810096,developed,NA,NA,NA,NA,NA,NA,NA,NA,NA,NA,0.7999655872426339,0.0021916865403907777,7.902116364779561,21.065313168878447
2041,20085,Double Crop,1864792.83802623,186.479283802623,0.10960268333762817,all_cult,NA,NA,NA,NA,NA,NA,NA,NA,NA,NA,0.7999655872426339,0.0021916865403907777,7.902116364779561,21.065313168878447
2041,20085,Grass/Pasture/Shrubland,941187748.5802637,94118.77485802637,55.31804963283908,grassPastureHay,NA,NA,NA,NA,NA,NA,NA,NA,NA,NA,0.7999655872426339,0.0021916865403907777,7.902116364779561,21.065313168878447
2041,20085,Other Crops,98052397.627671,9805.2397627671,5.7630025537076115,all_cult,NA,NA,NA,NA,NA,NA,NA,NA,NA,NA,0.7999655872426339,0.0021916865403907777,7.902116364779561,21.065313168878447
2041,20085,Sorghum,4069081.398774073,406.9081398774073,0.23915913388905596,all_cult,Sorghum,NA,NA,112,45573.71166626961,2425.689879760745,626.2717437975386,155.2779292730069,178.36283316571115,5,0.7999655872426339,0.0021916865403907777,7.902116364779561,21.065313168878447
2041,20085,Soybeans,170772946.2930534,17077.29462930534,10.037132690300496,all_cult,Soybeans,NA,NA,56,956328.499241099,2425.689879760745,626.2717437975386,155.2779292730069,178.36283316571115,5,0.7999655872426339,0.0021916865403907777,7.902116364779561,21.065313168878447
2041,20085,Wheat,13725583.902961861,1372.5583902961862,0.8067173980208171,all_cult,Wheat,NA,NA,89,122157.69673636057,2356.649271850589,427.90621931899415,176.90345248831449,145.0965364396327,5,0.7999655872426339,0.0021916865403907777,7.902116364779561,21.065313168878447
2041,20087,Corn,155094058.297135,15509.4058297135,10.788896738521789,all_cult,Corn,0.13078338055311117,25.77777777777778,250,3877351.457428375,2452.5736138916045,670.5171928598379,154.58906144626394,176.16520592171327,5,0.855772376077302,0.002344581852266581,8.427051065523353,20.94870408149617
2041,20087,Developed,83037617.78054704,8303.761778054704,5.7763933285619125,developed,NA,NA,NA,NA,NA,NA,NA,NA,NA,NA,0.855772376077302,0.002344581852266581,8.427051065523353,20.94870408149617
2041,20087,Double Crop,3214015.8179615135,321.4015817961514,0.2235784217441099,all_cult,NA,NA,NA,NA,NA,NA,NA,NA,NA,NA,0.855772376077302,0.002344581852266581,8.427051065523353,20.94870408149617
2041,20087,Grass/Pasture/Shrubland,533878677.1787268,53387.86771787268,37.138507962340775,grassPastureHay,NA,NA,NA,NA,NA,NA,NA,NA,NA,NA,0.855772376077302,0.002344581852266581,8.427051065523353,20.94870408149617
2041,20087,Other Crops,67978226.39294052,6797.822639294052,4.728808266891807,all_cult,NA,NA,NA,NA,NA,NA,NA,NA,NA,NA,0.855772376077302,0.002344581852266581,8.427051065523353,20.94870408149617
2041,20087,Sorghum,2078940.1655916602,207.89401655916603,0.1446185045281528,all_cult,Sorghum,NA,NA,112,23284.129854626597,2452.5736138916045,670.5171928598379,154.58906144626394,176.16520592171327,5,0.855772376077302,0.002344581852266581,8.427051065523353,20.94870408149617
2041,20087,Soybeans,173639107.61438552,17363.91076143855,12.078956617613274,all_cult,Soybeans,0.09985991575255485,13.833333333333334,56,972379.0026405589,2452.5736138916045,670.5171928598379,154.58906144626394,176.16520592171327,5,0.855772376077302,0.002344581852266581,8.427051065523353,20.94870408149617
2041,20087,Wheat,7377427.0278590415,737.7427027859042,0.5132001784817648,all_cult,Wheat,NA,NA,89,65659.10054794548,2387.265079345706,460.2859283811315,174.55679663689773,144.4748427191512,5,0.855772376077302,0.002344581852266581,8.427051065523353,20.94870408149617
2041,20091,Corn,20137063.169311535,2013.7063169311532,3.334881975218613,all_cult,Corn,0.14955141172933145,4,250,503426.5792327883,2491.6693383789097,729.13930029124,147.5570999483734,184.3701732141672,5,0.9437669893703797,0.002585662984576383,8.987111022113144,20.9473013431079
2041,20091,Developed,271607528.4848879,27160.752848488788,44.98069273866694,developed,NA,NA,NA,NA,NA,NA,NA,NA,NA,NA,0.9437669893703797,0.002585662984576383,8.987111022113144,20.9473013431079
2041,20091,Double Crop,2013905.6882216034,201.39056882216036,0.3335212152324038,all_cult,NA,NA,NA,NA,NA,NA,NA,NA,NA,NA,0.9437669893703797,0.002585662984576383,8.987111022113144,20.9473013431079
2041,20091,Grass/Pasture/Shrubland,139667491.4795437,13966.749147954368,23.130214964462166,grassPastureHay,NA,NA,NA,NA,NA,NA,NA,NA,NA,NA,0.9437669893703797,0.002585662984576383,8.987111022113144,20.9473013431079
2041,20091,Other Crops,14581458.923742233,1458.1458923742232,2.4148230617504245,all_cult,NA,NA,NA,NA,NA,NA,NA,NA,NA,NA,0.9437669893703797,0.002585662984576383,8.987111022113144,20.9473013431079
2041,20091,Sorghum,265245.84730308503,26.524584730308504,0.043927140106542625,all_cult,Sorghum,NA,NA,112,2970.7534897945525,2491.6693383789097,729.13930029124,147.5570999483734,184.3701732141672,5,0.9437669893703797,0.002585662984576383,8.987111022113144,20.9473013431079
2041,20091,Soybeans,40506888.73460731,4050.688873460731,6.708311533684595,all_cult,Soybeans,NA,NA,56,226838.57691380093,2491.6693383789097,729.13930029124,147.5570999483734,184.3701732141672,5,0.9437669893703797,0.002585662984576383,8.987111022113144,20.9473013431079
2041,20091,Wheat,3047090.5931461067,304.70905931461067,0.5046260922212007,all_cult,Wheat,NA,NA,89,27119.10627900035,2426.469953613284,516.3587466842927,165.38756870714388,151.85263455706118,5,0.9437669893703797,0.002585662984576383,8.987111022113144,20.9473013431079
2041,20103,Corn,55676654.53817842,5567.665453817842,6.162232243462533,all_cult,Corn,0.09926099891867379,4.75,250,1391916.3634544604,2478.5123803710967,696.5846005951032,149.36088692510037,176.39019075337958,5,0.8937256689425298,0.0024485634765548762,8.717045789744779,20.978339208315518
2041,20103,Developed,66222526.18511143,6622.252618511144,7.329437975150055,developed,NA,NA,NA,NA,NA,NA,NA,NA,NA,NA,0.8937256689425298,0.0024485634765548762,8.717045789744779,20.978339208315518
2041,20103,Double Crop,2239300.7972116056,223.93007972116058,0.2478434038440015,all_cult,NA,NA,NA,NA,NA,NA,NA,NA,NA,NA,0.8937256689425298,0.0024485634765548762,8.717045789744779,20.978339208315518
2041,20103,Grass/Pasture/Shrubland,361083573.13099504,36108.3573130995,39.96434152498699,grassPastureHay,NA,NA,NA,NA,NA,NA,NA,NA,NA,NA,0.8937256689425298,0.0024485634765548762,8.717045789744779,20.978339208315518
2041,20103,Other Crops,54377617.6404599,5437.76176404599,6.018456236750789,all_cult,NA,NA,NA,NA,NA,NA,NA,NA,NA,NA,0.8937256689425298,0.0024485634765548762,8.717045789744779,20.978339208315518
2041,20103,Sorghum,567901.3203360821,56.79013203360822,0.06285470735100035,all_cult,Sorghum,NA,NA,112,6360.494787764121,2478.5123803710967,696.5846005951032,149.36088692510037,176.39019075337958,5,0.8937256689425298,0.0024485634765548762,8.717045789744779,20.978339208315518
2041,20103,Soybeans,101039226.18326606,10103.922618326606,11.18291288522158,all_cult,Soybeans,0.11410095968932568,4.571428571428571,56,565819.66662629,2478.5123803710967,696.5846005951032,149.36088692510037,176.39019075337958,5,0.8937256689425298,0.0024485634765548762,8.717045789744779,20.978339208315518
2041,20103,Wheat,4817340.8524583215,481.7340852458321,0.5331781044497215,all_cult,Wheat,NA,NA,89,42874.33358687905,2409.0807891845734,482.35787024014354,171.7481245111035,139.23758380065357,5,0.8937256689425298,0.0024485634765548762,8.717045789744779,20.978339208315518
2041,20117,Corn,1797933.5665907045,179.79335665907044,8.787790125047634,all_cult,Corn,0.16261062771687598,15.722222222222221,250,44948.33916476761,2380.9437677001984,598.2317343105668,165.9139609785469,169.21744635177066,5,0.7623541981786117,0.0020886416388455117,7.434767748689021,20.76060643862374
2041,20117,Developed,709093.4285035765,70.90934285035766,3.465847873654197,developed,NA,NA,NA,NA,NA,NA,NA,NA,NA,NA,0.7623541981786117,0.0020886416388455117,7.434767748689021,20.76060643862374
2041,20117,Double Crop,17005.082052877187,1.700508205287719,0.08311602548433755,all_cult,NA,NA,NA,NA,NA,NA,NA,NA,NA,NA,0.7623541981786117,0.0020886416388455117,7.434767748689021,20.76060643862374
2041,20117,Grass/Pasture/Shrubland,13608757.209524421,1360.8757209524422,66.51575143947134,grassPastureHay,NA,NA,NA,NA,NA,NA,NA,NA,NA,NA,0.7623541981786117,0.0020886416388455117,7.434767748689021,20.76060643862374
2041,20117,Other Crops,368569.7378671669,36.856973786716694,1.801464505144208,all_cult,NA,NA,NA,NA,NA,NA,NA,NA,NA,NA,0.7623541981786117,0.0020886416388455117,7.434767748689021,20.76060643862374
2041,20117,Sorghum,113210.96189225193,11.321096189225193,0.5533431220433721,all_cult,Sorghum,NA,NA,112,1267.9627731932217,2380.9437677001984,598.2317343105668,165.9139609785469,169.21744635177066,5,0.7623541981786117,0.0020886416388455117,7.434767748689021,20.76060643862374
2041,20117,Soybeans,2250086.8872694396,225.00868872694397,10.99778751332857,all_cult,Soybeans,0.12228514283699721,8.25,56,12600.486568708862,2380.9437677001984,598.2317343105668,165.9139609785469,169.21744635177066,5,0.7623541981786117,0.0020886416388455117,7.434767748689021,20.76060643862374
2041,20117,Wheat,234744.84118524572,23.474484118524572,1.1473663074132867,all_cult,Wheat,NA,NA,89,2089.229086548687,2304.155796508792,405.1550249500252,185.19791620540997,162.07775657358533,5,0.7623541981786117,0.0020886416388455117,7.434767748689021,20.76060643862374
2041,20127,Corn,10941387.892613748,1094.1387892613748,4.064821675495574,all_cult,Corn,NA,NA,250,273534.6973153437,2459.309910888675,602.945479417813,189.3216895378871,203.35380741356855,5,0.7753531704234405,0.002124255261434084,8.188202405955716,21.38713997618795
2041,20127,Developed,12128694.282144045,1212.8694282144045,4.50591642462472,developed,NA,NA,NA,NA,NA,NA,NA,NA,NA,NA,0.7753531704234405,0.002124255261434084,8.188202405955716,21.38713997618795
2041,20127,Double Crop,4499199.088895911,449.9199088895911,1.671491967784096,all_cult,NA,NA,NA,NA,NA,NA,NA,NA,NA,NA,0.7753531704234405,0.002124255261434084,8.188202405955716,21.38713997618795
2041,20127,Grass/Pasture/Shrubland,158101691.18434784,15810.169118434784,58.73616652348874,grassPastureHay,NA,NA,NA,NA,NA,NA,NA,NA,NA,NA,0.7753531704234405,0.002124255261434084,8.188202405955716,21.38713997618795
2041,20127,Other Crops,10981377.128665583,1098.1377128665583,4.079678027823576,all_cult,NA,NA,NA,NA,NA,NA,NA,NA,NA,NA,0.7753531704234405,0.002124255261434084,8.188202405955716,21.38713997618795
2041,20127,Sorghum,7272388.587591114,727.2388587591115,2.701756217181813,all_cult,Sorghum,NA,NA,112,81450.75218102049,2459.309910888675,602.945479417813,189.3216895378871,203.35380741356855,5,0.7753531704234405,0.002124255261434084,8.188202405955716,21.38713997618795
2041,20127,Soybeans,28686301.015498407,2868.6301015498407,10.657212713965244,all_cult,Soybeans,0.11686486262093489,4,56,160643.2856867911,2459.309910888675,602.945479417813,189.3216895378871,203.35380741356855,5,0.7753531704234405,0.002124255261434084,8.188202405955716,21.38713997618795
2041,20127,Wheat,20934850.636842933,2093.485063684293,7.777480834890052,all_cult,Wheat,NA,NA,89,186320.17066790207,2390.026459350589,426.8337034748134,180.6698850049275,161.7653025924855,5,0.7753531704234405,0.002124255261434084,8.188202405955716,21.38713997618795
2041,20131,Corn,124792211.963085,12479.2211963085,16.444051346315263,all_cult,Corn,0.12528513936677563,9.454545454545455,250,3119805.299077125,2378.420485229495,616.4609318518096,155.87063247427767,157.9180908896528,5,0.782929934617289,0.0021450135194994216,7.431234507103512,20.693760635166974
2041,20131,Developed,34827921.40223819,3482.792140223819,4.589325878711502,developed,NA,NA,NA,NA,NA,NA,NA,NA,NA,NA,0.782929934617289,0.0021450135194994216,7.431234507103512,20.693760635166974
2041,20131,Double Crop,1288597.7379512293,128.85977379512295,0.1698003988733199,all_cult,NA,NA,NA,NA,NA,NA,NA,NA,NA,NA,0.782929934617289,0.0021450135194994216,7.431234507103512,20.693760635166974
2041,20131,Grass/Pasture/Shrubland,328086582.4549448,32808.65824549448,43.232446344665604,grassPastureHay,NA,NA,NA,NA,NA,NA,NA,NA,NA,NA,0.782929934617289,0.0021450135194994216,7.431234507103512,20.693760635166974
2041,20131,Other Crops,27101730.321978156,2710.1730321978157,3.5712344382550913,all_cult,NA,NA,NA,NA,NA,NA,NA,NA,NA,NA,0.782929934617289,0.0021450135194994216,7.431234507103512,20.693760635166974
2041,20131,Sorghum,2055671.3741418559,205.5671374141856,0.2708788080264065,all_cult,Sorghum,NA,NA,112,23023.519390388785,2378.420485229495,616.4609318518096,155.87063247427767,157.9180908896528,5,0.782929934617289,0.0021450135194994216,7.431234507103512,20.693760635166974
2041,20131,Soybeans,136674912.54505298,13667.491254505298,18.00985209164201,all_cult,Soybeans,0.1067341402930363,5.142857142857143,56,765379.5102522967,2378.420485229495,616.4609318518096,155.87063247427767,157.9180908896528,5,0.782929934617289,0.0021450135194994216,7.431234507103512,20.693760635166974
2041,20131,Wheat,9588450.555545796,958.8450555545795,1.2634840811511674,all_cult,Wheat,NA,NA,89,85337.20994435757,2296.591605224612,410.6971624902234,183.2923658426443,152.29028403805123,5,0.782929934617289,0.0021450135194994216,7.431234507103512,20.693760635166974
2041,20139,Corn,20890964.22588984,2089.096422588984,9.4988079569725965,all_cult,Corn,NA,NA,250,522274.10564724595,2459.753356323245,648.9918425575695,161.06645470915336,179.5912787168274,5,0.8313931967983584,0.002277789580269475,8.448951675206038,21.122394016213637
2041,20139,Developed,11858545.489950646,1185.8545489950645,5.391902692479325,developed,NA,NA,NA,NA,NA,NA,NA,NA,NA,NA,0.8313931967983584,0.002277789580269475,8.448951675206038,21.122394016213637
2041,20139,Double Crop,1849135.1156913848,184.91351156913848,0.8407739901578724,all_cult,NA,NA,NA,NA,NA,NA,NA,NA,NA,NA,0.8313931967983584,0.002277789580269475,8.448951675206038,21.122394016213637
2041,20139,Grass/Pasture/Shrubland,108139234.26990536,10813.923426990536,49.1692871538651,grassPastureHay,NA,NA,NA,NA,NA,NA,NA,NA,NA,NA,0.8313931967983584,0.002277789580269475,8.448951675206038,21.122394016213637
2041,20139,Other Crops,6302951.103083336,630.2951103083336,2.86585728849129,all_cult,NA,NA,NA,NA,NA,NA,NA,NA,NA,NA,0.8313931967983584,0.002277789580269475,8.448951675206038,21.122394016213637
2041,20139,Sorghum,252758.48461129973,25.27584846112997,0.11492549021948671,all_cult,Sorghum,NA,NA,112,2830.8950276465566,2459.753356323245,648.9918425575695,161.06645470915336,179.5912787168274,5,0.8313931967983584,0.002277789580269475,8.448951675206038,21.122394016213637
2041,20139,Soybeans,28064514.38751116,2806.4514387511163,12.76051357372463,all_cult,Soybeans,NA,NA,56,157161.28057006252,2459.753356323245,648.9918425575695,161.06645470915336,179.5912787168274,5,0.8313931967983584,0.002277789580269475,8.448951675206038,21.122394016213637
2041,20139,Wheat,1738320.944623076,173.8320944623076,0.7903884493801757,all_cult,Wheat,NA,NA,89,15471.056407145375,2399.0326037597683,464.1129843935764,165.47066856978495,153.95784766505702,5,0.8313931967983584,0.002277789580269475,8.448951675206038,21.122394016213637
2041,20149,Corn,136791901.8519852,13679.190185198519,7.982141503627487,all_cult,Corn,0.1326174661314905,62.44444444444444,250,3419797.54629963,2430.075205078128,589.68098345861,167.4893284749856,183.04444693594243,5,0.7543157300339765,0.002066618438449251,7.8393217154725185,21.198544420216205
2041,20149,Developed,87781477.02653997,8778.147702653996,5.122263537072818,developed,NA,NA,NA,NA,NA,NA,NA,NA,NA,NA,0.7543157300339765,0.002066618438449251,7.8393217154725185,21.198544420216205
2041,20149,Double Crop,1803166.4492782145,180.31664492782144,0.1052191654466961,all_cult,NA,NA,NA,NA,NA,NA,NA,NA,NA,NA,0.7543157300339765,0.002066618438449251,7.8393217154725185,21.198544420216205
2041,20149,Grass/Pasture/Shrubland,1058221194.9777538,105822.11949777538,61.749790785057485,grassPastureHay,NA,NA,NA,NA,NA,NA,NA,NA,NA,NA,0.7543157300339765,0.002066618438449251,7.8393217154725185,21.198544420216205
2041,20149,Other Crops,34485813.7618199,3448.58137618199,2.012331443512244,all_cult,NA,NA,NA,NA,NA,NA,NA,NA,NA,NA,0.7543157300339765,0.002066618438449251,7.8393217154725185,21.198544420216205
2041,20149,Sorghum,5647082.09049503,564.708209049503,0.3295210295248753,all_cult,Sorghum,NA,NA,112,63247.319413544334,2430.075205078128,589.68098345861,167.4893284749856,183.04444693594243,5,0.7543157300339765,0.002066618438449251,7.8393217154725185,21.198544420216205
2041,20149,Soybeans,153915907.33370754,15391.590733370755,8.98136903839706,all_cult,Soybeans,0.11392545848870632,51.611111111111114,56,861929.0810687622,2430.075205078128,589.68098345861,167.4893284749856,183.04444693594243,5,0.7543157300339765,0.002066618438449251,7.8393217154725185,21.198544420216205
2041,20149,Wheat,13424373.002870617,1342.4373002870618,0.7833449455387832,all_cult,Wheat,NA,NA,89,119476.9197255485,2360.311795043948,409.26158837595574,179.77828848588425,161.7862023854392,5,0.7543157300339765,0.002066618438449251,7.8393217154725185,21.198544420216205
2041,20161,Corn,29887562.457934357,2988.756245793436,3.7374801575206362,all_cult,Corn,0.14127372152863188,12.444444444444445,250,747189.0614483589,2448.9010815429715,589.7737180401596,178.57318311167973,195.3820953416518,5,0.7528683870893476,0.0020626531153132813,7.95545375040135,21.415322365956786
2041,20161,Developed,93189704.06140432,9318.970406140432,11.653498685445852,developed,NA,NA,NA,NA,NA,NA,NA,NA,NA,NA,0.7528683870893476,0.0020626531153132813,7.95545375040135,21.415322365956786
2041,20161,Double Crop,2321662.5391971655,232.16625391971652,0.2903270443991936,all_cult,NA,NA,NA,NA,NA,NA,NA,NA,NA,NA,0.7528683870893476,0.0020626531153132813,7.95545375040135,21.415322365956786
2041,20161,Grass/Pasture/Shrubland,421935273.9416269,42193.527394162695,52.76357736882686,grassPastureHay,NA,NA,NA,NA,NA,NA,NA,NA,NA,NA,0.7528683870893476,0.0020626531153132813,7.95545375040135,21.415322365956786
2041,20161,Other Crops,10313350.483787943,1031.3350483787942,1.2896984437913022,all_cult,NA,NA,NA,NA,NA,NA,NA,NA,NA,NA,0.7528683870893476,0.0020626531153132813,7.95545375040135,21.415322365956786
2041,20161,Sorghum,8046145.345421317,804.6145345421318,1.0061813711092988,all_cult,Sorghum,NA,NA,112,90116.82786871876,2448.9010815429715,589.7737180401596,178.57318311167973,195.3820953416518,5,0.7528683870893476,0.0020626531153132813,7.95545375040135,21.415322365956786
2041,20161,Soybeans,56043067.26954317,5604.306726954317,7.008261452613234,all_cult,Soybeans,0.12420661341954765,10.38888888888889,56,313841.17670944176,2448.9010815429715,589.7737180401596,178.57318311167973,195.3820953416518,5,0.7528683870893476,0.0020626531153132813,7.95545375040135,21.415322365956786
2041,20161,Wheat,14763447.35949416,1476.3447359494162,1.8461890841841313,all_cult,Wheat,NA,NA,89,131394.68149949805,2380.573540649417,417.36074359051486,182.15052081604577,169.23851288113664,5,0.7528683870893476,0.0020626531153132813,7.95545375040135,21.415322365956786
2041,20177,Corn,132475537.80653152,13247.553780653152,9.091050553311547,all_cult,Corn,0.12030458771317423,83,250,3311888.445163288,2460.9443395996127,618.9071367349368,159.67617533325352,173.64881709400856,5,0.7956524573286796,0.0021798697461059714,8.401679980134334,21.137262481271428
2041,20177,Developed,255013934.0237044,25501.393402370442,17.50017100813045,developed,NA,NA,NA,NA,NA,NA,NA,NA,NA,NA,0.7956524573286796,0.0021798697461059714,8.401679980134334,21.137262481271428
2041,20177,Double Crop,2797246.7569815805,279.7246756981581,0.19195930130847558,all_cult,NA,NA,NA,NA,NA,NA,NA,NA,NA,NA,0.7956524573286796,0.0021798697461059714,8.401679980134334,21.137262481271428
2041,20177,Grass/Pasture/Shrubland,626083355.6398722,62608.33556398722,42.96457693964075,grassPastureHay,NA,NA,NA,NA,NA,NA,NA,NA,NA,NA,0.7956524573286796,0.0021798697461059714,8.401679980134334,21.137262481271428
2041,20177,Other Crops,33361526.081880283,3336.1526081880284,2.289413767762353,all_cult,NA,NA,NA,NA,NA,NA,NA,NA,NA,NA,0.7956524573286796,0.0021798697461059714,8.401679980134334,21.137262481271428
2041,20177,Sorghum,2303954.5452317544,230.39545452317543,0.15810743319134585,all_cult,Sorghum,NA,NA,112,25804.29090659565,2460.9443395996127,618.9071367349368,159.67617533325352,173.64881709400856,5,0.7956524573286796,0.0021798697461059714,8.401679980134334,21.137262481271428
2041,20177,Soybeans,145627766.023613,14562.7766023613,9.993613951731533,all_cult,Soybeans,0.09768281806034469,42.833333333333336,56,815515.4897322329,2460.9443395996127,618.9071367349368,159.67617533325352,173.64881709400856,5,0.7956524573286796,0.0021798697461059714,8.401679980134334,21.137262481271428
2041,20177,Wheat,9565647.685078032,956.5647685078033,0.656436562704971,all_cult,Wheat,NA,NA,89,85134.26439719449,2398.149359130862,436.5311285819409,169.38899505426798,139.36187397782874,5,0.7956524573286796,0.0021798697461059714,8.401679980134334,21.137262481271428
2041,20197,Corn,69733578.79693311,6973.357879693312,4.536852294529976,all_cult,Corn,0.14186117514330646,28.666666666666668,250,1743339.469923328,2444.3165386962924,611.6476526099151,168.91403793929217,184.50264475069628,5,0.7828085629192914,0.0021446809942994283,8.106647029510938,21.227287146163338
2041,20197,Developed,54289406.85937861,5428.940685937861,3.5320576446519008,developed,NA,NA,NA,NA,NA,NA,NA,NA,NA,NA,0.7828085629192914,0.0021446809942994283,8.106647029510938,21.227287146163338
2041,20197,Double Crop,1125869.9276987636,112.58699276987635,0.07324886594013556,all_cult,NA,NA,NA,NA,NA,NA,NA,NA,NA,NA,0.7828085629192914,0.0021446809942994283,8.106647029510938,21.227287146163338
2041,20197,Grass/Pasture/Shrubland,1169502873.1037595,116950.28731037596,76.08761639426346,grassPastureHay,NA,NA,NA,NA,NA,NA,NA,NA,NA,NA,0.7828085629192914,0.0021446809942994283,8.106647029510938,21.227287146163338
2041,20197,Other Crops,29094649.42529061,2909.464942529061,1.8928919077573607,all_cult,NA,NA,NA,NA,NA,NA,NA,NA,NA,NA,0.7828085629192914,0.0021446809942994283,8.106647029510938,21.227287146163338
2041,20197,Sorghum,3287931.385599168,328.7931385599168,0.21391213972326276,all_cult,Sorghum,NA,NA,112,36824.831518710685,2444.3165386962924,611.6476526099151,168.91403793929217,184.50264475069628,5,0.7828085629192914,0.0021446809942994283,8.106647029510938,21.227287146163338
2041,20197,Soybeans,83491332.16381498,8349.133216381497,5.431928899043218,all_cult,Soybeans,0.12942046457519057,22.77777777777778,56,467551.46011736384,2444.3165386962924,611.6476526099151,168.91403793929217,184.50264475069628,5,0.7828085629192914,0.0021446809942994283,8.106647029510938,21.227287146163338
2041,20197,Wheat,7530280.724868099,753.02807248681,0.4899185152185996,all_cult,Wheat,NA,NA,89,67019.49845132609,2379.4998455810573,429.92051078231486,171.01654597896382,141.7399135427413,5,0.7828085629192914,0.0021446809942994283,8.106647029510938,21.227287146163338
2041,20209,Corn,2798441.748604609,279.8441748604609,1.0907251789658858,all_cult,Corn,NA,NA,250,69961.04371511523,2501.6907281494173,702.6773128759618,148.1381848352892,172.11959990573487,5,0.9063225609190266,0.002483075509367196,9.046736533805138,20.8146576178564
2041,20209,Developed,144515431.86680782,14451.543186680783,56.32656829996687,developed,NA,NA,NA,NA,NA,NA,NA,NA,NA,NA,0.9063225609190266,0.002483075509367196,9.046736533805138,20.8146576178564
2041,20209,Double Crop,152719.71803613545,15.271971803613546,0.05952428413764306,all_cult,NA,NA,NA,NA,NA,NA,NA,NA,NA,NA,0.9063225609190266,0.002483075509367196,9.046736533805138,20.8146576178564
2041,20209,Grass/Pasture/Shrubland,41083799.11850462,4108.379911850462,16.01288794682744,grassPastureHay,NA,NA,NA,NA,NA,NA,NA,NA,NA,NA,0.9063225609190266,0.002483075509367196,9.046736533805138,20.8146576178564
2041,20209,Other Crops,1959154.8527385148,195.91548527385146,0.7636033619211925,all_cult,NA,NA,NA,NA,NA,NA,NA,NA,NA,NA,0.9063225609190266,0.002483075509367196,9.046736533805138,20.8146576178564
2041,20209,Sorghum,54127.80426680527,5.412780426680527,0.02109694047602745,all_cult,Sorghum,NA,NA,112,606.231407788219,2501.6907281494173,702.6773128759618,148.1381848352892,172.11959990573487,5,0.9063225609190266,0.002483075509367196,9.046736533805138,20.8146576178564
2041,20209,Soybeans,8244134.676247953,824.4134676247953,3.213247256139296,all_cult,Soybeans,0.14562756367793683,4.75,56,46167.15418698854,2501.6907281494173,702.6773128759618,148.1381848352892,172.11959990573487,5,0.9063225609190266,0.002483075509367196,9.046736533805138,20.8146576178564
2041,20209,Wheat,234900.57353758038,23.49005735375804,0.09155522720411169,all_cult,Wheat,NA,NA,89,2090.6151044844655,2418.3963763427764,483.45750041660693,167.98996657610962,138.23469118268537,5,0.9063225609190266,0.002483075509367196,9.046736533805138,20.8146576178564
2042,20005,Corn,172734778.84431297,17273.477884431297,23.078910848652363,all_cult,Corn,0.10724545034749912,6.181818181818182,250,4318369.471107824,2478.5145129394564,811.4316589892891,313.8773668050137,354.4969518069937,5,1.0401651227952478,0.0028497674597130073,9.002618491812951,21.442156330265433
2042,20005,Developed,36578638.84791646,3657.863884791646,4.88723319405755,developed,NA,NA,NA,NA,NA,NA,NA,NA,NA,NA,1.0401651227952478,0.0028497674597130073,9.002618491812951,21.442156330265433
2042,20005,Double Crop,1451158.554832854,145.11585548328543,0.1938877575107932,all_cult,NA,NA,NA,NA,NA,NA,NA,NA,NA,NA,1.0401651227952478,0.0028497674597130073,9.002618491812951,21.442156330265433
2042,20005,Grass/Pasture/Shrubland,215288406.86893737,21528.840686893738,28.764456018176027,grassPastureHay,NA,NA,NA,NA,NA,NA,NA,NA,NA,NA,1.0401651227952478,0.0028497674597130073,9.002618491812951,21.442156330265433
2042,20005,Other Crops,29204979.705745928,2920.4979705745927,3.902046405912905,all_cult,NA,NA,NA,NA,NA,NA,NA,NA,NA,NA,1.0401651227952478,0.0028497674597130073,9.002618491812951,21.442156330265433
2042,20005,Sorghum,732239.3724075308,73.22393724075309,0.09783372699309156,all_cult,Sorghum,NA,NA,112,8201.080970964345,2478.5145129394564,811.4316589892891,313.8773668050137,354.4969518069937,5,1.0401651227952478,0.0028497674597130073,9.002618491812951,21.442156330265433
2042,20005,Soybeans,181600576.65296197,18160.057665296197,24.263460703620524,all_cult,Soybeans,0.07483265359624193,5,56,1016963.2292565871,2478.5145129394564,811.4316589892891,313.8773668050137,354.4969518069937,5,1.0401651227952478,0.0028497674597130073,9.002618491812951,21.442156330265433
2042,20005,Wheat,5908069.702597459,590.8069702597459,0.7893709354082403,all_cult,Wheat,NA,NA,89,52581.82035311738,2334.0629663085965,530.7588829200738,185.0143443638488,210.59774988110067,5,1.0401651227952478,0.0028497674597130073,9.002618491812951,21.442156330265433
2042,20013,Corn,113276297.82191704,11327.629782191703,25.36090350021212,all_cult,Corn,0.12646432205391206,17.5625,250,2831907.445547926,2444.380340576175,785.7888687986141,316.98225070910144,352.5754231917083,5,1.0159182191400988,0.002783337586685202,8.520875871214171,21.390312566887864
2042,20013,Developed,24170977.38782201,2417.0977387822013,5.411527714315524,developed,NA,NA,NA,NA,NA,NA,NA,NA,NA,NA,1.0159182191400988,0.002783337586685202,8.520875871214171,21.390312566887864
2042,20013,Double Crop,542048.8992527233,54.20488992527234,0.12135680712267008,all_cult,NA,NA,NA,NA,NA,NA,NA,NA,NA,NA,1.0159182191400988,0.002783337586685202,8.520875871214171,21.390312566887864
2042,20013,Grass/Pasture/Shrubland,122499833.68113159,12249.983368113159,27.425918047421547,grassPastureHay,NA,NA,NA,NA,NA,NA,NA,NA,NA,NA,1.0159182191400988,0.002783337586685202,8.520875871214171,21.390312566887864
2042,20013,Other Crops,13090232.71280689,1309.023271280689,2.9307113227404837,all_cult,NA,NA,NA,NA,NA,NA,NA,NA,NA,NA,1.0159182191400988,0.002783337586685202,8.520875871214171,21.390312566887864
2042,20013,Sorghum,333636.9508835004,33.363695088350035,0.07469642527304013,all_cult,Sorghum,NA,NA,112,3736.733849895204,2444.380340576175,785.7888687986141,316.98225070910144,352.5754231917083,5,1.0159182191400988,0.002783337586685202,8.520875871214171,21.390312566887864
2042,20013,Soybeans,123405327.24801578,12340.532724801578,27.62864479089188,all_cult,Soybeans,0.10147480973744562,10.461538461538462,56,691069.8325888884,2444.380340576175,785.7888687986141,316.98225070910144,352.5754231917083,5,1.0159182191400988,0.002783337586685202,8.520875871214171,21.390312566887864
2042,20013,Wheat,3906288.4515680084,390.6288451568008,0.8745607542714157,all_cult,Wheat,NA,NA,89,34765.96721895527,2295.359162597659,527.987090798603,191.6187764161752,223.87072716662144,5,1.0159182191400988,0.002783337586685202,8.520875871214171,21.390312566887864
2042,20045,Corn,74392843.99321488,7439.284399321487,7.631923083362056,all_cult,Corn,0.1459526935617447,11,250,1859821.0998303718,2527.1486535644563,806.5986746409234,295.15345538438805,359.5548797126072,5,1.036758066915417,0.0028404330600422384,9.635013034768324,21.722062754173823
2042,20045,Developed,130402436.2681122,13040.24362681122,13.37791795635647,developed,NA,NA,NA,NA,NA,NA,NA,NA,NA,NA,1.036758066915417,0.0028404330600422384,9.635013034768324,21.722062754173823
2042,20045,Double Crop,4220114.888463862,422.01148884638627,0.4329393864098648,all_cult,NA,NA,NA,NA,NA,NA,NA,NA,NA,NA,1.036758066915417,0.0028404330600422384,9.635013034768324,21.722062754173823
2042,20045,Grass/Pasture/Shrubland,354830010.0217444,35483.00100217444,36.40182575089523,grassPastureHay,NA,NA,NA,NA,NA,NA,NA,NA,NA,NA,1.036758066915417,0.0028404330600422384,9.635013034768324,21.722062754173823
2042,20045,Other Crops,37964614.628596716,3796.4614628596714,3.8947700233285687,all_cult,NA,NA,NA,NA,NA,NA,NA,NA,NA,NA,1.036758066915417,0.0028404330600422384,9.635013034768324,21.722062754173823
2042,20045,Sorghum,671055.755263424,67.1055755263424,0.06884326010288025,all_cult,Sorghum,NA,NA,112,7515.824458950349,2527.1486535644563,806.5986746409234,295.15345538438805,359.5548797126072,5,1.036758066915417,0.0028404330600422384,9.635013034768324,21.722062754173823
2042,20045,Soybeans,100028766.3995359,10002.876639953589,10.261898998705805,all_cult,Soybeans,0.11420951862362651,8.5,56,560161.091837401,2527.1486535644563,806.5986746409234,295.15345538438805,359.5548797126072,5,1.036758066915417,0.0028404330600422384,9.635013034768324,21.722062754173823
2042,20045,Wheat,7085783.937909698,708.5783937909698,0.7269268802840957,all_cult,Wheat,NA,NA,89,63063.477047396314,2396.5881787109406,561.7151833527282,166.3587261531518,219.97900929111736,5,1.036758066915417,0.0028404330600422384,9.635013034768324,21.722062754173823
2042,20061,Corn,31722102.062803604,3172.21020628036,4.044269831598419,all_cult,Corn,0.16936452361704205,12.944444444444445,250,793052.55157009,2476.1531439209016,722.4579103659512,297.6212987726345,302.2720753625302,5,0.9227248151147494,0.002528013192095204,8.85559619642286,21.86678107274724
2042,20061,Developed,61171563.9285717,6117.15639285717,7.798799400437711,developed,NA,NA,NA,NA,NA,NA,NA,NA,NA,NA,0.9227248151147494,0.002528013192095204,8.85559619642286,21.86678107274724
2042,20061,Double Crop,5604030.762346523,560.4030762346523,0.7144612454318694,all_cult,NA,NA,NA,NA,NA,NA,NA,NA,NA,NA,0.9227248151147494,0.002528013192095204,8.85559619642286,21.86678107274724
2042,20061,Grass/Pasture/Shrubland,476190220.2809351,47619.02202809351,60.70977699307564,grassPastureHay,NA,NA,NA,NA,NA,NA,NA,NA,NA,NA,0.9227248151147494,0.002528013192095204,8.85559619642286,21.86678107274724
2042,20061,Other Crops,18227803.79878525,1822.7803798785249,2.323873646638379,all_cult,NA,NA,NA,NA,NA,NA,NA,NA,NA,NA,0.9227248151147494,0.002528013192095204,8.85559619642286,21.86678107274724
2042,20061,Sorghum,5491901.736070833,549.1901736070832,0.7001658485721192,all_cult,Sorghum,NA,NA,112,61509.299443993325,2476.1531439209016,722.4579103659512,297.6212987726345,302.2720753625302,5,0.9227248151147494,0.002528013192095204,8.85559619642286,21.86678107274724
2042,20061,Soybeans,39491221.54782481,3949.1221547824807,5.03475953777074,all_cult,Soybeans,0.12217913528938978,7.666666666666667,56,221150.8406678189,2476.1531439209016,722.4579103659512,297.6212987726345,302.2720753625302,5,0.9227248151147494,0.002528013192095204,8.85559619642286,21.86678107274724
2042,20061,Wheat,15495075.277191846,1549.5075277191845,1.9754764472362665,all_cult,Wheat,NA,NA,89,137906.16996700742,2353.641970214847,502.4543201249812,186.9460087521712,204.346286009172,5,0.9227248151147494,0.002528013192095204,8.85559619642286,21.86678107274724
2042,20085,Corn,134933024.35661882,13493.30243566188,7.9306511901880965,all_cult,Corn,NA,NA,250,3373325.60891547,2461.27900268555,803.3044672220458,311.8198270217689,356.18559475425167,5,1.029615094333157,0.0028208632721456357,8.735158967318624,21.59027066165456
2042,20085,Developed,75618361.35140783,7561.836135140783,4.444448275810096,developed,NA,NA,NA,NA,NA,NA,NA,NA,NA,NA,1.029615094333157,0.0028208632721456357,8.735158967318624,21.59027066165456
2042,20085,Double Crop,1864792.83802623,186.479283802623,0.10960268333762817,all_cult,NA,NA,NA,NA,NA,NA,NA,NA,NA,NA,1.029615094333157,0.0028208632721456357,8.735158967318624,21.59027066165456
2042,20085,Grass/Pasture/Shrubland,941187748.5802637,94118.77485802637,55.31804963283908,grassPastureHay,NA,NA,NA,NA,NA,NA,NA,NA,NA,NA,1.029615094333157,0.0028208632721456357,8.735158967318624,21.59027066165456
2042,20085,Other Crops,98052397.627671,9805.2397627671,5.7630025537076115,all_cult,NA,NA,NA,NA,NA,NA,NA,NA,NA,NA,1.029615094333157,0.0028208632721456357,8.735158967318624,21.59027066165456
2042,20085,Sorghum,4069081.398774073,406.9081398774073,0.23915913388905596,all_cult,Sorghum,NA,NA,112,45573.71166626961,2461.27900268555,803.3044672220458,311.8198270217689,356.18559475425167,5,1.029615094333157,0.0028208632721456357,8.735158967318624,21.59027066165456
2042,20085,Soybeans,170772946.2930534,17077.29462930534,10.037132690300496,all_cult,Soybeans,NA,NA,56,956328.499241099,2461.27900268555,803.3044672220458,311.8198270217689,356.18559475425167,5,1.029615094333157,0.0028208632721456357,8.735158967318624,21.59027066165456
2042,20085,Wheat,13725583.902961861,1372.5583902961862,0.8067173980208171,all_cult,Wheat,NA,NA,89,122157.69673636057,2328.1375854492217,541.8958424870344,187.408508344864,232.39329374527043,5,1.029615094333157,0.0028208632721456357,8.735158967318624,21.59027066165456
2042,20087,Corn,155094058.297135,15509.4058297135,10.788896738521789,all_cult,Corn,0.13078338055311117,25.77777777777778,250,3877351.457428375,2490.962775268558,819.6060565793969,305.8467428829548,357.92936898819323,5,1.0480969273238983,0.002871498431024378,9.26933962469234,21.531434092064448
2042,20087,Developed,83037617.78054704,8303.761778054704,5.7763933285619125,developed,NA,NA,NA,NA,NA,NA,NA,NA,NA,NA,1.0480969273238983,0.002871498431024378,9.26933962469234,21.531434092064448
2042,20087,Double Crop,3214015.8179615135,321.4015817961514,0.2235784217441099,all_cult,NA,NA,NA,NA,NA,NA,NA,NA,NA,NA,1.0480969273238983,0.002871498431024378,9.26933962469234,21.531434092064448
2042,20087,Grass/Pasture/Shrubland,533878677.1787268,53387.86771787268,37.138507962340775,grassPastureHay,NA,NA,NA,NA,NA,NA,NA,NA,NA,NA,1.0480969273238983,0.002871498431024378,9.26933962469234,21.531434092064448
2042,20087,Other Crops,67978226.39294052,6797.822639294052,4.728808266891807,all_cult,NA,NA,NA,NA,NA,NA,NA,NA,NA,NA,1.0480969273238983,0.002871498431024378,9.26933962469234,21.531434092064448
2042,20087,Sorghum,2078940.1655916602,207.89401655916603,0.1446185045281528,all_cult,Sorghum,NA,NA,112,23284.129854626597,2490.962775268558,819.6060565793969,305.8467428829548,357.92936898819323,5,1.0480969273238983,0.002871498431024378,9.26933962469234,21.531434092064448
2042,20087,Soybeans,173639107.61438552,17363.91076143855,12.078956617613274,all_cult,Soybeans,0.09985991575255485,13.833333333333334,56,972379.0026405589,2490.962775268558,819.6060565793969,305.8467428829548,357.92936898819323,5,1.0480969273238983,0.002871498431024378,9.26933962469234,21.531434092064448
2042,20087,Wheat,7377427.0278590415,737.7427027859042,0.5132001784817648,all_cult,Wheat,NA,NA,89,65659.10054794548,2361.263051757815,545.0914281925194,178.00130376119932,212.56810810252543,5,1.0480969273238983,0.002871498431024378,9.26933962469234,21.531434092064448
2042,20091,Corn,20137063.169311535,2013.7063169311532,3.334881975218613,all_cult,Corn,0.14955141172933145,4,250,503426.5792327883,2532.0270642089877,825.6669007738092,289.8537912527771,392.8902814056554,5,1.0760239314258297,0.00294801077102967,9.832208026206679,21.57296403440713
2042,20091,Developed,271607528.4848879,27160.752848488788,44.98069273866694,developed,NA,NA,NA,NA,NA,NA,NA,NA,NA,NA,1.0760239314258297,0.00294801077102967,9.832208026206679,21.57296403440713
2042,20091,Double Crop,2013905.6882216034,201.39056882216036,0.3335212152324038,all_cult,NA,NA,NA,NA,NA,NA,NA,NA,NA,NA,1.0760239314258297,0.00294801077102967,9.832208026206679,21.57296403440713
2042,20091,Grass/Pasture/Shrubland,139667491.4795437,13966.749147954368,23.130214964462166,grassPastureHay,NA,NA,NA,NA,NA,NA,NA,NA,NA,NA,1.0760239314258297,0.00294801077102967,9.832208026206679,21.57296403440713
2042,20091,Other Crops,14581458.923742233,1458.1458923742232,2.4148230617504245,all_cult,NA,NA,NA,NA,NA,NA,NA,NA,NA,NA,1.0760239314258297,0.00294801077102967,9.832208026206679,21.57296403440713
2042,20091,Sorghum,265245.84730308503,26.524584730308504,0.043927140106542625,all_cult,Sorghum,NA,NA,112,2970.7534897945525,2532.0270642089877,825.6669007738092,289.8537912527771,392.8902814056554,5,1.0760239314258297,0.00294801077102967,9.832208026206679,21.57296403440713
2042,20091,Soybeans,40506888.73460731,4050.688873460731,6.708311533684595,all_cult,Soybeans,NA,NA,56,226838.57691380093,2532.0270642089877,825.6669007738092,289.8537912527771,392.8902814056554,5,1.0760239314258297,0.00294801077102967,9.832208026206679,21.57296403440713
2042,20091,Wheat,3047090.5931461067,304.70905931461067,0.5046260922212007,all_cult,Wheat,NA,NA,89,27119.10627900035,2399.5395056152374,571.8934182587557,160.120608468181,216.4644489307205,5,1.0760239314258297,0.00294801077102967,9.832208026206679,21.57296403440713
2042,20103,Corn,55676654.53817842,5567.665453817842,6.162232243462533,all_cult,Corn,0.09926099891867379,4.75,250,1391916.3634544604,2521.3765991210967,816.7468556802135,297.38498077614656,390.40753848567505,5,1.0540177984630914,0.0028877199957892913,9.586668274761902,21.593822740528704
2042,20103,Developed,66222526.18511143,6622.252618511144,7.329437975150055,developed,NA,NA,NA,NA,NA,NA,NA,NA,NA,NA,1.0540177984630914,0.0028877199957892913,9.586668274761902,21.593822740528704
2042,20103,Double Crop,2239300.7972116056,223.93007972116058,0.2478434038440015,all_cult,NA,NA,NA,NA,NA,NA,NA,NA,NA,NA,1.0540177984630914,0.0028877199957892913,9.586668274761902,21.593822740528704
2042,20103,Grass/Pasture/Shrubland,361083573.13099504,36108.3573130995,39.96434152498699,grassPastureHay,NA,NA,NA,NA,NA,NA,NA,NA,NA,NA,1.0540177984630914,0.0028877199957892913,9.586668274761902,21.593822740528704
2042,20103,Other Crops,54377617.6404599,5437.76176404599,6.018456236750789,all_cult,NA,NA,NA,NA,NA,NA,NA,NA,NA,NA,1.0540177984630914,0.0028877199957892913,9.586668274761902,21.593822740528704
2042,20103,Sorghum,567901.3203360821,56.79013203360822,0.06285470735100035,all_cult,Sorghum,NA,NA,112,6360.494787764121,2521.3765991210967,816.7468556802135,297.38498077614656,390.40753848567505,5,1.0540177984630914,0.0028877199957892913,9.586668274761902,21.593822740528704
2042,20103,Soybeans,101039226.18326606,10103.922618326606,11.18291288522158,all_cult,Soybeans,0.11410095968932568,4.571428571428571,56,565819.66662629,2521.3765991210967,816.7468556802135,297.38498077614656,390.40753848567505,5,1.0540177984630914,0.0028877199957892913,9.586668274761902,21.593822740528704
2042,20103,Wheat,4817340.8524583215,481.7340852458321,0.5331781044497215,all_cult,Wheat,NA,NA,89,42874.33358687905,2384.032404785159,551.5652727827967,171.41911457299452,217.73869208116875,5,1.0540177984630914,0.0028877199957892913,9.586668274761902,21.593822740528704
2042,20117,Corn,1797933.5665907045,179.79335665907044,8.787790125047634,all_cult,Corn,0.16261062771687598,15.722222222222221,250,44948.33916476761,2411.042603149417,759.0287088258976,320.8632640690536,341.0028734972521,5,0.9680968758206568,0.002652320207727827,8.29312733271353,21.238664701278918
2042,20117,Developed,709093.4285035765,70.90934285035766,3.465847873654197,developed,NA,NA,NA,NA,NA,NA,NA,NA,NA,NA,0.9680968758206568,0.002652320207727827,8.29312733271353,21.238664701278918
2042,20117,Double Crop,17005.082052877187,1.700508205287719,0.08311602548433755,all_cult,NA,NA,NA,NA,NA,NA,NA,NA,NA,NA,0.9680968758206568,0.002652320207727827,8.29312733271353,21.238664701278918
2042,20117,Grass/Pasture/Shrubland,13608757.209524421,1360.8757209524422,66.51575143947134,grassPastureHay,NA,NA,NA,NA,NA,NA,NA,NA,NA,NA,0.9680968758206568,0.002652320207727827,8.29312733271353,21.238664701278918
2042,20117,Other Crops,368569.7378671669,36.856973786716694,1.801464505144208,all_cult,NA,NA,NA,NA,NA,NA,NA,NA,NA,NA,0.9680968758206568,0.002652320207727827,8.29312733271353,21.238664701278918
2042,20117,Sorghum,113210.96189225193,11.321096189225193,0.5533431220433721,all_cult,Sorghum,NA,NA,112,1267.9627731932217,2411.042603149417,759.0287088258976,320.8632640690536,341.0028734972521,5,0.9680968758206568,0.002652320207727827,8.29312733271353,21.238664701278918
2042,20117,Soybeans,2250086.8872694396,225.00868872694397,10.99778751332857,all_cult,Soybeans,0.12228514283699721,8.25,56,12600.486568708862,2411.042603149417,759.0287088258976,320.8632640690536,341.0028734972521,5,0.9680968758206568,0.002652320207727827,8.29312733271353,21.238664701278918
2042,20117,Wheat,234744.84118524572,23.474484118524572,1.1473663074132867,all_cult,Wheat,NA,NA,89,2089.229086548687,2272.2027191162138,528.8066689438868,199.69848353571095,236.2727618138049,5,0.9680968758206568,0.002652320207727827,8.29312733271353,21.238664701278918
2042,20127,Corn,10941387.892613748,1094.1387892613748,4.064821675495574,all_cult,Corn,NA,NA,250,273534.6973153437,2474.017966308597,718.4623186788045,292.24375829850686,300.6361219754863,5,0.920949451235506,0.0025231491814671396,8.866684612117425,21.877050547142574
2042,20127,Developed,12128694.282144045,1212.8694282144045,4.50591642462472,developed,NA,NA,NA,NA,NA,NA,NA,NA,NA,NA,0.920949451235506,0.0025231491814671396,8.866684612117425,21.877050547142574
2042,20127,Double Crop,4499199.088895911,449.9199088895911,1.671491967784096,all_cult,NA,NA,NA,NA,NA,NA,NA,NA,NA,NA,0.920949451235506,0.0025231491814671396,8.866684612117425,21.877050547142574
2042,20127,Grass/Pasture/Shrubland,158101691.18434784,15810.169118434784,58.73616652348874,grassPastureHay,NA,NA,NA,NA,NA,NA,NA,NA,NA,NA,0.920949451235506,0.0025231491814671396,8.866684612117425,21.877050547142574
2042,20127,Other Crops,10981377.128665583,1098.1377128665583,4.079678027823576,all_cult,NA,NA,NA,NA,NA,NA,NA,NA,NA,NA,0.920949451235506,0.0025231491814671396,8.866684612117425,21.877050547142574
2042,20127,Sorghum,7272388.587591114,727.2388587591115,2.701756217181813,all_cult,Sorghum,NA,NA,112,81450.75218102049,2474.017966308597,718.4623186788045,292.24375829850686,300.6361219754863,5,0.920949451235506,0.0025231491814671396,8.866684612117425,21.877050547142574
2042,20127,Soybeans,28686301.015498407,2868.6301015498407,10.657212713965244,all_cult,Soybeans,0.11686486262093489,4,56,160643.2856867911,2474.017966308597,718.4623186788045,292.24375829850686,300.6361219754863,5,0.920949451235506,0.0025231491814671396,8.866684612117425,21.877050547142574
2042,20127,Wheat,20934850.636842933,2093.485063684293,7.777480834890052,all_cult,Wheat,NA,NA,89,186320.17066790207,2353.97836608887,507.78861347438954,183.97772272225137,203.13095513642511,5,0.920949451235506,0.0025231491814671396,8.866684612117425,21.877050547142574
2042,20131,Corn,124792211.963085,12479.2211963085,16.444051346315263,all_cult,Corn,0.12528513936677563,9.454545454545455,250,3119805.299077125,2413.638753051761,765.6502514812698,319.8326047406383,346.32719512350906,5,0.9877610311937866,0.002706194606010374,8.302563468201543,21.189791360097413
2042,20131,Developed,34827921.40223819,3482.792140223819,4.589325878711502,developed,NA,NA,NA,NA,NA,NA,NA,NA,NA,NA,0.9877610311937866,0.002706194606010374,8.302563468201543,21.189791360097413
2042,20131,Double Crop,1288597.7379512293,128.85977379512295,0.1698003988733199,all_cult,NA,NA,NA,NA,NA,NA,NA,NA,NA,NA,0.9877610311937866,0.002706194606010374,8.302563468201543,21.189791360097413
2042,20131,Grass/Pasture/Shrubland,328086582.4549448,32808.65824549448,43.232446344665604,grassPastureHay,NA,NA,NA,NA,NA,NA,NA,NA,NA,NA,0.9877610311937866,0.002706194606010374,8.302563468201543,21.189791360097413
2042,20131,Other Crops,27101730.321978156,2710.1730321978157,3.5712344382550913,all_cult,NA,NA,NA,NA,NA,NA,NA,NA,NA,NA,0.9877610311937866,0.002706194606010374,8.302563468201543,21.189791360097413
2042,20131,Sorghum,2055671.3741418559,205.5671374141856,0.2708788080264065,all_cult,Sorghum,NA,NA,112,23023.519390388785,2413.638753051761,765.6502514812698,319.8326047406383,346.32719512350906,5,0.9877610311937866,0.002706194606010374,8.302563468201543,21.189791360097413
2042,20131,Soybeans,136674912.54505298,13667.491254505298,18.00985209164201,all_cult,Soybeans,0.1067341402930363,5.142857142857143,56,765379.5102522967,2413.638753051761,765.6502514812698,319.8326047406383,346.32719512350906,5,0.9877610311937866,0.002706194606010374,8.302563468201543,21.189791360097413
2042,20131,Wheat,9588450.555545796,958.8450555545795,1.2634840811511674,all_cult,Wheat,NA,NA,89,85337.20994435757,2264.651384277347,526.9505985030205,195.23284644529275,229.93008156567868,5,0.9877610311937866,0.002706194606010374,8.302563468201543,21.189791360097413
2042,20139,Corn,20890964.22588984,2089.096422588984,9.4988079569725965,all_cult,Corn,NA,NA,250,522274.10564724595,2488.9629345703156,773.3127354954363,296.1852865125963,331.00091720280307,5,1.0035756753762846,0.0027495223982911903,9.196058257638615,21.68107082419202
2042,20139,Developed,11858545.489950646,1185.8545489950645,5.391902692479325,developed,NA,NA,NA,NA,NA,NA,NA,NA,NA,NA,1.0035756753762846,0.0027495223982911903,9.196058257638615,21.68107082419202
2042,20139,Double Crop,1849135.1156913848,184.91351156913848,0.8407739901578724,all_cult,NA,NA,NA,NA,NA,NA,NA,NA,NA,NA,1.0035756753762846,0.0027495223982911903,9.196058257638615,21.68107082419202
2042,20139,Grass/Pasture/Shrubland,108139234.26990536,10813.923426990536,49.1692871538651,grassPastureHay,NA,NA,NA,NA,NA,NA,NA,NA,NA,NA,1.0035756753762846,0.0027495223982911903,9.196058257638615,21.68107082419202
2042,20139,Other Crops,6302951.103083336,630.2951103083336,2.86585728849129,all_cult,NA,NA,NA,NA,NA,NA,NA,NA,NA,NA,1.0035756753762846,0.0027495223982911903,9.196058257638615,21.68107082419202
2042,20139,Sorghum,252758.48461129973,25.27584846112997,0.11492549021948671,all_cult,Sorghum,NA,NA,112,2830.8950276465566,2488.9629345703156,773.3127354954363,296.1852865125963,331.00091720280307,5,1.0035756753762846,0.0027495223982911903,9.196058257638615,21.68107082419202
2042,20139,Soybeans,28064514.38751116,2806.4514387511163,12.76051357372463,all_cult,Soybeans,NA,NA,56,157161.28057006252,2488.9629345703156,773.3127354954363,296.1852865125963,331.00091720280307,5,1.0035756753762846,0.0027495223982911903,9.196058257638615,21.68107082419202
2042,20139,Wheat,1738320.944623076,173.8320944623076,0.7903884493801757,all_cult,Wheat,NA,NA,89,15471.056407145375,2368.0357531738314,552.6685517557258,170.60188050356012,214.8835943417494,5,1.0035756753762846,0.0027495223982911903,9.196058257638615,21.68107082419202
2042,20149,Corn,136791901.8519852,13679.190185198519,7.982141503627487,all_cult,Corn,0.1326174661314905,62.44444444444444,250,3419797.54629963,2459.307790527347,755.2105373163506,312.3286780229304,324.87643948099225,5,0.9623022032439281,0.0026364443924491183,8.655138290614321,21.688809697399424
2042,20149,Developed,87781477.02653997,8778.147702653996,5.122263537072818,developed,NA,NA,NA,NA,NA,NA,NA,NA,NA,NA,0.9623022032439281,0.0026364443924491183,8.655138290614321,21.688809697399424
2042,20149,Double Crop,1803166.4492782145,180.31664492782144,0.1052191654466961,all_cult,NA,NA,NA,NA,NA,NA,NA,NA,NA,NA,0.9623022032439281,0.0026364443924491183,8.655138290614321,21.688809697399424
2042,20149,Grass/Pasture/Shrubland,1058221194.9777538,105822.11949777538,61.749790785057485,grassPastureHay,NA,NA,NA,NA,NA,NA,NA,NA,NA,NA,0.9623022032439281,0.0026364443924491183,8.655138290614321,21.688809697399424
2042,20149,Other Crops,34485813.7618199,3448.58137618199,2.012331443512244,all_cult,NA,NA,NA,NA,NA,NA,NA,NA,NA,NA,0.9623022032439281,0.0026364443924491183,8.655138290614321,21.688809697399424
2042,20149,Sorghum,5647082.09049503,564.708209049503,0.3295210295248753,all_cult,Sorghum,NA,NA,112,63247.319413544334,2459.307790527347,755.2105373163506,312.3286780229304,324.87643948099225,5,0.9623022032439281,0.0026364443924491183,8.655138290614321,21.688809697399424
2042,20149,Soybeans,153915907.33370754,15391.590733370755,8.98136903839706,all_cult,Soybeans,0.11392545848870632,51.611111111111114,56,861929.0810687622,2459.307790527347,755.2105373163506,312.3286780229304,324.87643948099225,5,0.9623022032439281,0.0026364443924491183,8.655138290614321,21.688809697399424
2042,20149,Wheat,13424373.002870617,1342.4373002870618,0.7833449455387832,all_cult,Wheat,NA,NA,89,119476.9197255485,2330.299421386722,520.3650004689429,192.02880624817232,225.61085476829027,5,0.9623022032439281,0.0026364443924491183,8.655138290614321,21.688809697399424
2042,20161,Corn,29887562.457934357,2988.756245793436,3.7374801575206362,all_cult,Corn,0.14127372152863188,12.444444444444445,250,747189.0614483589,2472.910821533206,721.624495525183,303.34203166865257,310.7423302893074,5,0.9184548785287295,0.0025163147356951493,8.739945452964491,21.893325730415263
2042,20161,Developed,93189704.06140432,9318.970406140432,11.653498685445852,developed,NA,NA,NA,NA,NA,NA,NA,NA,NA,NA,0.9184548785287295,0.0025163147356951493,8.739945452964491,21.893325730415263
2042,20161,Double Crop,2321662.5391971655,232.16625391971652,0.2903270443991936,all_cult,NA,NA,NA,NA,NA,NA,NA,NA,NA,NA,0.9184548785287295,0.0025163147356951493,8.739945452964491,21.893325730415263
2042,20161,Grass/Pasture/Shrubland,421935273.9416269,42193.527394162695,52.76357736882686,grassPastureHay,NA,NA,NA,NA,NA,NA,NA,NA,NA,NA,0.9184548785287295,0.0025163147356951493,8.739945452964491,21.893325730415263
2042,20161,Other Crops,10313350.483787943,1031.3350483787942,1.2896984437913022,all_cult,NA,NA,NA,NA,NA,NA,NA,NA,NA,NA,0.9184548785287295,0.0025163147356951493,8.739945452964491,21.893325730415263
2042,20161,Sorghum,8046145.345421317,804.6145345421318,1.0061813711092988,all_cult,Sorghum,NA,NA,112,90116.82786871876,2472.910821533206,721.624495525183,303.34203166865257,310.7423302893074,5,0.9184548785287295,0.0025163147356951493,8.739945452964491,21.893325730415263
2042,20161,Soybeans,56043067.26954317,5604.306726954317,7.008261452613234,all_cult,Soybeans,0.12420661341954765,10.38888888888889,56,313841.17670944176,2472.910821533206,721.624495525183,303.34203166865257,310.7423302893074,5,0.9184548785287295,0.0025163147356951493,8.739945452964491,21.893325730415263
2042,20161,Wheat,14763447.35949416,1476.3447359494162,1.8461890841841313,all_cult,Wheat,NA,NA,89,131394.68149949805,2348.2547540283235,495.449694308386,189.8422629843588,204.97706589491312,5,0.9184548785287295,0.0025163147356951493,8.739945452964491,21.893325730415263
2042,20177,Corn,132475537.80653152,13247.553780653152,9.091050553311547,all_cult,Corn,0.12030458771317423,83,250,3311888.445163288,2492.459789428714,778.1910028665689,303.827933344353,332.47462456150714,5,1.002113919038207,0.0027455175864060464,9.17971047597391,21.68340868806188
2042,20177,Developed,255013934.0237044,25501.393402370442,17.50017100813045,developed,NA,NA,NA,NA,NA,NA,NA,NA,NA,NA,1.002113919038207,0.0027455175864060464,9.17971047597391,21.68340868806188
2042,20177,Double Crop,2797246.7569815805,279.7246756981581,0.19195930130847558,all_cult,NA,NA,NA,NA,NA,NA,NA,NA,NA,NA,1.002113919038207,0.0027455175864060464,9.17971047597391,21.68340868806188
2042,20177,Grass/Pasture/Shrubland,626083355.6398722,62608.33556398722,42.96457693964075,grassPastureHay,NA,NA,NA,NA,NA,NA,NA,NA,NA,NA,1.002113919038207,0.0027455175864060464,9.17971047597391,21.68340868806188
2042,20177,Other Crops,33361526.081880283,3336.1526081880284,2.289413767762353,all_cult,NA,NA,NA,NA,NA,NA,NA,NA,NA,NA,1.002113919038207,0.0027455175864060464,9.17971047597391,21.68340868806188
2042,20177,Sorghum,2303954.5452317544,230.39545452317543,0.15810743319134585,all_cult,Sorghum,NA,NA,112,25804.29090659565,2492.459789428714,778.1910028665689,303.827933344353,332.47462456150714,5,1.002113919038207,0.0027455175864060464,9.17971047597391,21.68340868806188
2042,20177,Soybeans,145627766.023613,14562.7766023613,9.993613951731533,all_cult,Soybeans,0.09768281806034469,42.833333333333336,56,815515.4897322329,2492.459789428714,778.1910028665689,303.827933344353,332.47462456150714,5,1.002113919038207,0.0027455175864060464,9.17971047597391,21.68340868806188
2042,20177,Wheat,9565647.685078032,956.5647685078033,0.656436562704971,all_cult,Wheat,NA,NA,89,85134.26439719449,2369.2681524658233,540.1837028375934,178.72940501579197,215.1337094593053,5,1.002113919038207,0.0027455175864060464,9.17971047597391,21.68340868806188
2042,20197,Corn,69733578.79693311,6973.357879693312,4.536852294529976,all_cult,Corn,0.14186117514330646,28.666666666666668,250,1743339.469923328,2471.7895043945346,754.5017573818533,300.4428334697782,310.48824048806716,5,0.9653064831364395,0.002644675296264218,8.858770317182172,21.741171440229046
2042,20197,Developed,54289406.85937861,5428.940685937861,3.5320576446519008,developed,NA,NA,NA,NA,NA,NA,NA,NA,NA,NA,0.9653064831364395,0.002644675296264218,8.858770317182172,21.741171440229046
2042,20197,Double Crop,1125869.9276987636,112.58699276987635,0.07324886594013556,all_cult,NA,NA,NA,NA,NA,NA,NA,NA,NA,NA,0.9653064831364395,0.002644675296264218,8.858770317182172,21.741171440229046
2042,20197,Grass/Pasture/Shrubland,1169502873.1037595,116950.28731037596,76.08761639426346,grassPastureHay,NA,NA,NA,NA,NA,NA,NA,NA,NA,NA,0.9653064831364395,0.002644675296264218,8.858770317182172,21.741171440229046
2042,20197,Other Crops,29094649.42529061,2909.464942529061,1.8928919077573607,all_cult,NA,NA,NA,NA,NA,NA,NA,NA,NA,NA,0.9653064831364395,0.002644675296264218,8.858770317182172,21.741171440229046
2042,20197,Sorghum,3287931.385599168,328.7931385599168,0.21391213972326276,all_cult,Sorghum,NA,NA,112,36824.831518710685,2471.7895043945346,754.5017573818533,300.4428334697782,310.48824048806716,5,0.9653064831364395,0.002644675296264218,8.858770317182172,21.741171440229046
2042,20197,Soybeans,83491332.16381498,8349.133216381497,5.431928899043218,all_cult,Soybeans,0.12942046457519057,22.77777777777778,56,467551.46011736384,2471.7895043945346,754.5017573818533,300.4428334697782,310.48824048806716,5,0.9653064831364395,0.002644675296264218,8.858770317182172,21.741171440229046
2042,20197,Wheat,7530280.724868099,753.02807248681,0.4899185152185996,all_cult,Wheat,NA,NA,89,67019.49845132609,2345.8057244873075,528.4502604969248,180.72106350053625,218.05307067247745,5,0.9653064831364395,0.002644675296264218,8.858770317182172,21.741171440229046
2042,20209,Corn,2798441.748604609,279.8441748604609,1.0907251789658858,all_cult,Corn,NA,NA,250,69961.04371511523,2542.403713989261,816.3653705944648,295.48692336130665,411.68529497645653,5,1.059480290383996,0.002902685727079441,9.917673306399852,21.43800721050944
2042,20209,Developed,144515431.86680782,14451.543186680783,56.32656829996687,developed,NA,NA,NA,NA,NA,NA,NA,NA,NA,NA,1.059480290383996,0.002902685727079441,9.917673306399852,21.43800721050944
2042,20209,Double Crop,152719.71803613545,15.271971803613546,0.05952428413764306,all_cult,NA,NA,NA,NA,NA,NA,NA,NA,NA,NA,1.059480290383996,0.002902685727079441,9.917673306399852,21.43800721050944
2042,20209,Grass/Pasture/Shrubland,41083799.11850462,4108.379911850462,16.01288794682744,grassPastureHay,NA,NA,NA,NA,NA,NA,NA,NA,NA,NA,1.059480290383996,0.002902685727079441,9.917673306399852,21.43800721050944
2042,20209,Other Crops,1959154.8527385148,195.91548527385146,0.7636033619211925,all_cult,NA,NA,NA,NA,NA,NA,NA,NA,NA,NA,1.059480290383996,0.002902685727079441,9.917673306399852,21.43800721050944
2042,20209,Sorghum,54127.80426680527,5.412780426680527,0.02109694047602745,all_cult,Sorghum,NA,NA,112,606.231407788219,2542.403713989261,816.3653705944648,295.48692336130665,411.68529497645653,5,1.059480290383996,0.002902685727079441,9.917673306399852,21.43800721050944
2042,20209,Soybeans,8244134.676247953,824.4134676247953,3.213247256139296,all_cult,Soybeans,0.14562756367793683,4.75,56,46167.15418698854,2542.403713989261,816.3653705944648,295.48692336130665,411.68529497645653,5,1.059480290383996,0.002902685727079441,9.917673306399852,21.43800721050944
2042,20209,Wheat,234900.57353758038,23.49005735375804,0.09155522720411169,all_cult,Wheat,NA,NA,89,2090.6151044844655,2390.4457513427765,546.1968339387474,159.69998149432996,214.76037250981625,5,1.059480290383996,0.002902685727079441,9.917673306399852,21.43800721050944
2043,20005,Corn,172734778.84431297,17273.477884431297,23.078910848652363,all_cult,Corn,0.10724545034749912,6.181818181818182,250,4318369.471107824,2529.726833496097,663.5942334394651,61.59743807751591,90.79827880609626,5,0.8902542544685125,0.002439052751968527,8.918736856538978,21.149525179928318
2043,20005,Developed,36578638.84791646,3657.863884791646,4.88723319405755,developed,NA,NA,NA,NA,NA,NA,NA,NA,NA,NA,0.8902542544685125,0.002439052751968527,8.918736856538978,21.149525179928318
2043,20005,Double Crop,1451158.554832854,145.11585548328543,0.1938877575107932,all_cult,NA,NA,NA,NA,NA,NA,NA,NA,NA,NA,0.8902542544685125,0.002439052751968527,8.918736856538978,21.149525179928318
2043,20005,Grass/Pasture/Shrubland,215288406.86893737,21528.840686893738,28.764456018176027,grassPastureHay,NA,NA,NA,NA,NA,NA,NA,NA,NA,NA,0.8902542544685125,0.002439052751968527,8.918736856538978,21.149525179928318
2043,20005,Other Crops,29204979.705745928,2920.4979705745927,3.902046405912905,all_cult,NA,NA,NA,NA,NA,NA,NA,NA,NA,NA,0.8902542544685125,0.002439052751968527,8.918736856538978,21.149525179928318
2043,20005,Sorghum,732239.3724075308,73.22393724075309,0.09783372699309156,all_cult,Sorghum,NA,NA,112,8201.080970964345,2529.726833496097,663.5942334394651,61.59743807751591,90.79827880609626,5,0.8902542544685125,0.002439052751968527,8.918736856538978,21.149525179928318
2043,20005,Soybeans,181600576.65296197,18160.057665296197,24.263460703620524,all_cult,Soybeans,0.07483265359624193,5,56,1016963.2292565871,2529.726833496097,663.5942334394651,61.59743807751591,90.79827880609626,5,0.8902542544685125,0.002439052751968527,8.918736856538978,21.149525179928318
2043,20005,Wheat,5908069.702597459,590.8069702597459,0.7893709354082403,all_cult,Wheat,NA,NA,89,52581.82035311738,2282.692905883792,507.9237772317696,85.71433473885416,94.28953458518713,5,0.8902542544685125,0.002439052751968527,8.918736856538978,21.149525179928318
2043,20013,Corn,113276297.82191704,11327.629782191703,25.36090350021212,all_cult,Corn,0.12646432205391206,17.5625,250,2831907.445547926,2492.4044482421905,644.1304333013619,65.13870519804446,83.92905005732631,5,0.8622072302507737,0.002362211589728147,8.412431682429924,21.07948160249895
2043,20013,Developed,24170977.38782201,2417.0977387822013,5.411527714315524,developed,NA,NA,NA,NA,NA,NA,NA,NA,NA,NA,0.8622072302507737,0.002362211589728147,8.412431682429924,21.07948160249895
2043,20013,Double Crop,542048.8992527233,54.20488992527234,0.12135680712267008,all_cult,NA,NA,NA,NA,NA,NA,NA,NA,NA,NA,0.8622072302507737,0.002362211589728147,8.412431682429924,21.07948160249895
2043,20013,Grass/Pasture/Shrubland,122499833.68113159,12249.983368113159,27.425918047421547,grassPastureHay,NA,NA,NA,NA,NA,NA,NA,NA,NA,NA,0.8622072302507737,0.002362211589728147,8.412431682429924,21.07948160249895
2043,20013,Other Crops,13090232.71280689,1309.023271280689,2.9307113227404837,all_cult,NA,NA,NA,NA,NA,NA,NA,NA,NA,NA,0.8622072302507737,0.002362211589728147,8.412431682429924,21.07948160249895
2043,20013,Sorghum,333636.9508835004,33.363695088350035,0.07469642527304013,all_cult,Sorghum,NA,NA,112,3736.733849895204,2492.4044482421905,644.1304333013619,65.13870519804446,83.92905005732631,5,0.8622072302507737,0.002362211589728147,8.412431682429924,21.07948160249895
2043,20013,Soybeans,123405327.24801578,12340.532724801578,27.62864479089188,all_cult,Soybeans,0.10147480973744562,10.461538461538462,56,691069.8325888884,2492.4044482421905,644.1304333013619,65.13870519804446,83.92905005732631,5,0.8622072302507737,0.002362211589728147,8.412431682429924,21.07948160249895
2043,20013,Wheat,3906288.4515680084,390.6288451568008,0.8745607542714157,all_cult,Wheat,NA,NA,89,34765.96721895527,2240.4778369140654,491.8765645467149,76.59925594078163,95.89231802135087,5,0.8622072302507737,0.002362211589728147,8.412431682429924,21.07948160249895
2043,20045,Corn,74392843.99321488,7439.284399321487,7.631923083362056,all_cult,Corn,0.1459526935617447,11,250,1859821.0998303718,2575.540797119144,651.7423432806511,61.49113788123957,119.35197464811304,5,0.8849378108185291,0.002424487152927477,9.598476144451007,21.440549583957644
2043,20045,Developed,130402436.2681122,13040.24362681122,13.37791795635647,developed,NA,NA,NA,NA,NA,NA,NA,NA,NA,NA,0.8849378108185291,0.002424487152927477,9.598476144451007,21.440549583957644
2043,20045,Double Crop,4220114.888463862,422.01148884638627,0.4329393864098648,all_cult,NA,NA,NA,NA,NA,NA,NA,NA,NA,NA,0.8849378108185291,0.002424487152927477,9.598476144451007,21.440549583957644
2043,20045,Grass/Pasture/Shrubland,354830010.0217444,35483.00100217444,36.40182575089523,grassPastureHay,NA,NA,NA,NA,NA,NA,NA,NA,NA,NA,0.8849378108185291,0.002424487152927477,9.598476144451007,21.440549583957644
2043,20045,Other Crops,37964614.628596716,3796.4614628596714,3.8947700233285687,all_cult,NA,NA,NA,NA,NA,NA,NA,NA,NA,NA,0.8849378108185291,0.002424487152927477,9.598476144451007,21.440549583957644
2043,20045,Sorghum,671055.755263424,67.1055755263424,0.06884326010288025,all_cult,Sorghum,NA,NA,112,7515.824458950349,2575.540797119144,651.7423432806511,61.49113788123957,119.35197464811304,5,0.8849378108185291,0.002424487152927477,9.598476144451007,21.440549583957644
2043,20045,Soybeans,100028766.3995359,10002.876639953589,10.261898998705805,all_cult,Soybeans,0.11420951862362651,8.5,56,560161.091837401,2575.540797119144,651.7423432806511,61.49113788123957,119.35197464811304,5,0.8849378108185291,0.002424487152927477,9.598476144451007,21.440549583957644
2043,20045,Wheat,7085783.937909698,708.5783937909698,0.7269268802840957,all_cult,Wheat,NA,NA,89,63063.477047396314,2349.436126708987,517.7850454819961,113.66396076134716,109.30009009468428,5,0.8849378108185291,0.002424487152927477,9.598476144451007,21.440549583957644
2043,20061,Corn,31722102.062803604,3172.21020628036,4.044269831598419,all_cult,Corn,0.16936452361704205,12.944444444444445,250,793052.55157009,2519.930417480472,578.6809910204182,61.675212851048656,143.84328070082626,5,0.7974638690229352,0.0021848325178710553,8.731329696864321,21.562281092813592
2043,20061,Developed,61171563.9285717,6117.15639285717,7.798799400437711,developed,NA,NA,NA,NA,NA,NA,NA,NA,NA,NA,0.7974638690229352,0.0021848325178710553,8.731329696864321,21.562281092813592
2043,20061,Double Crop,5604030.762346523,560.4030762346523,0.7144612454318694,all_cult,NA,NA,NA,NA,NA,NA,NA,NA,NA,NA,0.7974638690229352,0.0021848325178710553,8.731329696864321,21.562281092813592
2043,20061,Grass/Pasture/Shrubland,476190220.2809351,47619.02202809351,60.70977699307564,grassPastureHay,NA,NA,NA,NA,NA,NA,NA,NA,NA,NA,0.7974638690229352,0.0021848325178710553,8.731329696864321,21.562281092813592
2043,20061,Other Crops,18227803.79878525,1822.7803798785249,2.323873646638379,all_cult,NA,NA,NA,NA,NA,NA,NA,NA,NA,NA,0.7974638690229352,0.0021848325178710553,8.731329696864321,21.562281092813592
2043,20061,Sorghum,5491901.736070833,549.1901736070832,0.7001658485721192,all_cult,Sorghum,NA,NA,112,61509.299443993325,2519.930417480472,578.6809910204182,61.675212851048656,143.84328070082626,5,0.7974638690229352,0.0021848325178710553,8.731329696864321,21.562281092813592
2043,20061,Soybeans,39491221.54782481,3949.1221547824807,5.03475953777074,all_cult,Soybeans,0.12217913528938978,7.666666666666667,56,221150.8406678189,2519.930417480472,578.6809910204182,61.675212851048656,143.84328070082626,5,0.7974638690229352,0.0021848325178710553,8.731329696864321,21.562281092813592
2043,20061,Wheat,15495075.277191846,1549.5075277191845,1.9754764472362665,all_cult,Wheat,NA,NA,89,137906.16996700742,2282.8458300781276,484.9789868922072,112.73395472368568,132.21517576635117,5,0.7974638690229352,0.0021848325178710553,8.731329696864321,21.562281092813592
2043,20085,Corn,134933024.35661882,13493.30243566188,7.9306511901880965,all_cult,Corn,NA,NA,250,3373325.60891547,2507.9289440918,642.7549892310891,62.7455587081556,96.51589635014584,5,0.8669596592664611,0.002375231943195784,8.643224612719415,21.285195613495315
2043,20085,Developed,75618361.35140783,7561.836135140783,4.444448275810096,developed,NA,NA,NA,NA,NA,NA,NA,NA,NA,NA,0.8669596592664611,0.002375231943195784,8.643224612719415,21.285195613495315
2043,20085,Double Crop,1864792.83802623,186.479283802623,0.10960268333762817,all_cult,NA,NA,NA,NA,NA,NA,NA,NA,NA,NA,0.8669596592664611,0.002375231943195784,8.643224612719415,21.285195613495315
2043,20085,Grass/Pasture/Shrubland,941187748.5802637,94118.77485802637,55.31804963283908,grassPastureHay,NA,NA,NA,NA,NA,NA,NA,NA,NA,NA,0.8669596592664611,0.002375231943195784,8.643224612719415,21.285195613495315
2043,20085,Other Crops,98052397.627671,9805.2397627671,5.7630025537076115,all_cult,NA,NA,NA,NA,NA,NA,NA,NA,NA,NA,0.8669596592664611,0.002375231943195784,8.643224612719415,21.285195613495315
2043,20085,Sorghum,4069081.398774073,406.9081398774073,0.23915913388905596,all_cult,Sorghum,NA,NA,112,45573.71166626961,2507.9289440918,642.7549892310891,62.7455587081556,96.51589635014584,5,0.8669596592664611,0.002375231943195784,8.643224612719415,21.285195613495315
2043,20085,Soybeans,170772946.2930534,17077.29462930534,10.037132690300496,all_cult,Soybeans,NA,NA,56,956328.499241099,2507.9289440918,642.7549892310891,62.7455587081556,96.51589635014584,5,0.8669596592664611,0.002375231943195784,8.643224612719415,21.285195613495315
2043,20085,Wheat,13725583.902961861,1372.5583902961862,0.8067173980208171,all_cult,Wheat,NA,NA,89,122157.69673636057,2271.772817993167,503.1237666129295,91.46820477973309,111.42732524820867,5,0.8669596592664611,0.002375231943195784,8.643224612719415,21.285195613495315
2043,20087,Corn,155094058.297135,15509.4058297135,10.788896738521789,all_cult,Corn,0.13078338055311117,25.77777777777778,250,3877351.457428375,2540.906470336917,670.5027985623897,59.169726830108864,114.63139130108848,5,0.9030648666699425,0.002474150319643678,9.204331171741247,21.238113411681315
2043,20087,Developed,83037617.78054704,8303.761778054704,5.7763933285619125,developed,NA,NA,NA,NA,NA,NA,NA,NA,NA,NA,0.9030648666699425,0.002474150319643678,9.204331171741247,21.238113411681315
2043,20087,Double Crop,3214015.8179615135,321.4015817961514,0.2235784217441099,all_cult,NA,NA,NA,NA,NA,NA,NA,NA,NA,NA,0.9030648666699425,0.002474150319643678,9.204331171741247,21.238113411681315
2043,20087,Grass/Pasture/Shrubland,533878677.1787268,53387.86771787268,37.138507962340775,grassPastureHay,NA,NA,NA,NA,NA,NA,NA,NA,NA,NA,0.9030648666699425,0.002474150319643678,9.204331171741247,21.238113411681315
2043,20087,Other Crops,67978226.39294052,6797.822639294052,4.728808266891807,all_cult,NA,NA,NA,NA,NA,NA,NA,NA,NA,NA,0.9030648666699425,0.002474150319643678,9.204331171741247,21.238113411681315
2043,20087,Sorghum,2078940.1655916602,207.89401655916603,0.1446185045281528,all_cult,Sorghum,NA,NA,112,23284.129854626597,2540.906470336917,670.5027985623897,59.169726830108864,114.63139130108848,5,0.9030648666699425,0.002474150319643678,9.204331171741247,21.238113411681315
2043,20087,Soybeans,173639107.61438552,17363.91076143855,12.078956617613274,all_cult,Soybeans,0.09985991575255485,13.833333333333334,56,972379.0026405589,2540.906470336917,670.5027985623897,59.169726830108864,114.63139130108848,5,0.9030648666699425,0.002474150319643678,9.204331171741247,21.238113411681315
2043,20087,Wheat,7377427.0278590415,737.7427027859042,0.5132001784817648,all_cult,Wheat,NA,NA,89,65659.10054794548,2310.2386895751984,522.6942126353215,98.3482488979292,106.47103579245984,5,0.9030648666699425,0.002474150319643678,9.204331171741247,21.238113411681315
2043,20091,Corn,20137063.169311535,2013.7063169311532,3.334881975218613,all_cult,Corn,0.14955141172933145,4,250,503426.5792327883,2586.454476928714,683.142805101102,64.7474454718449,125.88744763377082,5,0.9335348480438269,0.002557629720668019,9.84100932082087,21.317426473539193
2043,20091,Developed,271607528.4848879,27160.752848488788,44.98069273866694,developed,NA,NA,NA,NA,NA,NA,NA,NA,NA,NA,0.9335348480438269,0.002557629720668019,9.84100932082087,21.317426473539193
2043,20091,Double Crop,2013905.6882216034,201.39056882216036,0.3335212152324038,all_cult,NA,NA,NA,NA,NA,NA,NA,NA,NA,NA,0.9335348480438269,0.002557629720668019,9.84100932082087,21.317426473539193
2043,20091,Grass/Pasture/Shrubland,139667491.4795437,13966.749147954368,23.130214964462166,grassPastureHay,NA,NA,NA,NA,NA,NA,NA,NA,NA,NA,0.9335348480438269,0.002557629720668019,9.84100932082087,21.317426473539193
2043,20091,Other Crops,14581458.923742233,1458.1458923742232,2.4148230617504245,all_cult,NA,NA,NA,NA,NA,NA,NA,NA,NA,NA,0.9335348480438269,0.002557629720668019,9.84100932082087,21.317426473539193
2043,20091,Sorghum,265245.84730308503,26.524584730308504,0.043927140106542625,all_cult,Sorghum,NA,NA,112,2970.7534897945525,2586.454476928714,683.142805101102,64.7474454718449,125.88744763377082,5,0.9335348480438269,0.002557629720668019,9.84100932082087,21.317426473539193
2043,20091,Soybeans,40506888.73460731,4050.688873460731,6.708311533684595,all_cult,Soybeans,NA,NA,56,226838.57691380093,2586.454476928714,683.142805101102,64.7474454718449,125.88744763377082,5,0.9335348480438269,0.002557629720668019,9.84100932082087,21.317426473539193
2043,20091,Wheat,3047090.5931461067,304.70905931461067,0.5046260922212007,all_cult,Wheat,NA,NA,89,27119.10627900035,2362.0558325195343,537.8731570115842,113.93497770872692,119.56382385077356,5,0.9335348480438269,0.002557629720668019,9.84100932082087,21.317426473539193
2043,20103,Corn,55676654.53817842,5567.665453817842,6.162232243462533,all_cult,Corn,0.09926099891867379,4.75,250,1391916.3634544604,2572.3194989013705,681.9095178624146,60.9643856731769,114.82268572832012,5,0.9203169812763762,0.002521416387058565,9.543411915400279,21.323393287136152
2043,20103,Developed,66222526.18511143,6622.252618511144,7.329437975150055,developed,NA,NA,NA,NA,NA,NA,NA,NA,NA,NA,0.9203169812763762,0.002521416387058565,9.543411915400279,21.323393287136152
2043,20103,Double Crop,2239300.7972116056,223.93007972116058,0.2478434038440015,all_cult,NA,NA,NA,NA,NA,NA,NA,NA,NA,NA,0.9203169812763762,0.002521416387058565,9.543411915400279,21.323393287136152
2043,20103,Grass/Pasture/Shrubland,361083573.13099504,36108.3573130995,39.96434152498699,grassPastureHay,NA,NA,NA,NA,NA,NA,NA,NA,NA,NA,0.9203169812763762,0.002521416387058565,9.543411915400279,21.323393287136152
2043,20103,Other Crops,54377617.6404599,5437.76176404599,6.018456236750789,all_cult,NA,NA,NA,NA,NA,NA,NA,NA,NA,NA,0.9203169812763762,0.002521416387058565,9.543411915400279,21.323393287136152
2043,20103,Sorghum,567901.3203360821,56.79013203360822,0.06285470735100035,all_cult,Sorghum,NA,NA,112,6360.494787764121,2572.3194989013705,681.9095178624146,60.9643856731769,114.82268572832012,5,0.9203169812763762,0.002521416387058565,9.543411915400279,21.323393287136152
2043,20103,Soybeans,101039226.18326606,10103.922618326606,11.18291288522158,all_cult,Soybeans,0.11410095968932568,4.571428571428571,56,565819.66662629,2572.3194989013705,681.9095178624146,60.9643856731769,114.82268572832012,5,0.9203169812763762,0.002521416387058565,9.543411915400279,21.323393287136152
2043,20103,Wheat,4817340.8524583215,481.7340852458321,0.5331781044497215,all_cult,Wheat,NA,NA,89,42874.33358687905,2339.382542114261,526.5925058198081,102.70193865214104,99.90930899629824,5,0.9203169812763762,0.002521416387058565,9.543411915400279,21.323393287136152
2043,20117,Corn,1797933.5665907045,179.79335665907044,8.787790125047634,all_cult,Corn,0.16261062771687598,15.722222222222221,250,44948.33916476761,2459.0271575927763,598.1830458791447,62.04986375085467,116.85335119859668,5,0.8060757721412544,0.0022084267729897376,8.161754100224766,20.9183159480683
2043,20117,Developed,709093.4285035765,70.90934285035766,3.465847873654197,developed,NA,NA,NA,NA,NA,NA,NA,NA,NA,NA,0.8060757721412544,0.0022084267729897376,8.161754100224766,20.9183159480683
2043,20117,Double Crop,17005.082052877187,1.700508205287719,0.08311602548433755,all_cult,NA,NA,NA,NA,NA,NA,NA,NA,NA,NA,0.8060757721412544,0.0022084267729897376,8.161754100224766,20.9183159480683
2043,20117,Grass/Pasture/Shrubland,13608757.209524421,1360.8757209524422,66.51575143947134,grassPastureHay,NA,NA,NA,NA,NA,NA,NA,NA,NA,NA,0.8060757721412544,0.0022084267729897376,8.161754100224766,20.9183159480683
2043,20117,Other Crops,368569.7378671669,36.856973786716694,1.801464505144208,all_cult,NA,NA,NA,NA,NA,NA,NA,NA,NA,NA,0.8060757721412544,0.0022084267729897376,8.161754100224766,20.9183159480683
2043,20117,Sorghum,113210.96189225193,11.321096189225193,0.5533431220433721,all_cult,Sorghum,NA,NA,112,1267.9627731932217,2459.0271575927763,598.1830458791447,62.04986375085467,116.85335119859668,5,0.8060757721412544,0.0022084267729897376,8.161754100224766,20.9183159480683
2043,20117,Soybeans,2250086.8872694396,225.00868872694397,10.99778751332857,all_cult,Soybeans,0.12228514283699721,8.25,56,12600.486568708862,2459.0271575927763,598.1830458791447,62.04986375085467,116.85335119859668,5,0.8060757721412544,0.0022084267729897376,8.161754100224766,20.9183159480683
2043,20117,Wheat,234744.84118524572,23.474484118524572,1.1473663074132867,all_cult,Wheat,NA,NA,89,2089.229086548687,2210.434525756839,475.340672640576,83.43108554312353,118.2102491982637,5,0.8060757721412544,0.0022084267729897376,8.161754100224766,20.9183159480683
2043,20127,Corn,10941387.892613748,1094.1387892613748,4.064821675495574,all_cult,Corn,NA,NA,250,273534.6973153437,2521.307343750003,573.8006073547249,63.78546527164462,152.24287852632975,5,0.8007116255781217,0.0021937304810359503,8.763622369635618,21.576302406624595
2043,20127,Developed,12128694.282144045,1212.8694282144045,4.50591642462472,developed,NA,NA,NA,NA,NA,NA,NA,NA,NA,NA,0.8007116255781217,0.0021937304810359503,8.763622369635618,21.576302406624595
2043,20127,Double Crop,4499199.088895911,449.9199088895911,1.671491967784096,all_cult,NA,NA,NA,NA,NA,NA,NA,NA,NA,NA,0.8007116255781217,0.0021937304810359503,8.763622369635618,21.576302406624595
2043,20127,Grass/Pasture/Shrubland,158101691.18434784,15810.169118434784,58.73616652348874,grassPastureHay,NA,NA,NA,NA,NA,NA,NA,NA,NA,NA,0.8007116255781217,0.0021937304810359503,8.763622369635618,21.576302406624595
2043,20127,Other Crops,10981377.128665583,1098.1377128665583,4.079678027823576,all_cult,NA,NA,NA,NA,NA,NA,NA,NA,NA,NA,0.8007116255781217,0.0021937304810359503,8.763622369635618,21.576302406624595
2043,20127,Sorghum,7272388.587591114,727.2388587591115,2.701756217181813,all_cult,Sorghum,NA,NA,112,81450.75218102049,2521.307343750003,573.8006073547249,63.78546527164462,152.24287852632975,5,0.8007116255781217,0.0021937304810359503,8.763622369635618,21.576302406624595
2043,20127,Soybeans,28686301.015498407,2868.6301015498407,10.657212713965244,all_cult,Soybeans,0.11686486262093489,4,56,160643.2856867911,2521.307343750003,573.8006073547249,63.78546527164462,152.24287852632975,5,0.8007116255781217,0.0021937304810359503,8.763622369635618,21.576302406624595
2043,20127,Wheat,20934850.636842933,2093.485063684293,7.777480834890052,all_cult,Wheat,NA,NA,89,186320.17066790207,2287.604670410159,496.44715463605786,121.21078282062828,152.40099957617764,5,0.8007116255781217,0.0021937304810359503,8.763622369635618,21.576302406624595
2043,20131,Corn,124792211.963085,12479.2211963085,16.444051346315263,all_cult,Corn,0.12528513936677563,9.454545454545455,250,3119805.299077125,2458.7741229248077,623.3829726502382,65.12940042603972,97.23550933213086,5,0.8368473183566112,0.0022927323790592085,8.17418748829465,20.86358199446171
2043,20131,Developed,34827921.40223819,3482.792140223819,4.589325878711502,developed,NA,NA,NA,NA,NA,NA,NA,NA,NA,NA,0.8368473183566112,0.0022927323790592085,8.17418748829465,20.86358199446171
2043,20131,Double Crop,1288597.7379512293,128.85977379512295,0.1698003988733199,all_cult,NA,NA,NA,NA,NA,NA,NA,NA,NA,NA,0.8368473183566112,0.0022927323790592085,8.17418748829465,20.86358199446171
2043,20131,Grass/Pasture/Shrubland,328086582.4549448,32808.65824549448,43.232446344665604,grassPastureHay,NA,NA,NA,NA,NA,NA,NA,NA,NA,NA,0.8368473183566112,0.0022927323790592085,8.17418748829465,20.86358199446171
2043,20131,Other Crops,27101730.321978156,2710.1730321978157,3.5712344382550913,all_cult,NA,NA,NA,NA,NA,NA,NA,NA,NA,NA,0.8368473183566112,0.0022927323790592085,8.17418748829465,20.86358199446171
2043,20131,Sorghum,2055671.3741418559,205.5671374141856,0.2708788080264065,all_cult,Sorghum,NA,NA,112,23023.519390388785,2458.7741229248077,623.3829726502382,65.12940042603972,97.23550933213086,5,0.8368473183566112,0.0022927323790592085,8.17418748829465,20.86358199446171
2043,20131,Soybeans,136674912.54505298,13667.491254505298,18.00985209164201,all_cult,Soybeans,0.1067341402930363,5.142857142857143,56,765379.5102522967,2458.7741229248077,623.3829726502382,65.12940042603972,97.23550933213086,5,0.8368473183566112,0.0022927323790592085,8.17418748829465,20.86358199446171
2043,20131,Wheat,9588450.555545796,958.8450555545795,1.2634840811511674,all_cult,Wheat,NA,NA,89,85337.20994435757,2207.5700128173858,485.1898891841745,77.1327014949682,105.34545735670216,5,0.8368473183566112,0.0022927323790592085,8.17418748829465,20.86358199446171
2043,20139,Corn,20890964.22588984,2089.096422588984,9.4988079569725965,all_cult,Corn,NA,NA,250,522274.10564724595,2539.7874792480497,636.1827664552244,60.21744999476204,117.68966078475712,5,0.8677826760817364,0.0023774867837855792,9.176222224823439,21.404480064078577
2043,20139,Developed,11858545.489950646,1185.8545489950645,5.391902692479325,developed,NA,NA,NA,NA,NA,NA,NA,NA,NA,NA,0.8677826760817364,0.0023774867837855792,9.176222224823439,21.404480064078577
2043,20139,Double Crop,1849135.1156913848,184.91351156913848,0.8407739901578724,all_cult,NA,NA,NA,NA,NA,NA,NA,NA,NA,NA,0.8677826760817364,0.0023774867837855792,9.176222224823439,21.404480064078577
2043,20139,Grass/Pasture/Shrubland,108139234.26990536,10813.923426990536,49.1692871538651,grassPastureHay,NA,NA,NA,NA,NA,NA,NA,NA,NA,NA,0.8677826760817364,0.0023774867837855792,9.176222224823439,21.404480064078577
2043,20139,Other Crops,6302951.103083336,630.2951103083336,2.86585728849129,all_cult,NA,NA,NA,NA,NA,NA,NA,NA,NA,NA,0.8677826760817364,0.0023774867837855792,9.176222224823439,21.404480064078577
2043,20139,Sorghum,252758.48461129973,25.27584846112997,0.11492549021948671,all_cult,Sorghum,NA,NA,112,2830.8950276465566,2539.7874792480497,636.1827664552244,60.21744999476204,117.68966078475712,5,0.8677826760817364,0.0023774867837855792,9.176222224823439,21.404480064078577
2043,20139,Soybeans,28064514.38751116,2806.4514387511163,12.76051357372463,all_cult,Soybeans,NA,NA,56,157161.28057006252,2539.7874792480497,636.1827664552244,60.21744999476204,117.68966078475712,5,0.8677826760817364,0.0023774867837855792,9.176222224823439,21.404480064078577
2043,20139,Wheat,1738320.944623076,173.8320944623076,0.7903884493801757,all_cult,Wheat,NA,NA,89,15471.056407145375,2318.8561993408234,511.6582192572247,115.31615013287735,111.38448689343164,5,0.8677826760817364,0.0023774867837855792,9.176222224823439,21.404480064078577
2043,20149,Corn,136791901.8519852,13679.190185198519,7.982141503627487,all_cult,Corn,0.1326174661314905,62.44444444444444,250,3419797.54629963,2506.185488281253,595.5089318104217,61.11655867165422,119.01824375520304,5,0.8061687316596097,0.00220868145660167,8.548052644076435,21.378742993498523
2043,20149,Developed,87781477.02653997,8778.147702653996,5.122263537072818,developed,NA,NA,NA,NA,NA,NA,NA,NA,NA,NA,0.8061687316596097,0.00220868145660167,8.548052644076435,21.378742993498523
2043,20149,Double Crop,1803166.4492782145,180.31664492782144,0.1052191654466961,all_cult,NA,NA,NA,NA,NA,NA,NA,NA,NA,NA,0.8061687316596097,0.00220868145660167,8.548052644076435,21.378742993498523
2043,20149,Grass/Pasture/Shrubland,1058221194.9777538,105822.11949777538,61.749790785057485,grassPastureHay,NA,NA,NA,NA,NA,NA,NA,NA,NA,NA,0.8061687316596097,0.00220868145660167,8.548052644076435,21.378742993498523
2043,20149,Other Crops,34485813.7618199,3448.58137618199,2.012331443512244,all_cult,NA,NA,NA,NA,NA,NA,NA,NA,NA,NA,0.8061687316596097,0.00220868145660167,8.548052644076435,21.378742993498523
2043,20149,Sorghum,5647082.09049503,564.708209049503,0.3295210295248753,all_cult,Sorghum,NA,NA,112,63247.319413544334,2506.185488281253,595.5089318104217,61.11655867165422,119.01824375520304,5,0.8061687316596097,0.00220868145660167,8.548052644076435,21.378742993498523
2043,20149,Soybeans,153915907.33370754,15391.590733370755,8.98136903839706,all_cult,Soybeans,0.11392545848870632,51.611111111111114,56,861929.0810687622,2506.185488281253,595.5089318104217,61.11655867165422,119.01824375520304,5,0.8061687316596097,0.00220868145660167,8.548052644076435,21.378742993498523
2043,20149,Wheat,13424373.002870617,1342.4373002870618,0.7833449455387832,all_cult,Wheat,NA,NA,89,119476.9197255485,2266.565892944339,479.1220683734168,95.80665859386733,118.25897079622392,5,0.8061687316596097,0.00220868145660167,8.548052644076435,21.378742993498523
2043,20161,Corn,29887562.457934357,2988.756245793436,3.7374801575206362,all_cult,Corn,0.14127372152863188,12.444444444444445,250,747189.0614483589,2518.087739868167,569.1192632114156,59.44057441901627,140.103304997344,5,0.7790736081977181,0.002134448241637584,8.616501356151028,21.591726074218773
2043,20161,Developed,93189704.06140432,9318.970406140432,11.653498685445852,developed,NA,NA,NA,NA,NA,NA,NA,NA,NA,NA,0.7790736081977181,0.002134448241637584,8.616501356151028,21.591726074218773
2043,20161,Double Crop,2321662.5391971655,232.16625391971652,0.2903270443991936,all_cult,NA,NA,NA,NA,NA,NA,NA,NA,NA,NA,0.7790736081977181,0.002134448241637584,8.616501356151028,21.591726074218773
2043,20161,Grass/Pasture/Shrubland,421935273.9416269,42193.527394162695,52.76357736882686,grassPastureHay,NA,NA,NA,NA,NA,NA,NA,NA,NA,NA,0.7790736081977181,0.002134448241637584,8.616501356151028,21.591726074218773
2043,20161,Other Crops,10313350.483787943,1031.3350483787942,1.2896984437913022,all_cult,NA,NA,NA,NA,NA,NA,NA,NA,NA,NA,0.7790736081977181,0.002134448241637584,8.616501356151028,21.591726074218773
2043,20161,Sorghum,8046145.345421317,804.6145345421318,1.0061813711092988,all_cult,Sorghum,NA,NA,112,90116.82786871876,2518.087739868167,569.1192632114156,59.44057441901627,140.103304997344,5,0.7790736081977181,0.002134448241637584,8.616501356151028,21.591726074218773
2043,20161,Soybeans,56043067.26954317,5604.306726954317,7.008261452613234,all_cult,Soybeans,0.12420661341954765,10.38888888888889,56,313841.17670944176,2518.087739868167,569.1192632114156,59.44057441901627,140.103304997344,5,0.7790736081977181,0.002134448241637584,8.616501356151028,21.591726074218773
2043,20161,Wheat,14763447.35949416,1476.3447359494162,1.8461890841841313,all_cult,Wheat,NA,NA,89,131394.68149949805,2278.5135174560573,469.9091194567151,106.8142537334764,122.05926101774388,5,0.7790736081977181,0.002134448241637584,8.616501356151028,21.591726074218773
2043,20177,Corn,132475537.80653152,13247.553780653152,9.091050553311547,all_cult,Corn,0.12030458771317423,83,250,3311888.445163288,2541.099487915042,632.7848667583625,59.75068685272985,111.19850254090863,5,0.8633014293994298,0.002365209395614876,9.135373100385296,21.400973602712995
2043,20177,Developed,255013934.0237044,25501.393402370442,17.50017100813045,developed,NA,NA,NA,NA,NA,NA,NA,NA,NA,NA,0.8633014293994298,0.002365209395614876,9.135373100385296,21.400973602712995
2043,20177,Double Crop,2797246.7569815805,279.7246756981581,0.19195930130847558,all_cult,NA,NA,NA,NA,NA,NA,NA,NA,NA,NA,0.8633014293994298,0.002365209395614876,9.135373100385296,21.400973602712995
2043,20177,Grass/Pasture/Shrubland,626083355.6398722,62608.33556398722,42.96457693964075,grassPastureHay,NA,NA,NA,NA,NA,NA,NA,NA,NA,NA,0.8633014293994298,0.002365209395614876,9.135373100385296,21.400973602712995
2043,20177,Other Crops,33361526.081880283,3336.1526081880284,2.289413767762353,all_cult,NA,NA,NA,NA,NA,NA,NA,NA,NA,NA,0.8633014293994298,0.002365209395614876,9.135373100385296,21.400973602712995
2043,20177,Sorghum,2303954.5452317544,230.39545452317543,0.15810743319134585,all_cult,Sorghum,NA,NA,112,25804.29090659565,2541.099487915042,632.7848667583625,59.75068685272985,111.19850254090863,5,0.8633014293994298,0.002365209395614876,9.135373100385296,21.400973602712995
2043,20177,Soybeans,145627766.023613,14562.7766023613,9.993613951731533,all_cult,Soybeans,0.09768281806034469,42.833333333333336,56,815515.4897322329,2541.099487915042,632.7848667583625,59.75068685272985,111.19850254090863,5,0.8633014293994298,0.002365209395614876,9.135373100385296,21.400973602712995
2043,20177,Wheat,9565647.685078032,956.5647685078033,0.656436562704971,all_cult,Wheat,NA,NA,89,85134.26439719449,2315.315450439456,507.89059054961695,107.78260396748632,111.50150493887952,5,0.8633014293994298,0.002365209395614876,9.135373100385296,21.400973602712995
2043,20197,Corn,69733578.79693311,6973.357879693312,4.536852294529976,all_cult,Corn,0.14186117514330646,28.666666666666668,250,1743339.469923328,2519.6301593017606,616.6507305202653,60.04394196532392,127.04107036904028,5,0.8407066928060812,0.002303306007687894,8.800388601642789,21.45503374491655
2043,20197,Developed,54289406.85937861,5428.940685937861,3.5320576446519008,developed,NA,NA,NA,NA,NA,NA,NA,NA,NA,NA,0.8407066928060812,0.002303306007687894,8.800388601642789,21.45503374491655
2043,20197,Double Crop,1125869.9276987636,112.58699276987635,0.07324886594013556,all_cult,NA,NA,NA,NA,NA,NA,NA,NA,NA,NA,0.8407066928060812,0.002303306007687894,8.800388601642789,21.45503374491655
2043,20197,Grass/Pasture/Shrubland,1169502873.1037595,116950.28731037596,76.08761639426346,grassPastureHay,NA,NA,NA,NA,NA,NA,NA,NA,NA,NA,0.8407066928060812,0.002303306007687894,8.800388601642789,21.45503374491655
2043,20197,Other Crops,29094649.42529061,2909.464942529061,1.8928919077573607,all_cult,NA,NA,NA,NA,NA,NA,NA,NA,NA,NA,0.8407066928060812,0.002303306007687894,8.800388601642789,21.45503374491655
2043,20197,Sorghum,3287931.385599168,328.7931385599168,0.21391213972326276,all_cult,Sorghum,NA,NA,112,36824.831518710685,2519.6301593017606,616.6507305202653,60.04394196532392,127.04107036904028,5,0.8407066928060812,0.002303306007687894,8.800388601642789,21.45503374491655
2043,20197,Soybeans,83491332.16381498,8349.133216381497,5.431928899043218,all_cult,Soybeans,0.12942046457519057,22.77777777777778,56,467551.46011736384,2519.6301593017606,616.6507305202653,60.04394196532392,127.04107036904028,5,0.8407066928060812,0.002303306007687894,8.800388601642789,21.45503374491655
2043,20197,Wheat,7530280.724868099,753.02807248681,0.4899185152185996,all_cult,Wheat,NA,NA,89,67019.49845132609,2288.096914062503,497.7137167426447,109.23285704872426,117.43887596602862,5,0.8407066928060812,0.002303306007687894,8.800388601642789,21.45503374491655
2043,20209,Corn,2798441.748604609,279.8441748604609,1.0907251789658858,all_cult,Corn,NA,NA,250,69961.04371511523,2600.5580322265655,677.5424798728882,65.17488699461013,120.53982996658053,5,0.9184014560502122,0.002516168372740307,9.935867133989749,21.210760665266505
2043,20209,Developed,144515431.86680782,14451.543186680783,56.32656829996687,developed,NA,NA,NA,NA,NA,NA,NA,NA,NA,NA,0.9184014560502122,0.002516168372740307,9.935867133989749,21.210760665266505
2043,20209,Double Crop,152719.71803613545,15.271971803613546,0.05952428413764306,all_cult,NA,NA,NA,NA,NA,NA,NA,NA,NA,NA,0.9184014560502122,0.002516168372740307,9.935867133989749,21.210760665266505
2043,20209,Grass/Pasture/Shrubland,41083799.11850462,4108.379911850462,16.01288794682744,grassPastureHay,NA,NA,NA,NA,NA,NA,NA,NA,NA,NA,0.9184014560502122,0.002516168372740307,9.935867133989749,21.210760665266505
2043,20209,Other Crops,1959154.8527385148,195.91548527385146,0.7636033619211925,all_cult,NA,NA,NA,NA,NA,NA,NA,NA,NA,NA,0.9184014560502122,0.002516168372740307,9.935867133989749,21.210760665266505
2043,20209,Sorghum,54127.80426680527,5.412780426680527,0.02109694047602745,all_cult,Sorghum,NA,NA,112,606.231407788219,2600.5580322265655,677.5424798728882,65.17488699461013,120.53982996658053,5,0.9184014560502122,0.002516168372740307,9.935867133989749,21.210760665266505
2043,20209,Soybeans,8244134.676247953,824.4134676247953,3.213247256139296,all_cult,Soybeans,0.14562756367793683,4.75,56,46167.15418698854,2600.5580322265655,677.5424798728882,65.17488699461013,120.53982996658053,5,0.9184014560502122,0.002516168372740307,9.935867133989749,21.210760665266505
2043,20209,Wheat,234900.57353758038,23.49005735375804,0.09155522720411169,all_cult,Wheat,NA,NA,89,2090.6151044844655,2357.5142102050813,523.593861433073,108.29408783212634,113.75868234184222,5,0.9184014560502122,0.002516168372740307,9.935867133989749,21.210760665266505
2044,20005,Corn,172734778.84431297,17273.477884431297,23.078910848652363,all_cult,Corn,0.10724545034749912,6.181818181818182,250,4318369.471107824,2455.030473632816,930.2722813247302,122.37305597052142,187.35569034941057,5,1.1448474029552742,0.003127998368730257,8.525691331540324,20.895496205814574
2044,20005,Developed,36578638.84791646,3657.863884791646,4.88723319405755,developed,NA,NA,NA,NA,NA,NA,NA,NA,NA,NA,1.1448474029552742,0.003127998368730257,8.525691331540324,20.895496205814574
2044,20005,Double Crop,1451158.554832854,145.11585548328543,0.1938877575107932,all_cult,NA,NA,NA,NA,NA,NA,NA,NA,NA,NA,1.1448474029552742,0.003127998368730257,8.525691331540324,20.895496205814574
2044,20005,Grass/Pasture/Shrubland,215288406.86893737,21528.840686893738,28.764456018176027,grassPastureHay,NA,NA,NA,NA,NA,NA,NA,NA,NA,NA,1.1448474029552742,0.003127998368730257,8.525691331540324,20.895496205814574
2044,20005,Other Crops,29204979.705745928,2920.4979705745927,3.902046405912905,all_cult,NA,NA,NA,NA,NA,NA,NA,NA,NA,NA,1.1448474029552742,0.003127998368730257,8.525691331540324,20.895496205814574
2044,20005,Sorghum,732239.3724075308,73.22393724075309,0.09783372699309156,all_cult,Sorghum,NA,NA,112,8201.080970964345,2455.030473632816,930.2722813247302,122.37305597052142,187.35569034941057,5,1.1448474029552742,0.003127998368730257,8.525691331540324,20.895496205814574
2044,20005,Soybeans,181600576.65296197,18160.057665296197,24.263460703620524,all_cult,Soybeans,0.07483265359624193,5,56,1016963.2292565871,2455.030473632816,930.2722813247302,122.37305597052142,187.35569034941057,5,1.1448474029552742,0.003127998368730257,8.525691331540324,20.895496205814574
2044,20005,Wheat,5908069.702597459,590.8069702597459,0.7893709354082403,all_cult,Wheat,NA,NA,89,52581.82035311738,2296.32311218262,620.8091455665359,232.73065631029596,152.7171373276042,5,1.1448474029552742,0.003127998368730257,8.525691331540324,20.895496205814574
2044,20013,Corn,113276297.82191704,11327.629782191703,25.36090350021212,all_cult,Corn,0.12646432205391206,17.5625,250,2831907.445547926,2416.7595391845734,902.7319311357428,126.52328049665782,187.05764326834893,5,1.1036563042771275,0.00301545438327084,8.032355186587496,20.813305830825247
2044,20013,Developed,24170977.38782201,2417.0977387822013,5.411527714315524,developed,NA,NA,NA,NA,NA,NA,NA,NA,NA,NA,1.1036563042771275,0.00301545438327084,8.032355186587496,20.813305830825247
2044,20013,Double Crop,542048.8992527233,54.20488992527234,0.12135680712267008,all_cult,NA,NA,NA,NA,NA,NA,NA,NA,NA,NA,1.1036563042771275,0.00301545438327084,8.032355186587496,20.813305830825247
2044,20013,Grass/Pasture/Shrubland,122499833.68113159,12249.983368113159,27.425918047421547,grassPastureHay,NA,NA,NA,NA,NA,NA,NA,NA,NA,NA,1.1036563042771275,0.00301545438327084,8.032355186587496,20.813305830825247
2044,20013,Other Crops,13090232.71280689,1309.023271280689,2.9307113227404837,all_cult,NA,NA,NA,NA,NA,NA,NA,NA,NA,NA,1.1036563042771275,0.00301545438327084,8.032355186587496,20.813305830825247
2044,20013,Sorghum,333636.9508835004,33.363695088350035,0.07469642527304013,all_cult,Sorghum,NA,NA,112,3736.733849895204,2416.7595391845734,902.7319311357428,126.52328049665782,187.05764326834893,5,1.1036563042771275,0.00301545438327084,8.032355186587496,20.813305830825247
2044,20013,Soybeans,123405327.24801578,12340.532724801578,27.62864479089188,all_cult,Soybeans,0.10147480973744562,10.461538461538462,56,691069.8325888884,2416.7595391845734,902.7319311357428,126.52328049665782,187.05764326834893,5,1.1036563042771275,0.00301545438327084,8.032355186587496,20.813305830825247
2044,20013,Wheat,3906288.4515680084,390.6288451568008,0.8745607542714157,all_cult,Wheat,NA,NA,89,34765.96721895527,2255.549730224612,605.3784566381744,235.39952491214416,143.8260023054344,5,1.1036563042771275,0.00301545438327084,8.032355186587496,20.813305830825247
2044,20045,Corn,74392843.99321488,7439.284399321487,7.631923083362056,all_cult,Corn,0.1459526935617447,11,250,1859821.0998303718,2515.3523773193388,936.0305253580092,112.25551752160236,180.41853560251624,5,1.183820871950857,0.0032344832566963302,9.260245543099515,21.25285422736832
2044,20045,Developed,130402436.2681122,13040.24362681122,13.37791795635647,developed,NA,NA,NA,NA,NA,NA,NA,NA,NA,NA,1.183820871950857,0.0032344832566963302,9.260245543099515,21.25285422736832
2044,20045,Double Crop,4220114.888463862,422.01148884638627,0.4329393864098648,all_cult,NA,NA,NA,NA,NA,NA,NA,NA,NA,NA,1.183820871950857,0.0032344832566963302,9.260245543099515,21.25285422736832
2044,20045,Grass/Pasture/Shrubland,354830010.0217444,35483.00100217444,36.40182575089523,grassPastureHay,NA,NA,NA,NA,NA,NA,NA,NA,NA,NA,1.183820871950857,0.0032344832566963302,9.260245543099515,21.25285422736832
2044,20045,Other Crops,37964614.628596716,3796.4614628596714,3.8947700233285687,all_cult,NA,NA,NA,NA,NA,NA,NA,NA,NA,NA,1.183820871950857,0.0032344832566963302,9.260245543099515,21.25285422736832
2044,20045,Sorghum,671055.755263424,67.1055755263424,0.06884326010288025,all_cult,Sorghum,NA,NA,112,7515.824458950349,2515.3523773193388,936.0305253580092,112.25551752160236,180.41853560251624,5,1.183820871950857,0.0032344832566963302,9.260245543099515,21.25285422736832
2044,20045,Soybeans,100028766.3995359,10002.876639953589,10.261898998705805,all_cult,Soybeans,0.11420951862362651,8.5,56,560161.091837401,2515.3523773193388,936.0305253580092,112.25551752160236,180.41853560251624,5,1.183820871950857,0.0032344832566963302,9.260245543099515,21.25285422736832
2044,20045,Wheat,7085783.937909698,708.5783937909698,0.7269268802840957,all_cult,Wheat,NA,NA,89,63063.477047396314,2367.7789685058624,655.0710268789194,218.85102035467307,148.4344129271657,5,1.183820871950857,0.0032344832566963302,9.260245543099515,21.25285422736832
2044,20061,Corn,31722102.062803604,3172.21020628036,4.044269831598419,all_cult,Corn,0.16936452361704205,12.944444444444445,250,793052.55157009,2470.3362286376987,846.6938987960572,128.71156848882,161.6154815314731,5,1.0536220189608587,0.0028787486856854064,8.553511497622653,21.387480772258176
2044,20061,Developed,61171563.9285717,6117.15639285717,7.798799400437711,developed,NA,NA,NA,NA,NA,NA,NA,NA,NA,NA,1.0536220189608587,0.0028787486856854064,8.553511497622653,21.387480772258176
2044,20061,Double Crop,5604030.762346523,560.4030762346523,0.7144612454318694,all_cult,NA,NA,NA,NA,NA,NA,NA,NA,NA,NA,1.0536220189608587,0.0028787486856854064,8.553511497622653,21.387480772258176
2044,20061,Grass/Pasture/Shrubland,476190220.2809351,47619.02202809351,60.70977699307564,grassPastureHay,NA,NA,NA,NA,NA,NA,NA,NA,NA,NA,1.0536220189608587,0.0028787486856854064,8.553511497622653,21.387480772258176
2044,20061,Other Crops,18227803.79878525,1822.7803798785249,2.323873646638379,all_cult,NA,NA,NA,NA,NA,NA,NA,NA,NA,NA,1.0536220189608587,0.0028787486856854064,8.553511497622653,21.387480772258176
2044,20061,Sorghum,5491901.736070833,549.1901736070832,0.7001658485721192,all_cult,Sorghum,NA,NA,112,61509.299443993325,2470.3362286376987,846.6938987960572,128.71156848882,161.6154815314731,5,1.0536220189608587,0.0028787486856854064,8.553511497622653,21.387480772258176
2044,20061,Soybeans,39491221.54782481,3949.1221547824807,5.03475953777074,all_cult,Soybeans,0.12217913528938978,7.666666666666667,56,221150.8406678189,2470.3362286376987,846.6938987960572,128.71156848882,161.6154815314731,5,1.0536220189608587,0.0028787486856854064,8.553511497622653,21.387480772258176
2044,20061,Wheat,15495075.277191846,1549.5075277191845,1.9754764472362665,all_cult,Wheat,NA,NA,89,137906.16996700742,2323.5051593017606,594.9316873190205,214.57647558956933,142.5033983055115,5,1.0536220189608587,0.0028787486856854064,8.553511497622653,21.387480772258176
2044,20085,Corn,134933024.35661882,13493.30243566188,7.9306511901880965,all_cult,Corn,NA,NA,250,3373325.60891547,2440.862882080082,934.1370178396204,125.69945014469477,175.30872430475262,5,1.1439264647840797,0.0031254821442187964,8.311519493561647,21.059409736675015
2044,20085,Developed,75618361.35140783,7561.836135140783,4.444448275810096,developed,NA,NA,NA,NA,NA,NA,NA,NA,NA,NA,1.1439264647840797,0.0031254821442187964,8.311519493561647,21.059409736675015
2044,20085,Double Crop,1864792.83802623,186.479283802623,0.10960268333762817,all_cult,NA,NA,NA,NA,NA,NA,NA,NA,NA,NA,1.1439264647840797,0.0031254821442187964,8.311519493561647,21.059409736675015
2044,20085,Grass/Pasture/Shrubland,941187748.5802637,94118.77485802637,55.31804963283908,grassPastureHay,NA,NA,NA,NA,NA,NA,NA,NA,NA,NA,1.1439264647840797,0.0031254821442187964,8.311519493561647,21.059409736675015
2044,20085,Other Crops,98052397.627671,9805.2397627671,5.7630025537076115,all_cult,NA,NA,NA,NA,NA,NA,NA,NA,NA,NA,1.1439264647840797,0.0031254821442187964,8.311519493561647,21.059409736675015
2044,20085,Sorghum,4069081.398774073,406.9081398774073,0.23915913388905596,all_cult,Sorghum,NA,NA,112,45573.71166626961,2440.862882080082,934.1370178396204,125.69945014469477,175.30872430475262,5,1.1439264647840797,0.0031254821442187964,8.311519493561647,21.059409736675015
2044,20085,Soybeans,170772946.2930534,17077.29462930534,10.037132690300496,all_cult,Soybeans,NA,NA,56,956328.499241099,2440.862882080082,934.1370178396204,125.69945014469477,175.30872430475262,5,1.1439264647840797,0.0031254821442187964,8.311519493561647,21.059409736675015
2044,20085,Wheat,13725583.902961861,1372.5583902961862,0.8067173980208171,all_cult,Wheat,NA,NA,89,122157.69673636057,2291.9666979980498,635.7206524860409,227.8689245783282,153.23426648559234,5,1.1439264647840797,0.0031254821442187964,8.311519493561647,21.059409736675015
2044,20087,Corn,155094058.297135,15509.4058297135,10.788896738521789,all_cult,Corn,0.13078338055311117,25.77777777777778,250,3877351.457428375,2473.7204571533234,962.8461192016628,118.6776022923097,180.07830473065485,5,1.196538561609823,0.003269231042649789,8.838683181512573,21.01201336970097
2044,20087,Developed,83037617.78054704,8303.761778054704,5.7763933285619125,developed,NA,NA,NA,NA,NA,NA,NA,NA,NA,NA,1.196538561609823,0.003269231042649789,8.838683181512573,21.01201336970097
2044,20087,Double Crop,3214015.8179615135,321.4015817961514,0.2235784217441099,all_cult,NA,NA,NA,NA,NA,NA,NA,NA,NA,NA,1.196538561609823,0.003269231042649789,8.838683181512573,21.01201336970097
2044,20087,Grass/Pasture/Shrubland,533878677.1787268,53387.86771787268,37.138507962340775,grassPastureHay,NA,NA,NA,NA,NA,NA,NA,NA,NA,NA,1.196538561609823,0.003269231042649789,8.838683181512573,21.01201336970097
2044,20087,Other Crops,67978226.39294052,6797.822639294052,4.728808266891807,all_cult,NA,NA,NA,NA,NA,NA,NA,NA,NA,NA,1.196538561609823,0.003269231042649789,8.838683181512573,21.01201336970097
2044,20087,Sorghum,2078940.1655916602,207.89401655916603,0.1446185045281528,all_cult,Sorghum,NA,NA,112,23284.129854626597,2473.7204571533234,962.8461192016628,118.6776022923097,180.07830473065485,5,1.196538561609823,0.003269231042649789,8.838683181512573,21.01201336970097
2044,20087,Soybeans,173639107.61438552,17363.91076143855,12.078956617613274,all_cult,Soybeans,0.09985991575255485,13.833333333333334,56,972379.0026405589,2473.7204571533234,962.8461192016628,118.6776022923097,180.07830473065485,5,1.196538561609823,0.003269231042649789,8.838683181512573,21.01201336970097
2044,20087,Wheat,7377427.0278590415,737.7427027859042,0.5132001784817648,all_cult,Wheat,NA,NA,89,65659.10054794548,2326.9016735839873,656.7952486239266,227.50695566933572,156.31225149130302,5,1.196538561609823,0.003269231042649789,8.838683181512573,21.01201336970097
2044,20091,Corn,20137063.169311535,2013.7063169311532,3.334881975218613,all_cult,Corn,0.14955141172933145,4,250,503426.5792327883,2523.9097692871123,918.5757344792706,108.18303709076882,187.24103021536243,5,1.1735165310307283,0.0032063293197560874,9.458523242721164,21.118737809645044
2044,20091,Developed,271607528.4848879,27160.752848488788,44.98069273866694,developed,NA,NA,NA,NA,NA,NA,NA,NA,NA,NA,1.1735165310307283,0.0032063293197560874,9.458523242721164,21.118737809645044
2044,20091,Double Crop,2013905.6882216034,201.39056882216036,0.3335212152324038,all_cult,NA,NA,NA,NA,NA,NA,NA,NA,NA,NA,1.1735165310307283,0.0032063293197560874,9.458523242721164,21.118737809645044
2044,20091,Grass/Pasture/Shrubland,139667491.4795437,13966.749147954368,23.130214964462166,grassPastureHay,NA,NA,NA,NA,NA,NA,NA,NA,NA,NA,1.1735165310307283,0.0032063293197560874,9.458523242721164,21.118737809645044
2044,20091,Other Crops,14581458.923742233,1458.1458923742232,2.4148230617504245,all_cult,NA,NA,NA,NA,NA,NA,NA,NA,NA,NA,1.1735165310307283,0.0032063293197560874,9.458523242721164,21.118737809645044
2044,20091,Sorghum,265245.84730308503,26.524584730308504,0.043927140106542625,all_cult,Sorghum,NA,NA,112,2970.7534897945525,2523.9097692871123,918.5757344792706,108.18303709076882,187.24103021536243,5,1.1735165310307283,0.0032063293197560874,9.458523242721164,21.118737809645044
2044,20091,Soybeans,40506888.73460731,4050.688873460731,6.708311533684595,all_cult,Soybeans,NA,NA,56,226838.57691380093,2523.9097692871123,918.5757344792706,108.18303709076882,187.24103021536243,5,1.1735165310307283,0.0032063293197560874,9.458523242721164,21.118737809645044
2044,20091,Wheat,3047090.5931461067,304.70905931461067,0.5046260922212007,all_cult,Wheat,NA,NA,89,27119.10627900035,2370.295136718753,644.7427496861425,220.8956472431896,130.5993160363203,5,1.1735165310307283,0.0032063293197560874,9.458523242721164,21.118737809645044
2044,20103,Corn,55676654.53817842,5567.665453817842,6.162232243462533,all_cult,Corn,0.09926099891867379,4.75,250,1391916.3634544604,2503.5333563232452,937.7528393908436,112.5893834388088,196.88753510296235,5,1.1761264394155995,0.003213460216982512,9.143012742006086,21.09478621352568
2044,20103,Developed,66222526.18511143,6622.252618511144,7.329437975150055,developed,NA,NA,NA,NA,NA,NA,NA,NA,NA,NA,1.1761264394155995,0.003213460216982512,9.143012742006086,21.09478621352568
2044,20103,Double Crop,2239300.7972116056,223.93007972116058,0.2478434038440015,all_cult,NA,NA,NA,NA,NA,NA,NA,NA,NA,NA,1.1761264394155995,0.003213460216982512,9.143012742006086,21.09478621352568
2044,20103,Grass/Pasture/Shrubland,361083573.13099504,36108.3573130995,39.96434152498699,grassPastureHay,NA,NA,NA,NA,NA,NA,NA,NA,NA,NA,1.1761264394155995,0.003213460216982512,9.143012742006086,21.09478621352568
2044,20103,Other Crops,54377617.6404599,5437.76176404599,6.018456236750789,all_cult,NA,NA,NA,NA,NA,NA,NA,NA,NA,NA,1.1761264394155995,0.003213460216982512,9.143012742006086,21.09478621352568
2044,20103,Sorghum,567901.3203360821,56.79013203360822,0.06285470735100035,all_cult,Sorghum,NA,NA,112,6360.494787764121,2503.5333563232452,937.7528393908436,112.5893834388088,196.88753510296235,5,1.1761264394155995,0.003213460216982512,9.143012742006086,21.09478621352568
2044,20103,Soybeans,101039226.18326606,10103.922618326606,11.18291288522158,all_cult,Soybeans,0.11410095968932568,4.571428571428571,56,565819.66662629,2503.5333563232452,937.7528393908436,112.5893834388088,196.88753510296235,5,1.1761264394155995,0.003213460216982512,9.143012742006086,21.09478621352568
2044,20103,Wheat,4817340.8524583215,481.7340852458321,0.5331781044497215,all_cult,Wheat,NA,NA,89,42874.33358687905,2349.881594848636,638.3334314265012,226.66585842243393,141.23634307459753,5,1.1761264394155995,0.003213460216982512,9.143012742006086,21.09478621352568
2044,20117,Corn,1797933.5665907045,179.79335665907044,8.787790125047634,all_cult,Corn,0.16261062771687598,15.722222222222221,250,44948.33916476761,2385.050782470706,889.6303971676491,133.42746334322496,176.83191812863612,5,1.072580782260081,0.0029305485854100566,7.849957025246565,20.66733204992745
2044,20117,Developed,709093.4285035765,70.90934285035766,3.465847873654197,developed,NA,NA,NA,NA,NA,NA,NA,NA,NA,NA,1.072580782260081,0.0029305485854100566,7.849957025246565,20.66733204992745
2044,20117,Double Crop,17005.082052877187,1.700508205287719,0.08311602548433755,all_cult,NA,NA,NA,NA,NA,NA,NA,NA,NA,NA,1.072580782260081,0.0029305485854100566,7.849957025246565,20.66733204992745
2044,20117,Grass/Pasture/Shrubland,13608757.209524421,1360.8757209524422,66.51575143947134,grassPastureHay,NA,NA,NA,NA,NA,NA,NA,NA,NA,NA,1.072580782260081,0.0029305485854100566,7.849957025246565,20.66733204992745
2044,20117,Other Crops,368569.7378671669,36.856973786716694,1.801464505144208,all_cult,NA,NA,NA,NA,NA,NA,NA,NA,NA,NA,1.072580782260081,0.0029305485854100566,7.849957025246565,20.66733204992745
2044,20117,Sorghum,113210.96189225193,11.321096189225193,0.5533431220433721,all_cult,Sorghum,NA,NA,112,1267.9627731932217,2385.050782470706,889.6303971676491,133.42746334322496,176.83191812863612,5,1.072580782260081,0.0029305485854100566,7.849957025246565,20.66733204992745
2044,20117,Soybeans,2250086.8872694396,225.00868872694397,10.99778751332857,all_cult,Soybeans,0.12228514283699721,8.25,56,12600.486568708862,2385.050782470706,889.6303971676491,133.42746334322496,176.83191812863612,5,1.072580782260081,0.0029305485854100566,7.849957025246565,20.66733204992745
2044,20117,Wheat,234744.84118524572,23.474484118524572,1.1473663074132867,all_cult,Wheat,NA,NA,89,2089.229086548687,2230.2341662597687,603.5206436431469,231.3588384601425,150.94756312854707,5,1.072580782260081,0.0029305485854100566,7.849957025246565,20.66733204992745
2044,20127,Corn,10941387.892613748,1094.1387892613748,4.064821675495574,all_cult,Corn,NA,NA,250,273534.6973153437,2474.744997558597,819.9057325752711,129.81026399969602,174.9663676798657,5,1.0394715295903554,0.0028400861464217358,8.6120946331754,21.404091056448536
2044,20127,Developed,12128694.282144045,1212.8694282144045,4.50591642462472,developed,NA,NA,NA,NA,NA,NA,NA,NA,NA,NA,1.0394715295903554,0.0028400861464217358,8.6120946331754,21.404091056448536
2044,20127,Double Crop,4499199.088895911,449.9199088895911,1.671491967784096,all_cult,NA,NA,NA,NA,NA,NA,NA,NA,NA,NA,1.0394715295903554,0.0028400861464217358,8.6120946331754,21.404091056448536
2044,20127,Grass/Pasture/Shrubland,158101691.18434784,15810.169118434784,58.73616652348874,grassPastureHay,NA,NA,NA,NA,NA,NA,NA,NA,NA,NA,1.0394715295903554,0.0028400861464217358,8.6120946331754,21.404091056448536
2044,20127,Other Crops,10981377.128665583,1098.1377128665583,4.079678027823576,all_cult,NA,NA,NA,NA,NA,NA,NA,NA,NA,NA,1.0394715295903554,0.0028400861464217358,8.6120946331754,21.404091056448536
2044,20127,Sorghum,7272388.587591114,727.2388587591115,2.701756217181813,all_cult,Sorghum,NA,NA,112,81450.75218102049,2474.744997558597,819.9057325752711,129.81026399969602,174.9663676798657,5,1.0394715295903554,0.0028400861464217358,8.6120946331754,21.404091056448536
2044,20127,Soybeans,28686301.015498407,2868.6301015498407,10.657212713965244,all_cult,Soybeans,0.11686486262093489,4,56,160643.2856867911,2474.744997558597,819.9057325752711,129.81026399969602,174.9663676798657,5,1.0394715295903554,0.0028400861464217358,8.6120946331754,21.404091056448536
2044,20127,Wheat,20934850.636842933,2093.485063684293,7.777480834890052,all_cult,Wheat,NA,NA,89,186320.17066790207,2326.2473468017606,591.4018541188584,211.8574861159232,151.8560028431888,5,1.0394715295903554,0.0028400861464217358,8.6120946331754,21.404091056448536
2044,20131,Corn,124792211.963085,12479.2211963085,16.444051346315263,all_cult,Corn,0.12528513936677563,9.454545454545455,250,3119805.299077125,2385.062683105472,890.419956717604,130.32508597303524,183.10723332701951,5,1.0812480127031963,0.0029542295429049077,7.831262924110978,20.600866365693328
2044,20131,Developed,34827921.40223819,3482.792140223819,4.589325878711502,developed,NA,NA,NA,NA,NA,NA,NA,NA,NA,NA,1.0812480127031963,0.0029542295429049077,7.831262924110978,20.600866365693328
2044,20131,Double Crop,1288597.7379512293,128.85977379512295,0.1698003988733199,all_cult,NA,NA,NA,NA,NA,NA,NA,NA,NA,NA,1.0812480127031963,0.0029542295429049077,7.831262924110978,20.600866365693328
2044,20131,Grass/Pasture/Shrubland,328086582.4549448,32808.65824549448,43.232446344665604,grassPastureHay,NA,NA,NA,NA,NA,NA,NA,NA,NA,NA,1.0812480127031963,0.0029542295429049077,7.831262924110978,20.600866365693328
2044,20131,Other Crops,27101730.321978156,2710.1730321978157,3.5712344382550913,all_cult,NA,NA,NA,NA,NA,NA,NA,NA,NA,NA,1.0812480127031963,0.0029542295429049077,7.831262924110978,20.600866365693328
2044,20131,Sorghum,2055671.3741418559,205.5671374141856,0.2708788080264065,all_cult,Sorghum,NA,NA,112,23023.519390388785,2385.062683105472,890.419956717604,130.32508597303524,183.10723332701951,5,1.0812480127031963,0.0029542295429049077,7.831262924110978,20.600866365693328
2044,20131,Soybeans,136674912.54505298,13667.491254505298,18.00985209164201,all_cult,Soybeans,0.1067341402930363,5.142857142857143,56,765379.5102522967,2385.062683105472,890.419956717604,130.32508597303524,183.10723332701951,5,1.0812480127031963,0.0029542295429049077,7.831262924110978,20.600866365693328
2044,20131,Wheat,9588450.555545796,958.8450555545795,1.2634840811511674,all_cult,Wheat,NA,NA,89,85337.20994435757,2222.5747308349637,602.7566073156279,233.6409495894388,148.7186446604952,5,1.0812480127031963,0.0029542295429049077,7.831262924110978,20.600866365693328
2044,20139,Corn,20890964.22588984,2089.096422588984,9.4988079569725965,all_cult,Corn,NA,NA,250,522274.10564724595,2487.280861206058,911.5912620715372,121.48816646610253,168.777157667168,5,1.1581052990006444,0.0031642221284170617,8.909070649694247,21.229537980543483
2044,20139,Developed,11858545.489950646,1185.8545489950645,5.391902692479325,developed,NA,NA,NA,NA,NA,NA,NA,NA,NA,NA,1.1581052990006444,0.0031642221284170617,8.909070649694247,21.229537980543483
2044,20139,Double Crop,1849135.1156913848,184.91351156913848,0.8407739901578724,all_cult,NA,NA,NA,NA,NA,NA,NA,NA,NA,NA,1.1581052990006444,0.0031642221284170617,8.909070649694247,21.229537980543483
2044,20139,Grass/Pasture/Shrubland,108139234.26990536,10813.923426990536,49.1692871538651,grassPastureHay,NA,NA,NA,NA,NA,NA,NA,NA,NA,NA,1.1581052990006444,0.0031642221284170617,8.909070649694247,21.229537980543483
2044,20139,Other Crops,6302951.103083336,630.2951103083336,2.86585728849129,all_cult,NA,NA,NA,NA,NA,NA,NA,NA,NA,NA,1.1581052990006444,0.0031642221284170617,8.909070649694247,21.229537980543483
2044,20139,Sorghum,252758.48461129973,25.27584846112997,0.11492549021948671,all_cult,Sorghum,NA,NA,112,2830.8950276465566,2487.280861206058,911.5912620715372,121.48816646610253,168.777157667168,5,1.1581052990006444,0.0031642221284170617,8.909070649694247,21.229537980543483
2044,20139,Soybeans,28064514.38751116,2806.4514387511163,12.76051357372463,all_cult,Soybeans,NA,NA,56,157161.28057006252,2487.280861206058,911.5912620715372,121.48816646610253,168.777157667168,5,1.1581052990006444,0.0031642221284170617,8.909070649694247,21.229537980543483
2044,20139,Wheat,1738320.944623076,173.8320944623076,0.7903884493801757,all_cult,Wheat,NA,NA,89,15471.056407145375,2347.637518920901,641.2632295067689,213.33409727115264,134.56080084642383,5,1.1581052990006444,0.0031642221284170617,8.909070649694247,21.229537980543483
2044,20149,Corn,136791901.8519852,13679.190185198519,7.982141503627487,all_cult,Corn,0.1326174661314905,62.44444444444444,250,3419797.54629963,2442.010998535159,900.806184256624,130.95691450584022,166.3342140907203,5,1.0929469138271424,0.0029861937536260724,8.269607760736875,21.162763651863497
2044,20149,Developed,87781477.02653997,8778.147702653996,5.122263537072818,developed,NA,NA,NA,NA,NA,NA,NA,NA,NA,NA,1.0929469138271424,0.0029861937536260724,8.269607760736875,21.162763651863497
2044,20149,Double Crop,1803166.4492782145,180.31664492782144,0.1052191654466961,all_cult,NA,NA,NA,NA,NA,NA,NA,NA,NA,NA,1.0929469138271424,0.0029861937536260724,8.269607760736875,21.162763651863497
2044,20149,Grass/Pasture/Shrubland,1058221194.9777538,105822.11949777538,61.749790785057485,grassPastureHay,NA,NA,NA,NA,NA,NA,NA,NA,NA,NA,1.0929469138271424,0.0029861937536260724,8.269607760736875,21.162763651863497
2044,20149,Other Crops,34485813.7618199,3448.58137618199,2.012331443512244,all_cult,NA,NA,NA,NA,NA,NA,NA,NA,NA,NA,1.0929469138271424,0.0029861937536260724,8.269607760736875,21.162763651863497
2044,20149,Sorghum,5647082.09049503,564.708209049503,0.3295210295248753,all_cult,Sorghum,NA,NA,112,63247.319413544334,2442.010998535159,900.806184256624,130.95691450584022,166.3342140907203,5,1.0929469138271424,0.0029861937536260724,8.269607760736875,21.162763651863497
2044,20149,Soybeans,153915907.33370754,15391.590733370755,8.98136903839706,all_cult,Soybeans,0.11392545848870632,51.611111111111114,56,861929.0810687622,2442.010998535159,900.806184256624,130.95691450584022,166.3342140907203,5,1.0929469138271424,0.0029861937536260724,8.269607760736875,21.162763651863497
2044,20149,Wheat,13424373.002870617,1342.4373002870618,0.7833449455387832,all_cult,Wheat,NA,NA,89,119476.9197255485,2295.2774346923857,619.3837955767239,225.8268244775857,150.87818883787526,5,1.0929469138271424,0.0029861937536260724,8.269607760736875,21.162763651863497
2044,20161,Corn,29887562.457934357,2988.756245793436,3.7374801575206362,all_cult,Corn,0.14127372152863188,12.444444444444445,250,747189.0614483589,2463.483300781253,856.0366786938786,129.97452085087764,167.46274700201624,5,1.0461636217587422,0.0028583705512533943,8.401856102448367,21.39798408883519
2044,20161,Developed,93189704.06140432,9318.970406140432,11.653498685445852,developed,NA,NA,NA,NA,NA,NA,NA,NA,NA,NA,1.0461636217587422,0.0028583705512533943,8.401856102448367,21.39798408883519
2044,20161,Double Crop,2321662.5391971655,232.16625391971652,0.2903270443991936,all_cult,NA,NA,NA,NA,NA,NA,NA,NA,NA,NA,1.0461636217587422,0.0028583705512533943,8.401856102448367,21.39798408883519
2044,20161,Grass/Pasture/Shrubland,421935273.9416269,42193.527394162695,52.76357736882686,grassPastureHay,NA,NA,NA,NA,NA,NA,NA,NA,NA,NA,1.0461636217587422,0.0028583705512533943,8.401856102448367,21.39798408883519
2044,20161,Other Crops,10313350.483787943,1031.3350483787942,1.2896984437913022,all_cult,NA,NA,NA,NA,NA,NA,NA,NA,NA,NA,1.0461636217587422,0.0028583705512533943,8.401856102448367,21.39798408883519
2044,20161,Sorghum,8046145.345421317,804.6145345421318,1.0061813711092988,all_cult,Sorghum,NA,NA,112,90116.82786871876,2463.483300781253,856.0366786938786,129.97452085087764,167.46274700201624,5,1.0461636217587422,0.0028583705512533943,8.401856102448367,21.39798408883519
2044,20161,Soybeans,56043067.26954317,5604.306726954317,7.008261452613234,all_cult,Soybeans,0.12420661341954765,10.38888888888889,56,313841.17670944176,2463.483300781253,856.0366786938786,129.97452085087764,167.46274700201624,5,1.0461636217587422,0.0028583705512533943,8.401856102448367,21.39798408883519
2044,20161,Wheat,14763447.35949416,1476.3447359494162,1.8461890841841313,all_cult,Wheat,NA,NA,89,131394.68149949805,2316.093178100589,591.1544748833904,218.6987454989216,138.73191980245244,5,1.0461636217587422,0.0028583705512533943,8.401856102448367,21.39798408883519
2044,20177,Corn,132475537.80653152,13247.553780653152,9.091050553311547,all_cult,Corn,0.12030458771317423,83,250,3311888.445163288,2483.167398071292,922.074495075186,124.36082943794406,164.37189975717902,5,1.1503541361410936,0.003143044087817196,8.836362844998742,21.20691636716084
2044,20177,Developed,255013934.0237044,25501.393402370442,17.50017100813045,developed,NA,NA,NA,NA,NA,NA,NA,NA,NA,NA,1.1503541361410936,0.003143044087817196,8.836362844998742,21.20691636716084
2044,20177,Double Crop,2797246.7569815805,279.7246756981581,0.19195930130847558,all_cult,NA,NA,NA,NA,NA,NA,NA,NA,NA,NA,1.1503541361410936,0.003143044087817196,8.836362844998742,21.20691636716084
2044,20177,Grass/Pasture/Shrubland,626083355.6398722,62608.33556398722,42.96457693964075,grassPastureHay,NA,NA,NA,NA,NA,NA,NA,NA,NA,NA,1.1503541361410936,0.003143044087817196,8.836362844998742,21.20691636716084
2044,20177,Other Crops,33361526.081880283,3336.1526081880284,2.289413767762353,all_cult,NA,NA,NA,NA,NA,NA,NA,NA,NA,NA,1.1503541361410936,0.003143044087817196,8.836362844998742,21.20691636716084
2044,20177,Sorghum,2303954.5452317544,230.39545452317543,0.15810743319134585,all_cult,Sorghum,NA,NA,112,25804.29090659565,2483.167398071292,922.074495075186,124.36082943794406,164.37189975717902,5,1.1503541361410936,0.003143044087817196,8.836362844998742,21.20691636716084
2044,20177,Soybeans,145627766.023613,14562.7766023613,9.993613951731533,all_cult,Soybeans,0.09768281806034469,42.833333333333336,56,815515.4897322329,2483.167398071292,922.074495075186,124.36082943794406,164.37189975717902,5,1.1503541361410936,0.003143044087817196,8.836362844998742,21.20691636716084
2044,20177,Wheat,9565647.685078032,956.5647685078033,0.656436562704971,all_cult,Wheat,NA,NA,89,85134.26439719449,2342.951416015628,636.0947851975226,219.9037281685651,143.97164507709536,5,1.1503541361410936,0.003143044087817196,8.836362844998742,21.20691636716084
2044,20197,Corn,69733578.79693311,6973.357879693312,4.536852294529976,all_cult,Corn,0.14186117514330646,28.666666666666668,250,1743339.469923328,2466.2959100341827,892.4949691572361,126.2642626349074,162.3202246606835,5,1.1044212146713699,0.003017544302380792,8.562565796231986,21.280841931619303
2044,20197,Developed,54289406.85937861,5428.940685937861,3.5320576446519008,developed,NA,NA,NA,NA,NA,NA,NA,NA,NA,NA,1.1044212146713699,0.003017544302380792,8.562565796231986,21.280841931619303
2044,20197,Double Crop,1125869.9276987636,112.58699276987635,0.07324886594013556,all_cult,NA,NA,NA,NA,NA,NA,NA,NA,NA,NA,1.1044212146713699,0.003017544302380792,8.562565796231986,21.280841931619303
2044,20197,Grass/Pasture/Shrubland,1169502873.1037595,116950.28731037596,76.08761639426346,grassPastureHay,NA,NA,NA,NA,NA,NA,NA,NA,NA,NA,1.1044212146713699,0.003017544302380792,8.562565796231986,21.280841931619303
2044,20197,Other Crops,29094649.42529061,2909.464942529061,1.8928919077573607,all_cult,NA,NA,NA,NA,NA,NA,NA,NA,NA,NA,1.1044212146713699,0.003017544302380792,8.562565796231986,21.280841931619303
2044,20197,Sorghum,3287931.385599168,328.7931385599168,0.21391213972326276,all_cult,Sorghum,NA,NA,112,36824.831518710685,2466.2959100341827,892.4949691572361,126.2642626349074,162.3202246606835,5,1.1044212146713699,0.003017544302380792,8.562565796231986,21.280841931619303
2044,20197,Soybeans,83491332.16381498,8349.133216381497,5.431928899043218,all_cult,Soybeans,0.12942046457519057,22.77777777777778,56,467551.46011736384,2466.2959100341827,892.4949691572361,126.2642626349074,162.3202246606835,5,1.1044212146713699,0.003017544302380792,8.562565796231986,21.280841931619303
2044,20197,Wheat,7530280.724868099,753.02807248681,0.4899185152185996,all_cult,Wheat,NA,NA,89,67019.49845132609,2323.9021185302763,621.1439101112962,214.0660750712043,145.7354013002998,5,1.1044212146713699,0.003017544302380792,8.562565796231986,21.280841931619303
2044,20209,Corn,2798441.748604609,279.8441748604609,1.0907251789658858,all_cult,Corn,NA,NA,250,69961.04371511523,2533.5315313720735,917.7322451741402,108.35383743525404,189.22616108511065,5,1.1637937237979015,0.0031797642726718624,9.514520613873614,20.979732909489222
2044,20209,Developed,144515431.86680782,14451.543186680783,56.32656829996687,developed,NA,NA,NA,NA,NA,NA,NA,NA,NA,NA,1.1637937237979015,0.0031797642726718624,9.514520613873614,20.979732909489222
2044,20209,Double Crop,152719.71803613545,15.271971803613546,0.05952428413764306,all_cult,NA,NA,NA,NA,NA,NA,NA,NA,NA,NA,1.1637937237979015,0.0031797642726718624,9.514520613873614,20.979732909489222
2044,20209,Grass/Pasture/Shrubland,41083799.11850462,4108.379911850462,16.01288794682744,grassPastureHay,NA,NA,NA,NA,NA,NA,NA,NA,NA,NA,1.1637937237979015,0.0031797642726718624,9.514520613873614,20.979732909489222
2044,20209,Other Crops,1959154.8527385148,195.91548527385146,0.7636033619211925,all_cult,NA,NA,NA,NA,NA,NA,NA,NA,NA,NA,1.1637937237979015,0.0031797642726718624,9.514520613873614,20.979732909489222
2044,20209,Sorghum,54127.80426680527,5.412780426680527,0.02109694047602745,all_cult,Sorghum,NA,NA,112,606.231407788219,2533.5315313720735,917.7322451741402,108.35383743525404,189.22616108511065,5,1.1637937237979015,0.0031797642726718624,9.514520613873614,20.979732909489222
2044,20209,Soybeans,8244134.676247953,824.4134676247953,3.213247256139296,all_cult,Soybeans,0.14562756367793683,4.75,56,46167.15418698854,2533.5315313720735,917.7322451741402,108.35383743525404,189.22616108511065,5,1.1637937237979015,0.0031797642726718624,9.514520613873614,20.979732909489222
2044,20209,Wheat,234900.57353758038,23.49005735375804,0.09155522720411169,all_cult,Wheat,NA,NA,89,2090.6151044844655,2362.2209020996124,632.1373924389616,222.79711899509243,135.42965450863684,5,1.1637937237979015,0.0031797642726718624,9.514520613873614,20.979732909489222
2045,20005,Corn,172734778.84431297,17273.477884431297,23.078910848652363,all_cult,Corn,0.10724545034749912,6.181818181818182,250,4318369.471107824,2391.9949591064483,894.1179258349515,118.04215552754232,170.43792270280215,5,1.1606243055521859,0.003179792617951194,8.291768364057171,20.34980656035961
2045,20005,Developed,36578638.84791646,3657.863884791646,4.88723319405755,developed,NA,NA,NA,NA,NA,NA,NA,NA,NA,NA,1.1606243055521859,0.003179792617951194,8.291768364057171,20.34980656035961
2045,20005,Double Crop,1451158.554832854,145.11585548328543,0.1938877575107932,all_cult,NA,NA,NA,NA,NA,NA,NA,NA,NA,NA,1.1606243055521859,0.003179792617951194,8.291768364057171,20.34980656035961
2045,20005,Grass/Pasture/Shrubland,215288406.86893737,21528.840686893738,28.764456018176027,grassPastureHay,NA,NA,NA,NA,NA,NA,NA,NA,NA,NA,1.1606243055521859,0.003179792617951194,8.291768364057171,20.34980656035961
2045,20005,Other Crops,29204979.705745928,2920.4979705745927,3.902046405912905,all_cult,NA,NA,NA,NA,NA,NA,NA,NA,NA,NA,1.1606243055521859,0.003179792617951194,8.291768364057171,20.34980656035961
2045,20005,Sorghum,732239.3724075308,73.22393724075309,0.09783372699309156,all_cult,Sorghum,NA,NA,112,8201.080970964345,2391.9949591064483,894.1179258349515,118.04215552754232,170.43792270280215,5,1.1606243055521859,0.003179792617951194,8.291768364057171,20.34980656035961
2045,20005,Soybeans,181600576.65296197,18160.057665296197,24.263460703620524,all_cult,Soybeans,0.07483265359624193,5,56,1016963.2292565871,2391.9949591064483,894.1179258349515,118.04215552754232,170.43792270280215,5,1.1606243055521859,0.003179792617951194,8.291768364057171,20.34980656035961
2045,20005,Wheat,5908069.702597459,590.8069702597459,0.7893709354082403,all_cult,Wheat,NA,NA,89,52581.82035311738,2233.511361083987,509.5890617611509,193.3298605459581,82.81471010558576,5,1.1606243055521859,0.003179792617951194,8.291768364057171,20.34980656035961
2045,20013,Corn,113276297.82191704,11327.629782191703,25.36090350021212,all_cult,Corn,0.12646432205391206,17.5625,250,2831907.445547926,2358.4467730712918,873.3868352896825,107.99005752959128,141.29036745134144,5,1.1388858057299258,0.003120235084191577,7.814983152624702,20.307611234482042
2045,20013,Developed,24170977.38782201,2417.0977387822013,5.411527714315524,developed,NA,NA,NA,NA,NA,NA,NA,NA,NA,NA,1.1388858057299258,0.003120235084191577,7.814983152624702,20.307611234482042
2045,20013,Double Crop,542048.8992527233,54.20488992527234,0.12135680712267008,all_cult,NA,NA,NA,NA,NA,NA,NA,NA,NA,NA,1.1388858057299258,0.003120235084191577,7.814983152624702,20.307611234482042
2045,20013,Grass/Pasture/Shrubland,122499833.68113159,12249.983368113159,27.425918047421547,grassPastureHay,NA,NA,NA,NA,NA,NA,NA,NA,NA,NA,1.1388858057299258,0.003120235084191577,7.814983152624702,20.307611234482042
2045,20013,Other Crops,13090232.71280689,1309.023271280689,2.9307113227404837,all_cult,NA,NA,NA,NA,NA,NA,NA,NA,NA,NA,1.1388858057299258,0.003120235084191577,7.814983152624702,20.307611234482042
2045,20013,Sorghum,333636.9508835004,33.363695088350035,0.07469642527304013,all_cult,Sorghum,NA,NA,112,3736.733849895204,2358.4467730712918,873.3868352896825,107.99005752959128,141.29036745134144,5,1.1388858057299258,0.003120235084191577,7.814983152624702,20.307611234482042
2045,20013,Soybeans,123405327.24801578,12340.532724801578,27.62864479089188,all_cult,Soybeans,0.10147480973744562,10.461538461538462,56,691069.8325888884,2358.4467730712918,873.3868352896825,107.99005752959128,141.29036745134144,5,1.1388858057299258,0.003120235084191577,7.814983152624702,20.307611234482042
2045,20013,Wheat,3906288.4515680084,390.6288451568008,0.8745607542714157,all_cult,Wheat,NA,NA,89,34765.96721895527,2198.8325952148466,504.5172542298604,194.77546567357064,78.25799162510067,5,1.1388858057299258,0.003120235084191577,7.814983152624702,20.307611234482042
2045,20045,Corn,74392843.99321488,7439.284399321487,7.631923083362056,all_cult,Corn,0.1459526935617447,11,250,1859821.0998303718,2444.9243090820346,931.3251149845736,132.40397239371575,253.6243467141239,5,1.2088509939218401,0.003311920531292713,8.998231911855225,20.619896424175966
2045,20045,Developed,130402436.2681122,13040.24362681122,13.37791795635647,developed,NA,NA,NA,NA,NA,NA,NA,NA,NA,NA,1.2088509939218401,0.003311920531292713,8.998231911855225,20.619896424175966
2045,20045,Double Crop,4220114.888463862,422.01148884638627,0.4329393864098648,all_cult,NA,NA,NA,NA,NA,NA,NA,NA,NA,NA,1.2088509939218401,0.003311920531292713,8.998231911855225,20.619896424175966
2045,20045,Grass/Pasture/Shrubland,354830010.0217444,35483.00100217444,36.40182575089523,grassPastureHay,NA,NA,NA,NA,NA,NA,NA,NA,NA,NA,1.2088509939218401,0.003311920531292713,8.998231911855225,20.619896424175966
2045,20045,Other Crops,37964614.628596716,3796.4614628596714,3.8947700233285687,all_cult,NA,NA,NA,NA,NA,NA,NA,NA,NA,NA,1.2088509939218401,0.003311920531292713,8.998231911855225,20.619896424175966
2045,20045,Sorghum,671055.755263424,67.1055755263424,0.06884326010288025,all_cult,Sorghum,NA,NA,112,7515.824458950349,2444.9243090820346,931.3251149845736,132.40397239371575,253.6243467141239,5,1.2088509939218401,0.003311920531292713,8.998231911855225,20.619896424175966
2045,20045,Soybeans,100028766.3995359,10002.876639953589,10.261898998705805,all_cult,Soybeans,0.11420951862362651,8.5,56,560161.091837401,2444.9243090820346,931.3251149845736,132.40397239371575,253.6243467141239,5,1.2088509939218401,0.003311920531292713,8.998231911855225,20.619896424175966
2045,20045,Wheat,7085783.937909698,708.5783937909698,0.7269268802840957,all_cult,Wheat,NA,NA,89,63063.477047396314,2292.2790936279325,553.1030290714268,183.97581445585516,120.92634471791273,5,1.2088509939218401,0.003311920531292713,8.998231911855225,20.619896424175966
2045,20061,Corn,31722102.062803604,3172.21020628036,4.044269831598419,all_cult,Corn,0.16936452361704205,12.944444444444445,250,793052.55157009,2392.7540551757843,807.8506513935913,124.11369146059955,211.6800394501696,5,1.0586455769719054,0.0029003988410189188,8.22807148136507,20.746265267150065
2045,20061,Developed,61171563.9285717,6117.15639285717,7.798799400437711,developed,NA,NA,NA,NA,NA,NA,NA,NA,NA,NA,1.0586455769719054,0.0029003988410189188,8.22807148136507,20.746265267150065
2045,20061,Double Crop,5604030.762346523,560.4030762346523,0.7144612454318694,all_cult,NA,NA,NA,NA,NA,NA,NA,NA,NA,NA,1.0586455769719054,0.0029003988410189188,8.22807148136507,20.746265267150065
2045,20061,Grass/Pasture/Shrubland,476190220.2809351,47619.02202809351,60.70977699307564,grassPastureHay,NA,NA,NA,NA,NA,NA,NA,NA,NA,NA,1.0586455769719054,0.0029003988410189188,8.22807148136507,20.746265267150065
2045,20061,Other Crops,18227803.79878525,1822.7803798785249,2.323873646638379,all_cult,NA,NA,NA,NA,NA,NA,NA,NA,NA,NA,1.0586455769719054,0.0029003988410189188,8.22807148136507,20.746265267150065
2045,20061,Sorghum,5491901.736070833,549.1901736070832,0.7001658485721192,all_cult,Sorghum,NA,NA,112,61509.299443993325,2392.7540551757843,807.8506513935913,124.11369146059955,211.6800394501696,5,1.0586455769719054,0.0029003988410189188,8.22807148136507,20.746265267150065
2045,20061,Soybeans,39491221.54782481,3949.1221547824807,5.03475953777074,all_cult,Soybeans,0.12217913528938978,7.666666666666667,56,221150.8406678189,2392.7540551757843,807.8506513935913,124.11369146059955,211.6800394501696,5,1.0586455769719054,0.0029003988410189188,8.22807148136507,20.746265267150065
2045,20061,Wheat,15495075.277191846,1549.5075277191845,1.9754764472362665,all_cult,Wheat,NA,NA,89,137906.16996700742,2249.9079962158235,503.27869340003264,198.5127314579901,153.64380466931863,5,1.0586455769719054,0.0029003988410189188,8.22807148136507,20.746265267150065
2045,20085,Corn,134933024.35661882,13493.30243566188,7.9306511901880965,all_cult,Corn,NA,NA,250,3373325.60891547,2377.7847302246128,899.1762186060172,116.1144453851048,172.05877441735188,5,1.1647532015029654,0.00319110466165196,8.06542448697027,20.505351612665905
2045,20085,Developed,75618361.35140783,7561.836135140783,4.444448275810096,developed,NA,NA,NA,NA,NA,NA,NA,NA,NA,NA,1.1647532015029654,0.00319110466165196,8.06542448697027,20.505351612665905
2045,20085,Double Crop,1864792.83802623,186.479283802623,0.10960268333762817,all_cult,NA,NA,NA,NA,NA,NA,NA,NA,NA,NA,1.1647532015029654,0.00319110466165196,8.06542448697027,20.505351612665905
2045,20085,Grass/Pasture/Shrubland,941187748.5802637,94118.77485802637,55.31804963283908,grassPastureHay,NA,NA,NA,NA,NA,NA,NA,NA,NA,NA,1.1647532015029654,0.00319110466165196,8.06542448697027,20.505351612665905
2045,20085,Other Crops,98052397.627671,9805.2397627671,5.7630025537076115,all_cult,NA,NA,NA,NA,NA,NA,NA,NA,NA,NA,1.1647532015029654,0.00319110466165196,8.06542448697027,20.505351612665905
2045,20085,Sorghum,4069081.398774073,406.9081398774073,0.23915913388905596,all_cult,Sorghum,NA,NA,112,45573.71166626961,2377.7847302246128,899.1762186060172,116.1144453851048,172.05877441735188,5,1.1647532015029654,0.00319110466165196,8.06542448697027,20.505351612665905
2045,20085,Soybeans,170772946.2930534,17077.29462930534,10.037132690300496,all_cult,Soybeans,NA,NA,56,956328.499241099,2377.7847302246128,899.1762186060172,116.1144453851048,172.05877441735188,5,1.1647532015029654,0.00319110466165196,8.06542448697027,20.505351612665905
2045,20085,Wheat,13725583.902961861,1372.5583902961862,0.8067173980208171,all_cult,Wheat,NA,NA,89,122157.69673636057,2231.4857470703155,527.3595714981025,192.66343501752755,89.30818352908746,5,1.1647532015029654,0.00319110466165196,8.06542448697027,20.505351612665905
2045,20087,Corn,155094058.297135,15509.4058297135,10.788896738521789,all_cult,Corn,0.13078338055311117,25.77777777777778,250,3877351.457428375,2405.826917114261,920.3914276591224,124.93488331180656,209.57365606045315,5,1.197462125060536,0.0032807181508507834,8.592444366037052,20.42908377033393
2045,20087,Developed,83037617.78054704,8303.761778054704,5.7763933285619125,developed,NA,NA,NA,NA,NA,NA,NA,NA,NA,NA,1.197462125060536,0.0032807181508507834,8.592444366037052,20.42908377033393
2045,20087,Double Crop,3214015.8179615135,321.4015817961514,0.2235784217441099,all_cult,NA,NA,NA,NA,NA,NA,NA,NA,NA,NA,1.197462125060536,0.0032807181508507834,8.592444366037052,20.42908377033393
2045,20087,Grass/Pasture/Shrubland,533878677.1787268,53387.86771787268,37.138507962340775,grassPastureHay,NA,NA,NA,NA,NA,NA,NA,NA,NA,NA,1.197462125060536,0.0032807181508507834,8.592444366037052,20.42908377033393
2045,20087,Other Crops,67978226.39294052,6797.822639294052,4.728808266891807,all_cult,NA,NA,NA,NA,NA,NA,NA,NA,NA,NA,1.197462125060536,0.0032807181508507834,8.592444366037052,20.42908377033393
2045,20087,Sorghum,2078940.1655916602,207.89401655916603,0.1446185045281528,all_cult,Sorghum,NA,NA,112,23284.129854626597,2405.826917114261,920.3914276591224,124.93488331180656,209.57365606045315,5,1.197462125060536,0.0032807181508507834,8.592444366037052,20.42908377033393
2045,20087,Soybeans,173639107.61438552,17363.91076143855,12.078956617613274,all_cult,Soybeans,0.09985991575255485,13.833333333333334,56,972379.0026405589,2405.826917114261,920.3914276591224,124.93488331180656,209.57365606045315,5,1.197462125060536,0.0032807181508507834,8.592444366037052,20.42908377033393
2045,20087,Wheat,7377427.0278590415,737.7427027859042,0.5132001784817648,all_cult,Wheat,NA,NA,89,65659.10054794548,2258.6819775390654,540.4237385219889,189.10354001295013,101.8223393881308,5,1.197462125060536,0.0032807181508507834,8.592444366037052,20.42908377033393
2045,20091,Corn,20137063.169311535,2013.7063169311532,3.334881975218613,all_cult,Corn,0.14955141172933145,4,250,503426.5792327883,2453.8318395996125,943.4109934794892,136.37737591444133,218.79653396272587,5,1.2230142151850543,0.003350723877219327,9.203026365515326,20.49741391534677
2045,20091,Developed,271607528.4848879,27160.752848488788,44.98069273866694,developed,NA,NA,NA,NA,NA,NA,NA,NA,NA,NA,1.2230142151850543,0.003350723877219327,9.203026365515326,20.49741391534677
2045,20091,Double Crop,2013905.6882216034,201.39056882216036,0.3335212152324038,all_cult,NA,NA,NA,NA,NA,NA,NA,NA,NA,NA,1.2230142151850543,0.003350723877219327,9.203026365515326,20.49741391534677
2045,20091,Grass/Pasture/Shrubland,139667491.4795437,13966.749147954368,23.130214964462166,grassPastureHay,NA,NA,NA,NA,NA,NA,NA,NA,NA,NA,1.2230142151850543,0.003350723877219327,9.203026365515326,20.49741391534677
2045,20091,Other Crops,14581458.923742233,1458.1458923742232,2.4148230617504245,all_cult,NA,NA,NA,NA,NA,NA,NA,NA,NA,NA,1.2230142151850543,0.003350723877219327,9.203026365515326,20.49741391534677
2045,20091,Sorghum,265245.84730308503,26.524584730308504,0.043927140106542625,all_cult,Sorghum,NA,NA,112,2970.7534897945525,2453.8318395996125,943.4109934794892,136.37737591444133,218.79653396272587,5,1.2230142151850543,0.003350723877219327,9.203026365515326,20.49741391534677
2045,20091,Soybeans,40506888.73460731,4050.688873460731,6.708311533684595,all_cult,Soybeans,NA,NA,56,226838.57691380093,2453.8318395996125,943.4109934794892,136.37737591444133,218.79653396272587,5,1.2230142151850543,0.003350723877219327,9.203026365515326,20.49741391534677
2045,20091,Wheat,3047090.5931461067,304.70905931461067,0.5046260922212007,all_cult,Wheat,NA,NA,89,27119.10627900035,2296.7450927734403,556.3265473328901,183.34630901789856,99.30214582516471,5,1.2230142151850543,0.003350723877219327,9.203026365515326,20.49741391534677
2045,20103,Corn,55676654.53817842,5567.665453817842,6.162232243462533,all_cult,Corn,0.09926099891867379,4.75,250,1391916.3634544604,2435.352188720706,922.9542573399287,128.26999427038936,215.08929538648232,5,1.200409856919144,0.0032887941285456,8.896992664075901,20.497281627916333
2045,20103,Developed,66222526.18511143,6622.252618511144,7.329437975150055,developed,NA,NA,NA,NA,NA,NA,NA,NA,NA,NA,1.200409856919144,0.0032887941285456,8.896992664075901,20.497281627916333
2045,20103,Double Crop,2239300.7972116056,223.93007972116058,0.2478434038440015,all_cult,NA,NA,NA,NA,NA,NA,NA,NA,NA,NA,1.200409856919144,0.0032887941285456,8.896992664075901,20.497281627916333
2045,20103,Grass/Pasture/Shrubland,361083573.13099504,36108.3573130995,39.96434152498699,grassPastureHay,NA,NA,NA,NA,NA,NA,NA,NA,NA,NA,1.200409856919144,0.0032887941285456,8.896992664075901,20.497281627916333
2045,20103,Other Crops,54377617.6404599,5437.76176404599,6.018456236750789,all_cult,NA,NA,NA,NA,NA,NA,NA,NA,NA,NA,1.200409856919144,0.0032887941285456,8.896992664075901,20.497281627916333
2045,20103,Sorghum,567901.3203360821,56.79013203360822,0.06285470735100035,all_cult,Sorghum,NA,NA,112,6360.494787764121,2435.352188720706,922.9542573399287,128.26999427038936,215.08929538648232,5,1.200409856919144,0.0032887941285456,8.896992664075901,20.497281627916333
2045,20103,Soybeans,101039226.18326606,10103.922618326606,11.18291288522158,all_cult,Soybeans,0.11410095968932568,4.571428571428571,56,565819.66662629,2435.352188720706,922.9542573399287,128.26999427038936,215.08929538648232,5,1.200409856919144,0.0032887941285456,8.896992664075901,20.497281627916333
2045,20103,Wheat,4817340.8524583215,481.7340852458321,0.5331781044497215,all_cult,Wheat,NA,NA,89,42874.33358687905,2278.2713024902373,538.262012091721,185.4571132187692,94.09094659756954,5,1.200409856919144,0.0032887941285456,8.896992664075901,20.497281627916333
2045,20117,Corn,1797933.5665907045,179.79335665907044,8.787790125047634,all_cult,Corn,0.16261062771687598,15.722222222222221,250,44948.33916476761,2324.2413500976595,828.3527338759285,109.66667732478284,128.6400917464675,5,1.080949992585459,0.002961506829001258,7.617734500414728,20.146889514661837
2045,20117,Developed,709093.4285035765,70.90934285035766,3.465847873654197,developed,NA,NA,NA,NA,NA,NA,NA,NA,NA,NA,1.080949992585459,0.002961506829001258,7.617734500414728,20.146889514661837
2045,20117,Double Crop,17005.082052877187,1.700508205287719,0.08311602548433755,all_cult,NA,NA,NA,NA,NA,NA,NA,NA,NA,NA,1.080949992585459,0.002961506829001258,7.617734500414728,20.146889514661837
2045,20117,Grass/Pasture/Shrubland,13608757.209524421,1360.8757209524422,66.51575143947134,grassPastureHay,NA,NA,NA,NA,NA,NA,NA,NA,NA,NA,1.080949992585459,0.002961506829001258,7.617734500414728,20.146889514661837
2045,20117,Other Crops,368569.7378671669,36.856973786716694,1.801464505144208,all_cult,NA,NA,NA,NA,NA,NA,NA,NA,NA,NA,1.080949992585459,0.002961506829001258,7.617734500414728,20.146889514661837
2045,20117,Sorghum,113210.96189225193,11.321096189225193,0.5533431220433721,all_cult,Sorghum,NA,NA,112,1267.9627731932217,2324.2413500976595,828.3527338759285,109.66667732478284,128.6400917464675,5,1.080949992585459,0.002961506829001258,7.617734500414728,20.146889514661837
2045,20117,Soybeans,2250086.8872694396,225.00868872694397,10.99778751332857,all_cult,Soybeans,0.12228514283699721,8.25,56,12600.486568708862,2324.2413500976595,828.3527338759285,109.66667732478284,128.6400917464675,5,1.080949992585459,0.002961506829001258,7.617734500414728,20.146889514661837
2045,20117,Wheat,234744.84118524572,23.474484118524572,1.1473663074132867,all_cult,Wheat,NA,NA,89,2089.229086548687,2175.917846069339,493.9077535472327,198.20978167699133,97.6413176148423,5,1.080949992585459,0.002961506829001258,7.617734500414728,20.146889514661837
2045,20127,Corn,10941387.892613748,1094.1387892613748,4.064821675495574,all_cult,Corn,NA,NA,250,273534.6973153437,2396.6444567871126,795.0887884815214,134.48893072594416,212.48373104960064,5,1.0537339039062306,0.0028869422024828235,8.26433290246417,20.748225264875877
2045,20127,Developed,12128694.282144045,1212.8694282144045,4.50591642462472,developed,NA,NA,NA,NA,NA,NA,NA,NA,NA,NA,1.0537339039062306,0.0028869422024828235,8.26433290246417,20.748225264875877
2045,20127,Double Crop,4499199.088895911,449.9199088895911,1.671491967784096,all_cult,NA,NA,NA,NA,NA,NA,NA,NA,NA,NA,1.0537339039062306,0.0028869422024828235,8.26433290246417,20.748225264875877
2045,20127,Grass/Pasture/Shrubland,158101691.18434784,15810.169118434784,58.73616652348874,grassPastureHay,NA,NA,NA,NA,NA,NA,NA,NA,NA,NA,1.0537339039062306,0.0028869422024828235,8.26433290246417,20.748225264875877
2045,20127,Other Crops,10981377.128665583,1098.1377128665583,4.079678027823576,all_cult,NA,NA,NA,NA,NA,NA,NA,NA,NA,NA,1.0537339039062306,0.0028869422024828235,8.26433290246417,20.748225264875877
2045,20127,Sorghum,7272388.587591114,727.2388587591115,2.701756217181813,all_cult,Sorghum,NA,NA,112,81450.75218102049,2396.6444567871126,795.0887884815214,134.48893072594416,212.48373104960064,5,1.0537339039062306,0.0028869422024828235,8.26433290246417,20.748225264875877
2045,20127,Soybeans,28686301.015498407,2868.6301015498407,10.657212713965244,all_cult,Soybeans,0.11686486262093489,4,56,160643.2856867911,2396.6444567871126,795.0887884815214,134.48893072594416,212.48373104960064,5,1.0537339039062306,0.0028869422024828235,8.26433290246417,20.748225264875877
2045,20127,Wheat,20934850.636842933,2093.485063684293,7.777480834890052,all_cult,Wheat,NA,NA,89,186320.17066790207,2253.295432128909,512.5891800915132,196.76103696735441,149.35848157869853,5,1.0537339039062306,0.0028869422024828235,8.26433290246417,20.748225264875877
2045,20131,Corn,124792211.963085,12479.2211963085,16.444051346315263,all_cult,Corn,0.12528513936677563,9.454545454545455,250,3119805.299077125,2326.8174871826204,851.4053307762096,106.38516504433002,134.92737835391432,5,1.109192991251429,0.0030388849075381613,7.612052913300001,20.10739063837759
2045,20131,Developed,34827921.40223819,3482.792140223819,4.589325878711502,developed,NA,NA,NA,NA,NA,NA,NA,NA,NA,NA,1.109192991251429,0.0030388849075381613,7.612052913300001,20.10739063837759
2045,20131,Double Crop,1288597.7379512293,128.85977379512295,0.1698003988733199,all_cult,NA,NA,NA,NA,NA,NA,NA,NA,NA,NA,1.109192991251429,0.0030388849075381613,7.612052913300001,20.10739063837759
2045,20131,Grass/Pasture/Shrubland,328086582.4549448,32808.65824549448,43.232446344665604,grassPastureHay,NA,NA,NA,NA,NA,NA,NA,NA,NA,NA,1.109192991251429,0.0030388849075381613,7.612052913300001,20.10739063837759
2045,20131,Other Crops,27101730.321978156,2710.1730321978157,3.5712344382550913,all_cult,NA,NA,NA,NA,NA,NA,NA,NA,NA,NA,1.109192991251429,0.0030388849075381613,7.612052913300001,20.10739063837759
2045,20131,Sorghum,2055671.3741418559,205.5671374141856,0.2708788080264065,all_cult,Sorghum,NA,NA,112,23023.519390388785,2326.8174871826204,851.4053307762096,106.38516504433002,134.92737835391432,5,1.109192991251429,0.0030388849075381613,7.612052913300001,20.10739063837759
2045,20131,Soybeans,136674912.54505298,13667.491254505298,18.00985209164201,all_cult,Soybeans,0.1067341402930363,5.142857142857143,56,765379.5102522967,2326.8174871826204,851.4053307762096,106.38516504433002,134.92737835391432,5,1.109192991251429,0.0030388849075381613,7.612052913300001,20.10739063837759
2045,20131,Wheat,9588450.555545796,958.8450555545795,1.2634840811511674,all_cult,Wheat,NA,NA,89,85337.20994435757,2170.660441894534,499.6616924630546,194.83928641849732,85.3336300905402,5,1.109192991251429,0.0030388849075381613,7.612052913300001,20.10739063837759
2045,20139,Corn,20890964.22588984,2089.096422588984,9.4988079569725965,all_cult,Corn,NA,NA,250,522274.10564724595,2416.724342041018,896.6666316852704,136.6639912072131,254.82198659995183,5,1.1726082521912895,0.003212625348469286,8.633326023049573,20.593499421420187
2045,20139,Developed,11858545.489950646,1185.8545489950645,5.391902692479325,developed,NA,NA,NA,NA,NA,NA,NA,NA,NA,NA,1.1726082521912895,0.003212625348469286,8.633326023049573,20.593499421420187
2045,20139,Double Crop,1849135.1156913848,184.91351156913848,0.8407739901578724,all_cult,NA,NA,NA,NA,NA,NA,NA,NA,NA,NA,1.1726082521912895,0.003212625348469286,8.633326023049573,20.593499421420187
2045,20139,Grass/Pasture/Shrubland,108139234.26990536,10813.923426990536,49.1692871538651,grassPastureHay,NA,NA,NA,NA,NA,NA,NA,NA,NA,NA,1.1726082521912895,0.003212625348469286,8.633326023049573,20.593499421420187
2045,20139,Other Crops,6302951.103083336,630.2951103083336,2.86585728849129,all_cult,NA,NA,NA,NA,NA,NA,NA,NA,NA,NA,1.1726082521912895,0.003212625348469286,8.633326023049573,20.593499421420187
2045,20139,Sorghum,252758.48461129973,25.27584846112997,0.11492549021948671,all_cult,Sorghum,NA,NA,112,2830.8950276465566,2416.724342041018,896.6666316852704,136.6639912072131,254.82198659995183,5,1.1726082521912895,0.003212625348469286,8.633326023049573,20.593499421420187
2045,20139,Soybeans,28064514.38751116,2806.4514387511163,12.76051357372463,all_cult,Soybeans,NA,NA,56,157161.28057006252,2416.724342041018,896.6666316852704,136.6639912072131,254.82198659995183,5,1.1726082521912895,0.003212625348469286,8.633326023049573,20.593499421420187
2045,20139,Wheat,1738320.944623076,173.8320944623076,0.7903884493801757,all_cult,Wheat,NA,NA,89,15471.056407145375,2272.9278521728543,545.979123655268,184.96734784010323,130.20744252257802,5,1.1726082521912895,0.003212625348469286,8.633326023049573,20.593499421420187
2045,20149,Corn,136791901.8519852,13679.190185198519,7.982141503627487,all_cult,Corn,0.1326174661314905,62.44444444444444,250,3419797.54629963,2376.0447302246125,837.5312085722633,114.77733717496362,144.29440475879005,5,1.0891329522093744,0.0029839258964640394,8.009970009163657,20.59633320847605
2045,20149,Developed,87781477.02653997,8778.147702653996,5.122263537072818,developed,NA,NA,NA,NA,NA,NA,NA,NA,NA,NA,1.0891329522093744,0.0029839258964640394,8.009970009163657,20.59633320847605
2045,20149,Double Crop,1803166.4492782145,180.31664492782144,0.1052191654466961,all_cult,NA,NA,NA,NA,NA,NA,NA,NA,NA,NA,1.0891329522093744,0.0029839258964640394,8.009970009163657,20.59633320847605
2045,20149,Grass/Pasture/Shrubland,1058221194.9777538,105822.11949777538,61.749790785057485,grassPastureHay,NA,NA,NA,NA,NA,NA,NA,NA,NA,NA,1.0891329522093744,0.0029839258964640394,8.009970009163657,20.59633320847605
2045,20149,Other Crops,34485813.7618199,3448.58137618199,2.012331443512244,all_cult,NA,NA,NA,NA,NA,NA,NA,NA,NA,NA,1.0891329522093744,0.0029839258964640394,8.009970009163657,20.59633320847605
2045,20149,Sorghum,5647082.09049503,564.708209049503,0.3295210295248753,all_cult,Sorghum,NA,NA,112,63247.319413544334,2376.0447302246125,837.5312085722633,114.77733717496362,144.29440475879005,5,1.0891329522093744,0.0029839258964640394,8.009970009163657,20.59633320847605
2045,20149,Soybeans,153915907.33370754,15391.590733370755,8.98136903839706,all_cult,Soybeans,0.11392545848870632,51.611111111111114,56,861929.0810687622,2376.0447302246125,837.5312085722633,114.77733717496362,144.29440475879005,5,1.0891329522093744,0.0029839258964640394,8.009970009163657,20.59633320847605
2045,20149,Wheat,13424373.002870617,1342.4373002870618,0.7833449455387832,all_cult,Wheat,NA,NA,89,119476.9197255485,2232.407628173831,506.2924054067771,197.3762710082683,106.6494410182321,5,1.0891329522093744,0.0029839258964640394,8.009970009163657,20.59633320847605
2045,20161,Corn,29887562.457934357,2988.756245793436,3.7374801575206362,all_cult,Corn,0.14127372152863188,12.444444444444445,250,747189.0614483589,2389.312661743167,803.2037667749173,117.94974219942242,185.71551086292655,5,1.047490853764454,0.002869837955519052,8.102173169279775,20.79087332111518
2045,20161,Developed,93189704.06140432,9318.970406140432,11.653498685445852,developed,NA,NA,NA,NA,NA,NA,NA,NA,NA,NA,1.047490853764454,0.002869837955519052,8.102173169279775,20.79087332111518
2045,20161,Double Crop,2321662.5391971655,232.16625391971652,0.2903270443991936,all_cult,NA,NA,NA,NA,NA,NA,NA,NA,NA,NA,1.047490853764454,0.002869837955519052,8.102173169279775,20.79087332111518
2045,20161,Grass/Pasture/Shrubland,421935273.9416269,42193.527394162695,52.76357736882686,grassPastureHay,NA,NA,NA,NA,NA,NA,NA,NA,NA,NA,1.047490853764454,0.002869837955519052,8.102173169279775,20.79087332111518
2045,20161,Other Crops,10313350.483787943,1031.3350483787942,1.2896984437913022,all_cult,NA,NA,NA,NA,NA,NA,NA,NA,NA,NA,1.047490853764454,0.002869837955519052,8.102173169279775,20.79087332111518
2045,20161,Sorghum,8046145.345421317,804.6145345421318,1.0061813711092988,all_cult,Sorghum,NA,NA,112,90116.82786871876,2389.312661743167,803.2037667749173,117.94974219942242,185.71551086292655,5,1.047490853764454,0.002869837955519052,8.102173169279775,20.79087332111518
2045,20161,Soybeans,56043067.26954317,5604.306726954317,7.008261452613234,all_cult,Soybeans,0.12420661341954765,10.38888888888889,56,313841.17670944176,2389.312661743167,803.2037667749173,117.94974219942242,185.71551086292655,5,1.047490853764454,0.002869837955519052,8.102173169279775,20.79087332111518
2045,20161,Wheat,14763447.35949416,1476.3447359494162,1.8461890841841313,all_cult,Wheat,NA,NA,89,131394.68149949805,2246.523166503909,489.6941136814248,199.99127198501665,135.1713751042464,5,1.047490853764454,0.002869837955519052,8.102173169279775,20.79087332111518
2045,20177,Corn,132475537.80653152,13247.553780653152,9.091050553311547,all_cult,Corn,0.12030458771317423,83,250,3311888.445163288,2415.0035461425814,887.7358065211062,129.94969249808176,216.5487134556864,5,1.1569631099400672,0.0031697619450412797,8.575866440028383,20.597350104345058
2045,20177,Developed,255013934.0237044,25501.393402370442,17.50017100813045,developed,NA,NA,NA,NA,NA,NA,NA,NA,NA,NA,1.1569631099400672,0.0031697619450412797,8.575866440028383,20.597350104345058
2045,20177,Double Crop,2797246.7569815805,279.7246756981581,0.19195930130847558,all_cult,NA,NA,NA,NA,NA,NA,NA,NA,NA,NA,1.1569631099400672,0.0031697619450412797,8.575866440028383,20.597350104345058
2045,20177,Grass/Pasture/Shrubland,626083355.6398722,62608.33556398722,42.96457693964075,grassPastureHay,NA,NA,NA,NA,NA,NA,NA,NA,NA,NA,1.1569631099400672,0.0031697619450412797,8.575866440028383,20.597350104345058
2045,20177,Other Crops,33361526.081880283,3336.1526081880284,2.289413767762353,all_cult,NA,NA,NA,NA,NA,NA,NA,NA,NA,NA,1.1569631099400672,0.0031697619450412797,8.575866440028383,20.597350104345058
2045,20177,Sorghum,2303954.5452317544,230.39545452317543,0.15810743319134585,all_cult,Sorghum,NA,NA,112,25804.29090659565,2415.0035461425814,887.7358065211062,129.94969249808176,216.5487134556864,5,1.1569631099400672,0.0031697619450412797,8.575866440028383,20.597350104345058
2045,20177,Soybeans,145627766.023613,14562.7766023613,9.993613951731533,all_cult,Soybeans,0.09768281806034469,42.833333333333336,56,815515.4897322329,2415.0035461425814,887.7358065211062,129.94969249808176,216.5487134556864,5,1.1569631099400672,0.0031697619450412797,8.575866440028383,20.597350104345058
2045,20177,Wheat,9565647.685078032,956.5647685078033,0.656436562704971,all_cult,Wheat,NA,NA,89,85134.26439719449,2272.415802001956,540.1800760643382,188.32792234231056,110.06104104486133,5,1.1569631099400672,0.0031697619450412797,8.575866440028383,20.597350104345058
2045,20197,Corn,69733578.79693311,6973.357879693312,4.536852294529976,all_cult,Corn,0.14186117514330646,28.666666666666668,250,1743339.469923328,2394.6530773925815,853.0144364545143,127.49738624857127,200.1336017322449,5,1.1063463051694507,0.0030310857675875363,8.269019315536731,20.65151059503427
2045,20197,Developed,54289406.85937861,5428.940685937861,3.5320576446519008,developed,NA,NA,NA,NA,NA,NA,NA,NA,NA,NA,1.1063463051694507,0.0030310857675875363,8.269019315536731,20.65151059503427
2045,20197,Double Crop,1125869.9276987636,112.58699276987635,0.07324886594013556,all_cult,NA,NA,NA,NA,NA,NA,NA,NA,NA,NA,1.1063463051694507,0.0030310857675875363,8.269019315536731,20.65151059503427
2045,20197,Grass/Pasture/Shrubland,1169502873.1037595,116950.28731037596,76.08761639426346,grassPastureHay,NA,NA,NA,NA,NA,NA,NA,NA,NA,NA,1.1063463051694507,0.0030310857675875363,8.269019315536731,20.65151059503427
2045,20197,Other Crops,29094649.42529061,2909.464942529061,1.8928919077573607,all_cult,NA,NA,NA,NA,NA,NA,NA,NA,NA,NA,1.1063463051694507,0.0030310857675875363,8.269019315536731,20.65151059503427
2045,20197,Sorghum,3287931.385599168,328.7931385599168,0.21391213972326276,all_cult,Sorghum,NA,NA,112,36824.831518710685,2394.6530773925815,853.0144364545143,127.49738624857127,200.1336017322449,5,1.1063463051694507,0.0030310857675875363,8.269019315536731,20.65151059503427
2045,20197,Soybeans,83491332.16381498,8349.133216381497,5.431928899043218,all_cult,Soybeans,0.12942046457519057,22.77777777777778,56,467551.46011736384,2394.6530773925815,853.0144364545143,127.49738624857127,200.1336017322449,5,1.1063463051694507,0.0030310857675875363,8.269019315536731,20.65151059503427
2045,20197,Wheat,7530280.724868099,753.02807248681,0.4899185152185996,all_cult,Wheat,NA,NA,89,67019.49845132609,2251.376517944339,521.0861025596894,190.4958003957677,128.7635322842045,5,1.1063463051694507,0.0030310857675875363,8.269019315536731,20.65151059503427
2045,20209,Corn,2798441.748604609,279.8441748604609,1.0907251789658858,all_cult,Corn,NA,NA,250,69961.04371511523,2462.7490063476594,932.1997203393264,133.70647234282754,214.0441327073538,5,1.2020935445857046,0.0032934069714676837,9.266661276621385,20.378525925727764
2045,20209,Developed,144515431.86680782,14451.543186680783,56.32656829996687,developed,NA,NA,NA,NA,NA,NA,NA,NA,NA,NA,1.2020935445857046,0.0032934069714676837,9.266661276621385,20.378525925727764
2045,20209,Double Crop,152719.71803613545,15.271971803613546,0.05952428413764306,all_cult,NA,NA,NA,NA,NA,NA,NA,NA,NA,NA,1.2020935445857046,0.0032934069714676837,9.266661276621385,20.378525925727764
2045,20209,Grass/Pasture/Shrubland,41083799.11850462,4108.379911850462,16.01288794682744,grassPastureHay,NA,NA,NA,NA,NA,NA,NA,NA,NA,NA,1.2020935445857046,0.0032934069714676837,9.266661276621385,20.378525925727764
2045,20209,Other Crops,1959154.8527385148,195.91548527385146,0.7636033619211925,all_cult,NA,NA,NA,NA,NA,NA,NA,NA,NA,NA,1.2020935445857046,0.0032934069714676837,9.266661276621385,20.378525925727764
2045,20209,Sorghum,54127.80426680527,5.412780426680527,0.02109694047602745,all_cult,Sorghum,NA,NA,112,606.231407788219,2462.7490063476594,932.1997203393264,133.70647234282754,214.0441327073538,5,1.2020935445857046,0.0032934069714676837,9.266661276621385,20.378525925727764
2045,20209,Soybeans,8244134.676247953,824.4134676247953,3.213247256139296,all_cult,Soybeans,0.14562756367793683,4.75,56,46167.15418698854,2462.7490063476594,932.1997203393264,133.70647234282754,214.0441327073538,5,1.2020935445857046,0.0032934069714676837,9.266661276621385,20.378525925727764
2045,20209,Wheat,234900.57353758038,23.49005735375804,0.09155522720411169,all_cult,Wheat,NA,NA,89,2090.6151044844655,2287.9040551757844,538.5544647383933,184.79114011361617,89.03291237306028,5,1.2020935445857046,0.0032934069714676837,9.266661276621385,20.378525925727764
2046,20005,Corn,172734778.84431297,17273.477884431297,23.078910848652363,all_cult,Corn,0.10724545034749912,6.181818181818182,250,4318369.471107824,2412.253970336917,908.309025653357,117.55108389053537,59.74251808654695,5,1.1343177814695347,0.0031077199492316014,8.547750093643002,20.839915453767148
2046,20005,Developed,36578638.84791646,3657.863884791646,4.88723319405755,developed,NA,NA,NA,NA,NA,NA,NA,NA,NA,NA,1.1343177814695347,0.0031077199492316014,8.547750093643002,20.839915453767148
2046,20005,Double Crop,1451158.554832854,145.11585548328543,0.1938877575107932,all_cult,NA,NA,NA,NA,NA,NA,NA,NA,NA,NA,1.1343177814695347,0.0031077199492316014,8.547750093643002,20.839915453767148
2046,20005,Grass/Pasture/Shrubland,215288406.86893737,21528.840686893738,28.764456018176027,grassPastureHay,NA,NA,NA,NA,NA,NA,NA,NA,NA,NA,1.1343177814695347,0.0031077199492316014,8.547750093643002,20.839915453767148
2046,20005,Other Crops,29204979.705745928,2920.4979705745927,3.902046405912905,all_cult,NA,NA,NA,NA,NA,NA,NA,NA,NA,NA,1.1343177814695347,0.0031077199492316014,8.547750093643002,20.839915453767148
2046,20005,Sorghum,732239.3724075308,73.22393724075309,0.09783372699309156,all_cult,Sorghum,NA,NA,112,8201.080970964345,2412.253970336917,908.309025653357,117.55108389053537,59.74251808654695,5,1.1343177814695347,0.0031077199492316014,8.547750093643002,20.839915453767148
2046,20005,Soybeans,181600576.65296197,18160.057665296197,24.263460703620524,all_cult,Soybeans,0.07483265359624193,5,56,1016963.2292565871,2412.253970336917,908.309025653357,117.55108389053537,59.74251808654695,5,1.1343177814695347,0.0031077199492316014,8.547750093643002,20.839915453767148
2046,20005,Wheat,5908069.702597459,590.8069702597459,0.7893709354082403,all_cult,Wheat,NA,NA,89,52581.82035311738,2224.2534173584013,544.0880509931209,81.85998476744997,84.43109966031331,5,1.1343177814695347,0.0031077199492316014,8.547750093643002,20.839915453767148
2046,20013,Corn,113276297.82191704,11327.629782191703,25.36090350021212,all_cult,Corn,0.12646432205391206,17.5625,250,2831907.445547926,2373.4366003418,890.8780173808119,113.584285047281,75.35075102250168,5,1.1113868986453086,0.003044895612726873,8.062016986167617,20.764607736247882
2046,20013,Developed,24170977.38782201,2417.0977387822013,5.411527714315524,developed,NA,NA,NA,NA,NA,NA,NA,NA,NA,NA,1.1113868986453086,0.003044895612726873,8.062016986167617,20.764607736247882
2046,20013,Double Crop,542048.8992527233,54.20488992527234,0.12135680712267008,all_cult,NA,NA,NA,NA,NA,NA,NA,NA,NA,NA,1.1113868986453086,0.003044895612726873,8.062016986167617,20.764607736247882
2046,20013,Grass/Pasture/Shrubland,122499833.68113159,12249.983368113159,27.425918047421547,grassPastureHay,NA,NA,NA,NA,NA,NA,NA,NA,NA,NA,1.1113868986453086,0.003044895612726873,8.062016986167617,20.764607736247882
2046,20013,Other Crops,13090232.71280689,1309.023271280689,2.9307113227404837,all_cult,NA,NA,NA,NA,NA,NA,NA,NA,NA,NA,1.1113868986453086,0.003044895612726873,8.062016986167617,20.764607736247882
2046,20013,Sorghum,333636.9508835004,33.363695088350035,0.07469642527304013,all_cult,Sorghum,NA,NA,112,3736.733849895204,2373.4366003418,890.8780173808119,113.584285047281,75.35075102250168,5,1.1113868986453086,0.003044895612726873,8.062016986167617,20.764607736247882
2046,20013,Soybeans,123405327.24801578,12340.532724801578,27.62864479089188,all_cult,Soybeans,0.10147480973744562,10.461538461538462,56,691069.8325888884,2373.4366003418,890.8780173808119,113.584285047281,75.35075102250168,5,1.1113868986453086,0.003044895612726873,8.062016986167617,20.764607736247882
2046,20013,Wheat,3906288.4515680084,390.6288451568008,0.8745607542714157,all_cult,Wheat,NA,NA,89,34765.96721895527,2189.6765911865264,549.6816561088445,82.1346677643445,89.88574492916531,5,1.1113868986453086,0.003044895612726873,8.062016986167617,20.764607736247882
2046,20045,Corn,74392843.99321488,7439.284399321487,7.631923083362056,all_cult,Corn,0.1459526935617447,11,250,1859821.0998303718,2467.8949395751984,941.7012564787412,121.81333389585332,68.49950437605132,5,1.2083431768382926,0.0033105292516117605,9.202075563195656,21.104932677386582
2046,20045,Developed,130402436.2681122,13040.24362681122,13.37791795635647,developed,NA,NA,NA,NA,NA,NA,NA,NA,NA,NA,1.2083431768382926,0.0033105292516117605,9.202075563195656,21.104932677386582
2046,20045,Double Crop,4220114.888463862,422.01148884638627,0.4329393864098648,all_cult,NA,NA,NA,NA,NA,NA,NA,NA,NA,NA,1.2083431768382926,0.0033105292516117605,9.202075563195656,21.104932677386582
2046,20045,Grass/Pasture/Shrubland,354830010.0217444,35483.00100217444,36.40182575089523,grassPastureHay,NA,NA,NA,NA,NA,NA,NA,NA,NA,NA,1.2083431768382926,0.0033105292516117605,9.202075563195656,21.104932677386582
2046,20045,Other Crops,37964614.628596716,3796.4614628596714,3.8947700233285687,all_cult,NA,NA,NA,NA,NA,NA,NA,NA,NA,NA,1.2083431768382926,0.0033105292516117605,9.202075563195656,21.104932677386582
2046,20045,Sorghum,671055.755263424,67.1055755263424,0.06884326010288025,all_cult,Sorghum,NA,NA,112,7515.824458950349,2467.8949395751984,941.7012564787412,121.81333389585332,68.49950437605132,5,1.2083431768382926,0.0033105292516117605,9.202075563195656,21.104932677386582
2046,20045,Soybeans,100028766.3995359,10002.876639953589,10.261898998705805,all_cult,Soybeans,0.11420951862362651,8.5,56,560161.091837401,2467.8949395751984,941.7012564787412,121.81333389585332,68.49950437605132,5,1.2083431768382926,0.0033105292516117605,9.202075563195656,21.104932677386582
2046,20045,Wheat,7085783.937909698,708.5783937909698,0.7269268802840957,all_cult,Wheat,NA,NA,89,63063.477047396314,2278.084828491214,591.1979695241364,72.93795444002839,90.57116010029549,5,1.2083431768382926,0.0033105292516117605,9.202075563195656,21.104932677386582
2046,20061,Corn,31722102.062803604,3172.21020628036,4.044269831598419,all_cult,Corn,0.16936452361704205,12.944444444444445,250,793052.55157009,2405.2687408447296,853.6498732998775,127.73904860855208,66.91147875972896,5,1.081595030274623,0.002963274055546912,8.336100948804068,21.16421784701415
2046,20061,Developed,61171563.9285717,6117.15639285717,7.798799400437711,developed,NA,NA,NA,NA,NA,NA,NA,NA,NA,NA,1.081595030274623,0.002963274055546912,8.336100948804068,21.16421784701415
2046,20061,Double Crop,5604030.762346523,560.4030762346523,0.7144612454318694,all_cult,NA,NA,NA,NA,NA,NA,NA,NA,NA,NA,1.081595030274623,0.002963274055546912,8.336100948804068,21.16421784701415
2046,20061,Grass/Pasture/Shrubland,476190220.2809351,47619.02202809351,60.70977699307564,grassPastureHay,NA,NA,NA,NA,NA,NA,NA,NA,NA,NA,1.081595030274623,0.002963274055546912,8.336100948804068,21.16421784701415
2046,20061,Other Crops,18227803.79878525,1822.7803798785249,2.323873646638379,all_cult,NA,NA,NA,NA,NA,NA,NA,NA,NA,NA,1.081595030274623,0.002963274055546912,8.336100948804068,21.16421784701415
2046,20061,Sorghum,5491901.736070833,549.1901736070832,0.7001658485721192,all_cult,Sorghum,NA,NA,112,61509.299443993325,2405.2687408447296,853.6498732998775,127.73904860855208,66.91147875972896,5,1.081595030274623,0.002963274055546912,8.336100948804068,21.16421784701415
2046,20061,Soybeans,39491221.54782481,3949.1221547824807,5.03475953777074,all_cult,Soybeans,0.12217913528938978,7.666666666666667,56,221150.8406678189,2405.2687408447296,853.6498732998775,127.73904860855208,66.91147875972896,5,1.081595030274623,0.002963274055546912,8.336100948804068,21.16421784701415
2046,20061,Wheat,15495075.277191846,1549.5075277191845,1.9754764472362665,all_cult,Wheat,NA,NA,89,137906.16996700742,2239.7412322998075,551.4514127801397,67.33753195344212,92.4666327289558,5,1.081595030274623,0.002963274055546912,8.336100948804068,21.16421784701415
2046,20085,Corn,134933024.35661882,13493.30243566188,7.9306511901880965,all_cult,Corn,NA,NA,250,3373325.60891547,2392.328361816409,896.2639043238272,118.74465135082936,66.65582011578546,5,1.1245881029301397,0.003081063295699013,8.273034634524851,20.961201874197368
2046,20085,Developed,75618361.35140783,7561.836135140783,4.444448275810096,developed,NA,NA,NA,NA,NA,NA,NA,NA,NA,NA,1.1245881029301397,0.003081063295699013,8.273034634524851,20.961201874197368
2046,20085,Double Crop,1864792.83802623,186.479283802623,0.10960268333762817,all_cult,NA,NA,NA,NA,NA,NA,NA,NA,NA,NA,1.1245881029301397,0.003081063295699013,8.273034634524851,20.961201874197368
2046,20085,Grass/Pasture/Shrubland,941187748.5802637,94118.77485802637,55.31804963283908,grassPastureHay,NA,NA,NA,NA,NA,NA,NA,NA,NA,NA,1.1245881029301397,0.003081063295699013,8.273034634524851,20.961201874197368
2046,20085,Other Crops,98052397.627671,9805.2397627671,5.7630025537076115,all_cult,NA,NA,NA,NA,NA,NA,NA,NA,NA,NA,1.1245881029301397,0.003081063295699013,8.273034634524851,20.961201874197368
2046,20085,Sorghum,4069081.398774073,406.9081398774073,0.23915913388905596,all_cult,Sorghum,NA,NA,112,45573.71166626961,2392.328361816409,896.2639043238272,118.74465135082936,66.65582011578546,5,1.1245881029301397,0.003081063295699013,8.273034634524851,20.961201874197368
2046,20085,Soybeans,170772946.2930534,17077.29462930534,10.037132690300496,all_cult,Soybeans,NA,NA,56,956328.499241099,2392.328361816409,896.2639043238272,118.74465135082936,66.65582011578546,5,1.1245881029301397,0.003081063295699013,8.273034634524851,20.961201874197368
2046,20085,Wheat,13725583.902961861,1372.5583902961862,0.8067173980208171,all_cult,Wheat,NA,NA,89,122157.69673636057,2221.0094592285186,561.2947630184863,76.78732909985656,99.10072093380734,5,1.1245881029301397,0.003081063295699013,8.273034634524851,20.961201874197368
2046,20087,Corn,155094058.297135,15509.4058297135,10.788896738521789,all_cult,Corn,0.13078338055311117,25.77777777777778,250,3877351.457428375,2427.317866210941,930.5320616107562,121.9934538355308,56.14856964838605,5,1.1730560878091092,0.003213852295367422,8.8124950419387,20.915092472442232
2046,20087,Developed,83037617.78054704,8303.761778054704,5.7763933285619125,developed,NA,NA,NA,NA,NA,NA,NA,NA,NA,NA,1.1730560878091092,0.003213852295367422,8.8124950419387,20.915092472442232
2046,20087,Double Crop,3214015.8179615135,321.4015817961514,0.2235784217441099,all_cult,NA,NA,NA,NA,NA,NA,NA,NA,NA,NA,1.1730560878091092,0.003213852295367422,8.8124950419387,20.915092472442232
2046,20087,Grass/Pasture/Shrubland,533878677.1787268,53387.86771787268,37.138507962340775,grassPastureHay,NA,NA,NA,NA,NA,NA,NA,NA,NA,NA,1.1730560878091092,0.003213852295367422,8.8124950419387,20.915092472442232
2046,20087,Other Crops,67978226.39294052,6797.822639294052,4.728808266891807,all_cult,NA,NA,NA,NA,NA,NA,NA,NA,NA,NA,1.1730560878091092,0.003213852295367422,8.8124950419387,20.915092472442232
2046,20087,Sorghum,2078940.1655916602,207.89401655916603,0.1446185045281528,all_cult,Sorghum,NA,NA,112,23284.129854626597,2427.317866210941,930.5320616107562,121.9934538355308,56.14856964838605,5,1.1730560878091092,0.003213852295367422,8.8124950419387,20.915092472442232
2046,20087,Soybeans,173639107.61438552,17363.91076143855,12.078956617613274,all_cult,Soybeans,0.09985991575255485,13.833333333333334,56,972379.0026405589,2427.317866210941,930.5320616107562,121.9934538355308,56.14856964838605,5,1.1730560878091092,0.003213852295367422,8.8124950419387,20.915092472442232
2046,20087,Wheat,7377427.0278590415,737.7427027859042,0.5132001784817648,all_cult,Wheat,NA,NA,89,65659.10054794548,2247.087773437503,570.4221378596209,76.62888009299367,91.25576522021156,5,1.1730560878091092,0.003213852295367422,8.8124950419387,20.915092472442232
2046,20091,Corn,20137063.169311535,2013.7063169311532,3.334881975218613,all_cult,Corn,0.14955141172933145,4,250,503426.5792327883,2475.327837524417,952.0965802381652,123.83363285189856,71.70792326214342,5,1.2320252555367452,0.0033754116590047813,9.400701018032985,20.98837502675516
2046,20091,Developed,271607528.4848879,27160.752848488788,44.98069273866694,developed,NA,NA,NA,NA,NA,NA,NA,NA,NA,NA,1.2320252555367452,0.0033754116590047813,9.400701018032985,20.98837502675516
2046,20091,Double Crop,2013905.6882216034,201.39056882216036,0.3335212152324038,all_cult,NA,NA,NA,NA,NA,NA,NA,NA,NA,NA,1.2320252555367452,0.0033754116590047813,9.400701018032985,20.98837502675516
2046,20091,Grass/Pasture/Shrubland,139667491.4795437,13966.749147954368,23.130214964462166,grassPastureHay,NA,NA,NA,NA,NA,NA,NA,NA,NA,NA,1.2320252555367452,0.0033754116590047813,9.400701018032985,20.98837502675516
2046,20091,Other Crops,14581458.923742233,1458.1458923742232,2.4148230617504245,all_cult,NA,NA,NA,NA,NA,NA,NA,NA,NA,NA,1.2320252555367452,0.0033754116590047813,9.400701018032985,20.98837502675516
2046,20091,Sorghum,265245.84730308503,26.524584730308504,0.043927140106542625,all_cult,Sorghum,NA,NA,112,2970.7534897945525,2475.327837524417,952.0965802381652,123.83363285189856,71.70792326214342,5,1.2320252555367452,0.0033754116590047813,9.400701018032985,20.98837502675516
2046,20091,Soybeans,40506888.73460731,4050.688873460731,6.708311533684595,all_cult,Soybeans,NA,NA,56,226838.57691380093,2475.327837524417,952.0965802381652,123.83363285189856,71.70792326214342,5,1.2320252555367452,0.0033754116590047813,9.400701018032985,20.98837502675516
2046,20091,Wheat,3047090.5931461067,304.70905931461067,0.5046260922212007,all_cult,Wheat,NA,NA,89,27119.10627900035,2276.7968896484404,597.6505196453909,74.50272030136433,91.24352892634008,5,1.2320252555367452,0.0033754116590047813,9.400701018032985,20.98837502675516
2046,20103,Corn,55676654.53817842,5567.665453817842,6.162232243462533,all_cult,Corn,0.09926099891867379,4.75,250,1391916.3634544604,2460.036450195316,934.889733567342,120.7102442721308,69.31165803578261,5,1.1911093315056982,0.003263313237001913,9.12616856405182,21.004244635595057
2046,20103,Developed,66222526.18511143,6622.252618511144,7.329437975150055,developed,NA,NA,NA,NA,NA,NA,NA,NA,NA,NA,1.1911093315056982,0.003263313237001913,9.12616856405182,21.004244635595057
2046,20103,Double Crop,2239300.7972116056,223.93007972116058,0.2478434038440015,all_cult,NA,NA,NA,NA,NA,NA,NA,NA,NA,NA,1.1911093315056982,0.003263313237001913,9.12616856405182,21.004244635595057
2046,20103,Grass/Pasture/Shrubland,361083573.13099504,36108.3573130995,39.96434152498699,grassPastureHay,NA,NA,NA,NA,NA,NA,NA,NA,NA,NA,1.1911093315056982,0.003263313237001913,9.12616856405182,21.004244635595057
2046,20103,Other Crops,54377617.6404599,5437.76176404599,6.018456236750789,all_cult,NA,NA,NA,NA,NA,NA,NA,NA,NA,NA,1.1911093315056982,0.003263313237001913,9.12616856405182,21.004244635595057
2046,20103,Sorghum,567901.3203360821,56.79013203360822,0.06285470735100035,all_cult,Sorghum,NA,NA,112,6360.494787764121,2460.036450195316,934.889733567342,120.7102442721308,69.31165803578261,5,1.1911093315056982,0.003263313237001913,9.12616856405182,21.004244635595057
2046,20103,Soybeans,101039226.18326606,10103.922618326606,11.18291288522158,all_cult,Soybeans,0.11410095968932568,4.571428571428571,56,565819.66662629,2460.036450195316,934.889733567342,120.7102442721308,69.31165803578261,5,1.1911093315056982,0.003263313237001913,9.12616856405182,21.004244635595057
2046,20103,Wheat,4817340.8524583215,481.7340852458321,0.5331781044497215,all_cult,Wheat,NA,NA,89,42874.33358687905,2265.0240057373076,568.7384854523245,75.76261296028403,84.41734117336073,5,1.1911093315056982,0.003263313237001913,9.12616856405182,21.004244635595057
2046,20117,Corn,1797933.5665907045,179.79335665907044,8.787790125047634,all_cult,Corn,0.16261062771687598,15.722222222222221,250,44948.33916476761,2337.274301147464,872.810366807205,117.26463191961815,61.220497529636305,5,1.0807895980191349,0.0029610673918332464,7.817058122190733,20.572197299068943
2046,20117,Developed,709093.4285035765,70.90934285035766,3.465847873654197,developed,NA,NA,NA,NA,NA,NA,NA,NA,NA,NA,1.0807895980191349,0.0029610673918332464,7.817058122190733,20.572197299068943
2046,20117,Double Crop,17005.082052877187,1.700508205287719,0.08311602548433755,all_cult,NA,NA,NA,NA,NA,NA,NA,NA,NA,NA,1.0807895980191349,0.0029610673918332464,7.817058122190733,20.572197299068943
2046,20117,Grass/Pasture/Shrubland,13608757.209524421,1360.8757209524422,66.51575143947134,grassPastureHay,NA,NA,NA,NA,NA,NA,NA,NA,NA,NA,1.0807895980191349,0.0029610673918332464,7.817058122190733,20.572197299068943
2046,20117,Other Crops,368569.7378671669,36.856973786716694,1.801464505144208,all_cult,NA,NA,NA,NA,NA,NA,NA,NA,NA,NA,1.0807895980191349,0.0029610673918332464,7.817058122190733,20.572197299068943
2046,20117,Sorghum,113210.96189225193,11.321096189225193,0.5533431220433721,all_cult,Sorghum,NA,NA,112,1267.9627731932217,2337.274301147464,872.810366807205,117.26463191961815,61.220497529636305,5,1.0807895980191349,0.0029610673918332464,7.817058122190733,20.572197299068943
2046,20117,Soybeans,2250086.8872694396,225.00868872694397,10.99778751332857,all_cult,Soybeans,0.12228514283699721,8.25,56,12600.486568708862,2337.274301147464,872.810366807205,117.26463191961815,61.220497529636305,5,1.0807895980191349,0.0029610673918332464,7.817058122190733,20.572197299068943
2046,20117,Wheat,234744.84118524572,23.474484118524572,1.1473663074132867,all_cult,Wheat,NA,NA,89,2089.229086548687,2167.295363769534,546.4463169191981,76.94383244921485,102.64788950456818,5,1.0807895980191349,0.0029610673918332464,7.817058122190733,20.572197299068943
2046,20127,Corn,10941387.892613748,1094.1387892613748,4.064821675495574,all_cult,Corn,NA,NA,250,273534.6973153437,2406.0750482177764,842.0482433464233,124.66602652325996,72.31786374736566,5,1.0802015368815576,0.002959456265428925,8.36448805717575,21.147068155367105
2046,20127,Developed,12128694.282144045,1212.8694282144045,4.50591642462472,developed,NA,NA,NA,NA,NA,NA,NA,NA,NA,NA,1.0802015368815576,0.002959456265428925,8.36448805717575,21.147068155367105
2046,20127,Double Crop,4499199.088895911,449.9199088895911,1.671491967784096,all_cult,NA,NA,NA,NA,NA,NA,NA,NA,NA,NA,1.0802015368815576,0.002959456265428925,8.36448805717575,21.147068155367105
2046,20127,Grass/Pasture/Shrubland,158101691.18434784,15810.169118434784,58.73616652348874,grassPastureHay,NA,NA,NA,NA,NA,NA,NA,NA,NA,NA,1.0802015368815576,0.002959456265428925,8.36448805717575,21.147068155367105
2046,20127,Other Crops,10981377.128665583,1098.1377128665583,4.079678027823576,all_cult,NA,NA,NA,NA,NA,NA,NA,NA,NA,NA,1.0802015368815576,0.002959456265428925,8.36448805717575,21.147068155367105
2046,20127,Sorghum,7272388.587591114,727.2388587591115,2.701756217181813,all_cult,Sorghum,NA,NA,112,81450.75218102049,2406.0750482177764,842.0482433464233,124.66602652325996,72.31786374736566,5,1.0802015368815576,0.002959456265428925,8.36448805717575,21.147068155367105
2046,20127,Soybeans,28686301.015498407,2868.6301015498407,10.657212713965244,all_cult,Soybeans,0.11686486262093489,4,56,160643.2856867911,2406.0750482177764,842.0482433464233,124.66602652325996,72.31786374736566,5,1.0802015368815576,0.002959456265428925,8.36448805717575,21.147068155367105
2046,20127,Wheat,20934850.636842933,2093.485063684293,7.777480834890052,all_cult,Wheat,NA,NA,89,186320.17066790207,2238.9469842529325,554.5529087641214,68.67512700968777,97.8194781486253,5,1.0802015368815576,0.002959456265428925,8.36448805717575,21.147068155367105
2046,20131,Corn,124792211.963085,12479.2211963085,16.444051346315263,all_cult,Corn,0.12528513936677563,9.454545454545455,250,3119805.299077125,2339.926117553714,869.1479277269552,115.45733713169342,70.91765819648205,5,1.0826463618568674,0.0029661544160462117,7.832621008468024,20.537764775524423
2046,20131,Developed,34827921.40223819,3482.792140223819,4.589325878711502,developed,NA,NA,NA,NA,NA,NA,NA,NA,NA,NA,1.0826463618568674,0.0029661544160462117,7.832621008468024,20.537764775524423
2046,20131,Double Crop,1288597.7379512293,128.85977379512295,0.1698003988733199,all_cult,NA,NA,NA,NA,NA,NA,NA,NA,NA,NA,1.0826463618568674,0.0029661544160462117,7.832621008468024,20.537764775524423
2046,20131,Grass/Pasture/Shrubland,328086582.4549448,32808.65824549448,43.232446344665604,grassPastureHay,NA,NA,NA,NA,NA,NA,NA,NA,NA,NA,1.0826463618568674,0.0029661544160462117,7.832621008468024,20.537764775524423
2046,20131,Other Crops,27101730.321978156,2710.1730321978157,3.5712344382550913,all_cult,NA,NA,NA,NA,NA,NA,NA,NA,NA,NA,1.0826463618568674,0.0029661544160462117,7.832621008468024,20.537764775524423
2046,20131,Sorghum,2055671.3741418559,205.5671374141856,0.2708788080264065,all_cult,Sorghum,NA,NA,112,23023.519390388785,2339.926117553714,869.1479277269552,115.45733713169342,70.91765819648205,5,1.0826463618568674,0.0029661544160462117,7.832621008468024,20.537764775524423
2046,20131,Soybeans,136674912.54505298,13667.491254505298,18.00985209164201,all_cult,Soybeans,0.1067341402930363,5.142857142857143,56,765379.5102522967,2339.926117553714,869.1479277269552,115.45733713169342,70.91765819648205,5,1.0826463618568674,0.0029661544160462117,7.832621008468024,20.537764775524423
2046,20131,Wheat,9588450.555545796,958.8450555545795,1.2634840811511674,all_cult,Wheat,NA,NA,89,85337.20994435757,2159.7472686767605,546.1517221516957,79.14962638570358,102.3577260146112,5,1.0826463618568674,0.0029661544160462117,7.832621008468024,20.537764775524423
2046,20139,Corn,20890964.22588984,2089.096422588984,9.4988079569725965,all_cult,Corn,NA,NA,250,522274.10564724595,2433.8741052246123,901.0030693376232,120.23074751676324,87.73325531914662,5,1.171250379817871,0.003208905150185948,8.803034099422112,21.05067892832301
2046,20139,Developed,11858545.489950646,1185.8545489950645,5.391902692479325,developed,NA,NA,NA,NA,NA,NA,NA,NA,NA,NA,1.171250379817871,0.003208905150185948,8.803034099422112,21.05067892832301
2046,20139,Double Crop,1849135.1156913848,184.91351156913848,0.8407739901578724,all_cult,NA,NA,NA,NA,NA,NA,NA,NA,NA,NA,1.171250379817871,0.003208905150185948,8.803034099422112,21.05067892832301
2046,20139,Grass/Pasture/Shrubland,108139234.26990536,10813.923426990536,49.1692871538651,grassPastureHay,NA,NA,NA,NA,NA,NA,NA,NA,NA,NA,1.171250379817871,0.003208905150185948,8.803034099422112,21.05067892832301
2046,20139,Other Crops,6302951.103083336,630.2951103083336,2.86585728849129,all_cult,NA,NA,NA,NA,NA,NA,NA,NA,NA,NA,1.171250379817871,0.003208905150185948,8.803034099422112,21.05067892832301
2046,20139,Sorghum,252758.48461129973,25.27584846112997,0.11492549021948671,all_cult,Sorghum,NA,NA,112,2830.8950276465566,2433.8741052246123,901.0030693376232,120.23074751676324,87.73325531914662,5,1.171250379817871,0.003208905150185948,8.803034099422112,21.05067892832301
2046,20139,Soybeans,28064514.38751116,2806.4514387511163,12.76051357372463,all_cult,Soybeans,NA,NA,56,157161.28057006252,2433.8741052246123,901.0030693376232,120.23074751676324,87.73325531914662,5,1.171250379817871,0.003208905150185948,8.803034099422112,21.05067892832301
2046,20139,Wheat,1738320.944623076,173.8320944623076,0.7903884493801757,all_cult,Wheat,NA,NA,89,15471.056407145375,2258.6167614746123,586.0859189193496,73.29340870496817,100.82687101216816,5,1.171250379817871,0.003208905150185948,8.803034099422112,21.05067892832301
2046,20149,Corn,136791901.8519852,13679.190185198519,7.982141503627487,all_cult,Corn,0.1326174661314905,62.44444444444444,250,3419797.54629963,2388.3830444335968,874.5765091567274,120.90869832314289,58.108140555484205,5,1.0876637528570317,0.002979900692758991,8.184516099903703,21.02460715097926
2046,20149,Developed,87781477.02653997,8778.147702653996,5.122263537072818,developed,NA,NA,NA,NA,NA,NA,NA,NA,NA,NA,1.0876637528570317,0.002979900692758991,8.184516099903703,21.02460715097926
2046,20149,Double Crop,1803166.4492782145,180.31664492782144,0.1052191654466961,all_cult,NA,NA,NA,NA,NA,NA,NA,NA,NA,NA,1.0876637528570317,0.002979900692758991,8.184516099903703,21.02460715097926
2046,20149,Grass/Pasture/Shrubland,1058221194.9777538,105822.11949777538,61.749790785057485,grassPastureHay,NA,NA,NA,NA,NA,NA,NA,NA,NA,NA,1.0876637528570317,0.002979900692758991,8.184516099903703,21.02460715097926
2046,20149,Other Crops,34485813.7618199,3448.58137618199,2.012331443512244,all_cult,NA,NA,NA,NA,NA,NA,NA,NA,NA,NA,1.0876637528570317,0.002979900692758991,8.184516099903703,21.02460715097926
2046,20149,Sorghum,5647082.09049503,564.708209049503,0.3295210295248753,all_cult,Sorghum,NA,NA,112,63247.319413544334,2388.3830444335968,874.5765091567274,120.90869832314289,58.108140555484205,5,1.0876637528570317,0.002979900692758991,8.184516099903703,21.02460715097926
2046,20149,Soybeans,153915907.33370754,15391.590733370755,8.98136903839706,all_cult,Soybeans,0.11392545848870632,51.611111111111114,56,861929.0810687622,2388.3830444335968,874.5765091567274,120.90869832314289,58.108140555484205,5,1.0876637528570317,0.002979900692758991,8.184516099903703,21.02460715097926
2046,20149,Wheat,13424373.002870617,1342.4373002870618,0.7833449455387832,all_cult,Wheat,NA,NA,89,119476.9197255485,2224.4446649169954,550.3563971271095,73.53585575732869,96.4306828000352,5,1.0876637528570317,0.002979900692758991,8.184516099903703,21.02460715097926
2046,20161,Corn,29887562.457934357,2988.756245793436,3.7374801575206362,all_cult,Corn,0.14127372152863188,12.444444444444445,250,747189.0614483589,2401.6778430175814,849.2532050042032,125.6777620325794,52.72483397585755,5,1.0598350329506403,0.002903657624522302,8.2288448636826,21.209915119327935
2046,20161,Developed,93189704.06140432,9318.970406140432,11.653498685445852,developed,NA,NA,NA,NA,NA,NA,NA,NA,NA,NA,1.0598350329506403,0.002903657624522302,8.2288448636826,21.209915119327935
2046,20161,Double Crop,2321662.5391971655,232.16625391971652,0.2903270443991936,all_cult,NA,NA,NA,NA,NA,NA,NA,NA,NA,NA,1.0598350329506403,0.002903657624522302,8.2288448636826,21.209915119327935
2046,20161,Grass/Pasture/Shrubland,421935273.9416269,42193.527394162695,52.76357736882686,grassPastureHay,NA,NA,NA,NA,NA,NA,NA,NA,NA,NA,1.0598350329506403,0.002903657624522302,8.2288448636826,21.209915119327935
2046,20161,Other Crops,10313350.483787943,1031.3350483787942,1.2896984437913022,all_cult,NA,NA,NA,NA,NA,NA,NA,NA,NA,NA,1.0598350329506403,0.002903657624522302,8.2288448636826,21.209915119327935
2046,20161,Sorghum,8046145.345421317,804.6145345421318,1.0061813711092988,all_cult,Sorghum,NA,NA,112,90116.82786871876,2401.6778430175814,849.2532050042032,125.6777620325794,52.72483397585755,5,1.0598350329506403,0.002903657624522302,8.2288448636826,21.209915119327935
2046,20161,Soybeans,56043067.26954317,5604.306726954317,7.008261452613234,all_cult,Soybeans,0.12420661341954765,10.38888888888889,56,313841.17670944176,2401.6778430175814,849.2532050042032,125.6777620325794,52.72483397585755,5,1.0598350329506403,0.002903657624522302,8.2288448636826,21.209915119327935
2046,20161,Wheat,14763447.35949416,1476.3447359494162,1.8461890841841313,all_cult,Wheat,NA,NA,89,131394.68149949805,2237.8930920410185,538.7654624734545,68.44722468017731,85.70723867785534,5,1.0598350329506403,0.002903657624522302,8.2288448636826,21.209915119327935
2046,20177,Corn,132475537.80653152,13247.553780653152,9.091050553311547,all_cult,Corn,0.12030458771317423,83,250,3311888.445163288,2430.3238836669952,892.1284170059149,122.22309132780626,72.04692013606916,5,1.141726352124253,0.0031280174030801455,8.748180107221234,21.057470418851693
2046,20177,Developed,255013934.0237044,25501.393402370442,17.50017100813045,developed,NA,NA,NA,NA,NA,NA,NA,NA,NA,NA,1.141726352124253,0.0031280174030801455,8.748180107221234,21.057470418851693
2046,20177,Double Crop,2797246.7569815805,279.7246756981581,0.19195930130847558,all_cult,NA,NA,NA,NA,NA,NA,NA,NA,NA,NA,1.141726352124253,0.0031280174030801455,8.748180107221234,21.057470418851693
2046,20177,Grass/Pasture/Shrubland,626083355.6398722,62608.33556398722,42.96457693964075,grassPastureHay,NA,NA,NA,NA,NA,NA,NA,NA,NA,NA,1.141726352124253,0.0031280174030801455,8.748180107221234,21.057470418851693
2046,20177,Other Crops,33361526.081880283,3336.1526081880284,2.289413767762353,all_cult,NA,NA,NA,NA,NA,NA,NA,NA,NA,NA,1.141726352124253,0.0031280174030801455,8.748180107221234,21.057470418851693
2046,20177,Sorghum,2303954.5452317544,230.39545452317543,0.15810743319134585,all_cult,Sorghum,NA,NA,112,25804.29090659565,2430.3238836669952,892.1284170059149,122.22309132780626,72.04692013606916,5,1.141726352124253,0.0031280174030801455,8.748180107221234,21.057470418851693
2046,20177,Soybeans,145627766.023613,14562.7766023613,9.993613951731533,all_cult,Soybeans,0.09768281806034469,42.833333333333336,56,815515.4897322329,2430.3238836669952,892.1284170059149,122.22309132780626,72.04692013606916,5,1.141726352124253,0.0031280174030801455,8.748180107221234,21.057470418851693
2046,20177,Wheat,9565647.685078032,956.5647685078033,0.656436562704971,all_cult,Wheat,NA,NA,89,85134.26439719449,2261.495402221683,572.9963981536558,73.0036140615922,96.6673664587736,5,1.141726352124253,0.0031280174030801455,8.748180107221234,21.057470418851693
2046,20197,Corn,69733578.79693311,6973.357879693312,4.536852294529976,all_cult,Corn,0.14186117514330646,28.666666666666668,250,1743339.469923328,2408.626671752933,873.5450692416537,122.60828750246988,70.68666282262055,5,1.1057746349437647,0.0030295195477911367,8.422349803349766,21.090756852659485
2046,20197,Developed,54289406.85937861,5428.940685937861,3.5320576446519008,developed,NA,NA,NA,NA,NA,NA,NA,NA,NA,NA,1.1057746349437647,0.0030295195477911367,8.422349803349766,21.090756852659485
2046,20197,Double Crop,1125869.9276987636,112.58699276987635,0.07324886594013556,all_cult,NA,NA,NA,NA,NA,NA,NA,NA,NA,NA,1.1057746349437647,0.0030295195477911367,8.422349803349766,21.090756852659485
2046,20197,Grass/Pasture/Shrubland,1169502873.1037595,116950.28731037596,76.08761639426346,grassPastureHay,NA,NA,NA,NA,NA,NA,NA,NA,NA,NA,1.1057746349437647,0.0030295195477911367,8.422349803349766,21.090756852659485
2046,20197,Other Crops,29094649.42529061,2909.464942529061,1.8928919077573607,all_cult,NA,NA,NA,NA,NA,NA,NA,NA,NA,NA,1.1057746349437647,0.0030295195477911367,8.422349803349766,21.090756852659485
2046,20197,Sorghum,3287931.385599168,328.7931385599168,0.21391213972326276,all_cult,Sorghum,NA,NA,112,36824.831518710685,2408.626671752933,873.5450692416537,122.60828750246988,70.68666282262055,5,1.1057746349437647,0.0030295195477911367,8.422349803349766,21.090756852659485
2046,20197,Soybeans,83491332.16381498,8349.133216381497,5.431928899043218,all_cult,Soybeans,0.12942046457519057,22.77777777777778,56,467551.46011736384,2408.626671752933,873.5450692416537,122.60828750246988,70.68666282262055,5,1.1057746349437647,0.0030295195477911367,8.422349803349766,21.090756852659485
2046,20197,Wheat,7530280.724868099,753.02807248681,0.4899185152185996,all_cult,Wheat,NA,NA,89,67019.49845132609,2243.367423095706,557.1843812561444,70.44205652156063,97.33693121006864,5,1.1057746349437647,0.0030295195477911367,8.422349803349766,21.090756852659485
2046,20209,Corn,2798441.748604609,279.8441748604609,1.0907251789658858,all_cult,Corn,NA,NA,250,69961.04371511523,2486.478355712894,939.9454616356524,125.48110391520514,61.954843829796275,5,1.2039080934691242,0.003298378338271573,9.484135299055566,20.877094341957427
2046,20209,Developed,144515431.86680782,14451.543186680783,56.32656829996687,developed,NA,NA,NA,NA,NA,NA,NA,NA,NA,NA,1.2039080934691242,0.003298378338271573,9.484135299055566,20.877094341957427
2046,20209,Double Crop,152719.71803613545,15.271971803613546,0.05952428413764306,all_cult,NA,NA,NA,NA,NA,NA,NA,NA,NA,NA,1.2039080934691242,0.003298378338271573,9.484135299055566,20.877094341957427
2046,20209,Grass/Pasture/Shrubland,41083799.11850462,4108.379911850462,16.01288794682744,grassPastureHay,NA,NA,NA,NA,NA,NA,NA,NA,NA,NA,1.2039080934691242,0.003298378338271573,9.484135299055566,20.877094341957427
2046,20209,Other Crops,1959154.8527385148,195.91548527385146,0.7636033619211925,all_cult,NA,NA,NA,NA,NA,NA,NA,NA,NA,NA,1.2039080934691242,0.003298378338271573,9.484135299055566,20.877094341957427
2046,20209,Sorghum,54127.80426680527,5.412780426680527,0.02109694047602745,all_cult,Sorghum,NA,NA,112,606.231407788219,2486.478355712894,939.9454616356524,125.48110391520514,61.954843829796275,5,1.2039080934691242,0.003298378338271573,9.484135299055566,20.877094341957427
2046,20209,Soybeans,8244134.676247953,824.4134676247953,3.213247256139296,all_cult,Soybeans,0.14562756367793683,4.75,56,46167.15418698854,2486.478355712894,939.9454616356524,125.48110391520514,61.954843829796275,5,1.2039080934691242,0.003298378338271573,9.484135299055566,20.877094341957427
2046,20209,Wheat,234900.57353758038,23.49005735375804,0.09155522720411169,all_cult,Wheat,NA,NA,89,2090.6151044844655,2272.052369384769,572.5068025550181,75.98971971795224,86.14247581192681,5,1.2039080934691242,0.003298378338271573,9.484135299055566,20.877094341957427
2047,20005,Corn,172734778.84431297,17273.477884431297,23.078910848652363,all_cult,Corn,0.10724545034749912,6.181818181818182,250,4318369.471107824,2528.985736083988,778.5264248879088,53.868124460825975,138.039521923945,5,0.9656511246562418,0.0026456195196061416,8.90616335516109,21.461575660183026
2047,20005,Developed,36578638.84791646,3657.863884791646,4.88723319405755,developed,NA,NA,NA,NA,NA,NA,NA,NA,NA,NA,0.9656511246562418,0.0026456195196061416,8.90616335516109,21.461575660183026
2047,20005,Double Crop,1451158.554832854,145.11585548328543,0.1938877575107932,all_cult,NA,NA,NA,NA,NA,NA,NA,NA,NA,NA,0.9656511246562418,0.0026456195196061416,8.90616335516109,21.461575660183026
2047,20005,Grass/Pasture/Shrubland,215288406.86893737,21528.840686893738,28.764456018176027,grassPastureHay,NA,NA,NA,NA,NA,NA,NA,NA,NA,NA,0.9656511246562418,0.0026456195196061416,8.90616335516109,21.461575660183026
2047,20005,Other Crops,29204979.705745928,2920.4979705745927,3.902046405912905,all_cult,NA,NA,NA,NA,NA,NA,NA,NA,NA,NA,0.9656511246562418,0.0026456195196061416,8.90616335516109,21.461575660183026
2047,20005,Sorghum,732239.3724075308,73.22393724075309,0.09783372699309156,all_cult,Sorghum,NA,NA,112,8201.080970964345,2528.985736083988,778.5264248879088,53.868124460825975,138.039521923945,5,0.9656511246562418,0.0026456195196061416,8.90616335516109,21.461575660183026
2047,20005,Soybeans,181600576.65296197,18160.057665296197,24.263460703620524,all_cult,Soybeans,0.07483265359624193,5,56,1016963.2292565871,2528.985736083988,778.5264248879088,53.868124460825975,138.039521923945,5,0.9656511246562418,0.0026456195196061416,8.90616335516109,21.461575660183026
2047,20005,Wheat,5908069.702597459,590.8069702597459,0.7893709354082403,all_cult,Wheat,NA,NA,89,52581.82035311738,2316.620166625979,448.2379428725768,130.2003688465319,158.77550271955752,5,0.9656511246562418,0.0026456195196061416,8.90616335516109,21.461575660183026
2047,20013,Corn,113276297.82191704,11327.629782191703,25.36090350021212,all_cult,Corn,0.12646432205391206,17.5625,250,2831907.445547926,2491.6043939209017,755.7944010729357,52.68714263967701,112.9928127485707,5,0.920546712326027,0.0025220457871945948,8.396506339295293,21.42245787738123
2047,20013,Developed,24170977.38782201,2417.0977387822013,5.411527714315524,developed,NA,NA,NA,NA,NA,NA,NA,NA,NA,NA,0.920546712326027,0.0025220457871945948,8.396506339295293,21.42245787738123
2047,20013,Double Crop,542048.8992527233,54.20488992527234,0.12135680712267008,all_cult,NA,NA,NA,NA,NA,NA,NA,NA,NA,NA,0.920546712326027,0.0025220457871945948,8.396506339295293,21.42245787738123
2047,20013,Grass/Pasture/Shrubland,122499833.68113159,12249.983368113159,27.425918047421547,grassPastureHay,NA,NA,NA,NA,NA,NA,NA,NA,NA,NA,0.920546712326027,0.0025220457871945948,8.396506339295293,21.42245787738123
2047,20013,Other Crops,13090232.71280689,1309.023271280689,2.9307113227404837,all_cult,NA,NA,NA,NA,NA,NA,NA,NA,NA,NA,0.920546712326027,0.0025220457871945948,8.396506339295293,21.42245787738123
2047,20013,Sorghum,333636.9508835004,33.363695088350035,0.07469642527304013,all_cult,Sorghum,NA,NA,112,3736.733849895204,2491.6043939209017,755.7944010729357,52.68714263967701,112.9928127485707,5,0.920546712326027,0.0025220457871945948,8.396506339295293,21.42245787738123
2047,20013,Soybeans,123405327.24801578,12340.532724801578,27.62864479089188,all_cult,Soybeans,0.10147480973744562,10.461538461538462,56,691069.8325888884,2491.6043939209017,755.7944010729357,52.68714263967701,112.9928127485707,5,0.920546712326027,0.0025220457871945948,8.396506339295293,21.42245787738123
2047,20013,Wheat,3906288.4515680084,390.6288451568008,0.8745607542714157,all_cult,Wheat,NA,NA,89,34765.96721895527,2278.4077447509794,440.1589709173883,128.50502427898672,157.39087208234943,5,0.920546712326027,0.0025220457871945948,8.396506339295293,21.42245787738123
2047,20045,Corn,74392843.99321488,7439.284399321487,7.631923083362056,all_cult,Corn,0.1459526935617447,11,250,1859821.0998303718,2598.07453796387,770.35606169529,67.69224207182305,206.53974175642185,5,0.9944718067865603,0.0027245802925659184,9.661818998153919,21.77377299269587
2047,20045,Developed,130402436.2681122,13040.24362681122,13.37791795635647,developed,NA,NA,NA,NA,NA,NA,NA,NA,NA,NA,0.9944718067865603,0.0027245802925659184,9.661818998153919,21.77377299269587
2047,20045,Double Crop,4220114.888463862,422.01148884638627,0.4329393864098648,all_cult,NA,NA,NA,NA,NA,NA,NA,NA,NA,NA,0.9944718067865603,0.0027245802925659184,9.661818998153919,21.77377299269587
2047,20045,Grass/Pasture/Shrubland,354830010.0217444,35483.00100217444,36.40182575089523,grassPastureHay,NA,NA,NA,NA,NA,NA,NA,NA,NA,NA,0.9944718067865603,0.0027245802925659184,9.661818998153919,21.77377299269587
2047,20045,Other Crops,37964614.628596716,3796.4614628596714,3.8947700233285687,all_cult,NA,NA,NA,NA,NA,NA,NA,NA,NA,NA,0.9944718067865603,0.0027245802925659184,9.661818998153919,21.77377299269587
2047,20045,Sorghum,671055.755263424,67.1055755263424,0.06884326010288025,all_cult,Sorghum,NA,NA,112,7515.824458950349,2598.07453796387,770.35606169529,67.69224207182305,206.53974175642185,5,0.9944718067865603,0.0027245802925659184,9.661818998153919,21.77377299269587
2047,20045,Soybeans,100028766.3995359,10002.876639953589,10.261898998705805,all_cult,Soybeans,0.11420951862362651,8.5,56,560161.091837401,2598.07453796387,770.35606169529,67.69224207182305,206.53974175642185,5,0.9944718067865603,0.0027245802925659184,9.661818998153919,21.77377299269587
2047,20045,Wheat,7085783.937909698,708.5783937909698,0.7269268802840957,all_cult,Wheat,NA,NA,89,63063.477047396314,2381.7350616455105,462.6086677233229,129.24434408443918,175.7348369084415,5,0.9944718067865603,0.0027245802925659184,9.661818998153919,21.77377299269587
2047,20061,Corn,31722102.062803604,3172.21020628036,4.044269831598419,all_cult,Corn,0.16936452361704205,12.944444444444445,250,793052.55157009,2557.466184692386,692.0269374006772,57.327452853102784,175.43446962368375,5,0.858473615126144,0.002351982507194915,8.917422970288444,22.039303914945442
2047,20061,Developed,61171563.9285717,6117.15639285717,7.798799400437711,developed,NA,NA,NA,NA,NA,NA,NA,NA,NA,NA,0.858473615126144,0.002351982507194915,8.917422970288444,22.039303914945442
2047,20061,Double Crop,5604030.762346523,560.4030762346523,0.7144612454318694,all_cult,NA,NA,NA,NA,NA,NA,NA,NA,NA,NA,0.858473615126144,0.002351982507194915,8.917422970288444,22.039303914945442
2047,20061,Grass/Pasture/Shrubland,476190220.2809351,47619.02202809351,60.70977699307564,grassPastureHay,NA,NA,NA,NA,NA,NA,NA,NA,NA,NA,0.858473615126144,0.002351982507194915,8.917422970288444,22.039303914945442
2047,20061,Other Crops,18227803.79878525,1822.7803798785249,2.323873646638379,all_cult,NA,NA,NA,NA,NA,NA,NA,NA,NA,NA,0.858473615126144,0.002351982507194915,8.917422970288444,22.039303914945442
2047,20061,Sorghum,5491901.736070833,549.1901736070832,0.7001658485721192,all_cult,Sorghum,NA,NA,112,61509.299443993325,2557.466184692386,692.0269374006772,57.327452853102784,175.43446962368375,5,0.858473615126144,0.002351982507194915,8.917422970288444,22.039303914945442
2047,20061,Soybeans,39491221.54782481,3949.1221547824807,5.03475953777074,all_cult,Soybeans,0.12217913528938978,7.666666666666667,56,221150.8406678189,2557.466184692386,692.0269374006772,57.327452853102784,175.43446962368375,5,0.858473615126144,0.002351982507194915,8.917422970288444,22.039303914945442
2047,20061,Wheat,15495075.277191846,1549.5075277191845,1.9754764472362665,all_cult,Wheat,NA,NA,89,137906.16996700742,2345.4689862060573,405.7190541423608,125.09026458410445,167.79090371293012,5,0.858473615126144,0.002351982507194915,8.917422970288444,22.039303914945442
2047,20085,Corn,134933024.35661882,13493.30243566188,7.9306511901880965,all_cult,Corn,NA,NA,250,3373325.60891547,2518.0792358398467,756.9372271320152,54.169074003335666,144.9011810934032,5,0.9329755884510263,0.0025560975026055516,8.688000923052249,21.659365819643643
2047,20085,Developed,75618361.35140783,7561.836135140783,4.444448275810096,developed,NA,NA,NA,NA,NA,NA,NA,NA,NA,NA,0.9329755884510263,0.0025560975026055516,8.688000923052249,21.659365819643643
2047,20085,Double Crop,1864792.83802623,186.479283802623,0.10960268333762817,all_cult,NA,NA,NA,NA,NA,NA,NA,NA,NA,NA,0.9329755884510263,0.0025560975026055516,8.688000923052249,21.659365819643643
2047,20085,Grass/Pasture/Shrubland,941187748.5802637,94118.77485802637,55.31804963283908,grassPastureHay,NA,NA,NA,NA,NA,NA,NA,NA,NA,NA,0.9329755884510263,0.0025560975026055516,8.688000923052249,21.659365819643643
2047,20085,Other Crops,98052397.627671,9805.2397627671,5.7630025537076115,all_cult,NA,NA,NA,NA,NA,NA,NA,NA,NA,NA,0.9329755884510263,0.0025560975026055516,8.688000923052249,21.659365819643643
2047,20085,Sorghum,4069081.398774073,406.9081398774073,0.23915913388905596,all_cult,Sorghum,NA,NA,112,45573.71166626961,2518.0792358398467,756.9372271320152,54.169074003335666,144.9011810934032,5,0.9329755884510263,0.0025560975026055516,8.688000923052249,21.659365819643643
2047,20085,Soybeans,170772946.2930534,17077.29462930534,10.037132690300496,all_cult,Soybeans,NA,NA,56,956328.499241099,2518.0792358398467,756.9372271320152,54.169074003335666,144.9011810934032,5,0.9329755884510263,0.0025560975026055516,8.688000923052249,21.659365819643643
2047,20085,Wheat,13725583.902961861,1372.5583902961862,0.8067173980208171,all_cult,Wheat,NA,NA,89,122157.69673636057,2313.393945922854,446.9484882817537,128.59169281348156,158.81889110935091,5,0.9329755884510263,0.0025560975026055516,8.688000923052249,21.659365819643643
2047,20087,Corn,155094058.297135,15509.4058297135,10.788896738521789,all_cult,Corn,0.13078338055311117,25.77777777777778,250,3877351.457428375,2551.9865759277377,786.0063387785837,59.26236285320719,178.97167422744164,5,0.9941342471271833,0.002723655471581324,9.234942827616676,21.561966736675966
2047,20087,Developed,83037617.78054704,8303.761778054704,5.7763933285619125,developed,NA,NA,NA,NA,NA,NA,NA,NA,NA,NA,0.9941342471271833,0.002723655471581324,9.234942827616676,21.561966736675966
2047,20087,Double Crop,3214015.8179615135,321.4015817961514,0.2235784217441099,all_cult,NA,NA,NA,NA,NA,NA,NA,NA,NA,NA,0.9941342471271833,0.002723655471581324,9.234942827616676,21.561966736675966
2047,20087,Grass/Pasture/Shrubland,533878677.1787268,53387.86771787268,37.138507962340775,grassPastureHay,NA,NA,NA,NA,NA,NA,NA,NA,NA,NA,0.9941342471271833,0.002723655471581324,9.234942827616676,21.561966736675966
2047,20087,Other Crops,67978226.39294052,6797.822639294052,4.728808266891807,all_cult,NA,NA,NA,NA,NA,NA,NA,NA,NA,NA,0.9941342471271833,0.002723655471581324,9.234942827616676,21.561966736675966
2047,20087,Sorghum,2078940.1655916602,207.89401655916603,0.1446185045281528,all_cult,Sorghum,NA,NA,112,23284.129854626597,2551.9865759277377,786.0063387785837,59.26236285320719,178.97167422744164,5,0.9941342471271833,0.002723655471581324,9.234942827616676,21.561966736675966
2047,20087,Soybeans,173639107.61438552,17363.91076143855,12.078956617613274,all_cult,Soybeans,0.09985991575255485,13.833333333333334,56,972379.0026405589,2551.9865759277377,786.0063387785837,59.26236285320719,178.97167422744164,5,0.9941342471271833,0.002723655471581324,9.234942827616676,21.561966736675966
2047,20087,Wheat,7377427.0278590415,737.7427027859042,0.5132001784817648,all_cult,Wheat,NA,NA,89,65659.10054794548,2345.0309515380886,463.5921769392128,130.0814556947471,173.43092970844842,5,0.9941342471271833,0.002723655471581324,9.234942827616676,21.561966736675966
2047,20091,Corn,20137063.169311535,2013.7063169311532,3.334881975218613,all_cult,Corn,0.14955141172933145,4,250,503426.5792327883,2600.3231585693393,794.7342328046054,71.83531938298196,197.4079013868372,5,1.033059239217704,0.002830299285527956,9.84464378043399,21.60877080211903
2047,20091,Developed,271607528.4848879,27160.752848488788,44.98069273866694,developed,NA,NA,NA,NA,NA,NA,NA,NA,NA,NA,1.033059239217704,0.002830299285527956,9.84464378043399,21.60877080211903
2047,20091,Double Crop,2013905.6882216034,201.39056882216036,0.3335212152324038,all_cult,NA,NA,NA,NA,NA,NA,NA,NA,NA,NA,1.033059239217704,0.002830299285527956,9.84464378043399,21.60877080211903
2047,20091,Grass/Pasture/Shrubland,139667491.4795437,13966.749147954368,23.130214964462166,grassPastureHay,NA,NA,NA,NA,NA,NA,NA,NA,NA,NA,1.033059239217704,0.002830299285527956,9.84464378043399,21.60877080211903
2047,20091,Other Crops,14581458.923742233,1458.1458923742232,2.4148230617504245,all_cult,NA,NA,NA,NA,NA,NA,NA,NA,NA,NA,1.033059239217704,0.002830299285527956,9.84464378043399,21.60877080211903
2047,20091,Sorghum,265245.84730308503,26.524584730308504,0.043927140106542625,all_cult,Sorghum,NA,NA,112,2970.7534897945525,2600.3231585693393,794.7342328046054,71.83531938298196,197.4079013868372,5,1.033059239217704,0.002830299285527956,9.84464378043399,21.60877080211903
2047,20091,Soybeans,40506888.73460731,4050.688873460731,6.708311533684595,all_cult,Soybeans,NA,NA,56,226838.57691380093,2600.3231585693393,794.7342328046054,71.83531938298196,197.4079013868372,5,1.033059239217704,0.002830299285527956,9.84464378043399,21.60877080211903
2047,20091,Wheat,3047090.5931461067,304.70905931461067,0.5046260922212007,all_cult,Wheat,NA,NA,89,27119.10627900035,2384.4355377197294,475.78872005257705,131.89967119326198,166.00825042061237,5,1.033059239217704,0.002830299285527956,9.84464378043399,21.60877080211903
2047,20103,Corn,55676654.53817842,5567.665453817842,6.162232243462533,all_cult,Corn,0.09926099891867379,4.75,250,1391916.3634544604,2580.1999627685577,803.9409097692659,63.97800407067261,187.62564101328636,5,1.0313224033327084,0.0028255408310485165,9.541452043089171,21.596152310306103
2047,20103,Developed,66222526.18511143,6622.252618511144,7.329437975150055,developed,NA,NA,NA,NA,NA,NA,NA,NA,NA,NA,1.0313224033327084,0.0028255408310485165,9.541452043089171,21.596152310306103
2047,20103,Double Crop,2239300.7972116056,223.93007972116058,0.2478434038440015,all_cult,NA,NA,NA,NA,NA,NA,NA,NA,NA,NA,1.0313224033327084,0.0028255408310485165,9.541452043089171,21.596152310306103
2047,20103,Grass/Pasture/Shrubland,361083573.13099504,36108.3573130995,39.96434152498699,grassPastureHay,NA,NA,NA,NA,NA,NA,NA,NA,NA,NA,1.0313224033327084,0.0028255408310485165,9.541452043089171,21.596152310306103
2047,20103,Other Crops,54377617.6404599,5437.76176404599,6.018456236750789,all_cult,NA,NA,NA,NA,NA,NA,NA,NA,NA,NA,1.0313224033327084,0.0028255408310485165,9.541452043089171,21.596152310306103
2047,20103,Sorghum,567901.3203360821,56.79013203360822,0.06285470735100035,all_cult,Sorghum,NA,NA,112,6360.494787764121,2580.1999627685577,803.9409097692659,63.97800407067261,187.62564101328636,5,1.0313224033327084,0.0028255408310485165,9.541452043089171,21.596152310306103
2047,20103,Soybeans,101039226.18326606,10103.922618326606,11.18291288522158,all_cult,Soybeans,0.11410095968932568,4.571428571428571,56,565819.66662629,2580.1999627685577,803.9409097692659,63.97800407067261,187.62564101328636,5,1.0313224033327084,0.0028255408310485165,9.541452043089171,21.596152310306103
2047,20103,Wheat,4817340.8524583215,481.7340852458321,0.5331781044497215,all_cult,Wheat,NA,NA,89,42874.33358687905,2364.535546875002,468.7876543368673,130.03576697775978,178.387791157189,5,1.0313224033327084,0.0028255408310485165,9.541452043089171,21.596152310306103
2047,20117,Corn,1797933.5665907045,179.79335665907044,8.787790125047634,all_cult,Corn,0.16261062771687598,15.722222222222221,250,44948.33916476761,2467.6029327392607,722.8559415684445,56.54351991421762,122.46064196903804,5,0.8732144846529771,0.002392368451104047,8.210570871013507,21.331880150363894
2047,20117,Developed,709093.4285035765,70.90934285035766,3.465847873654197,developed,NA,NA,NA,NA,NA,NA,NA,NA,NA,NA,0.8732144846529771,0.002392368451104047,8.210570871013507,21.331880150363894
2047,20117,Double Crop,17005.082052877187,1.700508205287719,0.08311602548433755,all_cult,NA,NA,NA,NA,NA,NA,NA,NA,NA,NA,0.8732144846529771,0.002392368451104047,8.210570871013507,21.331880150363894
2047,20117,Grass/Pasture/Shrubland,13608757.209524421,1360.8757209524422,66.51575143947134,grassPastureHay,NA,NA,NA,NA,NA,NA,NA,NA,NA,NA,0.8732144846529771,0.002392368451104047,8.210570871013507,21.331880150363894
2047,20117,Other Crops,368569.7378671669,36.856973786716694,1.801464505144208,all_cult,NA,NA,NA,NA,NA,NA,NA,NA,NA,NA,0.8732144846529771,0.002392368451104047,8.210570871013507,21.331880150363894
2047,20117,Sorghum,113210.96189225193,11.321096189225193,0.5533431220433721,all_cult,Sorghum,NA,NA,112,1267.9627731932217,2467.6029327392607,722.8559415684445,56.54351991421762,122.46064196903804,5,0.8732144846529771,0.002392368451104047,8.210570871013507,21.331880150363894
2047,20117,Soybeans,2250086.8872694396,225.00868872694397,10.99778751332857,all_cult,Soybeans,0.12228514283699721,8.25,56,12600.486568708862,2467.6029327392607,722.8559415684445,56.54351991421762,122.46064196903804,5,0.8732144846529771,0.002392368451104047,8.210570871013507,21.331880150363894
2047,20117,Wheat,234744.84118524572,23.474484118524572,1.1473663074132867,all_cult,Wheat,NA,NA,89,2089.229086548687,2258.4947198486357,416.00183604900457,126.86442309462171,140.50536310839553,5,0.8732144846529771,0.002392368451104047,8.210570871013507,21.331880150363894
2047,20127,Corn,10941387.892613748,1094.1387892613748,4.064821675495574,all_cult,Corn,NA,NA,250,273534.6973153437,2567.226540527347,680.7333420638573,58.78849870715709,189.0198111726361,5,0.8555896430660794,0.00234408121387967,9.005325810680674,22.080271564640434
2047,20127,Developed,12128694.282144045,1212.8694282144045,4.50591642462472,developed,NA,NA,NA,NA,NA,NA,NA,NA,NA,NA,0.8555896430660794,0.00234408121387967,9.005325810680674,22.080271564640434
2047,20127,Double Crop,4499199.088895911,449.9199088895911,1.671491967784096,all_cult,NA,NA,NA,NA,NA,NA,NA,NA,NA,NA,0.8555896430660794,0.00234408121387967,9.005325810680674,22.080271564640434
2047,20127,Grass/Pasture/Shrubland,158101691.18434784,15810.169118434784,58.73616652348874,grassPastureHay,NA,NA,NA,NA,NA,NA,NA,NA,NA,NA,0.8555896430660794,0.00234408121387967,9.005325810680674,22.080271564640434
2047,20127,Other Crops,10981377.128665583,1098.1377128665583,4.079678027823576,all_cult,NA,NA,NA,NA,NA,NA,NA,NA,NA,NA,0.8555896430660794,0.00234408121387967,9.005325810680674,22.080271564640434
2047,20127,Sorghum,7272388.587591114,727.2388587591115,2.701756217181813,all_cult,Sorghum,NA,NA,112,81450.75218102049,2567.226540527347,680.7333420638573,58.78849870715709,189.0198111726361,5,0.8555896430660794,0.00234408121387967,9.005325810680674,22.080271564640434
2047,20127,Soybeans,28686301.015498407,2868.6301015498407,10.657212713965244,all_cult,Soybeans,0.11686486262093489,4,56,160643.2856867911,2567.226540527347,680.7333420638573,58.78849870715709,189.0198111726361,5,0.8555896430660794,0.00234408121387967,9.005325810680674,22.080271564640434
2047,20127,Wheat,20934850.636842933,2093.485063684293,7.777480834890052,all_cult,Wheat,NA,NA,89,186320.17066790207,2352.0283935546904,408.686169632027,122.528531458833,180.92557157147303,5,0.8555896430660794,0.00234408121387967,9.005325810680674,22.080271564640434
2047,20131,Corn,124792211.963085,12479.2211963085,16.444051346315263,all_cult,Corn,0.12528513936677563,9.454545454545455,250,3119805.299077125,2462.5513110351594,735.1154392627177,55.39819304935816,116.44376200979568,5,0.8883598627775654,0.0024338626377467545,8.188744657333606,21.244714405634653
2047,20131,Developed,34827921.40223819,3482.792140223819,4.589325878711502,developed,NA,NA,NA,NA,NA,NA,NA,NA,NA,NA,0.8883598627775654,0.0024338626377467545,8.188744657333606,21.244714405634653
2047,20131,Double Crop,1288597.7379512293,128.85977379512295,0.1698003988733199,all_cult,NA,NA,NA,NA,NA,NA,NA,NA,NA,NA,0.8883598627775654,0.0024338626377467545,8.188744657333606,21.244714405634653
2047,20131,Grass/Pasture/Shrubland,328086582.4549448,32808.65824549448,43.232446344665604,grassPastureHay,NA,NA,NA,NA,NA,NA,NA,NA,NA,NA,0.8883598627775654,0.0024338626377467545,8.188744657333606,21.244714405634653
2047,20131,Other Crops,27101730.321978156,2710.1730321978157,3.5712344382550913,all_cult,NA,NA,NA,NA,NA,NA,NA,NA,NA,NA,0.8883598627775654,0.0024338626377467545,8.188744657333606,21.244714405634653
2047,20131,Sorghum,2055671.3741418559,205.5671374141856,0.2708788080264065,all_cult,Sorghum,NA,NA,112,23023.519390388785,2462.5513110351594,735.1154392627177,55.39819304935816,116.44376200979568,5,0.8883598627775654,0.0024338626377467545,8.188744657333606,21.244714405634653
2047,20131,Soybeans,136674912.54505298,13667.491254505298,18.00985209164201,all_cult,Soybeans,0.1067341402930363,5.142857142857143,56,765379.5102522967,2462.5513110351594,735.1154392627177,55.39819304935816,116.44376200979568,5,0.8883598627775654,0.0024338626377467545,8.188744657333606,21.244714405634653
2047,20131,Wheat,9588450.555545796,958.8450555545795,1.2634840811511674,all_cult,Wheat,NA,NA,89,85337.20994435757,2249.0294213867214,427.8790044868461,127.003625250063,154.44438903169856,5,0.8883598627775654,0.0024338626377467545,8.188744657333606,21.244714405634653
2047,20139,Corn,20890964.22588984,2089.096422588984,9.4988079569725965,all_cult,Corn,NA,NA,250,522274.10564724595,2571.920142211917,739.5026098743637,63.19457462374792,201.0431051123448,5,0.9556278865579456,0.0026181585933094404,9.304316222308456,21.79755799175944
2047,20139,Developed,11858545.489950646,1185.8545489950645,5.391902692479325,developed,NA,NA,NA,NA,NA,NA,NA,NA,NA,NA,0.9556278865579456,0.0026181585933094404,9.304316222308456,21.79755799175944
2047,20139,Double Crop,1849135.1156913848,184.91351156913848,0.8407739901578724,all_cult,NA,NA,NA,NA,NA,NA,NA,NA,NA,NA,0.9556278865579456,0.0026181585933094404,9.304316222308456,21.79755799175944
2047,20139,Grass/Pasture/Shrubland,108139234.26990536,10813.923426990536,49.1692871538651,grassPastureHay,NA,NA,NA,NA,NA,NA,NA,NA,NA,NA,0.9556278865579456,0.0026181585933094404,9.304316222308456,21.79755799175944
2047,20139,Other Crops,6302951.103083336,630.2951103083336,2.86585728849129,all_cult,NA,NA,NA,NA,NA,NA,NA,NA,NA,NA,0.9556278865579456,0.0026181585933094404,9.304316222308456,21.79755799175944
2047,20139,Sorghum,252758.48461129973,25.27584846112997,0.11492549021948671,all_cult,Sorghum,NA,NA,112,2830.8950276465566,2571.920142211917,739.5026098743637,63.19457462374792,201.0431051123448,5,0.9556278865579456,0.0026181585933094404,9.304316222308456,21.79755799175944
2047,20139,Soybeans,28064514.38751116,2806.4514387511163,12.76051357372463,all_cult,Soybeans,NA,NA,56,157161.28057006252,2571.920142211917,739.5026098743637,63.19457462374792,201.0431051123448,5,0.9556278865579456,0.0026181585933094404,9.304316222308456,21.79755799175944
2047,20139,Wheat,1738320.944623076,173.8320944623076,0.7903884493801757,all_cult,Wheat,NA,NA,89,15471.056407145375,2364.7082623291044,455.0940852281146,126.08019106372814,176.72502780818115,5,0.9556278865579456,0.0026181585933094404,9.304316222308456,21.79755799175944
2047,20149,Corn,136791901.8519852,13679.190185198519,7.982141503627487,all_cult,Corn,0.1326174661314905,62.44444444444444,250,3419797.54629963,2525.584560546878,720.584946550901,54.33293862553936,135.81862018207232,5,0.8779383136015552,0.0024053104482234387,8.638783995745957,21.807429567101906
2047,20149,Developed,87781477.02653997,8778.147702653996,5.122263537072818,developed,NA,NA,NA,NA,NA,NA,NA,NA,NA,NA,0.8779383136015552,0.0024053104482234387,8.638783995745957,21.807429567101906
2047,20149,Double Crop,1803166.4492782145,180.31664492782144,0.1052191654466961,all_cult,NA,NA,NA,NA,NA,NA,NA,NA,NA,NA,0.8779383136015552,0.0024053104482234387,8.638783995745957,21.807429567101906
2047,20149,Grass/Pasture/Shrubland,1058221194.9777538,105822.11949777538,61.749790785057485,grassPastureHay,NA,NA,NA,NA,NA,NA,NA,NA,NA,NA,0.8779383136015552,0.0024053104482234387,8.638783995745957,21.807429567101906
2047,20149,Other Crops,34485813.7618199,3448.58137618199,2.012331443512244,all_cult,NA,NA,NA,NA,NA,NA,NA,NA,NA,NA,0.8779383136015552,0.0024053104482234387,8.638783995745957,21.807429567101906
2047,20149,Sorghum,5647082.09049503,564.708209049503,0.3295210295248753,all_cult,Sorghum,NA,NA,112,63247.319413544334,2525.584560546878,720.584946550901,54.33293862553936,135.81862018207232,5,0.8779383136015552,0.0024053104482234387,8.638783995745957,21.807429567101906
2047,20149,Soybeans,153915907.33370754,15391.590733370755,8.98136903839706,all_cult,Soybeans,0.11392545848870632,51.611111111111114,56,861929.0810687622,2525.584560546878,720.584946550901,54.33293862553936,135.81862018207232,5,0.8779383136015552,0.0024053104482234387,8.638783995745957,21.807429567101906
2047,20149,Wheat,13424373.002870617,1342.4373002870618,0.7833449455387832,all_cult,Wheat,NA,NA,89,119476.9197255485,2317.5557397460966,420.44931032938337,127.54687396220754,141.50005468180902,5,0.8779383136015552,0.0024053104482234387,8.638783995745957,21.807429567101906
2047,20161,Corn,29887562.457934357,2988.756245793436,3.7374801575206362,all_cult,Corn,0.14127372152863188,12.444444444444445,250,747189.0614483589,2548.5261303710968,694.2704874238171,54.84434569342032,155.2322967128819,5,0.8523097014174836,0.0023350950723766677,8.762675028761794,22.05699834118153
2047,20161,Developed,93189704.06140432,9318.970406140432,11.653498685445852,developed,NA,NA,NA,NA,NA,NA,NA,NA,NA,NA,0.8523097014174836,0.0023350950723766677,8.762675028761794,22.05699834118153
2047,20161,Double Crop,2321662.5391971655,232.16625391971652,0.2903270443991936,all_cult,NA,NA,NA,NA,NA,NA,NA,NA,NA,NA,0.8523097014174836,0.0023350950723766677,8.762675028761794,22.05699834118153
2047,20161,Grass/Pasture/Shrubland,421935273.9416269,42193.527394162695,52.76357736882686,grassPastureHay,NA,NA,NA,NA,NA,NA,NA,NA,NA,NA,0.8523097014174836,0.0023350950723766677,8.762675028761794,22.05699834118153
2047,20161,Other Crops,10313350.483787943,1031.3350483787942,1.2896984437913022,all_cult,NA,NA,NA,NA,NA,NA,NA,NA,NA,NA,0.8523097014174836,0.0023350950723766677,8.762675028761794,22.05699834118153
2047,20161,Sorghum,8046145.345421317,804.6145345421318,1.0061813711092988,all_cult,Sorghum,NA,NA,112,90116.82786871876,2548.5261303710968,694.2704874238171,54.84434569342032,155.2322967128819,5,0.8523097014174836,0.0023350950723766677,8.762675028761794,22.05699834118153
2047,20161,Soybeans,56043067.26954317,5604.306726954317,7.008261452613234,all_cult,Soybeans,0.12420661341954765,10.38888888888889,56,313841.17670944176,2548.5261303710968,694.2704874238171,54.84434569342032,155.2322967128819,5,0.8523097014174836,0.0023350950723766677,8.762675028761794,22.05699834118153
2047,20161,Wheat,14763447.35949416,1476.3447359494162,1.8461890841841313,all_cult,Wheat,NA,NA,89,131394.68149949805,2337.871091918948,401.50746977802265,126.80804966014004,150.6328899365772,5,0.8523097014174836,0.0023350950723766677,8.762675028761794,22.05699834118153
2047,20177,Corn,132475537.80653152,13247.553780653152,9.091050553311547,all_cult,Corn,0.12030458771317423,83,250,3311888.445163288,2564.4736871337923,739.66835958873,56.90645047693225,183.21189486551967,5,0.9389346803064524,0.002572423781661514,9.22996388056509,21.7761962556186
2047,20177,Developed,255013934.0237044,25501.393402370442,17.50017100813045,developed,NA,NA,NA,NA,NA,NA,NA,NA,NA,NA,0.9389346803064524,0.002572423781661514,9.22996388056509,21.7761962556186
2047,20177,Double Crop,2797246.7569815805,279.7246756981581,0.19195930130847558,all_cult,NA,NA,NA,NA,NA,NA,NA,NA,NA,NA,0.9389346803064524,0.002572423781661514,9.22996388056509,21.7761962556186
2047,20177,Grass/Pasture/Shrubland,626083355.6398722,62608.33556398722,42.96457693964075,grassPastureHay,NA,NA,NA,NA,NA,NA,NA,NA,NA,NA,0.9389346803064524,0.002572423781661514,9.22996388056509,21.7761962556186
2047,20177,Other Crops,33361526.081880283,3336.1526081880284,2.289413767762353,all_cult,NA,NA,NA,NA,NA,NA,NA,NA,NA,NA,0.9389346803064524,0.002572423781661514,9.22996388056509,21.7761962556186
2047,20177,Sorghum,2303954.5452317544,230.39545452317543,0.15810743319134585,all_cult,Sorghum,NA,NA,112,25804.29090659565,2564.4736871337923,739.66835958873,56.90645047693225,183.21189486551967,5,0.9389346803064524,0.002572423781661514,9.22996388056509,21.7761962556186
2047,20177,Soybeans,145627766.023613,14562.7766023613,9.993613951731533,all_cult,Soybeans,0.09768281806034469,42.833333333333336,56,815515.4897322329,2564.4736871337923,739.66835958873,56.90645047693225,183.21189486551967,5,0.9389346803064524,0.002572423781661514,9.22996388056509,21.7761962556186
2047,20177,Wheat,9565647.685078032,956.5647685078033,0.656436562704971,all_cult,Wheat,NA,NA,89,85134.26439719449,2360.025756225589,446.2664014816067,127.65845236789556,172.9795043813707,5,0.9389346803064524,0.002572423781661514,9.22996388056509,21.7761962556186
2047,20197,Corn,69733578.79693311,6973.357879693312,4.536852294529976,all_cult,Corn,0.14186117514330646,28.666666666666668,250,1743339.469923328,2551.06489318848,721.5269285710353,51.71667119657705,181.14942200606183,5,0.8962863899046234,0.0024555791504236256,8.950795898437523,21.891245551958498
2047,20197,Developed,54289406.85937861,5428.940685937861,3.5320576446519008,developed,NA,NA,NA,NA,NA,NA,NA,NA,NA,NA,0.8962863899046234,0.0024555791504236256,8.950795898437523,21.891245551958498
2047,20197,Double Crop,1125869.9276987636,112.58699276987635,0.07324886594013556,all_cult,NA,NA,NA,NA,NA,NA,NA,NA,NA,NA,0.8962863899046234,0.0024555791504236256,8.950795898437523,21.891245551958498
2047,20197,Grass/Pasture/Shrubland,1169502873.1037595,116950.28731037596,76.08761639426346,grassPastureHay,NA,NA,NA,NA,NA,NA,NA,NA,NA,NA,0.8962863899046234,0.0024555791504236256,8.950795898437523,21.891245551958498
2047,20197,Other Crops,29094649.42529061,2909.464942529061,1.8928919077573607,all_cult,NA,NA,NA,NA,NA,NA,NA,NA,NA,NA,0.8962863899046234,0.0024555791504236256,8.950795898437523,21.891245551958498
2047,20197,Sorghum,3287931.385599168,328.7931385599168,0.21391213972326276,all_cult,Sorghum,NA,NA,112,36824.831518710685,2551.06489318848,721.5269285710353,51.71667119657705,181.14942200606183,5,0.8962863899046234,0.0024555791504236256,8.950795898437523,21.891245551958498
2047,20197,Soybeans,83491332.16381498,8349.133216381497,5.431928899043218,all_cult,Soybeans,0.12942046457519057,22.77777777777778,56,467551.46011736384,2551.06489318848,721.5269285710353,51.71667119657705,181.14942200606183,5,0.8962863899046234,0.0024555791504236256,8.950795898437523,21.891245551958498
2047,20197,Wheat,7530280.724868099,753.02807248681,0.4899185152185996,all_cult,Wheat,NA,NA,89,67019.49845132609,2342.657625122073,428.0826818221345,126.0981509530419,166.80642222632522,5,0.8962863899046234,0.0024555791504236256,8.950795898437523,21.891245551958498
2047,20209,Corn,2798441.748604609,279.8441748604609,1.0907251789658858,all_cult,Corn,NA,NA,250,69961.04371511523,2608.0054473876985,810.5456807044621,63.58933664229159,177.87819689214285,5,1.0414615041731732,0.0028533191895155426,9.91469149654861,21.4695111334814
2047,20209,Developed,144515431.86680782,14451.543186680783,56.32656829996687,developed,NA,NA,NA,NA,NA,NA,NA,NA,NA,NA,1.0414615041731732,0.0028533191895155426,9.91469149654861,21.4695111334814
2047,20209,Double Crop,152719.71803613545,15.271971803613546,0.05952428413764306,all_cult,NA,NA,NA,NA,NA,NA,NA,NA,NA,NA,1.0414615041731732,0.0028533191895155426,9.91469149654861,21.4695111334814
2047,20209,Grass/Pasture/Shrubland,41083799.11850462,4108.379911850462,16.01288794682744,grassPastureHay,NA,NA,NA,NA,NA,NA,NA,NA,NA,NA,1.0414615041731732,0.0028533191895155426,9.91469149654861,21.4695111334814
2047,20209,Other Crops,1959154.8527385148,195.91548527385146,0.7636033619211925,all_cult,NA,NA,NA,NA,NA,NA,NA,NA,NA,NA,1.0414615041731732,0.0028533191895155426,9.91469149654861,21.4695111334814
2047,20209,Sorghum,54127.80426680527,5.412780426680527,0.02109694047602745,all_cult,Sorghum,NA,NA,112,606.231407788219,2608.0054473876985,810.5456807044621,63.58933664229159,177.87819689214285,5,1.0414615041731732,0.0028533191895155426,9.91469149654861,21.4695111334814
2047,20209,Soybeans,8244134.676247953,824.4134676247953,3.213247256139296,all_cult,Soybeans,0.14562756367793683,4.75,56,46167.15418698854,2608.0054473876985,810.5456807044621,63.58933664229159,177.87819689214285,5,1.0414615041731732,0.0028533191895155426,9.91469149654861,21.4695111334814
2047,20209,Wheat,234900.57353758038,23.49005735375804,0.09155522720411169,all_cult,Wheat,NA,NA,89,2090.6151044844655,2376.466806030276,472.3652107421625,135.88198150616677,173.24863720061953,5,1.0414615041731732,0.0028533191895155426,9.91469149654861,21.4695111334814
2048,20005,Corn,172734778.84431297,17273.477884431297,23.078910848652363,all_cult,Corn,0.10724545034749912,6.181818181818182,250,4318369.471107824,2443.521226196292,750.4252813721786,249.14532519528103,163.60151431822123,5,0.9252972984130016,0.002528134695117491,8.553895185293419,20.71584956268146
2048,20005,Developed,36578638.84791646,3657.863884791646,4.88723319405755,developed,NA,NA,NA,NA,NA,NA,NA,NA,NA,NA,0.9252972984130016,0.002528134695117491,8.553895185293419,20.71584956268146
2048,20005,Double Crop,1451158.554832854,145.11585548328543,0.1938877575107932,all_cult,NA,NA,NA,NA,NA,NA,NA,NA,NA,NA,0.9252972984130016,0.002528134695117491,8.553895185293419,20.71584956268146
2048,20005,Grass/Pasture/Shrubland,215288406.86893737,21528.840686893738,28.764456018176027,grassPastureHay,NA,NA,NA,NA,NA,NA,NA,NA,NA,NA,0.9252972984130016,0.002528134695117491,8.553895185293419,20.71584956268146
2048,20005,Other Crops,29204979.705745928,2920.4979705745927,3.902046405912905,all_cult,NA,NA,NA,NA,NA,NA,NA,NA,NA,NA,0.9252972984130016,0.002528134695117491,8.553895185293419,20.71584956268146
2048,20005,Sorghum,732239.3724075308,73.22393724075309,0.09783372699309156,all_cult,Sorghum,NA,NA,112,8201.080970964345,2443.521226196292,750.4252813721786,249.14532519528103,163.60151431822123,5,0.9252972984130016,0.002528134695117491,8.553895185293419,20.71584956268146
2048,20005,Soybeans,181600576.65296197,18160.057665296197,24.263460703620524,all_cult,Soybeans,0.07483265359624193,5,56,1016963.2292565871,2443.521226196292,750.4252813721786,249.14532519528103,163.60151431822123,5,0.9252972984130016,0.002528134695117491,8.553895185293419,20.71584956268146
2048,20005,Wheat,5908069.702597459,590.8069702597459,0.7893709354082403,all_cult,Wheat,NA,NA,89,52581.82035311738,2156.9140710449246,463.0770960118644,217.7083533155998,91.67202425200756,5,0.9252972984130016,0.002528134695117491,8.553895185293419,20.71584956268146
2048,20013,Corn,113276297.82191704,11327.629782191703,25.36090350021212,all_cult,Corn,0.12646432205391206,17.5625,250,2831907.445547926,2412.4624951171904,728.9527520837034,247.64228811292313,158.61455262431448,5,0.896563666119418,0.0024496275030585187,8.073096070003011,20.68895837335641
2048,20013,Developed,24170977.38782201,2417.0977387822013,5.411527714315524,developed,NA,NA,NA,NA,NA,NA,NA,NA,NA,NA,0.896563666119418,0.0024496275030585187,8.073096070003011,20.68895837335641
2048,20013,Double Crop,542048.8992527233,54.20488992527234,0.12135680712267008,all_cult,NA,NA,NA,NA,NA,NA,NA,NA,NA,NA,0.896563666119418,0.0024496275030585187,8.073096070003011,20.68895837335641
2048,20013,Grass/Pasture/Shrubland,122499833.68113159,12249.983368113159,27.425918047421547,grassPastureHay,NA,NA,NA,NA,NA,NA,NA,NA,NA,NA,0.896563666119418,0.0024496275030585187,8.073096070003011,20.68895837335641
2048,20013,Other Crops,13090232.71280689,1309.023271280689,2.9307113227404837,all_cult,NA,NA,NA,NA,NA,NA,NA,NA,NA,NA,0.896563666119418,0.0024496275030585187,8.073096070003011,20.68895837335641
2048,20013,Sorghum,333636.9508835004,33.363695088350035,0.07469642527304013,all_cult,Sorghum,NA,NA,112,3736.733849895204,2412.4624951171904,728.9527520837034,247.64228811292313,158.61455262431448,5,0.896563666119418,0.0024496275030585187,8.073096070003011,20.68895837335641
2048,20013,Soybeans,123405327.24801578,12340.532724801578,27.62864479089188,all_cult,Soybeans,0.10147480973744562,10.461538461538462,56,691069.8325888884,2412.4624951171904,728.9527520837034,247.64228811292313,158.61455262431448,5,0.896563666119418,0.0024496275030585187,8.073096070003011,20.68895837335641
2048,20013,Wheat,3906288.4515680084,390.6288451568008,0.8745607542714157,all_cult,Wheat,NA,NA,89,34765.96721895527,2125.775069580081,454.2772354556748,223.6792941076296,105.5654234224436,5,0.896563666119418,0.0024496275030585187,8.073096070003011,20.68895837335641
2048,20045,Corn,74392843.99321488,7439.284399321487,7.631923083362056,all_cult,Corn,0.1459526935617447,11,250,1859821.0998303718,2490.831730346683,781.9965288354155,250.08086545535417,170.66745694568436,5,0.9759482540310922,0.0026665252842379573,9.24071319246555,20.97581360196809
2048,20045,Developed,130402436.2681122,13040.24362681122,13.37791795635647,developed,NA,NA,NA,NA,NA,NA,NA,NA,NA,NA,0.9759482540310922,0.0026665252842379573,9.24071319246555,20.97581360196809
2048,20045,Double Crop,4220114.888463862,422.01148884638627,0.4329393864098648,all_cult,NA,NA,NA,NA,NA,NA,NA,NA,NA,NA,0.9759482540310922,0.0026665252842379573,9.24071319246555,20.97581360196809
2048,20045,Grass/Pasture/Shrubland,354830010.0217444,35483.00100217444,36.40182575089523,grassPastureHay,NA,NA,NA,NA,NA,NA,NA,NA,NA,NA,0.9759482540310922,0.0026665252842379573,9.24071319246555,20.97581360196809
2048,20045,Other Crops,37964614.628596716,3796.4614628596714,3.8947700233285687,all_cult,NA,NA,NA,NA,NA,NA,NA,NA,NA,NA,0.9759482540310922,0.0026665252842379573,9.24071319246555,20.97581360196809
2048,20045,Sorghum,671055.755263424,67.1055755263424,0.06884326010288025,all_cult,Sorghum,NA,NA,112,7515.824458950349,2490.831730346683,781.9965288354155,250.08086545535417,170.66745694568436,5,0.9759482540310922,0.0026665252842379573,9.24071319246555,20.97581360196809
2048,20045,Soybeans,100028766.3995359,10002.876639953589,10.261898998705805,all_cult,Soybeans,0.11420951862362651,8.5,56,560161.091837401,2490.831730346683,781.9965288354155,250.08086545535417,170.66745694568436,5,0.9759482540310922,0.0026665252842379573,9.24071319246555,20.97581360196809
2048,20045,Wheat,7085783.937909698,708.5783937909698,0.7269268802840957,all_cult,Wheat,NA,NA,89,63063.477047396314,2211.478265991214,502.36933228112537,199.87640470790933,91.40458795636586,5,0.9759482540310922,0.0026665252842379573,9.24071319246555,20.97581360196809
2048,20061,Corn,31722102.062803604,3172.21020628036,4.044269831598419,all_cult,Corn,0.16936452361704205,12.944444444444445,250,793052.55157009,2454.9605578613314,674.7112404545001,240.76296468765213,158.76089697977,5,0.8485499141649254,0.0023184423884287583,8.50425416706692,21.178682504455924
2048,20061,Developed,61171563.9285717,6117.15639285717,7.798799400437711,developed,NA,NA,NA,NA,NA,NA,NA,NA,NA,NA,0.8485499141649254,0.0023184423884287583,8.50425416706692,21.178682504455924
2048,20061,Double Crop,5604030.762346523,560.4030762346523,0.7144612454318694,all_cult,NA,NA,NA,NA,NA,NA,NA,NA,NA,NA,0.8485499141649254,0.0023184423884287583,8.50425416706692,21.178682504455924
2048,20061,Grass/Pasture/Shrubland,476190220.2809351,47619.02202809351,60.70977699307564,grassPastureHay,NA,NA,NA,NA,NA,NA,NA,NA,NA,NA,0.8485499141649254,0.0023184423884287583,8.50425416706692,21.178682504455924
2048,20061,Other Crops,18227803.79878525,1822.7803798785249,2.323873646638379,all_cult,NA,NA,NA,NA,NA,NA,NA,NA,NA,NA,0.8485499141649254,0.0023184423884287583,8.50425416706692,21.178682504455924
2048,20061,Sorghum,5491901.736070833,549.1901736070832,0.7001658485721192,all_cult,Sorghum,NA,NA,112,61509.299443993325,2454.9605578613314,674.7112404545001,240.76296468765213,158.76089697977,5,0.8485499141649254,0.0023184423884287583,8.50425416706692,21.178682504455924
2048,20061,Soybeans,39491221.54782481,3949.1221547824807,5.03475953777074,all_cult,Soybeans,0.12217913528938978,7.666666666666667,56,221150.8406678189,2454.9605578613314,674.7112404545001,240.76296468765213,158.76089697977,5,0.8485499141649254,0.0023184423884287583,8.50425416706692,21.178682504455924
2048,20061,Wheat,15495075.277191846,1549.5075277191845,1.9754764472362665,all_cult,Wheat,NA,NA,89,137906.16996700742,2179.648734130862,434.9010924889064,208.84531115641977,73.08528859287006,5,0.8485499141649254,0.0023184423884287583,8.50425416706692,21.178682504455924
2048,20085,Corn,134933024.35661882,13493.30243566188,7.9306511901880965,all_cult,Corn,NA,NA,250,3373325.60891547,2429.469669799808,745.3522187479291,249.60043315849316,162.9272723947879,5,0.9213842871202992,0.002517443407432511,8.320721460561307,20.870703225057657
2048,20085,Developed,75618361.35140783,7561.836135140783,4.444448275810096,developed,NA,NA,NA,NA,NA,NA,NA,NA,NA,NA,0.9213842871202992,0.002517443407432511,8.320721460561307,20.870703225057657
2048,20085,Double Crop,1864792.83802623,186.479283802623,0.10960268333762817,all_cult,NA,NA,NA,NA,NA,NA,NA,NA,NA,NA,0.9213842871202992,0.002517443407432511,8.320721460561307,20.870703225057657
2048,20085,Grass/Pasture/Shrubland,941187748.5802637,94118.77485802637,55.31804963283908,grassPastureHay,NA,NA,NA,NA,NA,NA,NA,NA,NA,NA,0.9213842871202992,0.002517443407432511,8.320721460561307,20.870703225057657
2048,20085,Other Crops,98052397.627671,9805.2397627671,5.7630025537076115,all_cult,NA,NA,NA,NA,NA,NA,NA,NA,NA,NA,0.9213842871202992,0.002517443407432511,8.320721460561307,20.870703225057657
2048,20085,Sorghum,4069081.398774073,406.9081398774073,0.23915913388905596,all_cult,Sorghum,NA,NA,112,45573.71166626961,2429.469669799808,745.3522187479291,249.60043315849316,162.9272723947879,5,0.9213842871202992,0.002517443407432511,8.320721460561307,20.870703225057657
2048,20085,Soybeans,170772946.2930534,17077.29462930534,10.037132690300496,all_cult,Soybeans,NA,NA,56,956328.499241099,2429.469669799808,745.3522187479291,249.60043315849316,162.9272723947879,5,0.9213842871202992,0.002517443407432511,8.320721460561307,20.870703225057657
2048,20085,Wheat,13725583.902961861,1372.5583902961862,0.8067173980208171,all_cult,Wheat,NA,NA,89,122157.69673636057,2155.686125488284,474.8744636270787,218.43621703669535,94.84279817793228,5,0.9213842871202992,0.002517443407432511,8.320721460561307,20.870703225057657
2048,20087,Corn,155094058.297135,15509.4058297135,10.788896738521789,all_cult,Corn,0.13078338055311117,25.77777777777778,250,3877351.457428375,2457.1084851074247,776.8116033026562,251.6102405851727,171.49180927947322,5,0.962225652041114,0.0026290318361779073,8.846032673153092,20.78788672275233
2048,20087,Developed,83037617.78054704,8303.761778054704,5.7763933285619125,developed,NA,NA,NA,NA,NA,NA,NA,NA,NA,NA,0.962225652041114,0.0026290318361779073,8.846032673153092,20.78788672275233
2048,20087,Double Crop,3214015.8179615135,321.4015817961514,0.2235784217441099,all_cult,NA,NA,NA,NA,NA,NA,NA,NA,NA,NA,0.962225652041114,0.0026290318361779073,8.846032673153092,20.78788672275233
2048,20087,Grass/Pasture/Shrubland,533878677.1787268,53387.86771787268,37.138507962340775,grassPastureHay,NA,NA,NA,NA,NA,NA,NA,NA,NA,NA,0.962225652041114,0.0026290318361779073,8.846032673153092,20.78788672275233
2048,20087,Other Crops,67978226.39294052,6797.822639294052,4.728808266891807,all_cult,NA,NA,NA,NA,NA,NA,NA,NA,NA,NA,0.962225652041114,0.0026290318361779073,8.846032673153092,20.78788672275233
2048,20087,Sorghum,2078940.1655916602,207.89401655916603,0.1446185045281528,all_cult,Sorghum,NA,NA,112,23284.129854626597,2457.1084851074247,776.8116033026562,251.6102405851727,171.49180927947322,5,0.962225652041114,0.0026290318361779073,8.846032673153092,20.78788672275233
2048,20087,Soybeans,173639107.61438552,17363.91076143855,12.078956617613274,all_cult,Soybeans,0.09985991575255485,13.833333333333334,56,972379.0026405589,2457.1084851074247,776.8116033026562,251.6102405851727,171.49180927947322,5,0.962225652041114,0.0026290318361779073,8.846032673153092,20.78788672275233
2048,20087,Wheat,7377427.0278590415,737.7427027859042,0.5132001784817648,all_cult,Wheat,NA,NA,89,65659.10054794548,2179.666355590823,492.36035685908007,210.8910100353456,89.71613647207809,5,0.962225652041114,0.0026290318361779073,8.846032673153092,20.78788672275233
2048,20091,Corn,20137063.169311535,2013.7063169311532,3.334881975218613,all_cult,Corn,0.14955141172933145,4,250,503426.5792327883,2496.7334216308623,780.2417501905779,250.31851556422083,161.6453535809076,5,0.9906800796591729,0.0027067761739321666,9.433055139760524,20.852694985645087
2048,20091,Developed,271607528.4848879,27160.752848488788,44.98069273866694,developed,NA,NA,NA,NA,NA,NA,NA,NA,NA,NA,0.9906800796591729,0.0027067761739321666,9.433055139760524,20.852694985645087
2048,20091,Double Crop,2013905.6882216034,201.39056882216036,0.3335212152324038,all_cult,NA,NA,NA,NA,NA,NA,NA,NA,NA,NA,0.9906800796591729,0.0027067761739321666,9.433055139760524,20.852694985645087
2048,20091,Grass/Pasture/Shrubland,139667491.4795437,13966.749147954368,23.130214964462166,grassPastureHay,NA,NA,NA,NA,NA,NA,NA,NA,NA,NA,0.9906800796591729,0.0027067761739321666,9.433055139760524,20.852694985645087
2048,20091,Other Crops,14581458.923742233,1458.1458923742232,2.4148230617504245,all_cult,NA,NA,NA,NA,NA,NA,NA,NA,NA,NA,0.9906800796591729,0.0027067761739321666,9.433055139760524,20.852694985645087
2048,20091,Sorghum,265245.84730308503,26.524584730308504,0.043927140106542625,all_cult,Sorghum,NA,NA,112,2970.7534897945525,2496.7334216308623,780.2417501905779,250.31851556422083,161.6453535809076,5,0.9906800796591729,0.0027067761739321666,9.433055139760524,20.852694985645087
2048,20091,Soybeans,40506888.73460731,4050.688873460731,6.708311533684595,all_cult,Soybeans,NA,NA,56,226838.57691380093,2496.7334216308623,780.2417501905779,250.31851556422083,161.6453535809076,5,0.9906800796591729,0.0027067761739321666,9.433055139760524,20.852694985645087
2048,20091,Wheat,3047090.5931461067,304.70905931461067,0.5046260922212007,all_cult,Wheat,NA,NA,89,27119.10627900035,2215.442133178714,509.2550538135504,197.5642711092245,89.96935576920734,5,0.9906800796591729,0.0027067761739321666,9.433055139760524,20.852694985645087
2048,20103,Corn,55676654.53817842,5567.665453817842,6.162232243462533,all_cult,Corn,0.09926099891867379,4.75,250,1391916.3634544604,2483.632406616214,770.5872993530165,249.5298749410896,166.22174501169354,5,0.9632021996504323,0.0026316999990448967,9.149418573431653,20.858273732336514
2048,20103,Developed,66222526.18511143,6622.252618511144,7.329437975150055,developed,NA,NA,NA,NA,NA,NA,NA,NA,NA,NA,0.9632021996504323,0.0026316999990448967,9.149418573431653,20.858273732336514
2048,20103,Double Crop,2239300.7972116056,223.93007972116058,0.2478434038440015,all_cult,NA,NA,NA,NA,NA,NA,NA,NA,NA,NA,0.9632021996504323,0.0026316999990448967,9.149418573431653,20.858273732336514
2048,20103,Grass/Pasture/Shrubland,361083573.13099504,36108.3573130995,39.96434152498699,grassPastureHay,NA,NA,NA,NA,NA,NA,NA,NA,NA,NA,0.9632021996504323,0.0026316999990448967,9.149418573431653,20.858273732336514
2048,20103,Other Crops,54377617.6404599,5437.76176404599,6.018456236750789,all_cult,NA,NA,NA,NA,NA,NA,NA,NA,NA,NA,0.9632021996504323,0.0026316999990448967,9.149418573431653,20.858273732336514
2048,20103,Sorghum,567901.3203360821,56.79013203360822,0.06285470735100035,all_cult,Sorghum,NA,NA,112,6360.494787764121,2483.632406616214,770.5872993530165,249.5298749410896,166.22174501169354,5,0.9632021996504323,0.0026316999990448967,9.149418573431653,20.858273732336514
2048,20103,Soybeans,101039226.18326606,10103.922618326606,11.18291288522158,all_cult,Soybeans,0.11410095968932568,4.571428571428571,56,565819.66662629,2483.632406616214,770.5872993530165,249.5298749410896,166.22174501169354,5,0.9632021996504323,0.0026316999990448967,9.149418573431653,20.858273732336514
2048,20103,Wheat,4817340.8524583215,481.7340852458321,0.5331781044497215,all_cult,Wheat,NA,NA,89,42874.33358687905,2199.7296905517605,490.14058944923227,203.764723283409,87.31270380989417,5,0.9632021996504323,0.0026316999990448967,9.149418573431653,20.858273732336514
2048,20117,Corn,1797933.5665907045,179.79335665907044,8.787790125047634,all_cult,Corn,0.16261062771687598,15.722222222222221,250,44948.33916476761,2389.8496520996123,725.7863738914934,250.98013397397864,155.8737178223541,5,0.8892175468524384,0.002429556138941088,7.885645073228869,20.56079705243556
2048,20117,Developed,709093.4285035765,70.90934285035766,3.465847873654197,developed,NA,NA,NA,NA,NA,NA,NA,NA,NA,NA,0.8892175468524384,0.002429556138941088,7.885645073228869,20.56079705243556
2048,20117,Double Crop,17005.082052877187,1.700508205287719,0.08311602548433755,all_cult,NA,NA,NA,NA,NA,NA,NA,NA,NA,NA,0.8892175468524384,0.002429556138941088,7.885645073228869,20.56079705243556
2048,20117,Grass/Pasture/Shrubland,13608757.209524421,1360.8757209524422,66.51575143947134,grassPastureHay,NA,NA,NA,NA,NA,NA,NA,NA,NA,NA,0.8892175468524384,0.002429556138941088,7.885645073228869,20.56079705243556
2048,20117,Other Crops,368569.7378671669,36.856973786716694,1.801464505144208,all_cult,NA,NA,NA,NA,NA,NA,NA,NA,NA,NA,0.8892175468524384,0.002429556138941088,7.885645073228869,20.56079705243556
2048,20117,Sorghum,113210.96189225193,11.321096189225193,0.5533431220433721,all_cult,Sorghum,NA,NA,112,1267.9627731932217,2389.8496520996123,725.7863738914934,250.98013397397864,155.8737178223541,5,0.8892175468524384,0.002429556138941088,7.885645073228869,20.56079705243556
2048,20117,Soybeans,2250086.8872694396,225.00868872694397,10.99778751332857,all_cult,Soybeans,0.12228514283699721,8.25,56,12600.486568708862,2389.8496520996123,725.7863738914934,250.98013397397864,155.8737178223541,5,0.8892175468524384,0.002429556138941088,7.885645073228869,20.56079705243556
2048,20117,Wheat,234744.84118524572,23.474484118524572,1.1473663074132867,all_cult,Wheat,NA,NA,89,2089.229086548687,2106.539914550784,456.5399262797007,224.3880688219684,84.05001089696691,5,0.8892175468524384,0.002429556138941088,7.885645073228869,20.56079705243556
2048,20127,Corn,10941387.892613748,1094.1387892613748,4.064821675495574,all_cult,Corn,NA,NA,250,273534.6973153437,2453.652680053714,662.014512421008,239.2085801276622,158.87436958528255,5,0.8434428632297424,0.002304488697349023,8.546037667696616,21.171323715793655
2048,20127,Developed,12128694.282144045,1212.8694282144045,4.50591642462472,developed,NA,NA,NA,NA,NA,NA,NA,NA,NA,NA,0.8434428632297424,0.002304488697349023,8.546037667696616,21.171323715793655
2048,20127,Double Crop,4499199.088895911,449.9199088895911,1.671491967784096,all_cult,NA,NA,NA,NA,NA,NA,NA,NA,NA,NA,0.8434428632297424,0.002304488697349023,8.546037667696616,21.171323715793655
2048,20127,Grass/Pasture/Shrubland,158101691.18434784,15810.169118434784,58.73616652348874,grassPastureHay,NA,NA,NA,NA,NA,NA,NA,NA,NA,NA,0.8434428632297424,0.002304488697349023,8.546037667696616,21.171323715793655
2048,20127,Other Crops,10981377.128665583,1098.1377128665583,4.079678027823576,all_cult,NA,NA,NA,NA,NA,NA,NA,NA,NA,NA,0.8434428632297424,0.002304488697349023,8.546037667696616,21.171323715793655
2048,20127,Sorghum,7272388.587591114,727.2388587591115,2.701756217181813,all_cult,Sorghum,NA,NA,112,81450.75218102049,2453.652680053714,662.014512421008,239.2085801276622,158.87436958528255,5,0.8434428632297424,0.002304488697349023,8.546037667696616,21.171323715793655
2048,20127,Soybeans,28686301.015498407,2868.6301015498407,10.657212713965244,all_cult,Soybeans,0.11686486262093489,4,56,160643.2856867911,2453.652680053714,662.014512421008,239.2085801276622,158.87436958528255,5,0.8434428632297424,0.002304488697349023,8.546037667696616,21.171323715793655
2048,20127,Wheat,20934850.636842933,2093.485063684293,7.777480834890052,all_cult,Wheat,NA,NA,89,186320.17066790207,2178.4101721191437,436.9010730122097,206.7067888815906,77.47267273207277,5,0.8434428632297424,0.002304488697349023,8.546037667696616,21.171323715793655
2048,20131,Corn,124792211.963085,12479.2211963085,16.444051346315263,all_cult,Corn,0.12528513936677563,9.454545454545455,250,3119805.299077125,2385.1064038085965,719.7728198208572,250.92430747204003,153.20313068462875,5,0.883106304335346,0.0024128587550146063,7.873746486309471,20.49513059522287
2048,20131,Developed,34827921.40223819,3482.792140223819,4.589325878711502,developed,NA,NA,NA,NA,NA,NA,NA,NA,NA,NA,0.883106304335346,0.0024128587550146063,7.873746486309471,20.49513059522287
2048,20131,Double Crop,1288597.7379512293,128.85977379512295,0.1698003988733199,all_cult,NA,NA,NA,NA,NA,NA,NA,NA,NA,NA,0.883106304335346,0.0024128587550146063,7.873746486309471,20.49513059522287
2048,20131,Grass/Pasture/Shrubland,328086582.4549448,32808.65824549448,43.232446344665604,grassPastureHay,NA,NA,NA,NA,NA,NA,NA,NA,NA,NA,0.883106304335346,0.0024128587550146063,7.873746486309471,20.49513059522287
2048,20131,Other Crops,27101730.321978156,2710.1730321978157,3.5712344382550913,all_cult,NA,NA,NA,NA,NA,NA,NA,NA,NA,NA,0.883106304335346,0.0024128587550146063,7.873746486309471,20.49513059522287
2048,20131,Sorghum,2055671.3741418559,205.5671374141856,0.2708788080264065,all_cult,Sorghum,NA,NA,112,23023.519390388785,2385.1064038085965,719.7728198208572,250.92430747204003,153.20313068462875,5,0.883106304335346,0.0024128587550146063,7.873746486309471,20.49513059522287
2048,20131,Soybeans,136674912.54505298,13667.491254505298,18.00985209164201,all_cult,Soybeans,0.1067341402930363,5.142857142857143,56,765379.5102522967,2385.1064038085965,719.7728198208572,250.92430747204003,153.20313068462875,5,0.883106304335346,0.0024128587550146063,7.873746486309471,20.49513059522287
2048,20131,Wheat,9588450.555545796,958.8450555545795,1.2634840811511674,all_cult,Wheat,NA,NA,89,85337.20994435757,2099.9927722167995,450.3531749383099,225.61657128236848,97.45090430635142,5,0.883106304335346,0.0024128587550146063,7.873746486309471,20.49513059522287
2048,20139,Corn,20890964.22588984,2089.096422588984,9.4988079569725965,all_cult,Corn,NA,NA,250,522274.10564724595,2460.485264892581,750.5904918000498,247.37780948128832,166.68395142025798,5,0.9472317874363636,0.002588064992995529,8.85938392180565,20.92900427312801
2048,20139,Developed,11858545.489950646,1185.8545489950645,5.391902692479325,developed,NA,NA,NA,NA,NA,NA,NA,NA,NA,NA,0.9472317874363636,0.002588064992995529,8.85938392180565,20.92900427312801
2048,20139,Double Crop,1849135.1156913848,184.91351156913848,0.8407739901578724,all_cult,NA,NA,NA,NA,NA,NA,NA,NA,NA,NA,0.9472317874363636,0.002588064992995529,8.85938392180565,20.92900427312801
2048,20139,Grass/Pasture/Shrubland,108139234.26990536,10813.923426990536,49.1692871538651,grassPastureHay,NA,NA,NA,NA,NA,NA,NA,NA,NA,NA,0.9472317874363636,0.002588064992995529,8.85938392180565,20.92900427312801
2048,20139,Other Crops,6302951.103083336,630.2951103083336,2.86585728849129,all_cult,NA,NA,NA,NA,NA,NA,NA,NA,NA,NA,0.9472317874363636,0.002588064992995529,8.85938392180565,20.92900427312801
2048,20139,Sorghum,252758.48461129973,25.27584846112997,0.11492549021948671,all_cult,Sorghum,NA,NA,112,2830.8950276465566,2460.485264892581,750.5904918000498,247.37780948128832,166.68395142025798,5,0.9472317874363636,0.002588064992995529,8.85938392180565,20.92900427312801
2048,20139,Soybeans,28064514.38751116,2806.4514387511163,12.76051357372463,all_cult,Soybeans,NA,NA,56,157161.28057006252,2460.485264892581,750.5904918000498,247.37780948128832,166.68395142025798,5,0.9472317874363636,0.002588064992995529,8.85938392180565,20.92900427312801
2048,20139,Wheat,1738320.944623076,173.8320944623076,0.7903884493801757,all_cult,Wheat,NA,NA,89,15471.056407145375,2189.6418572998077,498.228998111165,201.4740356736729,89.65321340261507,5,0.9472317874363636,0.002588064992995529,8.85938392180565,20.92900427312801
2048,20149,Corn,136791901.8519852,13679.190185198519,7.982141503627487,all_cult,Corn,0.1326174661314905,62.44444444444444,250,3419797.54629963,2435.5202117919953,713.175741393947,247.5088627003492,155.41145426250412,5,0.878850424640871,0.002401230668417681,8.27047666956169,20.9947878811529
2048,20149,Developed,87781477.02653997,8778.147702653996,5.122263537072818,developed,NA,NA,NA,NA,NA,NA,NA,NA,NA,NA,0.878850424640871,0.002401230668417681,8.27047666956169,20.9947878811529
2048,20149,Double Crop,1803166.4492782145,180.31664492782144,0.1052191654466961,all_cult,NA,NA,NA,NA,NA,NA,NA,NA,NA,NA,0.878850424640871,0.002401230668417681,8.27047666956169,20.9947878811529
2048,20149,Grass/Pasture/Shrubland,1058221194.9777538,105822.11949777538,61.749790785057485,grassPastureHay,NA,NA,NA,NA,NA,NA,NA,NA,NA,NA,0.878850424640871,0.002401230668417681,8.27047666956169,20.9947878811529
2048,20149,Other Crops,34485813.7618199,3448.58137618199,2.012331443512244,all_cult,NA,NA,NA,NA,NA,NA,NA,NA,NA,NA,0.878850424640871,0.002401230668417681,8.27047666956169,20.9947878811529
2048,20149,Sorghum,5647082.09049503,564.708209049503,0.3295210295248753,all_cult,Sorghum,NA,NA,112,63247.319413544334,2435.5202117919953,713.175741393947,247.5088627003492,155.41145426250412,5,0.878850424640871,0.002401230668417681,8.27047666956169,20.9947878811529
2048,20149,Soybeans,153915907.33370754,15391.590733370755,8.98136903839706,all_cult,Soybeans,0.11392545848870632,51.611111111111114,56,861929.0810687622,2435.5202117919953,713.175741393947,247.5088627003492,155.41145426250412,5,0.878850424640871,0.002401230668417681,8.27047666956169,20.9947878811529
2048,20149,Wheat,13424373.002870617,1342.4373002870618,0.7833449455387832,all_cult,Wheat,NA,NA,89,119476.9197255485,2159.029854736331,453.75715110409783,217.83460030056537,76.25223305470445,5,0.878850424640871,0.002401230668417681,8.27047666956169,20.9947878811529
2048,20161,Corn,29887562.457934357,2988.756245793436,3.7374801575206362,all_cult,Corn,0.14127372152863188,12.444444444444445,250,747189.0614483589,2452.6899505615265,680.8450228290662,241.99787385791632,149.17180953775508,5,0.8417201306931227,0.002299781777850062,8.37584928085246,21.223095402952122
2048,20161,Developed,93189704.06140432,9318.970406140432,11.653498685445852,developed,NA,NA,NA,NA,NA,NA,NA,NA,NA,NA,0.8417201306931227,0.002299781777850062,8.37584928085246,21.223095402952122
2048,20161,Double Crop,2321662.5391971655,232.16625391971652,0.2903270443991936,all_cult,NA,NA,NA,NA,NA,NA,NA,NA,NA,NA,0.8417201306931227,0.002299781777850062,8.37584928085246,21.223095402952122
2048,20161,Grass/Pasture/Shrubland,421935273.9416269,42193.527394162695,52.76357736882686,grassPastureHay,NA,NA,NA,NA,NA,NA,NA,NA,NA,NA,0.8417201306931227,0.002299781777850062,8.37584928085246,21.223095402952122
2048,20161,Other Crops,10313350.483787943,1031.3350483787942,1.2896984437913022,all_cult,NA,NA,NA,NA,NA,NA,NA,NA,NA,NA,0.8417201306931227,0.002299781777850062,8.37584928085246,21.223095402952122
2048,20161,Sorghum,8046145.345421317,804.6145345421318,1.0061813711092988,all_cult,Sorghum,NA,NA,112,90116.82786871876,2452.6899505615265,680.8450228290662,241.99787385791632,149.17180953775508,5,0.8417201306931227,0.002299781777850062,8.37584928085246,21.223095402952122
2048,20161,Soybeans,56043067.26954317,5604.306726954317,7.008261452613234,all_cult,Soybeans,0.12420661341954765,10.38888888888889,56,313841.17670944176,2452.6899505615265,680.8450228290662,241.99787385791632,149.17180953775508,5,0.8417201306931227,0.002299781777850062,8.37584928085246,21.223095402952122
2048,20161,Wheat,14763447.35949416,1476.3447359494162,1.8461890841841313,all_cult,Wheat,NA,NA,89,131394.68149949805,2176.6679400634794,429.9668984862689,212.47868383621784,68.90067692844327,5,0.8417201306931227,0.002299781777850062,8.37584928085246,21.223095402952122
2048,20177,Corn,132475537.80653152,13247.553780653152,9.091050553311547,all_cult,Corn,0.12030458771317423,83,250,3311888.445163288,2462.559104003909,751.8911534379663,250.0438908677471,163.50188210154136,5,0.9401062939113578,0.0025685964314517973,8.812636945547325,20.937766803678944
2048,20177,Developed,255013934.0237044,25501.393402370442,17.50017100813045,developed,NA,NA,NA,NA,NA,NA,NA,NA,NA,NA,0.9401062939113578,0.0025685964314517973,8.812636945547325,20.937766803678944
2048,20177,Double Crop,2797246.7569815805,279.7246756981581,0.19195930130847558,all_cult,NA,NA,NA,NA,NA,NA,NA,NA,NA,NA,0.9401062939113578,0.0025685964314517973,8.812636945547325,20.937766803678944
2048,20177,Grass/Pasture/Shrubland,626083355.6398722,62608.33556398722,42.96457693964075,grassPastureHay,NA,NA,NA,NA,NA,NA,NA,NA,NA,NA,0.9401062939113578,0.0025685964314517973,8.812636945547325,20.937766803678944
2048,20177,Other Crops,33361526.081880283,3336.1526081880284,2.289413767762353,all_cult,NA,NA,NA,NA,NA,NA,NA,NA,NA,NA,0.9401062939113578,0.0025685964314517973,8.812636945547325,20.937766803678944
2048,20177,Sorghum,2303954.5452317544,230.39545452317543,0.15810743319134585,all_cult,Sorghum,NA,NA,112,25804.29090659565,2462.559104003909,751.8911534379663,250.0438908677471,163.50188210154136,5,0.9401062939113578,0.0025685964314517973,8.812636945547325,20.937766803678944
2048,20177,Soybeans,145627766.023613,14562.7766023613,9.993613951731533,all_cult,Soybeans,0.09768281806034469,42.833333333333336,56,815515.4897322329,2462.559104003909,751.8911534379663,250.0438908677471,163.50188210154136,5,0.9401062939113578,0.0025685964314517973,8.812636945547325,20.937766803678944
2048,20177,Wheat,9565647.685078032,956.5647685078033,0.656436562704971,all_cult,Wheat,NA,NA,89,85134.26439719449,2191.6965026855496,489.5512680642065,207.9940738125534,86.54047519149024,5,0.9401062939113578,0.0025685964314517973,8.812636945547325,20.937766803678944
2048,20197,Corn,69733578.79693311,6973.357879693312,4.536852294529976,all_cult,Corn,0.14186117514330646,28.666666666666668,250,1743339.469923328,2445.773499145511,715.4383337357431,246.942253966317,168.25722144466346,5,0.895529432665047,0.0024468017285930246,8.518319185184023,21.01353816464953
2048,20197,Developed,54289406.85937861,5428.940685937861,3.5320576446519008,developed,NA,NA,NA,NA,NA,NA,NA,NA,NA,NA,0.895529432665047,0.0024468017285930246,8.518319185184023,21.01353816464953
2048,20197,Double Crop,1125869.9276987636,112.58699276987635,0.07324886594013556,all_cult,NA,NA,NA,NA,NA,NA,NA,NA,NA,NA,0.895529432665047,0.0024468017285930246,8.518319185184023,21.01353816464953
2048,20197,Grass/Pasture/Shrubland,1169502873.1037595,116950.28731037596,76.08761639426346,grassPastureHay,NA,NA,NA,NA,NA,NA,NA,NA,NA,NA,0.895529432665047,0.0024468017285930246,8.518319185184023,21.01353816464953
2048,20197,Other Crops,29094649.42529061,2909.464942529061,1.8928919077573607,all_cult,NA,NA,NA,NA,NA,NA,NA,NA,NA,NA,0.895529432665047,0.0024468017285930246,8.518319185184023,21.01353816464953
2048,20197,Sorghum,3287931.385599168,328.7931385599168,0.21391213972326276,all_cult,Sorghum,NA,NA,112,36824.831518710685,2445.773499145511,715.4383337357431,246.942253966317,168.25722144466346,5,0.895529432665047,0.0024468017285930246,8.518319185184023,21.01353816464953
2048,20197,Soybeans,83491332.16381498,8349.133216381497,5.431928899043218,all_cult,Soybeans,0.12942046457519057,22.77777777777778,56,467551.46011736384,2445.773499145511,715.4383337357431,246.942253966317,168.25722144466346,5,0.895529432665047,0.0024468017285930246,8.518319185184023,21.01353816464953
2048,20197,Wheat,7530280.724868099,753.02807248681,0.4899185152185996,all_cult,Wheat,NA,NA,89,67019.49845132609,2173.3029565429715,457.88273401241344,208.54294581342575,72.95768008448037,5,0.895529432665047,0.0024468017285930246,8.518319185184023,21.01353816464953
2048,20209,Corn,2798441.748604609,279.8441748604609,1.0907251789658858,all_cult,Corn,NA,NA,250,69961.04371511523,2506.0107055664093,762.055474329712,253.3833622202148,152.9268353427372,5,0.9614946506498215,0.0026270345646169984,9.494724594699903,20.733106252534817
2048,20209,Developed,144515431.86680782,14451.543186680783,56.32656829996687,developed,NA,NA,NA,NA,NA,NA,NA,NA,NA,NA,0.9614946506498215,0.0026270345646169984,9.494724594699903,20.733106252534817
2048,20209,Double Crop,152719.71803613545,15.271971803613546,0.05952428413764306,all_cult,NA,NA,NA,NA,NA,NA,NA,NA,NA,NA,0.9614946506498215,0.0026270345646169984,9.494724594699903,20.733106252534817
2048,20209,Grass/Pasture/Shrubland,41083799.11850462,4108.379911850462,16.01288794682744,grassPastureHay,NA,NA,NA,NA,NA,NA,NA,NA,NA,NA,0.9614946506498215,0.0026270345646169984,9.494724594699903,20.733106252534817
2048,20209,Other Crops,1959154.8527385148,195.91548527385146,0.7636033619211925,all_cult,NA,NA,NA,NA,NA,NA,NA,NA,NA,NA,0.9614946506498215,0.0026270345646169984,9.494724594699903,20.733106252534817
2048,20209,Sorghum,54127.80426680527,5.412780426680527,0.02109694047602745,all_cult,Sorghum,NA,NA,112,606.231407788219,2506.0107055664093,762.055474329712,253.3833622202148,152.9268353427372,5,0.9614946506498215,0.0026270345646169984,9.494724594699903,20.733106252534817
2048,20209,Soybeans,8244134.676247953,824.4134676247953,3.213247256139296,all_cult,Soybeans,0.14562756367793683,4.75,56,46167.15418698854,2506.0107055664093,762.055474329712,253.3833622202148,152.9268353427372,5,0.9614946506498215,0.0026270345646169984,9.494724594699903,20.733106252534817
2048,20209,Wheat,234900.57353758038,23.49005735375804,0.09155522720411169,all_cult,Wheat,NA,NA,89,2090.6151044844655,2207.522507324222,490.3193052707427,202.0269826002395,82.84106994166274,5,0.9614946506498215,0.0026270345646169984,9.494724594699903,20.733106252534817
2049,20005,Corn,172734778.84431297,17273.477884431297,23.078910848652363,all_cult,Corn,0.10724545034749912,6.181818181818182,250,4318369.471107824,2585.3289709472683,623.5172422702685,203.1355342624067,254.30821134964629,5,0.8661972926105936,0.002373143267426284,9.303275765196942,22.311255735632514
2049,20005,Developed,36578638.84791646,3657.863884791646,4.88723319405755,developed,NA,NA,NA,NA,NA,NA,NA,NA,NA,NA,0.8661972926105936,0.002373143267426284,9.303275765196942,22.311255735632514
2049,20005,Double Crop,1451158.554832854,145.11585548328543,0.1938877575107932,all_cult,NA,NA,NA,NA,NA,NA,NA,NA,NA,NA,0.8661972926105936,0.002373143267426284,9.303275765196942,22.311255735632514
2049,20005,Grass/Pasture/Shrubland,215288406.86893737,21528.840686893738,28.764456018176027,grassPastureHay,NA,NA,NA,NA,NA,NA,NA,NA,NA,NA,0.8661972926105936,0.002373143267426284,9.303275765196942,22.311255735632514
2049,20005,Other Crops,29204979.705745928,2920.4979705745927,3.902046405912905,all_cult,NA,NA,NA,NA,NA,NA,NA,NA,NA,NA,0.8661972926105936,0.002373143267426284,9.303275765196942,22.311255735632514
2049,20005,Sorghum,732239.3724075308,73.22393724075309,0.09783372699309156,all_cult,Sorghum,NA,NA,112,8201.080970964345,2585.3289709472683,623.5172422702685,203.1355342624067,254.30821134964629,5,0.8661972926105936,0.002373143267426284,9.303275765196942,22.311255735632514
2049,20005,Soybeans,181600576.65296197,18160.057665296197,24.263460703620524,all_cult,Soybeans,0.07483265359624193,5,56,1016963.2292565871,2585.3289709472683,623.5172422702685,203.1355342624067,254.30821134964629,5,0.8661972926105936,0.002373143267426284,9.303275765196942,22.311255735632514
2049,20005,Wheat,5908069.702597459,590.8069702597459,0.7893709354082403,all_cult,Wheat,NA,NA,89,52581.82035311738,2464.3371362304715,374.929793671422,241.36855157310052,140.80698340338077,5,0.8661972926105936,0.002373143267426284,9.303275765196942,22.311255735632514
2049,20013,Corn,113276297.82191704,11327.629782191703,25.36090350021212,all_cult,Corn,0.12646432205391206,17.5625,250,2831907.445547926,2547.3472845459014,617.5043159848823,203.55585901354303,264.9199728115903,5,0.8374645660983627,0.0022944234687626375,8.78453987017072,22.249941205586495
2049,20013,Developed,24170977.38782201,2417.0977387822013,5.411527714315524,developed,NA,NA,NA,NA,NA,NA,NA,NA,NA,NA,0.8374645660983627,0.0022944234687626375,8.78453987017072,22.249941205586495
2049,20013,Double Crop,542048.8992527233,54.20488992527234,0.12135680712267008,all_cult,NA,NA,NA,NA,NA,NA,NA,NA,NA,NA,0.8374645660983627,0.0022944234687626375,8.78453987017072,22.249941205586495
2049,20013,Grass/Pasture/Shrubland,122499833.68113159,12249.983368113159,27.425918047421547,grassPastureHay,NA,NA,NA,NA,NA,NA,NA,NA,NA,NA,0.8374645660983627,0.0022944234687626375,8.78453987017072,22.249941205586495
2049,20013,Other Crops,13090232.71280689,1309.023271280689,2.9307113227404837,all_cult,NA,NA,NA,NA,NA,NA,NA,NA,NA,NA,0.8374645660983627,0.0022944234687626375,8.78453987017072,22.249941205586495
2049,20013,Sorghum,333636.9508835004,33.363695088350035,0.07469642527304013,all_cult,Sorghum,NA,NA,112,3736.733849895204,2547.3472845459014,617.5043159848823,203.55585901354303,264.9199728115903,5,0.8374645660983627,0.0022944234687626375,8.78453987017072,22.249941205586495
2049,20013,Soybeans,123405327.24801578,12340.532724801578,27.62864479089188,all_cult,Soybeans,0.10147480973744562,10.461538461538462,56,691069.8325888884,2547.3472845459014,617.5043159848823,203.55585901354303,264.9199728115903,5,0.8374645660983627,0.0022944234687626375,8.78453987017072,22.249941205586495
2049,20013,Wheat,3906288.4515680084,390.6288451568008,0.8745607542714157,all_cult,Wheat,NA,NA,89,34765.96721895527,2428.1767535400418,369.6618255851822,239.6940230832655,148.11859906232587,5,0.8374645660983627,0.0022944234687626375,8.78453987017072,22.249941205586495
2049,20045,Corn,74392843.99321488,7439.284399321487,7.631923083362056,all_cult,Corn,0.1459526935617447,11,250,1859821.0998303718,2635.423250122073,604.0517440122537,198.06707236643177,257.8746796415688,5,0.8935838508264179,0.002448174933771008,9.941952188570228,22.57610634163637
2049,20045,Developed,130402436.2681122,13040.24362681122,13.37791795635647,developed,NA,NA,NA,NA,NA,NA,NA,NA,NA,NA,0.8935838508264179,0.002448174933771008,9.941952188570228,22.57610634163637
2049,20045,Double Crop,4220114.888463862,422.01148884638627,0.4329393864098648,all_cult,NA,NA,NA,NA,NA,NA,NA,NA,NA,NA,0.8935838508264179,0.002448174933771008,9.941952188570228,22.57610634163637
2049,20045,Grass/Pasture/Shrubland,354830010.0217444,35483.00100217444,36.40182575089523,grassPastureHay,NA,NA,NA,NA,NA,NA,NA,NA,NA,NA,0.8935838508264179,0.002448174933771008,9.941952188570228,22.57610634163637
2049,20045,Other Crops,37964614.628596716,3796.4614628596714,3.8947700233285687,all_cult,NA,NA,NA,NA,NA,NA,NA,NA,NA,NA,0.8935838508264179,0.002448174933771008,9.941952188570228,22.57610634163637
2049,20045,Sorghum,671055.755263424,67.1055755263424,0.06884326010288025,all_cult,Sorghum,NA,NA,112,7515.824458950349,2635.423250122073,604.0517440122537,198.06707236643177,257.8746796415688,5,0.8935838508264179,0.002448174933771008,9.941952188570228,22.57610634163637
2049,20045,Soybeans,100028766.3995359,10002.876639953589,10.261898998705805,all_cult,Soybeans,0.11420951862362651,8.5,56,560161.091837401,2635.423250122073,604.0517440122537,198.06707236643177,257.8746796415688,5,0.8935838508264179,0.002448174933771008,9.941952188570228,22.57610634163637
2049,20045,Wheat,7085783.937909698,708.5783937909698,0.7269268802840957,all_cult,Wheat,NA,NA,89,63063.477047396314,2513.8203503418,410.4977091713815,239.92009036652456,144.07604513726412,5,0.8935838508264179,0.002448174933771008,9.941952188570228,22.57610634163637
2049,20061,Corn,31722102.062803604,3172.21020628036,4.044269831598419,all_cult,Corn,0.16936452361704205,12.944444444444445,250,793052.55157009,2595.6115393066434,553.0928608104925,209.0033126727412,294.11665839060004,5,0.7629262431948513,0.002090208885465346,9.212820902785232,22.807535065951434
2049,20061,Developed,61171563.9285717,6117.15639285717,7.798799400437711,developed,NA,NA,NA,NA,NA,NA,NA,NA,NA,NA,0.7629262431948513,0.002090208885465346,9.212820902785232,22.807535065951434
2049,20061,Double Crop,5604030.762346523,560.4030762346523,0.7144612454318694,all_cult,NA,NA,NA,NA,NA,NA,NA,NA,NA,NA,0.7629262431948513,0.002090208885465346,9.212820902785232,22.807535065951434
2049,20061,Grass/Pasture/Shrubland,476190220.2809351,47619.02202809351,60.70977699307564,grassPastureHay,NA,NA,NA,NA,NA,NA,NA,NA,NA,NA,0.7629262431948513,0.002090208885465346,9.212820902785232,22.807535065951434
2049,20061,Other Crops,18227803.79878525,1822.7803798785249,2.323873646638379,all_cult,NA,NA,NA,NA,NA,NA,NA,NA,NA,NA,0.7629262431948513,0.002090208885465346,9.212820902785232,22.807535065951434
2049,20061,Sorghum,5491901.736070833,549.1901736070832,0.7001658485721192,all_cult,Sorghum,NA,NA,112,61509.299443993325,2595.6115393066434,553.0928608104925,209.0033126727412,294.11665839060004,5,0.7629262431948513,0.002090208885465346,9.212820902785232,22.807535065951434
2049,20061,Soybeans,39491221.54782481,3949.1221547824807,5.03475953777074,all_cult,Soybeans,0.12217913528938978,7.666666666666667,56,221150.8406678189,2595.6115393066434,553.0928608104925,209.0033126727412,294.11665839060004,5,0.7629262431948513,0.002090208885465346,9.212820902785232,22.807535065951434
2049,20061,Wheat,15495075.277191846,1549.5075277191845,1.9754764472362665,all_cult,Wheat,NA,NA,89,137906.16996700742,2485.242152099612,343.68944237706626,238.6016009280424,131.28195104759993,5,0.7629262431948513,0.002090208885465346,9.212820902785232,22.807535065951434
2049,20085,Corn,134933024.35661882,13493.30243566188,7.9306511901880965,all_cult,Corn,NA,NA,250,3373325.60891547,2570.755927734378,610.026411554969,200.0512403949101,267.9720299263289,5,0.8374411490141627,0.0022943593123675686,9.047889922677678,22.463255247351263
2049,20085,Developed,75618361.35140783,7561.836135140783,4.444448275810096,developed,NA,NA,NA,NA,NA,NA,NA,NA,NA,NA,0.8374411490141627,0.0022943593123675686,9.047889922677678,22.463255247351263
2049,20085,Double Crop,1864792.83802623,186.479283802623,0.10960268333762817,all_cult,NA,NA,NA,NA,NA,NA,NA,NA,NA,NA,0.8374411490141627,0.0022943593123675686,9.047889922677678,22.463255247351263
2049,20085,Grass/Pasture/Shrubland,941187748.5802637,94118.77485802637,55.31804963283908,grassPastureHay,NA,NA,NA,NA,NA,NA,NA,NA,NA,NA,0.8374411490141627,0.0022943593123675686,9.047889922677678,22.463255247351263
2049,20085,Other Crops,98052397.627671,9805.2397627671,5.7630025537076115,all_cult,NA,NA,NA,NA,NA,NA,NA,NA,NA,NA,0.8374411490141627,0.0022943593123675686,9.047889922677678,22.463255247351263
2049,20085,Sorghum,4069081.398774073,406.9081398774073,0.23915913388905596,all_cult,Sorghum,NA,NA,112,45573.71166626961,2570.755927734378,610.026411554969,200.0512403949101,267.9720299263289,5,0.8374411490141627,0.0022943593123675686,9.047889922677678,22.463255247351263
2049,20085,Soybeans,170772946.2930534,17077.29462930534,10.037132690300496,all_cult,Soybeans,NA,NA,56,956328.499241099,2570.755927734378,610.026411554969,200.0512403949101,267.9720299263289,5,0.8374411490141627,0.0022943593123675686,9.047889922677678,22.463255247351263
2049,20085,Wheat,13725583.902961861,1372.5583902961862,0.8067173980208171,all_cult,Wheat,NA,NA,89,122157.69673636057,2458.981658325198,375.94250092408055,239.44289938427647,151.94360860772542,5,0.8374411490141627,0.0022943593123675686,9.047889922677678,22.463255247351263
2049,20087,Corn,155094058.297135,15509.4058297135,10.788896738521789,all_cult,Corn,0.13078338055311117,25.77777777777778,250,3877351.457428375,2601.237982788089,621.2702753767843,201.06562794305088,250.17794687813785,5,0.886189804514486,0.0024279172726424277,9.581577574847518,22.398733027209996
2049,20087,Developed,83037617.78054704,8303.761778054704,5.7763933285619125,developed,NA,NA,NA,NA,NA,NA,NA,NA,NA,NA,0.886189804514486,0.0024279172726424277,9.581577574847518,22.398733027209996
2049,20087,Double Crop,3214015.8179615135,321.4015817961514,0.2235784217441099,all_cult,NA,NA,NA,NA,NA,NA,NA,NA,NA,NA,0.886189804514486,0.0024279172726424277,9.581577574847518,22.398733027209996
2049,20087,Grass/Pasture/Shrubland,533878677.1787268,53387.86771787268,37.138507962340775,grassPastureHay,NA,NA,NA,NA,NA,NA,NA,NA,NA,NA,0.886189804514486,0.0024279172726424277,9.581577574847518,22.398733027209996
2049,20087,Other Crops,67978226.39294052,6797.822639294052,4.728808266891807,all_cult,NA,NA,NA,NA,NA,NA,NA,NA,NA,NA,0.886189804514486,0.0024279172726424277,9.581577574847518,22.398733027209996
2049,20087,Sorghum,2078940.1655916602,207.89401655916603,0.1446185045281528,all_cult,Sorghum,NA,NA,112,23284.129854626597,2601.237982788089,621.2702753767843,201.06562794305088,250.17794687813785,5,0.886189804514486,0.0024279172726424277,9.581577574847518,22.398733027209996
2049,20087,Soybeans,173639107.61438552,17363.91076143855,12.078956617613274,all_cult,Soybeans,0.09985991575255485,13.833333333333334,56,972379.0026405589,2601.237982788089,621.2702753767843,201.06562794305088,250.17794687813785,5,0.886189804514486,0.0024279172726424277,9.581577574847518,22.398733027209996
2049,20087,Wheat,7377427.0278590415,737.7427027859042,0.5132001784817648,all_cult,Wheat,NA,NA,89,65659.10054794548,2485.7767919921903,394.81468808592206,240.67373176379783,147.89524245476122,5,0.886189804514486,0.0024279172726424277,9.581577574847518,22.398733027209996
2049,20091,Corn,20137063.169311535,2013.7063169311532,3.334881975218613,all_cult,Corn,0.14955141172933145,4,250,503426.5792327883,2639.6170513916045,626.1751905496494,197.9116248325253,269.67133239634427,5,0.9351198680697861,0.0025619722412870854,10.140395858973696,22.42837506019908
2049,20091,Developed,271607528.4848879,27160.752848488788,44.98069273866694,developed,NA,NA,NA,NA,NA,NA,NA,NA,NA,NA,0.9351198680697861,0.0025619722412870854,10.140395858973696,22.42837506019908
2049,20091,Double Crop,2013905.6882216034,201.39056882216036,0.3335212152324038,all_cult,NA,NA,NA,NA,NA,NA,NA,NA,NA,NA,0.9351198680697861,0.0025619722412870854,10.140395858973696,22.42837506019908
2049,20091,Grass/Pasture/Shrubland,139667491.4795437,13966.749147954368,23.130214964462166,grassPastureHay,NA,NA,NA,NA,NA,NA,NA,NA,NA,NA,0.9351198680697861,0.0025619722412870854,10.140395858973696,22.42837506019908
2049,20091,Other Crops,14581458.923742233,1458.1458923742232,2.4148230617504245,all_cult,NA,NA,NA,NA,NA,NA,NA,NA,NA,NA,0.9351198680697861,0.0025619722412870854,10.140395858973696,22.42837506019908
2049,20091,Sorghum,265245.84730308503,26.524584730308504,0.043927140106542625,all_cult,Sorghum,NA,NA,112,2970.7534897945525,2639.6170513916045,626.1751905496494,197.9116248325253,269.67133239634427,5,0.9351198680697861,0.0025619722412870854,10.140395858973696,22.42837506019908
2049,20091,Soybeans,40506888.73460731,4050.688873460731,6.708311533684595,all_cult,Soybeans,NA,NA,56,226838.57691380093,2639.6170513916045,626.1751905496494,197.9116248325253,269.67133239634427,5,0.9351198680697861,0.0025619722412870854,10.140395858973696,22.42837506019908
2049,20091,Wheat,3047090.5931461067,304.70905931461067,0.5046260922212007,all_cult,Wheat,NA,NA,89,27119.10627900035,2517.6663311767607,430.9415682132133,240.1642466970661,149.81691812958567,5,0.9351198680697861,0.0025619722412870854,10.140395858973696,22.42837506019908
2049,20103,Corn,55676654.53817842,5567.665453817842,6.162232243462533,all_cult,Corn,0.09926099891867379,4.75,250,1391916.3634544604,2627.341936035159,625.5555803064111,199.06508759008537,255.78060770938993,5,0.9145768430277355,0.0025056899808979056,9.873776796941911,22.46288273223461
2049,20103,Developed,66222526.18511143,6622.252618511144,7.329437975150055,developed,NA,NA,NA,NA,NA,NA,NA,NA,NA,NA,0.9145768430277355,0.0025056899808979056,9.873776796941911,22.46288273223461
2049,20103,Double Crop,2239300.7972116056,223.93007972116058,0.2478434038440015,all_cult,NA,NA,NA,NA,NA,NA,NA,NA,NA,NA,0.9145768430277355,0.0025056899808979056,9.873776796941911,22.46288273223461
2049,20103,Grass/Pasture/Shrubland,361083573.13099504,36108.3573130995,39.96434152498699,grassPastureHay,NA,NA,NA,NA,NA,NA,NA,NA,NA,NA,0.9145768430277355,0.0025056899808979056,9.873776796941911,22.46288273223461
2049,20103,Other Crops,54377617.6404599,5437.76176404599,6.018456236750789,all_cult,NA,NA,NA,NA,NA,NA,NA,NA,NA,NA,0.9145768430277355,0.0025056899808979056,9.873776796941911,22.46288273223461
2049,20103,Sorghum,567901.3203360821,56.79013203360822,0.06285470735100035,all_cult,Sorghum,NA,NA,112,6360.494787764121,2627.341936035159,625.5555803064111,199.06508759008537,255.78060770938993,5,0.9145768430277355,0.0025056899808979056,9.873776796941911,22.46288273223461
2049,20103,Soybeans,101039226.18326606,10103.922618326606,11.18291288522158,all_cult,Soybeans,0.11410095968932568,4.571428571428571,56,565819.66662629,2627.341936035159,625.5555803064111,199.06508759008537,255.78060770938993,5,0.9145768430277355,0.0025056899808979056,9.873776796941911,22.46288273223461
2049,20103,Wheat,4817340.8524583215,481.7340852458321,0.5331781044497215,all_cult,Wheat,NA,NA,89,42874.33358687905,2503.9333807373077,408.56195565578537,239.26331021048273,139.18527936137772,5,0.9145768430277355,0.0025056899808979056,9.873776796941911,22.46288273223461
2049,20117,Corn,1797933.5665907045,179.79335665907044,8.787790125047634,all_cult,Corn,0.16261062771687598,15.722222222222221,250,44948.33916476761,2520.391795043948,574.6551262914556,208.83549186895613,282.06258783128965,5,0.7674677255712686,0.0021026513029349823,8.54575788106006,22.11336258561646
2049,20117,Developed,709093.4285035765,70.90934285035766,3.465847873654197,developed,NA,NA,NA,NA,NA,NA,NA,NA,NA,NA,0.7674677255712686,0.0021026513029349823,8.54575788106006,22.11336258561646
2049,20117,Double Crop,17005.082052877187,1.700508205287719,0.08311602548433755,all_cult,NA,NA,NA,NA,NA,NA,NA,NA,NA,NA,0.7674677255712686,0.0021026513029349823,8.54575788106006,22.11336258561646
2049,20117,Grass/Pasture/Shrubland,13608757.209524421,1360.8757209524422,66.51575143947134,grassPastureHay,NA,NA,NA,NA,NA,NA,NA,NA,NA,NA,0.7674677255712686,0.0021026513029349823,8.54575788106006,22.11336258561646
2049,20117,Other Crops,368569.7378671669,36.856973786716694,1.801464505144208,all_cult,NA,NA,NA,NA,NA,NA,NA,NA,NA,NA,0.7674677255712686,0.0021026513029349823,8.54575788106006,22.11336258561646
2049,20117,Sorghum,113210.96189225193,11.321096189225193,0.5533431220433721,all_cult,Sorghum,NA,NA,112,1267.9627731932217,2520.391795043948,574.6551262914556,208.83549186895613,282.06258783128965,5,0.7674677255712686,0.0021026513029349823,8.54575788106006,22.11336258561646
2049,20117,Soybeans,2250086.8872694396,225.00868872694397,10.99778751332857,all_cult,Soybeans,0.12228514283699721,8.25,56,12600.486568708862,2520.391795043948,574.6551262914556,208.83549186895613,282.06258783128965,5,0.7674677255712686,0.0021026513029349823,8.54575788106006,22.11336258561646
2049,20117,Wheat,234744.84118524572,23.474484118524572,1.1473663074132867,all_cult,Wheat,NA,NA,89,2089.229086548687,2405.7354827880886,342.5821972507937,240.5393339132887,156.3927260323934,5,0.7674677255712686,0.0021026513029349823,8.54575788106006,22.11336258561646
2049,20127,Corn,10941387.892613748,1094.1387892613748,4.064821675495574,all_cult,Corn,NA,NA,250,273534.6973153437,2599.7329772949247,540.9495171305022,210.74945954620088,291.1974745763706,5,0.7609965230647621,0.002084921980999348,9.283294535597733,22.815323168610895
2049,20127,Developed,12128694.282144045,1212.8694282144045,4.50591642462472,developed,NA,NA,NA,NA,NA,NA,NA,NA,NA,NA,0.7609965230647621,0.002084921980999348,9.283294535597733,22.815323168610895
2049,20127,Double Crop,4499199.088895911,449.9199088895911,1.671491967784096,all_cult,NA,NA,NA,NA,NA,NA,NA,NA,NA,NA,0.7609965230647621,0.002084921980999348,9.283294535597733,22.815323168610895
2049,20127,Grass/Pasture/Shrubland,158101691.18434784,15810.169118434784,58.73616652348874,grassPastureHay,NA,NA,NA,NA,NA,NA,NA,NA,NA,NA,0.7609965230647621,0.002084921980999348,9.283294535597733,22.815323168610895
2049,20127,Other Crops,10981377.128665583,1098.1377128665583,4.079678027823576,all_cult,NA,NA,NA,NA,NA,NA,NA,NA,NA,NA,0.7609965230647621,0.002084921980999348,9.283294535597733,22.815323168610895
2049,20127,Sorghum,7272388.587591114,727.2388587591115,2.701756217181813,all_cult,Sorghum,NA,NA,112,81450.75218102049,2599.7329772949247,540.9495171305022,210.74945954620088,291.1974745763706,5,0.7609965230647621,0.002084921980999348,9.283294535597733,22.815323168610895
2049,20127,Soybeans,28686301.015498407,2868.6301015498407,10.657212713965244,all_cult,Soybeans,0.11686486262093489,4,56,160643.2856867911,2599.7329772949247,540.9495171305022,210.74945954620088,291.1974745763706,5,0.7609965230647621,0.002084921980999348,9.283294535597733,22.815323168610895
2049,20127,Wheat,20934850.636842933,2093.485063684293,7.777480834890052,all_cult,Wheat,NA,NA,89,186320.17066790207,2489.4049615478543,347.2677678548421,238.79270826960183,126.9579332643968,5,0.7609965230647621,0.002084921980999348,9.283294535597733,22.815323168610895
2049,20131,Corn,124792211.963085,12479.2211963085,16.444051346315263,all_cult,Corn,0.12528513936677563,9.454545454545455,250,3119805.299077125,2518.0440032959013,595.9401476502762,204.89552169616184,274.82516290366095,5,0.797719483975515,0.0021855328328096303,8.548053296232899,22.042595532561023
2049,20131,Developed,34827921.40223819,3482.792140223819,4.589325878711502,developed,NA,NA,NA,NA,NA,NA,NA,NA,NA,NA,0.797719483975515,0.0021855328328096303,8.548053296232899,22.042595532561023
2049,20131,Double Crop,1288597.7379512293,128.85977379512295,0.1698003988733199,all_cult,NA,NA,NA,NA,NA,NA,NA,NA,NA,NA,0.797719483975515,0.0021855328328096303,8.548053296232899,22.042595532561023
2049,20131,Grass/Pasture/Shrubland,328086582.4549448,32808.65824549448,43.232446344665604,grassPastureHay,NA,NA,NA,NA,NA,NA,NA,NA,NA,NA,0.797719483975515,0.0021855328328096303,8.548053296232899,22.042595532561023
2049,20131,Other Crops,27101730.321978156,2710.1730321978157,3.5712344382550913,all_cult,NA,NA,NA,NA,NA,NA,NA,NA,NA,NA,0.797719483975515,0.0021855328328096303,8.548053296232899,22.042595532561023
2049,20131,Sorghum,2055671.3741418559,205.5671374141856,0.2708788080264065,all_cult,Sorghum,NA,NA,112,23023.519390388785,2518.0440032959013,595.9401476502762,204.89552169616184,274.82516290366095,5,0.797719483975515,0.0021855328328096303,8.548053296232899,22.042595532561023
2049,20131,Soybeans,136674912.54505298,13667.491254505298,18.00985209164201,all_cult,Soybeans,0.1067341402930363,5.142857142857143,56,765379.5102522967,2518.0440032959013,595.9401476502762,204.89552169616184,274.82516290366095,5,0.797719483975515,0.0021855328328096303,8.548053296232899,22.042595532561023
2049,20131,Wheat,9588450.555545796,958.8450555545795,1.2634840811511674,all_cult,Wheat,NA,NA,89,85337.20994435757,2398.734230346682,354.61139876412716,239.2979711997707,153.15396649414927,5,0.797719483975515,0.0021855328328096303,8.548053296232899,22.042595532561023
2049,20139,Corn,20890964.22588984,2089.096422588984,9.4988079569725965,all_cult,Corn,NA,NA,250,522274.10564724595,2609.9535620117217,587.3298958973577,196.03036843589655,253.8528322999404,5,0.8563768797090522,0.002346238026600143,9.589451176891611,22.544628989859827
2049,20139,Developed,11858545.489950646,1185.8545489950645,5.391902692479325,developed,NA,NA,NA,NA,NA,NA,NA,NA,NA,NA,0.8563768797090522,0.002346238026600143,9.589451176891611,22.544628989859827
2049,20139,Double Crop,1849135.1156913848,184.91351156913848,0.8407739901578724,all_cult,NA,NA,NA,NA,NA,NA,NA,NA,NA,NA,0.8563768797090522,0.002346238026600143,9.589451176891611,22.544628989859827
2049,20139,Grass/Pasture/Shrubland,108139234.26990536,10813.923426990536,49.1692871538651,grassPastureHay,NA,NA,NA,NA,NA,NA,NA,NA,NA,NA,0.8563768797090522,0.002346238026600143,9.589451176891611,22.544628989859827
2049,20139,Other Crops,6302951.103083336,630.2951103083336,2.86585728849129,all_cult,NA,NA,NA,NA,NA,NA,NA,NA,NA,NA,0.8563768797090522,0.002346238026600143,9.589451176891611,22.544628989859827
2049,20139,Sorghum,252758.48461129973,25.27584846112997,0.11492549021948671,all_cult,Sorghum,NA,NA,112,2830.8950276465566,2609.9535620117217,587.3298958973577,196.03036843589655,253.8528322999404,5,0.8563768797090522,0.002346238026600143,9.589451176891611,22.544628989859827
2049,20139,Soybeans,28064514.38751116,2806.4514387511163,12.76051357372463,all_cult,Soybeans,NA,NA,56,157161.28057006252,2609.9535620117217,587.3298958973577,196.03036843589655,253.8528322999404,5,0.8563768797090522,0.002346238026600143,9.589451176891611,22.544628989859827
2049,20139,Wheat,1738320.944623076,173.8320944623076,0.7903884493801757,all_cult,Wheat,NA,NA,89,15471.056407145375,2494.3525689697294,414.1682325790906,239.6080918148892,149.02632151880314,5,0.8563768797090522,0.002346238026600143,9.589451176891611,22.544628989859827
2049,20149,Corn,136791901.8519852,13679.190185198519,7.982141503627487,all_cult,Corn,0.1326174661314905,62.44444444444444,250,3419797.54629963,2571.941201782229,578.1793576158766,204.9890184167182,279.264843580514,5,0.7793424862267999,0.0021351848937720542,8.958783502448117,22.58444493123932
2049,20149,Developed,87781477.02653997,8778.147702653996,5.122263537072818,developed,NA,NA,NA,NA,NA,NA,NA,NA,NA,NA,0.7793424862267999,0.0021351848937720542,8.958783502448117,22.58444493123932
2049,20149,Double Crop,1803166.4492782145,180.31664492782144,0.1052191654466961,all_cult,NA,NA,NA,NA,NA,NA,NA,NA,NA,NA,0.7793424862267999,0.0021351848937720542,8.958783502448117,22.58444493123932
2049,20149,Grass/Pasture/Shrubland,1058221194.9777538,105822.11949777538,61.749790785057485,grassPastureHay,NA,NA,NA,NA,NA,NA,NA,NA,NA,NA,0.7793424862267999,0.0021351848937720542,8.958783502448117,22.58444493123932
2049,20149,Other Crops,34485813.7618199,3448.58137618199,2.012331443512244,all_cult,NA,NA,NA,NA,NA,NA,NA,NA,NA,NA,0.7793424862267999,0.0021351848937720542,8.958783502448117,22.58444493123932
2049,20149,Sorghum,5647082.09049503,564.708209049503,0.3295210295248753,all_cult,Sorghum,NA,NA,112,63247.319413544334,2571.941201782229,578.1793576158766,204.9890184167182,279.264843580514,5,0.7793424862267999,0.0021351848937720542,8.958783502448117,22.58444493123932
2049,20149,Soybeans,153915907.33370754,15391.590733370755,8.98136903839706,all_cult,Soybeans,0.11392545848870632,51.611111111111114,56,861929.0810687622,2571.941201782229,578.1793576158766,204.9890184167182,279.264843580514,5,0.7793424862267999,0.0021351848937720542,8.958783502448117,22.58444493123932
2049,20149,Wheat,13424373.002870617,1342.4373002870618,0.7833449455387832,all_cult,Wheat,NA,NA,89,119476.9197255485,2460.3922882080105,350.05982128834626,239.18058593597365,148.27856342937343,5,0.7793424862267999,0.0021351848937720542,8.958783502448117,22.58444493123932
2049,20161,Corn,29887562.457934357,2988.756245793436,3.7374801575206362,all_cult,Corn,0.14127372152863188,12.444444444444445,250,747189.0614483589,2589.2034674072293,559.7925247676512,209.7065598247536,287.2942963653392,5,0.7558228155399274,0.002070747439835417,9.07071660290028,22.83563356164386
2049,20161,Developed,93189704.06140432,9318.970406140432,11.653498685445852,developed,NA,NA,NA,NA,NA,NA,NA,NA,NA,NA,0.7558228155399274,0.002070747439835417,9.07071660290028,22.83563356164386
2049,20161,Double Crop,2321662.5391971655,232.16625391971652,0.2903270443991936,all_cult,NA,NA,NA,NA,NA,NA,NA,NA,NA,NA,0.7558228155399274,0.002070747439835417,9.07071660290028,22.83563356164386
2049,20161,Grass/Pasture/Shrubland,421935273.9416269,42193.527394162695,52.76357736882686,grassPastureHay,NA,NA,NA,NA,NA,NA,NA,NA,NA,NA,0.7558228155399274,0.002070747439835417,9.07071660290028,22.83563356164386
2049,20161,Other Crops,10313350.483787943,1031.3350483787942,1.2896984437913022,all_cult,NA,NA,NA,NA,NA,NA,NA,NA,NA,NA,0.7558228155399274,0.002070747439835417,9.07071660290028,22.83563356164386
2049,20161,Sorghum,8046145.345421317,804.6145345421318,1.0061813711092988,all_cult,Sorghum,NA,NA,112,90116.82786871876,2589.2034674072293,559.7925247676512,209.7065598247536,287.2942963653392,5,0.7558228155399274,0.002070747439835417,9.07071660290028,22.83563356164386
2049,20161,Soybeans,56043067.26954317,5604.306726954317,7.008261452613234,all_cult,Soybeans,0.12420661341954765,10.38888888888889,56,313841.17670944176,2589.2034674072293,559.7925247676512,209.7065598247536,287.2942963653392,5,0.7558228155399274,0.002070747439835417,9.07071660290028,22.83563356164386
2049,20161,Wheat,14763447.35949416,1476.3447359494162,1.8461890841841313,all_cult,Wheat,NA,NA,89,131394.68149949805,2480.1126391601592,341.67586941255945,240.17683221110192,136.3139436781075,5,0.7558228155399274,0.002070747439835417,9.07071660290028,22.83563356164386
2049,20177,Corn,132475537.80653152,13247.553780653152,9.091050553311547,all_cult,Corn,0.12030458771317423,83,250,3311888.445163288,2611.3116381835966,584.5215066933897,197.70894602216535,251.39163540387636,5,0.8368270906211137,0.002292676960605791,9.550638293958713,22.558549336472627
2049,20177,Developed,255013934.0237044,25501.393402370442,17.50017100813045,developed,NA,NA,NA,NA,NA,NA,NA,NA,NA,NA,0.8368270906211137,0.002292676960605791,9.550638293958713,22.558549336472627
2049,20177,Double Crop,2797246.7569815805,279.7246756981581,0.19195930130847558,all_cult,NA,NA,NA,NA,NA,NA,NA,NA,NA,NA,0.8368270906211137,0.002292676960605791,9.550638293958713,22.558549336472627
2049,20177,Grass/Pasture/Shrubland,626083355.6398722,62608.33556398722,42.96457693964075,grassPastureHay,NA,NA,NA,NA,NA,NA,NA,NA,NA,NA,0.8368270906211137,0.002292676960605791,9.550638293958713,22.558549336472627
2049,20177,Other Crops,33361526.081880283,3336.1526081880284,2.289413767762353,all_cult,NA,NA,NA,NA,NA,NA,NA,NA,NA,NA,0.8368270906211137,0.002292676960605791,9.550638293958713,22.558549336472627
2049,20177,Sorghum,2303954.5452317544,230.39545452317543,0.15810743319134585,all_cult,Sorghum,NA,NA,112,25804.29090659565,2611.3116381835966,584.5215066933897,197.70894602216535,251.39163540387636,5,0.8368270906211137,0.002292676960605791,9.550638293958713,22.558549336472627
2049,20177,Soybeans,145627766.023613,14562.7766023613,9.993613951731533,all_cult,Soybeans,0.09768281806034469,42.833333333333336,56,815515.4897322329,2611.3116381835966,584.5215066933897,197.70894602216535,251.39163540387636,5,0.8368270906211137,0.002292676960605791,9.550638293958713,22.558549336472627
2049,20177,Wheat,9565647.685078032,956.5647685078033,0.656436562704971,all_cult,Wheat,NA,NA,89,85134.26439719449,2497.2234545898464,394.8318037091323,239.48497960192503,154.1877217340951,5,0.8368270906211137,0.002292676960605791,9.550638293958713,22.558549336472627
2049,20197,Corn,69733578.79693311,6973.357879693312,4.536852294529976,all_cult,Corn,0.14186117514330646,28.666666666666668,250,1743339.469923328,2591.910315551761,578.0176433388283,198.22267435152975,278.1248914172389,5,0.8009113557645141,0.0021942776870260664,9.235702882531594,22.642258334225193
2049,20197,Developed,54289406.85937861,5428.940685937861,3.5320576446519008,developed,NA,NA,NA,NA,NA,NA,NA,NA,NA,NA,0.8009113557645141,0.0021942776870260664,9.235702882531594,22.642258334225193
2049,20197,Double Crop,1125869.9276987636,112.58699276987635,0.07324886594013556,all_cult,NA,NA,NA,NA,NA,NA,NA,NA,NA,NA,0.8009113557645141,0.0021942776870260664,9.235702882531594,22.642258334225193
2049,20197,Grass/Pasture/Shrubland,1169502873.1037595,116950.28731037596,76.08761639426346,grassPastureHay,NA,NA,NA,NA,NA,NA,NA,NA,NA,NA,0.8009113557645141,0.0021942776870260664,9.235702882531594,22.642258334225193
2049,20197,Other Crops,29094649.42529061,2909.464942529061,1.8928919077573607,all_cult,NA,NA,NA,NA,NA,NA,NA,NA,NA,NA,0.8009113557645141,0.0021942776870260664,9.235702882531594,22.642258334225193
2049,20197,Sorghum,3287931.385599168,328.7931385599168,0.21391213972326276,all_cult,Sorghum,NA,NA,112,36824.831518710685,2591.910315551761,578.0176433388283,198.22267435152975,278.1248914172389,5,0.8009113557645141,0.0021942776870260664,9.235702882531594,22.642258334225193
2049,20197,Soybeans,83491332.16381498,8349.133216381497,5.431928899043218,all_cult,Soybeans,0.12942046457519057,22.77777777777778,56,467551.46011736384,2591.910315551761,578.0176433388283,198.22267435152975,278.1248914172389,5,0.8009113557645141,0.0021942776870260664,9.235702882531594,22.642258334225193
2049,20197,Wheat,7530280.724868099,753.02807248681,0.4899185152185996,all_cult,Wheat,NA,NA,89,67019.49845132609,2477.161652832034,369.7650937364773,237.60670936838363,144.19975310580801,5,0.8009113557645141,0.0021942776870260664,9.235702882531594,22.642258334225193
2049,20209,Corn,2798441.748604609,279.8441748604609,1.0907251789658858,all_cult,Corn,NA,NA,250,69961.04371511523,2648.554464111331,627.1648562184042,200.97964977533897,249.56316280096232,5,0.9255917793881958,0.002535867888734783,10.205901673199403,22.30178373153898
2049,20209,Developed,144515431.86680782,14451.543186680783,56.32656829996687,developed,NA,NA,NA,NA,NA,NA,NA,NA,NA,NA,0.9255917793881958,0.002535867888734783,10.205901673199403,22.30178373153898
2049,20209,Double Crop,152719.71803613545,15.271971803613546,0.05952428413764306,all_cult,NA,NA,NA,NA,NA,NA,NA,NA,NA,NA,0.9255917793881958,0.002535867888734783,10.205901673199403,22.30178373153898
2049,20209,Grass/Pasture/Shrubland,41083799.11850462,4108.379911850462,16.01288794682744,grassPastureHay,NA,NA,NA,NA,NA,NA,NA,NA,NA,NA,0.9255917793881958,0.002535867888734783,10.205901673199403,22.30178373153898
2049,20209,Other Crops,1959154.8527385148,195.91548527385146,0.7636033619211925,all_cult,NA,NA,NA,NA,NA,NA,NA,NA,NA,NA,0.9255917793881958,0.002535867888734783,10.205901673199403,22.30178373153898
2049,20209,Sorghum,54127.80426680527,5.412780426680527,0.02109694047602745,all_cult,Sorghum,NA,NA,112,606.231407788219,2648.554464111331,627.1648562184042,200.97964977533897,249.56316280096232,5,0.9255917793881958,0.002535867888734783,10.205901673199403,22.30178373153898
2049,20209,Soybeans,8244134.676247953,824.4134676247953,3.213247256139296,all_cult,Soybeans,0.14562756367793683,4.75,56,46167.15418698854,2648.554464111331,627.1648562184042,200.97964977533897,249.56316280096232,5,0.9255917793881958,0.002535867888734783,10.205901673199403,22.30178373153898
2049,20209,Wheat,234900.57353758038,23.49005735375804,0.09155522720411169,all_cult,Wheat,NA,NA,89,2090.6151044844655,2510.5372674560576,422.1073816937931,241.41877382249584,141.98768140841543,5,0.9255917793881958,0.002535867888734783,10.205901673199403,22.30178373153898
