totalWater_m,WaterManagement,GDD,FIPS,Crop,model,predicted_yield
0.3579861986616161,Irrigated,2203.103851318363,20005,Corn,shared_curve,3624.7088259067095
0.3579861986616161,Non-Irrigated,2203.103851318363,20005,Corn,shared_curve,3624.7088259067095
0.36255113949576784,Irrigated,2203.103851318363,20005,Corn,shared_curve,3742.2808202600663
0.36255113949576784,Non-Irrigated,2203.103851318363,20005,Corn,shared_curve,3742.2808202600663
0.36711608032991955,Irrigated,2203.103851318363,20005,Corn,shared_curve,3858.9398693968305
0.36711608032991955,Non-Irrigated,2203.103851318363,20005,Corn,shared_curve,3858.9398693968305
0.3716810211640713,Irrigated,2203.103851318363,20005,Corn,shared_curve,3974.6859733170077
0.3716810211640713,Non-Irrigated,2203.103851318363,20005,Corn,shared_curve,3974.6859733170077
0.3762459619982231,Irrigated,2203.103851318363,20005,Corn,shared_curve,4089.519132020594
0.3762459619982231,Non-Irrigated,2203.103851318363,20005,Corn,shared_curve,4089.519132020594
0.38081090283237484,Irrigated,2203.103851318363,20005,Corn,shared_curve,4203.439345507593
0.38081090283237484,Non-Irrigated,2203.103851318363,20005,Corn,shared_curve,4203.439345507593
0.38537584366652655,Irrigated,2203.103851318363,20005,Corn,shared_curve,4316.446613778002
0.38537584366652655,Non-Irrigated,2203.103851318363,20005,Corn,shared_curve,4316.446613778002
0.3899407845006783,Irrigated,2203.103851318363,20005,Corn,shared_curve,4428.5409368318215
0.3899407845006783,Non-Irrigated,2203.103851318363,20005,Corn,shared_curve,4428.5409368318215
0.3945057253348301,Irrigated,2203.103851318363,20005,Corn,shared_curve,4539.722314669052
0.3945057253348301,Non-Irrigated,2203.103851318363,20005,Corn,shared_curve,4539.722314669052
0.3990706661689818,Irrigated,2203.103851318363,20005,Corn,shared_curve,4649.990747289694
0.3990706661689818,Non-Irrigated,2203.103851318363,20005,Corn,shared_curve,4649.990747289694
0.40363560700313356,Irrigated,2203.103851318363,20005,Corn,shared_curve,4759.346234693749
0.40363560700313356,Non-Irrigated,2203.103851318363,20005,Corn,shared_curve,4759.346234693749
0.4082005478372853,Irrigated,2203.103851318363,20005,Corn,shared_curve,4867.788776881209
0.4082005478372853,Non-Irrigated,2203.103851318363,20005,Corn,shared_curve,4867.788776881209
0.4127654886714371,Irrigated,2203.103851318363,20005,Corn,shared_curve,4975.318373852084
0.4127654886714371,Non-Irrigated,2203.103851318363,20005,Corn,shared_curve,4975.318373852084
0.4173304295055888,Irrigated,2203.103851318363,20005,Corn,shared_curve,5081.935025606372
0.4173304295055888,Non-Irrigated,2203.103851318363,20005,Corn,shared_curve,5081.935025606372
0.42189537033974056,Irrigated,2203.103851318363,20005,Corn,shared_curve,5187.638732144069
0.42189537033974056,Non-Irrigated,2203.103851318363,20005,Corn,shared_curve,5187.638732144069
0.4264603111738923,Irrigated,2203.103851318363,20005,Corn,shared_curve,5292.429493465177
0.4264603111738923,Non-Irrigated,2203.103851318363,20005,Corn,shared_curve,5292.429493465177
0.4310252520080441,Irrigated,2203.103851318363,20005,Corn,shared_curve,5396.307309569691
0.4310252520080441,Non-Irrigated,2203.103851318363,20005,Corn,shared_curve,5396.307309569691
0.4355901928421958,Irrigated,2203.103851318363,20005,Corn,shared_curve,5499.272180457623
0.4355901928421958,Non-Irrigated,2203.103851318363,20005,Corn,shared_curve,5499.272180457623
0.44015513367634757,Irrigated,2203.103851318363,20005,Corn,shared_curve,5601.324106128961
0.44015513367634757,Non-Irrigated,2203.103851318363,20005,Corn,shared_curve,5601.324106128961
0.44472007451049933,Irrigated,2203.103851318363,20005,Corn,shared_curve,5702.463086583713
0.44472007451049933,Non-Irrigated,2203.103851318363,20005,Corn,shared_curve,5702.463086583713
0.44928501534465104,Irrigated,2203.103851318363,20005,Corn,shared_curve,5802.689121821872
0.44928501534465104,Non-Irrigated,2203.103851318363,20005,Corn,shared_curve,5802.689121821872
0.4538499561788028,Irrigated,2203.103851318363,20005,Corn,shared_curve,5902.0022118434445
0.4538499561788028,Non-Irrigated,2203.103851318363,20005,Corn,shared_curve,5902.0022118434445
0.45841489701295457,Irrigated,2203.103851318363,20005,Corn,shared_curve,6000.402356648428
0.45841489701295457,Non-Irrigated,2203.103851318363,20005,Corn,shared_curve,6000.402356648428
0.4629798378471063,Irrigated,2203.103851318363,20005,Corn,shared_curve,6097.889556236822
0.4629798378471063,Non-Irrigated,2203.103851318363,20005,Corn,shared_curve,6097.889556236822
0.46754477868125804,Irrigated,2203.103851318363,20005,Corn,shared_curve,6194.463810608626
0.46754477868125804,Non-Irrigated,2203.103851318363,20005,Corn,shared_curve,6194.463810608626
0.4721097195154098,Irrigated,2203.103851318363,20005,Corn,shared_curve,6290.125119763841
0.4721097195154098,Non-Irrigated,2203.103851318363,20005,Corn,shared_curve,6290.125119763841
0.4766746603495616,Irrigated,2203.103851318363,20005,Corn,shared_curve,6384.8734837024695
0.4766746603495616,Non-Irrigated,2203.103851318363,20005,Corn,shared_curve,6384.8734837024695
0.48123960118371334,Irrigated,2203.103851318363,20005,Corn,shared_curve,6478.708902424507
0.48123960118371334,Non-Irrigated,2203.103851318363,20005,Corn,shared_curve,6478.708902424507
0.48580454201786505,Irrigated,2203.103851318363,20005,Corn,shared_curve,6571.631375929954
0.48580454201786505,Non-Irrigated,2203.103851318363,20005,Corn,shared_curve,6571.631375929954
0.4903694828520168,Irrigated,2203.103851318363,20005,Corn,shared_curve,6663.640904218812
0.4903694828520168,Non-Irrigated,2203.103851318363,20005,Corn,shared_curve,6663.640904218812
0.4949344236861686,Irrigated,2203.103851318363,20005,Corn,shared_curve,6754.737487291082
0.4949344236861686,Non-Irrigated,2203.103851318363,20005,Corn,shared_curve,6754.737487291082
0.4994993645203203,Irrigated,2203.103851318363,20005,Corn,shared_curve,6844.921125146762
0.4994993645203203,Non-Irrigated,2203.103851318363,20005,Corn,shared_curve,6844.921125146762
0.504064305354472,Irrigated,2203.103851318363,20005,Corn,shared_curve,6934.1918177858515
0.504064305354472,Non-Irrigated,2203.103851318363,20005,Corn,shared_curve,6934.1918177858515
0.5086292461886238,Irrigated,2203.103851318363,20005,Corn,shared_curve,7022.549565208357
0.5086292461886238,Non-Irrigated,2203.103851318363,20005,Corn,shared_curve,7022.549565208357
0.5131941870227755,Irrigated,2203.103851318363,20005,Corn,shared_curve,7109.994367414267
0.5131941870227755,Non-Irrigated,2203.103851318363,20005,Corn,shared_curve,7109.994367414267
0.5177591278569273,Irrigated,2203.103851318363,20005,Corn,shared_curve,7196.526224403595
0.5177591278569273,Non-Irrigated,2203.103851318363,20005,Corn,shared_curve,7196.526224403595
0.5223240686910791,Irrigated,2203.103851318363,20005,Corn,shared_curve,7282.145136176327
0.5223240686910791,Non-Irrigated,2203.103851318363,20005,Corn,shared_curve,7282.145136176327
0.5268890095252308,Irrigated,2203.103851318363,20005,Corn,shared_curve,7366.851102732473
0.5268890095252308,Non-Irrigated,2203.103851318363,20005,Corn,shared_curve,7366.851102732473
0.5314539503593826,Irrigated,2203.103851318363,20005,Corn,shared_curve,7450.6441240720305
0.5314539503593826,Non-Irrigated,2203.103851318363,20005,Corn,shared_curve,7450.6441240720305
0.5360188911935343,Irrigated,2203.103851318363,20005,Corn,shared_curve,7533.524200194997
0.5360188911935343,Non-Irrigated,2203.103851318363,20005,Corn,shared_curve,7533.524200194997
0.5405838320276861,Irrigated,2203.103851318363,20005,Corn,shared_curve,7615.491331101379
0.5405838320276861,Non-Irrigated,2203.103851318363,20005,Corn,shared_curve,7615.491331101379
0.5451487728618378,Irrigated,2203.103851318363,20005,Corn,shared_curve,7696.545516791166
0.5451487728618378,Non-Irrigated,2203.103851318363,20005,Corn,shared_curve,7696.545516791166
0.5497137136959895,Irrigated,2203.103851318363,20005,Corn,shared_curve,7776.686757264364
0.5497137136959895,Non-Irrigated,2203.103851318363,20005,Corn,shared_curve,7776.686757264364
0.5542786545301412,Irrigated,2203.103851318363,20005,Corn,shared_curve,7855.915052520973
0.5542786545301412,Non-Irrigated,2203.103851318363,20005,Corn,shared_curve,7855.915052520973
0.5588435953642931,Irrigated,2203.103851318363,20005,Corn,shared_curve,7934.230402560997
0.5588435953642931,Non-Irrigated,2203.103851318363,20005,Corn,shared_curve,7934.230402560997
0.5634085361984448,Irrigated,2203.103851318363,20005,Corn,shared_curve,8011.632807384429
0.5634085361984448,Non-Irrigated,2203.103851318363,20005,Corn,shared_curve,8011.632807384429
0.5679734770325966,Irrigated,2203.103851318363,20005,Corn,shared_curve,8088.122266991273
0.5679734770325966,Non-Irrigated,2203.103851318363,20005,Corn,shared_curve,8088.122266991273
0.5725384178667483,Irrigated,2203.103851318363,20005,Corn,shared_curve,8163.698781381527
0.5725384178667483,Non-Irrigated,2203.103851318363,20005,Corn,shared_curve,8163.698781381527
0.5771033587009,Irrigated,2203.103851318363,20005,Corn,shared_curve,8238.36235055519
0.5771033587009,Non-Irrigated,2203.103851318363,20005,Corn,shared_curve,8238.36235055519
0.5816682995350517,Irrigated,2203.103851318363,20005,Corn,shared_curve,8312.112974512269
0.5816682995350517,Non-Irrigated,2203.103851318363,20005,Corn,shared_curve,8312.112974512269
0.5862332403692035,Irrigated,2203.103851318363,20005,Corn,shared_curve,8384.950653252754
0.5862332403692035,Non-Irrigated,2203.103851318363,20005,Corn,shared_curve,8384.950653252754
0.5907981812033553,Irrigated,2203.103851318363,20005,Corn,shared_curve,8456.87538677665
0.5907981812033553,Non-Irrigated,2203.103851318363,20005,Corn,shared_curve,8456.87538677665
0.5953631220375071,Irrigated,2203.103851318363,20005,Corn,shared_curve,8527.887175083963
0.5953631220375071,Non-Irrigated,2203.103851318363,20005,Corn,shared_curve,8527.887175083963
0.5999280628716588,Irrigated,2203.103851318363,20005,Corn,shared_curve,8597.986018174679
0.5999280628716588,Non-Irrigated,2203.103851318363,20005,Corn,shared_curve,8597.986018174679
0.6044930037058105,Irrigated,2203.103851318363,20005,Corn,shared_curve,8667.171916048812
0.6044930037058105,Non-Irrigated,2203.103851318363,20005,Corn,shared_curve,8667.171916048812
0.6090579445399623,Irrigated,2203.103851318363,20005,Corn,shared_curve,8735.444868706352
0.6090579445399623,Non-Irrigated,2203.103851318363,20005,Corn,shared_curve,8735.444868706352
0.613622885374114,Irrigated,2203.103851318363,20005,Corn,shared_curve,8802.804876147302
0.613622885374114,Non-Irrigated,2203.103851318363,20005,Corn,shared_curve,8802.804876147302
0.6181878262082658,Irrigated,2203.103851318363,20005,Corn,shared_curve,8869.25193837167
0.6181878262082658,Non-Irrigated,2203.103851318363,20005,Corn,shared_curve,8869.25193837167
0.6227527670424176,Irrigated,2203.103851318363,20005,Corn,shared_curve,8934.78605537944
0.6227527670424176,Non-Irrigated,2203.103851318363,20005,Corn,shared_curve,8934.78605537944
0.6273177078765693,Irrigated,2203.103851318363,20005,Corn,shared_curve,8999.407227170623
0.6273177078765693,Non-Irrigated,2203.103851318363,20005,Corn,shared_curve,8999.407227170623
0.631882648710721,Irrigated,2203.103851318363,20005,Corn,shared_curve,9063.115453745222
0.631882648710721,Non-Irrigated,2203.103851318363,20005,Corn,shared_curve,9063.115453745222
0.6364475895448728,Irrigated,2203.103851318363,20005,Corn,shared_curve,9125.910735103227
0.6364475895448728,Non-Irrigated,2203.103851318363,20005,Corn,shared_curve,9125.910735103227
0.6410125303790246,Irrigated,2203.103851318363,20005,Corn,shared_curve,9187.793071244645
0.6410125303790246,Non-Irrigated,2203.103851318363,20005,Corn,shared_curve,9187.793071244645
0.6455774712131763,Irrigated,2203.103851318363,20005,Corn,shared_curve,9248.762462169472
0.6455774712131763,Non-Irrigated,2203.103851318363,20005,Corn,shared_curve,9248.762462169472
0.650142412047328,Irrigated,2203.103851318363,20005,Corn,shared_curve,9308.818907877709
0.650142412047328,Non-Irrigated,2203.103851318363,20005,Corn,shared_curve,9308.818907877709
0.6547073528814797,Irrigated,2203.103851318363,20005,Corn,shared_curve,9367.962408369362
0.6547073528814797,Non-Irrigated,2203.103851318363,20005,Corn,shared_curve,9367.962408369362
0.6592722937156315,Irrigated,2203.103851318363,20005,Corn,shared_curve,9426.19296364442
0.6592722937156315,Non-Irrigated,2203.103851318363,20005,Corn,shared_curve,9426.19296364442
0.6638372345497833,Irrigated,2203.103851318363,20005,Corn,shared_curve,9483.510573702892
0.6638372345497833,Non-Irrigated,2203.103851318363,20005,Corn,shared_curve,9483.510573702892
0.6684021753839351,Irrigated,2203.103851318363,20005,Corn,shared_curve,9539.915238544772
0.6684021753839351,Non-Irrigated,2203.103851318363,20005,Corn,shared_curve,9539.915238544772
0.6729671162180868,Irrigated,2203.103851318363,20005,Corn,shared_curve,9595.406958170066
0.6729671162180868,Non-Irrigated,2203.103851318363,20005,Corn,shared_curve,9595.406958170066
0.6775320570522385,Irrigated,2203.103851318363,20005,Corn,shared_curve,9649.985732578773
0.6775320570522385,Non-Irrigated,2203.103851318363,20005,Corn,shared_curve,9649.985732578773
0.6820969978863902,Irrigated,2203.103851318363,20005,Corn,shared_curve,9703.651561770885
0.6820969978863902,Non-Irrigated,2203.103851318363,20005,Corn,shared_curve,9703.651561770885
0.686661938720542,Irrigated,2203.103851318363,20005,Corn,shared_curve,9756.40444574641
0.686661938720542,Non-Irrigated,2203.103851318363,20005,Corn,shared_curve,9756.40444574641
0.6912268795546938,Irrigated,2203.103851318363,20005,Corn,shared_curve,9808.244384505348
0.6912268795546938,Non-Irrigated,2203.103851318363,20005,Corn,shared_curve,9808.244384505348
0.6957918203888456,Irrigated,2203.103851318363,20005,Corn,shared_curve,9859.171378047698
0.6957918203888456,Non-Irrigated,2203.103851318363,20005,Corn,shared_curve,9859.171378047698
0.7003567612229973,Irrigated,2203.103851318363,20005,Corn,shared_curve,9909.185426373455
0.7003567612229973,Non-Irrigated,2203.103851318363,20005,Corn,shared_curve,9909.185426373455
0.704921702057149,Irrigated,2203.103851318363,20005,Corn,shared_curve,9958.286529482624
0.704921702057149,Non-Irrigated,2203.103851318363,20005,Corn,shared_curve,9958.286529482624
0.7094866428913007,Irrigated,2203.103851318363,20005,Corn,shared_curve,10006.4746873752
0.7094866428913007,Non-Irrigated,2203.103851318363,20005,Corn,shared_curve,10006.4746873752
0.7140515837254525,Irrigated,2203.103851318363,20005,Corn,shared_curve,10053.749900051194
0.7140515837254525,Non-Irrigated,2203.103851318363,20005,Corn,shared_curve,10053.749900051194
0.7186165245596043,Irrigated,2203.103851318363,20005,Corn,shared_curve,10100.112167510595
0.7186165245596043,Non-Irrigated,2203.103851318363,20005,Corn,shared_curve,10100.112167510595
0.723181465393756,Irrigated,2203.103851318363,20005,Corn,shared_curve,10145.561489753409
0.723181465393756,Non-Irrigated,2203.103851318363,20005,Corn,shared_curve,10145.561489753409
0.7277464062279078,Irrigated,2203.103851318363,20005,Corn,shared_curve,10190.097866779635
0.7277464062279078,Non-Irrigated,2203.103851318363,20005,Corn,shared_curve,10190.097866779635
0.7323113470620595,Irrigated,2203.103851318363,20005,Corn,shared_curve,10233.721298589267
0.7323113470620595,Non-Irrigated,2203.103851318363,20005,Corn,shared_curve,10233.721298589267
0.7368762878962113,Irrigated,2203.103851318363,20005,Corn,shared_curve,10276.431785182313
0.7368762878962113,Non-Irrigated,2203.103851318363,20005,Corn,shared_curve,10276.431785182313
0.741441228730363,Irrigated,2203.103851318363,20005,Corn,shared_curve,10318.229326558767
0.741441228730363,Non-Irrigated,2203.103851318363,20005,Corn,shared_curve,10318.229326558767
0.7460061695645148,Irrigated,2203.103851318363,20005,Corn,shared_curve,10359.113922718634
0.7460061695645148,Non-Irrigated,2203.103851318363,20005,Corn,shared_curve,10359.113922718634
0.7505711103986665,Irrigated,2203.103851318363,20005,Corn,shared_curve,10399.08557366191
0.7505711103986665,Non-Irrigated,2203.103851318363,20005,Corn,shared_curve,10399.08557366191
0.7551360512328182,Irrigated,2203.103851318363,20005,Corn,shared_curve,10438.1442793886
0.7551360512328182,Non-Irrigated,2203.103851318363,20005,Corn,shared_curve,10438.1442793886
0.75970099206697,Irrigated,2203.103851318363,20005,Corn,shared_curve,10476.290039898695
0.75970099206697,Non-Irrigated,2203.103851318363,20005,Corn,shared_curve,10476.290039898695
0.7642659329011218,Irrigated,2203.103851318363,20005,Corn,shared_curve,10513.52285519221
0.7642659329011218,Non-Irrigated,2203.103851318363,20005,Corn,shared_curve,10513.52285519221
0.7688308737352736,Irrigated,2203.103851318363,20005,Corn,shared_curve,10549.84272526913
0.7688308737352736,Non-Irrigated,2203.103851318363,20005,Corn,shared_curve,10549.84272526913
0.7733958145694253,Irrigated,2203.103851318363,20005,Corn,shared_curve,10585.249650129464
0.7733958145694253,Non-Irrigated,2203.103851318363,20005,Corn,shared_curve,10585.249650129464
0.777960755403577,Irrigated,2203.103851318363,20005,Corn,shared_curve,10619.743629773204
0.777960755403577,Non-Irrigated,2203.103851318363,20005,Corn,shared_curve,10619.743629773204
0.7825256962377287,Irrigated,2203.103851318363,20005,Corn,shared_curve,10653.324664200356
0.7825256962377287,Non-Irrigated,2203.103851318363,20005,Corn,shared_curve,10653.324664200356
0.7870906370718805,Irrigated,2203.103851318363,20005,Corn,shared_curve,10685.992753410925
0.7870906370718805,Non-Irrigated,2203.103851318363,20005,Corn,shared_curve,10685.992753410925
0.7916555779060322,Irrigated,2203.103851318363,20005,Corn,shared_curve,10717.747897404903
0.7916555779060322,Non-Irrigated,2203.103851318363,20005,Corn,shared_curve,10717.747897404903
0.7962205187401841,Irrigated,2203.103851318363,20005,Corn,shared_curve,10748.590096182283
0.7962205187401841,Non-Irrigated,2203.103851318363,20005,Corn,shared_curve,10748.590096182283
0.8007854595743358,Irrigated,2203.103851318363,20005,Corn,shared_curve,10778.51934974308
0.8007854595743358,Non-Irrigated,2203.103851318363,20005,Corn,shared_curve,10778.51934974308
0.8053504004084875,Irrigated,2203.103851318363,20005,Corn,shared_curve,10807.535658087296
0.8053504004084875,Non-Irrigated,2203.103851318363,20005,Corn,shared_curve,10807.535658087296
0.8099153412426392,Irrigated,2203.103851318363,20005,Corn,shared_curve,10835.63902121491
0.8099153412426392,Non-Irrigated,2203.103851318363,20005,Corn,shared_curve,10835.63902121491
0.814480282076791,Irrigated,2203.103851318363,20005,Corn,shared_curve,10862.829439125935
0.814480282076791,Non-Irrigated,2203.103851318363,20005,Corn,shared_curve,10862.829439125935
0.8190452229109428,Irrigated,2203.103851318363,20005,Corn,shared_curve,10889.106911820376
0.8190452229109428,Non-Irrigated,2203.103851318363,20005,Corn,shared_curve,10889.106911820376
0.8236101637450945,Irrigated,2203.103851318363,20005,Corn,shared_curve,10914.471439298226
0.8236101637450945,Non-Irrigated,2203.103851318363,20005,Corn,shared_curve,10914.471439298226
0.8281751045792463,Irrigated,2203.103851318363,20005,Corn,shared_curve,10938.923021559496
0.8281751045792463,Non-Irrigated,2203.103851318363,20005,Corn,shared_curve,10938.923021559496
0.832740045413398,Irrigated,2203.103851318363,20005,Corn,shared_curve,10962.461658604165
0.832740045413398,Non-Irrigated,2203.103851318363,20005,Corn,shared_curve,10962.461658604165
0.8373049862475497,Irrigated,2203.103851318363,20005,Corn,shared_curve,10985.08735043225
0.8373049862475497,Non-Irrigated,2203.103851318363,20005,Corn,shared_curve,10985.08735043225
0.8418699270817015,Irrigated,2203.103851318363,20005,Corn,shared_curve,11006.800097043748
0.8418699270817015,Non-Irrigated,2203.103851318363,20005,Corn,shared_curve,11006.800097043748
0.8464348679158533,Irrigated,2203.103851318363,20005,Corn,shared_curve,11027.599898438648
0.8464348679158533,Non-Irrigated,2203.103851318363,20005,Corn,shared_curve,11027.599898438648
0.850999808750005,Irrigated,2203.103851318363,20005,Corn,shared_curve,11047.486754616968
0.850999808750005,Non-Irrigated,2203.103851318363,20005,Corn,shared_curve,11047.486754616968
0.8555647495841567,Irrigated,2203.103851318363,20005,Corn,shared_curve,11066.460665578697
0.8555647495841567,Non-Irrigated,2203.103851318363,20005,Corn,shared_curve,11066.460665578697
0.8601296904183086,Irrigated,2203.103851318363,20005,Corn,shared_curve,11084.521631323829
0.8601296904183086,Non-Irrigated,2203.103851318363,20005,Corn,shared_curve,11084.521631323829
0.8646946312524603,Irrigated,2203.103851318363,20005,Corn,shared_curve,11101.66965185238
0.8646946312524603,Non-Irrigated,2203.103851318363,20005,Corn,shared_curve,11101.66965185238
0.869259572086612,Irrigated,2203.103851318363,20005,Corn,shared_curve,11117.904727164341
0.869259572086612,Non-Irrigated,2203.103851318363,20005,Corn,shared_curve,11117.904727164341
0.8738245129207638,Irrigated,2203.103851318363,20005,Corn,shared_curve,11133.226857259708
0.8738245129207638,Non-Irrigated,2203.103851318363,20005,Corn,shared_curve,11133.226857259708
0.8783894537549155,Irrigated,2203.103851318363,20005,Corn,shared_curve,11147.636042138494
0.8783894537549155,Non-Irrigated,2203.103851318363,20005,Corn,shared_curve,11147.636042138494
0.8829543945890672,Irrigated,2203.103851318363,20005,Corn,shared_curve,11161.132281800687
0.8829543945890672,Non-Irrigated,2203.103851318363,20005,Corn,shared_curve,11161.132281800687
0.887519335423219,Irrigated,2203.103851318363,20005,Corn,shared_curve,11173.715576246292
0.887519335423219,Non-Irrigated,2203.103851318363,20005,Corn,shared_curve,11173.715576246292
0.8920842762573707,Irrigated,2203.103851318363,20005,Corn,shared_curve,11185.385925475306
0.8920842762573707,Non-Irrigated,2203.103851318363,20005,Corn,shared_curve,11185.385925475306
0.8966492170915225,Irrigated,2203.103851318363,20005,Corn,shared_curve,11196.143329487726
0.8966492170915225,Non-Irrigated,2203.103851318363,20005,Corn,shared_curve,11196.143329487726
0.9012141579256743,Irrigated,2203.103851318363,20005,Corn,shared_curve,11205.987788283566
0.9012141579256743,Non-Irrigated,2203.103851318363,20005,Corn,shared_curve,11205.987788283566
0.905779098759826,Irrigated,2203.103851318363,20005,Corn,shared_curve,11214.919301862812
0.905779098759826,Non-Irrigated,2203.103851318363,20005,Corn,shared_curve,11214.919301862812
0.9103440395939777,Irrigated,2203.103851318363,20005,Corn,shared_curve,11222.93787022547
0.9103440395939777,Non-Irrigated,2203.103851318363,20005,Corn,shared_curve,11222.93787022547
0.9149089804281295,Irrigated,2203.103851318363,20005,Corn,shared_curve,11230.043493371539
0.9149089804281295,Non-Irrigated,2203.103851318363,20005,Corn,shared_curve,11230.043493371539
0.9194739212622812,Irrigated,2203.103851318363,20005,Corn,shared_curve,11236.236171301016
0.9194739212622812,Non-Irrigated,2203.103851318363,20005,Corn,shared_curve,11236.236171301016
0.924038862096433,Irrigated,2203.103851318363,20005,Corn,shared_curve,11241.51590401391
0.924038862096433,Non-Irrigated,2203.103851318363,20005,Corn,shared_curve,11241.51590401391
0.9286038029305848,Irrigated,2203.103851318363,20005,Corn,shared_curve,11245.882691510209
0.9286038029305848,Non-Irrigated,2203.103851318363,20005,Corn,shared_curve,11245.882691510209
0.9331687437647365,Irrigated,2203.103851318363,20005,Corn,shared_curve,11249.336533789918
0.9331687437647365,Non-Irrigated,2203.103851318363,20005,Corn,shared_curve,11249.336533789918
0.9377336845988883,Irrigated,2203.103851318363,20005,Corn,shared_curve,11251.877430853046
0.9377336845988883,Non-Irrigated,2203.103851318363,20005,Corn,shared_curve,11251.877430853046
0.94229862543304,Irrigated,2203.103851318363,20005,Corn,shared_curve,11253.505382699577
0.94229862543304,Non-Irrigated,2203.103851318363,20005,Corn,shared_curve,11253.505382699577
0.9468635662671917,Irrigated,2203.103851318363,20005,Corn,shared_curve,11254.220389329521
0.9468635662671917,Non-Irrigated,2203.103851318363,20005,Corn,shared_curve,11254.220389329521
0.9514285071013435,Irrigated,2203.103851318363,20005,Corn,shared_curve,11254.022450742877
0.9514285071013435,Non-Irrigated,2203.103851318363,20005,Corn,shared_curve,11254.022450742877
0.9559934479354952,Irrigated,2203.103851318363,20005,Corn,shared_curve,11252.91156693964
0.9559934479354952,Non-Irrigated,2203.103851318363,20005,Corn,shared_curve,11252.91156693964
0.9605583887696469,Irrigated,2203.103851318363,20005,Corn,shared_curve,11250.887737919818
0.9605583887696469,Non-Irrigated,2203.103851318363,20005,Corn,shared_curve,11250.887737919818
0.9651233296037988,Irrigated,2203.103851318363,20005,Corn,shared_curve,11247.950963683406
0.9651233296037988,Non-Irrigated,2203.103851318363,20005,Corn,shared_curve,11247.950963683406
0.9696882704379505,Irrigated,2203.103851318363,20005,Corn,shared_curve,11244.101244230404
0.9696882704379505,Non-Irrigated,2203.103851318363,20005,Corn,shared_curve,11244.101244230404
0.9742532112721023,Irrigated,2203.103851318363,20005,Corn,shared_curve,11239.338579560817
0.9742532112721023,Non-Irrigated,2203.103851318363,20005,Corn,shared_curve,11239.338579560817
0.978818152106254,Irrigated,2203.103851318363,20005,Corn,shared_curve,11233.662969674637
0.978818152106254,Non-Irrigated,2203.103851318363,20005,Corn,shared_curve,11233.662969674637
0.9833830929404057,Irrigated,2203.103851318363,20005,Corn,shared_curve,11227.074414571865
0.9833830929404057,Non-Irrigated,2203.103851318363,20005,Corn,shared_curve,11227.074414571865
0.9879480337745575,Irrigated,2203.103851318363,20005,Corn,shared_curve,11219.57291425251
0.9879480337745575,Non-Irrigated,2203.103851318363,20005,Corn,shared_curve,11219.57291425251
0.9925129746087092,Irrigated,2203.103851318363,20005,Corn,shared_curve,11211.158468716561
0.9925129746087092,Non-Irrigated,2203.103851318363,20005,Corn,shared_curve,11211.158468716561
0.997077915442861,Irrigated,2203.103851318363,20005,Corn,shared_curve,11201.831077964025
0.997077915442861,Non-Irrigated,2203.103851318363,20005,Corn,shared_curve,11201.831077964025
1.0016428562770128,Irrigated,2203.103851318363,20005,Corn,shared_curve,11191.590741994898
1.0016428562770128,Non-Irrigated,2203.103851318363,20005,Corn,shared_curve,11191.590741994898
1.0062077971111645,Irrigated,2203.103851318363,20005,Corn,shared_curve,11180.437460809188
1.0062077971111645,Non-Irrigated,2203.103851318363,20005,Corn,shared_curve,11180.437460809188
1.0107727379453162,Irrigated,2203.103851318363,20005,Corn,shared_curve,11168.371234406879
1.0107727379453162,Non-Irrigated,2203.103851318363,20005,Corn,shared_curve,11168.371234406879
1.015337678779468,Irrigated,2203.103851318363,20005,Corn,shared_curve,11155.392062787987
1.015337678779468,Non-Irrigated,2203.103851318363,20005,Corn,shared_curve,11155.392062787987
1.0199026196136196,Irrigated,2203.103851318363,20005,Corn,shared_curve,11141.499945952504
1.0199026196136196,Non-Irrigated,2203.103851318363,20005,Corn,shared_curve,11141.499945952504
1.0244675604477713,Irrigated,2203.103851318363,20005,Corn,shared_curve,11126.694883900434
1.0244675604477713,Non-Irrigated,2203.103851318363,20005,Corn,shared_curve,11126.694883900434
1.0290325012819233,Irrigated,2203.103851318363,20005,Corn,shared_curve,11110.976876631777
1.0290325012819233,Non-Irrigated,2203.103851318363,20005,Corn,shared_curve,11110.976876631777
1.033597442116075,Irrigated,2203.103851318363,20005,Corn,shared_curve,11094.345924146526
1.033597442116075,Non-Irrigated,2203.103851318363,20005,Corn,shared_curve,11094.345924146526
1.038162382950227,Irrigated,2203.103851318363,20005,Corn,shared_curve,11076.802026444684
1.038162382950227,Non-Irrigated,2203.103851318363,20005,Corn,shared_curve,11076.802026444684
1.0427273237843786,Irrigated,2203.103851318363,20005,Corn,shared_curve,11058.345183526262
1.0427273237843786,Non-Irrigated,2203.103851318363,20005,Corn,shared_curve,11058.345183526262
1.0472922646185303,Irrigated,2203.103851318363,20005,Corn,shared_curve,11038.975395391246
1.0472922646185303,Non-Irrigated,2203.103851318363,20005,Corn,shared_curve,11038.975395391246
1.051857205452682,Irrigated,2203.103851318363,20005,Corn,shared_curve,11018.692662039639
1.051857205452682,Non-Irrigated,2203.103851318363,20005,Corn,shared_curve,11018.692662039639
1.0564221462868337,Irrigated,2203.103851318363,20005,Corn,shared_curve,10997.496983471445
1.0564221462868337,Non-Irrigated,2203.103851318363,20005,Corn,shared_curve,10997.496983471445
1.0609870871209854,Irrigated,2203.103851318363,20005,Corn,shared_curve,10975.38835968666
1.0609870871209854,Non-Irrigated,2203.103851318363,20005,Corn,shared_curve,10975.38835968666
1.0655520279551371,Irrigated,2203.103851318363,20005,Corn,shared_curve,10952.366790685284
1.0655520279551371,Non-Irrigated,2203.103851318363,20005,Corn,shared_curve,10952.366790685284
1.0701169687892889,Irrigated,2203.103851318363,20005,Corn,shared_curve,10928.432276467318
1.0701169687892889,Non-Irrigated,2203.103851318363,20005,Corn,shared_curve,10928.432276467318
1.0746819096234406,Irrigated,2203.103851318363,20005,Corn,shared_curve,10903.584817032772
1.0746819096234406,Non-Irrigated,2203.103851318363,20005,Corn,shared_curve,10903.584817032772
1.0792468504575925,Irrigated,2203.103851318363,20005,Corn,shared_curve,10877.824412381631
1.0792468504575925,Non-Irrigated,2203.103851318363,20005,Corn,shared_curve,10877.824412381631
1.0838117912917442,Irrigated,2203.103851318363,20005,Corn,shared_curve,10851.151062513896
1.0838117912917442,Non-Irrigated,2203.103851318363,20005,Corn,shared_curve,10851.151062513896
1.0883767321258961,Irrigated,2203.103851318363,20005,Corn,shared_curve,10823.564767429578
1.0883767321258961,Non-Irrigated,2203.103851318363,20005,Corn,shared_curve,10823.564767429578
1.0929416729600478,Irrigated,2203.103851318363,20005,Corn,shared_curve,10795.065527128676
1.0929416729600478,Non-Irrigated,2203.103851318363,20005,Corn,shared_curve,10795.065527128676
1.0975066137941996,Irrigated,2203.103851318363,20005,Corn,shared_curve,10765.653341611176
1.0975066137941996,Non-Irrigated,2203.103851318363,20005,Corn,shared_curve,10765.653341611176
1.1020715546283513,Irrigated,2203.103851318363,20005,Corn,shared_curve,10735.328210877089
1.1020715546283513,Non-Irrigated,2203.103851318363,20005,Corn,shared_curve,10735.328210877089
1.106636495462503,Irrigated,2203.103851318363,20005,Corn,shared_curve,10704.090134926411
1.106636495462503,Non-Irrigated,2203.103851318363,20005,Corn,shared_curve,10704.090134926411
1.1112014362966547,Irrigated,2203.103851318363,20005,Corn,shared_curve,10671.93911375915
1.1112014362966547,Non-Irrigated,2203.103851318363,20005,Corn,shared_curve,10671.93911375915
1.1157663771308064,Irrigated,2203.103851318363,20005,Corn,shared_curve,10638.875147375291
1.1157663771308064,Non-Irrigated,2203.103851318363,20005,Corn,shared_curve,10638.875147375291
1.120331317964958,Irrigated,2203.103851318363,20005,Corn,shared_curve,10604.898235774848
1.120331317964958,Non-Irrigated,2203.103851318363,20005,Corn,shared_curve,10604.898235774848
1.1248962587991098,Irrigated,2203.103851318363,20005,Corn,shared_curve,10570.008378957826
1.1248962587991098,Non-Irrigated,2203.103851318363,20005,Corn,shared_curve,10570.008378957826
1.1294611996332617,Irrigated,2203.103851318363,20005,Corn,shared_curve,10534.205576924194
1.1294611996332617,Non-Irrigated,2203.103851318363,20005,Corn,shared_curve,10534.205576924194
1.1340261404674135,Irrigated,2203.103851318363,20005,Corn,shared_curve,10497.489829673983
1.1340261404674135,Non-Irrigated,2203.103851318363,20005,Corn,shared_curve,10497.489829673983
1.1385910813015652,Irrigated,2203.103851318363,20005,Corn,shared_curve,10459.861137207185
1.1385910813015652,Non-Irrigated,2203.103851318363,20005,Corn,shared_curve,10459.861137207185
1.143156022135717,Irrigated,2203.103851318363,20005,Corn,shared_curve,10421.3194995238
1.143156022135717,Non-Irrigated,2203.103851318363,20005,Corn,shared_curve,10421.3194995238
1.1477209629698688,Irrigated,2203.103851318363,20005,Corn,shared_curve,10381.864916623823
1.1477209629698688,Non-Irrigated,2203.103851318363,20005,Corn,shared_curve,10381.864916623823
1.1522859038040205,Irrigated,2203.103851318363,20005,Corn,shared_curve,10341.497388507256
1.1522859038040205,Non-Irrigated,2203.103851318363,20005,Corn,shared_curve,10341.497388507256
1.1568508446381722,Irrigated,2203.103851318363,20005,Corn,shared_curve,10300.216915174095
1.1568508446381722,Non-Irrigated,2203.103851318363,20005,Corn,shared_curve,10300.216915174095
1.161415785472324,Irrigated,2203.103851318363,20005,Corn,shared_curve,10258.023496624353
1.161415785472324,Non-Irrigated,2203.103851318363,20005,Corn,shared_curve,10258.023496624353
1.1659807263064756,Irrigated,2203.103851318363,20005,Corn,shared_curve,10214.917132858014
1.1659807263064756,Non-Irrigated,2203.103851318363,20005,Corn,shared_curve,10214.917132858014
1.1705456671406274,Irrigated,2203.103851318363,20005,Corn,shared_curve,10170.897823875099
1.1705456671406274,Non-Irrigated,2203.103851318363,20005,Corn,shared_curve,10170.897823875099
1.175110607974779,Irrigated,2203.103851318363,20005,Corn,shared_curve,10125.965569675585
1.175110607974779,Non-Irrigated,2203.103851318363,20005,Corn,shared_curve,10125.965569675585
1.179675548808931,Irrigated,2203.103851318363,20005,Corn,shared_curve,10080.120370259478
1.179675548808931,Non-Irrigated,2203.103851318363,20005,Corn,shared_curve,10080.120370259478
1.1842404896430827,Irrigated,2203.103851318363,20005,Corn,shared_curve,10033.36222562679
1.1842404896430827,Non-Irrigated,2203.103851318363,20005,Corn,shared_curve,10033.36222562679
1.1888054304772344,Irrigated,2203.103851318363,20005,Corn,shared_curve,9985.691135777508
1.1888054304772344,Non-Irrigated,2203.103851318363,20005,Corn,shared_curve,9985.691135777508
1.1933703713113863,Irrigated,2203.103851318363,20005,Corn,shared_curve,9937.107100711639
1.1933703713113863,Non-Irrigated,2203.103851318363,20005,Corn,shared_curve,9937.107100711639
1.197935312145538,Irrigated,2203.103851318363,20005,Corn,shared_curve,9887.610120429179
1.197935312145538,Non-Irrigated,2203.103851318363,20005,Corn,shared_curve,9887.610120429179
1.2025002529796898,Irrigated,2203.103851318363,20005,Corn,shared_curve,9837.200194930136
1.2025002529796898,Non-Irrigated,2203.103851318363,20005,Corn,shared_curve,9837.200194930136
1.2070651938138415,Irrigated,2203.103851318363,20005,Corn,shared_curve,9785.877324214494
1.2070651938138415,Non-Irrigated,2203.103851318363,20005,Corn,shared_curve,9785.877324214494
1.2116301346479932,Irrigated,2203.103851318363,20005,Corn,shared_curve,9733.64150828227
1.2116301346479932,Non-Irrigated,2203.103851318363,20005,Corn,shared_curve,9733.64150828227
1.216195075482145,Irrigated,2203.103851318363,20005,Corn,shared_curve,9680.49274713345
1.216195075482145,Non-Irrigated,2203.103851318363,20005,Corn,shared_curve,9680.49274713345
1.2207600163162966,Irrigated,2203.103851318363,20005,Corn,shared_curve,9626.431040768055
1.2207600163162966,Non-Irrigated,2203.103851318363,20005,Corn,shared_curve,9626.431040768055
1.2253249571504483,Irrigated,2203.103851318363,20005,Corn,shared_curve,9571.456389186058
1.2253249571504483,Non-Irrigated,2203.103851318363,20005,Corn,shared_curve,9571.456389186058
1.2298898979846002,Irrigated,2203.103851318363,20005,Corn,shared_curve,9515.568792387478
1.2298898979846002,Non-Irrigated,2203.103851318363,20005,Corn,shared_curve,9515.568792387478
1.234454838818752,Irrigated,2203.103851318363,20005,Corn,shared_curve,9458.768250372303
1.234454838818752,Non-Irrigated,2203.103851318363,20005,Corn,shared_curve,9458.768250372303
1.2390197796529037,Irrigated,2203.103851318363,20005,Corn,shared_curve,9401.05476314054
1.2390197796529037,Non-Irrigated,2203.103851318363,20005,Corn,shared_curve,9401.05476314054
1.2435847204870556,Irrigated,2203.103851318363,20005,Corn,shared_curve,9342.428330692192
1.2435847204870556,Non-Irrigated,2203.103851318363,20005,Corn,shared_curve,9342.428330692192
1.2481496613212073,Irrigated,2203.103851318363,20005,Corn,shared_curve,9282.888953027255
1.2481496613212073,Non-Irrigated,2203.103851318363,20005,Corn,shared_curve,9282.888953027255
1.252714602155359,Irrigated,2203.103851318363,20005,Corn,shared_curve,9222.436630145725
1.252714602155359,Non-Irrigated,2203.103851318363,20005,Corn,shared_curve,9222.436630145725
1.2572795429895107,Irrigated,2203.103851318363,20005,Corn,shared_curve,9161.071362047607
1.2572795429895107,Non-Irrigated,2203.103851318363,20005,Corn,shared_curve,9161.071362047607
1.2618444838236624,Irrigated,2203.103851318363,20005,Corn,shared_curve,9098.793148732902
1.2618444838236624,Non-Irrigated,2203.103851318363,20005,Corn,shared_curve,9098.793148732902
1.2664094246578141,Irrigated,2203.103851318363,20005,Corn,shared_curve,9035.60199020161
1.2664094246578141,Non-Irrigated,2203.103851318363,20005,Corn,shared_curve,9035.60199020161
0.3579861986616161,Irrigated,2203.103851318363,20005,Corn,management_intercept,8296.925256692262
0.3579861986616161,Non-Irrigated,2203.103851318363,20005,Corn,management_intercept,5019.897067586029
0.36255113949576784,Irrigated,2203.103851318363,20005,Corn,management_intercept,8365.867071330737
0.36255113949576784,Non-Irrigated,2203.103851318363,20005,Corn,management_intercept,5088.838882224503
0.36711608032991955,Irrigated,2203.103851318363,20005,Corn,management_intercept,8434.205649055908
0.36711608032991955,Non-Irrigated,2203.103851318363,20005,Corn,management_intercept,5157.177459949675
0.3716810211640713,Irrigated,2203.103851318363,20005,Corn,management_intercept,8501.940989867777
0.3716810211640713,Non-Irrigated,2203.103851318363,20005,Corn,management_intercept,5224.912800761544
0.3762459619982231,Irrigated,2203.103851318363,20005,Corn,management_intercept,8569.07309376635
0.3762459619982231,Non-Irrigated,2203.103851318363,20005,Corn,management_intercept,5292.044904660117
0.38081090283237484,Irrigated,2203.103851318363,20005,Corn,management_intercept,8635.601960751617
0.38081090283237484,Non-Irrigated,2203.103851318363,20005,Corn,management_intercept,5358.573771645384
0.38537584366652655,Irrigated,2203.103851318363,20005,Corn,management_intercept,8701.527590823582
0.38537584366652655,Non-Irrigated,2203.103851318363,20005,Corn,management_intercept,5424.4994017173485
0.3899407845006783,Irrigated,2203.103851318363,20005,Corn,management_intercept,8766.849983982243
0.3899407845006783,Non-Irrigated,2203.103851318363,20005,Corn,management_intercept,5489.82179487601
0.3945057253348301,Irrigated,2203.103851318363,20005,Corn,management_intercept,8831.569140227606
0.3945057253348301,Non-Irrigated,2203.103851318363,20005,Corn,management_intercept,5554.540951121373
0.3990706661689818,Irrigated,2203.103851318363,20005,Corn,management_intercept,8895.685059559662
0.3990706661689818,Non-Irrigated,2203.103851318363,20005,Corn,management_intercept,5618.656870453429
0.40363560700313356,Irrigated,2203.103851318363,20005,Corn,management_intercept,8959.197741978423
0.40363560700313356,Non-Irrigated,2203.103851318363,20005,Corn,management_intercept,5682.16955287219
0.4082005478372853,Irrigated,2203.103851318363,20005,Corn,management_intercept,9022.107187483882
0.4082005478372853,Non-Irrigated,2203.103851318363,20005,Corn,management_intercept,5745.0789983776485
0.4127654886714371,Irrigated,2203.103851318363,20005,Corn,management_intercept,9084.413396076034
0.4127654886714371,Non-Irrigated,2203.103851318363,20005,Corn,management_intercept,5807.3852069698005
0.4173304295055888,Irrigated,2203.103851318363,20005,Corn,management_intercept,9146.116367754883
0.4173304295055888,Non-Irrigated,2203.103851318363,20005,Corn,management_intercept,5869.08817864865
0.42189537033974056,Irrigated,2203.103851318363,20005,Corn,management_intercept,9207.21610252043
0.42189537033974056,Non-Irrigated,2203.103851318363,20005,Corn,management_intercept,5930.187913414196
0.4264603111738923,Irrigated,2203.103851318363,20005,Corn,management_intercept,9267.712600372677
0.4264603111738923,Non-Irrigated,2203.103851318363,20005,Corn,management_intercept,5990.684411266444
0.4310252520080441,Irrigated,2203.103851318363,20005,Corn,management_intercept,9327.605861311626
0.4310252520080441,Non-Irrigated,2203.103851318363,20005,Corn,management_intercept,6050.577672205392
0.4355901928421958,Irrigated,2203.103851318363,20005,Corn,management_intercept,9386.895885337268
0.4355901928421958,Non-Irrigated,2203.103851318363,20005,Corn,management_intercept,6109.867696231035
0.44015513367634757,Irrigated,2203.103851318363,20005,Corn,management_intercept,9445.582672449611
0.44015513367634757,Non-Irrigated,2203.103851318363,20005,Corn,management_intercept,6168.554483343378
0.44472007451049933,Irrigated,2203.103851318363,20005,Corn,management_intercept,9503.666222648651
0.44472007451049933,Non-Irrigated,2203.103851318363,20005,Corn,management_intercept,6226.638033542418
0.44928501534465104,Irrigated,2203.103851318363,20005,Corn,management_intercept,9561.146535934386
0.44928501534465104,Non-Irrigated,2203.103851318363,20005,Corn,management_intercept,6284.118346828152
0.4538499561788028,Irrigated,2203.103851318363,20005,Corn,management_intercept,9618.02361230682
0.4538499561788028,Non-Irrigated,2203.103851318363,20005,Corn,management_intercept,6340.9954232005875
0.45841489701295457,Irrigated,2203.103851318363,20005,Corn,management_intercept,9674.297451765957
0.45841489701295457,Non-Irrigated,2203.103851318363,20005,Corn,management_intercept,6397.269262659724
0.4629798378471063,Irrigated,2203.103851318363,20005,Corn,management_intercept,9729.968054311787
0.4629798378471063,Non-Irrigated,2203.103851318363,20005,Corn,management_intercept,6452.939865205553
0.46754477868125804,Irrigated,2203.103851318363,20005,Corn,management_intercept,9785.03541994432
0.46754477868125804,Non-Irrigated,2203.103851318363,20005,Corn,management_intercept,6508.007230838088
0.4721097195154098,Irrigated,2203.103851318363,20005,Corn,management_intercept,9839.499548663545
0.4721097195154098,Non-Irrigated,2203.103851318363,20005,Corn,management_intercept,6562.471359557312
0.4766746603495616,Irrigated,2203.103851318363,20005,Corn,management_intercept,9893.36044046947
0.4766746603495616,Non-Irrigated,2203.103851318363,20005,Corn,management_intercept,6616.332251363237
0.48123960118371334,Irrigated,2203.103851318363,20005,Corn,management_intercept,9946.618095362093
0.48123960118371334,Non-Irrigated,2203.103851318363,20005,Corn,management_intercept,6669.58990625586
0.48580454201786505,Irrigated,2203.103851318363,20005,Corn,management_intercept,9999.272513341417
0.48580454201786505,Non-Irrigated,2203.103851318363,20005,Corn,management_intercept,6722.244324235184
0.4903694828520168,Irrigated,2203.103851318363,20005,Corn,management_intercept,10051.323694407438
0.4903694828520168,Non-Irrigated,2203.103851318363,20005,Corn,management_intercept,6774.295505301205
0.4949344236861686,Irrigated,2203.103851318363,20005,Corn,management_intercept,10102.771638560156
0.4949344236861686,Non-Irrigated,2203.103851318363,20005,Corn,management_intercept,6825.743449453923
0.4994993645203203,Irrigated,2203.103851318363,20005,Corn,management_intercept,10153.616345799572
0.4994993645203203,Non-Irrigated,2203.103851318363,20005,Corn,management_intercept,6876.5881566933385
0.504064305354472,Irrigated,2203.103851318363,20005,Corn,management_intercept,10203.857816125685
0.504064305354472,Non-Irrigated,2203.103851318363,20005,Corn,management_intercept,6926.829627019451
0.5086292461886238,Irrigated,2203.103851318363,20005,Corn,management_intercept,10253.496049538495
0.5086292461886238,Non-Irrigated,2203.103851318363,20005,Corn,management_intercept,6976.467860432262
0.5131941870227755,Irrigated,2203.103851318363,20005,Corn,management_intercept,10302.531046038006
0.5131941870227755,Non-Irrigated,2203.103851318363,20005,Corn,management_intercept,7025.502856931773
0.5177591278569273,Irrigated,2203.103851318363,20005,Corn,management_intercept,10350.962805624218
0.5177591278569273,Non-Irrigated,2203.103851318363,20005,Corn,management_intercept,7073.934616517985
0.5223240686910791,Irrigated,2203.103851318363,20005,Corn,management_intercept,10398.791328297124
0.5223240686910791,Non-Irrigated,2203.103851318363,20005,Corn,management_intercept,7121.763139190891
0.5268890095252308,Irrigated,2203.103851318363,20005,Corn,management_intercept,10446.016614056727
0.5268890095252308,Non-Irrigated,2203.103851318363,20005,Corn,management_intercept,7168.988424950494
0.5314539503593826,Irrigated,2203.103851318363,20005,Corn,management_intercept,10492.638662903028
0.5314539503593826,Non-Irrigated,2203.103851318363,20005,Corn,management_intercept,7215.610473796794
0.5360188911935343,Irrigated,2203.103851318363,20005,Corn,management_intercept,10538.657474836029
0.5360188911935343,Non-Irrigated,2203.103851318363,20005,Corn,management_intercept,7261.629285729796
0.5405838320276861,Irrigated,2203.103851318363,20005,Corn,management_intercept,10584.073049855728
0.5405838320276861,Non-Irrigated,2203.103851318363,20005,Corn,management_intercept,7307.044860749495
0.5451487728618378,Irrigated,2203.103851318363,20005,Corn,management_intercept,10628.885387962127
0.5451487728618378,Non-Irrigated,2203.103851318363,20005,Corn,management_intercept,7351.857198855894
0.5497137136959895,Irrigated,2203.103851318363,20005,Corn,management_intercept,10673.09448915522
0.5497137136959895,Non-Irrigated,2203.103851318363,20005,Corn,management_intercept,7396.066300048988
0.5542786545301412,Irrigated,2203.103851318363,20005,Corn,management_intercept,10716.700353435015
0.5542786545301412,Non-Irrigated,2203.103851318363,20005,Corn,management_intercept,7439.672164328782
0.5588435953642931,Irrigated,2203.103851318363,20005,Corn,management_intercept,10759.7029808015
0.5588435953642931,Non-Irrigated,2203.103851318363,20005,Corn,management_intercept,7482.674791695266
0.5634085361984448,Irrigated,2203.103851318363,20005,Corn,management_intercept,10802.102371254688
0.5634085361984448,Non-Irrigated,2203.103851318363,20005,Corn,management_intercept,7525.074182148455
0.5679734770325966,Irrigated,2203.103851318363,20005,Corn,management_intercept,10843.898524794575
0.5679734770325966,Non-Irrigated,2203.103851318363,20005,Corn,management_intercept,7566.870335688342
0.5725384178667483,Irrigated,2203.103851318363,20005,Corn,management_intercept,10885.091441421162
0.5725384178667483,Non-Irrigated,2203.103851318363,20005,Corn,management_intercept,7608.063252314929
0.5771033587009,Irrigated,2203.103851318363,20005,Corn,management_intercept,10925.681121134443
0.5771033587009,Non-Irrigated,2203.103851318363,20005,Corn,management_intercept,7648.65293202821
0.5816682995350517,Irrigated,2203.103851318363,20005,Corn,management_intercept,10965.667563934425
0.5816682995350517,Non-Irrigated,2203.103851318363,20005,Corn,management_intercept,7688.639374828192
0.5862332403692035,Irrigated,2203.103851318363,20005,Corn,management_intercept,11005.050769821104
0.5862332403692035,Non-Irrigated,2203.103851318363,20005,Corn,management_intercept,7728.022580714871
0.5907981812033553,Irrigated,2203.103851318363,20005,Corn,management_intercept,11043.83073879448
0.5907981812033553,Non-Irrigated,2203.103851318363,20005,Corn,management_intercept,7766.802549688247
0.5953631220375071,Irrigated,2203.103851318363,20005,Corn,management_intercept,11082.007470854558
0.5953631220375071,Non-Irrigated,2203.103851318363,20005,Corn,management_intercept,7804.979281748325
0.5999280628716588,Irrigated,2203.103851318363,20005,Corn,management_intercept,11119.58096600133
0.5999280628716588,Non-Irrigated,2203.103851318363,20005,Corn,management_intercept,7842.552776895096
0.6044930037058105,Irrigated,2203.103851318363,20005,Corn,management_intercept,11156.551224234798
0.6044930037058105,Non-Irrigated,2203.103851318363,20005,Corn,management_intercept,7879.5230351285645
0.6090579445399623,Irrigated,2203.103851318363,20005,Corn,management_intercept,11192.918245554967
0.6090579445399623,Non-Irrigated,2203.103851318363,20005,Corn,management_intercept,7915.890056448734
0.613622885374114,Irrigated,2203.103851318363,20005,Corn,management_intercept,11228.682029961834
0.613622885374114,Non-Irrigated,2203.103851318363,20005,Corn,management_intercept,7951.653840855601
0.6181878262082658,Irrigated,2203.103851318363,20005,Corn,management_intercept,11263.842577455398
0.6181878262082658,Non-Irrigated,2203.103851318363,20005,Corn,management_intercept,7986.814388349165
0.6227527670424176,Irrigated,2203.103851318363,20005,Corn,management_intercept,11298.39988803566
0.6227527670424176,Non-Irrigated,2203.103851318363,20005,Corn,management_intercept,8021.371698929426
0.6273177078765693,Irrigated,2203.103851318363,20005,Corn,management_intercept,11332.353961702622
0.6273177078765693,Non-Irrigated,2203.103851318363,20005,Corn,management_intercept,8055.325772596389
0.631882648710721,Irrigated,2203.103851318363,20005,Corn,management_intercept,11365.704798456281
0.631882648710721,Non-Irrigated,2203.103851318363,20005,Corn,management_intercept,8088.676609350048
0.6364475895448728,Irrigated,2203.103851318363,20005,Corn,management_intercept,11398.452398296642
0.6364475895448728,Non-Irrigated,2203.103851318363,20005,Corn,management_intercept,8121.424209190409
0.6410125303790246,Irrigated,2203.103851318363,20005,Corn,management_intercept,11430.596761223693
0.6410125303790246,Non-Irrigated,2203.103851318363,20005,Corn,management_intercept,8153.56857211746
0.6455774712131763,Irrigated,2203.103851318363,20005,Corn,management_intercept,11462.137887237448
0.6455774712131763,Non-Irrigated,2203.103851318363,20005,Corn,management_intercept,8185.109698131215
0.650142412047328,Irrigated,2203.103851318363,20005,Corn,management_intercept,11493.075776337897
0.650142412047328,Non-Irrigated,2203.103851318363,20005,Corn,management_intercept,8216.047587231664
0.6547073528814797,Irrigated,2203.103851318363,20005,Corn,management_intercept,11523.410428525047
0.6547073528814797,Non-Irrigated,2203.103851318363,20005,Corn,management_intercept,8246.382239418814
0.6592722937156315,Irrigated,2203.103851318363,20005,Corn,management_intercept,11553.141843798894
0.6592722937156315,Non-Irrigated,2203.103851318363,20005,Corn,management_intercept,8276.113654692661
0.6638372345497833,Irrigated,2203.103851318363,20005,Corn,management_intercept,11582.270022159442
0.6638372345497833,Non-Irrigated,2203.103851318363,20005,Corn,management_intercept,8305.24183305321
0.6684021753839351,Irrigated,2203.103851318363,20005,Corn,management_intercept,11610.794963606684
0.6684021753839351,Non-Irrigated,2203.103851318363,20005,Corn,management_intercept,8333.766774500451
0.6729671162180868,Irrigated,2203.103851318363,20005,Corn,management_intercept,11638.716668140627
0.6729671162180868,Non-Irrigated,2203.103851318363,20005,Corn,management_intercept,8361.688479034394
0.6775320570522385,Irrigated,2203.103851318363,20005,Corn,management_intercept,11666.035135761264
0.6775320570522385,Non-Irrigated,2203.103851318363,20005,Corn,management_intercept,8389.00694665503
0.6820969978863902,Irrigated,2203.103851318363,20005,Corn,management_intercept,11692.750366468601
0.6820969978863902,Non-Irrigated,2203.103851318363,20005,Corn,management_intercept,8415.722177362368
0.686661938720542,Irrigated,2203.103851318363,20005,Corn,management_intercept,11718.862360262643
0.686661938720542,Non-Irrigated,2203.103851318363,20005,Corn,management_intercept,8441.83417115641
0.6912268795546938,Irrigated,2203.103851318363,20005,Corn,management_intercept,11744.371117143375
0.6912268795546938,Non-Irrigated,2203.103851318363,20005,Corn,management_intercept,8467.342928037142
0.6957918203888456,Irrigated,2203.103851318363,20005,Corn,management_intercept,11769.276637110805
0.6957918203888456,Non-Irrigated,2203.103851318363,20005,Corn,management_intercept,8492.248448004571
0.7003567612229973,Irrigated,2203.103851318363,20005,Corn,management_intercept,11793.578920164931
0.7003567612229973,Non-Irrigated,2203.103851318363,20005,Corn,management_intercept,8516.550731058698
0.704921702057149,Irrigated,2203.103851318363,20005,Corn,management_intercept,11817.277966305759
0.704921702057149,Non-Irrigated,2203.103851318363,20005,Corn,management_intercept,8540.249777199526
0.7094866428913007,Irrigated,2203.103851318363,20005,Corn,management_intercept,11840.373775533284
0.7094866428913007,Non-Irrigated,2203.103851318363,20005,Corn,management_intercept,8563.34558642705
0.7140515837254525,Irrigated,2203.103851318363,20005,Corn,management_intercept,11862.866347847514
0.7140515837254525,Non-Irrigated,2203.103851318363,20005,Corn,management_intercept,8585.83815874128
0.7186165245596043,Irrigated,2203.103851318363,20005,Corn,management_intercept,11884.755683248433
0.7186165245596043,Non-Irrigated,2203.103851318363,20005,Corn,management_intercept,8607.7274941422
0.723181465393756,Irrigated,2203.103851318363,20005,Corn,management_intercept,11906.041781736054
0.723181465393756,Non-Irrigated,2203.103851318363,20005,Corn,management_intercept,8629.01359262982
0.7277464062279078,Irrigated,2203.103851318363,20005,Corn,management_intercept,11926.724643310372
0.7277464062279078,Non-Irrigated,2203.103851318363,20005,Corn,management_intercept,8649.696454204139
0.7323113470620595,Irrigated,2203.103851318363,20005,Corn,management_intercept,11946.804267971387
0.7323113470620595,Non-Irrigated,2203.103851318363,20005,Corn,management_intercept,8669.776078865154
0.7368762878962113,Irrigated,2203.103851318363,20005,Corn,management_intercept,11966.2806557191
0.7368762878962113,Non-Irrigated,2203.103851318363,20005,Corn,management_intercept,8689.252466612867
0.741441228730363,Irrigated,2203.103851318363,20005,Corn,management_intercept,11985.15380655351
0.741441228730363,Non-Irrigated,2203.103851318363,20005,Corn,management_intercept,8708.125617447276
0.7460061695645148,Irrigated,2203.103851318363,20005,Corn,management_intercept,12003.423720474624
0.7460061695645148,Non-Irrigated,2203.103851318363,20005,Corn,management_intercept,8726.395531368391
0.7505711103986665,Irrigated,2203.103851318363,20005,Corn,management_intercept,12021.090397482432
0.7505711103986665,Non-Irrigated,2203.103851318363,20005,Corn,management_intercept,8744.0622083762
0.7551360512328182,Irrigated,2203.103851318363,20005,Corn,management_intercept,12038.153837576938
0.7551360512328182,Non-Irrigated,2203.103851318363,20005,Corn,management_intercept,8761.125648470705
0.75970099206697,Irrigated,2203.103851318363,20005,Corn,management_intercept,12054.61404075814
0.75970099206697,Non-Irrigated,2203.103851318363,20005,Corn,management_intercept,8777.585851651907
0.7642659329011218,Irrigated,2203.103851318363,20005,Corn,management_intercept,12070.47100702604
0.7642659329011218,Non-Irrigated,2203.103851318363,20005,Corn,management_intercept,8793.442817919808
0.7688308737352736,Irrigated,2203.103851318363,20005,Corn,management_intercept,12085.724736380645
0.7688308737352736,Non-Irrigated,2203.103851318363,20005,Corn,management_intercept,8808.696547274412
0.7733958145694253,Irrigated,2203.103851318363,20005,Corn,management_intercept,12100.375228821944
0.7733958145694253,Non-Irrigated,2203.103851318363,20005,Corn,management_intercept,8823.34703971571
0.777960755403577,Irrigated,2203.103851318363,20005,Corn,management_intercept,12114.42248434994
0.777960755403577,Non-Irrigated,2203.103851318363,20005,Corn,management_intercept,8837.394295243706
0.7825256962377287,Irrigated,2203.103851318363,20005,Corn,management_intercept,12127.866502964636
0.7825256962377287,Non-Irrigated,2203.103851318363,20005,Corn,management_intercept,8850.838313858403
0.7870906370718805,Irrigated,2203.103851318363,20005,Corn,management_intercept,12140.707284666023
0.7870906370718805,Non-Irrigated,2203.103851318363,20005,Corn,management_intercept,8863.67909555979
0.7916555779060322,Irrigated,2203.103851318363,20005,Corn,management_intercept,12152.944829454114
0.7916555779060322,Non-Irrigated,2203.103851318363,20005,Corn,management_intercept,8875.916640347881
0.7962205187401841,Irrigated,2203.103851318363,20005,Corn,management_intercept,12164.579137328907
0.7962205187401841,Non-Irrigated,2203.103851318363,20005,Corn,management_intercept,8887.550948222673
0.8007854595743358,Irrigated,2203.103851318363,20005,Corn,management_intercept,12175.610208290393
0.8007854595743358,Non-Irrigated,2203.103851318363,20005,Corn,management_intercept,8898.58201918416
0.8053504004084875,Irrigated,2203.103851318363,20005,Corn,management_intercept,12186.03804233858
0.8053504004084875,Non-Irrigated,2203.103851318363,20005,Corn,management_intercept,8909.009853232346
0.8099153412426392,Irrigated,2203.103851318363,20005,Corn,management_intercept,12195.86263947346
0.8099153412426392,Non-Irrigated,2203.103851318363,20005,Corn,management_intercept,8918.834450367227
0.814480282076791,Irrigated,2203.103851318363,20005,Corn,management_intercept,12205.083999695038
0.814480282076791,Non-Irrigated,2203.103851318363,20005,Corn,management_intercept,8928.055810588805
0.8190452229109428,Irrigated,2203.103851318363,20005,Corn,management_intercept,12213.70212300332
0.8190452229109428,Non-Irrigated,2203.103851318363,20005,Corn,management_intercept,8936.673933897087
0.8236101637450945,Irrigated,2203.103851318363,20005,Corn,management_intercept,12221.717009398297
0.8236101637450945,Non-Irrigated,2203.103851318363,20005,Corn,management_intercept,8944.688820292064
0.8281751045792463,Irrigated,2203.103851318363,20005,Corn,management_intercept,12229.12865887997
0.8281751045792463,Non-Irrigated,2203.103851318363,20005,Corn,management_intercept,8952.100469773737
0.832740045413398,Irrigated,2203.103851318363,20005,Corn,management_intercept,12235.937071448345
0.832740045413398,Non-Irrigated,2203.103851318363,20005,Corn,management_intercept,8958.908882342112
0.8373049862475497,Irrigated,2203.103851318363,20005,Corn,management_intercept,12242.142247103417
0.8373049862475497,Non-Irrigated,2203.103851318363,20005,Corn,management_intercept,8965.114057997183
0.8418699270817015,Irrigated,2203.103851318363,20005,Corn,management_intercept,12247.744185845178
0.8418699270817015,Non-Irrigated,2203.103851318363,20005,Corn,management_intercept,8970.715996738945
0.8464348679158533,Irrigated,2203.103851318363,20005,Corn,management_intercept,12252.742887673645
0.8464348679158533,Non-Irrigated,2203.103851318363,20005,Corn,management_intercept,8975.714698567412
0.850999808750005,Irrigated,2203.103851318363,20005,Corn,management_intercept,12257.138352588809
0.850999808750005,Non-Irrigated,2203.103851318363,20005,Corn,management_intercept,8980.110163482575
0.8555647495841567,Irrigated,2203.103851318363,20005,Corn,management_intercept,12260.930580590677
0.8555647495841567,Non-Irrigated,2203.103851318363,20005,Corn,management_intercept,8983.902391484444
0.8601296904183086,Irrigated,2203.103851318363,20005,Corn,management_intercept,12264.119571679235
0.8601296904183086,Non-Irrigated,2203.103851318363,20005,Corn,management_intercept,8987.091382573002
0.8646946312524603,Irrigated,2203.103851318363,20005,Corn,management_intercept,12266.705325854495
0.8646946312524603,Non-Irrigated,2203.103851318363,20005,Corn,management_intercept,8989.677136748262
0.869259572086612,Irrigated,2203.103851318363,20005,Corn,management_intercept,12268.687843116451
0.869259572086612,Non-Irrigated,2203.103851318363,20005,Corn,management_intercept,8991.659654010218
0.8738245129207638,Irrigated,2203.103851318363,20005,Corn,management_intercept,12270.067123465102
0.8738245129207638,Non-Irrigated,2203.103851318363,20005,Corn,management_intercept,8993.038934358869
0.8783894537549155,Irrigated,2203.103851318363,20005,Corn,management_intercept,12270.843166900457
0.8783894537549155,Non-Irrigated,2203.103851318363,20005,Corn,management_intercept,8993.814977794224
0.8829543945890672,Irrigated,2203.103851318363,20005,Corn,management_intercept,12271.015973422509
0.8829543945890672,Non-Irrigated,2203.103851318363,20005,Corn,management_intercept,8993.987784316276
0.887519335423219,Irrigated,2203.103851318363,20005,Corn,management_intercept,12270.585543031259
0.887519335423219,Non-Irrigated,2203.103851318363,20005,Corn,management_intercept,8993.557353925025
0.8920842762573707,Irrigated,2203.103851318363,20005,Corn,management_intercept,12269.55187572671
0.8920842762573707,Non-Irrigated,2203.103851318363,20005,Corn,management_intercept,8992.523686620476
0.8966492170915225,Irrigated,2203.103851318363,20005,Corn,management_intercept,12267.914971508853
0.8966492170915225,Non-Irrigated,2203.103851318363,20005,Corn,management_intercept,8990.88678240262
0.9012141579256743,Irrigated,2203.103851318363,20005,Corn,management_intercept,12265.674830377691
0.9012141579256743,Non-Irrigated,2203.103851318363,20005,Corn,management_intercept,8988.646641271458
0.905779098759826,Irrigated,2203.103851318363,20005,Corn,management_intercept,12262.831452333237
0.905779098759826,Non-Irrigated,2203.103851318363,20005,Corn,management_intercept,8985.803263227004
0.9103440395939777,Irrigated,2203.103851318363,20005,Corn,management_intercept,12259.384837375474
0.9103440395939777,Non-Irrigated,2203.103851318363,20005,Corn,management_intercept,8982.35664826924
0.9149089804281295,Irrigated,2203.103851318363,20005,Corn,management_intercept,12255.334985504414
0.9149089804281295,Non-Irrigated,2203.103851318363,20005,Corn,management_intercept,8978.306796398181
0.9194739212622812,Irrigated,2203.103851318363,20005,Corn,management_intercept,12250.681896720052
0.9194739212622812,Non-Irrigated,2203.103851318363,20005,Corn,management_intercept,8973.65370761382
0.924038862096433,Irrigated,2203.103851318363,20005,Corn,management_intercept,12245.42557102238
0.924038862096433,Non-Irrigated,2203.103851318363,20005,Corn,management_intercept,8968.397381916147
0.9286038029305848,Irrigated,2203.103851318363,20005,Corn,management_intercept,12239.566008411413
0.9286038029305848,Non-Irrigated,2203.103851318363,20005,Corn,management_intercept,8962.53781930518
0.9331687437647365,Irrigated,2203.103851318363,20005,Corn,management_intercept,12233.103208887143
0.9331687437647365,Non-Irrigated,2203.103851318363,20005,Corn,management_intercept,8956.07501978091
0.9377336845988883,Irrigated,2203.103851318363,20005,Corn,management_intercept,12226.037172449574
0.9377336845988883,Non-Irrigated,2203.103851318363,20005,Corn,management_intercept,8949.008983343341
0.94229862543304,Irrigated,2203.103851318363,20005,Corn,management_intercept,12218.3678990987
0.94229862543304,Non-Irrigated,2203.103851318363,20005,Corn,management_intercept,8941.339709992466
0.9468635662671917,Irrigated,2203.103851318363,20005,Corn,management_intercept,12210.095388834525
0.9468635662671917,Non-Irrigated,2203.103851318363,20005,Corn,management_intercept,8933.067199728292
0.9514285071013435,Irrigated,2203.103851318363,20005,Corn,management_intercept,12201.219641657044
0.9514285071013435,Non-Irrigated,2203.103851318363,20005,Corn,management_intercept,8924.191452550811
0.9559934479354952,Irrigated,2203.103851318363,20005,Corn,management_intercept,12191.74065756626
0.9559934479354952,Non-Irrigated,2203.103851318363,20005,Corn,management_intercept,8914.712468460028
0.9605583887696469,Irrigated,2203.103851318363,20005,Corn,management_intercept,12181.658436562182
0.9605583887696469,Non-Irrigated,2203.103851318363,20005,Corn,management_intercept,8904.630247455949
0.9651233296037988,Irrigated,2203.103851318363,20005,Corn,management_intercept,12170.9729786448
0.9651233296037988,Non-Irrigated,2203.103851318363,20005,Corn,management_intercept,8893.944789538567
0.9696882704379505,Irrigated,2203.103851318363,20005,Corn,management_intercept,12159.684283814113
0.9696882704379505,Non-Irrigated,2203.103851318363,20005,Corn,management_intercept,8882.65609470788
0.9742532112721023,Irrigated,2203.103851318363,20005,Corn,management_intercept,12147.792352070122
0.9742532112721023,Non-Irrigated,2203.103851318363,20005,Corn,management_intercept,8870.76416296389
0.978818152106254,Irrigated,2203.103851318363,20005,Corn,management_intercept,12135.297183412833
0.978818152106254,Non-Irrigated,2203.103851318363,20005,Corn,management_intercept,8858.2689943066
0.9833830929404057,Irrigated,2203.103851318363,20005,Corn,management_intercept,12122.19877784224
0.9833830929404057,Non-Irrigated,2203.103851318363,20005,Corn,management_intercept,8845.170588736008
0.9879480337745575,Irrigated,2203.103851318363,20005,Corn,management_intercept,12108.497135358342
0.9879480337745575,Non-Irrigated,2203.103851318363,20005,Corn,management_intercept,8831.46894625211
0.9925129746087092,Irrigated,2203.103851318363,20005,Corn,management_intercept,12094.192255961148
0.9925129746087092,Non-Irrigated,2203.103851318363,20005,Corn,management_intercept,8817.164066854915
0.997077915442861,Irrigated,2203.103851318363,20005,Corn,management_intercept,12079.284139650648
0.997077915442861,Non-Irrigated,2203.103851318363,20005,Corn,management_intercept,8802.255950544415
1.0016428562770128,Irrigated,2203.103851318363,20005,Corn,management_intercept,12063.772786426853
1.0016428562770128,Non-Irrigated,2203.103851318363,20005,Corn,management_intercept,8786.74459732062
1.0062077971111645,Irrigated,2203.103851318363,20005,Corn,management_intercept,12047.65819628975
1.0062077971111645,Non-Irrigated,2203.103851318363,20005,Corn,management_intercept,8770.630007183518
1.0107727379453162,Irrigated,2203.103851318363,20005,Corn,management_intercept,12030.940369239346
1.0107727379453162,Non-Irrigated,2203.103851318363,20005,Corn,management_intercept,8753.912180133113
1.015337678779468,Irrigated,2203.103851318363,20005,Corn,management_intercept,12013.619305275643
1.015337678779468,Non-Irrigated,2203.103851318363,20005,Corn,management_intercept,8736.59111616941
1.0199026196136196,Irrigated,2203.103851318363,20005,Corn,management_intercept,11995.695004398636
1.0199026196136196,Non-Irrigated,2203.103851318363,20005,Corn,management_intercept,8718.666815292403
1.0244675604477713,Irrigated,2203.103851318363,20005,Corn,management_intercept,11977.167466608327
1.0244675604477713,Non-Irrigated,2203.103851318363,20005,Corn,management_intercept,8700.139277502094
1.0290325012819233,Irrigated,2203.103851318363,20005,Corn,management_intercept,11958.036691904716
1.0290325012819233,Non-Irrigated,2203.103851318363,20005,Corn,management_intercept,8681.008502798482
1.033597442116075,Irrigated,2203.103851318363,20005,Corn,management_intercept,11938.302680287801
1.033597442116075,Non-Irrigated,2203.103851318363,20005,Corn,management_intercept,8661.274491181568
1.038162382950227,Irrigated,2203.103851318363,20005,Corn,management_intercept,11917.965431757584
1.038162382950227,Non-Irrigated,2203.103851318363,20005,Corn,management_intercept,8640.937242651351
1.0427273237843786,Irrigated,2203.103851318363,20005,Corn,management_intercept,11897.024946314064
1.0427273237843786,Non-Irrigated,2203.103851318363,20005,Corn,management_intercept,8619.996757207831
1.0472922646185303,Irrigated,2203.103851318363,20005,Corn,management_intercept,11875.48122395725
1.0472922646185303,Non-Irrigated,2203.103851318363,20005,Corn,management_intercept,8598.453034851016
1.051857205452682,Irrigated,2203.103851318363,20005,Corn,management_intercept,11853.334264687124
1.051857205452682,Non-Irrigated,2203.103851318363,20005,Corn,management_intercept,8576.306075580891
1.0564221462868337,Irrigated,2203.103851318363,20005,Corn,management_intercept,11830.584068503704
1.0564221462868337,Non-Irrigated,2203.103851318363,20005,Corn,management_intercept,8553.55587939747
1.0609870871209854,Irrigated,2203.103851318363,20005,Corn,management_intercept,11807.23063540698
1.0609870871209854,Non-Irrigated,2203.103851318363,20005,Corn,management_intercept,8530.202446300747
1.0655520279551371,Irrigated,2203.103851318363,20005,Corn,management_intercept,11783.273965396951
1.0655520279551371,Non-Irrigated,2203.103851318363,20005,Corn,management_intercept,8506.245776290718
1.0701169687892889,Irrigated,2203.103851318363,20005,Corn,management_intercept,11758.714058473619
1.0701169687892889,Non-Irrigated,2203.103851318363,20005,Corn,management_intercept,8481.685869367386
1.0746819096234406,Irrigated,2203.103851318363,20005,Corn,management_intercept,11733.550914636988
1.0746819096234406,Non-Irrigated,2203.103851318363,20005,Corn,management_intercept,8456.522725530755
1.0792468504575925,Irrigated,2203.103851318363,20005,Corn,management_intercept,11707.784533887057
1.0792468504575925,Non-Irrigated,2203.103851318363,20005,Corn,management_intercept,8430.756344780824
1.0838117912917442,Irrigated,2203.103851318363,20005,Corn,management_intercept,11681.414916223821
1.0838117912917442,Non-Irrigated,2203.103851318363,20005,Corn,management_intercept,8404.386727117588
1.0883767321258961,Irrigated,2203.103851318363,20005,Corn,management_intercept,11654.442061647278
1.0883767321258961,Non-Irrigated,2203.103851318363,20005,Corn,management_intercept,8377.413872541045
1.0929416729600478,Irrigated,2203.103851318363,20005,Corn,management_intercept,11626.86597015744
1.0929416729600478,Non-Irrigated,2203.103851318363,20005,Corn,management_intercept,8349.837781051207
1.0975066137941996,Irrigated,2203.103851318363,20005,Corn,management_intercept,11598.686641754295
1.0975066137941996,Non-Irrigated,2203.103851318363,20005,Corn,management_intercept,8321.658452648062
1.1020715546283513,Irrigated,2203.103851318363,20005,Corn,management_intercept,11569.904076437862
1.1020715546283513,Non-Irrigated,2203.103851318363,20005,Corn,management_intercept,8292.87588733163
1.106636495462503,Irrigated,2203.103851318363,20005,Corn,management_intercept,11540.518274208116
1.106636495462503,Non-Irrigated,2203.103851318363,20005,Corn,management_intercept,8263.490085101883
1.1112014362966547,Irrigated,2203.103851318363,20005,Corn,management_intercept,11510.52923506507
1.1112014362966547,Non-Irrigated,2203.103851318363,20005,Corn,management_intercept,8233.501045958837
1.1157663771308064,Irrigated,2203.103851318363,20005,Corn,management_intercept,11479.936959008719
1.1157663771308064,Non-Irrigated,2203.103851318363,20005,Corn,management_intercept,8202.908769902486
1.120331317964958,Irrigated,2203.103851318363,20005,Corn,management_intercept,11448.741446039068
1.120331317964958,Non-Irrigated,2203.103851318363,20005,Corn,management_intercept,8171.713256932835
1.1248962587991098,Irrigated,2203.103851318363,20005,Corn,management_intercept,11416.942696156118
1.1248962587991098,Non-Irrigated,2203.103851318363,20005,Corn,management_intercept,8139.914507049885
1.1294611996332617,Irrigated,2203.103851318363,20005,Corn,management_intercept,11384.540709359855
1.1294611996332617,Non-Irrigated,2203.103851318363,20005,Corn,management_intercept,8107.512520253622
1.1340261404674135,Irrigated,2203.103851318363,20005,Corn,management_intercept,11351.535485650296
1.1340261404674135,Non-Irrigated,2203.103851318363,20005,Corn,management_intercept,8074.507296544063
1.1385910813015652,Irrigated,2203.103851318363,20005,Corn,management_intercept,11317.927025027439
1.1385910813015652,Non-Irrigated,2203.103851318363,20005,Corn,management_intercept,8040.898835921205
1.143156022135717,Irrigated,2203.103851318363,20005,Corn,management_intercept,11283.715327491278
1.143156022135717,Non-Irrigated,2203.103851318363,20005,Corn,management_intercept,8006.687138385045
1.1477209629698688,Irrigated,2203.103851318363,20005,Corn,management_intercept,11248.900393041818
1.1477209629698688,Non-Irrigated,2203.103851318363,20005,Corn,management_intercept,7971.872203935585
1.1522859038040205,Irrigated,2203.103851318363,20005,Corn,management_intercept,11213.482221679053
1.1522859038040205,Non-Irrigated,2203.103851318363,20005,Corn,management_intercept,7936.454032572819
1.1568508446381722,Irrigated,2203.103851318363,20005,Corn,management_intercept,11177.460813402984
1.1568508446381722,Non-Irrigated,2203.103851318363,20005,Corn,management_intercept,7900.432624296751
1.161415785472324,Irrigated,2203.103851318363,20005,Corn,management_intercept,11140.836168213616
1.161415785472324,Non-Irrigated,2203.103851318363,20005,Corn,management_intercept,7863.807979107383
1.1659807263064756,Irrigated,2203.103851318363,20005,Corn,management_intercept,11103.608286110946
1.1659807263064756,Non-Irrigated,2203.103851318363,20005,Corn,management_intercept,7826.580097004713
1.1705456671406274,Irrigated,2203.103851318363,20005,Corn,management_intercept,11065.777167094973
1.1705456671406274,Non-Irrigated,2203.103851318363,20005,Corn,management_intercept,7788.74897798874
1.175110607974779,Irrigated,2203.103851318363,20005,Corn,management_intercept,11027.342811165701
1.175110607974779,Non-Irrigated,2203.103851318363,20005,Corn,management_intercept,7750.314622059468
1.179675548808931,Irrigated,2203.103851318363,20005,Corn,management_intercept,10988.305218323123
1.179675548808931,Non-Irrigated,2203.103851318363,20005,Corn,management_intercept,7711.27702921689
1.1842404896430827,Irrigated,2203.103851318363,20005,Corn,management_intercept,10948.664388567246
1.1842404896430827,Non-Irrigated,2203.103851318363,20005,Corn,management_intercept,7671.636199461012
1.1888054304772344,Irrigated,2203.103851318363,20005,Corn,management_intercept,10908.420321898066
1.1888054304772344,Non-Irrigated,2203.103851318363,20005,Corn,management_intercept,7631.392132791832
1.1933703713113863,Irrigated,2203.103851318363,20005,Corn,management_intercept,10867.573018315583
1.1933703713113863,Non-Irrigated,2203.103851318363,20005,Corn,management_intercept,7590.54482920935
1.197935312145538,Irrigated,2203.103851318363,20005,Corn,management_intercept,10826.122477819797
1.197935312145538,Non-Irrigated,2203.103851318363,20005,Corn,management_intercept,7549.094288713564
1.2025002529796898,Irrigated,2203.103851318363,20005,Corn,management_intercept,10784.068700410713
1.2025002529796898,Non-Irrigated,2203.103851318363,20005,Corn,management_intercept,7507.04051130448
1.2070651938138415,Irrigated,2203.103851318363,20005,Corn,management_intercept,10741.411686088326
1.2070651938138415,Non-Irrigated,2203.103851318363,20005,Corn,management_intercept,7464.383496982093
1.2116301346479932,Irrigated,2203.103851318363,20005,Corn,management_intercept,10698.151434852636
1.2116301346479932,Non-Irrigated,2203.103851318363,20005,Corn,management_intercept,7421.123245746403
1.216195075482145,Irrigated,2203.103851318363,20005,Corn,management_intercept,10654.28794670364
1.216195075482145,Non-Irrigated,2203.103851318363,20005,Corn,management_intercept,7377.259757597407
1.2207600163162966,Irrigated,2203.103851318363,20005,Corn,management_intercept,10609.821221641349
1.2207600163162966,Non-Irrigated,2203.103851318363,20005,Corn,management_intercept,7332.793032535115
1.2253249571504483,Irrigated,2203.103851318363,20005,Corn,management_intercept,10564.75125966575
1.2253249571504483,Non-Irrigated,2203.103851318363,20005,Corn,management_intercept,7287.7230705595175
1.2298898979846002,Irrigated,2203.103851318363,20005,Corn,management_intercept,10519.078060776854
1.2298898979846002,Non-Irrigated,2203.103851318363,20005,Corn,management_intercept,7242.049871670621
1.234454838818752,Irrigated,2203.103851318363,20005,Corn,management_intercept,10472.801624974654
1.234454838818752,Non-Irrigated,2203.103851318363,20005,Corn,management_intercept,7195.773435868421
1.2390197796529037,Irrigated,2203.103851318363,20005,Corn,management_intercept,10425.921952259152
1.2390197796529037,Non-Irrigated,2203.103851318363,20005,Corn,management_intercept,7148.893763152919
1.2435847204870556,Irrigated,2203.103851318363,20005,Corn,management_intercept,10378.439042630347
1.2435847204870556,Non-Irrigated,2203.103851318363,20005,Corn,management_intercept,7101.410853524114
1.2481496613212073,Irrigated,2203.103851318363,20005,Corn,management_intercept,10330.352896088243
1.2481496613212073,Non-Irrigated,2203.103851318363,20005,Corn,management_intercept,7053.32470698201
1.252714602155359,Irrigated,2203.103851318363,20005,Corn,management_intercept,10281.663512632837
1.252714602155359,Non-Irrigated,2203.103851318363,20005,Corn,management_intercept,7004.635323526603
1.2572795429895107,Irrigated,2203.103851318363,20005,Corn,management_intercept,10232.370892264127
1.2572795429895107,Non-Irrigated,2203.103851318363,20005,Corn,management_intercept,6955.342703157894
1.2618444838236624,Irrigated,2203.103851318363,20005,Corn,management_intercept,10182.475034982115
1.2618444838236624,Non-Irrigated,2203.103851318363,20005,Corn,management_intercept,6905.446845875882
1.2664094246578141,Irrigated,2203.103851318363,20005,Corn,management_intercept,10131.9759407868
1.2664094246578141,Non-Irrigated,2203.103851318363,20005,Corn,management_intercept,6854.947751680567
0.3579861986616161,Irrigated,2203.103851318363,20005,Corn,management_curve,12506.50037233213
0.3579861986616161,Non-Irrigated,2203.103851318363,20005,Corn,management_curve,4756.142563910362
0.36255113949576784,Irrigated,2203.103851318363,20005,Corn,management_curve,12504.96429617552
0.36255113949576784,Non-Irrigated,2203.103851318363,20005,Corn,management_curve,4827.266998344665
0.36711608032991955,Irrigated,2203.103851318363,20005,Corn,management_curve,12503.37316088215
0.36711608032991955,Non-Irrigated,2203.103851318363,20005,Corn,management_curve,4897.8058352991575
0.3716810211640713,Irrigated,2203.103851318363,20005,Corn,management_curve,12501.72696645203
0.3716810211640713,Non-Irrigated,2203.103851318363,20005,Corn,management_curve,4967.759074773858
0.3762459619982231,Irrigated,2203.103851318363,20005,Corn,management_curve,12500.025712885144
0.3762459619982231,Non-Irrigated,2203.103851318363,20005,Corn,management_curve,5037.126716768747
0.38081090283237484,Irrigated,2203.103851318363,20005,Corn,management_curve,12498.269400181505
0.38081090283237484,Non-Irrigated,2203.103851318363,20005,Corn,management_curve,5105.908761283841
0.38537584366652655,Irrigated,2203.103851318363,20005,Corn,management_curve,12496.458028341101
0.38537584366652655,Non-Irrigated,2203.103851318363,20005,Corn,management_curve,5174.105208319124
0.3899407845006783,Irrigated,2203.103851318363,20005,Corn,management_curve,12494.591597363938
0.3899407845006783,Non-Irrigated,2203.103851318363,20005,Corn,management_curve,5241.716057874608
0.3945057253348301,Irrigated,2203.103851318363,20005,Corn,management_curve,12492.670107250022
0.3945057253348301,Non-Irrigated,2203.103851318363,20005,Corn,management_curve,5308.741309950292
0.3990706661689818,Irrigated,2203.103851318363,20005,Corn,management_curve,12490.693557999342
0.3990706661689818,Non-Irrigated,2203.103851318363,20005,Corn,management_curve,5375.180964546165
0.40363560700313356,Irrigated,2203.103851318363,20005,Corn,management_curve,12488.66194961191
0.40363560700313356,Non-Irrigated,2203.103851318363,20005,Corn,management_curve,5441.035021662243
0.4082005478372853,Irrigated,2203.103851318363,20005,Corn,management_curve,12486.575282087717
0.4082005478372853,Non-Irrigated,2203.103851318363,20005,Corn,management_curve,5506.303481298513
0.4127654886714371,Irrigated,2203.103851318363,20005,Corn,management_curve,12484.433555426767
0.4127654886714371,Non-Irrigated,2203.103851318363,20005,Corn,management_curve,5570.986343454988
0.4173304295055888,Irrigated,2203.103851318363,20005,Corn,management_curve,12482.236769629058
0.4173304295055888,Non-Irrigated,2203.103851318363,20005,Corn,management_curve,5635.083608131652
0.42189537033974056,Irrigated,2203.103851318363,20005,Corn,management_curve,12479.984924694589
0.42189537033974056,Non-Irrigated,2203.103851318363,20005,Corn,management_curve,5698.595275328516
0.4264603111738923,Irrigated,2203.103851318363,20005,Corn,management_curve,12477.678020623362
0.4264603111738923,Non-Irrigated,2203.103851318363,20005,Corn,management_curve,5761.521345045578
0.4310252520080441,Irrigated,2203.103851318363,20005,Corn,management_curve,12475.316057415368
0.4310252520080441,Non-Irrigated,2203.103851318363,20005,Corn,management_curve,5823.861817282832
0.4355901928421958,Irrigated,2203.103851318363,20005,Corn,management_curve,12472.89903507063
0.4355901928421958,Non-Irrigated,2203.103851318363,20005,Corn,management_curve,5885.61669204029
0.44015513367634757,Irrigated,2203.103851318363,20005,Corn,management_curve,12470.426953589127
0.44015513367634757,Non-Irrigated,2203.103851318363,20005,Corn,management_curve,5946.785969317942
0.44472007451049933,Irrigated,2203.103851318363,20005,Corn,management_curve,12467.899812970863
0.44472007451049933,Non-Irrigated,2203.103851318363,20005,Corn,management_curve,6007.369649115793
0.44928501534465104,Irrigated,2203.103851318363,20005,Corn,management_curve,12465.31761321585
0.44928501534465104,Non-Irrigated,2203.103851318363,20005,Corn,management_curve,6067.367731433842
0.4538499561788028,Irrigated,2203.103851318363,20005,Corn,management_curve,12462.680354324062
0.4538499561788028,Non-Irrigated,2203.103851318363,20005,Corn,management_curve,6126.78021627208
0.45841489701295457,Irrigated,2203.103851318363,20005,Corn,management_curve,12459.988036295528
0.45841489701295457,Non-Irrigated,2203.103851318363,20005,Corn,management_curve,6185.607103630526
0.4629798378471063,Irrigated,2203.103851318363,20005,Corn,management_curve,12457.24065913023
0.4629798378471063,Non-Irrigated,2203.103851318363,20005,Corn,management_curve,6243.848393509161
0.46754477868125804,Irrigated,2203.103851318363,20005,Corn,management_curve,12454.438222828181
0.46754477868125804,Non-Irrigated,2203.103851318363,20005,Corn,management_curve,6301.504085908
0.4721097195154098,Irrigated,2203.103851318363,20005,Corn,management_curve,12451.580727389372
0.4721097195154098,Non-Irrigated,2203.103851318363,20005,Corn,management_curve,6358.574180827032
0.4766746603495616,Irrigated,2203.103851318363,20005,Corn,management_curve,12448.668172813796
0.4766746603495616,Non-Irrigated,2203.103851318363,20005,Corn,management_curve,6415.058678266261
0.48123960118371334,Irrigated,2203.103851318363,20005,Corn,management_curve,12445.700559101468
0.48123960118371334,Non-Irrigated,2203.103851318363,20005,Corn,management_curve,6470.957578225691
0.48580454201786505,Irrigated,2203.103851318363,20005,Corn,management_curve,12442.677886252375
0.48580454201786505,Non-Irrigated,2203.103851318363,20005,Corn,management_curve,6526.2708807053095
0.4903694828520168,Irrigated,2203.103851318363,20005,Corn,management_curve,12439.600154266538
0.4903694828520168,Non-Irrigated,2203.103851318363,20005,Corn,management_curve,6580.998585705136
0.4949344236861686,Irrigated,2203.103851318363,20005,Corn,management_curve,12436.467363143927
0.4949344236861686,Non-Irrigated,2203.103851318363,20005,Corn,management_curve,6635.140693225152
0.4994993645203203,Irrigated,2203.103851318363,20005,Corn,management_curve,12433.279512884565
0.4994993645203203,Non-Irrigated,2203.103851318363,20005,Corn,management_curve,6688.697203265368
0.504064305354472,Irrigated,2203.103851318363,20005,Corn,management_curve,12430.036603488445
0.504064305354472,Non-Irrigated,2203.103851318363,20005,Corn,management_curve,6741.668115825782
0.5086292461886238,Irrigated,2203.103851318363,20005,Corn,management_curve,12426.738634955564
0.5086292461886238,Non-Irrigated,2203.103851318363,20005,Corn,management_curve,6794.053430906391
0.5131941870227755,Irrigated,2203.103851318363,20005,Corn,management_curve,12423.385607285933
0.5131941870227755,Non-Irrigated,2203.103851318363,20005,Corn,management_curve,6845.853148507202
0.5177591278569273,Irrigated,2203.103851318363,20005,Corn,management_curve,12419.977520479526
0.5177591278569273,Non-Irrigated,2203.103851318363,20005,Corn,management_curve,6897.067268628201
0.5223240686910791,Irrigated,2203.103851318363,20005,Corn,management_curve,12416.514374536377
0.5223240686910791,Non-Irrigated,2203.103851318363,20005,Corn,management_curve,6947.695791269409
0.5268890095252308,Irrigated,2203.103851318363,20005,Corn,management_curve,12412.99616945646
0.5268890095252308,Non-Irrigated,2203.103851318363,20005,Corn,management_curve,6997.738716430806
0.5314539503593826,Irrigated,2203.103851318363,20005,Corn,management_curve,12409.422905239786
0.5314539503593826,Non-Irrigated,2203.103851318363,20005,Corn,management_curve,7047.196044112399
0.5360188911935343,Irrigated,2203.103851318363,20005,Corn,management_curve,12405.794581886359
0.5360188911935343,Non-Irrigated,2203.103851318363,20005,Corn,management_curve,7096.067774314193
0.5405838320276861,Irrigated,2203.103851318363,20005,Corn,management_curve,12402.111199396168
0.5405838320276861,Non-Irrigated,2203.103851318363,20005,Corn,management_curve,7144.353907036184
0.5451487728618378,Irrigated,2203.103851318363,20005,Corn,management_curve,12398.372757769223
0.5451487728618378,Non-Irrigated,2203.103851318363,20005,Corn,management_curve,7192.054442278371
0.5497137136959895,Irrigated,2203.103851318363,20005,Corn,management_curve,12394.579257005513
0.5497137136959895,Non-Irrigated,2203.103851318363,20005,Corn,management_curve,7239.169380040756
0.5542786545301412,Irrigated,2203.103851318363,20005,Corn,management_curve,12390.730697105051
0.5542786545301412,Non-Irrigated,2203.103851318363,20005,Corn,management_curve,7285.698720323337
0.5588435953642931,Irrigated,2203.103851318363,20005,Corn,management_curve,12386.827078067823
0.5588435953642931,Non-Irrigated,2203.103851318363,20005,Corn,management_curve,7331.642463126114
0.5634085361984448,Irrigated,2203.103851318363,20005,Corn,management_curve,12382.868399893843
0.5634085361984448,Non-Irrigated,2203.103851318363,20005,Corn,management_curve,7377.000608449089
0.5679734770325966,Irrigated,2203.103851318363,20005,Corn,management_curve,12378.854662583104
0.5679734770325966,Non-Irrigated,2203.103851318363,20005,Corn,management_curve,7421.773156292264
0.5725384178667483,Irrigated,2203.103851318363,20005,Corn,management_curve,12374.7858661356
0.5725384178667483,Non-Irrigated,2203.103851318363,20005,Corn,management_curve,7465.9601066556315
0.5771033587009,Irrigated,2203.103851318363,20005,Corn,management_curve,12370.662010551343
0.5771033587009,Non-Irrigated,2203.103851318363,20005,Corn,management_curve,7509.5614595392
0.5816682995350517,Irrigated,2203.103851318363,20005,Corn,management_curve,12366.483095830336
0.5816682995350517,Non-Irrigated,2203.103851318363,20005,Corn,management_curve,7552.577214942969
0.5862332403692035,Irrigated,2203.103851318363,20005,Corn,management_curve,12362.249121972562
0.5862332403692035,Non-Irrigated,2203.103851318363,20005,Corn,management_curve,7595.00737286693
0.5907981812033553,Irrigated,2203.103851318363,20005,Corn,management_curve,12357.960088978029
0.5907981812033553,Non-Irrigated,2203.103851318363,20005,Corn,management_curve,7636.851933311089
0.5953631220375071,Irrigated,2203.103851318363,20005,Corn,management_curve,12353.615996846736
0.5953631220375071,Non-Irrigated,2203.103851318363,20005,Corn,management_curve,7678.110896275444
0.5999280628716588,Irrigated,2203.103851318363,20005,Corn,management_curve,12349.216845578685
0.5999280628716588,Non-Irrigated,2203.103851318363,20005,Corn,management_curve,7718.78426176
0.6044930037058105,Irrigated,2203.103851318363,20005,Corn,management_curve,12344.762635173876
0.6044930037058105,Non-Irrigated,2203.103851318363,20005,Corn,management_curve,7758.872029764749
0.6090579445399623,Irrigated,2203.103851318363,20005,Corn,management_curve,12340.253365632314
0.6090579445399623,Non-Irrigated,2203.103851318363,20005,Corn,management_curve,7798.374200289698
0.613622885374114,Irrigated,2203.103851318363,20005,Corn,management_curve,12335.689036953987
0.613622885374114,Non-Irrigated,2203.103851318363,20005,Corn,management_curve,7837.29077333484
0.6181878262082658,Irrigated,2203.103851318363,20005,Corn,management_curve,12331.069649138904
0.6181878262082658,Non-Irrigated,2203.103851318363,20005,Corn,management_curve,7875.6217489001865
0.6227527670424176,Irrigated,2203.103851318363,20005,Corn,management_curve,12326.395202187061
0.6227527670424176,Non-Irrigated,2203.103851318363,20005,Corn,management_curve,7913.367126985722
0.6273177078765693,Irrigated,2203.103851318363,20005,Corn,management_curve,12321.665696098456
0.6273177078765693,Non-Irrigated,2203.103851318363,20005,Corn,management_curve,7950.526907591458
0.631882648710721,Irrigated,2203.103851318363,20005,Corn,management_curve,12316.881130873102
0.631882648710721,Non-Irrigated,2203.103851318363,20005,Corn,management_curve,7987.101090717391
0.6364475895448728,Irrigated,2203.103851318363,20005,Corn,management_curve,12312.04150651098
0.6364475895448728,Non-Irrigated,2203.103851318363,20005,Corn,management_curve,8023.089676363521
0.6410125303790246,Irrigated,2203.103851318363,20005,Corn,management_curve,12307.146823012103
0.6410125303790246,Non-Irrigated,2203.103851318363,20005,Corn,management_curve,8058.492664529851
0.6455774712131763,Irrigated,2203.103851318363,20005,Corn,management_curve,12302.19708037647
0.6455774712131763,Non-Irrigated,2203.103851318363,20005,Corn,management_curve,8093.310055216374
0.650142412047328,Irrigated,2203.103851318363,20005,Corn,management_curve,12297.192278604074
0.650142412047328,Non-Irrigated,2203.103851318363,20005,Corn,management_curve,8127.541848423094
0.6547073528814797,Irrigated,2203.103851318363,20005,Corn,management_curve,12292.132417694927
0.6547073528814797,Non-Irrigated,2203.103851318363,20005,Corn,management_curve,8161.188044150018
0.6592722937156315,Irrigated,2203.103851318363,20005,Corn,management_curve,12287.017497649013
0.6592722937156315,Non-Irrigated,2203.103851318363,20005,Corn,management_curve,8194.248642397131
0.6638372345497833,Irrigated,2203.103851318363,20005,Corn,management_curve,12281.847518466353
0.6638372345497833,Non-Irrigated,2203.103851318363,20005,Corn,management_curve,8226.723643164449
0.6684021753839351,Irrigated,2203.103851318363,20005,Corn,management_curve,12276.622480146916
0.6684021753839351,Non-Irrigated,2203.103851318363,20005,Corn,management_curve,8258.613046451956
0.6729671162180868,Irrigated,2203.103851318363,20005,Corn,management_curve,12271.342382690738
0.6729671162180868,Non-Irrigated,2203.103851318363,20005,Corn,management_curve,8289.91685225967
0.6775320570522385,Irrigated,2203.103851318363,20005,Corn,management_curve,12266.007226097792
0.6775320570522385,Non-Irrigated,2203.103851318363,20005,Corn,management_curve,8320.635060587574
0.6820969978863902,Irrigated,2203.103851318363,20005,Corn,management_curve,12260.617010368089
0.6820969978863902,Non-Irrigated,2203.103851318363,20005,Corn,management_curve,8350.767671435675
0.686661938720542,Irrigated,2203.103851318363,20005,Corn,management_curve,12255.171735501634
0.686661938720542,Non-Irrigated,2203.103851318363,20005,Corn,management_curve,8380.314684803976
0.6912268795546938,Irrigated,2203.103851318363,20005,Corn,management_curve,12249.671401498406
0.6912268795546938,Non-Irrigated,2203.103851318363,20005,Corn,management_curve,8409.276100692467
0.6957918203888456,Irrigated,2203.103851318363,20005,Corn,management_curve,12244.116008358431
0.6957918203888456,Non-Irrigated,2203.103851318363,20005,Corn,management_curve,8437.651919101165
0.7003567612229973,Irrigated,2203.103851318363,20005,Corn,management_curve,12238.50555608169
0.7003567612229973,Non-Irrigated,2203.103851318363,20005,Corn,management_curve,8465.442140030053
0.704921702057149,Irrigated,2203.103851318363,20005,Corn,management_curve,12232.8400446682
0.704921702057149,Non-Irrigated,2203.103851318363,20005,Corn,management_curve,8492.64676347914
0.7094866428913007,Irrigated,2203.103851318363,20005,Corn,management_curve,12227.11947411795
0.7094866428913007,Non-Irrigated,2203.103851318363,20005,Corn,management_curve,8519.265789448433
0.7140515837254525,Irrigated,2203.103851318363,20005,Corn,management_curve,12221.343844430936
0.7140515837254525,Non-Irrigated,2203.103851318363,20005,Corn,management_curve,8545.29921793791
0.7186165245596043,Irrigated,2203.103851318363,20005,Corn,management_curve,12215.513155607166
0.7186165245596043,Non-Irrigated,2203.103851318363,20005,Corn,management_curve,8570.747048947593
0.723181465393756,Irrigated,2203.103851318363,20005,Corn,management_curve,12209.627407646632
0.723181465393756,Non-Irrigated,2203.103851318363,20005,Corn,management_curve,8595.609282477464
0.7277464062279078,Irrigated,2203.103851318363,20005,Corn,management_curve,12203.686600549347
0.7277464062279078,Non-Irrigated,2203.103851318363,20005,Corn,management_curve,8619.88591852754
0.7323113470620595,Irrigated,2203.103851318363,20005,Corn,management_curve,12197.690734315302
0.7323113470620595,Non-Irrigated,2203.103851318363,20005,Corn,management_curve,8643.576957097812
0.7368762878962113,Irrigated,2203.103851318363,20005,Corn,management_curve,12191.6398089445
0.7368762878962113,Non-Irrigated,2203.103851318363,20005,Corn,management_curve,8666.682398188277
0.741441228730363,Irrigated,2203.103851318363,20005,Corn,management_curve,12185.533824436938
0.741441228730363,Non-Irrigated,2203.103851318363,20005,Corn,management_curve,8689.202241798946
0.7460061695645148,Irrigated,2203.103851318363,20005,Corn,management_curve,12179.372780792615
0.7460061695645148,Non-Irrigated,2203.103851318363,20005,Corn,management_curve,8711.136487929809
0.7505711103986665,Irrigated,2203.103851318363,20005,Corn,management_curve,12173.156678011543
0.7505711103986665,Non-Irrigated,2203.103851318363,20005,Corn,management_curve,8732.485136580872
0.7551360512328182,Irrigated,2203.103851318363,20005,Corn,management_curve,12166.885516093702
0.7551360512328182,Non-Irrigated,2203.103851318363,20005,Corn,management_curve,8753.248187752128
0.75970099206697,Irrigated,2203.103851318363,20005,Corn,management_curve,12160.559295039096
0.75970099206697,Non-Irrigated,2203.103851318363,20005,Corn,management_curve,8773.425641443577
0.7642659329011218,Irrigated,2203.103851318363,20005,Corn,management_curve,12154.178014847752
0.7642659329011218,Non-Irrigated,2203.103851318363,20005,Corn,management_curve,8793.017497655233
0.7688308737352736,Irrigated,2203.103851318363,20005,Corn,management_curve,12147.741675519641
0.7688308737352736,Non-Irrigated,2203.103851318363,20005,Corn,management_curve,8812.023756387083
0.7733958145694253,Irrigated,2203.103851318363,20005,Corn,management_curve,12141.250277054765
0.7733958145694253,Non-Irrigated,2203.103851318363,20005,Corn,management_curve,8830.444417639126
0.777960755403577,Irrigated,2203.103851318363,20005,Corn,management_curve,12134.70381945313
0.777960755403577,Non-Irrigated,2203.103851318363,20005,Corn,management_curve,8848.27948141137
0.7825256962377287,Irrigated,2203.103851318363,20005,Corn,management_curve,12128.102302714738
0.7825256962377287,Non-Irrigated,2203.103851318363,20005,Corn,management_curve,8865.528947703806
0.7870906370718805,Irrigated,2203.103851318363,20005,Corn,management_curve,12121.445726839596
0.7870906370718805,Non-Irrigated,2203.103851318363,20005,Corn,management_curve,8882.192816516446
0.7916555779060322,Irrigated,2203.103851318363,20005,Corn,management_curve,12114.734091827686
0.7916555779060322,Non-Irrigated,2203.103851318363,20005,Corn,management_curve,8898.271087849276
0.7962205187401841,Irrigated,2203.103851318363,20005,Corn,management_curve,12107.967397679022
0.7962205187401841,Non-Irrigated,2203.103851318363,20005,Corn,management_curve,8913.76376170231
0.8007854595743358,Irrigated,2203.103851318363,20005,Corn,management_curve,12101.145644393602
0.8007854595743358,Non-Irrigated,2203.103851318363,20005,Corn,management_curve,8928.670838075537
0.8053504004084875,Irrigated,2203.103851318363,20005,Corn,management_curve,12094.268831971422
0.8053504004084875,Non-Irrigated,2203.103851318363,20005,Corn,management_curve,8942.992316968968
0.8099153412426392,Irrigated,2203.103851318363,20005,Corn,management_curve,12087.336960412484
0.8099153412426392,Non-Irrigated,2203.103851318363,20005,Corn,management_curve,8956.728198382589
0.814480282076791,Irrigated,2203.103851318363,20005,Corn,management_curve,12080.350029716781
0.814480282076791,Non-Irrigated,2203.103851318363,20005,Corn,management_curve,8969.878482316406
0.8190452229109428,Irrigated,2203.103851318363,20005,Corn,management_curve,12073.308039884323
0.8190452229109428,Non-Irrigated,2203.103851318363,20005,Corn,management_curve,8982.443168770424
0.8236101637450945,Irrigated,2203.103851318363,20005,Corn,management_curve,12066.210990915108
0.8236101637450945,Non-Irrigated,2203.103851318363,20005,Corn,management_curve,8994.422257744638
0.8281751045792463,Irrigated,2203.103851318363,20005,Corn,management_curve,12059.05888280914
0.8281751045792463,Non-Irrigated,2203.103851318363,20005,Corn,management_curve,9005.815749239056
0.832740045413398,Irrigated,2203.103851318363,20005,Corn,management_curve,12051.851715566401
0.832740045413398,Non-Irrigated,2203.103851318363,20005,Corn,management_curve,9016.623643253657
0.8373049862475497,Irrigated,2203.103851318363,20005,Corn,management_curve,12044.589489186908
0.8373049862475497,Non-Irrigated,2203.103851318363,20005,Corn,management_curve,9026.845939788462
0.8418699270817015,Irrigated,2203.103851318363,20005,Corn,management_curve,12037.272203670667
0.8418699270817015,Non-Irrigated,2203.103851318363,20005,Corn,management_curve,9036.48263884347
0.8464348679158533,Irrigated,2203.103851318363,20005,Corn,management_curve,12029.899859017662
0.8464348679158533,Non-Irrigated,2203.103851318363,20005,Corn,management_curve,9045.533740418672
0.850999808750005,Irrigated,2203.103851318363,20005,Corn,management_curve,12022.472455227893
0.850999808750005,Non-Irrigated,2203.103851318363,20005,Corn,management_curve,9053.99924451407
0.8555647495841567,Irrigated,2203.103851318363,20005,Corn,management_curve,12014.989992301367
0.8555647495841567,Non-Irrigated,2203.103851318363,20005,Corn,management_curve,9061.879151129662
0.8601296904183086,Irrigated,2203.103851318363,20005,Corn,management_curve,12007.452470238084
0.8601296904183086,Non-Irrigated,2203.103851318363,20005,Corn,management_curve,9069.173460265454
0.8646946312524603,Irrigated,2203.103851318363,20005,Corn,management_curve,11999.85988903804
0.8646946312524603,Non-Irrigated,2203.103851318363,20005,Corn,management_curve,9075.882171921443
0.869259572086612,Irrigated,2203.103851318363,20005,Corn,management_curve,11992.212248701238
0.869259572086612,Non-Irrigated,2203.103851318363,20005,Corn,management_curve,9082.005286097625
0.8738245129207638,Irrigated,2203.103851318363,20005,Corn,management_curve,11984.509549227681
0.8738245129207638,Non-Irrigated,2203.103851318363,20005,Corn,management_curve,9087.54280279401
0.8783894537549155,Irrigated,2203.103851318363,20005,Corn,management_curve,11976.751790617367
0.8783894537549155,Non-Irrigated,2203.103851318363,20005,Corn,management_curve,9092.49472201059
0.8829543945890672,Irrigated,2203.103851318363,20005,Corn,management_curve,11968.938972870292
0.8829543945890672,Non-Irrigated,2203.103851318363,20005,Corn,management_curve,9096.861043747373
0.887519335423219,Irrigated,2203.103851318363,20005,Corn,management_curve,11961.071095986452
0.887519335423219,Non-Irrigated,2203.103851318363,20005,Corn,management_curve,9100.641768004341
0.8920842762573707,Irrigated,2203.103851318363,20005,Corn,management_curve,11953.148159965867
0.8920842762573707,Non-Irrigated,2203.103851318363,20005,Corn,management_curve,9103.836894781522
0.8966492170915225,Irrigated,2203.103851318363,20005,Corn,management_curve,11945.170164808513
0.8966492170915225,Non-Irrigated,2203.103851318363,20005,Corn,management_curve,9106.446424078884
0.9012141579256743,Irrigated,2203.103851318363,20005,Corn,management_curve,11937.13711051441
0.9012141579256743,Non-Irrigated,2203.103851318363,20005,Corn,management_curve,9108.470355896454
0.905779098759826,Irrigated,2203.103851318363,20005,Corn,management_curve,11929.04899708354
0.905779098759826,Non-Irrigated,2203.103851318363,20005,Corn,management_curve,9109.908690234217
0.9103440395939777,Irrigated,2203.103851318363,20005,Corn,management_curve,11920.905824515905
0.9103440395939777,Non-Irrigated,2203.103851318363,20005,Corn,management_curve,9110.761427092173
0.9149089804281295,Irrigated,2203.103851318363,20005,Corn,management_curve,11912.707592811526
0.9149089804281295,Non-Irrigated,2203.103851318363,20005,Corn,management_curve,9111.028566470337
0.9194739212622812,Irrigated,2203.103851318363,20005,Corn,management_curve,11904.454301970381
0.9194739212622812,Non-Irrigated,2203.103851318363,20005,Corn,management_curve,9110.710108368687
0.924038862096433,Irrigated,2203.103851318363,20005,Corn,management_curve,11896.14595199248
0.924038862096433,Non-Irrigated,2203.103851318363,20005,Corn,management_curve,9109.80605278724
0.9286038029305848,Irrigated,2203.103851318363,20005,Corn,management_curve,11887.782542877816
0.9286038029305848,Non-Irrigated,2203.103851318363,20005,Corn,management_curve,9108.316399725987
0.9331687437647365,Irrigated,2203.103851318363,20005,Corn,management_curve,11879.364074626395
0.9331687437647365,Non-Irrigated,2203.103851318363,20005,Corn,management_curve,9106.24114918493
0.9377336845988883,Irrigated,2203.103851318363,20005,Corn,management_curve,11870.89054723822
0.9377336845988883,Non-Irrigated,2203.103851318363,20005,Corn,management_curve,9103.580301164078
0.94229862543304,Irrigated,2203.103851318363,20005,Corn,management_curve,11862.361960713288
0.94229862543304,Non-Irrigated,2203.103851318363,20005,Corn,management_curve,9100.333855663419
0.9468635662671917,Irrigated,2203.103851318363,20005,Corn,management_curve,11853.77831505159
0.9468635662671917,Non-Irrigated,2203.103851318363,20005,Corn,management_curve,9096.501812682956
0.9514285071013435,Irrigated,2203.103851318363,20005,Corn,management_curve,11845.139610253142
0.9514285071013435,Non-Irrigated,2203.103851318363,20005,Corn,management_curve,9092.084172222694
0.9559934479354952,Irrigated,2203.103851318363,20005,Corn,management_curve,11836.445846317925
0.9559934479354952,Non-Irrigated,2203.103851318363,20005,Corn,management_curve,9087.080934282621
0.9605583887696469,Irrigated,2203.103851318363,20005,Corn,management_curve,11827.697023245964
0.9605583887696469,Non-Irrigated,2203.103851318363,20005,Corn,management_curve,9081.492098862756
0.9651233296037988,Irrigated,2203.103851318363,20005,Corn,management_curve,11818.89314103723
0.9651233296037988,Non-Irrigated,2203.103851318363,20005,Corn,management_curve,9075.317665963077
0.9696882704379505,Irrigated,2203.103851318363,20005,Corn,management_curve,11810.034199691743
0.9696882704379505,Non-Irrigated,2203.103851318363,20005,Corn,management_curve,9068.557635583606
0.9742532112721023,Irrigated,2203.103851318363,20005,Corn,management_curve,11801.120199209501
0.9742532112721023,Non-Irrigated,2203.103851318363,20005,Corn,management_curve,9061.212007724323
0.978818152106254,Irrigated,2203.103851318363,20005,Corn,management_curve,11792.151139590498
0.978818152106254,Non-Irrigated,2203.103851318363,20005,Corn,management_curve,9053.280782385245
0.9833830929404057,Irrigated,2203.103851318363,20005,Corn,management_curve,11783.127020834734
0.9833830929404057,Non-Irrigated,2203.103851318363,20005,Corn,management_curve,9044.76395956636
0.9879480337745575,Irrigated,2203.103851318363,20005,Corn,management_curve,11774.04784294222
0.9879480337745575,Non-Irrigated,2203.103851318363,20005,Corn,management_curve,9035.661539267676
0.9925129746087092,Irrigated,2203.103851318363,20005,Corn,management_curve,11764.913605912932
0.9925129746087092,Non-Irrigated,2203.103851318363,20005,Corn,management_curve,9025.97352148918
0.997077915442861,Irrigated,2203.103851318363,20005,Corn,management_curve,11755.724309746893
0.997077915442861,Non-Irrigated,2203.103851318363,20005,Corn,management_curve,9015.699906230886
1.0016428562770128,Irrigated,2203.103851318363,20005,Corn,management_curve,11746.479954444105
1.0016428562770128,Non-Irrigated,2203.103851318363,20005,Corn,management_curve,9004.840693492792
1.0062077971111645,Irrigated,2203.103851318363,20005,Corn,management_curve,11737.180540004547
1.0062077971111645,Non-Irrigated,2203.103851318363,20005,Corn,management_curve,8993.395883274894
1.0107727379453162,Irrigated,2203.103851318363,20005,Corn,management_curve,11727.826066428232
1.0107727379453162,Non-Irrigated,2203.103851318363,20005,Corn,management_curve,8981.36547557719
1.015337678779468,Irrigated,2203.103851318363,20005,Corn,management_curve,11718.416533715164
1.015337678779468,Non-Irrigated,2203.103851318363,20005,Corn,management_curve,8968.749470399689
1.0199026196136196,Irrigated,2203.103851318363,20005,Corn,management_curve,11708.951941865329
1.0199026196136196,Non-Irrigated,2203.103851318363,20005,Corn,management_curve,8955.547867742378
1.0244675604477713,Irrigated,2203.103851318363,20005,Corn,management_curve,11699.432290878744
1.0244675604477713,Non-Irrigated,2203.103851318363,20005,Corn,management_curve,8941.760667605271
1.0290325012819233,Irrigated,2203.103851318363,20005,Corn,management_curve,11689.857580755395
1.0290325012819233,Non-Irrigated,2203.103851318363,20005,Corn,management_curve,8927.387869988353
1.033597442116075,Irrigated,2203.103851318363,20005,Corn,management_curve,11680.227811495299
1.033597442116075,Non-Irrigated,2203.103851318363,20005,Corn,management_curve,8912.429474891644
1.038162382950227,Irrigated,2203.103851318363,20005,Corn,management_curve,11670.542983098427
1.038162382950227,Non-Irrigated,2203.103851318363,20005,Corn,management_curve,8896.885482315123
1.0427273237843786,Irrigated,2203.103851318363,20005,Corn,management_curve,11660.803095564801
1.0427273237843786,Non-Irrigated,2203.103851318363,20005,Corn,management_curve,8880.755892258796
1.0472922646185303,Irrigated,2203.103851318363,20005,Corn,management_curve,11651.00814889442
1.0472922646185303,Non-Irrigated,2203.103851318363,20005,Corn,management_curve,8864.040704722673
1.051857205452682,Irrigated,2203.103851318363,20005,Corn,management_curve,11641.158143087285
1.051857205452682,Non-Irrigated,2203.103851318363,20005,Corn,management_curve,8846.739919706746
1.0564221462868337,Irrigated,2203.103851318363,20005,Corn,management_curve,11631.253078143394
1.0564221462868337,Non-Irrigated,2203.103851318363,20005,Corn,management_curve,8828.85353721102
1.0609870871209854,Irrigated,2203.103851318363,20005,Corn,management_curve,11621.292954062728
1.0609870871209854,Non-Irrigated,2203.103851318363,20005,Corn,management_curve,8810.381557235483
1.0655520279551371,Irrigated,2203.103851318363,20005,Corn,management_curve,11611.277770845314
1.0655520279551371,Non-Irrigated,2203.103851318363,20005,Corn,management_curve,8791.323979780147
1.0701169687892889,Irrigated,2203.103851318363,20005,Corn,management_curve,11601.207528491148
1.0701169687892889,Non-Irrigated,2203.103851318363,20005,Corn,management_curve,8771.680804845015
1.0746819096234406,Irrigated,2203.103851318363,20005,Corn,management_curve,11591.082227000215
1.0746819096234406,Non-Irrigated,2203.103851318363,20005,Corn,management_curve,8751.452032430068
1.0792468504575925,Irrigated,2203.103851318363,20005,Corn,management_curve,11580.901866372524
1.0792468504575925,Non-Irrigated,2203.103851318363,20005,Corn,management_curve,8730.637662535326
1.0838117912917442,Irrigated,2203.103851318363,20005,Corn,management_curve,11570.666446608075
1.0838117912917442,Non-Irrigated,2203.103851318363,20005,Corn,management_curve,8709.237695160773
1.0883767321258961,Irrigated,2203.103851318363,20005,Corn,management_curve,11560.375967706861
1.0883767321258961,Non-Irrigated,2203.103851318363,20005,Corn,management_curve,8687.252130306424
1.0929416729600478,Irrigated,2203.103851318363,20005,Corn,management_curve,11550.0304296689
1.0929416729600478,Non-Irrigated,2203.103851318363,20005,Corn,management_curve,8664.680967972272
1.0975066137941996,Irrigated,2203.103851318363,20005,Corn,management_curve,11539.629832494173
1.0975066137941996,Non-Irrigated,2203.103851318363,20005,Corn,management_curve,8641.524208158316
1.1020715546283513,Irrigated,2203.103851318363,20005,Corn,management_curve,11529.174176182696
1.1020715546283513,Non-Irrigated,2203.103851318363,20005,Corn,management_curve,8617.781850864558
1.106636495462503,Irrigated,2203.103851318363,20005,Corn,management_curve,11518.663460734451
1.106636495462503,Non-Irrigated,2203.103851318363,20005,Corn,management_curve,8593.453896090996
1.1112014362966547,Irrigated,2203.103851318363,20005,Corn,management_curve,11508.097686149458
1.1112014362966547,Non-Irrigated,2203.103851318363,20005,Corn,management_curve,8568.540343837638
1.1157663771308064,Irrigated,2203.103851318363,20005,Corn,management_curve,11497.476852427697
1.1157663771308064,Non-Irrigated,2203.103851318363,20005,Corn,management_curve,8543.041194104466
1.120331317964958,Irrigated,2203.103851318363,20005,Corn,management_curve,11486.800959569182
1.120331317964958,Non-Irrigated,2203.103851318363,20005,Corn,management_curve,8516.956446891498
1.1248962587991098,Irrigated,2203.103851318363,20005,Corn,management_curve,11476.070007573899
1.1248962587991098,Non-Irrigated,2203.103851318363,20005,Corn,management_curve,8490.286102198723
1.1294611996332617,Irrigated,2203.103851318363,20005,Corn,management_curve,11465.283996441878
1.1294611996332617,Non-Irrigated,2203.103851318363,20005,Corn,management_curve,8463.030160026152
1.1340261404674135,Irrigated,2203.103851318363,20005,Corn,management_curve,11454.442926173078
1.1340261404674135,Non-Irrigated,2203.103851318363,20005,Corn,management_curve,8435.18862037377
1.1385910813015652,Irrigated,2203.103851318363,20005,Corn,management_curve,11443.546796767529
1.1385910813015652,Non-Irrigated,2203.103851318363,20005,Corn,management_curve,8406.76148324159
1.143156022135717,Irrigated,2203.103851318363,20005,Corn,management_curve,11432.595608225216
1.143156022135717,Non-Irrigated,2203.103851318363,20005,Corn,management_curve,8377.748748629601
1.1477209629698688,Irrigated,2203.103851318363,20005,Corn,management_curve,11421.589360546146
1.1477209629698688,Non-Irrigated,2203.103851318363,20005,Corn,management_curve,8348.150416537817
1.1522859038040205,Irrigated,2203.103851318363,20005,Corn,management_curve,11410.528053730326
1.1522859038040205,Non-Irrigated,2203.103851318363,20005,Corn,management_curve,8317.96648696623
1.1568508446381722,Irrigated,2203.103851318363,20005,Corn,management_curve,11399.411687777745
1.1568508446381722,Non-Irrigated,2203.103851318363,20005,Corn,management_curve,8287.196959914836
1.161415785472324,Irrigated,2203.103851318363,20005,Corn,management_curve,11388.2402626884
1.161415785472324,Non-Irrigated,2203.103851318363,20005,Corn,management_curve,8255.841835383639
1.1659807263064756,Irrigated,2203.103851318363,20005,Corn,management_curve,11377.013778462304
1.1659807263064756,Non-Irrigated,2203.103851318363,20005,Corn,management_curve,8223.901113372645
1.1705456671406274,Irrigated,2203.103851318363,20005,Corn,management_curve,11365.73223509944
1.1705456671406274,Non-Irrigated,2203.103851318363,20005,Corn,management_curve,8191.3747938818415
1.175110607974779,Irrigated,2203.103851318363,20005,Corn,management_curve,11354.395632599819
1.175110607974779,Non-Irrigated,2203.103851318363,20005,Corn,management_curve,8158.262876911238
1.179675548808931,Irrigated,2203.103851318363,20005,Corn,management_curve,11343.003970963437
1.179675548808931,Non-Irrigated,2203.103851318363,20005,Corn,management_curve,8124.565362460828
1.1842404896430827,Irrigated,2203.103851318363,20005,Corn,management_curve,11331.557250190304
1.1842404896430827,Non-Irrigated,2203.103851318363,20005,Corn,management_curve,8090.282250530618
1.1888054304772344,Irrigated,2203.103851318363,20005,Corn,management_curve,11320.055470280415
1.1888054304772344,Non-Irrigated,2203.103851318363,20005,Corn,management_curve,8055.413541120612
1.1933703713113863,Irrigated,2203.103851318363,20005,Corn,management_curve,11308.498631233757
1.1933703713113863,Non-Irrigated,2203.103851318363,20005,Corn,management_curve,8019.9592342307915
1.197935312145538,Irrigated,2203.103851318363,20005,Corn,management_curve,11296.886733050349
1.197935312145538,Non-Irrigated,2203.103851318363,20005,Corn,management_curve,7983.919329861175
1.2025002529796898,Irrigated,2203.103851318363,20005,Corn,management_curve,11285.219775730176
1.2025002529796898,Non-Irrigated,2203.103851318363,20005,Corn,management_curve,7947.293828011752
1.2070651938138415,Irrigated,2203.103851318363,20005,Corn,management_curve,11273.49775927325
1.2070651938138415,Non-Irrigated,2203.103851318363,20005,Corn,management_curve,7910.082728682533
1.2116301346479932,Irrigated,2203.103851318363,20005,Corn,management_curve,11261.72068367957
1.2116301346479932,Non-Irrigated,2203.103851318363,20005,Corn,management_curve,7872.2860318735075
1.216195075482145,Irrigated,2203.103851318363,20005,Corn,management_curve,11249.888548949126
1.216195075482145,Non-Irrigated,2203.103851318363,20005,Corn,management_curve,7833.903737584675
1.2207600163162966,Irrigated,2203.103851318363,20005,Corn,management_curve,11238.00135508192
1.2207600163162966,Non-Irrigated,2203.103851318363,20005,Corn,management_curve,7794.935845816042
1.2253249571504483,Irrigated,2203.103851318363,20005,Corn,management_curve,11226.059102077958
1.2253249571504483,Non-Irrigated,2203.103851318363,20005,Corn,management_curve,7755.38235656761
1.2298898979846002,Irrigated,2203.103851318363,20005,Corn,management_curve,11214.061789937237
1.2298898979846002,Non-Irrigated,2203.103851318363,20005,Corn,management_curve,7715.243269839371
1.234454838818752,Irrigated,2203.103851318363,20005,Corn,management_curve,11202.009418659756
1.234454838818752,Non-Irrigated,2203.103851318363,20005,Corn,management_curve,7674.518585631329
1.2390197796529037,Irrigated,2203.103851318363,20005,Corn,management_curve,11189.901988245521
1.2390197796529037,Non-Irrigated,2203.103851318363,20005,Corn,management_curve,7633.208303943484
1.2435847204870556,Irrigated,2203.103851318363,20005,Corn,management_curve,11177.739498694522
1.2435847204870556,Non-Irrigated,2203.103851318363,20005,Corn,management_curve,7591.312424775835
1.2481496613212073,Irrigated,2203.103851318363,20005,Corn,management_curve,11165.521950006772
1.2481496613212073,Non-Irrigated,2203.103851318363,20005,Corn,management_curve,7548.83094812839
1.252714602155359,Irrigated,2203.103851318363,20005,Corn,management_curve,11153.249342182262
1.252714602155359,Non-Irrigated,2203.103851318363,20005,Corn,management_curve,7505.763874001139
1.2572795429895107,Irrigated,2203.103851318363,20005,Corn,management_curve,11140.921675220987
1.2572795429895107,Non-Irrigated,2203.103851318363,20005,Corn,management_curve,7462.111202394084
1.2618444838236624,Irrigated,2203.103851318363,20005,Corn,management_curve,11128.538949122962
1.2618444838236624,Non-Irrigated,2203.103851318363,20005,Corn,management_curve,7417.87293330723
1.2664094246578141,Irrigated,2203.103851318363,20005,Corn,management_curve,11116.101163888172
1.2664094246578141,Non-Irrigated,2203.103851318363,20005,Corn,management_curve,7373.049066740565
0.3579861986616161,Irrigated,2205.1028808593783,20005,Soybeans,shared_curve,1758.932967468833
0.3579861986616161,Non-Irrigated,2205.1028808593783,20005,Soybeans,shared_curve,1758.932967468833
0.36255113949576784,Irrigated,2205.1028808593783,20005,Soybeans,shared_curve,1784.8987461182567
0.36255113949576784,Non-Irrigated,2205.1028808593783,20005,Soybeans,shared_curve,1784.8987461182567
0.36711608032991955,Irrigated,2205.1028808593783,20005,Soybeans,shared_curve,1810.7018013151917
0.36711608032991955,Non-Irrigated,2205.1028808593783,20005,Soybeans,shared_curve,1810.7018013151917
0.3716810211640713,Irrigated,2205.1028808593783,20005,Soybeans,shared_curve,1836.3421330596373
0.3716810211640713,Non-Irrigated,2205.1028808593783,20005,Soybeans,shared_curve,1836.3421330596373
0.3762459619982231,Irrigated,2205.1028808593783,20005,Soybeans,shared_curve,1861.8197413515938
0.3762459619982231,Non-Irrigated,2205.1028808593783,20005,Soybeans,shared_curve,1861.8197413515938
0.38081090283237484,Irrigated,2205.1028808593783,20005,Soybeans,shared_curve,1887.134626191061
0.38081090283237484,Non-Irrigated,2205.1028808593783,20005,Soybeans,shared_curve,1887.134626191061
0.38537584366652655,Irrigated,2205.1028808593783,20005,Soybeans,shared_curve,1912.2867875780387
0.38537584366652655,Non-Irrigated,2205.1028808593783,20005,Soybeans,shared_curve,1912.2867875780387
0.3899407845006783,Irrigated,2205.1028808593783,20005,Soybeans,shared_curve,1937.2762255125274
0.3899407845006783,Non-Irrigated,2205.1028808593783,20005,Soybeans,shared_curve,1937.2762255125274
0.3945057253348301,Irrigated,2205.1028808593783,20005,Soybeans,shared_curve,1962.102939994527
0.3945057253348301,Non-Irrigated,2205.1028808593783,20005,Soybeans,shared_curve,1962.102939994527
0.3990706661689818,Irrigated,2205.1028808593783,20005,Soybeans,shared_curve,1986.766931024037
0.3990706661689818,Non-Irrigated,2205.1028808593783,20005,Soybeans,shared_curve,1986.766931024037
0.40363560700313356,Irrigated,2205.1028808593783,20005,Soybeans,shared_curve,2011.2681986010582
0.40363560700313356,Non-Irrigated,2205.1028808593783,20005,Soybeans,shared_curve,2011.2681986010582
0.4082005478372853,Irrigated,2205.1028808593783,20005,Soybeans,shared_curve,2035.60674272559
0.4082005478372853,Non-Irrigated,2205.1028808593783,20005,Soybeans,shared_curve,2035.60674272559
0.4127654886714371,Irrigated,2205.1028808593783,20005,Soybeans,shared_curve,2059.7825633976336
0.4127654886714371,Non-Irrigated,2205.1028808593783,20005,Soybeans,shared_curve,2059.7825633976336
0.4173304295055888,Irrigated,2205.1028808593783,20005,Soybeans,shared_curve,2083.7956606171865
0.4173304295055888,Non-Irrigated,2205.1028808593783,20005,Soybeans,shared_curve,2083.7956606171865
0.42189537033974056,Irrigated,2205.1028808593783,20005,Soybeans,shared_curve,2107.646034384251
0.42189537033974056,Non-Irrigated,2205.1028808593783,20005,Soybeans,shared_curve,2107.646034384251
0.4264603111738923,Irrigated,2205.1028808593783,20005,Soybeans,shared_curve,2131.333684698825
0.4264603111738923,Non-Irrigated,2205.1028808593783,20005,Soybeans,shared_curve,2131.333684698825
0.4310252520080441,Irrigated,2205.1028808593783,20005,Soybeans,shared_curve,2154.8586115609114
0.4310252520080441,Non-Irrigated,2205.1028808593783,20005,Soybeans,shared_curve,2154.8586115609114
0.4355901928421958,Irrigated,2205.1028808593783,20005,Soybeans,shared_curve,2178.2208149705066
0.4355901928421958,Non-Irrigated,2205.1028808593783,20005,Soybeans,shared_curve,2178.2208149705066
0.44015513367634757,Irrigated,2205.1028808593783,20005,Soybeans,shared_curve,2201.420294927614
0.44015513367634757,Non-Irrigated,2205.1028808593783,20005,Soybeans,shared_curve,2201.420294927614
0.44472007451049933,Irrigated,2205.1028808593783,20005,Soybeans,shared_curve,2224.457051432233
0.44472007451049933,Non-Irrigated,2205.1028808593783,20005,Soybeans,shared_curve,2224.457051432233
0.44928501534465104,Irrigated,2205.1028808593783,20005,Soybeans,shared_curve,2247.331084484361
0.44928501534465104,Non-Irrigated,2205.1028808593783,20005,Soybeans,shared_curve,2247.331084484361
0.4538499561788028,Irrigated,2205.1028808593783,20005,Soybeans,shared_curve,2270.042394084001
0.4538499561788028,Non-Irrigated,2205.1028808593783,20005,Soybeans,shared_curve,2270.042394084001
0.45841489701295457,Irrigated,2205.1028808593783,20005,Soybeans,shared_curve,2292.5909802311517
0.45841489701295457,Non-Irrigated,2205.1028808593783,20005,Soybeans,shared_curve,2292.5909802311517
0.4629798378471063,Irrigated,2205.1028808593783,20005,Soybeans,shared_curve,2314.976842925813
0.4629798378471063,Non-Irrigated,2205.1028808593783,20005,Soybeans,shared_curve,2314.976842925813
0.46754477868125804,Irrigated,2205.1028808593783,20005,Soybeans,shared_curve,2337.1999821679847
0.46754477868125804,Non-Irrigated,2205.1028808593783,20005,Soybeans,shared_curve,2337.1999821679847
0.4721097195154098,Irrigated,2205.1028808593783,20005,Soybeans,shared_curve,2359.260397957667
0.4721097195154098,Non-Irrigated,2205.1028808593783,20005,Soybeans,shared_curve,2359.260397957667
0.4766746603495616,Irrigated,2205.1028808593783,20005,Soybeans,shared_curve,2381.158090294861
0.4766746603495616,Non-Irrigated,2205.1028808593783,20005,Soybeans,shared_curve,2381.158090294861
0.48123960118371334,Irrigated,2205.1028808593783,20005,Soybeans,shared_curve,2402.893059179565
0.48123960118371334,Non-Irrigated,2205.1028808593783,20005,Soybeans,shared_curve,2402.893059179565
0.48580454201786505,Irrigated,2205.1028808593783,20005,Soybeans,shared_curve,2424.46530461178
0.48580454201786505,Non-Irrigated,2205.1028808593783,20005,Soybeans,shared_curve,2424.46530461178
0.4903694828520168,Irrigated,2205.1028808593783,20005,Soybeans,shared_curve,2445.8748265915056
0.4903694828520168,Non-Irrigated,2205.1028808593783,20005,Soybeans,shared_curve,2445.8748265915056
0.4949344236861686,Irrigated,2205.1028808593783,20005,Soybeans,shared_curve,2467.1216251187425
0.4949344236861686,Non-Irrigated,2205.1028808593783,20005,Soybeans,shared_curve,2467.1216251187425
0.4994993645203203,Irrigated,2205.1028808593783,20005,Soybeans,shared_curve,2488.20570019349
0.4994993645203203,Non-Irrigated,2205.1028808593783,20005,Soybeans,shared_curve,2488.20570019349
0.504064305354472,Irrigated,2205.1028808593783,20005,Soybeans,shared_curve,2509.127051815747
0.504064305354472,Non-Irrigated,2205.1028808593783,20005,Soybeans,shared_curve,2509.127051815747
0.5086292461886238,Irrigated,2205.1028808593783,20005,Soybeans,shared_curve,2529.8856799855175
0.5086292461886238,Non-Irrigated,2205.1028808593783,20005,Soybeans,shared_curve,2529.8856799855175
0.5131941870227755,Irrigated,2205.1028808593783,20005,Soybeans,shared_curve,2550.4815847027967
0.5131941870227755,Non-Irrigated,2205.1028808593783,20005,Soybeans,shared_curve,2550.4815847027967
0.5177591278569273,Irrigated,2205.1028808593783,20005,Soybeans,shared_curve,2570.9147659675873
0.5177591278569273,Non-Irrigated,2205.1028808593783,20005,Soybeans,shared_curve,2570.9147659675873
0.5223240686910791,Irrigated,2205.1028808593783,20005,Soybeans,shared_curve,2591.1852237798876
0.5223240686910791,Non-Irrigated,2205.1028808593783,20005,Soybeans,shared_curve,2591.1852237798876
0.5268890095252308,Irrigated,2205.1028808593783,20005,Soybeans,shared_curve,2611.2929581397
0.5268890095252308,Non-Irrigated,2205.1028808593783,20005,Soybeans,shared_curve,2611.2929581397
0.5314539503593826,Irrigated,2205.1028808593783,20005,Soybeans,shared_curve,2631.2379690470234
0.5314539503593826,Non-Irrigated,2205.1028808593783,20005,Soybeans,shared_curve,2631.2379690470234
0.5360188911935343,Irrigated,2205.1028808593783,20005,Soybeans,shared_curve,2651.0202565018562
0.5360188911935343,Non-Irrigated,2205.1028808593783,20005,Soybeans,shared_curve,2651.0202565018562
0.5405838320276861,Irrigated,2205.1028808593783,20005,Soybeans,shared_curve,2670.6398205042005
0.5405838320276861,Non-Irrigated,2205.1028808593783,20005,Soybeans,shared_curve,2670.6398205042005
0.5451487728618378,Irrigated,2205.1028808593783,20005,Soybeans,shared_curve,2690.0966610540563
0.5451487728618378,Non-Irrigated,2205.1028808593783,20005,Soybeans,shared_curve,2690.0966610540563
0.5497137136959895,Irrigated,2205.1028808593783,20005,Soybeans,shared_curve,2709.3907781514217
0.5497137136959895,Non-Irrigated,2205.1028808593783,20005,Soybeans,shared_curve,2709.3907781514217
0.5542786545301412,Irrigated,2205.1028808593783,20005,Soybeans,shared_curve,2728.5221717962986
0.5542786545301412,Non-Irrigated,2205.1028808593783,20005,Soybeans,shared_curve,2728.5221717962986
0.5588435953642931,Irrigated,2205.1028808593783,20005,Soybeans,shared_curve,2747.490841988686
0.5588435953642931,Non-Irrigated,2205.1028808593783,20005,Soybeans,shared_curve,2747.490841988686
0.5634085361984448,Irrigated,2205.1028808593783,20005,Soybeans,shared_curve,2766.296788728585
0.5634085361984448,Non-Irrigated,2205.1028808593783,20005,Soybeans,shared_curve,2766.296788728585
0.5679734770325966,Irrigated,2205.1028808593783,20005,Soybeans,shared_curve,2784.9400120159935
0.5679734770325966,Non-Irrigated,2205.1028808593783,20005,Soybeans,shared_curve,2784.9400120159935
0.5725384178667483,Irrigated,2205.1028808593783,20005,Soybeans,shared_curve,2803.4205118509135
0.5725384178667483,Non-Irrigated,2205.1028808593783,20005,Soybeans,shared_curve,2803.4205118509135
0.5771033587009,Irrigated,2205.1028808593783,20005,Soybeans,shared_curve,2821.738288233343
0.5771033587009,Non-Irrigated,2205.1028808593783,20005,Soybeans,shared_curve,2821.738288233343
0.5816682995350517,Irrigated,2205.1028808593783,20005,Soybeans,shared_curve,2839.893341163285
0.5816682995350517,Non-Irrigated,2205.1028808593783,20005,Soybeans,shared_curve,2839.893341163285
0.5862332403692035,Irrigated,2205.1028808593783,20005,Soybeans,shared_curve,2857.8856706407378
0.5862332403692035,Non-Irrigated,2205.1028808593783,20005,Soybeans,shared_curve,2857.8856706407378
0.5907981812033553,Irrigated,2205.1028808593783,20005,Soybeans,shared_curve,2875.7152766657
0.5907981812033553,Non-Irrigated,2205.1028808593783,20005,Soybeans,shared_curve,2875.7152766657
0.5953631220375071,Irrigated,2205.1028808593783,20005,Soybeans,shared_curve,2893.3821592381737
0.5953631220375071,Non-Irrigated,2205.1028808593783,20005,Soybeans,shared_curve,2893.3821592381737
0.5999280628716588,Irrigated,2205.1028808593783,20005,Soybeans,shared_curve,2910.886318358159
0.5999280628716588,Non-Irrigated,2205.1028808593783,20005,Soybeans,shared_curve,2910.886318358159
0.6044930037058105,Irrigated,2205.1028808593783,20005,Soybeans,shared_curve,2928.2277540256537
0.6044930037058105,Non-Irrigated,2205.1028808593783,20005,Soybeans,shared_curve,2928.2277540256537
0.6090579445399623,Irrigated,2205.1028808593783,20005,Soybeans,shared_curve,2945.406466240659
0.6090579445399623,Non-Irrigated,2205.1028808593783,20005,Soybeans,shared_curve,2945.406466240659
0.613622885374114,Irrigated,2205.1028808593783,20005,Soybeans,shared_curve,2962.422455003176
0.613622885374114,Non-Irrigated,2205.1028808593783,20005,Soybeans,shared_curve,2962.422455003176
0.6181878262082658,Irrigated,2205.1028808593783,20005,Soybeans,shared_curve,2979.275720313205
0.6181878262082658,Non-Irrigated,2205.1028808593783,20005,Soybeans,shared_curve,2979.275720313205
0.6227527670424176,Irrigated,2205.1028808593783,20005,Soybeans,shared_curve,2995.966262170742
0.6227527670424176,Non-Irrigated,2205.1028808593783,20005,Soybeans,shared_curve,2995.966262170742
0.6273177078765693,Irrigated,2205.1028808593783,20005,Soybeans,shared_curve,3012.4940805757915
0.6273177078765693,Non-Irrigated,2205.1028808593783,20005,Soybeans,shared_curve,3012.4940805757915
0.631882648710721,Irrigated,2205.1028808593783,20005,Soybeans,shared_curve,3028.8591755283505
0.631882648710721,Non-Irrigated,2205.1028808593783,20005,Soybeans,shared_curve,3028.8591755283505
0.6364475895448728,Irrigated,2205.1028808593783,20005,Soybeans,shared_curve,3045.061547028422
0.6364475895448728,Non-Irrigated,2205.1028808593783,20005,Soybeans,shared_curve,3045.061547028422
0.6410125303790246,Irrigated,2205.1028808593783,20005,Soybeans,shared_curve,3061.101195076004
0.6410125303790246,Non-Irrigated,2205.1028808593783,20005,Soybeans,shared_curve,3061.101195076004
0.6455774712131763,Irrigated,2205.1028808593783,20005,Soybeans,shared_curve,3076.9781196710956
0.6455774712131763,Non-Irrigated,2205.1028808593783,20005,Soybeans,shared_curve,3076.9781196710956
0.650142412047328,Irrigated,2205.1028808593783,20005,Soybeans,shared_curve,3092.6923208136986
0.650142412047328,Non-Irrigated,2205.1028808593783,20005,Soybeans,shared_curve,3092.6923208136986
0.6547073528814797,Irrigated,2205.1028808593783,20005,Soybeans,shared_curve,3108.2437985038123
0.6547073528814797,Non-Irrigated,2205.1028808593783,20005,Soybeans,shared_curve,3108.2437985038123
0.6592722937156315,Irrigated,2205.1028808593783,20005,Soybeans,shared_curve,3123.6325527414365
0.6592722937156315,Non-Irrigated,2205.1028808593783,20005,Soybeans,shared_curve,3123.6325527414365
0.6638372345497833,Irrigated,2205.1028808593783,20005,Soybeans,shared_curve,3138.858583526572
0.6638372345497833,Non-Irrigated,2205.1028808593783,20005,Soybeans,shared_curve,3138.858583526572
0.6684021753839351,Irrigated,2205.1028808593783,20005,Soybeans,shared_curve,3153.9218908592184
0.6684021753839351,Non-Irrigated,2205.1028808593783,20005,Soybeans,shared_curve,3153.9218908592184
0.6729671162180868,Irrigated,2205.1028808593783,20005,Soybeans,shared_curve,3168.822474739376
0.6729671162180868,Non-Irrigated,2205.1028808593783,20005,Soybeans,shared_curve,3168.822474739376
0.6775320570522385,Irrigated,2205.1028808593783,20005,Soybeans,shared_curve,3183.5603351670425
0.6775320570522385,Non-Irrigated,2205.1028808593783,20005,Soybeans,shared_curve,3183.5603351670425
0.6820969978863902,Irrigated,2205.1028808593783,20005,Soybeans,shared_curve,3198.1354721422213
0.6820969978863902,Non-Irrigated,2205.1028808593783,20005,Soybeans,shared_curve,3198.1354721422213
0.686661938720542,Irrigated,2205.1028808593783,20005,Soybeans,shared_curve,3212.5478856649106
0.686661938720542,Non-Irrigated,2205.1028808593783,20005,Soybeans,shared_curve,3212.5478856649106
0.6912268795546938,Irrigated,2205.1028808593783,20005,Soybeans,shared_curve,3226.7975757351105
0.6912268795546938,Non-Irrigated,2205.1028808593783,20005,Soybeans,shared_curve,3226.7975757351105
0.6957918203888456,Irrigated,2205.1028808593783,20005,Soybeans,shared_curve,3240.884542352822
0.6957918203888456,Non-Irrigated,2205.1028808593783,20005,Soybeans,shared_curve,3240.884542352822
0.7003567612229973,Irrigated,2205.1028808593783,20005,Soybeans,shared_curve,3254.808785518043
0.7003567612229973,Non-Irrigated,2205.1028808593783,20005,Soybeans,shared_curve,3254.808785518043
0.704921702057149,Irrigated,2205.1028808593783,20005,Soybeans,shared_curve,3268.5703052307745
0.704921702057149,Non-Irrigated,2205.1028808593783,20005,Soybeans,shared_curve,3268.5703052307745
0.7094866428913007,Irrigated,2205.1028808593783,20005,Soybeans,shared_curve,3282.1691014910175
0.7094866428913007,Non-Irrigated,2205.1028808593783,20005,Soybeans,shared_curve,3282.1691014910175
0.7140515837254525,Irrigated,2205.1028808593783,20005,Soybeans,shared_curve,3295.605174298772
0.7140515837254525,Non-Irrigated,2205.1028808593783,20005,Soybeans,shared_curve,3295.605174298772
0.7186165245596043,Irrigated,2205.1028808593783,20005,Soybeans,shared_curve,3308.878523654037
0.7186165245596043,Non-Irrigated,2205.1028808593783,20005,Soybeans,shared_curve,3308.878523654037
0.723181465393756,Irrigated,2205.1028808593783,20005,Soybeans,shared_curve,3321.9891495568118
0.723181465393756,Non-Irrigated,2205.1028808593783,20005,Soybeans,shared_curve,3321.9891495568118
0.7277464062279078,Irrigated,2205.1028808593783,20005,Soybeans,shared_curve,3334.937052007098
0.7277464062279078,Non-Irrigated,2205.1028808593783,20005,Soybeans,shared_curve,3334.937052007098
0.7323113470620595,Irrigated,2205.1028808593783,20005,Soybeans,shared_curve,3347.7222310048955
0.7323113470620595,Non-Irrigated,2205.1028808593783,20005,Soybeans,shared_curve,3347.7222310048955
0.7368762878962113,Irrigated,2205.1028808593783,20005,Soybeans,shared_curve,3360.3446865502037
0.7368762878962113,Non-Irrigated,2205.1028808593783,20005,Soybeans,shared_curve,3360.3446865502037
0.741441228730363,Irrigated,2205.1028808593783,20005,Soybeans,shared_curve,3372.8044186430207
0.741441228730363,Non-Irrigated,2205.1028808593783,20005,Soybeans,shared_curve,3372.8044186430207
0.7460061695645148,Irrigated,2205.1028808593783,20005,Soybeans,shared_curve,3385.101427283351
0.7460061695645148,Non-Irrigated,2205.1028808593783,20005,Soybeans,shared_curve,3385.101427283351
0.7505711103986665,Irrigated,2205.1028808593783,20005,Soybeans,shared_curve,3397.2357124711916
0.7505711103986665,Non-Irrigated,2205.1028808593783,20005,Soybeans,shared_curve,3397.2357124711916
0.7551360512328182,Irrigated,2205.1028808593783,20005,Soybeans,shared_curve,3409.207274206542
0.7551360512328182,Non-Irrigated,2205.1028808593783,20005,Soybeans,shared_curve,3409.207274206542
0.75970099206697,Irrigated,2205.1028808593783,20005,Soybeans,shared_curve,3421.016112489403
0.75970099206697,Non-Irrigated,2205.1028808593783,20005,Soybeans,shared_curve,3421.016112489403
0.7642659329011218,Irrigated,2205.1028808593783,20005,Soybeans,shared_curve,3432.6622273197754
0.7642659329011218,Non-Irrigated,2205.1028808593783,20005,Soybeans,shared_curve,3432.6622273197754
0.7688308737352736,Irrigated,2205.1028808593783,20005,Soybeans,shared_curve,3444.14561869766
0.7688308737352736,Non-Irrigated,2205.1028808593783,20005,Soybeans,shared_curve,3444.14561869766
0.7733958145694253,Irrigated,2205.1028808593783,20005,Soybeans,shared_curve,3455.466286623053
0.7733958145694253,Non-Irrigated,2205.1028808593783,20005,Soybeans,shared_curve,3455.466286623053
0.777960755403577,Irrigated,2205.1028808593783,20005,Soybeans,shared_curve,3466.624231095958
0.777960755403577,Non-Irrigated,2205.1028808593783,20005,Soybeans,shared_curve,3466.624231095958
0.7825256962377287,Irrigated,2205.1028808593783,20005,Soybeans,shared_curve,3477.6194521163734
0.7825256962377287,Non-Irrigated,2205.1028808593783,20005,Soybeans,shared_curve,3477.6194521163734
0.7870906370718805,Irrigated,2205.1028808593783,20005,Soybeans,shared_curve,3488.4519496843004
0.7870906370718805,Non-Irrigated,2205.1028808593783,20005,Soybeans,shared_curve,3488.4519496843004
0.7916555779060322,Irrigated,2205.1028808593783,20005,Soybeans,shared_curve,3499.121723799737
0.7916555779060322,Non-Irrigated,2205.1028808593783,20005,Soybeans,shared_curve,3499.121723799737
0.7962205187401841,Irrigated,2205.1028808593783,20005,Soybeans,shared_curve,3509.628774462685
0.7962205187401841,Non-Irrigated,2205.1028808593783,20005,Soybeans,shared_curve,3509.628774462685
0.8007854595743358,Irrigated,2205.1028808593783,20005,Soybeans,shared_curve,3519.973101673143
0.8007854595743358,Non-Irrigated,2205.1028808593783,20005,Soybeans,shared_curve,3519.973101673143
0.8053504004084875,Irrigated,2205.1028808593783,20005,Soybeans,shared_curve,3530.154705431113
0.8053504004084875,Non-Irrigated,2205.1028808593783,20005,Soybeans,shared_curve,3530.154705431113
0.8099153412426392,Irrigated,2205.1028808593783,20005,Soybeans,shared_curve,3540.173585736594
0.8099153412426392,Non-Irrigated,2205.1028808593783,20005,Soybeans,shared_curve,3540.173585736594
0.814480282076791,Irrigated,2205.1028808593783,20005,Soybeans,shared_curve,3550.029742589584
0.814480282076791,Non-Irrigated,2205.1028808593783,20005,Soybeans,shared_curve,3550.029742589584
0.8190452229109428,Irrigated,2205.1028808593783,20005,Soybeans,shared_curve,3559.723175990085
0.8190452229109428,Non-Irrigated,2205.1028808593783,20005,Soybeans,shared_curve,3559.723175990085
0.8236101637450945,Irrigated,2205.1028808593783,20005,Soybeans,shared_curve,3569.2538859380993
0.8236101637450945,Non-Irrigated,2205.1028808593783,20005,Soybeans,shared_curve,3569.2538859380993
0.8281751045792463,Irrigated,2205.1028808593783,20005,Soybeans,shared_curve,3578.6218724336222
0.8281751045792463,Non-Irrigated,2205.1028808593783,20005,Soybeans,shared_curve,3578.6218724336222
0.832740045413398,Irrigated,2205.1028808593783,20005,Soybeans,shared_curve,3587.8271354766557
0.832740045413398,Non-Irrigated,2205.1028808593783,20005,Soybeans,shared_curve,3587.8271354766557
0.8373049862475497,Irrigated,2205.1028808593783,20005,Soybeans,shared_curve,3596.8696750671998
0.8373049862475497,Non-Irrigated,2205.1028808593783,20005,Soybeans,shared_curve,3596.8696750671998
0.8418699270817015,Irrigated,2205.1028808593783,20005,Soybeans,shared_curve,3605.749491205256
0.8418699270817015,Non-Irrigated,2205.1028808593783,20005,Soybeans,shared_curve,3605.749491205256
0.8464348679158533,Irrigated,2205.1028808593783,20005,Soybeans,shared_curve,3614.466583890823
0.8464348679158533,Non-Irrigated,2205.1028808593783,20005,Soybeans,shared_curve,3614.466583890823
0.850999808750005,Irrigated,2205.1028808593783,20005,Soybeans,shared_curve,3623.0209531238997
0.850999808750005,Non-Irrigated,2205.1028808593783,20005,Soybeans,shared_curve,3623.0209531238997
0.8555647495841567,Irrigated,2205.1028808593783,20005,Soybeans,shared_curve,3631.412598904487
0.8555647495841567,Non-Irrigated,2205.1028808593783,20005,Soybeans,shared_curve,3631.412598904487
0.8601296904183086,Irrigated,2205.1028808593783,20005,Soybeans,shared_curve,3639.6415212325874
0.8601296904183086,Non-Irrigated,2205.1028808593783,20005,Soybeans,shared_curve,3639.6415212325874
0.8646946312524603,Irrigated,2205.1028808593783,20005,Soybeans,shared_curve,3647.7077201081966
0.8646946312524603,Non-Irrigated,2205.1028808593783,20005,Soybeans,shared_curve,3647.7077201081966
0.869259572086612,Irrigated,2205.1028808593783,20005,Soybeans,shared_curve,3655.6111955313163
0.869259572086612,Non-Irrigated,2205.1028808593783,20005,Soybeans,shared_curve,3655.6111955313163
0.8738245129207638,Irrigated,2205.1028808593783,20005,Soybeans,shared_curve,3663.3519475019466
0.8738245129207638,Non-Irrigated,2205.1028808593783,20005,Soybeans,shared_curve,3663.3519475019466
0.8783894537549155,Irrigated,2205.1028808593783,20005,Soybeans,shared_curve,3670.9299760200893
0.8783894537549155,Non-Irrigated,2205.1028808593783,20005,Soybeans,shared_curve,3670.9299760200893
0.8829543945890672,Irrigated,2205.1028808593783,20005,Soybeans,shared_curve,3678.3452810857425
0.8829543945890672,Non-Irrigated,2205.1028808593783,20005,Soybeans,shared_curve,3678.3452810857425
0.887519335423219,Irrigated,2205.1028808593783,20005,Soybeans,shared_curve,3685.5978626989054
0.887519335423219,Non-Irrigated,2205.1028808593783,20005,Soybeans,shared_curve,3685.5978626989054
0.8920842762573707,Irrigated,2205.1028808593783,20005,Soybeans,shared_curve,3692.687720859579
0.8920842762573707,Non-Irrigated,2205.1028808593783,20005,Soybeans,shared_curve,3692.687720859579
0.8966492170915225,Irrigated,2205.1028808593783,20005,Soybeans,shared_curve,3699.6148555677637
0.8966492170915225,Non-Irrigated,2205.1028808593783,20005,Soybeans,shared_curve,3699.6148555677637
0.9012141579256743,Irrigated,2205.1028808593783,20005,Soybeans,shared_curve,3706.379266823459
0.9012141579256743,Non-Irrigated,2205.1028808593783,20005,Soybeans,shared_curve,3706.379266823459
0.905779098759826,Irrigated,2205.1028808593783,20005,Soybeans,shared_curve,3712.980954626667
0.905779098759826,Non-Irrigated,2205.1028808593783,20005,Soybeans,shared_curve,3712.980954626667
0.9103440395939777,Irrigated,2205.1028808593783,20005,Soybeans,shared_curve,3719.4199189773835
0.9103440395939777,Non-Irrigated,2205.1028808593783,20005,Soybeans,shared_curve,3719.4199189773835
0.9149089804281295,Irrigated,2205.1028808593783,20005,Soybeans,shared_curve,3725.6961598756125
0.9149089804281295,Non-Irrigated,2205.1028808593783,20005,Soybeans,shared_curve,3725.6961598756125
0.9194739212622812,Irrigated,2205.1028808593783,20005,Soybeans,shared_curve,3731.80967732135
0.9194739212622812,Non-Irrigated,2205.1028808593783,20005,Soybeans,shared_curve,3731.80967732135
0.924038862096433,Irrigated,2205.1028808593783,20005,Soybeans,shared_curve,3737.7604713146
0.924038862096433,Non-Irrigated,2205.1028808593783,20005,Soybeans,shared_curve,3737.7604713146
0.9286038029305848,Irrigated,2205.1028808593783,20005,Soybeans,shared_curve,3743.548541855361
0.9286038029305848,Non-Irrigated,2205.1028808593783,20005,Soybeans,shared_curve,3743.548541855361
0.9331687437647365,Irrigated,2205.1028808593783,20005,Soybeans,shared_curve,3749.173888943632
0.9331687437647365,Non-Irrigated,2205.1028808593783,20005,Soybeans,shared_curve,3749.173888943632
0.9377336845988883,Irrigated,2205.1028808593783,20005,Soybeans,shared_curve,3754.6365125794146
0.9377336845988883,Non-Irrigated,2205.1028808593783,20005,Soybeans,shared_curve,3754.6365125794146
0.94229862543304,Irrigated,2205.1028808593783,20005,Soybeans,shared_curve,3759.936412762706
0.94229862543304,Non-Irrigated,2205.1028808593783,20005,Soybeans,shared_curve,3759.936412762706
0.9468635662671917,Irrigated,2205.1028808593783,20005,Soybeans,shared_curve,3765.0735894935106
0.9468635662671917,Non-Irrigated,2205.1028808593783,20005,Soybeans,shared_curve,3765.0735894935106
0.9514285071013435,Irrigated,2205.1028808593783,20005,Soybeans,shared_curve,3770.048042771824
0.9514285071013435,Non-Irrigated,2205.1028808593783,20005,Soybeans,shared_curve,3770.048042771824
0.9559934479354952,Irrigated,2205.1028808593783,20005,Soybeans,shared_curve,3774.8597725976497
0.9559934479354952,Non-Irrigated,2205.1028808593783,20005,Soybeans,shared_curve,3774.8597725976497
0.9605583887696469,Irrigated,2205.1028808593783,20005,Soybeans,shared_curve,3779.508778970984
0.9605583887696469,Non-Irrigated,2205.1028808593783,20005,Soybeans,shared_curve,3779.508778970984
0.9651233296037988,Irrigated,2205.1028808593783,20005,Soybeans,shared_curve,3783.995061891831
0.9651233296037988,Non-Irrigated,2205.1028808593783,20005,Soybeans,shared_curve,3783.995061891831
0.9696882704379505,Irrigated,2205.1028808593783,20005,Soybeans,shared_curve,3788.3186213601894
0.9696882704379505,Non-Irrigated,2205.1028808593783,20005,Soybeans,shared_curve,3788.3186213601894
0.9742532112721023,Irrigated,2205.1028808593783,20005,Soybeans,shared_curve,3792.4794573760573
0.9742532112721023,Non-Irrigated,2205.1028808593783,20005,Soybeans,shared_curve,3792.4794573760573
0.978818152106254,Irrigated,2205.1028808593783,20005,Soybeans,shared_curve,3796.4775699394368
0.978818152106254,Non-Irrigated,2205.1028808593783,20005,Soybeans,shared_curve,3796.4775699394368
0.9833830929404057,Irrigated,2205.1028808593783,20005,Soybeans,shared_curve,3800.312959050326
0.9833830929404057,Non-Irrigated,2205.1028808593783,20005,Soybeans,shared_curve,3800.312959050326
0.9879480337745575,Irrigated,2205.1028808593783,20005,Soybeans,shared_curve,3803.9856247087255
0.9879480337745575,Non-Irrigated,2205.1028808593783,20005,Soybeans,shared_curve,3803.9856247087255
0.9925129746087092,Irrigated,2205.1028808593783,20005,Soybeans,shared_curve,3807.4955669146375
0.9925129746087092,Non-Irrigated,2205.1028808593783,20005,Soybeans,shared_curve,3807.4955669146375
0.997077915442861,Irrigated,2205.1028808593783,20005,Soybeans,shared_curve,3810.84278566806
0.997077915442861,Non-Irrigated,2205.1028808593783,20005,Soybeans,shared_curve,3810.84278566806
1.0016428562770128,Irrigated,2205.1028808593783,20005,Soybeans,shared_curve,3814.027280968993
1.0016428562770128,Non-Irrigated,2205.1028808593783,20005,Soybeans,shared_curve,3814.027280968993
1.0062077971111645,Irrigated,2205.1028808593783,20005,Soybeans,shared_curve,3817.049052817436
1.0062077971111645,Non-Irrigated,2205.1028808593783,20005,Soybeans,shared_curve,3817.049052817436
1.0107727379453162,Irrigated,2205.1028808593783,20005,Soybeans,shared_curve,3819.908101213391
1.0107727379453162,Non-Irrigated,2205.1028808593783,20005,Soybeans,shared_curve,3819.908101213391
1.015337678779468,Irrigated,2205.1028808593783,20005,Soybeans,shared_curve,3822.604426156856
1.015337678779468,Non-Irrigated,2205.1028808593783,20005,Soybeans,shared_curve,3822.604426156856
1.0199026196136196,Irrigated,2205.1028808593783,20005,Soybeans,shared_curve,3825.138027647831
1.0199026196136196,Non-Irrigated,2205.1028808593783,20005,Soybeans,shared_curve,3825.138027647831
1.0244675604477713,Irrigated,2205.1028808593783,20005,Soybeans,shared_curve,3827.508905686319
1.0244675604477713,Non-Irrigated,2205.1028808593783,20005,Soybeans,shared_curve,3827.508905686319
1.0290325012819233,Irrigated,2205.1028808593783,20005,Soybeans,shared_curve,3829.7170602723154
1.0290325012819233,Non-Irrigated,2205.1028808593783,20005,Soybeans,shared_curve,3829.7170602723154
1.033597442116075,Irrigated,2205.1028808593783,20005,Soybeans,shared_curve,3831.762491405824
1.033597442116075,Non-Irrigated,2205.1028808593783,20005,Soybeans,shared_curve,3831.762491405824
1.038162382950227,Irrigated,2205.1028808593783,20005,Soybeans,shared_curve,3833.6451990868445
1.038162382950227,Non-Irrigated,2205.1028808593783,20005,Soybeans,shared_curve,3833.6451990868445
1.0427273237843786,Irrigated,2205.1028808593783,20005,Soybeans,shared_curve,3835.3651833153726
1.0427273237843786,Non-Irrigated,2205.1028808593783,20005,Soybeans,shared_curve,3835.3651833153726
1.0472922646185303,Irrigated,2205.1028808593783,20005,Soybeans,shared_curve,3836.922444091414
1.0472922646185303,Non-Irrigated,2205.1028808593783,20005,Soybeans,shared_curve,3836.922444091414
1.051857205452682,Irrigated,2205.1028808593783,20005,Soybeans,shared_curve,3838.316981414966
1.051857205452682,Non-Irrigated,2205.1028808593783,20005,Soybeans,shared_curve,3838.316981414966
1.0564221462868337,Irrigated,2205.1028808593783,20005,Soybeans,shared_curve,3839.5487952860267
1.0564221462868337,Non-Irrigated,2205.1028808593783,20005,Soybeans,shared_curve,3839.5487952860267
1.0609870871209854,Irrigated,2205.1028808593783,20005,Soybeans,shared_curve,3840.6178857046007
1.0609870871209854,Non-Irrigated,2205.1028808593783,20005,Soybeans,shared_curve,3840.6178857046007
1.0655520279551371,Irrigated,2205.1028808593783,20005,Soybeans,shared_curve,3841.5242526706834
1.0655520279551371,Non-Irrigated,2205.1028808593783,20005,Soybeans,shared_curve,3841.5242526706834
1.0701169687892889,Irrigated,2205.1028808593783,20005,Soybeans,shared_curve,3842.2678961842785
1.0701169687892889,Non-Irrigated,2205.1028808593783,20005,Soybeans,shared_curve,3842.2678961842785
1.0746819096234406,Irrigated,2205.1028808593783,20005,Soybeans,shared_curve,3842.848816245384
1.0746819096234406,Non-Irrigated,2205.1028808593783,20005,Soybeans,shared_curve,3842.848816245384
1.0792468504575925,Irrigated,2205.1028808593783,20005,Soybeans,shared_curve,3843.2670128539994
1.0792468504575925,Non-Irrigated,2205.1028808593783,20005,Soybeans,shared_curve,3843.2670128539994
1.0838117912917442,Irrigated,2205.1028808593783,20005,Soybeans,shared_curve,3843.522486010126
1.0838117912917442,Non-Irrigated,2205.1028808593783,20005,Soybeans,shared_curve,3843.522486010126
1.0883767321258961,Irrigated,2205.1028808593783,20005,Soybeans,shared_curve,3843.6152357137653
1.0883767321258961,Non-Irrigated,2205.1028808593783,20005,Soybeans,shared_curve,3843.6152357137653
1.0929416729600478,Irrigated,2205.1028808593783,20005,Soybeans,shared_curve,3843.5452619649122
1.0929416729600478,Non-Irrigated,2205.1028808593783,20005,Soybeans,shared_curve,3843.5452619649122
1.0975066137941996,Irrigated,2205.1028808593783,20005,Soybeans,shared_curve,3843.3125647635716
1.0975066137941996,Non-Irrigated,2205.1028808593783,20005,Soybeans,shared_curve,3843.3125647635716
1.1020715546283513,Irrigated,2205.1028808593783,20005,Soybeans,shared_curve,3842.9171441097415
1.1020715546283513,Non-Irrigated,2205.1028808593783,20005,Soybeans,shared_curve,3842.9171441097415
1.106636495462503,Irrigated,2205.1028808593783,20005,Soybeans,shared_curve,3842.359000003422
1.106636495462503,Non-Irrigated,2205.1028808593783,20005,Soybeans,shared_curve,3842.359000003422
1.1112014362966547,Irrigated,2205.1028808593783,20005,Soybeans,shared_curve,3841.6381324446147
1.1112014362966547,Non-Irrigated,2205.1028808593783,20005,Soybeans,shared_curve,3841.6381324446147
1.1157663771308064,Irrigated,2205.1028808593783,20005,Soybeans,shared_curve,3840.7545414333154
1.1157663771308064,Non-Irrigated,2205.1028808593783,20005,Soybeans,shared_curve,3840.7545414333154
1.120331317964958,Irrigated,2205.1028808593783,20005,Soybeans,shared_curve,3839.7082269695293
1.120331317964958,Non-Irrigated,2205.1028808593783,20005,Soybeans,shared_curve,3839.7082269695293
1.1248962587991098,Irrigated,2205.1028808593783,20005,Soybeans,shared_curve,3838.499189053253
1.1248962587991098,Non-Irrigated,2205.1028808593783,20005,Soybeans,shared_curve,3838.499189053253
1.1294611996332617,Irrigated,2205.1028808593783,20005,Soybeans,shared_curve,3837.127427684487
1.1294611996332617,Non-Irrigated,2205.1028808593783,20005,Soybeans,shared_curve,3837.127427684487
1.1340261404674135,Irrigated,2205.1028808593783,20005,Soybeans,shared_curve,3835.5929428632335
1.1340261404674135,Non-Irrigated,2205.1028808593783,20005,Soybeans,shared_curve,3835.5929428632335
1.1385910813015652,Irrigated,2205.1028808593783,20005,Soybeans,shared_curve,3833.8957345894887
1.1385910813015652,Non-Irrigated,2205.1028808593783,20005,Soybeans,shared_curve,3833.8957345894887
1.143156022135717,Irrigated,2205.1028808593783,20005,Soybeans,shared_curve,3832.0358028632563
1.143156022135717,Non-Irrigated,2205.1028808593783,20005,Soybeans,shared_curve,3832.0358028632563
1.1477209629698688,Irrigated,2205.1028808593783,20005,Soybeans,shared_curve,3830.0131476845354
1.1477209629698688,Non-Irrigated,2205.1028808593783,20005,Soybeans,shared_curve,3830.0131476845354
1.1522859038040205,Irrigated,2205.1028808593783,20005,Soybeans,shared_curve,3827.8277690533223
1.1522859038040205,Non-Irrigated,2205.1028808593783,20005,Soybeans,shared_curve,3827.8277690533223
1.1568508446381722,Irrigated,2205.1028808593783,20005,Soybeans,shared_curve,3825.4796669696216
1.1568508446381722,Non-Irrigated,2205.1028808593783,20005,Soybeans,shared_curve,3825.4796669696216
1.161415785472324,Irrigated,2205.1028808593783,20005,Soybeans,shared_curve,3822.9688414334314
1.161415785472324,Non-Irrigated,2205.1028808593783,20005,Soybeans,shared_curve,3822.9688414334314
1.1659807263064756,Irrigated,2205.1028808593783,20005,Soybeans,shared_curve,3820.2952924447527
1.1659807263064756,Non-Irrigated,2205.1028808593783,20005,Soybeans,shared_curve,3820.2952924447527
1.1705456671406274,Irrigated,2205.1028808593783,20005,Soybeans,shared_curve,3817.4590200035846
1.1705456671406274,Non-Irrigated,2205.1028808593783,20005,Soybeans,shared_curve,3817.4590200035846
1.175110607974779,Irrigated,2205.1028808593783,20005,Soybeans,shared_curve,3814.460024109926
1.175110607974779,Non-Irrigated,2205.1028808593783,20005,Soybeans,shared_curve,3814.460024109926
1.179675548808931,Irrigated,2205.1028808593783,20005,Soybeans,shared_curve,3811.298304763779
1.179675548808931,Non-Irrigated,2205.1028808593783,20005,Soybeans,shared_curve,3811.298304763779
1.1842404896430827,Irrigated,2205.1028808593783,20005,Soybeans,shared_curve,3807.9738619651444
1.1842404896430827,Non-Irrigated,2205.1028808593783,20005,Soybeans,shared_curve,3807.9738619651444
1.1888054304772344,Irrigated,2205.1028808593783,20005,Soybeans,shared_curve,3804.4866957140184
1.1888054304772344,Non-Irrigated,2205.1028808593783,20005,Soybeans,shared_curve,3804.4866957140184
1.1933703713113863,Irrigated,2205.1028808593783,20005,Soybeans,shared_curve,3800.836806010404
1.1933703713113863,Non-Irrigated,2205.1028808593783,20005,Soybeans,shared_curve,3800.836806010404
1.197935312145538,Irrigated,2205.1028808593783,20005,Soybeans,shared_curve,3797.024192854299
1.197935312145538,Non-Irrigated,2205.1028808593783,20005,Soybeans,shared_curve,3797.024192854299
1.2025002529796898,Irrigated,2205.1028808593783,20005,Soybeans,shared_curve,3793.0488562457076
1.2025002529796898,Non-Irrigated,2205.1028808593783,20005,Soybeans,shared_curve,3793.0488562457076
1.2070651938138415,Irrigated,2205.1028808593783,20005,Soybeans,shared_curve,3788.9107961846257
1.2070651938138415,Non-Irrigated,2205.1028808593783,20005,Soybeans,shared_curve,3788.9107961846257
1.2116301346479932,Irrigated,2205.1028808593783,20005,Soybeans,shared_curve,3784.6100126710535
1.2116301346479932,Non-Irrigated,2205.1028808593783,20005,Soybeans,shared_curve,3784.6100126710535
1.216195075482145,Irrigated,2205.1028808593783,20005,Soybeans,shared_curve,3780.1465057049927
1.216195075482145,Non-Irrigated,2205.1028808593783,20005,Soybeans,shared_curve,3780.1465057049927
1.2207600163162966,Irrigated,2205.1028808593783,20005,Soybeans,shared_curve,3775.5202752864443
1.2207600163162966,Non-Irrigated,2205.1028808593783,20005,Soybeans,shared_curve,3775.5202752864443
1.2253249571504483,Irrigated,2205.1028808593783,20005,Soybeans,shared_curve,3770.7313214154037
1.2253249571504483,Non-Irrigated,2205.1028808593783,20005,Soybeans,shared_curve,3770.7313214154037
1.2298898979846002,Irrigated,2205.1028808593783,20005,Soybeans,shared_curve,3765.7796440918764
1.2298898979846002,Non-Irrigated,2205.1028808593783,20005,Soybeans,shared_curve,3765.7796440918764
1.234454838818752,Irrigated,2205.1028808593783,20005,Soybeans,shared_curve,3760.665243315858
1.234454838818752,Non-Irrigated,2205.1028808593783,20005,Soybeans,shared_curve,3760.665243315858
1.2390197796529037,Irrigated,2205.1028808593783,20005,Soybeans,shared_curve,3755.3881190873517
1.2390197796529037,Non-Irrigated,2205.1028808593783,20005,Soybeans,shared_curve,3755.3881190873517
1.2435847204870556,Irrigated,2205.1028808593783,20005,Soybeans,shared_curve,3749.948271406356
1.2435847204870556,Non-Irrigated,2205.1028808593783,20005,Soybeans,shared_curve,3749.948271406356
1.2481496613212073,Irrigated,2205.1028808593783,20005,Soybeans,shared_curve,3744.345700272869
1.2481496613212073,Non-Irrigated,2205.1028808593783,20005,Soybeans,shared_curve,3744.345700272869
1.252714602155359,Irrigated,2205.1028808593783,20005,Soybeans,shared_curve,3738.5804056868956
1.252714602155359,Non-Irrigated,2205.1028808593783,20005,Soybeans,shared_curve,3738.5804056868956
1.2572795429895107,Irrigated,2205.1028808593783,20005,Soybeans,shared_curve,3732.6523876484334
1.2572795429895107,Non-Irrigated,2205.1028808593783,20005,Soybeans,shared_curve,3732.6523876484334
1.2618444838236624,Irrigated,2205.1028808593783,20005,Soybeans,shared_curve,3726.561646157479
1.2618444838236624,Non-Irrigated,2205.1028808593783,20005,Soybeans,shared_curve,3726.561646157479
1.2664094246578141,Irrigated,2205.1028808593783,20005,Soybeans,shared_curve,3720.308181214038
1.2664094246578141,Non-Irrigated,2205.1028808593783,20005,Soybeans,shared_curve,3720.308181214038
0.3579861986616161,Irrigated,2205.1028808593783,20005,Soybeans,management_intercept,2550.353028741895
0.3579861986616161,Non-Irrigated,2205.1028808593783,20005,Soybeans,management_intercept,1997.111629063439
0.36255113949576784,Irrigated,2205.1028808593783,20005,Soybeans,management_intercept,2568.108851147784
0.36255113949576784,Non-Irrigated,2205.1028808593783,20005,Soybeans,management_intercept,2014.8674514693284
0.36711608032991955,Irrigated,2205.1028808593783,20005,Soybeans,management_intercept,2585.7539956483793
0.36711608032991955,Non-Irrigated,2205.1028808593783,20005,Soybeans,management_intercept,2032.5125959699235
0.3716810211640713,Irrigated,2205.1028808593783,20005,Soybeans,management_intercept,2603.28846224368
0.3716810211640713,Non-Irrigated,2205.1028808593783,20005,Soybeans,management_intercept,2050.047062565224
0.3762459619982231,Irrigated,2205.1028808593783,20005,Soybeans,management_intercept,2620.7122509336846
0.3762459619982231,Non-Irrigated,2205.1028808593783,20005,Soybeans,management_intercept,2067.470851255229
0.38081090283237484,Irrigated,2205.1028808593783,20005,Soybeans,management_intercept,2638.0253617183957
0.38081090283237484,Non-Irrigated,2205.1028808593783,20005,Soybeans,management_intercept,2084.78396203994
0.38537584366652655,Irrigated,2205.1028808593783,20005,Soybeans,management_intercept,2655.2277945978117
0.38537584366652655,Non-Irrigated,2205.1028808593783,20005,Soybeans,management_intercept,2101.986394919356
0.3899407845006783,Irrigated,2205.1028808593783,20005,Soybeans,management_intercept,2672.3195495719324
0.3899407845006783,Non-Irrigated,2205.1028808593783,20005,Soybeans,management_intercept,2119.0781498934766
0.3945057253348301,Irrigated,2205.1028808593783,20005,Soybeans,management_intercept,2689.300626640757
0.3945057253348301,Non-Irrigated,2205.1028808593783,20005,Soybeans,management_intercept,2136.059226962301
0.3990706661689818,Irrigated,2205.1028808593783,20005,Soybeans,management_intercept,2706.171025804289
0.3990706661689818,Non-Irrigated,2205.1028808593783,20005,Soybeans,management_intercept,2152.9296261258332
0.40363560700313356,Irrigated,2205.1028808593783,20005,Soybeans,management_intercept,2722.930747062524
0.40363560700313356,Non-Irrigated,2205.1028808593783,20005,Soybeans,management_intercept,2169.6893473840682
0.4082005478372853,Irrigated,2205.1028808593783,20005,Soybeans,management_intercept,2739.5797904154656
0.4082005478372853,Non-Irrigated,2205.1028808593783,20005,Soybeans,management_intercept,2186.33839073701
0.4127654886714371,Irrigated,2205.1028808593783,20005,Soybeans,management_intercept,2756.118155863113
0.4127654886714371,Non-Irrigated,2205.1028808593783,20005,Soybeans,management_intercept,2202.876756184657
0.4173304295055888,Irrigated,2205.1028808593783,20005,Soybeans,management_intercept,2772.545843405465
0.4173304295055888,Non-Irrigated,2205.1028808593783,20005,Soybeans,management_intercept,2219.304443727009
0.42189537033974056,Irrigated,2205.1028808593783,20005,Soybeans,management_intercept,2788.8628530425217
0.42189537033974056,Non-Irrigated,2205.1028808593783,20005,Soybeans,management_intercept,2235.621453364066
0.4264603111738923,Irrigated,2205.1028808593783,20005,Soybeans,management_intercept,2805.069184774284
0.4264603111738923,Non-Irrigated,2205.1028808593783,20005,Soybeans,management_intercept,2251.8277850958284
0.4310252520080441,Irrigated,2205.1028808593783,20005,Soybeans,management_intercept,2821.1648386007523
0.4310252520080441,Non-Irrigated,2205.1028808593783,20005,Soybeans,management_intercept,2267.9234389222966
0.4355901928421958,Irrigated,2205.1028808593783,20005,Soybeans,management_intercept,2837.1498145219252
0.4355901928421958,Non-Irrigated,2205.1028808593783,20005,Soybeans,management_intercept,2283.9084148434695
0.44015513367634757,Irrigated,2205.1028808593783,20005,Soybeans,management_intercept,2853.024112537802
0.44015513367634757,Non-Irrigated,2205.1028808593783,20005,Soybeans,management_intercept,2299.7827128593462
0.44472007451049933,Irrigated,2205.1028808593783,20005,Soybeans,management_intercept,2868.7877326483854
0.44472007451049933,Non-Irrigated,2205.1028808593783,20005,Soybeans,management_intercept,2315.5463329699296
0.44928501534465104,Irrigated,2205.1028808593783,20005,Soybeans,management_intercept,2884.4406748536726
0.44928501534465104,Non-Irrigated,2205.1028808593783,20005,Soybeans,management_intercept,2331.199275175217
0.4538499561788028,Irrigated,2205.1028808593783,20005,Soybeans,management_intercept,2899.9829391536664
0.4538499561788028,Non-Irrigated,2205.1028808593783,20005,Soybeans,management_intercept,2346.7415394752106
0.45841489701295457,Irrigated,2205.1028808593783,20005,Soybeans,management_intercept,2915.414525548365
0.45841489701295457,Non-Irrigated,2205.1028808593783,20005,Soybeans,management_intercept,2362.173125869909
0.4629798378471063,Irrigated,2205.1028808593783,20005,Soybeans,management_intercept,2930.735434037769
0.4629798378471063,Non-Irrigated,2205.1028808593783,20005,Soybeans,management_intercept,2377.4940343593134
0.46754477868125804,Irrigated,2205.1028808593783,20005,Soybeans,management_intercept,2945.945664621878
0.46754477868125804,Non-Irrigated,2205.1028808593783,20005,Soybeans,management_intercept,2392.7042649434225
0.4721097195154098,Irrigated,2205.1028808593783,20005,Soybeans,management_intercept,2961.045217300693
0.4721097195154098,Non-Irrigated,2205.1028808593783,20005,Soybeans,management_intercept,2407.803817622237
0.4766746603495616,Irrigated,2205.1028808593783,20005,Soybeans,management_intercept,2976.0340920742124
0.4766746603495616,Non-Irrigated,2205.1028808593783,20005,Soybeans,management_intercept,2422.7926923957566
0.48123960118371334,Irrigated,2205.1028808593783,20005,Soybeans,management_intercept,2990.9122889424366
0.48123960118371334,Non-Irrigated,2205.1028808593783,20005,Soybeans,management_intercept,2437.670889263981
0.48580454201786505,Irrigated,2205.1028808593783,20005,Soybeans,management_intercept,3005.6798079053656
0.48580454201786505,Non-Irrigated,2205.1028808593783,20005,Soybeans,management_intercept,2452.43840822691
0.4903694828520168,Irrigated,2205.1028808593783,20005,Soybeans,management_intercept,3020.336648963001
0.4903694828520168,Non-Irrigated,2205.1028808593783,20005,Soybeans,management_intercept,2467.0952492845454
0.4949344236861686,Irrigated,2205.1028808593783,20005,Soybeans,management_intercept,3034.8828121153415
0.4949344236861686,Non-Irrigated,2205.1028808593783,20005,Soybeans,management_intercept,2481.6414124368857
0.4994993645203203,Irrigated,2205.1028808593783,20005,Soybeans,management_intercept,3049.3182973623857
0.4994993645203203,Non-Irrigated,2205.1028808593783,20005,Soybeans,management_intercept,2496.07689768393
0.504064305354472,Irrigated,2205.1028808593783,20005,Soybeans,management_intercept,3063.6431047041365
0.504064305354472,Non-Irrigated,2205.1028808593783,20005,Soybeans,management_intercept,2510.4017050256807
0.5086292461886238,Irrigated,2205.1028808593783,20005,Soybeans,management_intercept,3077.857234140592
0.5086292461886238,Non-Irrigated,2205.1028808593783,20005,Soybeans,management_intercept,2524.6158344621363
0.5131941870227755,Irrigated,2205.1028808593783,20005,Soybeans,management_intercept,3091.9606856717533
0.5131941870227755,Non-Irrigated,2205.1028808593783,20005,Soybeans,management_intercept,2538.7192859932975
0.5177591278569273,Irrigated,2205.1028808593783,20005,Soybeans,management_intercept,3105.9534592976192
0.5177591278569273,Non-Irrigated,2205.1028808593783,20005,Soybeans,management_intercept,2552.7120596191635
0.5223240686910791,Irrigated,2205.1028808593783,20005,Soybeans,management_intercept,3119.835555018191
0.5223240686910791,Non-Irrigated,2205.1028808593783,20005,Soybeans,management_intercept,2566.594155339735
0.5268890095252308,Irrigated,2205.1028808593783,20005,Soybeans,management_intercept,3133.6069728334683
0.5268890095252308,Non-Irrigated,2205.1028808593783,20005,Soybeans,management_intercept,2580.3655731550125
0.5314539503593826,Irrigated,2205.1028808593783,20005,Soybeans,management_intercept,3147.2677127434495
0.5314539503593826,Non-Irrigated,2205.1028808593783,20005,Soybeans,management_intercept,2594.0263130649937
0.5360188911935343,Irrigated,2205.1028808593783,20005,Soybeans,management_intercept,3160.8177747481363
0.5360188911935343,Non-Irrigated,2205.1028808593783,20005,Soybeans,management_intercept,2607.5763750696806
0.5405838320276861,Irrigated,2205.1028808593783,20005,Soybeans,management_intercept,3174.257158847529
0.5405838320276861,Non-Irrigated,2205.1028808593783,20005,Soybeans,management_intercept,2621.015759169073
0.5451487728618378,Irrigated,2205.1028808593783,20005,Soybeans,management_intercept,3187.5858650416253
0.5451487728618378,Non-Irrigated,2205.1028808593783,20005,Soybeans,management_intercept,2634.3444653631695
0.5497137136959895,Irrigated,2205.1028808593783,20005,Soybeans,management_intercept,3200.8038933304274
0.5497137136959895,Non-Irrigated,2205.1028808593783,20005,Soybeans,management_intercept,2647.5624936519716
0.5542786545301412,Irrigated,2205.1028808593783,20005,Soybeans,management_intercept,3213.911243713935
0.5542786545301412,Non-Irrigated,2205.1028808593783,20005,Soybeans,management_intercept,2660.6698440354794
0.5588435953642931,Irrigated,2205.1028808593783,20005,Soybeans,management_intercept,3226.9079161921477
0.5588435953642931,Non-Irrigated,2205.1028808593783,20005,Soybeans,management_intercept,2673.666516513692
0.5634085361984448,Irrigated,2205.1028808593783,20005,Soybeans,management_intercept,3239.793910765066
0.5634085361984448,Non-Irrigated,2205.1028808593783,20005,Soybeans,management_intercept,2686.55251108661
0.5679734770325966,Irrigated,2205.1028808593783,20005,Soybeans,management_intercept,3252.56922743269
0.5679734770325966,Non-Irrigated,2205.1028808593783,20005,Soybeans,management_intercept,2699.327827754234
0.5725384178667483,Irrigated,2205.1028808593783,20005,Soybeans,management_intercept,3265.2338661950184
0.5725384178667483,Non-Irrigated,2205.1028808593783,20005,Soybeans,management_intercept,2711.9924665165627
0.5771033587009,Irrigated,2205.1028808593783,20005,Soybeans,management_intercept,3277.787827052051
0.5771033587009,Non-Irrigated,2205.1028808593783,20005,Soybeans,management_intercept,2724.546427373595
0.5816682995350517,Irrigated,2205.1028808593783,20005,Soybeans,management_intercept,3290.231110003789
0.5816682995350517,Non-Irrigated,2205.1028808593783,20005,Soybeans,management_intercept,2736.9897103253334
0.5862332403692035,Irrigated,2205.1028808593783,20005,Soybeans,management_intercept,3302.563715050234
0.5862332403692035,Non-Irrigated,2205.1028808593783,20005,Soybeans,management_intercept,2749.322315371778
0.5907981812033553,Irrigated,2205.1028808593783,20005,Soybeans,management_intercept,3314.7856421913825
0.5907981812033553,Non-Irrigated,2205.1028808593783,20005,Soybeans,management_intercept,2761.5442425129268
0.5953631220375071,Irrigated,2205.1028808593783,20005,Soybeans,management_intercept,3326.8968914272377
0.5953631220375071,Non-Irrigated,2205.1028808593783,20005,Soybeans,management_intercept,2773.655491748782
0.5999280628716588,Irrigated,2205.1028808593783,20005,Soybeans,management_intercept,3338.897462757797
0.5999280628716588,Non-Irrigated,2205.1028808593783,20005,Soybeans,management_intercept,2785.656063079341
0.6044930037058105,Irrigated,2205.1028808593783,20005,Soybeans,management_intercept,3350.7873561830615
0.6044930037058105,Non-Irrigated,2205.1028808593783,20005,Soybeans,management_intercept,2797.545956504606
0.6090579445399623,Irrigated,2205.1028808593783,20005,Soybeans,management_intercept,3362.566571703032
0.6090579445399623,Non-Irrigated,2205.1028808593783,20005,Soybeans,management_intercept,2809.325172024576
0.613622885374114,Irrigated,2205.1028808593783,20005,Soybeans,management_intercept,3374.235109317707
0.613622885374114,Non-Irrigated,2205.1028808593783,20005,Soybeans,management_intercept,2820.9937096392514
0.6181878262082658,Irrigated,2205.1028808593783,20005,Soybeans,management_intercept,3385.792969027087
0.6181878262082658,Non-Irrigated,2205.1028808593783,20005,Soybeans,management_intercept,2832.5515693486313
0.6227527670424176,Irrigated,2205.1028808593783,20005,Soybeans,management_intercept,3397.2401508311737
0.6227527670424176,Non-Irrigated,2205.1028808593783,20005,Soybeans,management_intercept,2843.998751152718
0.6273177078765693,Irrigated,2205.1028808593783,20005,Soybeans,management_intercept,3408.576654729963
0.6273177078765693,Non-Irrigated,2205.1028808593783,20005,Soybeans,management_intercept,2855.3352550515074
0.631882648710721,Irrigated,2205.1028808593783,20005,Soybeans,management_intercept,3419.8024807234583
0.631882648710721,Non-Irrigated,2205.1028808593783,20005,Soybeans,management_intercept,2866.5610810450025
0.6364475895448728,Irrigated,2205.1028808593783,20005,Soybeans,management_intercept,3430.91762881166
0.6364475895448728,Non-Irrigated,2205.1028808593783,20005,Soybeans,management_intercept,2877.6762291332043
0.6410125303790246,Irrigated,2205.1028808593783,20005,Soybeans,management_intercept,3441.9220989945666
0.6410125303790246,Non-Irrigated,2205.1028808593783,20005,Soybeans,management_intercept,2888.680699316111
0.6455774712131763,Irrigated,2205.1028808593783,20005,Soybeans,management_intercept,3452.815891272177
0.6455774712131763,Non-Irrigated,2205.1028808593783,20005,Soybeans,management_intercept,2899.574491593721
0.650142412047328,Irrigated,2205.1028808593783,20005,Soybeans,management_intercept,3463.599005644495
0.650142412047328,Non-Irrigated,2205.1028808593783,20005,Soybeans,management_intercept,2910.357605966039
0.6547073528814797,Irrigated,2205.1028808593783,20005,Soybeans,management_intercept,3474.2714421115165
0.6547073528814797,Non-Irrigated,2205.1028808593783,20005,Soybeans,management_intercept,2921.0300424330608
0.6592722937156315,Irrigated,2205.1028808593783,20005,Soybeans,management_intercept,3484.833200673244
0.6592722937156315,Non-Irrigated,2205.1028808593783,20005,Soybeans,management_intercept,2931.591800994788
0.6638372345497833,Irrigated,2205.1028808593783,20005,Soybeans,management_intercept,3495.284281329676
0.6638372345497833,Non-Irrigated,2205.1028808593783,20005,Soybeans,management_intercept,2942.0428816512203
0.6684021753839351,Irrigated,2205.1028808593783,20005,Soybeans,management_intercept,3505.624684080813
0.6684021753839351,Non-Irrigated,2205.1028808593783,20005,Soybeans,management_intercept,2952.3832844023573
0.6729671162180868,Irrigated,2205.1028808593783,20005,Soybeans,management_intercept,3515.8544089266566
0.6729671162180868,Non-Irrigated,2205.1028808593783,20005,Soybeans,management_intercept,2962.613009248201
0.6775320570522385,Irrigated,2205.1028808593783,20005,Soybeans,management_intercept,3525.973455867204
0.6775320570522385,Non-Irrigated,2205.1028808593783,20005,Soybeans,management_intercept,2972.732056188748
0.6820969978863902,Irrigated,2205.1028808593783,20005,Soybeans,management_intercept,3535.981824902456
0.6820969978863902,Non-Irrigated,2205.1028808593783,20005,Soybeans,management_intercept,2982.7404252240003
0.686661938720542,Irrigated,2205.1028808593783,20005,Soybeans,management_intercept,3545.879516032415
0.686661938720542,Non-Irrigated,2205.1028808593783,20005,Soybeans,management_intercept,2992.638116353959
0.6912268795546938,Irrigated,2205.1028808593783,20005,Soybeans,management_intercept,3555.6665292570774
0.6912268795546938,Non-Irrigated,2205.1028808593783,20005,Soybeans,management_intercept,3002.4251295786216
0.6957918203888456,Irrigated,2205.1028808593783,20005,Soybeans,management_intercept,3565.3428645764466
0.6957918203888456,Non-Irrigated,2205.1028808593783,20005,Soybeans,management_intercept,3012.101464897991
0.7003567612229973,Irrigated,2205.1028808593783,20005,Soybeans,management_intercept,3574.9085219905205
0.7003567612229973,Non-Irrigated,2205.1028808593783,20005,Soybeans,management_intercept,3021.6671223120647
0.704921702057149,Irrigated,2205.1028808593783,20005,Soybeans,management_intercept,3584.363501499299
0.704921702057149,Non-Irrigated,2205.1028808593783,20005,Soybeans,management_intercept,3031.1221018208435
0.7094866428913007,Irrigated,2205.1028808593783,20005,Soybeans,management_intercept,3593.7078031027836
0.7094866428913007,Non-Irrigated,2205.1028808593783,20005,Soybeans,management_intercept,3040.466403424328
0.7140515837254525,Irrigated,2205.1028808593783,20005,Soybeans,management_intercept,3602.9414268009727
0.7140515837254525,Non-Irrigated,2205.1028808593783,20005,Soybeans,management_intercept,3049.700027122517
0.7186165245596043,Irrigated,2205.1028808593783,20005,Soybeans,management_intercept,3612.0643725938676
0.7186165245596043,Non-Irrigated,2205.1028808593783,20005,Soybeans,management_intercept,3058.822972915412
0.723181465393756,Irrigated,2205.1028808593783,20005,Soybeans,management_intercept,3621.076640481467
0.723181465393756,Non-Irrigated,2205.1028808593783,20005,Soybeans,management_intercept,3067.8352408030114
0.7277464062279078,Irrigated,2205.1028808593783,20005,Soybeans,management_intercept,3629.9782304637715
0.7277464062279078,Non-Irrigated,2205.1028808593783,20005,Soybeans,management_intercept,3076.7368307853158
0.7323113470620595,Irrigated,2205.1028808593783,20005,Soybeans,management_intercept,3638.7691425407816
0.7323113470620595,Non-Irrigated,2205.1028808593783,20005,Soybeans,management_intercept,3085.527742862326
0.7368762878962113,Irrigated,2205.1028808593783,20005,Soybeans,management_intercept,3647.4493767124964
0.7368762878962113,Non-Irrigated,2205.1028808593783,20005,Soybeans,management_intercept,3094.2079770340406
0.741441228730363,Irrigated,2205.1028808593783,20005,Soybeans,management_intercept,3656.018932978917
0.741441228730363,Non-Irrigated,2205.1028808593783,20005,Soybeans,management_intercept,3102.777533300461
0.7460061695645148,Irrigated,2205.1028808593783,20005,Soybeans,management_intercept,3664.477811340043
0.7460061695645148,Non-Irrigated,2205.1028808593783,20005,Soybeans,management_intercept,3111.236411661587
0.7505711103986665,Irrigated,2205.1028808593783,20005,Soybeans,management_intercept,3672.826011795874
0.7505711103986665,Non-Irrigated,2205.1028808593783,20005,Soybeans,management_intercept,3119.584612117418
0.7551360512328182,Irrigated,2205.1028808593783,20005,Soybeans,management_intercept,3681.0635343464105
0.7551360512328182,Non-Irrigated,2205.1028808593783,20005,Soybeans,management_intercept,3127.8221346679547
0.75970099206697,Irrigated,2205.1028808593783,20005,Soybeans,management_intercept,3689.190378991652
0.75970099206697,Non-Irrigated,2205.1028808593783,20005,Soybeans,management_intercept,3135.948979313196
0.7642659329011218,Irrigated,2205.1028808593783,20005,Soybeans,management_intercept,3697.206545731598
0.7642659329011218,Non-Irrigated,2205.1028808593783,20005,Soybeans,management_intercept,3143.9651460531422
0.7688308737352736,Irrigated,2205.1028808593783,20005,Soybeans,management_intercept,3705.11203456625
0.7688308737352736,Non-Irrigated,2205.1028808593783,20005,Soybeans,management_intercept,3151.870634887794
0.7733958145694253,Irrigated,2205.1028808593783,20005,Soybeans,management_intercept,3712.9068454956064
0.7733958145694253,Non-Irrigated,2205.1028808593783,20005,Soybeans,management_intercept,3159.6654458171506
0.777960755403577,Irrigated,2205.1028808593783,20005,Soybeans,management_intercept,3720.5909785196677
0.777960755403577,Non-Irrigated,2205.1028808593783,20005,Soybeans,management_intercept,3167.349578841212
0.7825256962377287,Irrigated,2205.1028808593783,20005,Soybeans,management_intercept,3728.1644336384356
0.7825256962377287,Non-Irrigated,2205.1028808593783,20005,Soybeans,management_intercept,3174.92303395998
0.7870906370718805,Irrigated,2205.1028808593783,20005,Soybeans,management_intercept,3735.6272108519074
0.7870906370718805,Non-Irrigated,2205.1028808593783,20005,Soybeans,management_intercept,3182.3858111734517
0.7916555779060322,Irrigated,2205.1028808593783,20005,Soybeans,management_intercept,3742.979310160086
0.7916555779060322,Non-Irrigated,2205.1028808593783,20005,Soybeans,management_intercept,3189.73791048163
0.7962205187401841,Irrigated,2205.1028808593783,20005,Soybeans,management_intercept,3750.220731562968
0.7962205187401841,Non-Irrigated,2205.1028808593783,20005,Soybeans,management_intercept,3196.9793318845122
0.8007854595743358,Irrigated,2205.1028808593783,20005,Soybeans,management_intercept,3757.351475060556
0.8007854595743358,Non-Irrigated,2205.1028808593783,20005,Soybeans,management_intercept,3204.1100753821
0.8053504004084875,Irrigated,2205.1028808593783,20005,Soybeans,management_intercept,3764.3715406528495
0.8053504004084875,Non-Irrigated,2205.1028808593783,20005,Soybeans,management_intercept,3211.1301409743937
0.8099153412426392,Irrigated,2205.1028808593783,20005,Soybeans,management_intercept,3771.2809283398487
0.8099153412426392,Non-Irrigated,2205.1028808593783,20005,Soybeans,management_intercept,3218.039528661393
0.814480282076791,Irrigated,2205.1028808593783,20005,Soybeans,management_intercept,3778.079638121552
0.814480282076791,Non-Irrigated,2205.1028808593783,20005,Soybeans,management_intercept,3224.838238443096
0.8190452229109428,Irrigated,2205.1028808593783,20005,Soybeans,management_intercept,3784.7676699979597
0.8190452229109428,Non-Irrigated,2205.1028808593783,20005,Soybeans,management_intercept,3231.526270319504
0.8236101637450945,Irrigated,2205.1028808593783,20005,Soybeans,management_intercept,3791.345023969074
0.8236101637450945,Non-Irrigated,2205.1028808593783,20005,Soybeans,management_intercept,3238.1036242906184
0.8281751045792463,Irrigated,2205.1028808593783,20005,Soybeans,management_intercept,3797.8117000348925
0.8281751045792463,Non-Irrigated,2205.1028808593783,20005,Soybeans,management_intercept,3244.5703003564367
0.832740045413398,Irrigated,2205.1028808593783,20005,Soybeans,management_intercept,3804.1676981954165
0.832740045413398,Non-Irrigated,2205.1028808593783,20005,Soybeans,management_intercept,3250.9262985169607
0.8373049862475497,Irrigated,2205.1028808593783,20005,Soybeans,management_intercept,3810.413018450647
0.8373049862475497,Non-Irrigated,2205.1028808593783,20005,Soybeans,management_intercept,3257.1716187721913
0.8418699270817015,Irrigated,2205.1028808593783,20005,Soybeans,management_intercept,3816.5476608005815
0.8418699270817015,Non-Irrigated,2205.1028808593783,20005,Soybeans,management_intercept,3263.3062611221258
0.8464348679158533,Irrigated,2205.1028808593783,20005,Soybeans,management_intercept,3822.5716252452207
0.8464348679158533,Non-Irrigated,2205.1028808593783,20005,Soybeans,management_intercept,3269.330225566765
0.850999808750005,Irrigated,2205.1028808593783,20005,Soybeans,management_intercept,3828.4849117845665
0.850999808750005,Non-Irrigated,2205.1028808593783,20005,Soybeans,management_intercept,3275.2435121061108
0.8555647495841567,Irrigated,2205.1028808593783,20005,Soybeans,management_intercept,3834.287520418617
0.8555647495841567,Non-Irrigated,2205.1028808593783,20005,Soybeans,management_intercept,3281.0461207401613
0.8601296904183086,Irrigated,2205.1028808593783,20005,Soybeans,management_intercept,3839.9794511473724
0.8601296904183086,Non-Irrigated,2205.1028808593783,20005,Soybeans,management_intercept,3286.7380514689166
0.8646946312524603,Irrigated,2205.1028808593783,20005,Soybeans,management_intercept,3845.5607039708334
0.8646946312524603,Non-Irrigated,2205.1028808593783,20005,Soybeans,management_intercept,3292.3193042923776
0.869259572086612,Irrigated,2205.1028808593783,20005,Soybeans,management_intercept,3851.0312788889973
0.869259572086612,Non-Irrigated,2205.1028808593783,20005,Soybeans,management_intercept,3297.7898792105416
0.8738245129207638,Irrigated,2205.1028808593783,20005,Soybeans,management_intercept,3856.3911759018706
0.8738245129207638,Non-Irrigated,2205.1028808593783,20005,Soybeans,management_intercept,3303.149776223415
0.8783894537549155,Irrigated,2205.1028808593783,20005,Soybeans,management_intercept,3861.640395009445
0.8783894537549155,Non-Irrigated,2205.1028808593783,20005,Soybeans,management_intercept,3308.3989953309892
0.8829543945890672,Irrigated,2205.1028808593783,20005,Soybeans,management_intercept,3866.778936211727
0.8829543945890672,Non-Irrigated,2205.1028808593783,20005,Soybeans,management_intercept,3313.537536533271
0.887519335423219,Irrigated,2205.1028808593783,20005,Soybeans,management_intercept,3871.8067995087126
0.887519335423219,Non-Irrigated,2205.1028808593783,20005,Soybeans,management_intercept,3318.565399830257
0.8920842762573707,Irrigated,2205.1028808593783,20005,Soybeans,management_intercept,3876.723984900405
0.8920842762573707,Non-Irrigated,2205.1028808593783,20005,Soybeans,management_intercept,3323.482585221949
0.8966492170915225,Irrigated,2205.1028808593783,20005,Soybeans,management_intercept,3881.530492386802
0.8966492170915225,Non-Irrigated,2205.1028808593783,20005,Soybeans,management_intercept,3328.2890927083463
0.9012141579256743,Irrigated,2205.1028808593783,20005,Soybeans,management_intercept,3886.226321967905
0.9012141579256743,Non-Irrigated,2205.1028808593783,20005,Soybeans,management_intercept,3332.984922289449
0.905779098759826,Irrigated,2205.1028808593783,20005,Soybeans,management_intercept,3890.8114736437124
0.905779098759826,Non-Irrigated,2205.1028808593783,20005,Soybeans,management_intercept,3337.5700739652566
0.9103440395939777,Irrigated,2205.1028808593783,20005,Soybeans,management_intercept,3895.2859474142238
0.9103440395939777,Non-Irrigated,2205.1028808593783,20005,Soybeans,management_intercept,3342.044547735768
0.9149089804281295,Irrigated,2205.1028808593783,20005,Soybeans,management_intercept,3899.6497432794436
0.9149089804281295,Non-Irrigated,2205.1028808593783,20005,Soybeans,management_intercept,3346.408343600988
0.9194739212622812,Irrigated,2205.1028808593783,20005,Soybeans,management_intercept,3903.9028612393645
0.9194739212622812,Non-Irrigated,2205.1028808593783,20005,Soybeans,management_intercept,3350.6614615609087
0.924038862096433,Irrigated,2205.1028808593783,20005,Soybeans,management_intercept,3908.045301293992
0.924038862096433,Non-Irrigated,2205.1028808593783,20005,Soybeans,management_intercept,3354.8039016155362
0.9286038029305848,Irrigated,2205.1028808593783,20005,Soybeans,management_intercept,3912.077063443326
0.9286038029305848,Non-Irrigated,2205.1028808593783,20005,Soybeans,management_intercept,3358.8356637648703
0.9331687437647365,Irrigated,2205.1028808593783,20005,Soybeans,management_intercept,3915.998147687365
0.9331687437647365,Non-Irrigated,2205.1028808593783,20005,Soybeans,management_intercept,3362.756748008909
0.9377336845988883,Irrigated,2205.1028808593783,20005,Soybeans,management_intercept,3919.8085540261086
0.9377336845988883,Non-Irrigated,2205.1028808593783,20005,Soybeans,management_intercept,3366.567154347653
0.94229862543304,Irrigated,2205.1028808593783,20005,Soybeans,management_intercept,3923.508282459558
0.94229862543304,Non-Irrigated,2205.1028808593783,20005,Soybeans,management_intercept,3370.266882781102
0.9468635662671917,Irrigated,2205.1028808593783,20005,Soybeans,management_intercept,3927.097332987712
0.9468635662671917,Non-Irrigated,2205.1028808593783,20005,Soybeans,management_intercept,3373.855933309256
0.9514285071013435,Irrigated,2205.1028808593783,20005,Soybeans,management_intercept,3930.5757056105717
0.9514285071013435,Non-Irrigated,2205.1028808593783,20005,Soybeans,management_intercept,3377.334305932116
0.9559934479354952,Irrigated,2205.1028808593783,20005,Soybeans,management_intercept,3933.9434003281362
0.9559934479354952,Non-Irrigated,2205.1028808593783,20005,Soybeans,management_intercept,3380.7020006496805
0.9605583887696469,Irrigated,2205.1028808593783,20005,Soybeans,management_intercept,3937.2004171404046
0.9605583887696469,Non-Irrigated,2205.1028808593783,20005,Soybeans,management_intercept,3383.959017461949
0.9651233296037988,Irrigated,2205.1028808593783,20005,Soybeans,management_intercept,3940.3467560473814
0.9651233296037988,Non-Irrigated,2205.1028808593783,20005,Soybeans,management_intercept,3387.1053563689256
0.9696882704379505,Irrigated,2205.1028808593783,20005,Soybeans,management_intercept,3943.3824170490593
0.9696882704379505,Non-Irrigated,2205.1028808593783,20005,Soybeans,management_intercept,3390.1410173706035
0.9742532112721023,Irrigated,2205.1028808593783,20005,Soybeans,management_intercept,3946.3074001454447
0.9742532112721023,Non-Irrigated,2205.1028808593783,20005,Soybeans,management_intercept,3393.066000466989
0.978818152106254,Irrigated,2205.1028808593783,20005,Soybeans,management_intercept,3949.121705336536
0.978818152106254,Non-Irrigated,2205.1028808593783,20005,Soybeans,management_intercept,3395.88030565808
0.9833830929404057,Irrigated,2205.1028808593783,20005,Soybeans,management_intercept,3951.8253326223316
0.9833830929404057,Non-Irrigated,2205.1028808593783,20005,Soybeans,management_intercept,3398.583932943876
0.9879480337745575,Irrigated,2205.1028808593783,20005,Soybeans,management_intercept,3954.4182820028323
0.9879480337745575,Non-Irrigated,2205.1028808593783,20005,Soybeans,management_intercept,3401.1768823243765
0.9925129746087092,Irrigated,2205.1028808593783,20005,Soybeans,management_intercept,3956.9005534780385
0.9925129746087092,Non-Irrigated,2205.1028808593783,20005,Soybeans,management_intercept,3403.659153799583
0.997077915442861,Irrigated,2205.1028808593783,20005,Soybeans,management_intercept,3959.2721470479496
0.997077915442861,Non-Irrigated,2205.1028808593783,20005,Soybeans,management_intercept,3406.030747369494
1.0016428562770128,Irrigated,2205.1028808593783,20005,Soybeans,management_intercept,3961.5330627125654
1.0016428562770128,Non-Irrigated,2205.1028808593783,20005,Soybeans,management_intercept,3408.2916630341097
1.0062077971111645,Irrigated,2205.1028808593783,20005,Soybeans,management_intercept,3963.683300471888
1.0062077971111645,Non-Irrigated,2205.1028808593783,20005,Soybeans,management_intercept,3410.441900793432
1.0107727379453162,Irrigated,2205.1028808593783,20005,Soybeans,management_intercept,3965.722860325913
1.0107727379453162,Non-Irrigated,2205.1028808593783,20005,Soybeans,management_intercept,3412.4814606474574
1.015337678779468,Irrigated,2205.1028808593783,20005,Soybeans,management_intercept,3967.651742274645
1.015337678779468,Non-Irrigated,2205.1028808593783,20005,Soybeans,management_intercept,3414.4103425961894
1.0199026196136196,Irrigated,2205.1028808593783,20005,Soybeans,management_intercept,3969.4699463180837
1.0199026196136196,Non-Irrigated,2205.1028808593783,20005,Soybeans,management_intercept,3416.228546639628
1.0244675604477713,Irrigated,2205.1028808593783,20005,Soybeans,management_intercept,3971.177472456227
1.0244675604477713,Non-Irrigated,2205.1028808593783,20005,Soybeans,management_intercept,3417.936072777771
1.0290325012819233,Irrigated,2205.1028808593783,20005,Soybeans,management_intercept,3972.774320689073
1.0290325012819233,Non-Irrigated,2205.1028808593783,20005,Soybeans,management_intercept,3419.5329210106174
1.033597442116075,Irrigated,2205.1028808593783,20005,Soybeans,management_intercept,3974.260491016626
1.033597442116075,Non-Irrigated,2205.1028808593783,20005,Soybeans,management_intercept,3421.0190913381703
1.038162382950227,Irrigated,2205.1028808593783,20005,Soybeans,management_intercept,3975.6359834388836
1.038162382950227,Non-Irrigated,2205.1028808593783,20005,Soybeans,management_intercept,3422.394583760428
1.0427273237843786,Irrigated,2205.1028808593783,20005,Soybeans,management_intercept,3976.900797955846
1.0427273237843786,Non-Irrigated,2205.1028808593783,20005,Soybeans,management_intercept,3423.65939827739
1.0472922646185303,Irrigated,2205.1028808593783,20005,Soybeans,management_intercept,3978.054934567515
1.0472922646185303,Non-Irrigated,2205.1028808593783,20005,Soybeans,management_intercept,3424.813534889059
1.051857205452682,Irrigated,2205.1028808593783,20005,Soybeans,management_intercept,3979.0983932738886
1.051857205452682,Non-Irrigated,2205.1028808593783,20005,Soybeans,management_intercept,3425.856993595433
1.0564221462868337,Irrigated,2205.1028808593783,20005,Soybeans,management_intercept,3980.031174074968
1.0564221462868337,Non-Irrigated,2205.1028808593783,20005,Soybeans,management_intercept,3426.7897743965123
1.0609870871209854,Irrigated,2205.1028808593783,20005,Soybeans,management_intercept,3980.8532769707504
1.0609870871209854,Non-Irrigated,2205.1028808593783,20005,Soybeans,management_intercept,3427.6118772922946
1.0655520279551371,Irrigated,2205.1028808593783,20005,Soybeans,management_intercept,3981.56470196124
1.0655520279551371,Non-Irrigated,2205.1028808593783,20005,Soybeans,management_intercept,3428.3233022827844
1.0701169687892889,Irrigated,2205.1028808593783,20005,Soybeans,management_intercept,3982.165449046435
1.0701169687892889,Non-Irrigated,2205.1028808593783,20005,Soybeans,management_intercept,3428.924049367979
1.0746819096234406,Irrigated,2205.1028808593783,20005,Soybeans,management_intercept,3982.655518226334
1.0746819096234406,Non-Irrigated,2205.1028808593783,20005,Soybeans,management_intercept,3429.4141185478784
1.0792468504575925,Irrigated,2205.1028808593783,20005,Soybeans,management_intercept,3983.0349095009383
1.0792468504575925,Non-Irrigated,2205.1028808593783,20005,Soybeans,management_intercept,3429.7935098224825
1.0838117912917442,Irrigated,2205.1028808593783,20005,Soybeans,management_intercept,3983.303622870248
1.0838117912917442,Non-Irrigated,2205.1028808593783,20005,Soybeans,management_intercept,3430.0622231917923
1.0883767321258961,Irrigated,2205.1028808593783,20005,Soybeans,management_intercept,3983.4616583342627
1.0883767321258961,Non-Irrigated,2205.1028808593783,20005,Soybeans,management_intercept,3430.220258655807
1.0929416729600478,Irrigated,2205.1028808593783,20005,Soybeans,management_intercept,3983.509015892983
1.0929416729600478,Non-Irrigated,2205.1028808593783,20005,Soybeans,management_intercept,3430.267616214527
1.0975066137941996,Irrigated,2205.1028808593783,20005,Soybeans,management_intercept,3983.445695546409
1.0975066137941996,Non-Irrigated,2205.1028808593783,20005,Soybeans,management_intercept,3430.204295867953
1.1020715546283513,Irrigated,2205.1028808593783,20005,Soybeans,management_intercept,3983.2716972945395
1.1020715546283513,Non-Irrigated,2205.1028808593783,20005,Soybeans,management_intercept,3430.0302976160838
1.106636495462503,Irrigated,2205.1028808593783,20005,Soybeans,management_intercept,3982.987021137374
1.106636495462503,Non-Irrigated,2205.1028808593783,20005,Soybeans,management_intercept,3429.7456214589183
1.1112014362966547,Irrigated,2205.1028808593783,20005,Soybeans,management_intercept,3982.591667074916
1.1112014362966547,Non-Irrigated,2205.1028808593783,20005,Soybeans,management_intercept,3429.3502673964604
1.1157663771308064,Irrigated,2205.1028808593783,20005,Soybeans,management_intercept,3982.085635107162
1.1157663771308064,Non-Irrigated,2205.1028808593783,20005,Soybeans,management_intercept,3428.8442354287063
1.120331317964958,Irrigated,2205.1028808593783,20005,Soybeans,management_intercept,3981.4689252341136
1.120331317964958,Non-Irrigated,2205.1028808593783,20005,Soybeans,management_intercept,3428.227525555658
1.1248962587991098,Irrigated,2205.1028808593783,20005,Soybeans,management_intercept,3980.741537455771
1.1248962587991098,Non-Irrigated,2205.1028808593783,20005,Soybeans,management_intercept,3427.500137777315
1.1294611996332617,Irrigated,2205.1028808593783,20005,Soybeans,management_intercept,3979.903471772131
1.1294611996332617,Non-Irrigated,2205.1028808593783,20005,Soybeans,management_intercept,3426.6620720936753
1.1340261404674135,Irrigated,2205.1028808593783,20005,Soybeans,management_intercept,3978.9547281831997
1.1340261404674135,Non-Irrigated,2205.1028808593783,20005,Soybeans,management_intercept,3425.713328504744
1.1385910813015652,Irrigated,2205.1028808593783,20005,Soybeans,management_intercept,3977.8953066889712
1.1385910813015652,Non-Irrigated,2205.1028808593783,20005,Soybeans,management_intercept,3424.6539070105155
1.143156022135717,Irrigated,2205.1028808593783,20005,Soybeans,management_intercept,3976.7252072894476
1.143156022135717,Non-Irrigated,2205.1028808593783,20005,Soybeans,management_intercept,3423.483807610992
1.1477209629698688,Irrigated,2205.1028808593783,20005,Soybeans,management_intercept,3975.4444299846314
1.1477209629698688,Non-Irrigated,2205.1028808593783,20005,Soybeans,management_intercept,3422.2030303061756
1.1522859038040205,Irrigated,2205.1028808593783,20005,Soybeans,management_intercept,3974.05297477452
1.1522859038040205,Non-Irrigated,2205.1028808593783,20005,Soybeans,management_intercept,3420.811575096064
1.1568508446381722,Irrigated,2205.1028808593783,20005,Soybeans,management_intercept,3972.5508416591106
1.1568508446381722,Non-Irrigated,2205.1028808593783,20005,Soybeans,management_intercept,3419.309441980655
1.161415785472324,Irrigated,2205.1028808593783,20005,Soybeans,management_intercept,3970.9380306384096
1.161415785472324,Non-Irrigated,2205.1028808593783,20005,Soybeans,management_intercept,3417.696630959954
1.1659807263064756,Irrigated,2205.1028808593783,20005,Soybeans,management_intercept,3969.2145417124134
1.1659807263064756,Non-Irrigated,2205.1028808593783,20005,Soybeans,management_intercept,3415.9731420339576
1.1705456671406274,Irrigated,2205.1028808593783,20005,Soybeans,management_intercept,3967.380374881122
1.1705456671406274,Non-Irrigated,2205.1028808593783,20005,Soybeans,management_intercept,3414.138975202666
1.175110607974779,Irrigated,2205.1028808593783,20005,Soybeans,management_intercept,3965.4355301445353
1.175110607974779,Non-Irrigated,2205.1028808593783,20005,Soybeans,management_intercept,3412.1941304660795
1.179675548808931,Irrigated,2205.1028808593783,20005,Soybeans,management_intercept,3963.3800075026534
1.179675548808931,Non-Irrigated,2205.1028808593783,20005,Soybeans,management_intercept,3410.1386078241976
1.1842404896430827,Irrigated,2205.1028808593783,20005,Soybeans,management_intercept,3961.213806955478
1.1842404896430827,Non-Irrigated,2205.1028808593783,20005,Soybeans,management_intercept,3407.9724072770223
1.1888054304772344,Irrigated,2205.1028808593783,20005,Soybeans,management_intercept,3958.9369285030075
1.1888054304772344,Non-Irrigated,2205.1028808593783,20005,Soybeans,management_intercept,3405.6955288245517
1.1933703713113863,Irrigated,2205.1028808593783,20005,Soybeans,management_intercept,3956.5493721452417
1.1933703713113863,Non-Irrigated,2205.1028808593783,20005,Soybeans,management_intercept,3403.307972466786
1.197935312145538,Irrigated,2205.1028808593783,20005,Soybeans,management_intercept,3954.0511378821807
1.197935312145538,Non-Irrigated,2205.1028808593783,20005,Soybeans,management_intercept,3400.809738203725
1.2025002529796898,Irrigated,2205.1028808593783,20005,Soybeans,management_intercept,3951.4422257138262
1.2025002529796898,Non-Irrigated,2205.1028808593783,20005,Soybeans,management_intercept,3398.2008260353705
1.2070651938138415,Irrigated,2205.1028808593783,20005,Soybeans,management_intercept,3948.7226356401748
1.2070651938138415,Non-Irrigated,2205.1028808593783,20005,Soybeans,management_intercept,3395.481235961719
1.2116301346479932,Irrigated,2205.1028808593783,20005,Soybeans,management_intercept,3945.8923676612317
1.2116301346479932,Non-Irrigated,2205.1028808593783,20005,Soybeans,management_intercept,3392.650967982776
1.216195075482145,Irrigated,2205.1028808593783,20005,Soybeans,management_intercept,3942.9514217769915
1.216195075482145,Non-Irrigated,2205.1028808593783,20005,Soybeans,management_intercept,3389.710022098536
1.2207600163162966,Irrigated,2205.1028808593783,20005,Soybeans,management_intercept,3939.899797987458
1.2207600163162966,Non-Irrigated,2205.1028808593783,20005,Soybeans,management_intercept,3386.658398309002
1.2253249571504483,Irrigated,2205.1028808593783,20005,Soybeans,management_intercept,3936.7374962926274
1.2253249571504483,Non-Irrigated,2205.1028808593783,20005,Soybeans,management_intercept,3383.4960966141716
1.2298898979846002,Irrigated,2205.1028808593783,20005,Soybeans,management_intercept,3933.4645166925034
1.2298898979846002,Non-Irrigated,2205.1028808593783,20005,Soybeans,management_intercept,3380.2231170140476
1.234454838818752,Irrigated,2205.1028808593783,20005,Soybeans,management_intercept,3930.080859187086
1.234454838818752,Non-Irrigated,2205.1028808593783,20005,Soybeans,management_intercept,3376.83945950863
1.2390197796529037,Irrigated,2205.1028808593783,20005,Soybeans,management_intercept,3926.5865237763696
1.2390197796529037,Non-Irrigated,2205.1028808593783,20005,Soybeans,management_intercept,3373.345124097914
1.2435847204870556,Irrigated,2205.1028808593783,20005,Soybeans,management_intercept,3922.9815104603626
1.2435847204870556,Non-Irrigated,2205.1028808593783,20005,Soybeans,management_intercept,3369.740110781907
1.2481496613212073,Irrigated,2205.1028808593783,20005,Soybeans,management_intercept,3919.2658192390595
1.2481496613212073,Non-Irrigated,2205.1028808593783,20005,Soybeans,management_intercept,3366.0244195606037
1.252714602155359,Irrigated,2205.1028808593783,20005,Soybeans,management_intercept,3915.439450112462
1.252714602155359,Non-Irrigated,2205.1028808593783,20005,Soybeans,management_intercept,3362.1980504340063
1.2572795429895107,Irrigated,2205.1028808593783,20005,Soybeans,management_intercept,3911.5024030805685
1.2572795429895107,Non-Irrigated,2205.1028808593783,20005,Soybeans,management_intercept,3358.2610034021127
1.2618444838236624,Irrigated,2205.1028808593783,20005,Soybeans,management_intercept,3907.4546781433805
1.2618444838236624,Non-Irrigated,2205.1028808593783,20005,Soybeans,management_intercept,3354.2132784649248
1.2664094246578141,Irrigated,2205.1028808593783,20005,Soybeans,management_intercept,3903.2962753008983
1.2664094246578141,Non-Irrigated,2205.1028808593783,20005,Soybeans,management_intercept,3350.0548756224425
0.3579861986616161,Irrigated,2205.1028808593783,20005,Soybeans,management_curve,3280.9922561951485
0.3579861986616161,Non-Irrigated,2205.1028808593783,20005,Soybeans,management_curve,1930.6867707236129
0.36255113949576784,Irrigated,2205.1028808593783,20005,Soybeans,management_curve,3286.1631339608625
0.36255113949576784,Non-Irrigated,2205.1028808593783,20005,Soybeans,management_curve,1949.6711539398652
0.36711608032991955,Irrigated,2205.1028808593783,20005,Soybeans,management_curve,3291.324517115247
0.36711608032991955,Non-Irrigated,2205.1028808593783,20005,Soybeans,management_curve,1968.5358293935064
0.3716810211640713,Irrigated,2205.1028808593783,20005,Soybeans,management_curve,3296.4764056583053
0.3716810211640713,Non-Irrigated,2205.1028808593783,20005,Soybeans,management_curve,1987.2807970845365
0.3762459619982231,Irrigated,2205.1028808593783,20005,Soybeans,management_curve,3301.6187995900336
0.3762459619982231,Non-Irrigated,2205.1028808593783,20005,Soybeans,management_curve,2005.9060570129554
0.38081090283237484,Irrigated,2205.1028808593783,20005,Soybeans,management_curve,3306.7516989104342
0.38081090283237484,Non-Irrigated,2205.1028808593783,20005,Soybeans,management_curve,2024.4116091787614
0.38537584366652655,Irrigated,2205.1028808593783,20005,Soybeans,management_curve,3311.875103619505
0.38537584366652655,Non-Irrigated,2205.1028808593783,20005,Soybeans,management_curve,2042.7974535819562
0.3899407845006783,Irrigated,2205.1028808593783,20005,Soybeans,management_curve,3316.9890137172474
0.3899407845006783,Non-Irrigated,2205.1028808593783,20005,Soybeans,management_curve,2061.063590222539
0.3945057253348301,Irrigated,2205.1028808593783,20005,Soybeans,management_curve,3322.0934292036636
0.3945057253348301,Non-Irrigated,2205.1028808593783,20005,Soybeans,management_curve,2079.2100191005115
0.3990706661689818,Irrigated,2205.1028808593783,20005,Soybeans,management_curve,3327.1883500787512
0.3990706661689818,Non-Irrigated,2205.1028808593783,20005,Soybeans,management_curve,2097.236740215872
0.40363560700313356,Irrigated,2205.1028808593783,20005,Soybeans,management_curve,3332.27377634251
0.40363560700313356,Non-Irrigated,2205.1028808593783,20005,Soybeans,management_curve,2115.1437535686214
0.4082005478372853,Irrigated,2205.1028808593783,20005,Soybeans,management_curve,3337.3497079949384
0.4082005478372853,Non-Irrigated,2205.1028808593783,20005,Soybeans,management_curve,2132.9310591587578
0.4127654886714371,Irrigated,2205.1028808593783,20005,Soybeans,management_curve,3342.4161450360393
0.4127654886714371,Non-Irrigated,2205.1028808593783,20005,Soybeans,management_curve,2150.598656986283
0.4173304295055888,Irrigated,2205.1028808593783,20005,Soybeans,management_curve,3347.4730874658126
0.4173304295055888,Non-Irrigated,2205.1028808593783,20005,Soybeans,management_curve,2168.146547051197
0.42189537033974056,Irrigated,2205.1028808593783,20005,Soybeans,management_curve,3352.5205352842577
0.42189537033974056,Non-Irrigated,2205.1028808593783,20005,Soybeans,management_curve,2185.5747293535
0.4264603111738923,Irrigated,2205.1028808593783,20005,Soybeans,management_curve,3357.5584884913746
0.4264603111738923,Non-Irrigated,2205.1028808593783,20005,Soybeans,management_curve,2202.883203893192
0.4310252520080441,Irrigated,2205.1028808593783,20005,Soybeans,management_curve,3362.5869470871617
0.4310252520080441,Non-Irrigated,2205.1028808593783,20005,Soybeans,management_curve,2220.0719706702707
0.4355901928421958,Irrigated,2205.1028808593783,20005,Soybeans,management_curve,3367.6059110716214
0.4355901928421958,Non-Irrigated,2205.1028808593783,20005,Soybeans,management_curve,2237.1410296847384
0.44015513367634757,Irrigated,2205.1028808593783,20005,Soybeans,management_curve,3372.6153804447526
0.44015513367634757,Non-Irrigated,2205.1028808593783,20005,Soybeans,management_curve,2254.090380936595
0.44472007451049933,Irrigated,2205.1028808593783,20005,Soybeans,management_curve,3377.6153552065543
0.44472007451049933,Non-Irrigated,2205.1028808593783,20005,Soybeans,management_curve,2270.9200244258395
0.44928501534465104,Irrigated,2205.1028808593783,20005,Soybeans,management_curve,3382.6058353570297
0.44928501534465104,Non-Irrigated,2205.1028808593783,20005,Soybeans,management_curve,2287.629960152473
0.4538499561788028,Irrigated,2205.1028808593783,20005,Soybeans,management_curve,3387.586820896175
0.4538499561788028,Non-Irrigated,2205.1028808593783,20005,Soybeans,management_curve,2304.220188116495
0.45841489701295457,Irrigated,2205.1028808593783,20005,Soybeans,management_curve,3392.5583118239924
0.45841489701295457,Non-Irrigated,2205.1028808593783,20005,Soybeans,management_curve,2320.6907083179053
0.4629798378471063,Irrigated,2205.1028808593783,20005,Soybeans,management_curve,3397.520308140482
0.4629798378471063,Non-Irrigated,2205.1028808593783,20005,Soybeans,management_curve,2337.0415207567034
0.46754477868125804,Irrigated,2205.1028808593783,20005,Soybeans,management_curve,3402.472809845642
0.46754477868125804,Non-Irrigated,2205.1028808593783,20005,Soybeans,management_curve,2353.2726254328895
0.4721097195154098,Irrigated,2205.1028808593783,20005,Soybeans,management_curve,3407.415816939474
0.4721097195154098,Non-Irrigated,2205.1028808593783,20005,Soybeans,management_curve,2369.3840223464654
0.4766746603495616,Irrigated,2205.1028808593783,20005,Soybeans,management_curve,3412.3493294219793
0.4766746603495616,Non-Irrigated,2205.1028808593783,20005,Soybeans,management_curve,2385.37571149743
0.48123960118371334,Irrigated,2205.1028808593783,20005,Soybeans,management_curve,3417.2733472931536
0.48123960118371334,Non-Irrigated,2205.1028808593783,20005,Soybeans,management_curve,2401.247692885782
0.48580454201786505,Irrigated,2205.1028808593783,20005,Soybeans,management_curve,3422.187870553001
0.48580454201786505,Non-Irrigated,2205.1028808593783,20005,Soybeans,management_curve,2416.9999665115224
0.4903694828520168,Irrigated,2205.1028808593783,20005,Soybeans,management_curve,3427.0928992015197
0.4903694828520168,Non-Irrigated,2205.1028808593783,20005,Soybeans,management_curve,2432.632532374652
0.4949344236861686,Irrigated,2205.1028808593783,20005,Soybeans,management_curve,3431.9884332387096
0.4949344236861686,Non-Irrigated,2205.1028808593783,20005,Soybeans,management_curve,2448.1453904751684
0.4994993645203203,Irrigated,2205.1028808593783,20005,Soybeans,management_curve,3436.874472664572
0.4994993645203203,Non-Irrigated,2205.1028808593783,20005,Soybeans,management_curve,2463.5385408130755
0.504064305354472,Irrigated,2205.1028808593783,20005,Soybeans,management_curve,3441.751017479106
0.504064305354472,Non-Irrigated,2205.1028808593783,20005,Soybeans,management_curve,2478.8119833883698
0.5086292461886238,Irrigated,2205.1028808593783,20005,Soybeans,management_curve,3446.6180676823105
0.5086292461886238,Non-Irrigated,2205.1028808593783,20005,Soybeans,management_curve,2493.965718201053
0.5131941870227755,Irrigated,2205.1028808593783,20005,Soybeans,management_curve,3451.475623274187
0.5131941870227755,Non-Irrigated,2205.1028808593783,20005,Soybeans,management_curve,2508.999745251124
0.5177591278569273,Irrigated,2205.1028808593783,20005,Soybeans,management_curve,3456.323684254735
0.5177591278569273,Non-Irrigated,2205.1028808593783,20005,Soybeans,management_curve,2523.9140645385837
0.5223240686910791,Irrigated,2205.1028808593783,20005,Soybeans,management_curve,3461.1622506239555
0.5223240686910791,Non-Irrigated,2205.1028808593783,20005,Soybeans,management_curve,2538.7086760634315
0.5268890095252308,Irrigated,2205.1028808593783,20005,Soybeans,management_curve,3465.991322381848
0.5268890095252308,Non-Irrigated,2205.1028808593783,20005,Soybeans,management_curve,2553.383579825669
0.5314539503593826,Irrigated,2205.1028808593783,20005,Soybeans,management_curve,3470.810899528411
0.5314539503593826,Non-Irrigated,2205.1028808593783,20005,Soybeans,management_curve,2567.9387758252947
0.5360188911935343,Irrigated,2205.1028808593783,20005,Soybeans,management_curve,3475.620982063646
0.5360188911935343,Non-Irrigated,2205.1028808593783,20005,Soybeans,management_curve,2582.374264062308
0.5405838320276861,Irrigated,2205.1028808593783,20005,Soybeans,management_curve,3480.4215699875504
0.5405838320276861,Non-Irrigated,2205.1028808593783,20005,Soybeans,management_curve,2596.6900445367087
0.5451487728618378,Irrigated,2205.1028808593783,20005,Soybeans,management_curve,3485.212663300129
0.5451487728618378,Non-Irrigated,2205.1028808593783,20005,Soybeans,management_curve,2610.886117248499
0.5497137136959895,Irrigated,2205.1028808593783,20005,Soybeans,management_curve,3489.994262001378
0.5497137136959895,Non-Irrigated,2205.1028808593783,20005,Soybeans,management_curve,2624.962482197678
0.5542786545301412,Irrigated,2205.1028808593783,20005,Soybeans,management_curve,3494.766366091299
0.5542786545301412,Non-Irrigated,2205.1028808593783,20005,Soybeans,management_curve,2638.9191393842452
0.5588435953642931,Irrigated,2205.1028808593783,20005,Soybeans,management_curve,3499.528975569894
0.5588435953642931,Non-Irrigated,2205.1028808593783,20005,Soybeans,management_curve,2652.756088808202
0.5634085361984448,Irrigated,2205.1028808593783,20005,Soybeans,management_curve,3504.2820904371574
0.5634085361984448,Non-Irrigated,2205.1028808593783,20005,Soybeans,management_curve,2666.473330469546
0.5679734770325966,Irrigated,2205.1028808593783,20005,Soybeans,management_curve,3509.025710693092
0.5679734770325966,Non-Irrigated,2205.1028808593783,20005,Soybeans,management_curve,2680.070864368278
0.5725384178667483,Irrigated,2205.1028808593783,20005,Soybeans,management_curve,3513.759836337701
0.5725384178667483,Non-Irrigated,2205.1028808593783,20005,Soybeans,management_curve,2693.5486905043995
0.5771033587009,Irrigated,2205.1028808593783,20005,Soybeans,management_curve,3518.4844673709786
0.5771033587009,Non-Irrigated,2205.1028808593783,20005,Soybeans,management_curve,2706.906808877908
0.5816682995350517,Irrigated,2205.1028808593783,20005,Soybeans,management_curve,3523.1996037929302
0.5816682995350517,Non-Irrigated,2205.1028808593783,20005,Soybeans,management_curve,2720.1452194888066
0.5862332403692035,Irrigated,2205.1028808593783,20005,Soybeans,management_curve,3527.9052456035533
0.5862332403692035,Non-Irrigated,2205.1028808593783,20005,Soybeans,management_curve,2733.263922337094
0.5907981812033553,Irrigated,2205.1028808593783,20005,Soybeans,management_curve,3532.601392802847
0.5907981812033553,Non-Irrigated,2205.1028808593783,20005,Soybeans,management_curve,2746.262917422768
0.5953631220375071,Irrigated,2205.1028808593783,20005,Soybeans,management_curve,3537.2880453908124
0.5953631220375071,Non-Irrigated,2205.1028808593783,20005,Soybeans,management_curve,2759.1422047458314
0.5999280628716588,Irrigated,2205.1028808593783,20005,Soybeans,management_curve,3541.9652033674497
0.5999280628716588,Non-Irrigated,2205.1028808593783,20005,Soybeans,management_curve,2771.9017843062834
0.6044930037058105,Irrigated,2205.1028808593783,20005,Soybeans,management_curve,3546.6328667327575
0.6044930037058105,Non-Irrigated,2205.1028808593783,20005,Soybeans,management_curve,2784.5416561041225
0.6090579445399623,Irrigated,2205.1028808593783,20005,Soybeans,management_curve,3551.291035486739
0.6090579445399623,Non-Irrigated,2205.1028808593783,20005,Soybeans,management_curve,2797.061820139352
0.613622885374114,Irrigated,2205.1028808593783,20005,Soybeans,management_curve,3555.939709629393
0.613622885374114,Non-Irrigated,2205.1028808593783,20005,Soybeans,management_curve,2809.46227641197
0.6181878262082658,Irrigated,2205.1028808593783,20005,Soybeans,management_curve,3560.578889160715
0.6181878262082658,Non-Irrigated,2205.1028808593783,20005,Soybeans,management_curve,2821.7430249219747
0.6227527670424176,Irrigated,2205.1028808593783,20005,Soybeans,management_curve,3565.2085740807106
0.6227527670424176,Non-Irrigated,2205.1028808593783,20005,Soybeans,management_curve,2833.9040656693683
0.6273177078765693,Irrigated,2205.1028808593783,20005,Soybeans,management_curve,3569.8287643893773
0.6273177078765693,Non-Irrigated,2205.1028808593783,20005,Soybeans,management_curve,2845.9453986541507
0.631882648710721,Irrigated,2205.1028808593783,20005,Soybeans,management_curve,3574.4394600867145
0.631882648710721,Non-Irrigated,2205.1028808593783,20005,Soybeans,management_curve,2857.867023876321
0.6364475895448728,Irrigated,2205.1028808593783,20005,Soybeans,management_curve,3579.0406611727267
0.6364475895448728,Non-Irrigated,2205.1028808593783,20005,Soybeans,management_curve,2869.6689413358813
0.6410125303790246,Irrigated,2205.1028808593783,20005,Soybeans,management_curve,3583.6323676474067
0.6410125303790246,Non-Irrigated,2205.1028808593783,20005,Soybeans,management_curve,2881.3511510328285
0.6455774712131763,Irrigated,2205.1028808593783,20005,Soybeans,management_curve,3588.2145795107613
0.6455774712131763,Non-Irrigated,2205.1028808593783,20005,Soybeans,management_curve,2892.9136529671646
0.650142412047328,Irrigated,2205.1028808593783,20005,Soybeans,management_curve,3592.7872967627854
0.650142412047328,Non-Irrigated,2205.1028808593783,20005,Soybeans,management_curve,2904.3564471388895
0.6547073528814797,Irrigated,2205.1028808593783,20005,Soybeans,management_curve,3597.3505194034824
0.6547073528814797,Non-Irrigated,2205.1028808593783,20005,Soybeans,management_curve,2915.6795335480015
0.6592722937156315,Irrigated,2205.1028808593783,20005,Soybeans,management_curve,3601.9042474328503
0.6592722937156315,Non-Irrigated,2205.1028808593783,20005,Soybeans,management_curve,2926.882912194503
0.6638372345497833,Irrigated,2205.1028808593783,20005,Soybeans,management_curve,3606.4484808508905
0.6638372345497833,Non-Irrigated,2205.1028808593783,20005,Soybeans,management_curve,2937.966583078394
0.6684021753839351,Irrigated,2205.1028808593783,20005,Soybeans,management_curve,3610.9832196576017
0.6684021753839351,Non-Irrigated,2205.1028808593783,20005,Soybeans,management_curve,2948.9305461996723
0.6729671162180868,Irrigated,2205.1028808593783,20005,Soybeans,management_curve,3615.5084638529843
0.6729671162180868,Non-Irrigated,2205.1028808593783,20005,Soybeans,management_curve,2959.774801558339
0.6775320570522385,Irrigated,2205.1028808593783,20005,Soybeans,management_curve,3620.024213437039
0.6775320570522385,Non-Irrigated,2205.1028808593783,20005,Soybeans,management_curve,2970.4993491543933
0.6820969978863902,Irrigated,2205.1028808593783,20005,Soybeans,management_curve,3624.5304684097637
0.6820969978863902,Non-Irrigated,2205.1028808593783,20005,Soybeans,management_curve,2981.1041889878366
0.686661938720542,Irrigated,2205.1028808593783,20005,Soybeans,management_curve,3629.027228771164
0.686661938720542,Non-Irrigated,2205.1028808593783,20005,Soybeans,management_curve,2991.5893210586705
0.6912268795546938,Irrigated,2205.1028808593783,20005,Soybeans,management_curve,3633.5144945212332
0.6912268795546938,Non-Irrigated,2205.1028808593783,20005,Soybeans,management_curve,3001.9547453668906
0.6957918203888456,Irrigated,2205.1028808593783,20005,Soybeans,management_curve,3637.992265659972
0.6957918203888456,Non-Irrigated,2205.1028808593783,20005,Soybeans,management_curve,3012.2004619124987
0.7003567612229973,Irrigated,2205.1028808593783,20005,Soybeans,management_curve,3642.4605421873853
0.7003567612229973,Non-Irrigated,2205.1028808593783,20005,Soybeans,management_curve,3022.3264706954965
0.704921702057149,Irrigated,2205.1028808593783,20005,Soybeans,management_curve,3646.919324103468
0.704921702057149,Non-Irrigated,2205.1028808593783,20005,Soybeans,management_curve,3032.3327717158813
0.7094866428913007,Irrigated,2205.1028808593783,20005,Soybeans,management_curve,3651.3686114082257
0.7094866428913007,Non-Irrigated,2205.1028808593783,20005,Soybeans,management_curve,3042.219364973656
0.7140515837254525,Irrigated,2205.1028808593783,20005,Soybeans,management_curve,3655.808404101654
0.7140515837254525,Non-Irrigated,2205.1028808593783,20005,Soybeans,management_curve,3051.9862504688203
0.7186165245596043,Irrigated,2205.1028808593783,20005,Soybeans,management_curve,3660.2387021837512
0.7186165245596043,Non-Irrigated,2205.1028808593783,20005,Soybeans,management_curve,3061.633428201371
0.723181465393756,Irrigated,2205.1028808593783,20005,Soybeans,management_curve,3664.659505654523
0.723181465393756,Non-Irrigated,2205.1028808593783,20005,Soybeans,management_curve,3071.1608981713102
0.7277464062279078,Irrigated,2205.1028808593783,20005,Soybeans,management_curve,3669.0708145139643
0.7277464062279078,Non-Irrigated,2205.1028808593783,20005,Soybeans,management_curve,3080.5686603786385
0.7323113470620595,Irrigated,2205.1028808593783,20005,Soybeans,management_curve,3673.472628762078
0.7323113470620595,Non-Irrigated,2205.1028808593783,20005,Soybeans,management_curve,3089.8567148233547
0.7368762878962113,Irrigated,2205.1028808593783,20005,Soybeans,management_curve,3677.864948398864
0.7368762878962113,Non-Irrigated,2205.1028808593783,20005,Soybeans,management_curve,3099.0250615054597
0.741441228730363,Irrigated,2205.1028808593783,20005,Soybeans,management_curve,3682.247773424321
0.741441228730363,Non-Irrigated,2205.1028808593783,20005,Soybeans,management_curve,3108.0737004249536
0.7460061695645148,Irrigated,2205.1028808593783,20005,Soybeans,management_curve,3686.621103838448
0.7460061695645148,Non-Irrigated,2205.1028808593783,20005,Soybeans,management_curve,3117.0026315818345
0.7505711103986665,Irrigated,2205.1028808593783,20005,Soybeans,management_curve,3690.9849396412483
0.7505711103986665,Non-Irrigated,2205.1028808593783,20005,Soybeans,management_curve,3125.8118549761043
0.7551360512328182,Irrigated,2205.1028808593783,20005,Soybeans,management_curve,3695.33928083272
0.7551360512328182,Non-Irrigated,2205.1028808593783,20005,Soybeans,management_curve,3134.501370607763
0.75970099206697,Irrigated,2205.1028808593783,20005,Soybeans,management_curve,3699.684127412864
0.75970099206697,Non-Irrigated,2205.1028808593783,20005,Soybeans,management_curve,3143.0711784768105
0.7642659329011218,Irrigated,2205.1028808593783,20005,Soybeans,management_curve,3704.01947938168
0.7642659329011218,Non-Irrigated,2205.1028808593783,20005,Soybeans,management_curve,3151.521278583247
0.7688308737352736,Irrigated,2205.1028808593783,20005,Soybeans,management_curve,3708.3453367391658
0.7688308737352736,Non-Irrigated,2205.1028808593783,20005,Soybeans,management_curve,3159.8516709270702
0.7733958145694253,Irrigated,2205.1028808593783,20005,Soybeans,management_curve,3712.661699485324
0.7733958145694253,Non-Irrigated,2205.1028808593783,20005,Soybeans,management_curve,3168.0623555082825
0.777960755403577,Irrigated,2205.1028808593783,20005,Soybeans,management_curve,3716.968567620154
0.777960755403577,Non-Irrigated,2205.1028808593783,20005,Soybeans,management_curve,3176.1533323268836
0.7825256962377287,Irrigated,2205.1028808593783,20005,Soybeans,management_curve,3721.265941143656
0.7825256962377287,Non-Irrigated,2205.1028808593783,20005,Soybeans,management_curve,3184.1246013828727
0.7870906370718805,Irrigated,2205.1028808593783,20005,Soybeans,management_curve,3725.5538200558303
0.7870906370718805,Non-Irrigated,2205.1028808593783,20005,Soybeans,management_curve,3191.9761626762515
0.7916555779060322,Irrigated,2205.1028808593783,20005,Soybeans,management_curve,3729.8322043566745
0.7916555779060322,Non-Irrigated,2205.1028808593783,20005,Soybeans,management_curve,3199.7080162070174
0.7962205187401841,Irrigated,2205.1028808593783,20005,Soybeans,management_curve,3734.101094046189
0.7962205187401841,Non-Irrigated,2205.1028808593783,20005,Soybeans,management_curve,3207.3201619751712
0.8007854595743358,Irrigated,2205.1028808593783,20005,Soybeans,management_curve,3738.360489124377
0.8007854595743358,Non-Irrigated,2205.1028808593783,20005,Soybeans,management_curve,3214.812599980715
0.8053504004084875,Irrigated,2205.1028808593783,20005,Soybeans,management_curve,3742.6103895912374
0.8053504004084875,Non-Irrigated,2205.1028808593783,20005,Soybeans,management_curve,3222.1853302236464
0.8099153412426392,Irrigated,2205.1028808593783,20005,Soybeans,management_curve,3746.850795446768
0.8099153412426392,Non-Irrigated,2205.1028808593783,20005,Soybeans,management_curve,3229.438352703966
0.814480282076791,Irrigated,2205.1028808593783,20005,Soybeans,management_curve,3751.0817066909694
0.814480282076791,Non-Irrigated,2205.1028808593783,20005,Soybeans,management_curve,3236.5716674216733
0.8190452229109428,Irrigated,2205.1028808593783,20005,Soybeans,management_curve,3755.303123323846
0.8190452229109428,Non-Irrigated,2205.1028808593783,20005,Soybeans,management_curve,3243.5852743767714
0.8236101637450945,Irrigated,2205.1028808593783,20005,Soybeans,management_curve,3759.5150453453907
0.8236101637450945,Non-Irrigated,2205.1028808593783,20005,Soybeans,management_curve,3250.4791735692565
0.8281751045792463,Irrigated,2205.1028808593783,20005,Soybeans,management_curve,3763.7174727556085
0.8281751045792463,Non-Irrigated,2205.1028808593783,20005,Soybeans,management_curve,3257.2533649991306
0.832740045413398,Irrigated,2205.1028808593783,20005,Soybeans,management_curve,3767.9104055544967
0.832740045413398,Non-Irrigated,2205.1028808593783,20005,Soybeans,management_curve,3263.9078486663916
0.8373049862475497,Irrigated,2205.1028808593783,20005,Soybeans,management_curve,3772.0938437420573
0.8373049862475497,Non-Irrigated,2205.1028808593783,20005,Soybeans,management_curve,3270.4426245710424
0.8418699270817015,Irrigated,2205.1028808593783,20005,Soybeans,management_curve,3776.26778731829
0.8418699270817015,Non-Irrigated,2205.1028808593783,20005,Soybeans,management_curve,3276.857692713081
0.8464348679158533,Irrigated,2205.1028808593783,20005,Soybeans,management_curve,3780.432236283195
0.8464348679158533,Non-Irrigated,2205.1028808593783,20005,Soybeans,management_curve,3283.1530530925097
0.850999808750005,Irrigated,2205.1028808593783,20005,Soybeans,management_curve,3784.5871906367697
0.850999808750005,Non-Irrigated,2205.1028808593783,20005,Soybeans,management_curve,3289.328705709326
0.8555647495841567,Irrigated,2205.1028808593783,20005,Soybeans,management_curve,3788.7326503790173
0.8555647495841567,Non-Irrigated,2205.1028808593783,20005,Soybeans,management_curve,3295.3846505635297
0.8601296904183086,Irrigated,2205.1028808593783,20005,Soybeans,management_curve,3792.868615509935
0.8601296904183086,Non-Irrigated,2205.1028808593783,20005,Soybeans,management_curve,3301.320887655122
0.8646946312524603,Irrigated,2205.1028808593783,20005,Soybeans,management_curve,3796.995086029524
0.8646946312524603,Non-Irrigated,2205.1028808593783,20005,Soybeans,management_curve,3307.1374169841024
0.869259572086612,Irrigated,2205.1028808593783,20005,Soybeans,management_curve,3801.112061937788
0.869259572086612,Non-Irrigated,2205.1028808593783,20005,Soybeans,management_curve,3312.8342385504725
0.8738245129207638,Irrigated,2205.1028808593783,20005,Soybeans,management_curve,3805.2195432347207
0.8738245129207638,Non-Irrigated,2205.1028808593783,20005,Soybeans,management_curve,3318.4113523542314
0.8783894537549155,Irrigated,2205.1028808593783,20005,Soybeans,management_curve,3809.3175299203267
0.8783894537549155,Non-Irrigated,2205.1028808593783,20005,Soybeans,management_curve,3323.8687583953783
0.8829543945890672,Irrigated,2205.1028808593783,20005,Soybeans,management_curve,3813.4060219946036
0.8829543945890672,Non-Irrigated,2205.1028808593783,20005,Soybeans,management_curve,3329.206456673913
0.887519335423219,Irrigated,2205.1028808593783,20005,Soybeans,management_curve,3817.4850194575497
0.887519335423219,Non-Irrigated,2205.1028808593783,20005,Soybeans,management_curve,3334.424447189835
0.8920842762573707,Irrigated,2205.1028808593783,20005,Soybeans,management_curve,3821.5545223091717
0.8920842762573707,Non-Irrigated,2205.1028808593783,20005,Soybeans,management_curve,3339.5227299431476
0.8966492170915225,Irrigated,2205.1028808593783,20005,Soybeans,management_curve,3825.614530549461
0.8966492170915225,Non-Irrigated,2205.1028808593783,20005,Soybeans,management_curve,3344.501304933847
0.9012141579256743,Irrigated,2205.1028808593783,20005,Soybeans,management_curve,3829.665044178427
0.9012141579256743,Non-Irrigated,2205.1028808593783,20005,Soybeans,management_curve,3349.3601721619375
0.905779098759826,Irrigated,2205.1028808593783,20005,Soybeans,management_curve,3833.7060631960603
0.905779098759826,Non-Irrigated,2205.1028808593783,20005,Soybeans,management_curve,3354.099331627415
0.9103440395939777,Irrigated,2205.1028808593783,20005,Soybeans,management_curve,3837.7375876023666
0.9103440395939777,Non-Irrigated,2205.1028808593783,20005,Soybeans,management_curve,3358.71878333028
0.9149089804281295,Irrigated,2205.1028808593783,20005,Soybeans,management_curve,3841.759617397345
0.9149089804281295,Non-Irrigated,2205.1028808593783,20005,Soybeans,management_curve,3363.218527270534
0.9194739212622812,Irrigated,2205.1028808593783,20005,Soybeans,management_curve,3845.7721525809948
0.9194739212622812,Non-Irrigated,2205.1028808593783,20005,Soybeans,management_curve,3367.5985634481763
0.924038862096433,Irrigated,2205.1028808593783,20005,Soybeans,management_curve,3849.7751931533166
0.924038862096433,Non-Irrigated,2205.1028808593783,20005,Soybeans,management_curve,3371.858891863208
0.9286038029305848,Irrigated,2205.1028808593783,20005,Soybeans,management_curve,3853.7687391143086
0.9286038029305848,Non-Irrigated,2205.1028808593783,20005,Soybeans,management_curve,3375.999512515628
0.9331687437647365,Irrigated,2205.1028808593783,20005,Soybeans,management_curve,3857.7527904639737
0.9331687437647365,Non-Irrigated,2205.1028808593783,20005,Soybeans,management_curve,3380.0204254054356
0.9377336845988883,Irrigated,2205.1028808593783,20005,Soybeans,management_curve,3861.727347202308
0.9377336845988883,Non-Irrigated,2205.1028808593783,20005,Soybeans,management_curve,3383.9216305326304
0.94229862543304,Irrigated,2205.1028808593783,20005,Soybeans,management_curve,3865.692409329316
0.94229862543304,Non-Irrigated,2205.1028808593783,20005,Soybeans,management_curve,3387.703127897216
0.9468635662671917,Irrigated,2205.1028808593783,20005,Soybeans,management_curve,3869.6479768449954
0.9468635662671917,Non-Irrigated,2205.1028808593783,20005,Soybeans,management_curve,3391.3649174991883
0.9514285071013435,Irrigated,2205.1028808593783,20005,Soybeans,management_curve,3873.5940497493475
0.9514285071013435,Non-Irrigated,2205.1028808593783,20005,Soybeans,management_curve,3394.9069993385515
0.9559934479354952,Irrigated,2205.1028808593783,20005,Soybeans,management_curve,3877.5306280423697
0.9559934479354952,Non-Irrigated,2205.1028808593783,20005,Soybeans,management_curve,3398.3293734153017
0.9605583887696469,Irrigated,2205.1028808593783,20005,Soybeans,management_curve,3881.457711724062
0.9605583887696469,Non-Irrigated,2205.1028808593783,20005,Soybeans,management_curve,3401.632039729439
0.9651233296037988,Irrigated,2205.1028808593783,20005,Soybeans,management_curve,3885.375300794427
0.9651233296037988,Non-Irrigated,2205.1028808593783,20005,Soybeans,management_curve,3404.814998280965
0.9696882704379505,Irrigated,2205.1028808593783,20005,Soybeans,management_curve,3889.283395253466
0.9696882704379505,Non-Irrigated,2205.1028808593783,20005,Soybeans,management_curve,3407.878249069881
0.9742532112721023,Irrigated,2205.1028808593783,20005,Soybeans,management_curve,3893.181995101175
0.9742532112721023,Non-Irrigated,2205.1028808593783,20005,Soybeans,management_curve,3410.8217920961856
0.978818152106254,Irrigated,2205.1028808593783,20005,Soybeans,management_curve,3897.071100337556
0.978818152106254,Non-Irrigated,2205.1028808593783,20005,Soybeans,management_curve,3413.6456273598783
0.9833830929404057,Irrigated,2205.1028808593783,20005,Soybeans,management_curve,3900.950710962607
0.9833830929404057,Non-Irrigated,2205.1028808593783,20005,Soybeans,management_curve,3416.349754860958
0.9879480337745575,Irrigated,2205.1028808593783,20005,Soybeans,management_curve,3904.8208269763295
0.9879480337745575,Non-Irrigated,2205.1028808593783,20005,Soybeans,management_curve,3418.9341745994266
0.9925129746087092,Irrigated,2205.1028808593783,20005,Soybeans,management_curve,3908.6814483787252
0.9925129746087092,Non-Irrigated,2205.1028808593783,20005,Soybeans,management_curve,3421.398886575284
0.997077915442861,Irrigated,2205.1028808593783,20005,Soybeans,management_curve,3912.532575169792
0.997077915442861,Non-Irrigated,2205.1028808593783,20005,Soybeans,management_curve,3423.7438907885303
1.0016428562770128,Irrigated,2205.1028808593783,20005,Soybeans,management_curve,3916.3742073495314
1.0016428562770128,Non-Irrigated,2205.1028808593783,20005,Soybeans,management_curve,3425.9691872391654
1.0062077971111645,Irrigated,2205.1028808593783,20005,Soybeans,management_curve,3920.2063449179427
1.0062077971111645,Non-Irrigated,2205.1028808593783,20005,Soybeans,management_curve,3428.0747759271894
1.0107727379453162,Irrigated,2205.1028808593783,20005,Soybeans,management_curve,3924.028987875024
1.0107727379453162,Non-Irrigated,2205.1028808593783,20005,Soybeans,management_curve,3430.0606568526005
1.015337678779468,Irrigated,2205.1028808593783,20005,Soybeans,management_curve,3927.842136220778
1.015337678779468,Non-Irrigated,2205.1028808593783,20005,Soybeans,management_curve,3431.9268300153994
1.0199026196136196,Irrigated,2205.1028808593783,20005,Soybeans,management_curve,3931.645789955201
1.0199026196136196,Non-Irrigated,2205.1028808593783,20005,Soybeans,management_curve,3433.6732954155873
1.0244675604477713,Irrigated,2205.1028808593783,20005,Soybeans,management_curve,3935.4399490782976
1.0244675604477713,Non-Irrigated,2205.1028808593783,20005,Soybeans,management_curve,3435.300053053165
1.0290325012819233,Irrigated,2205.1028808593783,20005,Soybeans,management_curve,3939.2246135900664
1.0290325012819233,Non-Irrigated,2205.1028808593783,20005,Soybeans,management_curve,3436.8071029281296
1.033597442116075,Irrigated,2205.1028808593783,20005,Soybeans,management_curve,3942.9997834905057
1.033597442116075,Non-Irrigated,2205.1028808593783,20005,Soybeans,management_curve,3438.194445040483
1.038162382950227,Irrigated,2205.1028808593783,20005,Soybeans,management_curve,3946.7654587796173
1.038162382950227,Non-Irrigated,2205.1028808593783,20005,Soybeans,management_curve,3439.4620793902254
1.0427273237843786,Irrigated,2205.1028808593783,20005,Soybeans,management_curve,3950.5216394574018
1.0427273237843786,Non-Irrigated,2205.1028808593783,20005,Soybeans,management_curve,3440.6100059773557
1.0472922646185303,Irrigated,2205.1028808593783,20005,Soybeans,management_curve,3954.268325523855
1.0472922646185303,Non-Irrigated,2205.1028808593783,20005,Soybeans,management_curve,3441.638224801875
1.051857205452682,Irrigated,2205.1028808593783,20005,Soybeans,management_curve,3958.0055169789816
1.051857205452682,Non-Irrigated,2205.1028808593783,20005,Soybeans,management_curve,3442.546735863782
1.0564221462868337,Irrigated,2205.1028808593783,20005,Soybeans,management_curve,3961.733213822779
1.0564221462868337,Non-Irrigated,2205.1028808593783,20005,Soybeans,management_curve,3443.335539163078
1.0609870871209854,Irrigated,2205.1028808593783,20005,Soybeans,management_curve,3965.4514160552494
1.0609870871209854,Non-Irrigated,2205.1028808593783,20005,Soybeans,management_curve,3444.004634699762
1.0655520279551371,Irrigated,2205.1028808593783,20005,Soybeans,management_curve,3969.1601236763895
1.0655520279551371,Non-Irrigated,2205.1028808593783,20005,Soybeans,management_curve,3444.554022473834
1.0701169687892889,Irrigated,2205.1028808593783,20005,Soybeans,management_curve,3972.859336686202
1.0701169687892889,Non-Irrigated,2205.1028808593783,20005,Soybeans,management_curve,3444.9837024852955
1.0746819096234406,Irrigated,2205.1028808593783,20005,Soybeans,management_curve,3976.5490550846857
1.0746819096234406,Non-Irrigated,2205.1028808593783,20005,Soybeans,management_curve,3445.293674734144
1.0792468504575925,Irrigated,2205.1028808593783,20005,Soybeans,management_curve,3980.229278871842
1.0792468504575925,Non-Irrigated,2205.1028808593783,20005,Soybeans,management_curve,3445.4839392203826
1.0838117912917442,Irrigated,2205.1028808593783,20005,Soybeans,management_curve,3983.900008047669
1.0838117912917442,Non-Irrigated,2205.1028808593783,20005,Soybeans,management_curve,3445.554495944009
1.0883767321258961,Irrigated,2205.1028808593783,20005,Soybeans,management_curve,3987.561242612167
1.0883767321258961,Non-Irrigated,2205.1028808593783,20005,Soybeans,management_curve,3445.5053449050224
1.0929416729600478,Irrigated,2205.1028808593783,20005,Soybeans,management_curve,3991.212982565339
1.0929416729600478,Non-Irrigated,2205.1028808593783,20005,Soybeans,management_curve,3445.3364861034274
1.0975066137941996,Irrigated,2205.1028808593783,20005,Soybeans,management_curve,3994.8552279071805
1.0975066137941996,Non-Irrigated,2205.1028808593783,20005,Soybeans,management_curve,3445.0479195392186
1.1020715546283513,Irrigated,2205.1028808593783,20005,Soybeans,management_curve,3998.4879786376946
1.1020715546283513,Non-Irrigated,2205.1028808593783,20005,Soybeans,management_curve,3444.6396452123995
1.106636495462503,Irrigated,2205.1028808593783,20005,Soybeans,management_curve,4002.11123475688
1.106636495462503,Non-Irrigated,2205.1028808593783,20005,Soybeans,management_curve,3444.1116631229675
1.1112014362966547,Irrigated,2205.1028808593783,20005,Soybeans,management_curve,4005.724996264736
1.1112014362966547,Non-Irrigated,2205.1028808593783,20005,Soybeans,management_curve,3443.4639732709243
1.1157663771308064,Irrigated,2205.1028808593783,20005,Soybeans,management_curve,4009.3292631612658
1.1157663771308064,Non-Irrigated,2205.1028808593783,20005,Soybeans,management_curve,3442.69657565627
1.120331317964958,Irrigated,2205.1028808593783,20005,Soybeans,management_curve,4012.924035446466
1.120331317964958,Non-Irrigated,2205.1028808593783,20005,Soybeans,management_curve,3441.8094702790036
1.1248962587991098,Irrigated,2205.1028808593783,20005,Soybeans,management_curve,4016.509313120337
1.1248962587991098,Non-Irrigated,2205.1028808593783,20005,Soybeans,management_curve,3440.802657139126
1.1294611996332617,Irrigated,2205.1028808593783,20005,Soybeans,management_curve,4020.0850961828805
1.1294611996332617,Non-Irrigated,2205.1028808593783,20005,Soybeans,management_curve,3439.6761362366365
1.1340261404674135,Irrigated,2205.1028808593783,20005,Soybeans,management_curve,4023.6513846340954
1.1340261404674135,Non-Irrigated,2205.1028808593783,20005,Soybeans,management_curve,3438.4299075715358
1.1385910813015652,Irrigated,2205.1028808593783,20005,Soybeans,management_curve,4027.2081784739826
1.1385910813015652,Non-Irrigated,2205.1028808593783,20005,Soybeans,management_curve,3437.063971143824
1.143156022135717,Irrigated,2205.1028808593783,20005,Soybeans,management_curve,4030.7554777025384
1.143156022135717,Non-Irrigated,2205.1028808593783,20005,Soybeans,management_curve,3435.5783269534973
1.1477209629698688,Irrigated,2205.1028808593783,20005,Soybeans,management_curve,4034.293282319771
1.1477209629698688,Non-Irrigated,2205.1028808593783,20005,Soybeans,management_curve,3433.972975000565
1.1522859038040205,Irrigated,2205.1028808593783,20005,Soybeans,management_curve,4037.821592325672
1.1522859038040205,Non-Irrigated,2205.1028808593783,20005,Soybeans,management_curve,3432.247915285018
1.1568508446381722,Irrigated,2205.1028808593783,20005,Soybeans,management_curve,4041.3404077202435
1.1568508446381722,Non-Irrigated,2205.1028808593783,20005,Soybeans,management_curve,3430.4031478068578
1.161415785472324,Irrigated,2205.1028808593783,20005,Soybeans,management_curve,4044.8497285034896
1.161415785472324,Non-Irrigated,2205.1028808593783,20005,Soybeans,management_curve,3428.4386725660884
1.1659807263064756,Irrigated,2205.1028808593783,20005,Soybeans,management_curve,4048.3495546754048
1.1659807263064756,Non-Irrigated,2205.1028808593783,20005,Soybeans,management_curve,3426.354489562706
1.1705456671406274,Irrigated,2205.1028808593783,20005,Soybeans,management_curve,4051.8398862359927
1.1705456671406274,Non-Irrigated,2205.1028808593783,20005,Soybeans,management_curve,3424.1505987967125
1.175110607974779,Irrigated,2205.1028808593783,20005,Soybeans,management_curve,4055.320723185252
1.175110607974779,Non-Irrigated,2205.1028808593783,20005,Soybeans,management_curve,3421.827000268108
1.179675548808931,Irrigated,2205.1028808593783,20005,Soybeans,management_curve,4058.7920655231846
1.179675548808931,Non-Irrigated,2205.1028808593783,20005,Soybeans,management_curve,3419.383693976892
1.1842404896430827,Irrigated,2205.1028808593783,20005,Soybeans,management_curve,4062.2539132497877
1.1842404896430827,Non-Irrigated,2205.1028808593783,20005,Soybeans,management_curve,3416.8206799230643
1.1888054304772344,Irrigated,2205.1028808593783,20005,Soybeans,management_curve,4065.7062663650613
1.1888054304772344,Non-Irrigated,2205.1028808593783,20005,Soybeans,management_curve,3414.1379581066253
1.1933703713113863,Irrigated,2205.1028808593783,20005,Soybeans,management_curve,4069.1491248690063
1.1933703713113863,Non-Irrigated,2205.1028808593783,20005,Soybeans,management_curve,3411.3355285275716
1.197935312145538,Irrigated,2205.1028808593783,20005,Soybeans,management_curve,4072.5824887616236
1.197935312145538,Non-Irrigated,2205.1028808593783,20005,Soybeans,management_curve,3408.4133911859094
1.2025002529796898,Irrigated,2205.1028808593783,20005,Soybeans,management_curve,4076.006358042912
1.2025002529796898,Non-Irrigated,2205.1028808593783,20005,Soybeans,management_curve,3405.371546081635
1.2070651938138415,Irrigated,2205.1028808593783,20005,Soybeans,management_curve,4079.4207327128756
1.2070651938138415,Non-Irrigated,2205.1028808593783,20005,Soybeans,management_curve,3402.2099932147516
1.2116301346479932,Irrigated,2205.1028808593783,20005,Soybeans,management_curve,4082.825612771508
1.2116301346479932,Non-Irrigated,2205.1028808593783,20005,Soybeans,management_curve,3398.9287325852542
1.216195075482145,Irrigated,2205.1028808593783,20005,Soybeans,management_curve,4086.2209982188106
1.216195075482145,Non-Irrigated,2205.1028808593783,20005,Soybeans,management_curve,3395.527764193145
1.2207600163162966,Irrigated,2205.1028808593783,20005,Soybeans,management_curve,4089.606889054786
1.2207600163162966,Non-Irrigated,2205.1028808593783,20005,Soybeans,management_curve,3392.007088038424
1.2253249571504483,Irrigated,2205.1028808593783,20005,Soybeans,management_curve,4092.983285279433
1.2253249571504483,Non-Irrigated,2205.1028808593783,20005,Soybeans,management_curve,3388.3667041210924
1.2298898979846002,Irrigated,2205.1028808593783,20005,Soybeans,management_curve,4096.35018689275
1.2298898979846002,Non-Irrigated,2205.1028808593783,20005,Soybeans,management_curve,3384.606612441147
1.234454838818752,Irrigated,2205.1028808593783,20005,Soybeans,management_curve,4099.707593894742
1.234454838818752,Non-Irrigated,2205.1028808593783,20005,Soybeans,management_curve,3380.7268129985937
1.2390197796529037,Irrigated,2205.1028808593783,20005,Soybeans,management_curve,4103.055506285405
1.2390197796529037,Non-Irrigated,2205.1028808593783,20005,Soybeans,management_curve,3376.7273057934267
1.2435847204870556,Irrigated,2205.1028808593783,20005,Soybeans,management_curve,4106.393924064736
1.2435847204870556,Non-Irrigated,2205.1028808593783,20005,Soybeans,management_curve,3372.6080908256467
1.2481496613212073,Irrigated,2205.1028808593783,20005,Soybeans,management_curve,4109.722847232742
1.2481496613212073,Non-Irrigated,2205.1028808593783,20005,Soybeans,management_curve,3368.3691680952575
1.252714602155359,Irrigated,2205.1028808593783,20005,Soybeans,management_curve,4113.0422757894185
1.252714602155359,Non-Irrigated,2205.1028808593783,20005,Soybeans,management_curve,3364.010537602256
1.2572795429895107,Irrigated,2205.1028808593783,20005,Soybeans,management_curve,4116.352209734768
1.2572795429895107,Non-Irrigated,2205.1028808593783,20005,Soybeans,management_curve,3359.5321993466437
1.2618444838236624,Irrigated,2205.1028808593783,20005,Soybeans,management_curve,4119.652649068787
1.2618444838236624,Non-Irrigated,2205.1028808593783,20005,Soybeans,management_curve,3354.9341533284182
1.2664094246578141,Irrigated,2205.1028808593783,20005,Soybeans,management_curve,4122.9435937914795
1.2664094246578141,Non-Irrigated,2205.1028808593783,20005,Soybeans,management_curve,3350.2163995475844
