n,MAE,RMSE,R2
17,1980493.0502869065,2667232.4562423257,0.745734075886742
