RMSE,MAE,R2
0.037851696869214864,0.030605383707410942,0.4638171405696884
