RMSE,MAE,R2
2522533.3879986852,1870870.4387018525,0.7725739160344143
