Year,water_condition,Crop,model,totalWater_m,GDD,FIPS,predicted_yield
2006,dry,Corn,current,0.6183874753081031,2203.103851318363,20005,9768.261001750638
2006,median,Corn,current,0.826253180740661,2203.103851318363,20005,11226.46424279708
2006,wet,Corn,current,1.0378290831730899,2203.103851318363,20005,11068.141692614066
2007,dry,Corn,current,0.6183874753081031,2203.103851318363,20005,9768.261001750638
2007,median,Corn,current,0.826253180740661,2203.103851318363,20005,11226.46424279708
2007,wet,Corn,current,1.0378290831730899,2203.103851318363,20005,11068.141692614066
2008,dry,Corn,current,0.6183874753081031,2203.103851318363,20005,9768.261001750638
2008,median,Corn,current,0.826253180740661,2203.103851318363,20005,11226.46424279708
2008,wet,Corn,current,1.0378290831730899,2203.103851318363,20005,11068.141692614066
2009,dry,Corn,current,0.6183874753081031,2203.103851318363,20005,9768.261001750638
2009,median,Corn,current,0.826253180740661,2203.103851318363,20005,11226.46424279708
2009,wet,Corn,current,1.0378290831730899,2203.103851318363,20005,11068.141692614066
2010,dry,Corn,current,0.6183874753081031,2203.103851318363,20005,9768.261001750638
2010,median,Corn,current,0.826253180740661,2203.103851318363,20005,11226.46424279708
2010,wet,Corn,current,1.0378290831730899,2203.103851318363,20005,11068.141692614066
2011,dry,Corn,current,0.6183874753081031,2203.103851318363,20005,9768.261001750638
2011,median,Corn,current,0.826253180740661,2203.103851318363,20005,11226.46424279708
2011,wet,Corn,current,1.0378290831730899,2203.103851318363,20005,11068.141692614066
2012,dry,Corn,current,0.6183874753081031,2203.103851318363,20005,9768.261001750638
2012,median,Corn,current,0.826253180740661,2203.103851318363,20005,11226.46424279708
2012,wet,Corn,current,1.0378290831730899,2203.103851318363,20005,11068.141692614066
2013,dry,Corn,current,0.6183874753081031,2203.103851318363,20005,9768.261001750638
2013,median,Corn,current,0.826253180740661,2203.103851318363,20005,11226.46424279708
2013,wet,Corn,current,1.0378290831730899,2203.103851318363,20005,11068.141692614066
2014,dry,Corn,current,0.6183874753081031,2203.103851318363,20005,9768.261001750638
2014,median,Corn,current,0.826253180740661,2203.103851318363,20005,11226.46424279708
2014,wet,Corn,current,1.0378290831730899,2203.103851318363,20005,11068.141692614066
2015,dry,Corn,current,0.6183874753081031,2203.103851318363,20005,9768.261001750638
2015,median,Corn,current,0.826253180740661,2203.103851318363,20005,11226.46424279708
2015,wet,Corn,current,1.0378290831730899,2203.103851318363,20005,11068.141692614066
2016,dry,Corn,current,0.6183874753081031,2203.103851318363,20005,9768.261001750638
2016,median,Corn,current,0.826253180740661,2203.103851318363,20005,11226.46424279708
2016,wet,Corn,current,1.0378290831730899,2203.103851318363,20005,11068.141692614066
2017,dry,Corn,current,0.6183874753081031,2203.103851318363,20005,9768.261001750638
2017,median,Corn,current,0.826253180740661,2203.103851318363,20005,11226.46424279708
2017,wet,Corn,current,1.0378290831730899,2203.103851318363,20005,11068.141692614066
2018,dry,Corn,current,0.6183874753081031,2203.103851318363,20005,9768.261001750638
2018,median,Corn,current,0.826253180740661,2203.103851318363,20005,11226.46424279708
2018,wet,Corn,current,1.0378290831730899,2203.103851318363,20005,11068.141692614066
2019,dry,Corn,current,0.6183874753081031,2203.103851318363,20005,9768.261001750638
2019,median,Corn,current,0.826253180740661,2203.103851318363,20005,11226.46424279708
2019,wet,Corn,current,1.0378290831730899,2203.103851318363,20005,11068.141692614066
2020,dry,Corn,current,0.6183874753081031,2203.103851318363,20005,9768.261001750638
2020,median,Corn,current,0.826253180740661,2203.103851318363,20005,11226.46424279708
2020,wet,Corn,current,1.0378290831730899,2203.103851318363,20005,11068.141692614066
2021,dry,Corn,current,0.6183874753081031,2203.103851318363,20005,9768.261001750638
2021,median,Corn,current,0.826253180740661,2203.103851318363,20005,11226.46424279708
2021,wet,Corn,current,1.0378290831730899,2203.103851318363,20005,11068.141692614066
2022,dry,Corn,current,0.6183874753081031,2203.103851318363,20005,9768.261001750638
2022,median,Corn,current,0.826253180740661,2203.103851318363,20005,11226.46424279708
2022,wet,Corn,current,1.0378290831730899,2203.103851318363,20005,11068.141692614066
2023,dry,Corn,current,0.6183874753081031,2203.103851318363,20005,9768.261001750638
2023,median,Corn,current,0.826253180740661,2203.103851318363,20005,11226.46424279708
2023,wet,Corn,current,1.0378290831730899,2203.103851318363,20005,11068.141692614066
2024,dry,Corn,current,0.6183874753081031,2203.103851318363,20005,9768.261001750638
2024,median,Corn,current,0.826253180740661,2203.103851318363,20005,11226.46424279708
2024,wet,Corn,current,1.0378290831730899,2203.103851318363,20005,11068.141692614066
2025,dry,Corn,current,0.6183874753081031,2203.103851318363,20005,9768.261001750638
2025,median,Corn,current,0.826253180740661,2203.103851318363,20005,11226.46424279708
2025,wet,Corn,current,1.0378290831730899,2203.103851318363,20005,11068.141692614066
2026,dry,Corn,current,0.6183874753081031,2203.103851318363,20005,9768.261001750638
2026,median,Corn,current,0.826253180740661,2203.103851318363,20005,11226.46424279708
2026,wet,Corn,current,1.0378290831730899,2203.103851318363,20005,11068.141692614066
2027,dry,Corn,current,0.6183874753081031,2203.103851318363,20005,9768.261001750638
2027,median,Corn,current,0.826253180740661,2203.103851318363,20005,11226.46424279708
2027,wet,Corn,current,1.0378290831730899,2203.103851318363,20005,11068.141692614066
2028,dry,Corn,current,0.6183874753081031,2203.103851318363,20005,9768.261001750638
2028,median,Corn,current,0.826253180740661,2203.103851318363,20005,11226.46424279708
2028,wet,Corn,current,1.0378290831730899,2203.103851318363,20005,11068.141692614066
2029,dry,Corn,current,0.6183874753081031,2203.103851318363,20005,9768.261001750638
2029,median,Corn,current,0.826253180740661,2203.103851318363,20005,11226.46424279708
2029,wet,Corn,current,1.0378290831730899,2203.103851318363,20005,11068.141692614066
2030,dry,Corn,current,0.6183874753081031,2203.103851318363,20005,9768.261001750638
2030,median,Corn,current,0.826253180740661,2203.103851318363,20005,11226.46424279708
2030,wet,Corn,current,1.0378290831730899,2203.103851318363,20005,11068.141692614066
2031,dry,Corn,current,0.6183874753081031,2203.103851318363,20005,9768.261001750638
2031,median,Corn,current,0.826253180740661,2203.103851318363,20005,11226.46424279708
2031,wet,Corn,current,1.0378290831730899,2203.103851318363,20005,11068.141692614066
2032,dry,Corn,current,0.6183874753081031,2203.103851318363,20005,9768.261001750638
2032,median,Corn,current,0.826253180740661,2203.103851318363,20005,11226.46424279708
2032,wet,Corn,current,1.0378290831730899,2203.103851318363,20005,11068.141692614066
2033,dry,Corn,current,0.6183874753081031,2203.103851318363,20005,9768.261001750638
2033,median,Corn,current,0.826253180740661,2203.103851318363,20005,11226.46424279708
2033,wet,Corn,current,1.0378290831730899,2203.103851318363,20005,11068.141692614066
2034,dry,Corn,current,0.6183874753081031,2203.103851318363,20005,9768.261001750638
2034,median,Corn,current,0.826253180740661,2203.103851318363,20005,11226.46424279708
2034,wet,Corn,current,1.0378290831730899,2203.103851318363,20005,11068.141692614066
2035,dry,Corn,current,0.6183874753081031,2203.103851318363,20005,9768.261001750638
2035,median,Corn,current,0.826253180740661,2203.103851318363,20005,11226.46424279708
2035,wet,Corn,current,1.0378290831730899,2203.103851318363,20005,11068.141692614066
2036,dry,Corn,current,0.6183874753081031,2203.103851318363,20005,9768.261001750638
2036,median,Corn,current,0.826253180740661,2203.103851318363,20005,11226.46424279708
2036,wet,Corn,current,1.0378290831730899,2203.103851318363,20005,11068.141692614066
2037,dry,Corn,current,0.6183874753081031,2203.103851318363,20005,9768.261001750638
2037,median,Corn,current,0.826253180740661,2203.103851318363,20005,11226.46424279708
2037,wet,Corn,current,1.0378290831730899,2203.103851318363,20005,11068.141692614066
2038,dry,Corn,current,0.6183874753081031,2203.103851318363,20005,9768.261001750638
2038,median,Corn,current,0.826253180740661,2203.103851318363,20005,11226.46424279708
2038,wet,Corn,current,1.0378290831730899,2203.103851318363,20005,11068.141692614066
2039,dry,Corn,current,0.6183874753081031,2203.103851318363,20005,9768.261001750638
2039,median,Corn,current,0.826253180740661,2203.103851318363,20005,11226.46424279708
2039,wet,Corn,current,1.0378290831730899,2203.103851318363,20005,11068.141692614066
2040,dry,Corn,current,0.6183874753081031,2203.103851318363,20005,9768.261001750638
2040,median,Corn,current,0.826253180740661,2203.103851318363,20005,11226.46424279708
2040,wet,Corn,current,1.0378290831730899,2203.103851318363,20005,11068.141692614066
2041,dry,Corn,current,0.6183874753081031,2203.103851318363,20005,9768.261001750638
2041,median,Corn,current,0.826253180740661,2203.103851318363,20005,11226.46424279708
2041,wet,Corn,current,1.0378290831730899,2203.103851318363,20005,11068.141692614066
2042,dry,Corn,current,0.6183874753081031,2203.103851318363,20005,9768.261001750638
2042,median,Corn,current,0.826253180740661,2203.103851318363,20005,11226.46424279708
2042,wet,Corn,current,1.0378290831730899,2203.103851318363,20005,11068.141692614066
2043,dry,Corn,current,0.6183874753081031,2203.103851318363,20005,9768.261001750638
2043,median,Corn,current,0.826253180740661,2203.103851318363,20005,11226.46424279708
2043,wet,Corn,current,1.0378290831730899,2203.103851318363,20005,11068.141692614066
2044,dry,Corn,current,0.6183874753081031,2203.103851318363,20005,9768.261001750638
2044,median,Corn,current,0.826253180740661,2203.103851318363,20005,11226.46424279708
2044,wet,Corn,current,1.0378290831730899,2203.103851318363,20005,11068.141692614066
2045,dry,Corn,current,0.6183874753081031,2203.103851318363,20005,9768.261001750638
2045,median,Corn,current,0.826253180740661,2203.103851318363,20005,11226.46424279708
2045,wet,Corn,current,1.0378290831730899,2203.103851318363,20005,11068.141692614066
2046,dry,Corn,current,0.6183874753081031,2203.103851318363,20005,9768.261001750638
2046,median,Corn,current,0.826253180740661,2203.103851318363,20005,11226.46424279708
2046,wet,Corn,current,1.0378290831730899,2203.103851318363,20005,11068.141692614066
2047,dry,Corn,current,0.6183874753081031,2203.103851318363,20005,9768.261001750638
2047,median,Corn,current,0.826253180740661,2203.103851318363,20005,11226.46424279708
2047,wet,Corn,current,1.0378290831730899,2203.103851318363,20005,11068.141692614066
2048,dry,Corn,current,0.6183874753081031,2203.103851318363,20005,9768.261001750638
2048,median,Corn,current,0.826253180740661,2203.103851318363,20005,11226.46424279708
2048,wet,Corn,current,1.0378290831730899,2203.103851318363,20005,11068.141692614066
2049,dry,Corn,current,0.6183874753081031,2203.103851318363,20005,9768.261001750638
2049,median,Corn,current,0.826253180740661,2203.103851318363,20005,11226.46424279708
2049,wet,Corn,current,1.0378290831730899,2203.103851318363,20005,11068.141692614066
2050,dry,Corn,current,0.6183874753081031,2203.103851318363,20005,9768.261001750638
2050,median,Corn,current,0.826253180740661,2203.103851318363,20005,11226.46424279708
2050,wet,Corn,current,1.0378290831730899,2203.103851318363,20005,11068.141692614066
2051,dry,Corn,current,0.6183874753081031,2203.103851318363,20005,9768.261001750638
2051,median,Corn,current,0.826253180740661,2203.103851318363,20005,11226.46424279708
2051,wet,Corn,current,1.0378290831730899,2203.103851318363,20005,11068.141692614066
2052,dry,Corn,current,0.6183874753081031,2203.103851318363,20005,9768.261001750638
2052,median,Corn,current,0.826253180740661,2203.103851318363,20005,11226.46424279708
2052,wet,Corn,current,1.0378290831730899,2203.103851318363,20005,11068.141692614066
2053,dry,Corn,current,0.6183874753081031,2203.103851318363,20005,9768.261001750638
2053,median,Corn,current,0.826253180740661,2203.103851318363,20005,11226.46424279708
2053,wet,Corn,current,1.0378290831730899,2203.103851318363,20005,11068.141692614066
2054,dry,Corn,current,0.6183874753081031,2203.103851318363,20005,9768.261001750638
2054,median,Corn,current,0.826253180740661,2203.103851318363,20005,11226.46424279708
2054,wet,Corn,current,1.0378290831730899,2203.103851318363,20005,11068.141692614066
2055,dry,Corn,current,0.6183874753081031,2203.103851318363,20005,9768.261001750638
2055,median,Corn,current,0.826253180740661,2203.103851318363,20005,11226.46424279708
2055,wet,Corn,current,1.0378290831730899,2203.103851318363,20005,11068.141692614066
2056,dry,Corn,current,0.6183874753081031,2203.103851318363,20005,9768.261001750638
2056,median,Corn,current,0.826253180740661,2203.103851318363,20005,11226.46424279708
2056,wet,Corn,current,1.0378290831730899,2203.103851318363,20005,11068.141692614066
2057,dry,Corn,current,0.6183874753081031,2203.103851318363,20005,9768.261001750638
2057,median,Corn,current,0.826253180740661,2203.103851318363,20005,11226.46424279708
2057,wet,Corn,current,1.0378290831730899,2203.103851318363,20005,11068.141692614066
2058,dry,Corn,current,0.6183874753081031,2203.103851318363,20005,9768.261001750638
2058,median,Corn,current,0.826253180740661,2203.103851318363,20005,11226.46424279708
2058,wet,Corn,current,1.0378290831730899,2203.103851318363,20005,11068.141692614066
2059,dry,Corn,current,0.6183874753081031,2203.103851318363,20005,9768.261001750638
2059,median,Corn,current,0.826253180740661,2203.103851318363,20005,11226.46424279708
2059,wet,Corn,current,1.0378290831730899,2203.103851318363,20005,11068.141692614066
2060,dry,Corn,current,0.6183874753081031,2203.103851318363,20005,9768.261001750638
2060,median,Corn,current,0.826253180740661,2203.103851318363,20005,11226.46424279708
2060,wet,Corn,current,1.0378290831730899,2203.103851318363,20005,11068.141692614066
2061,dry,Corn,current,0.6183874753081031,2203.103851318363,20005,9768.261001750638
2061,median,Corn,current,0.826253180740661,2203.103851318363,20005,11226.46424279708
2061,wet,Corn,current,1.0378290831730899,2203.103851318363,20005,11068.141692614066
2062,dry,Corn,current,0.6183874753081031,2203.103851318363,20005,9768.261001750638
2062,median,Corn,current,0.826253180740661,2203.103851318363,20005,11226.46424279708
2062,wet,Corn,current,1.0378290831730899,2203.103851318363,20005,11068.141692614066
2063,dry,Corn,current,0.6183874753081031,2203.103851318363,20005,9768.261001750638
2063,median,Corn,current,0.826253180740661,2203.103851318363,20005,11226.46424279708
2063,wet,Corn,current,1.0378290831730899,2203.103851318363,20005,11068.141692614066
2064,dry,Corn,current,0.6183874753081031,2203.103851318363,20005,9768.261001750638
2064,median,Corn,current,0.826253180740661,2203.103851318363,20005,11226.46424279708
2064,wet,Corn,current,1.0378290831730899,2203.103851318363,20005,11068.141692614066
2065,dry,Corn,current,0.6183874753081031,2203.103851318363,20005,9768.261001750638
2065,median,Corn,current,0.826253180740661,2203.103851318363,20005,11226.46424279708
2065,wet,Corn,current,1.0378290831730899,2203.103851318363,20005,11068.141692614066
2066,dry,Corn,current,0.6183874753081031,2203.103851318363,20005,9768.261001750638
2066,median,Corn,current,0.826253180740661,2203.103851318363,20005,11226.46424279708
2066,wet,Corn,current,1.0378290831730899,2203.103851318363,20005,11068.141692614066
2067,dry,Corn,current,0.6183874753081031,2203.103851318363,20005,9768.261001750638
2067,median,Corn,current,0.826253180740661,2203.103851318363,20005,11226.46424279708
2067,wet,Corn,current,1.0378290831730899,2203.103851318363,20005,11068.141692614066
2068,dry,Corn,current,0.6183874753081031,2203.103851318363,20005,9768.261001750638
2068,median,Corn,current,0.826253180740661,2203.103851318363,20005,11226.46424279708
2068,wet,Corn,current,1.0378290831730899,2203.103851318363,20005,11068.141692614066
2069,dry,Corn,current,0.6183874753081031,2203.103851318363,20005,9768.261001750638
2069,median,Corn,current,0.826253180740661,2203.103851318363,20005,11226.46424279708
2069,wet,Corn,current,1.0378290831730899,2203.103851318363,20005,11068.141692614066
2070,dry,Corn,current,0.6183874753081031,2203.103851318363,20005,9768.261001750638
2070,median,Corn,current,0.826253180740661,2203.103851318363,20005,11226.46424279708
2070,wet,Corn,current,1.0378290831730899,2203.103851318363,20005,11068.141692614066
2071,dry,Corn,current,0.6183874753081031,2203.103851318363,20005,9768.261001750638
2071,median,Corn,current,0.826253180740661,2203.103851318363,20005,11226.46424279708
2071,wet,Corn,current,1.0378290831730899,2203.103851318363,20005,11068.141692614066
2072,dry,Corn,current,0.6183874753081031,2203.103851318363,20005,9768.261001750638
2072,median,Corn,current,0.826253180740661,2203.103851318363,20005,11226.46424279708
2072,wet,Corn,current,1.0378290831730899,2203.103851318363,20005,11068.141692614066
2073,dry,Corn,current,0.6183874753081031,2203.103851318363,20005,9768.261001750638
2073,median,Corn,current,0.826253180740661,2203.103851318363,20005,11226.46424279708
2073,wet,Corn,current,1.0378290831730899,2203.103851318363,20005,11068.141692614066
2074,dry,Corn,current,0.6183874753081031,2203.103851318363,20005,9768.261001750638
2074,median,Corn,current,0.826253180740661,2203.103851318363,20005,11226.46424279708
2074,wet,Corn,current,1.0378290831730899,2203.103851318363,20005,11068.141692614066
2075,dry,Corn,current,0.6183874753081031,2203.103851318363,20005,9768.261001750638
2075,median,Corn,current,0.826253180740661,2203.103851318363,20005,11226.46424279708
2075,wet,Corn,current,1.0378290831730899,2203.103851318363,20005,11068.141692614066
2076,dry,Corn,current,0.6183874753081031,2203.103851318363,20005,9768.261001750638
2076,median,Corn,current,0.826253180740661,2203.103851318363,20005,11226.46424279708
2076,wet,Corn,current,1.0378290831730899,2203.103851318363,20005,11068.141692614066
2077,dry,Corn,current,0.6183874753081031,2203.103851318363,20005,9768.261001750638
2077,median,Corn,current,0.826253180740661,2203.103851318363,20005,11226.46424279708
2077,wet,Corn,current,1.0378290831730899,2203.103851318363,20005,11068.141692614066
2078,dry,Corn,current,0.6183874753081031,2203.103851318363,20005,9768.261001750638
2078,median,Corn,current,0.826253180740661,2203.103851318363,20005,11226.46424279708
2078,wet,Corn,current,1.0378290831730899,2203.103851318363,20005,11068.141692614066
2079,dry,Corn,current,0.6183874753081031,2203.103851318363,20005,9768.261001750638
2079,median,Corn,current,0.826253180740661,2203.103851318363,20005,11226.46424279708
2079,wet,Corn,current,1.0378290831730899,2203.103851318363,20005,11068.141692614066
2080,dry,Corn,current,0.6183874753081031,2203.103851318363,20005,9768.261001750638
2080,median,Corn,current,0.826253180740661,2203.103851318363,20005,11226.46424279708
2080,wet,Corn,current,1.0378290831730899,2203.103851318363,20005,11068.141692614066
2081,dry,Corn,current,0.6183874753081031,2203.103851318363,20005,9768.261001750638
2081,median,Corn,current,0.826253180740661,2203.103851318363,20005,11226.46424279708
2081,wet,Corn,current,1.0378290831730899,2203.103851318363,20005,11068.141692614066
2082,dry,Corn,current,0.6183874753081031,2203.103851318363,20005,9768.261001750638
2082,median,Corn,current,0.826253180740661,2203.103851318363,20005,11226.46424279708
2082,wet,Corn,current,1.0378290831730899,2203.103851318363,20005,11068.141692614066
2083,dry,Corn,current,0.6183874753081031,2203.103851318363,20005,9768.261001750638
2083,median,Corn,current,0.826253180740661,2203.103851318363,20005,11226.46424279708
2083,wet,Corn,current,1.0378290831730899,2203.103851318363,20005,11068.141692614066
2084,dry,Corn,current,0.6183874753081031,2203.103851318363,20005,9768.261001750638
2084,median,Corn,current,0.826253180740661,2203.103851318363,20005,11226.46424279708
2084,wet,Corn,current,1.0378290831730899,2203.103851318363,20005,11068.141692614066
2085,dry,Corn,current,0.6183874753081031,2203.103851318363,20005,9768.261001750638
2085,median,Corn,current,0.826253180740661,2203.103851318363,20005,11226.46424279708
2085,wet,Corn,current,1.0378290831730899,2203.103851318363,20005,11068.141692614066
2086,dry,Corn,current,0.6183874753081031,2203.103851318363,20005,9768.261001750638
2086,median,Corn,current,0.826253180740661,2203.103851318363,20005,11226.46424279708
2086,wet,Corn,current,1.0378290831730899,2203.103851318363,20005,11068.141692614066
2087,dry,Corn,current,0.6183874753081031,2203.103851318363,20005,9768.261001750638
2087,median,Corn,current,0.826253180740661,2203.103851318363,20005,11226.46424279708
2087,wet,Corn,current,1.0378290831730899,2203.103851318363,20005,11068.141692614066
2088,dry,Corn,current,0.6183874753081031,2203.103851318363,20005,9768.261001750638
2088,median,Corn,current,0.826253180740661,2203.103851318363,20005,11226.46424279708
2088,wet,Corn,current,1.0378290831730899,2203.103851318363,20005,11068.141692614066
2089,dry,Corn,current,0.6183874753081031,2203.103851318363,20005,9768.261001750638
2089,median,Corn,current,0.826253180740661,2203.103851318363,20005,11226.46424279708
2089,wet,Corn,current,1.0378290831730899,2203.103851318363,20005,11068.141692614066
2090,dry,Corn,current,0.6183874753081031,2203.103851318363,20005,9768.261001750638
2090,median,Corn,current,0.826253180740661,2203.103851318363,20005,11226.46424279708
2090,wet,Corn,current,1.0378290831730899,2203.103851318363,20005,11068.141692614066
2091,dry,Corn,current,0.6183874753081031,2203.103851318363,20005,9768.261001750638
2091,median,Corn,current,0.826253180740661,2203.103851318363,20005,11226.46424279708
2091,wet,Corn,current,1.0378290831730899,2203.103851318363,20005,11068.141692614066
2092,dry,Corn,current,0.6183874753081031,2203.103851318363,20005,9768.261001750638
2092,median,Corn,current,0.826253180740661,2203.103851318363,20005,11226.46424279708
2092,wet,Corn,current,1.0378290831730899,2203.103851318363,20005,11068.141692614066
2093,dry,Corn,current,0.6183874753081031,2203.103851318363,20005,9768.261001750638
2093,median,Corn,current,0.826253180740661,2203.103851318363,20005,11226.46424279708
2093,wet,Corn,current,1.0378290831730899,2203.103851318363,20005,11068.141692614066
2094,dry,Corn,current,0.6183874753081031,2203.103851318363,20005,9768.261001750638
2094,median,Corn,current,0.826253180740661,2203.103851318363,20005,11226.46424279708
2094,wet,Corn,current,1.0378290831730899,2203.103851318363,20005,11068.141692614066
2095,dry,Corn,current,0.6183874753081031,2203.103851318363,20005,9768.261001750638
2095,median,Corn,current,0.826253180740661,2203.103851318363,20005,11226.46424279708
2095,wet,Corn,current,1.0378290831730899,2203.103851318363,20005,11068.141692614066
2096,dry,Corn,current,0.6183874753081031,2203.103851318363,20005,9768.261001750638
2096,median,Corn,current,0.826253180740661,2203.103851318363,20005,11226.46424279708
2096,wet,Corn,current,1.0378290831730899,2203.103851318363,20005,11068.141692614066
2097,dry,Corn,current,0.6183874753081031,2203.103851318363,20005,9768.261001750638
2097,median,Corn,current,0.826253180740661,2203.103851318363,20005,11226.46424279708
2097,wet,Corn,current,1.0378290831730899,2203.103851318363,20005,11068.141692614066
2098,dry,Corn,current,0.6183874753081031,2203.103851318363,20005,9768.261001750638
2098,median,Corn,current,0.826253180740661,2203.103851318363,20005,11226.46424279708
2098,wet,Corn,current,1.0378290831730899,2203.103851318363,20005,11068.141692614066
2099,dry,Corn,current,0.6183874753081031,2203.103851318363,20005,9768.261001750638
2099,median,Corn,current,0.826253180740661,2203.103851318363,20005,11226.46424279708
2099,wet,Corn,current,1.0378290831730899,2203.103851318363,20005,11068.141692614066
2100,dry,Corn,current,0.6183874753081031,2203.103851318363,20005,9768.261001750638
2100,median,Corn,current,0.826253180740661,2203.103851318363,20005,11226.46424279708
2100,wet,Corn,current,1.0378290831730899,2203.103851318363,20005,11068.141692614066
2006,dry,Sorghum,current,0.5581503551627393,2301.973215071879,20061,5482.176466301052
2006,median,Sorghum,current,0.7355363860922808,2301.973215071879,20061,6703.505828040327
2006,wet,Sorghum,current,0.8966245064469586,2301.973215071879,20061,6794.254061384731
2007,dry,Sorghum,current,0.5581503551627393,2301.973215071879,20061,5482.176466301052
2007,median,Sorghum,current,0.7355363860922808,2301.973215071879,20061,6703.505828040327
2007,wet,Sorghum,current,0.8966245064469586,2301.973215071879,20061,6794.254061384731
2008,dry,Sorghum,current,0.5581503551627393,2301.973215071879,20061,5482.176466301052
2008,median,Sorghum,current,0.7355363860922808,2301.973215071879,20061,6703.505828040327
2008,wet,Sorghum,current,0.8966245064469586,2301.973215071879,20061,6794.254061384731
2009,dry,Sorghum,current,0.5581503551627393,2301.973215071879,20061,5482.176466301052
2009,median,Sorghum,current,0.7355363860922808,2301.973215071879,20061,6703.505828040327
2009,wet,Sorghum,current,0.8966245064469586,2301.973215071879,20061,6794.254061384731
2010,dry,Sorghum,current,0.5581503551627393,2301.973215071879,20061,5482.176466301052
2010,median,Sorghum,current,0.7355363860922808,2301.973215071879,20061,6703.505828040327
2010,wet,Sorghum,current,0.8966245064469586,2301.973215071879,20061,6794.254061384731
2011,dry,Sorghum,current,0.5581503551627393,2301.973215071879,20061,5482.176466301052
2011,median,Sorghum,current,0.7355363860922808,2301.973215071879,20061,6703.505828040327
2011,wet,Sorghum,current,0.8966245064469586,2301.973215071879,20061,6794.254061384731
2012,dry,Sorghum,current,0.5581503551627393,2301.973215071879,20061,5482.176466301052
2012,median,Sorghum,current,0.7355363860922808,2301.973215071879,20061,6703.505828040327
2012,wet,Sorghum,current,0.8966245064469586,2301.973215071879,20061,6794.254061384731
2013,dry,Sorghum,current,0.5581503551627393,2301.973215071879,20061,5482.176466301052
2013,median,Sorghum,current,0.7355363860922808,2301.973215071879,20061,6703.505828040327
2013,wet,Sorghum,current,0.8966245064469586,2301.973215071879,20061,6794.254061384731
2014,dry,Sorghum,current,0.5581503551627393,2301.973215071879,20061,5482.176466301052
2014,median,Sorghum,current,0.7355363860922808,2301.973215071879,20061,6703.505828040327
2014,wet,Sorghum,current,0.8966245064469586,2301.973215071879,20061,6794.254061384731
2015,dry,Sorghum,current,0.5581503551627393,2301.973215071879,20061,5482.176466301052
2015,median,Sorghum,current,0.7355363860922808,2301.973215071879,20061,6703.505828040327
2015,wet,Sorghum,current,0.8966245064469586,2301.973215071879,20061,6794.254061384731
2016,dry,Sorghum,current,0.5581503551627393,2301.973215071879,20061,5482.176466301052
2016,median,Sorghum,current,0.7355363860922808,2301.973215071879,20061,6703.505828040327
2016,wet,Sorghum,current,0.8966245064469586,2301.973215071879,20061,6794.254061384731
2017,dry,Sorghum,current,0.5581503551627393,2301.973215071879,20061,5482.176466301052
2017,median,Sorghum,current,0.7355363860922808,2301.973215071879,20061,6703.505828040327
2017,wet,Sorghum,current,0.8966245064469586,2301.973215071879,20061,6794.254061384731
2018,dry,Sorghum,current,0.5581503551627393,2301.973215071879,20061,5482.176466301052
2018,median,Sorghum,current,0.7355363860922808,2301.973215071879,20061,6703.505828040327
2018,wet,Sorghum,current,0.8966245064469586,2301.973215071879,20061,6794.254061384731
2019,dry,Sorghum,current,0.5581503551627393,2301.973215071879,20061,5482.176466301052
2019,median,Sorghum,current,0.7355363860922808,2301.973215071879,20061,6703.505828040327
2019,wet,Sorghum,current,0.8966245064469586,2301.973215071879,20061,6794.254061384731
2020,dry,Sorghum,current,0.5581503551627393,2301.973215071879,20061,5482.176466301052
2020,median,Sorghum,current,0.7355363860922808,2301.973215071879,20061,6703.505828040327
2020,wet,Sorghum,current,0.8966245064469586,2301.973215071879,20061,6794.254061384731
2021,dry,Sorghum,current,0.5581503551627393,2301.973215071879,20061,5482.176466301052
2021,median,Sorghum,current,0.7355363860922808,2301.973215071879,20061,6703.505828040327
2021,wet,Sorghum,current,0.8966245064469586,2301.973215071879,20061,6794.254061384731
2022,dry,Sorghum,current,0.5581503551627393,2301.973215071879,20061,5482.176466301052
2022,median,Sorghum,current,0.7355363860922808,2301.973215071879,20061,6703.505828040327
2022,wet,Sorghum,current,0.8966245064469586,2301.973215071879,20061,6794.254061384731
2023,dry,Sorghum,current,0.5581503551627393,2301.973215071879,20061,5482.176466301052
2023,median,Sorghum,current,0.7355363860922808,2301.973215071879,20061,6703.505828040327
2023,wet,Sorghum,current,0.8966245064469586,2301.973215071879,20061,6794.254061384731
2024,dry,Sorghum,current,0.5581503551627393,2301.973215071879,20061,5482.176466301052
2024,median,Sorghum,current,0.7355363860922808,2301.973215071879,20061,6703.505828040327
2024,wet,Sorghum,current,0.8966245064469586,2301.973215071879,20061,6794.254061384731
2025,dry,Sorghum,current,0.5581503551627393,2301.973215071879,20061,5482.176466301052
2025,median,Sorghum,current,0.7355363860922808,2301.973215071879,20061,6703.505828040327
2025,wet,Sorghum,current,0.8966245064469586,2301.973215071879,20061,6794.254061384731
2026,dry,Sorghum,current,0.5581503551627393,2301.973215071879,20061,5482.176466301052
2026,median,Sorghum,current,0.7355363860922808,2301.973215071879,20061,6703.505828040327
2026,wet,Sorghum,current,0.8966245064469586,2301.973215071879,20061,6794.254061384731
2027,dry,Sorghum,current,0.5581503551627393,2301.973215071879,20061,5482.176466301052
2027,median,Sorghum,current,0.7355363860922808,2301.973215071879,20061,6703.505828040327
2027,wet,Sorghum,current,0.8966245064469586,2301.973215071879,20061,6794.254061384731
2028,dry,Sorghum,current,0.5581503551627393,2301.973215071879,20061,5482.176466301052
2028,median,Sorghum,current,0.7355363860922808,2301.973215071879,20061,6703.505828040327
2028,wet,Sorghum,current,0.8966245064469586,2301.973215071879,20061,6794.254061384731
2029,dry,Sorghum,current,0.5581503551627393,2301.973215071879,20061,5482.176466301052
2029,median,Sorghum,current,0.7355363860922808,2301.973215071879,20061,6703.505828040327
2029,wet,Sorghum,current,0.8966245064469586,2301.973215071879,20061,6794.254061384731
2030,dry,Sorghum,current,0.5581503551627393,2301.973215071879,20061,5482.176466301052
2030,median,Sorghum,current,0.7355363860922808,2301.973215071879,20061,6703.505828040327
2030,wet,Sorghum,current,0.8966245064469586,2301.973215071879,20061,6794.254061384731
2031,dry,Sorghum,current,0.5581503551627393,2301.973215071879,20061,5482.176466301052
2031,median,Sorghum,current,0.7355363860922808,2301.973215071879,20061,6703.505828040327
2031,wet,Sorghum,current,0.8966245064469586,2301.973215071879,20061,6794.254061384731
2032,dry,Sorghum,current,0.5581503551627393,2301.973215071879,20061,5482.176466301052
2032,median,Sorghum,current,0.7355363860922808,2301.973215071879,20061,6703.505828040327
2032,wet,Sorghum,current,0.8966245064469586,2301.973215071879,20061,6794.254061384731
2033,dry,Sorghum,current,0.5581503551627393,2301.973215071879,20061,5482.176466301052
2033,median,Sorghum,current,0.7355363860922808,2301.973215071879,20061,6703.505828040327
2033,wet,Sorghum,current,0.8966245064469586,2301.973215071879,20061,6794.254061384731
2034,dry,Sorghum,current,0.5581503551627393,2301.973215071879,20061,5482.176466301052
2034,median,Sorghum,current,0.7355363860922808,2301.973215071879,20061,6703.505828040327
2034,wet,Sorghum,current,0.8966245064469586,2301.973215071879,20061,6794.254061384731
2035,dry,Sorghum,current,0.5581503551627393,2301.973215071879,20061,5482.176466301052
2035,median,Sorghum,current,0.7355363860922808,2301.973215071879,20061,6703.505828040327
2035,wet,Sorghum,current,0.8966245064469586,2301.973215071879,20061,6794.254061384731
2036,dry,Sorghum,current,0.5581503551627393,2301.973215071879,20061,5482.176466301052
2036,median,Sorghum,current,0.7355363860922808,2301.973215071879,20061,6703.505828040327
2036,wet,Sorghum,current,0.8966245064469586,2301.973215071879,20061,6794.254061384731
2037,dry,Sorghum,current,0.5581503551627393,2301.973215071879,20061,5482.176466301052
2037,median,Sorghum,current,0.7355363860922808,2301.973215071879,20061,6703.505828040327
2037,wet,Sorghum,current,0.8966245064469586,2301.973215071879,20061,6794.254061384731
2038,dry,Sorghum,current,0.5581503551627393,2301.973215071879,20061,5482.176466301052
2038,median,Sorghum,current,0.7355363860922808,2301.973215071879,20061,6703.505828040327
2038,wet,Sorghum,current,0.8966245064469586,2301.973215071879,20061,6794.254061384731
2039,dry,Sorghum,current,0.5581503551627393,2301.973215071879,20061,5482.176466301052
2039,median,Sorghum,current,0.7355363860922808,2301.973215071879,20061,6703.505828040327
2039,wet,Sorghum,current,0.8966245064469586,2301.973215071879,20061,6794.254061384731
2040,dry,Sorghum,current,0.5581503551627393,2301.973215071879,20061,5482.176466301052
2040,median,Sorghum,current,0.7355363860922808,2301.973215071879,20061,6703.505828040327
2040,wet,Sorghum,current,0.8966245064469586,2301.973215071879,20061,6794.254061384731
2041,dry,Sorghum,current,0.5581503551627393,2301.973215071879,20061,5482.176466301052
2041,median,Sorghum,current,0.7355363860922808,2301.973215071879,20061,6703.505828040327
2041,wet,Sorghum,current,0.8966245064469586,2301.973215071879,20061,6794.254061384731
2042,dry,Sorghum,current,0.5581503551627393,2301.973215071879,20061,5482.176466301052
2042,median,Sorghum,current,0.7355363860922808,2301.973215071879,20061,6703.505828040327
2042,wet,Sorghum,current,0.8966245064469586,2301.973215071879,20061,6794.254061384731
2043,dry,Sorghum,current,0.5581503551627393,2301.973215071879,20061,5482.176466301052
2043,median,Sorghum,current,0.7355363860922808,2301.973215071879,20061,6703.505828040327
2043,wet,Sorghum,current,0.8966245064469586,2301.973215071879,20061,6794.254061384731
2044,dry,Sorghum,current,0.5581503551627393,2301.973215071879,20061,5482.176466301052
2044,median,Sorghum,current,0.7355363860922808,2301.973215071879,20061,6703.505828040327
2044,wet,Sorghum,current,0.8966245064469586,2301.973215071879,20061,6794.254061384731
2045,dry,Sorghum,current,0.5581503551627393,2301.973215071879,20061,5482.176466301052
2045,median,Sorghum,current,0.7355363860922808,2301.973215071879,20061,6703.505828040327
2045,wet,Sorghum,current,0.8966245064469586,2301.973215071879,20061,6794.254061384731
2046,dry,Sorghum,current,0.5581503551627393,2301.973215071879,20061,5482.176466301052
2046,median,Sorghum,current,0.7355363860922808,2301.973215071879,20061,6703.505828040327
2046,wet,Sorghum,current,0.8966245064469586,2301.973215071879,20061,6794.254061384731
2047,dry,Sorghum,current,0.5581503551627393,2301.973215071879,20061,5482.176466301052
2047,median,Sorghum,current,0.7355363860922808,2301.973215071879,20061,6703.505828040327
2047,wet,Sorghum,current,0.8966245064469586,2301.973215071879,20061,6794.254061384731
2048,dry,Sorghum,current,0.5581503551627393,2301.973215071879,20061,5482.176466301052
2048,median,Sorghum,current,0.7355363860922808,2301.973215071879,20061,6703.505828040327
2048,wet,Sorghum,current,0.8966245064469586,2301.973215071879,20061,6794.254061384731
2049,dry,Sorghum,current,0.5581503551627393,2301.973215071879,20061,5482.176466301052
2049,median,Sorghum,current,0.7355363860922808,2301.973215071879,20061,6703.505828040327
2049,wet,Sorghum,current,0.8966245064469586,2301.973215071879,20061,6794.254061384731
2050,dry,Sorghum,current,0.5581503551627393,2301.973215071879,20061,5482.176466301052
2050,median,Sorghum,current,0.7355363860922808,2301.973215071879,20061,6703.505828040327
2050,wet,Sorghum,current,0.8966245064469586,2301.973215071879,20061,6794.254061384731
2051,dry,Sorghum,current,0.5581503551627393,2301.973215071879,20061,5482.176466301052
2051,median,Sorghum,current,0.7355363860922808,2301.973215071879,20061,6703.505828040327
2051,wet,Sorghum,current,0.8966245064469586,2301.973215071879,20061,6794.254061384731
2052,dry,Sorghum,current,0.5581503551627393,2301.973215071879,20061,5482.176466301052
2052,median,Sorghum,current,0.7355363860922808,2301.973215071879,20061,6703.505828040327
2052,wet,Sorghum,current,0.8966245064469586,2301.973215071879,20061,6794.254061384731
2053,dry,Sorghum,current,0.5581503551627393,2301.973215071879,20061,5482.176466301052
2053,median,Sorghum,current,0.7355363860922808,2301.973215071879,20061,6703.505828040327
2053,wet,Sorghum,current,0.8966245064469586,2301.973215071879,20061,6794.254061384731
2054,dry,Sorghum,current,0.5581503551627393,2301.973215071879,20061,5482.176466301052
2054,median,Sorghum,current,0.7355363860922808,2301.973215071879,20061,6703.505828040327
2054,wet,Sorghum,current,0.8966245064469586,2301.973215071879,20061,6794.254061384731
2055,dry,Sorghum,current,0.5581503551627393,2301.973215071879,20061,5482.176466301052
2055,median,Sorghum,current,0.7355363860922808,2301.973215071879,20061,6703.505828040327
2055,wet,Sorghum,current,0.8966245064469586,2301.973215071879,20061,6794.254061384731
2056,dry,Sorghum,current,0.5581503551627393,2301.973215071879,20061,5482.176466301052
2056,median,Sorghum,current,0.7355363860922808,2301.973215071879,20061,6703.505828040327
2056,wet,Sorghum,current,0.8966245064469586,2301.973215071879,20061,6794.254061384731
2057,dry,Sorghum,current,0.5581503551627393,2301.973215071879,20061,5482.176466301052
2057,median,Sorghum,current,0.7355363860922808,2301.973215071879,20061,6703.505828040327
2057,wet,Sorghum,current,0.8966245064469586,2301.973215071879,20061,6794.254061384731
2058,dry,Sorghum,current,0.5581503551627393,2301.973215071879,20061,5482.176466301052
2058,median,Sorghum,current,0.7355363860922808,2301.973215071879,20061,6703.505828040327
2058,wet,Sorghum,current,0.8966245064469586,2301.973215071879,20061,6794.254061384731
2059,dry,Sorghum,current,0.5581503551627393,2301.973215071879,20061,5482.176466301052
2059,median,Sorghum,current,0.7355363860922808,2301.973215071879,20061,6703.505828040327
2059,wet,Sorghum,current,0.8966245064469586,2301.973215071879,20061,6794.254061384731
2060,dry,Sorghum,current,0.5581503551627393,2301.973215071879,20061,5482.176466301052
2060,median,Sorghum,current,0.7355363860922808,2301.973215071879,20061,6703.505828040327
2060,wet,Sorghum,current,0.8966245064469586,2301.973215071879,20061,6794.254061384731
2061,dry,Sorghum,current,0.5581503551627393,2301.973215071879,20061,5482.176466301052
2061,median,Sorghum,current,0.7355363860922808,2301.973215071879,20061,6703.505828040327
2061,wet,Sorghum,current,0.8966245064469586,2301.973215071879,20061,6794.254061384731
2062,dry,Sorghum,current,0.5581503551627393,2301.973215071879,20061,5482.176466301052
2062,median,Sorghum,current,0.7355363860922808,2301.973215071879,20061,6703.505828040327
2062,wet,Sorghum,current,0.8966245064469586,2301.973215071879,20061,6794.254061384731
2063,dry,Sorghum,current,0.5581503551627393,2301.973215071879,20061,5482.176466301052
2063,median,Sorghum,current,0.7355363860922808,2301.973215071879,20061,6703.505828040327
2063,wet,Sorghum,current,0.8966245064469586,2301.973215071879,20061,6794.254061384731
2064,dry,Sorghum,current,0.5581503551627393,2301.973215071879,20061,5482.176466301052
2064,median,Sorghum,current,0.7355363860922808,2301.973215071879,20061,6703.505828040327
2064,wet,Sorghum,current,0.8966245064469586,2301.973215071879,20061,6794.254061384731
2065,dry,Sorghum,current,0.5581503551627393,2301.973215071879,20061,5482.176466301052
2065,median,Sorghum,current,0.7355363860922808,2301.973215071879,20061,6703.505828040327
2065,wet,Sorghum,current,0.8966245064469586,2301.973215071879,20061,6794.254061384731
2066,dry,Sorghum,current,0.5581503551627393,2301.973215071879,20061,5482.176466301052
2066,median,Sorghum,current,0.7355363860922808,2301.973215071879,20061,6703.505828040327
2066,wet,Sorghum,current,0.8966245064469586,2301.973215071879,20061,6794.254061384731
2067,dry,Sorghum,current,0.5581503551627393,2301.973215071879,20061,5482.176466301052
2067,median,Sorghum,current,0.7355363860922808,2301.973215071879,20061,6703.505828040327
2067,wet,Sorghum,current,0.8966245064469586,2301.973215071879,20061,6794.254061384731
2068,dry,Sorghum,current,0.5581503551627393,2301.973215071879,20061,5482.176466301052
2068,median,Sorghum,current,0.7355363860922808,2301.973215071879,20061,6703.505828040327
2068,wet,Sorghum,current,0.8966245064469586,2301.973215071879,20061,6794.254061384731
2069,dry,Sorghum,current,0.5581503551627393,2301.973215071879,20061,5482.176466301052
2069,median,Sorghum,current,0.7355363860922808,2301.973215071879,20061,6703.505828040327
2069,wet,Sorghum,current,0.8966245064469586,2301.973215071879,20061,6794.254061384731
2070,dry,Sorghum,current,0.5581503551627393,2301.973215071879,20061,5482.176466301052
2070,median,Sorghum,current,0.7355363860922808,2301.973215071879,20061,6703.505828040327
2070,wet,Sorghum,current,0.8966245064469586,2301.973215071879,20061,6794.254061384731
2071,dry,Sorghum,current,0.5581503551627393,2301.973215071879,20061,5482.176466301052
2071,median,Sorghum,current,0.7355363860922808,2301.973215071879,20061,6703.505828040327
2071,wet,Sorghum,current,0.8966245064469586,2301.973215071879,20061,6794.254061384731
2072,dry,Sorghum,current,0.5581503551627393,2301.973215071879,20061,5482.176466301052
2072,median,Sorghum,current,0.7355363860922808,2301.973215071879,20061,6703.505828040327
2072,wet,Sorghum,current,0.8966245064469586,2301.973215071879,20061,6794.254061384731
2073,dry,Sorghum,current,0.5581503551627393,2301.973215071879,20061,5482.176466301052
2073,median,Sorghum,current,0.7355363860922808,2301.973215071879,20061,6703.505828040327
2073,wet,Sorghum,current,0.8966245064469586,2301.973215071879,20061,6794.254061384731
2074,dry,Sorghum,current,0.5581503551627393,2301.973215071879,20061,5482.176466301052
2074,median,Sorghum,current,0.7355363860922808,2301.973215071879,20061,6703.505828040327
2074,wet,Sorghum,current,0.8966245064469586,2301.973215071879,20061,6794.254061384731
2075,dry,Sorghum,current,0.5581503551627393,2301.973215071879,20061,5482.176466301052
2075,median,Sorghum,current,0.7355363860922808,2301.973215071879,20061,6703.505828040327
2075,wet,Sorghum,current,0.8966245064469586,2301.973215071879,20061,6794.254061384731
2076,dry,Sorghum,current,0.5581503551627393,2301.973215071879,20061,5482.176466301052
2076,median,Sorghum,current,0.7355363860922808,2301.973215071879,20061,6703.505828040327
2076,wet,Sorghum,current,0.8966245064469586,2301.973215071879,20061,6794.254061384731
2077,dry,Sorghum,current,0.5581503551627393,2301.973215071879,20061,5482.176466301052
2077,median,Sorghum,current,0.7355363860922808,2301.973215071879,20061,6703.505828040327
2077,wet,Sorghum,current,0.8966245064469586,2301.973215071879,20061,6794.254061384731
2078,dry,Sorghum,current,0.5581503551627393,2301.973215071879,20061,5482.176466301052
2078,median,Sorghum,current,0.7355363860922808,2301.973215071879,20061,6703.505828040327
2078,wet,Sorghum,current,0.8966245064469586,2301.973215071879,20061,6794.254061384731
2079,dry,Sorghum,current,0.5581503551627393,2301.973215071879,20061,5482.176466301052
2079,median,Sorghum,current,0.7355363860922808,2301.973215071879,20061,6703.505828040327
2079,wet,Sorghum,current,0.8966245064469586,2301.973215071879,20061,6794.254061384731
2080,dry,Sorghum,current,0.5581503551627393,2301.973215071879,20061,5482.176466301052
2080,median,Sorghum,current,0.7355363860922808,2301.973215071879,20061,6703.505828040327
2080,wet,Sorghum,current,0.8966245064469586,2301.973215071879,20061,6794.254061384731
2081,dry,Sorghum,current,0.5581503551627393,2301.973215071879,20061,5482.176466301052
2081,median,Sorghum,current,0.7355363860922808,2301.973215071879,20061,6703.505828040327
2081,wet,Sorghum,current,0.8966245064469586,2301.973215071879,20061,6794.254061384731
2082,dry,Sorghum,current,0.5581503551627393,2301.973215071879,20061,5482.176466301052
2082,median,Sorghum,current,0.7355363860922808,2301.973215071879,20061,6703.505828040327
2082,wet,Sorghum,current,0.8966245064469586,2301.973215071879,20061,6794.254061384731
2083,dry,Sorghum,current,0.5581503551627393,2301.973215071879,20061,5482.176466301052
2083,median,Sorghum,current,0.7355363860922808,2301.973215071879,20061,6703.505828040327
2083,wet,Sorghum,current,0.8966245064469586,2301.973215071879,20061,6794.254061384731
2084,dry,Sorghum,current,0.5581503551627393,2301.973215071879,20061,5482.176466301052
2084,median,Sorghum,current,0.7355363860922808,2301.973215071879,20061,6703.505828040327
2084,wet,Sorghum,current,0.8966245064469586,2301.973215071879,20061,6794.254061384731
2085,dry,Sorghum,current,0.5581503551627393,2301.973215071879,20061,5482.176466301052
2085,median,Sorghum,current,0.7355363860922808,2301.973215071879,20061,6703.505828040327
2085,wet,Sorghum,current,0.8966245064469586,2301.973215071879,20061,6794.254061384731
2086,dry,Sorghum,current,0.5581503551627393,2301.973215071879,20061,5482.176466301052
2086,median,Sorghum,current,0.7355363860922808,2301.973215071879,20061,6703.505828040327
2086,wet,Sorghum,current,0.8966245064469586,2301.973215071879,20061,6794.254061384731
2087,dry,Sorghum,current,0.5581503551627393,2301.973215071879,20061,5482.176466301052
2087,median,Sorghum,current,0.7355363860922808,2301.973215071879,20061,6703.505828040327
2087,wet,Sorghum,current,0.8966245064469586,2301.973215071879,20061,6794.254061384731
2088,dry,Sorghum,current,0.5581503551627393,2301.973215071879,20061,5482.176466301052
2088,median,Sorghum,current,0.7355363860922808,2301.973215071879,20061,6703.505828040327
2088,wet,Sorghum,current,0.8966245064469586,2301.973215071879,20061,6794.254061384731
2089,dry,Sorghum,current,0.5581503551627393,2301.973215071879,20061,5482.176466301052
2089,median,Sorghum,current,0.7355363860922808,2301.973215071879,20061,6703.505828040327
2089,wet,Sorghum,current,0.8966245064469586,2301.973215071879,20061,6794.254061384731
2090,dry,Sorghum,current,0.5581503551627393,2301.973215071879,20061,5482.176466301052
2090,median,Sorghum,current,0.7355363860922808,2301.973215071879,20061,6703.505828040327
2090,wet,Sorghum,current,0.8966245064469586,2301.973215071879,20061,6794.254061384731
2091,dry,Sorghum,current,0.5581503551627393,2301.973215071879,20061,5482.176466301052
2091,median,Sorghum,current,0.7355363860922808,2301.973215071879,20061,6703.505828040327
2091,wet,Sorghum,current,0.8966245064469586,2301.973215071879,20061,6794.254061384731
2092,dry,Sorghum,current,0.5581503551627393,2301.973215071879,20061,5482.176466301052
2092,median,Sorghum,current,0.7355363860922808,2301.973215071879,20061,6703.505828040327
2092,wet,Sorghum,current,0.8966245064469586,2301.973215071879,20061,6794.254061384731
2093,dry,Sorghum,current,0.5581503551627393,2301.973215071879,20061,5482.176466301052
2093,median,Sorghum,current,0.7355363860922808,2301.973215071879,20061,6703.505828040327
2093,wet,Sorghum,current,0.8966245064469586,2301.973215071879,20061,6794.254061384731
2094,dry,Sorghum,current,0.5581503551627393,2301.973215071879,20061,5482.176466301052
2094,median,Sorghum,current,0.7355363860922808,2301.973215071879,20061,6703.505828040327
2094,wet,Sorghum,current,0.8966245064469586,2301.973215071879,20061,6794.254061384731
2095,dry,Sorghum,current,0.5581503551627393,2301.973215071879,20061,5482.176466301052
2095,median,Sorghum,current,0.7355363860922808,2301.973215071879,20061,6703.505828040327
2095,wet,Sorghum,current,0.8966245064469586,2301.973215071879,20061,6794.254061384731
2096,dry,Sorghum,current,0.5581503551627393,2301.973215071879,20061,5482.176466301052
2096,median,Sorghum,current,0.7355363860922808,2301.973215071879,20061,6703.505828040327
2096,wet,Sorghum,current,0.8966245064469586,2301.973215071879,20061,6794.254061384731
2097,dry,Sorghum,current,0.5581503551627393,2301.973215071879,20061,5482.176466301052
2097,median,Sorghum,current,0.7355363860922808,2301.973215071879,20061,6703.505828040327
2097,wet,Sorghum,current,0.8966245064469586,2301.973215071879,20061,6794.254061384731
2098,dry,Sorghum,current,0.5581503551627393,2301.973215071879,20061,5482.176466301052
2098,median,Sorghum,current,0.7355363860922808,2301.973215071879,20061,6703.505828040327
2098,wet,Sorghum,current,0.8966245064469586,2301.973215071879,20061,6794.254061384731
2099,dry,Sorghum,current,0.5581503551627393,2301.973215071879,20061,5482.176466301052
2099,median,Sorghum,current,0.7355363860922808,2301.973215071879,20061,6703.505828040327
2099,wet,Sorghum,current,0.8966245064469586,2301.973215071879,20061,6794.254061384731
2100,dry,Sorghum,current,0.5581503551627393,2301.973215071879,20061,5482.176466301052
2100,median,Sorghum,current,0.7355363860922808,2301.973215071879,20061,6703.505828040327
2100,wet,Sorghum,current,0.8966245064469586,2301.973215071879,20061,6794.254061384731
2006,dry,Soybeans,current,0.6143558380195988,2205.1028808593783,20005,3039.7348441654885
2006,median,Soybeans,current,0.8106670755574922,2205.1028808593783,20005,3490.161674399171
2006,wet,Soybeans,current,1.030148640486927,2205.1028808593783,20005,3697.661601425949
2007,dry,Soybeans,current,0.6143558380195988,2205.1028808593783,20005,3039.7348441654885
2007,median,Soybeans,current,0.8106670755574922,2205.1028808593783,20005,3490.161674399171
2007,wet,Soybeans,current,1.030148640486927,2205.1028808593783,20005,3697.661601425949
2008,dry,Soybeans,current,0.6143558380195988,2205.1028808593783,20005,3039.7348441654885
2008,median,Soybeans,current,0.8106670755574922,2205.1028808593783,20005,3490.161674399171
2008,wet,Soybeans,current,1.030148640486927,2205.1028808593783,20005,3697.661601425949
2009,dry,Soybeans,current,0.6143558380195988,2205.1028808593783,20005,3039.7348441654885
2009,median,Soybeans,current,0.8106670755574922,2205.1028808593783,20005,3490.161674399171
2009,wet,Soybeans,current,1.030148640486927,2205.1028808593783,20005,3697.661601425949
2010,dry,Soybeans,current,0.6143558380195988,2205.1028808593783,20005,3039.7348441654885
2010,median,Soybeans,current,0.8106670755574922,2205.1028808593783,20005,3490.161674399171
2010,wet,Soybeans,current,1.030148640486927,2205.1028808593783,20005,3697.661601425949
2011,dry,Soybeans,current,0.6143558380195988,2205.1028808593783,20005,3039.7348441654885
2011,median,Soybeans,current,0.8106670755574922,2205.1028808593783,20005,3490.161674399171
2011,wet,Soybeans,current,1.030148640486927,2205.1028808593783,20005,3697.661601425949
2012,dry,Soybeans,current,0.6143558380195988,2205.1028808593783,20005,3039.7348441654885
2012,median,Soybeans,current,0.8106670755574922,2205.1028808593783,20005,3490.161674399171
2012,wet,Soybeans,current,1.030148640486927,2205.1028808593783,20005,3697.661601425949
2013,dry,Soybeans,current,0.6143558380195988,2205.1028808593783,20005,3039.7348441654885
2013,median,Soybeans,current,0.8106670755574922,2205.1028808593783,20005,3490.161674399171
2013,wet,Soybeans,current,1.030148640486927,2205.1028808593783,20005,3697.661601425949
2014,dry,Soybeans,current,0.6143558380195988,2205.1028808593783,20005,3039.7348441654885
2014,median,Soybeans,current,0.8106670755574922,2205.1028808593783,20005,3490.161674399171
2014,wet,Soybeans,current,1.030148640486927,2205.1028808593783,20005,3697.661601425949
2015,dry,Soybeans,current,0.6143558380195988,2205.1028808593783,20005,3039.7348441654885
2015,median,Soybeans,current,0.8106670755574922,2205.1028808593783,20005,3490.161674399171
2015,wet,Soybeans,current,1.030148640486927,2205.1028808593783,20005,3697.661601425949
2016,dry,Soybeans,current,0.6143558380195988,2205.1028808593783,20005,3039.7348441654885
2016,median,Soybeans,current,0.8106670755574922,2205.1028808593783,20005,3490.161674399171
2016,wet,Soybeans,current,1.030148640486927,2205.1028808593783,20005,3697.661601425949
2017,dry,Soybeans,current,0.6143558380195988,2205.1028808593783,20005,3039.7348441654885
2017,median,Soybeans,current,0.8106670755574922,2205.1028808593783,20005,3490.161674399171
2017,wet,Soybeans,current,1.030148640486927,2205.1028808593783,20005,3697.661601425949
2018,dry,Soybeans,current,0.6143558380195988,2205.1028808593783,20005,3039.7348441654885
2018,median,Soybeans,current,0.8106670755574922,2205.1028808593783,20005,3490.161674399171
2018,wet,Soybeans,current,1.030148640486927,2205.1028808593783,20005,3697.661601425949
2019,dry,Soybeans,current,0.6143558380195988,2205.1028808593783,20005,3039.7348441654885
2019,median,Soybeans,current,0.8106670755574922,2205.1028808593783,20005,3490.161674399171
2019,wet,Soybeans,current,1.030148640486927,2205.1028808593783,20005,3697.661601425949
2020,dry,Soybeans,current,0.6143558380195988,2205.1028808593783,20005,3039.7348441654885
2020,median,Soybeans,current,0.8106670755574922,2205.1028808593783,20005,3490.161674399171
2020,wet,Soybeans,current,1.030148640486927,2205.1028808593783,20005,3697.661601425949
2021,dry,Soybeans,current,0.6143558380195988,2205.1028808593783,20005,3039.7348441654885
2021,median,Soybeans,current,0.8106670755574922,2205.1028808593783,20005,3490.161674399171
2021,wet,Soybeans,current,1.030148640486927,2205.1028808593783,20005,3697.661601425949
2022,dry,Soybeans,current,0.6143558380195988,2205.1028808593783,20005,3039.7348441654885
2022,median,Soybeans,current,0.8106670755574922,2205.1028808593783,20005,3490.161674399171
2022,wet,Soybeans,current,1.030148640486927,2205.1028808593783,20005,3697.661601425949
2023,dry,Soybeans,current,0.6143558380195988,2205.1028808593783,20005,3039.7348441654885
2023,median,Soybeans,current,0.8106670755574922,2205.1028808593783,20005,3490.161674399171
2023,wet,Soybeans,current,1.030148640486927,2205.1028808593783,20005,3697.661601425949
2024,dry,Soybeans,current,0.6143558380195988,2205.1028808593783,20005,3039.7348441654885
2024,median,Soybeans,current,0.8106670755574922,2205.1028808593783,20005,3490.161674399171
2024,wet,Soybeans,current,1.030148640486927,2205.1028808593783,20005,3697.661601425949
2025,dry,Soybeans,current,0.6143558380195988,2205.1028808593783,20005,3039.7348441654885
2025,median,Soybeans,current,0.8106670755574922,2205.1028808593783,20005,3490.161674399171
2025,wet,Soybeans,current,1.030148640486927,2205.1028808593783,20005,3697.661601425949
2026,dry,Soybeans,current,0.6143558380195988,2205.1028808593783,20005,3039.7348441654885
2026,median,Soybeans,current,0.8106670755574922,2205.1028808593783,20005,3490.161674399171
2026,wet,Soybeans,current,1.030148640486927,2205.1028808593783,20005,3697.661601425949
2027,dry,Soybeans,current,0.6143558380195988,2205.1028808593783,20005,3039.7348441654885
2027,median,Soybeans,current,0.8106670755574922,2205.1028808593783,20005,3490.161674399171
2027,wet,Soybeans,current,1.030148640486927,2205.1028808593783,20005,3697.661601425949
2028,dry,Soybeans,current,0.6143558380195988,2205.1028808593783,20005,3039.7348441654885
2028,median,Soybeans,current,0.8106670755574922,2205.1028808593783,20005,3490.161674399171
2028,wet,Soybeans,current,1.030148640486927,2205.1028808593783,20005,3697.661601425949
2029,dry,Soybeans,current,0.6143558380195988,2205.1028808593783,20005,3039.7348441654885
2029,median,Soybeans,current,0.8106670755574922,2205.1028808593783,20005,3490.161674399171
2029,wet,Soybeans,current,1.030148640486927,2205.1028808593783,20005,3697.661601425949
2030,dry,Soybeans,current,0.6143558380195988,2205.1028808593783,20005,3039.7348441654885
2030,median,Soybeans,current,0.8106670755574922,2205.1028808593783,20005,3490.161674399171
2030,wet,Soybeans,current,1.030148640486927,2205.1028808593783,20005,3697.661601425949
2031,dry,Soybeans,current,0.6143558380195988,2205.1028808593783,20005,3039.7348441654885
2031,median,Soybeans,current,0.8106670755574922,2205.1028808593783,20005,3490.161674399171
2031,wet,Soybeans,current,1.030148640486927,2205.1028808593783,20005,3697.661601425949
2032,dry,Soybeans,current,0.6143558380195988,2205.1028808593783,20005,3039.7348441654885
2032,median,Soybeans,current,0.8106670755574922,2205.1028808593783,20005,3490.161674399171
2032,wet,Soybeans,current,1.030148640486927,2205.1028808593783,20005,3697.661601425949
2033,dry,Soybeans,current,0.6143558380195988,2205.1028808593783,20005,3039.7348441654885
2033,median,Soybeans,current,0.8106670755574922,2205.1028808593783,20005,3490.161674399171
2033,wet,Soybeans,current,1.030148640486927,2205.1028808593783,20005,3697.661601425949
2034,dry,Soybeans,current,0.6143558380195988,2205.1028808593783,20005,3039.7348441654885
2034,median,Soybeans,current,0.8106670755574922,2205.1028808593783,20005,3490.161674399171
2034,wet,Soybeans,current,1.030148640486927,2205.1028808593783,20005,3697.661601425949
2035,dry,Soybeans,current,0.6143558380195988,2205.1028808593783,20005,3039.7348441654885
2035,median,Soybeans,current,0.8106670755574922,2205.1028808593783,20005,3490.161674399171
2035,wet,Soybeans,current,1.030148640486927,2205.1028808593783,20005,3697.661601425949
2036,dry,Soybeans,current,0.6143558380195988,2205.1028808593783,20005,3039.7348441654885
2036,median,Soybeans,current,0.8106670755574922,2205.1028808593783,20005,3490.161674399171
2036,wet,Soybeans,current,1.030148640486927,2205.1028808593783,20005,3697.661601425949
2037,dry,Soybeans,current,0.6143558380195988,2205.1028808593783,20005,3039.7348441654885
2037,median,Soybeans,current,0.8106670755574922,2205.1028808593783,20005,3490.161674399171
2037,wet,Soybeans,current,1.030148640486927,2205.1028808593783,20005,3697.661601425949
2038,dry,Soybeans,current,0.6143558380195988,2205.1028808593783,20005,3039.7348441654885
2038,median,Soybeans,current,0.8106670755574922,2205.1028808593783,20005,3490.161674399171
2038,wet,Soybeans,current,1.030148640486927,2205.1028808593783,20005,3697.661601425949
2039,dry,Soybeans,current,0.6143558380195988,2205.1028808593783,20005,3039.7348441654885
2039,median,Soybeans,current,0.8106670755574922,2205.1028808593783,20005,3490.161674399171
2039,wet,Soybeans,current,1.030148640486927,2205.1028808593783,20005,3697.661601425949
2040,dry,Soybeans,current,0.6143558380195988,2205.1028808593783,20005,3039.7348441654885
2040,median,Soybeans,current,0.8106670755574922,2205.1028808593783,20005,3490.161674399171
2040,wet,Soybeans,current,1.030148640486927,2205.1028808593783,20005,3697.661601425949
2041,dry,Soybeans,current,0.6143558380195988,2205.1028808593783,20005,3039.7348441654885
2041,median,Soybeans,current,0.8106670755574922,2205.1028808593783,20005,3490.161674399171
2041,wet,Soybeans,current,1.030148640486927,2205.1028808593783,20005,3697.661601425949
2042,dry,Soybeans,current,0.6143558380195988,2205.1028808593783,20005,3039.7348441654885
2042,median,Soybeans,current,0.8106670755574922,2205.1028808593783,20005,3490.161674399171
2042,wet,Soybeans,current,1.030148640486927,2205.1028808593783,20005,3697.661601425949
2043,dry,Soybeans,current,0.6143558380195988,2205.1028808593783,20005,3039.7348441654885
2043,median,Soybeans,current,0.8106670755574922,2205.1028808593783,20005,3490.161674399171
2043,wet,Soybeans,current,1.030148640486927,2205.1028808593783,20005,3697.661601425949
2044,dry,Soybeans,current,0.6143558380195988,2205.1028808593783,20005,3039.7348441654885
2044,median,Soybeans,current,0.8106670755574922,2205.1028808593783,20005,3490.161674399171
2044,wet,Soybeans,current,1.030148640486927,2205.1028808593783,20005,3697.661601425949
2045,dry,Soybeans,current,0.6143558380195988,2205.1028808593783,20005,3039.7348441654885
2045,median,Soybeans,current,0.8106670755574922,2205.1028808593783,20005,3490.161674399171
2045,wet,Soybeans,current,1.030148640486927,2205.1028808593783,20005,3697.661601425949
2046,dry,Soybeans,current,0.6143558380195988,2205.1028808593783,20005,3039.7348441654885
2046,median,Soybeans,current,0.8106670755574922,2205.1028808593783,20005,3490.161674399171
2046,wet,Soybeans,current,1.030148640486927,2205.1028808593783,20005,3697.661601425949
2047,dry,Soybeans,current,0.6143558380195988,2205.1028808593783,20005,3039.7348441654885
2047,median,Soybeans,current,0.8106670755574922,2205.1028808593783,20005,3490.161674399171
2047,wet,Soybeans,current,1.030148640486927,2205.1028808593783,20005,3697.661601425949
2048,dry,Soybeans,current,0.6143558380195988,2205.1028808593783,20005,3039.7348441654885
2048,median,Soybeans,current,0.8106670755574922,2205.1028808593783,20005,3490.161674399171
2048,wet,Soybeans,current,1.030148640486927,2205.1028808593783,20005,3697.661601425949
2049,dry,Soybeans,current,0.6143558380195988,2205.1028808593783,20005,3039.7348441654885
2049,median,Soybeans,current,0.8106670755574922,2205.1028808593783,20005,3490.161674399171
2049,wet,Soybeans,current,1.030148640486927,2205.1028808593783,20005,3697.661601425949
2050,dry,Soybeans,current,0.6143558380195988,2205.1028808593783,20005,3039.7348441654885
2050,median,Soybeans,current,0.8106670755574922,2205.1028808593783,20005,3490.161674399171
2050,wet,Soybeans,current,1.030148640486927,2205.1028808593783,20005,3697.661601425949
2051,dry,Soybeans,current,0.6143558380195988,2205.1028808593783,20005,3039.7348441654885
2051,median,Soybeans,current,0.8106670755574922,2205.1028808593783,20005,3490.161674399171
2051,wet,Soybeans,current,1.030148640486927,2205.1028808593783,20005,3697.661601425949
2052,dry,Soybeans,current,0.6143558380195988,2205.1028808593783,20005,3039.7348441654885
2052,median,Soybeans,current,0.8106670755574922,2205.1028808593783,20005,3490.161674399171
2052,wet,Soybeans,current,1.030148640486927,2205.1028808593783,20005,3697.661601425949
2053,dry,Soybeans,current,0.6143558380195988,2205.1028808593783,20005,3039.7348441654885
2053,median,Soybeans,current,0.8106670755574922,2205.1028808593783,20005,3490.161674399171
2053,wet,Soybeans,current,1.030148640486927,2205.1028808593783,20005,3697.661601425949
2054,dry,Soybeans,current,0.6143558380195988,2205.1028808593783,20005,3039.7348441654885
2054,median,Soybeans,current,0.8106670755574922,2205.1028808593783,20005,3490.161674399171
2054,wet,Soybeans,current,1.030148640486927,2205.1028808593783,20005,3697.661601425949
2055,dry,Soybeans,current,0.6143558380195988,2205.1028808593783,20005,3039.7348441654885
2055,median,Soybeans,current,0.8106670755574922,2205.1028808593783,20005,3490.161674399171
2055,wet,Soybeans,current,1.030148640486927,2205.1028808593783,20005,3697.661601425949
2056,dry,Soybeans,current,0.6143558380195988,2205.1028808593783,20005,3039.7348441654885
2056,median,Soybeans,current,0.8106670755574922,2205.1028808593783,20005,3490.161674399171
2056,wet,Soybeans,current,1.030148640486927,2205.1028808593783,20005,3697.661601425949
2057,dry,Soybeans,current,0.6143558380195988,2205.1028808593783,20005,3039.7348441654885
2057,median,Soybeans,current,0.8106670755574922,2205.1028808593783,20005,3490.161674399171
2057,wet,Soybeans,current,1.030148640486927,2205.1028808593783,20005,3697.661601425949
2058,dry,Soybeans,current,0.6143558380195988,2205.1028808593783,20005,3039.7348441654885
2058,median,Soybeans,current,0.8106670755574922,2205.1028808593783,20005,3490.161674399171
2058,wet,Soybeans,current,1.030148640486927,2205.1028808593783,20005,3697.661601425949
2059,dry,Soybeans,current,0.6143558380195988,2205.1028808593783,20005,3039.7348441654885
2059,median,Soybeans,current,0.8106670755574922,2205.1028808593783,20005,3490.161674399171
2059,wet,Soybeans,current,1.030148640486927,2205.1028808593783,20005,3697.661601425949
2060,dry,Soybeans,current,0.6143558380195988,2205.1028808593783,20005,3039.7348441654885
2060,median,Soybeans,current,0.8106670755574922,2205.1028808593783,20005,3490.161674399171
2060,wet,Soybeans,current,1.030148640486927,2205.1028808593783,20005,3697.661601425949
2061,dry,Soybeans,current,0.6143558380195988,2205.1028808593783,20005,3039.7348441654885
2061,median,Soybeans,current,0.8106670755574922,2205.1028808593783,20005,3490.161674399171
2061,wet,Soybeans,current,1.030148640486927,2205.1028808593783,20005,3697.661601425949
2062,dry,Soybeans,current,0.6143558380195988,2205.1028808593783,20005,3039.7348441654885
2062,median,Soybeans,current,0.8106670755574922,2205.1028808593783,20005,3490.161674399171
2062,wet,Soybeans,current,1.030148640486927,2205.1028808593783,20005,3697.661601425949
2063,dry,Soybeans,current,0.6143558380195988,2205.1028808593783,20005,3039.7348441654885
2063,median,Soybeans,current,0.8106670755574922,2205.1028808593783,20005,3490.161674399171
2063,wet,Soybeans,current,1.030148640486927,2205.1028808593783,20005,3697.661601425949
2064,dry,Soybeans,current,0.6143558380195988,2205.1028808593783,20005,3039.7348441654885
2064,median,Soybeans,current,0.8106670755574922,2205.1028808593783,20005,3490.161674399171
2064,wet,Soybeans,current,1.030148640486927,2205.1028808593783,20005,3697.661601425949
2065,dry,Soybeans,current,0.6143558380195988,2205.1028808593783,20005,3039.7348441654885
2065,median,Soybeans,current,0.8106670755574922,2205.1028808593783,20005,3490.161674399171
2065,wet,Soybeans,current,1.030148640486927,2205.1028808593783,20005,3697.661601425949
2066,dry,Soybeans,current,0.6143558380195988,2205.1028808593783,20005,3039.7348441654885
2066,median,Soybeans,current,0.8106670755574922,2205.1028808593783,20005,3490.161674399171
2066,wet,Soybeans,current,1.030148640486927,2205.1028808593783,20005,3697.661601425949
2067,dry,Soybeans,current,0.6143558380195988,2205.1028808593783,20005,3039.7348441654885
2067,median,Soybeans,current,0.8106670755574922,2205.1028808593783,20005,3490.161674399171
2067,wet,Soybeans,current,1.030148640486927,2205.1028808593783,20005,3697.661601425949
2068,dry,Soybeans,current,0.6143558380195988,2205.1028808593783,20005,3039.7348441654885
2068,median,Soybeans,current,0.8106670755574922,2205.1028808593783,20005,3490.161674399171
2068,wet,Soybeans,current,1.030148640486927,2205.1028808593783,20005,3697.661601425949
2069,dry,Soybeans,current,0.6143558380195988,2205.1028808593783,20005,3039.7348441654885
2069,median,Soybeans,current,0.8106670755574922,2205.1028808593783,20005,3490.161674399171
2069,wet,Soybeans,current,1.030148640486927,2205.1028808593783,20005,3697.661601425949
2070,dry,Soybeans,current,0.6143558380195988,2205.1028808593783,20005,3039.7348441654885
2070,median,Soybeans,current,0.8106670755574922,2205.1028808593783,20005,3490.161674399171
2070,wet,Soybeans,current,1.030148640486927,2205.1028808593783,20005,3697.661601425949
2071,dry,Soybeans,current,0.6143558380195988,2205.1028808593783,20005,3039.7348441654885
2071,median,Soybeans,current,0.8106670755574922,2205.1028808593783,20005,3490.161674399171
2071,wet,Soybeans,current,1.030148640486927,2205.1028808593783,20005,3697.661601425949
2072,dry,Soybeans,current,0.6143558380195988,2205.1028808593783,20005,3039.7348441654885
2072,median,Soybeans,current,0.8106670755574922,2205.1028808593783,20005,3490.161674399171
2072,wet,Soybeans,current,1.030148640486927,2205.1028808593783,20005,3697.661601425949
2073,dry,Soybeans,current,0.6143558380195988,2205.1028808593783,20005,3039.7348441654885
2073,median,Soybeans,current,0.8106670755574922,2205.1028808593783,20005,3490.161674399171
2073,wet,Soybeans,current,1.030148640486927,2205.1028808593783,20005,3697.661601425949
2074,dry,Soybeans,current,0.6143558380195988,2205.1028808593783,20005,3039.7348441654885
2074,median,Soybeans,current,0.8106670755574922,2205.1028808593783,20005,3490.161674399171
2074,wet,Soybeans,current,1.030148640486927,2205.1028808593783,20005,3697.661601425949
2075,dry,Soybeans,current,0.6143558380195988,2205.1028808593783,20005,3039.7348441654885
2075,median,Soybeans,current,0.8106670755574922,2205.1028808593783,20005,3490.161674399171
2075,wet,Soybeans,current,1.030148640486927,2205.1028808593783,20005,3697.661601425949
2076,dry,Soybeans,current,0.6143558380195988,2205.1028808593783,20005,3039.7348441654885
2076,median,Soybeans,current,0.8106670755574922,2205.1028808593783,20005,3490.161674399171
2076,wet,Soybeans,current,1.030148640486927,2205.1028808593783,20005,3697.661601425949
2077,dry,Soybeans,current,0.6143558380195988,2205.1028808593783,20005,3039.7348441654885
2077,median,Soybeans,current,0.8106670755574922,2205.1028808593783,20005,3490.161674399171
2077,wet,Soybeans,current,1.030148640486927,2205.1028808593783,20005,3697.661601425949
2078,dry,Soybeans,current,0.6143558380195988,2205.1028808593783,20005,3039.7348441654885
2078,median,Soybeans,current,0.8106670755574922,2205.1028808593783,20005,3490.161674399171
2078,wet,Soybeans,current,1.030148640486927,2205.1028808593783,20005,3697.661601425949
2079,dry,Soybeans,current,0.6143558380195988,2205.1028808593783,20005,3039.7348441654885
2079,median,Soybeans,current,0.8106670755574922,2205.1028808593783,20005,3490.161674399171
2079,wet,Soybeans,current,1.030148640486927,2205.1028808593783,20005,3697.661601425949
2080,dry,Soybeans,current,0.6143558380195988,2205.1028808593783,20005,3039.7348441654885
2080,median,Soybeans,current,0.8106670755574922,2205.1028808593783,20005,3490.161674399171
2080,wet,Soybeans,current,1.030148640486927,2205.1028808593783,20005,3697.661601425949
2081,dry,Soybeans,current,0.6143558380195988,2205.1028808593783,20005,3039.7348441654885
2081,median,Soybeans,current,0.8106670755574922,2205.1028808593783,20005,3490.161674399171
2081,wet,Soybeans,current,1.030148640486927,2205.1028808593783,20005,3697.661601425949
2082,dry,Soybeans,current,0.6143558380195988,2205.1028808593783,20005,3039.7348441654885
2082,median,Soybeans,current,0.8106670755574922,2205.1028808593783,20005,3490.161674399171
2082,wet,Soybeans,current,1.030148640486927,2205.1028808593783,20005,3697.661601425949
2083,dry,Soybeans,current,0.6143558380195988,2205.1028808593783,20005,3039.7348441654885
2083,median,Soybeans,current,0.8106670755574922,2205.1028808593783,20005,3490.161674399171
2083,wet,Soybeans,current,1.030148640486927,2205.1028808593783,20005,3697.661601425949
2084,dry,Soybeans,current,0.6143558380195988,2205.1028808593783,20005,3039.7348441654885
2084,median,Soybeans,current,0.8106670755574922,2205.1028808593783,20005,3490.161674399171
2084,wet,Soybeans,current,1.030148640486927,2205.1028808593783,20005,3697.661601425949
2085,dry,Soybeans,current,0.6143558380195988,2205.1028808593783,20005,3039.7348441654885
2085,median,Soybeans,current,0.8106670755574922,2205.1028808593783,20005,3490.161674399171
2085,wet,Soybeans,current,1.030148640486927,2205.1028808593783,20005,3697.661601425949
2086,dry,Soybeans,current,0.6143558380195988,2205.1028808593783,20005,3039.7348441654885
2086,median,Soybeans,current,0.8106670755574922,2205.1028808593783,20005,3490.161674399171
2086,wet,Soybeans,current,1.030148640486927,2205.1028808593783,20005,3697.661601425949
2087,dry,Soybeans,current,0.6143558380195988,2205.1028808593783,20005,3039.7348441654885
2087,median,Soybeans,current,0.8106670755574922,2205.1028808593783,20005,3490.161674399171
2087,wet,Soybeans,current,1.030148640486927,2205.1028808593783,20005,3697.661601425949
2088,dry,Soybeans,current,0.6143558380195988,2205.1028808593783,20005,3039.7348441654885
2088,median,Soybeans,current,0.8106670755574922,2205.1028808593783,20005,3490.161674399171
2088,wet,Soybeans,current,1.030148640486927,2205.1028808593783,20005,3697.661601425949
2089,dry,Soybeans,current,0.6143558380195988,2205.1028808593783,20005,3039.7348441654885
2089,median,Soybeans,current,0.8106670755574922,2205.1028808593783,20005,3490.161674399171
2089,wet,Soybeans,current,1.030148640486927,2205.1028808593783,20005,3697.661601425949
2090,dry,Soybeans,current,0.6143558380195988,2205.1028808593783,20005,3039.7348441654885
2090,median,Soybeans,current,0.8106670755574922,2205.1028808593783,20005,3490.161674399171
2090,wet,Soybeans,current,1.030148640486927,2205.1028808593783,20005,3697.661601425949
2091,dry,Soybeans,current,0.6143558380195988,2205.1028808593783,20005,3039.7348441654885
2091,median,Soybeans,current,0.8106670755574922,2205.1028808593783,20005,3490.161674399171
2091,wet,Soybeans,current,1.030148640486927,2205.1028808593783,20005,3697.661601425949
2092,dry,Soybeans,current,0.6143558380195988,2205.1028808593783,20005,3039.7348441654885
2092,median,Soybeans,current,0.8106670755574922,2205.1028808593783,20005,3490.161674399171
2092,wet,Soybeans,current,1.030148640486927,2205.1028808593783,20005,3697.661601425949
2093,dry,Soybeans,current,0.6143558380195988,2205.1028808593783,20005,3039.7348441654885
2093,median,Soybeans,current,0.8106670755574922,2205.1028808593783,20005,3490.161674399171
2093,wet,Soybeans,current,1.030148640486927,2205.1028808593783,20005,3697.661601425949
2094,dry,Soybeans,current,0.6143558380195988,2205.1028808593783,20005,3039.7348441654885
2094,median,Soybeans,current,0.8106670755574922,2205.1028808593783,20005,3490.161674399171
2094,wet,Soybeans,current,1.030148640486927,2205.1028808593783,20005,3697.661601425949
2095,dry,Soybeans,current,0.6143558380195988,2205.1028808593783,20005,3039.7348441654885
2095,median,Soybeans,current,0.8106670755574922,2205.1028808593783,20005,3490.161674399171
2095,wet,Soybeans,current,1.030148640486927,2205.1028808593783,20005,3697.661601425949
2096,dry,Soybeans,current,0.6143558380195988,2205.1028808593783,20005,3039.7348441654885
2096,median,Soybeans,current,0.8106670755574922,2205.1028808593783,20005,3490.161674399171
2096,wet,Soybeans,current,1.030148640486927,2205.1028808593783,20005,3697.661601425949
2097,dry,Soybeans,current,0.6143558380195988,2205.1028808593783,20005,3039.7348441654885
2097,median,Soybeans,current,0.8106670755574922,2205.1028808593783,20005,3490.161674399171
2097,wet,Soybeans,current,1.030148640486927,2205.1028808593783,20005,3697.661601425949
2098,dry,Soybeans,current,0.6143558380195988,2205.1028808593783,20005,3039.7348441654885
2098,median,Soybeans,current,0.8106670755574922,2205.1028808593783,20005,3490.161674399171
2098,wet,Soybeans,current,1.030148640486927,2205.1028808593783,20005,3697.661601425949
2099,dry,Soybeans,current,0.6143558380195988,2205.1028808593783,20005,3039.7348441654885
2099,median,Soybeans,current,0.8106670755574922,2205.1028808593783,20005,3490.161674399171
2099,wet,Soybeans,current,1.030148640486927,2205.1028808593783,20005,3697.661601425949
2100,dry,Soybeans,current,0.6143558380195988,2205.1028808593783,20005,3039.7348441654885
2100,median,Soybeans,current,0.8106670755574922,2205.1028808593783,20005,3490.161674399171
2100,wet,Soybeans,current,1.030148640486927,2205.1028808593783,20005,3697.661601425949
2006,dry,Wheat,wheat_climate_only,0.4506977409004467,2691.8646850585988,20005,3670.1975374166577
2006,median,Wheat,wheat_climate_only,0.5911066998788156,2691.8646850585988,20005,3436.0128090391227
2006,wet,Wheat,wheat_climate_only,0.7626337515247432,2691.8646850585988,20005,2279.040504803493
2007,dry,Wheat,wheat_climate_only,0.4506977409004467,2691.8646850585988,20005,3670.1975374166577
2007,median,Wheat,wheat_climate_only,0.5911066998788156,2691.8646850585988,20005,3436.0128090391227
2007,wet,Wheat,wheat_climate_only,0.7626337515247432,2691.8646850585988,20005,2279.040504803493
2008,dry,Wheat,wheat_climate_only,0.4506977409004467,2691.8646850585988,20005,3670.1975374166577
2008,median,Wheat,wheat_climate_only,0.5911066998788156,2691.8646850585988,20005,3436.0128090391227
2008,wet,Wheat,wheat_climate_only,0.7626337515247432,2691.8646850585988,20005,2279.040504803493
2009,dry,Wheat,wheat_climate_only,0.4506977409004467,2691.8646850585988,20005,3670.1975374166577
2009,median,Wheat,wheat_climate_only,0.5911066998788156,2691.8646850585988,20005,3436.0128090391227
2009,wet,Wheat,wheat_climate_only,0.7626337515247432,2691.8646850585988,20005,2279.040504803493
2010,dry,Wheat,wheat_climate_only,0.4506977409004467,2691.8646850585988,20005,3670.1975374166577
2010,median,Wheat,wheat_climate_only,0.5911066998788156,2691.8646850585988,20005,3436.0128090391227
2010,wet,Wheat,wheat_climate_only,0.7626337515247432,2691.8646850585988,20005,2279.040504803493
2011,dry,Wheat,wheat_climate_only,0.4506977409004467,2691.8646850585988,20005,3670.1975374166577
2011,median,Wheat,wheat_climate_only,0.5911066998788156,2691.8646850585988,20005,3436.0128090391227
2011,wet,Wheat,wheat_climate_only,0.7626337515247432,2691.8646850585988,20005,2279.040504803493
2012,dry,Wheat,wheat_climate_only,0.4506977409004467,2691.8646850585988,20005,3670.1975374166577
2012,median,Wheat,wheat_climate_only,0.5911066998788156,2691.8646850585988,20005,3436.0128090391227
2012,wet,Wheat,wheat_climate_only,0.7626337515247432,2691.8646850585988,20005,2279.040504803493
2013,dry,Wheat,wheat_climate_only,0.4506977409004467,2691.8646850585988,20005,3670.1975374166577
2013,median,Wheat,wheat_climate_only,0.5911066998788156,2691.8646850585988,20005,3436.0128090391227
2013,wet,Wheat,wheat_climate_only,0.7626337515247432,2691.8646850585988,20005,2279.040504803493
2014,dry,Wheat,wheat_climate_only,0.4506977409004467,2691.8646850585988,20005,3670.1975374166577
2014,median,Wheat,wheat_climate_only,0.5911066998788156,2691.8646850585988,20005,3436.0128090391227
2014,wet,Wheat,wheat_climate_only,0.7626337515247432,2691.8646850585988,20005,2279.040504803493
2015,dry,Wheat,wheat_climate_only,0.4506977409004467,2691.8646850585988,20005,3670.1975374166577
2015,median,Wheat,wheat_climate_only,0.5911066998788156,2691.8646850585988,20005,3436.0128090391227
2015,wet,Wheat,wheat_climate_only,0.7626337515247432,2691.8646850585988,20005,2279.040504803493
2016,dry,Wheat,wheat_climate_only,0.4506977409004467,2691.8646850585988,20005,3670.1975374166577
2016,median,Wheat,wheat_climate_only,0.5911066998788156,2691.8646850585988,20005,3436.0128090391227
2016,wet,Wheat,wheat_climate_only,0.7626337515247432,2691.8646850585988,20005,2279.040504803493
2017,dry,Wheat,wheat_climate_only,0.4506977409004467,2691.8646850585988,20005,3670.1975374166577
2017,median,Wheat,wheat_climate_only,0.5911066998788156,2691.8646850585988,20005,3436.0128090391227
2017,wet,Wheat,wheat_climate_only,0.7626337515247432,2691.8646850585988,20005,2279.040504803493
2018,dry,Wheat,wheat_climate_only,0.4506977409004467,2691.8646850585988,20005,3670.1975374166577
2018,median,Wheat,wheat_climate_only,0.5911066998788156,2691.8646850585988,20005,3436.0128090391227
2018,wet,Wheat,wheat_climate_only,0.7626337515247432,2691.8646850585988,20005,2279.040504803493
2019,dry,Wheat,wheat_climate_only,0.4506977409004467,2691.8646850585988,20005,3670.1975374166577
2019,median,Wheat,wheat_climate_only,0.5911066998788156,2691.8646850585988,20005,3436.0128090391227
2019,wet,Wheat,wheat_climate_only,0.7626337515247432,2691.8646850585988,20005,2279.040504803493
2020,dry,Wheat,wheat_climate_only,0.4506977409004467,2691.8646850585988,20005,3670.1975374166577
2020,median,Wheat,wheat_climate_only,0.5911066998788156,2691.8646850585988,20005,3436.0128090391227
2020,wet,Wheat,wheat_climate_only,0.7626337515247432,2691.8646850585988,20005,2279.040504803493
2021,dry,Wheat,wheat_climate_only,0.4506977409004467,2691.8646850585988,20005,3670.1975374166577
2021,median,Wheat,wheat_climate_only,0.5911066998788156,2691.8646850585988,20005,3436.0128090391227
2021,wet,Wheat,wheat_climate_only,0.7626337515247432,2691.8646850585988,20005,2279.040504803493
2022,dry,Wheat,wheat_climate_only,0.4506977409004467,2691.8646850585988,20005,3670.1975374166577
2022,median,Wheat,wheat_climate_only,0.5911066998788156,2691.8646850585988,20005,3436.0128090391227
2022,wet,Wheat,wheat_climate_only,0.7626337515247432,2691.8646850585988,20005,2279.040504803493
2023,dry,Wheat,wheat_climate_only,0.4506977409004467,2691.8646850585988,20005,3670.1975374166577
2023,median,Wheat,wheat_climate_only,0.5911066998788156,2691.8646850585988,20005,3436.0128090391227
2023,wet,Wheat,wheat_climate_only,0.7626337515247432,2691.8646850585988,20005,2279.040504803493
2024,dry,Wheat,wheat_climate_only,0.4506977409004467,2691.8646850585988,20005,3670.1975374166577
2024,median,Wheat,wheat_climate_only,0.5911066998788156,2691.8646850585988,20005,3436.0128090391227
2024,wet,Wheat,wheat_climate_only,0.7626337515247432,2691.8646850585988,20005,2279.040504803493
2025,dry,Wheat,wheat_climate_only,0.4506977409004467,2691.8646850585988,20005,3670.1975374166577
2025,median,Wheat,wheat_climate_only,0.5911066998788156,2691.8646850585988,20005,3436.0128090391227
2025,wet,Wheat,wheat_climate_only,0.7626337515247432,2691.8646850585988,20005,2279.040504803493
2026,dry,Wheat,wheat_climate_only,0.4506977409004467,2691.8646850585988,20005,3670.1975374166577
2026,median,Wheat,wheat_climate_only,0.5911066998788156,2691.8646850585988,20005,3436.0128090391227
2026,wet,Wheat,wheat_climate_only,0.7626337515247432,2691.8646850585988,20005,2279.040504803493
2027,dry,Wheat,wheat_climate_only,0.4506977409004467,2691.8646850585988,20005,3670.1975374166577
2027,median,Wheat,wheat_climate_only,0.5911066998788156,2691.8646850585988,20005,3436.0128090391227
2027,wet,Wheat,wheat_climate_only,0.7626337515247432,2691.8646850585988,20005,2279.040504803493
2028,dry,Wheat,wheat_climate_only,0.4506977409004467,2691.8646850585988,20005,3670.1975374166577
2028,median,Wheat,wheat_climate_only,0.5911066998788156,2691.8646850585988,20005,3436.0128090391227
2028,wet,Wheat,wheat_climate_only,0.7626337515247432,2691.8646850585988,20005,2279.040504803493
2029,dry,Wheat,wheat_climate_only,0.4506977409004467,2691.8646850585988,20005,3670.1975374166577
2029,median,Wheat,wheat_climate_only,0.5911066998788156,2691.8646850585988,20005,3436.0128090391227
2029,wet,Wheat,wheat_climate_only,0.7626337515247432,2691.8646850585988,20005,2279.040504803493
2030,dry,Wheat,wheat_climate_only,0.4506977409004467,2691.8646850585988,20005,3670.1975374166577
2030,median,Wheat,wheat_climate_only,0.5911066998788156,2691.8646850585988,20005,3436.0128090391227
2030,wet,Wheat,wheat_climate_only,0.7626337515247432,2691.8646850585988,20005,2279.040504803493
2031,dry,Wheat,wheat_climate_only,0.4506977409004467,2691.8646850585988,20005,3670.1975374166577
2031,median,Wheat,wheat_climate_only,0.5911066998788156,2691.8646850585988,20005,3436.0128090391227
2031,wet,Wheat,wheat_climate_only,0.7626337515247432,2691.8646850585988,20005,2279.040504803493
2032,dry,Wheat,wheat_climate_only,0.4506977409004467,2691.8646850585988,20005,3670.1975374166577
2032,median,Wheat,wheat_climate_only,0.5911066998788156,2691.8646850585988,20005,3436.0128090391227
2032,wet,Wheat,wheat_climate_only,0.7626337515247432,2691.8646850585988,20005,2279.040504803493
2033,dry,Wheat,wheat_climate_only,0.4506977409004467,2691.8646850585988,20005,3670.1975374166577
2033,median,Wheat,wheat_climate_only,0.5911066998788156,2691.8646850585988,20005,3436.0128090391227
2033,wet,Wheat,wheat_climate_only,0.7626337515247432,2691.8646850585988,20005,2279.040504803493
2034,dry,Wheat,wheat_climate_only,0.4506977409004467,2691.8646850585988,20005,3670.1975374166577
2034,median,Wheat,wheat_climate_only,0.5911066998788156,2691.8646850585988,20005,3436.0128090391227
2034,wet,Wheat,wheat_climate_only,0.7626337515247432,2691.8646850585988,20005,2279.040504803493
2035,dry,Wheat,wheat_climate_only,0.4506977409004467,2691.8646850585988,20005,3670.1975374166577
2035,median,Wheat,wheat_climate_only,0.5911066998788156,2691.8646850585988,20005,3436.0128090391227
2035,wet,Wheat,wheat_climate_only,0.7626337515247432,2691.8646850585988,20005,2279.040504803493
2036,dry,Wheat,wheat_climate_only,0.4506977409004467,2691.8646850585988,20005,3670.1975374166577
2036,median,Wheat,wheat_climate_only,0.5911066998788156,2691.8646850585988,20005,3436.0128090391227
2036,wet,Wheat,wheat_climate_only,0.7626337515247432,2691.8646850585988,20005,2279.040504803493
2037,dry,Wheat,wheat_climate_only,0.4506977409004467,2691.8646850585988,20005,3670.1975374166577
2037,median,Wheat,wheat_climate_only,0.5911066998788156,2691.8646850585988,20005,3436.0128090391227
2037,wet,Wheat,wheat_climate_only,0.7626337515247432,2691.8646850585988,20005,2279.040504803493
2038,dry,Wheat,wheat_climate_only,0.4506977409004467,2691.8646850585988,20005,3670.1975374166577
2038,median,Wheat,wheat_climate_only,0.5911066998788156,2691.8646850585988,20005,3436.0128090391227
2038,wet,Wheat,wheat_climate_only,0.7626337515247432,2691.8646850585988,20005,2279.040504803493
2039,dry,Wheat,wheat_climate_only,0.4506977409004467,2691.8646850585988,20005,3670.1975374166577
2039,median,Wheat,wheat_climate_only,0.5911066998788156,2691.8646850585988,20005,3436.0128090391227
2039,wet,Wheat,wheat_climate_only,0.7626337515247432,2691.8646850585988,20005,2279.040504803493
2040,dry,Wheat,wheat_climate_only,0.4506977409004467,2691.8646850585988,20005,3670.1975374166577
2040,median,Wheat,wheat_climate_only,0.5911066998788156,2691.8646850585988,20005,3436.0128090391227
2040,wet,Wheat,wheat_climate_only,0.7626337515247432,2691.8646850585988,20005,2279.040504803493
2041,dry,Wheat,wheat_climate_only,0.4506977409004467,2691.8646850585988,20005,3670.1975374166577
2041,median,Wheat,wheat_climate_only,0.5911066998788156,2691.8646850585988,20005,3436.0128090391227
2041,wet,Wheat,wheat_climate_only,0.7626337515247432,2691.8646850585988,20005,2279.040504803493
2042,dry,Wheat,wheat_climate_only,0.4506977409004467,2691.8646850585988,20005,3670.1975374166577
2042,median,Wheat,wheat_climate_only,0.5911066998788156,2691.8646850585988,20005,3436.0128090391227
2042,wet,Wheat,wheat_climate_only,0.7626337515247432,2691.8646850585988,20005,2279.040504803493
2043,dry,Wheat,wheat_climate_only,0.4506977409004467,2691.8646850585988,20005,3670.1975374166577
2043,median,Wheat,wheat_climate_only,0.5911066998788156,2691.8646850585988,20005,3436.0128090391227
2043,wet,Wheat,wheat_climate_only,0.7626337515247432,2691.8646850585988,20005,2279.040504803493
2044,dry,Wheat,wheat_climate_only,0.4506977409004467,2691.8646850585988,20005,3670.1975374166577
2044,median,Wheat,wheat_climate_only,0.5911066998788156,2691.8646850585988,20005,3436.0128090391227
2044,wet,Wheat,wheat_climate_only,0.7626337515247432,2691.8646850585988,20005,2279.040504803493
2045,dry,Wheat,wheat_climate_only,0.4506977409004467,2691.8646850585988,20005,3670.1975374166577
2045,median,Wheat,wheat_climate_only,0.5911066998788156,2691.8646850585988,20005,3436.0128090391227
2045,wet,Wheat,wheat_climate_only,0.7626337515247432,2691.8646850585988,20005,2279.040504803493
2046,dry,Wheat,wheat_climate_only,0.4506977409004467,2691.8646850585988,20005,3670.1975374166577
2046,median,Wheat,wheat_climate_only,0.5911066998788156,2691.8646850585988,20005,3436.0128090391227
2046,wet,Wheat,wheat_climate_only,0.7626337515247432,2691.8646850585988,20005,2279.040504803493
2047,dry,Wheat,wheat_climate_only,0.4506977409004467,2691.8646850585988,20005,3670.1975374166577
2047,median,Wheat,wheat_climate_only,0.5911066998788156,2691.8646850585988,20005,3436.0128090391227
2047,wet,Wheat,wheat_climate_only,0.7626337515247432,2691.8646850585988,20005,2279.040504803493
2048,dry,Wheat,wheat_climate_only,0.4506977409004467,2691.8646850585988,20005,3670.1975374166577
2048,median,Wheat,wheat_climate_only,0.5911066998788156,2691.8646850585988,20005,3436.0128090391227
2048,wet,Wheat,wheat_climate_only,0.7626337515247432,2691.8646850585988,20005,2279.040504803493
2049,dry,Wheat,wheat_climate_only,0.4506977409004467,2691.8646850585988,20005,3670.1975374166577
2049,median,Wheat,wheat_climate_only,0.5911066998788156,2691.8646850585988,20005,3436.0128090391227
2049,wet,Wheat,wheat_climate_only,0.7626337515247432,2691.8646850585988,20005,2279.040504803493
2050,dry,Wheat,wheat_climate_only,0.4506977409004467,2691.8646850585988,20005,3670.1975374166577
2050,median,Wheat,wheat_climate_only,0.5911066998788156,2691.8646850585988,20005,3436.0128090391227
2050,wet,Wheat,wheat_climate_only,0.7626337515247432,2691.8646850585988,20005,2279.040504803493
2051,dry,Wheat,wheat_climate_only,0.4506977409004467,2691.8646850585988,20005,3670.1975374166577
2051,median,Wheat,wheat_climate_only,0.5911066998788156,2691.8646850585988,20005,3436.0128090391227
2051,wet,Wheat,wheat_climate_only,0.7626337515247432,2691.8646850585988,20005,2279.040504803493
2052,dry,Wheat,wheat_climate_only,0.4506977409004467,2691.8646850585988,20005,3670.1975374166577
2052,median,Wheat,wheat_climate_only,0.5911066998788156,2691.8646850585988,20005,3436.0128090391227
2052,wet,Wheat,wheat_climate_only,0.7626337515247432,2691.8646850585988,20005,2279.040504803493
2053,dry,Wheat,wheat_climate_only,0.4506977409004467,2691.8646850585988,20005,3670.1975374166577
2053,median,Wheat,wheat_climate_only,0.5911066998788156,2691.8646850585988,20005,3436.0128090391227
2053,wet,Wheat,wheat_climate_only,0.7626337515247432,2691.8646850585988,20005,2279.040504803493
2054,dry,Wheat,wheat_climate_only,0.4506977409004467,2691.8646850585988,20005,3670.1975374166577
2054,median,Wheat,wheat_climate_only,0.5911066998788156,2691.8646850585988,20005,3436.0128090391227
2054,wet,Wheat,wheat_climate_only,0.7626337515247432,2691.8646850585988,20005,2279.040504803493
2055,dry,Wheat,wheat_climate_only,0.4506977409004467,2691.8646850585988,20005,3670.1975374166577
2055,median,Wheat,wheat_climate_only,0.5911066998788156,2691.8646850585988,20005,3436.0128090391227
2055,wet,Wheat,wheat_climate_only,0.7626337515247432,2691.8646850585988,20005,2279.040504803493
2056,dry,Wheat,wheat_climate_only,0.4506977409004467,2691.8646850585988,20005,3670.1975374166577
2056,median,Wheat,wheat_climate_only,0.5911066998788156,2691.8646850585988,20005,3436.0128090391227
2056,wet,Wheat,wheat_climate_only,0.7626337515247432,2691.8646850585988,20005,2279.040504803493
2057,dry,Wheat,wheat_climate_only,0.4506977409004467,2691.8646850585988,20005,3670.1975374166577
2057,median,Wheat,wheat_climate_only,0.5911066998788156,2691.8646850585988,20005,3436.0128090391227
2057,wet,Wheat,wheat_climate_only,0.7626337515247432,2691.8646850585988,20005,2279.040504803493
2058,dry,Wheat,wheat_climate_only,0.4506977409004467,2691.8646850585988,20005,3670.1975374166577
2058,median,Wheat,wheat_climate_only,0.5911066998788156,2691.8646850585988,20005,3436.0128090391227
2058,wet,Wheat,wheat_climate_only,0.7626337515247432,2691.8646850585988,20005,2279.040504803493
2059,dry,Wheat,wheat_climate_only,0.4506977409004467,2691.8646850585988,20005,3670.1975374166577
2059,median,Wheat,wheat_climate_only,0.5911066998788156,2691.8646850585988,20005,3436.0128090391227
2059,wet,Wheat,wheat_climate_only,0.7626337515247432,2691.8646850585988,20005,2279.040504803493
2060,dry,Wheat,wheat_climate_only,0.4506977409004467,2691.8646850585988,20005,3670.1975374166577
2060,median,Wheat,wheat_climate_only,0.5911066998788156,2691.8646850585988,20005,3436.0128090391227
2060,wet,Wheat,wheat_climate_only,0.7626337515247432,2691.8646850585988,20005,2279.040504803493
2061,dry,Wheat,wheat_climate_only,0.4506977409004467,2691.8646850585988,20005,3670.1975374166577
2061,median,Wheat,wheat_climate_only,0.5911066998788156,2691.8646850585988,20005,3436.0128090391227
2061,wet,Wheat,wheat_climate_only,0.7626337515247432,2691.8646850585988,20005,2279.040504803493
2062,dry,Wheat,wheat_climate_only,0.4506977409004467,2691.8646850585988,20005,3670.1975374166577
2062,median,Wheat,wheat_climate_only,0.5911066998788156,2691.8646850585988,20005,3436.0128090391227
2062,wet,Wheat,wheat_climate_only,0.7626337515247432,2691.8646850585988,20005,2279.040504803493
2063,dry,Wheat,wheat_climate_only,0.4506977409004467,2691.8646850585988,20005,3670.1975374166577
2063,median,Wheat,wheat_climate_only,0.5911066998788156,2691.8646850585988,20005,3436.0128090391227
2063,wet,Wheat,wheat_climate_only,0.7626337515247432,2691.8646850585988,20005,2279.040504803493
2064,dry,Wheat,wheat_climate_only,0.4506977409004467,2691.8646850585988,20005,3670.1975374166577
2064,median,Wheat,wheat_climate_only,0.5911066998788156,2691.8646850585988,20005,3436.0128090391227
2064,wet,Wheat,wheat_climate_only,0.7626337515247432,2691.8646850585988,20005,2279.040504803493
2065,dry,Wheat,wheat_climate_only,0.4506977409004467,2691.8646850585988,20005,3670.1975374166577
2065,median,Wheat,wheat_climate_only,0.5911066998788156,2691.8646850585988,20005,3436.0128090391227
2065,wet,Wheat,wheat_climate_only,0.7626337515247432,2691.8646850585988,20005,2279.040504803493
2066,dry,Wheat,wheat_climate_only,0.4506977409004467,2691.8646850585988,20005,3670.1975374166577
2066,median,Wheat,wheat_climate_only,0.5911066998788156,2691.8646850585988,20005,3436.0128090391227
2066,wet,Wheat,wheat_climate_only,0.7626337515247432,2691.8646850585988,20005,2279.040504803493
2067,dry,Wheat,wheat_climate_only,0.4506977409004467,2691.8646850585988,20005,3670.1975374166577
2067,median,Wheat,wheat_climate_only,0.5911066998788156,2691.8646850585988,20005,3436.0128090391227
2067,wet,Wheat,wheat_climate_only,0.7626337515247432,2691.8646850585988,20005,2279.040504803493
2068,dry,Wheat,wheat_climate_only,0.4506977409004467,2691.8646850585988,20005,3670.1975374166577
2068,median,Wheat,wheat_climate_only,0.5911066998788156,2691.8646850585988,20005,3436.0128090391227
2068,wet,Wheat,wheat_climate_only,0.7626337515247432,2691.8646850585988,20005,2279.040504803493
2069,dry,Wheat,wheat_climate_only,0.4506977409004467,2691.8646850585988,20005,3670.1975374166577
2069,median,Wheat,wheat_climate_only,0.5911066998788156,2691.8646850585988,20005,3436.0128090391227
2069,wet,Wheat,wheat_climate_only,0.7626337515247432,2691.8646850585988,20005,2279.040504803493
2070,dry,Wheat,wheat_climate_only,0.4506977409004467,2691.8646850585988,20005,3670.1975374166577
2070,median,Wheat,wheat_climate_only,0.5911066998788156,2691.8646850585988,20005,3436.0128090391227
2070,wet,Wheat,wheat_climate_only,0.7626337515247432,2691.8646850585988,20005,2279.040504803493
2071,dry,Wheat,wheat_climate_only,0.4506977409004467,2691.8646850585988,20005,3670.1975374166577
2071,median,Wheat,wheat_climate_only,0.5911066998788156,2691.8646850585988,20005,3436.0128090391227
2071,wet,Wheat,wheat_climate_only,0.7626337515247432,2691.8646850585988,20005,2279.040504803493
2072,dry,Wheat,wheat_climate_only,0.4506977409004467,2691.8646850585988,20005,3670.1975374166577
2072,median,Wheat,wheat_climate_only,0.5911066998788156,2691.8646850585988,20005,3436.0128090391227
2072,wet,Wheat,wheat_climate_only,0.7626337515247432,2691.8646850585988,20005,2279.040504803493
2073,dry,Wheat,wheat_climate_only,0.4506977409004467,2691.8646850585988,20005,3670.1975374166577
2073,median,Wheat,wheat_climate_only,0.5911066998788156,2691.8646850585988,20005,3436.0128090391227
2073,wet,Wheat,wheat_climate_only,0.7626337515247432,2691.8646850585988,20005,2279.040504803493
2074,dry,Wheat,wheat_climate_only,0.4506977409004467,2691.8646850585988,20005,3670.1975374166577
2074,median,Wheat,wheat_climate_only,0.5911066998788156,2691.8646850585988,20005,3436.0128090391227
2074,wet,Wheat,wheat_climate_only,0.7626337515247432,2691.8646850585988,20005,2279.040504803493
2075,dry,Wheat,wheat_climate_only,0.4506977409004467,2691.8646850585988,20005,3670.1975374166577
2075,median,Wheat,wheat_climate_only,0.5911066998788156,2691.8646850585988,20005,3436.0128090391227
2075,wet,Wheat,wheat_climate_only,0.7626337515247432,2691.8646850585988,20005,2279.040504803493
2076,dry,Wheat,wheat_climate_only,0.4506977409004467,2691.8646850585988,20005,3670.1975374166577
2076,median,Wheat,wheat_climate_only,0.5911066998788156,2691.8646850585988,20005,3436.0128090391227
2076,wet,Wheat,wheat_climate_only,0.7626337515247432,2691.8646850585988,20005,2279.040504803493
2077,dry,Wheat,wheat_climate_only,0.4506977409004467,2691.8646850585988,20005,3670.1975374166577
2077,median,Wheat,wheat_climate_only,0.5911066998788156,2691.8646850585988,20005,3436.0128090391227
2077,wet,Wheat,wheat_climate_only,0.7626337515247432,2691.8646850585988,20005,2279.040504803493
2078,dry,Wheat,wheat_climate_only,0.4506977409004467,2691.8646850585988,20005,3670.1975374166577
2078,median,Wheat,wheat_climate_only,0.5911066998788156,2691.8646850585988,20005,3436.0128090391227
2078,wet,Wheat,wheat_climate_only,0.7626337515247432,2691.8646850585988,20005,2279.040504803493
2079,dry,Wheat,wheat_climate_only,0.4506977409004467,2691.8646850585988,20005,3670.1975374166577
2079,median,Wheat,wheat_climate_only,0.5911066998788156,2691.8646850585988,20005,3436.0128090391227
2079,wet,Wheat,wheat_climate_only,0.7626337515247432,2691.8646850585988,20005,2279.040504803493
2080,dry,Wheat,wheat_climate_only,0.4506977409004467,2691.8646850585988,20005,3670.1975374166577
2080,median,Wheat,wheat_climate_only,0.5911066998788156,2691.8646850585988,20005,3436.0128090391227
2080,wet,Wheat,wheat_climate_only,0.7626337515247432,2691.8646850585988,20005,2279.040504803493
2081,dry,Wheat,wheat_climate_only,0.4506977409004467,2691.8646850585988,20005,3670.1975374166577
2081,median,Wheat,wheat_climate_only,0.5911066998788156,2691.8646850585988,20005,3436.0128090391227
2081,wet,Wheat,wheat_climate_only,0.7626337515247432,2691.8646850585988,20005,2279.040504803493
2082,dry,Wheat,wheat_climate_only,0.4506977409004467,2691.8646850585988,20005,3670.1975374166577
2082,median,Wheat,wheat_climate_only,0.5911066998788156,2691.8646850585988,20005,3436.0128090391227
2082,wet,Wheat,wheat_climate_only,0.7626337515247432,2691.8646850585988,20005,2279.040504803493
2083,dry,Wheat,wheat_climate_only,0.4506977409004467,2691.8646850585988,20005,3670.1975374166577
2083,median,Wheat,wheat_climate_only,0.5911066998788156,2691.8646850585988,20005,3436.0128090391227
2083,wet,Wheat,wheat_climate_only,0.7626337515247432,2691.8646850585988,20005,2279.040504803493
2084,dry,Wheat,wheat_climate_only,0.4506977409004467,2691.8646850585988,20005,3670.1975374166577
2084,median,Wheat,wheat_climate_only,0.5911066998788156,2691.8646850585988,20005,3436.0128090391227
2084,wet,Wheat,wheat_climate_only,0.7626337515247432,2691.8646850585988,20005,2279.040504803493
2085,dry,Wheat,wheat_climate_only,0.4506977409004467,2691.8646850585988,20005,3670.1975374166577
2085,median,Wheat,wheat_climate_only,0.5911066998788156,2691.8646850585988,20005,3436.0128090391227
2085,wet,Wheat,wheat_climate_only,0.7626337515247432,2691.8646850585988,20005,2279.040504803493
2086,dry,Wheat,wheat_climate_only,0.4506977409004467,2691.8646850585988,20005,3670.1975374166577
2086,median,Wheat,wheat_climate_only,0.5911066998788156,2691.8646850585988,20005,3436.0128090391227
2086,wet,Wheat,wheat_climate_only,0.7626337515247432,2691.8646850585988,20005,2279.040504803493
2087,dry,Wheat,wheat_climate_only,0.4506977409004467,2691.8646850585988,20005,3670.1975374166577
2087,median,Wheat,wheat_climate_only,0.5911066998788156,2691.8646850585988,20005,3436.0128090391227
2087,wet,Wheat,wheat_climate_only,0.7626337515247432,2691.8646850585988,20005,2279.040504803493
2088,dry,Wheat,wheat_climate_only,0.4506977409004467,2691.8646850585988,20005,3670.1975374166577
2088,median,Wheat,wheat_climate_only,0.5911066998788156,2691.8646850585988,20005,3436.0128090391227
2088,wet,Wheat,wheat_climate_only,0.7626337515247432,2691.8646850585988,20005,2279.040504803493
2089,dry,Wheat,wheat_climate_only,0.4506977409004467,2691.8646850585988,20005,3670.1975374166577
2089,median,Wheat,wheat_climate_only,0.5911066998788156,2691.8646850585988,20005,3436.0128090391227
2089,wet,Wheat,wheat_climate_only,0.7626337515247432,2691.8646850585988,20005,2279.040504803493
2090,dry,Wheat,wheat_climate_only,0.4506977409004467,2691.8646850585988,20005,3670.1975374166577
2090,median,Wheat,wheat_climate_only,0.5911066998788156,2691.8646850585988,20005,3436.0128090391227
2090,wet,Wheat,wheat_climate_only,0.7626337515247432,2691.8646850585988,20005,2279.040504803493
2091,dry,Wheat,wheat_climate_only,0.4506977409004467,2691.8646850585988,20005,3670.1975374166577
2091,median,Wheat,wheat_climate_only,0.5911066998788156,2691.8646850585988,20005,3436.0128090391227
2091,wet,Wheat,wheat_climate_only,0.7626337515247432,2691.8646850585988,20005,2279.040504803493
2092,dry,Wheat,wheat_climate_only,0.4506977409004467,2691.8646850585988,20005,3670.1975374166577
2092,median,Wheat,wheat_climate_only,0.5911066998788156,2691.8646850585988,20005,3436.0128090391227
2092,wet,Wheat,wheat_climate_only,0.7626337515247432,2691.8646850585988,20005,2279.040504803493
2093,dry,Wheat,wheat_climate_only,0.4506977409004467,2691.8646850585988,20005,3670.1975374166577
2093,median,Wheat,wheat_climate_only,0.5911066998788156,2691.8646850585988,20005,3436.0128090391227
2093,wet,Wheat,wheat_climate_only,0.7626337515247432,2691.8646850585988,20005,2279.040504803493
2094,dry,Wheat,wheat_climate_only,0.4506977409004467,2691.8646850585988,20005,3670.1975374166577
2094,median,Wheat,wheat_climate_only,0.5911066998788156,2691.8646850585988,20005,3436.0128090391227
2094,wet,Wheat,wheat_climate_only,0.7626337515247432,2691.8646850585988,20005,2279.040504803493
2095,dry,Wheat,wheat_climate_only,0.4506977409004467,2691.8646850585988,20005,3670.1975374166577
2095,median,Wheat,wheat_climate_only,0.5911066998788156,2691.8646850585988,20005,3436.0128090391227
2095,wet,Wheat,wheat_climate_only,0.7626337515247432,2691.8646850585988,20005,2279.040504803493
2096,dry,Wheat,wheat_climate_only,0.4506977409004467,2691.8646850585988,20005,3670.1975374166577
2096,median,Wheat,wheat_climate_only,0.5911066998788156,2691.8646850585988,20005,3436.0128090391227
2096,wet,Wheat,wheat_climate_only,0.7626337515247432,2691.8646850585988,20005,2279.040504803493
2097,dry,Wheat,wheat_climate_only,0.4506977409004467,2691.8646850585988,20005,3670.1975374166577
2097,median,Wheat,wheat_climate_only,0.5911066998788156,2691.8646850585988,20005,3436.0128090391227
2097,wet,Wheat,wheat_climate_only,0.7626337515247432,2691.8646850585988,20005,2279.040504803493
2098,dry,Wheat,wheat_climate_only,0.4506977409004467,2691.8646850585988,20005,3670.1975374166577
2098,median,Wheat,wheat_climate_only,0.5911066998788156,2691.8646850585988,20005,3436.0128090391227
2098,wet,Wheat,wheat_climate_only,0.7626337515247432,2691.8646850585988,20005,2279.040504803493
2099,dry,Wheat,wheat_climate_only,0.4506977409004467,2691.8646850585988,20005,3670.1975374166577
2099,median,Wheat,wheat_climate_only,0.5911066998788156,2691.8646850585988,20005,3436.0128090391227
2099,wet,Wheat,wheat_climate_only,0.7626337515247432,2691.8646850585988,20005,2279.040504803493
2100,dry,Wheat,wheat_climate_only,0.4506977409004467,2691.8646850585988,20005,3670.1975374166577
2100,median,Wheat,wheat_climate_only,0.5911066998788156,2691.8646850585988,20005,3436.0128090391227
2100,wet,Wheat,wheat_climate_only,0.7626337515247432,2691.8646850585988,20005,2279.040504803493
2006,dry,Wheat,wheat_no_water_year,0.4506977409004467,2691.8646850585988,20005,3461.280809118565
2006,median,Wheat,wheat_no_water_year,0.5911066998788156,2691.8646850585988,20005,3260.6052588450907
2006,wet,Wheat,wheat_no_water_year,0.7626337515247432,2691.8646850585988,20005,2118.8265073165526
2007,dry,Wheat,wheat_no_water_year,0.4506977409004467,2691.8646850585988,20005,3488.3701605014376
2007,median,Wheat,wheat_no_water_year,0.5911066998788156,2691.8646850585988,20005,3287.6946102279635
2007,wet,Wheat,wheat_no_water_year,0.7626337515247432,2691.8646850585988,20005,2145.9158586994254
2008,dry,Wheat,wheat_no_water_year,0.4506977409004467,2691.8646850585988,20005,3515.459511884311
2008,median,Wheat,wheat_no_water_year,0.5911066998788156,2691.8646850585988,20005,3314.7839616108367
2008,wet,Wheat,wheat_no_water_year,0.7626337515247432,2691.8646850585988,20005,2173.0052100822986
2009,dry,Wheat,wheat_no_water_year,0.4506977409004467,2691.8646850585988,20005,3542.548863267184
2009,median,Wheat,wheat_no_water_year,0.5911066998788156,2691.8646850585988,20005,3341.87331299371
2009,wet,Wheat,wheat_no_water_year,0.7626337515247432,2691.8646850585988,20005,2200.094561465172
2010,dry,Wheat,wheat_no_water_year,0.4506977409004467,2691.8646850585988,20005,3569.638214650057
2010,median,Wheat,wheat_no_water_year,0.5911066998788156,2691.8646850585988,20005,3368.962664376583
2010,wet,Wheat,wheat_no_water_year,0.7626337515247432,2691.8646850585988,20005,2227.1839128480447
2011,dry,Wheat,wheat_no_water_year,0.4506977409004467,2691.8646850585988,20005,3596.72756603293
2011,median,Wheat,wheat_no_water_year,0.5911066998788156,2691.8646850585988,20005,3396.052015759456
2011,wet,Wheat,wheat_no_water_year,0.7626337515247432,2691.8646850585988,20005,2254.273264230918
2012,dry,Wheat,wheat_no_water_year,0.4506977409004467,2691.8646850585988,20005,3623.816917415803
2012,median,Wheat,wheat_no_water_year,0.5911066998788156,2691.8646850585988,20005,3423.1413671423293
2012,wet,Wheat,wheat_no_water_year,0.7626337515247432,2691.8646850585988,20005,2281.362615613791
2013,dry,Wheat,wheat_no_water_year,0.4506977409004467,2691.8646850585988,20005,3650.906268798676
2013,median,Wheat,wheat_no_water_year,0.5911066998788156,2691.8646850585988,20005,3450.230718525202
2013,wet,Wheat,wheat_no_water_year,0.7626337515247432,2691.8646850585988,20005,2308.451966996664
2014,dry,Wheat,wheat_no_water_year,0.4506977409004467,2691.8646850585988,20005,3677.9956201815494
2014,median,Wheat,wheat_no_water_year,0.5911066998788156,2691.8646850585988,20005,3477.3200699080753
2014,wet,Wheat,wheat_no_water_year,0.7626337515247432,2691.8646850585988,20005,2335.541318379537
2015,dry,Wheat,wheat_no_water_year,0.4506977409004467,2691.8646850585988,20005,3705.084971564422
2015,median,Wheat,wheat_no_water_year,0.5911066998788156,2691.8646850585988,20005,3504.409421290948
2015,wet,Wheat,wheat_no_water_year,0.7626337515247432,2691.8646850585988,20005,2362.63066976241
2016,dry,Wheat,wheat_no_water_year,0.4506977409004467,2691.8646850585988,20005,3732.1743229472954
2016,median,Wheat,wheat_no_water_year,0.5911066998788156,2691.8646850585988,20005,3531.4987726738213
2016,wet,Wheat,wheat_no_water_year,0.7626337515247432,2691.8646850585988,20005,2389.7200211452832
2017,dry,Wheat,wheat_no_water_year,0.4506977409004467,2691.8646850585988,20005,3759.2636743301687
2017,median,Wheat,wheat_no_water_year,0.5911066998788156,2691.8646850585988,20005,3558.5881240566946
2017,wet,Wheat,wheat_no_water_year,0.7626337515247432,2691.8646850585988,20005,2416.8093725281565
2018,dry,Wheat,wheat_no_water_year,0.4506977409004467,2691.8646850585988,20005,3786.3530257130415
2018,median,Wheat,wheat_no_water_year,0.5911066998788156,2691.8646850585988,20005,3585.6774754395674
2018,wet,Wheat,wheat_no_water_year,0.7626337515247432,2691.8646850585988,20005,2443.8987239110293
2019,dry,Wheat,wheat_no_water_year,0.4506977409004467,2691.8646850585988,20005,3813.4423770959147
2019,median,Wheat,wheat_no_water_year,0.5911066998788156,2691.8646850585988,20005,3612.7668268224406
2019,wet,Wheat,wheat_no_water_year,0.7626337515247432,2691.8646850585988,20005,2470.9880752939025
2020,dry,Wheat,wheat_no_water_year,0.4506977409004467,2691.8646850585988,20005,3840.531728478788
2020,median,Wheat,wheat_no_water_year,0.5911066998788156,2691.8646850585988,20005,3639.856178205314
2020,wet,Wheat,wheat_no_water_year,0.7626337515247432,2691.8646850585988,20005,2498.0774266767758
2021,dry,Wheat,wheat_no_water_year,0.4506977409004467,2691.8646850585988,20005,3867.6210798616607
2021,median,Wheat,wheat_no_water_year,0.5911066998788156,2691.8646850585988,20005,3666.9455295881867
2021,wet,Wheat,wheat_no_water_year,0.7626337515247432,2691.8646850585988,20005,2525.1667780596485
2022,dry,Wheat,wheat_no_water_year,0.4506977409004467,2691.8646850585988,20005,3894.710431244534
2022,median,Wheat,wheat_no_water_year,0.5911066998788156,2691.8646850585988,20005,3694.03488097106
2022,wet,Wheat,wheat_no_water_year,0.7626337515247432,2691.8646850585988,20005,2552.256129442522
2023,dry,Wheat,wheat_no_water_year,0.4506977409004467,2691.8646850585988,20005,3921.799782627407
2023,median,Wheat,wheat_no_water_year,0.5911066998788156,2691.8646850585988,20005,3721.124232353933
2023,wet,Wheat,wheat_no_water_year,0.7626337515247432,2691.8646850585988,20005,2579.345480825395
2024,dry,Wheat,wheat_no_water_year,0.4506977409004467,2691.8646850585988,20005,3948.88913401028
2024,median,Wheat,wheat_no_water_year,0.5911066998788156,2691.8646850585988,20005,3748.213583736806
2024,wet,Wheat,wheat_no_water_year,0.7626337515247432,2691.8646850585988,20005,2606.434832208268
2025,dry,Wheat,wheat_no_water_year,0.4506977409004467,2691.8646850585988,20005,3975.9784853931533
2025,median,Wheat,wheat_no_water_year,0.5911066998788156,2691.8646850585988,20005,3775.302935119679
2025,wet,Wheat,wheat_no_water_year,0.7626337515247432,2691.8646850585988,20005,2633.524183591141
2026,dry,Wheat,wheat_no_water_year,0.4506977409004467,2691.8646850585988,20005,4003.0678367760265
2026,median,Wheat,wheat_no_water_year,0.5911066998788156,2691.8646850585988,20005,3802.392286502552
2026,wet,Wheat,wheat_no_water_year,0.7626337515247432,2691.8646850585988,20005,2660.613534974014
2027,dry,Wheat,wheat_no_water_year,0.4506977409004467,2691.8646850585988,20005,4030.1571881588993
2027,median,Wheat,wheat_no_water_year,0.5911066998788156,2691.8646850585988,20005,3829.4816378854252
2027,wet,Wheat,wheat_no_water_year,0.7626337515247432,2691.8646850585988,20005,2687.702886356887
2028,dry,Wheat,wheat_no_water_year,0.4506977409004467,2691.8646850585988,20005,4057.2465395417726
2028,median,Wheat,wheat_no_water_year,0.5911066998788156,2691.8646850585988,20005,3856.5709892682985
2028,wet,Wheat,wheat_no_water_year,0.7626337515247432,2691.8646850585988,20005,2714.7922377397604
2029,dry,Wheat,wheat_no_water_year,0.4506977409004467,2691.8646850585988,20005,4084.3358909246454
2029,median,Wheat,wheat_no_water_year,0.5911066998788156,2691.8646850585988,20005,3883.6603406511717
2029,wet,Wheat,wheat_no_water_year,0.7626337515247432,2691.8646850585988,20005,2741.8815891226336
2030,dry,Wheat,wheat_no_water_year,0.4506977409004467,2691.8646850585988,20005,4111.425242307519
2030,median,Wheat,wheat_no_water_year,0.5911066998788156,2691.8646850585988,20005,3910.7496920340445
2030,wet,Wheat,wheat_no_water_year,0.7626337515247432,2691.8646850585988,20005,2768.9709405055064
2031,dry,Wheat,wheat_no_water_year,0.4506977409004467,2691.8646850585988,20005,4138.514593690392
2031,median,Wheat,wheat_no_water_year,0.5911066998788156,2691.8646850585988,20005,3937.839043416918
2031,wet,Wheat,wheat_no_water_year,0.7626337515247432,2691.8646850585988,20005,2796.0602918883797
2032,dry,Wheat,wheat_no_water_year,0.4506977409004467,2691.8646850585988,20005,4165.603945073265
2032,median,Wheat,wheat_no_water_year,0.5911066998788156,2691.8646850585988,20005,3964.9283947997906
2032,wet,Wheat,wheat_no_water_year,0.7626337515247432,2691.8646850585988,20005,2823.1496432712524
2033,dry,Wheat,wheat_no_water_year,0.4506977409004467,2691.8646850585988,20005,4192.693296456137
2033,median,Wheat,wheat_no_water_year,0.5911066998788156,2691.8646850585988,20005,3992.017746182664
2033,wet,Wheat,wheat_no_water_year,0.7626337515247432,2691.8646850585988,20005,2850.2389946541257
2034,dry,Wheat,wheat_no_water_year,0.4506977409004467,2691.8646850585988,20005,4219.782647839011
2034,median,Wheat,wheat_no_water_year,0.5911066998788156,2691.8646850585988,20005,4019.107097565537
2034,wet,Wheat,wheat_no_water_year,0.7626337515247432,2691.8646850585988,20005,2877.328346036999
2035,dry,Wheat,wheat_no_water_year,0.4506977409004467,2691.8646850585988,20005,4246.871999221884
2035,median,Wheat,wheat_no_water_year,0.5911066998788156,2691.8646850585988,20005,4046.19644894841
2035,wet,Wheat,wheat_no_water_year,0.7626337515247432,2691.8646850585988,20005,2904.4176974198717
2036,dry,Wheat,wheat_no_water_year,0.4506977409004467,2691.8646850585988,20005,4273.961350604757
2036,median,Wheat,wheat_no_water_year,0.5911066998788156,2691.8646850585988,20005,4073.285800331283
2036,wet,Wheat,wheat_no_water_year,0.7626337515247432,2691.8646850585988,20005,2931.507048802745
2037,dry,Wheat,wheat_no_water_year,0.4506977409004467,2691.8646850585988,20005,4301.05070198763
2037,median,Wheat,wheat_no_water_year,0.5911066998788156,2691.8646850585988,20005,4100.375151714156
2037,wet,Wheat,wheat_no_water_year,0.7626337515247432,2691.8646850585988,20005,2958.5964001856178
2038,dry,Wheat,wheat_no_water_year,0.4506977409004467,2691.8646850585988,20005,4328.140053370504
2038,median,Wheat,wheat_no_water_year,0.5911066998788156,2691.8646850585988,20005,4127.46450309703
2038,wet,Wheat,wheat_no_water_year,0.7626337515247432,2691.8646850585988,20005,2985.685751568491
2039,dry,Wheat,wheat_no_water_year,0.4506977409004467,2691.8646850585988,20005,4355.229404753376
2039,median,Wheat,wheat_no_water_year,0.5911066998788156,2691.8646850585988,20005,4154.553854479903
2039,wet,Wheat,wheat_no_water_year,0.7626337515247432,2691.8646850585988,20005,3012.7751029513643
2040,dry,Wheat,wheat_no_water_year,0.4506977409004467,2691.8646850585988,20005,4382.318756136249
2040,median,Wheat,wheat_no_water_year,0.5911066998788156,2691.8646850585988,20005,4181.643205862776
2040,wet,Wheat,wheat_no_water_year,0.7626337515247432,2691.8646850585988,20005,3039.8644543342375
2041,dry,Wheat,wheat_no_water_year,0.4506977409004467,2691.8646850585988,20005,4409.4081075191225
2041,median,Wheat,wheat_no_water_year,0.5911066998788156,2691.8646850585988,20005,4208.732557245649
2041,wet,Wheat,wheat_no_water_year,0.7626337515247432,2691.8646850585988,20005,3066.9538057171103
2042,dry,Wheat,wheat_no_water_year,0.4506977409004467,2691.8646850585988,20005,4436.497458901996
2042,median,Wheat,wheat_no_water_year,0.5911066998788156,2691.8646850585988,20005,4235.821908628522
2042,wet,Wheat,wheat_no_water_year,0.7626337515247432,2691.8646850585988,20005,3094.0431570999835
2043,dry,Wheat,wheat_no_water_year,0.4506977409004467,2691.8646850585988,20005,4463.586810284869
2043,median,Wheat,wheat_no_water_year,0.5911066998788156,2691.8646850585988,20005,4262.911260011395
2043,wet,Wheat,wheat_no_water_year,0.7626337515247432,2691.8646850585988,20005,3121.1325084828563
2044,dry,Wheat,wheat_no_water_year,0.4506977409004467,2691.8646850585988,20005,4490.676161667742
2044,median,Wheat,wheat_no_water_year,0.5911066998788156,2691.8646850585988,20005,4290.000611394268
2044,wet,Wheat,wheat_no_water_year,0.7626337515247432,2691.8646850585988,20005,3148.2218598657296
2045,dry,Wheat,wheat_no_water_year,0.4506977409004467,2691.8646850585988,20005,4517.765513050615
2045,median,Wheat,wheat_no_water_year,0.5911066998788156,2691.8646850585988,20005,4317.089962777141
2045,wet,Wheat,wheat_no_water_year,0.7626337515247432,2691.8646850585988,20005,3175.311211248603
2046,dry,Wheat,wheat_no_water_year,0.4506977409004467,2691.8646850585988,20005,4544.854864433488
2046,median,Wheat,wheat_no_water_year,0.5911066998788156,2691.8646850585988,20005,4344.179314160015
2046,wet,Wheat,wheat_no_water_year,0.7626337515247432,2691.8646850585988,20005,3202.400562631476
2047,dry,Wheat,wheat_no_water_year,0.4506977409004467,2691.8646850585988,20005,4571.944215816361
2047,median,Wheat,wheat_no_water_year,0.5911066998788156,2691.8646850585988,20005,4371.268665542887
2047,wet,Wheat,wheat_no_water_year,0.7626337515247432,2691.8646850585988,20005,3229.489914014349
2048,dry,Wheat,wheat_no_water_year,0.4506977409004467,2691.8646850585988,20005,4599.033567199234
2048,median,Wheat,wheat_no_water_year,0.5911066998788156,2691.8646850585988,20005,4398.35801692576
2048,wet,Wheat,wheat_no_water_year,0.7626337515247432,2691.8646850585988,20005,3256.5792653972217
2049,dry,Wheat,wheat_no_water_year,0.4506977409004467,2691.8646850585988,20005,4626.122918582108
2049,median,Wheat,wheat_no_water_year,0.5911066998788156,2691.8646850585988,20005,4425.4473683086335
2049,wet,Wheat,wheat_no_water_year,0.7626337515247432,2691.8646850585988,20005,3283.668616780095
2050,dry,Wheat,wheat_no_water_year,0.4506977409004467,2691.8646850585988,20005,4653.21226996498
2050,median,Wheat,wheat_no_water_year,0.5911066998788156,2691.8646850585988,20005,4452.536719691507
2050,wet,Wheat,wheat_no_water_year,0.7626337515247432,2691.8646850585988,20005,3310.757968162968
2051,dry,Wheat,wheat_no_water_year,0.4506977409004467,2691.8646850585988,20005,4680.301621347853
2051,median,Wheat,wheat_no_water_year,0.5911066998788156,2691.8646850585988,20005,4479.62607107438
2051,wet,Wheat,wheat_no_water_year,0.7626337515247432,2691.8646850585988,20005,3337.8473195458414
2052,dry,Wheat,wheat_no_water_year,0.4506977409004467,2691.8646850585988,20005,4707.390972730726
2052,median,Wheat,wheat_no_water_year,0.5911066998788156,2691.8646850585988,20005,4506.715422457252
2052,wet,Wheat,wheat_no_water_year,0.7626337515247432,2691.8646850585988,20005,3364.936670928714
2053,dry,Wheat,wheat_no_water_year,0.4506977409004467,2691.8646850585988,20005,4734.4803241136
2053,median,Wheat,wheat_no_water_year,0.5911066998788156,2691.8646850585988,20005,4533.8047738401265
2053,wet,Wheat,wheat_no_water_year,0.7626337515247432,2691.8646850585988,20005,3392.0260223115874
2054,dry,Wheat,wheat_no_water_year,0.4506977409004467,2691.8646850585988,20005,4761.569675496473
2054,median,Wheat,wheat_no_water_year,0.5911066998788156,2691.8646850585988,20005,4560.894125222999
2054,wet,Wheat,wheat_no_water_year,0.7626337515247432,2691.8646850585988,20005,3419.1153736944602
2055,dry,Wheat,wheat_no_water_year,0.4506977409004467,2691.8646850585988,20005,4788.659026879345
2055,median,Wheat,wheat_no_water_year,0.5911066998788156,2691.8646850585988,20005,4587.983476605872
2055,wet,Wheat,wheat_no_water_year,0.7626337515247432,2691.8646850585988,20005,3446.2047250773335
2056,dry,Wheat,wheat_no_water_year,0.4506977409004467,2691.8646850585988,20005,4815.7483782622185
2056,median,Wheat,wheat_no_water_year,0.5911066998788156,2691.8646850585988,20005,4615.072827988745
2056,wet,Wheat,wheat_no_water_year,0.7626337515247432,2691.8646850585988,20005,3473.2940764602067
2057,dry,Wheat,wheat_no_water_year,0.4506977409004467,2691.8646850585988,20005,4842.837729645092
2057,median,Wheat,wheat_no_water_year,0.5911066998788156,2691.8646850585988,20005,4642.162179371619
2057,wet,Wheat,wheat_no_water_year,0.7626337515247432,2691.8646850585988,20005,3500.38342784308
2058,dry,Wheat,wheat_no_water_year,0.4506977409004467,2691.8646850585988,20005,4869.927081027965
2058,median,Wheat,wheat_no_water_year,0.5911066998788156,2691.8646850585988,20005,4669.251530754492
2058,wet,Wheat,wheat_no_water_year,0.7626337515247432,2691.8646850585988,20005,3527.4727792259528
2059,dry,Wheat,wheat_no_water_year,0.4506977409004467,2691.8646850585988,20005,4897.016432410838
2059,median,Wheat,wheat_no_water_year,0.5911066998788156,2691.8646850585988,20005,4696.340882137364
2059,wet,Wheat,wheat_no_water_year,0.7626337515247432,2691.8646850585988,20005,3554.5621306088256
2060,dry,Wheat,wheat_no_water_year,0.4506977409004467,2691.8646850585988,20005,4924.1057837937105
2060,median,Wheat,wheat_no_water_year,0.5911066998788156,2691.8646850585988,20005,4723.430233520237
2060,wet,Wheat,wheat_no_water_year,0.7626337515247432,2691.8646850585988,20005,3581.651481991699
2061,dry,Wheat,wheat_no_water_year,0.4506977409004467,2691.8646850585988,20005,4951.195135176585
2061,median,Wheat,wheat_no_water_year,0.5911066998788156,2691.8646850585988,20005,4750.519584903111
2061,wet,Wheat,wheat_no_water_year,0.7626337515247432,2691.8646850585988,20005,3608.740833374572
2062,dry,Wheat,wheat_no_water_year,0.4506977409004467,2691.8646850585988,20005,4978.284486559457
2062,median,Wheat,wheat_no_water_year,0.5911066998788156,2691.8646850585988,20005,4777.608936285984
2062,wet,Wheat,wheat_no_water_year,0.7626337515247432,2691.8646850585988,20005,3635.8301847574453
2063,dry,Wheat,wheat_no_water_year,0.4506977409004467,2691.8646850585988,20005,5005.37383794233
2063,median,Wheat,wheat_no_water_year,0.5911066998788156,2691.8646850585988,20005,4804.698287668857
2063,wet,Wheat,wheat_no_water_year,0.7626337515247432,2691.8646850585988,20005,3662.919536140318
2064,dry,Wheat,wheat_no_water_year,0.4506977409004467,2691.8646850585988,20005,5032.4631893252035
2064,median,Wheat,wheat_no_water_year,0.5911066998788156,2691.8646850585988,20005,4831.7876390517295
2064,wet,Wheat,wheat_no_water_year,0.7626337515247432,2691.8646850585988,20005,3690.0088875231913
2065,dry,Wheat,wheat_no_water_year,0.4506977409004467,2691.8646850585988,20005,5059.552540708077
2065,median,Wheat,wheat_no_water_year,0.5911066998788156,2691.8646850585988,20005,4858.876990434603
2065,wet,Wheat,wheat_no_water_year,0.7626337515247432,2691.8646850585988,20005,3717.098238906064
2066,dry,Wheat,wheat_no_water_year,0.4506977409004467,2691.8646850585988,20005,5086.64189209095
2066,median,Wheat,wheat_no_water_year,0.5911066998788156,2691.8646850585988,20005,4885.966341817476
2066,wet,Wheat,wheat_no_water_year,0.7626337515247432,2691.8646850585988,20005,3744.1875902889374
2067,dry,Wheat,wheat_no_water_year,0.4506977409004467,2691.8646850585988,20005,5113.731243473822
2067,median,Wheat,wheat_no_water_year,0.5911066998788156,2691.8646850585988,20005,4913.055693200349
2067,wet,Wheat,wheat_no_water_year,0.7626337515247432,2691.8646850585988,20005,3771.2769416718106
2068,dry,Wheat,wheat_no_water_year,0.4506977409004467,2691.8646850585988,20005,5140.820594856696
2068,median,Wheat,wheat_no_water_year,0.5911066998788156,2691.8646850585988,20005,4940.145044583222
2068,wet,Wheat,wheat_no_water_year,0.7626337515247432,2691.8646850585988,20005,3798.366293054684
2069,dry,Wheat,wheat_no_water_year,0.4506977409004467,2691.8646850585988,20005,5167.909946239569
2069,median,Wheat,wheat_no_water_year,0.5911066998788156,2691.8646850585988,20005,4967.234395966095
2069,wet,Wheat,wheat_no_water_year,0.7626337515247432,2691.8646850585988,20005,3825.4556444375567
2070,dry,Wheat,wheat_no_water_year,0.4506977409004467,2691.8646850585988,20005,5194.999297622442
2070,median,Wheat,wheat_no_water_year,0.5911066998788156,2691.8646850585988,20005,4994.323747348968
2070,wet,Wheat,wheat_no_water_year,0.7626337515247432,2691.8646850585988,20005,3852.5449958204294
2071,dry,Wheat,wheat_no_water_year,0.4506977409004467,2691.8646850585988,20005,5222.088649005315
2071,median,Wheat,wheat_no_water_year,0.5911066998788156,2691.8646850585988,20005,5021.413098731841
2071,wet,Wheat,wheat_no_water_year,0.7626337515247432,2691.8646850585988,20005,3879.6343472033027
2072,dry,Wheat,wheat_no_water_year,0.4506977409004467,2691.8646850585988,20005,5249.178000388188
2072,median,Wheat,wheat_no_water_year,0.5911066998788156,2691.8646850585988,20005,5048.5024501147145
2072,wet,Wheat,wheat_no_water_year,0.7626337515247432,2691.8646850585988,20005,3906.723698586176
2073,dry,Wheat,wheat_no_water_year,0.4506977409004467,2691.8646850585988,20005,5276.267351771061
2073,median,Wheat,wheat_no_water_year,0.5911066998788156,2691.8646850585988,20005,5075.591801497588
2073,wet,Wheat,wheat_no_water_year,0.7626337515247432,2691.8646850585988,20005,3933.813049969049
2074,dry,Wheat,wheat_no_water_year,0.4506977409004467,2691.8646850585988,20005,5303.356703153934
2074,median,Wheat,wheat_no_water_year,0.5911066998788156,2691.8646850585988,20005,5102.68115288046
2074,wet,Wheat,wheat_no_water_year,0.7626337515247432,2691.8646850585988,20005,3960.902401351922
2075,dry,Wheat,wheat_no_water_year,0.4506977409004467,2691.8646850585988,20005,5330.446054536807
2075,median,Wheat,wheat_no_water_year,0.5911066998788156,2691.8646850585988,20005,5129.770504263334
2075,wet,Wheat,wheat_no_water_year,0.7626337515247432,2691.8646850585988,20005,3987.9917527347952
2076,dry,Wheat,wheat_no_water_year,0.4506977409004467,2691.8646850585988,20005,5357.535405919681
2076,median,Wheat,wheat_no_water_year,0.5911066998788156,2691.8646850585988,20005,5156.859855646207
2076,wet,Wheat,wheat_no_water_year,0.7626337515247432,2691.8646850585988,20005,4015.081104117668
2077,dry,Wheat,wheat_no_water_year,0.4506977409004467,2691.8646850585988,20005,5384.624757302553
2077,median,Wheat,wheat_no_water_year,0.5911066998788156,2691.8646850585988,20005,5183.94920702908
2077,wet,Wheat,wheat_no_water_year,0.7626337515247432,2691.8646850585988,20005,4042.1704555005413
2078,dry,Wheat,wheat_no_water_year,0.4506977409004467,2691.8646850585988,20005,5411.714108685427
2078,median,Wheat,wheat_no_water_year,0.5911066998788156,2691.8646850585988,20005,5211.038558411953
2078,wet,Wheat,wheat_no_water_year,0.7626337515247432,2691.8646850585988,20005,4069.2598068834145
2079,dry,Wheat,wheat_no_water_year,0.4506977409004467,2691.8646850585988,20005,5438.8034600682995
2079,median,Wheat,wheat_no_water_year,0.5911066998788156,2691.8646850585988,20005,5238.127909794826
2079,wet,Wheat,wheat_no_water_year,0.7626337515247432,2691.8646850585988,20005,4096.349158266288
2080,dry,Wheat,wheat_no_water_year,0.4506977409004467,2691.8646850585988,20005,5465.892811451173
2080,median,Wheat,wheat_no_water_year,0.5911066998788156,2691.8646850585988,20005,5265.2172611777
2080,wet,Wheat,wheat_no_water_year,0.7626337515247432,2691.8646850585988,20005,4123.4385096491615
2081,dry,Wheat,wheat_no_water_year,0.4506977409004467,2691.8646850585988,20005,5492.982162834046
2081,median,Wheat,wheat_no_water_year,0.5911066998788156,2691.8646850585988,20005,5292.306612560572
2081,wet,Wheat,wheat_no_water_year,0.7626337515247432,2691.8646850585988,20005,4150.527861032034
2082,dry,Wheat,wheat_no_water_year,0.4506977409004467,2691.8646850585988,20005,5520.071514216918
2082,median,Wheat,wheat_no_water_year,0.5911066998788156,2691.8646850585988,20005,5319.395963943445
2082,wet,Wheat,wheat_no_water_year,0.7626337515247432,2691.8646850585988,20005,4177.617212414907
2083,dry,Wheat,wheat_no_water_year,0.4506977409004467,2691.8646850585988,20005,5547.1608655997925
2083,median,Wheat,wheat_no_water_year,0.5911066998788156,2691.8646850585988,20005,5346.485315326318
2083,wet,Wheat,wheat_no_water_year,0.7626337515247432,2691.8646850585988,20005,4204.70656379778
2084,dry,Wheat,wheat_no_water_year,0.4506977409004467,2691.8646850585988,20005,5574.250216982665
2084,median,Wheat,wheat_no_water_year,0.5911066998788156,2691.8646850585988,20005,5373.574666709192
2084,wet,Wheat,wheat_no_water_year,0.7626337515247432,2691.8646850585988,20005,4231.7959151806535
2085,dry,Wheat,wheat_no_water_year,0.4506977409004467,2691.8646850585988,20005,5601.339568365538
2085,median,Wheat,wheat_no_water_year,0.5911066998788156,2691.8646850585988,20005,5400.664018092065
2085,wet,Wheat,wheat_no_water_year,0.7626337515247432,2691.8646850585988,20005,4258.885266563527
2086,dry,Wheat,wheat_no_water_year,0.4506977409004467,2691.8646850585988,20005,5628.428919748411
2086,median,Wheat,wheat_no_water_year,0.5911066998788156,2691.8646850585988,20005,5427.753369474937
2086,wet,Wheat,wheat_no_water_year,0.7626337515247432,2691.8646850585988,20005,4285.974617946399
2087,dry,Wheat,wheat_no_water_year,0.4506977409004467,2691.8646850585988,20005,5655.518271131285
2087,median,Wheat,wheat_no_water_year,0.5911066998788156,2691.8646850585988,20005,5454.842720857811
2087,wet,Wheat,wheat_no_water_year,0.7626337515247432,2691.8646850585988,20005,4313.063969329273
2088,dry,Wheat,wheat_no_water_year,0.4506977409004467,2691.8646850585988,20005,5682.607622514158
2088,median,Wheat,wheat_no_water_year,0.5911066998788156,2691.8646850585988,20005,5481.932072240684
2088,wet,Wheat,wheat_no_water_year,0.7626337515247432,2691.8646850585988,20005,4340.153320712146
2089,dry,Wheat,wheat_no_water_year,0.4506977409004467,2691.8646850585988,20005,5709.69697389703
2089,median,Wheat,wheat_no_water_year,0.5911066998788156,2691.8646850585988,20005,5509.021423623557
2089,wet,Wheat,wheat_no_water_year,0.7626337515247432,2691.8646850585988,20005,4367.242672095019
2090,dry,Wheat,wheat_no_water_year,0.4506977409004467,2691.8646850585988,20005,5736.786325279903
2090,median,Wheat,wheat_no_water_year,0.5911066998788156,2691.8646850585988,20005,5536.11077500643
2090,wet,Wheat,wheat_no_water_year,0.7626337515247432,2691.8646850585988,20005,4394.332023477892
2091,dry,Wheat,wheat_no_water_year,0.4506977409004467,2691.8646850585988,20005,5763.875676662777
2091,median,Wheat,wheat_no_water_year,0.5911066998788156,2691.8646850585988,20005,5563.200126389303
2091,wet,Wheat,wheat_no_water_year,0.7626337515247432,2691.8646850585988,20005,4421.421374860764
2092,dry,Wheat,wheat_no_water_year,0.4506977409004467,2691.8646850585988,20005,5790.96502804565
2092,median,Wheat,wheat_no_water_year,0.5911066998788156,2691.8646850585988,20005,5590.289477772177
2092,wet,Wheat,wheat_no_water_year,0.7626337515247432,2691.8646850585988,20005,4448.510726243639
2093,dry,Wheat,wheat_no_water_year,0.4506977409004467,2691.8646850585988,20005,5818.054379428523
2093,median,Wheat,wheat_no_water_year,0.5911066998788156,2691.8646850585988,20005,5617.378829155049
2093,wet,Wheat,wheat_no_water_year,0.7626337515247432,2691.8646850585988,20005,4475.600077626511
2094,dry,Wheat,wheat_no_water_year,0.4506977409004467,2691.8646850585988,20005,5845.1437308113955
2094,median,Wheat,wheat_no_water_year,0.5911066998788156,2691.8646850585988,20005,5644.468180537922
2094,wet,Wheat,wheat_no_water_year,0.7626337515247432,2691.8646850585988,20005,4502.689429009384
2095,dry,Wheat,wheat_no_water_year,0.4506977409004467,2691.8646850585988,20005,5872.23308219427
2095,median,Wheat,wheat_no_water_year,0.5911066998788156,2691.8646850585988,20005,5671.557531920796
2095,wet,Wheat,wheat_no_water_year,0.7626337515247432,2691.8646850585988,20005,4529.778780392257
2096,dry,Wheat,wheat_no_water_year,0.4506977409004467,2691.8646850585988,20005,5899.322433577142
2096,median,Wheat,wheat_no_water_year,0.5911066998788156,2691.8646850585988,20005,5698.646883303668
2096,wet,Wheat,wheat_no_water_year,0.7626337515247432,2691.8646850585988,20005,4556.86813177513
2097,dry,Wheat,wheat_no_water_year,0.4506977409004467,2691.8646850585988,20005,5926.411784960015
2097,median,Wheat,wheat_no_water_year,0.5911066998788156,2691.8646850585988,20005,5725.736234686542
2097,wet,Wheat,wheat_no_water_year,0.7626337515247432,2691.8646850585988,20005,4583.957483158004
2098,dry,Wheat,wheat_no_water_year,0.4506977409004467,2691.8646850585988,20005,5953.5011363428885
2098,median,Wheat,wheat_no_water_year,0.5911066998788156,2691.8646850585988,20005,5752.825586069414
2098,wet,Wheat,wheat_no_water_year,0.7626337515247432,2691.8646850585988,20005,4611.046834540876
2099,dry,Wheat,wheat_no_water_year,0.4506977409004467,2691.8646850585988,20005,5980.590487725761
2099,median,Wheat,wheat_no_water_year,0.5911066998788156,2691.8646850585988,20005,5779.914937452288
2099,wet,Wheat,wheat_no_water_year,0.7626337515247432,2691.8646850585988,20005,4638.1361859237495
2100,dry,Wheat,wheat_no_water_year,0.4506977409004467,2691.8646850585988,20005,6007.679839108635
2100,median,Wheat,wheat_no_water_year,0.5911066998788156,2691.8646850585988,20005,5807.004288835161
2100,wet,Wheat,wheat_no_water_year,0.7626337515247432,2691.8646850585988,20005,4665.225537306623
2006,dry,Wheat,wheat_with_water_year,0.4506977409004467,2691.8646850585988,20005,3657.100120973731
2006,median,Wheat,wheat_with_water_year,0.5911066998788156,2691.8646850585988,20005,3235.915717593765
2006,wet,Wheat,wheat_with_water_year,0.7626337515247432,2691.8646850585988,20005,1843.2213912215182
2007,dry,Wheat,wheat_with_water_year,0.4506977409004467,2691.8646850585988,20005,3654.5985266257544
2007,median,Wheat,wheat_with_water_year,0.5911066998788156,2691.8646850585988,20005,3272.2080291390916
2007,wet,Wheat,wheat_with_water_year,0.7626337515247432,2691.8646850585988,20005,1926.9052962102028
2008,dry,Wheat,wheat_with_water_year,0.4506977409004467,2691.8646850585988,20005,3652.096932277777
2008,median,Wheat,wheat_with_water_year,0.5911066998788156,2691.8646850585988,20005,3308.5003406844185
2008,wet,Wheat,wheat_with_water_year,0.7626337515247432,2691.8646850585988,20005,2010.5892011988874
2009,dry,Wheat,wheat_with_water_year,0.4506977409004467,2691.8646850585988,20005,3649.5953379298003
2009,median,Wheat,wheat_with_water_year,0.5911066998788156,2691.8646850585988,20005,3344.7926522297453
2009,wet,Wheat,wheat_with_water_year,0.7626337515247432,2691.8646850585988,20005,2094.273106187572
2010,dry,Wheat,wheat_with_water_year,0.4506977409004467,2691.8646850585988,20005,3647.093743581823
2010,median,Wheat,wheat_with_water_year,0.5911066998788156,2691.8646850585988,20005,3381.084963775072
2010,wet,Wheat,wheat_with_water_year,0.7626337515247432,2691.8646850585988,20005,2177.957011176257
2011,dry,Wheat,wheat_with_water_year,0.4506977409004467,2691.8646850585988,20005,3644.5921492338466
2011,median,Wheat,wheat_with_water_year,0.5911066998788156,2691.8646850585988,20005,3417.377275320399
2011,wet,Wheat,wheat_with_water_year,0.7626337515247432,2691.8646850585988,20005,2261.6409161649412
2012,dry,Wheat,wheat_with_water_year,0.4506977409004467,2691.8646850585988,20005,3642.0905548858696
2012,median,Wheat,wheat_with_water_year,0.5911066998788156,2691.8646850585988,20005,3453.6695868657257
2012,wet,Wheat,wheat_with_water_year,0.7626337515247432,2691.8646850585988,20005,2345.324821153626
2013,dry,Wheat,wheat_with_water_year,0.4506977409004467,2691.8646850585988,20005,3639.588960537893
2013,median,Wheat,wheat_with_water_year,0.5911066998788156,2691.8646850585988,20005,3489.9618984110525
2013,wet,Wheat,wheat_with_water_year,0.7626337515247432,2691.8646850585988,20005,2429.008726142311
2014,dry,Wheat,wheat_with_water_year,0.4506977409004467,2691.8646850585988,20005,3637.0873661899154
2014,median,Wheat,wheat_with_water_year,0.5911066998788156,2691.8646850585988,20005,3526.2542099563793
2014,wet,Wheat,wheat_with_water_year,0.7626337515247432,2691.8646850585988,20005,2512.692631130996
2015,dry,Wheat,wheat_with_water_year,0.4506977409004467,2691.8646850585988,20005,3634.585771841939
2015,median,Wheat,wheat_with_water_year,0.5911066998788156,2691.8646850585988,20005,3562.546521501706
2015,wet,Wheat,wheat_with_water_year,0.7626337515247432,2691.8646850585988,20005,2596.37653611968
2016,dry,Wheat,wheat_with_water_year,0.4506977409004467,2691.8646850585988,20005,3632.084177493961
2016,median,Wheat,wheat_with_water_year,0.5911066998788156,2691.8646850585988,20005,3598.838833047033
2016,wet,Wheat,wheat_with_water_year,0.7626337515247432,2691.8646850585988,20005,2680.060441108365
2017,dry,Wheat,wheat_with_water_year,0.4506977409004467,2691.8646850585988,20005,3629.5825831459842
2017,median,Wheat,wheat_with_water_year,0.5911066998788156,2691.8646850585988,20005,3635.1311445923598
2017,wet,Wheat,wheat_with_water_year,0.7626337515247432,2691.8646850585988,20005,2763.7443460970494
2018,dry,Wheat,wheat_with_water_year,0.4506977409004467,2691.8646850585988,20005,3627.080988798007
2018,median,Wheat,wheat_with_water_year,0.5911066998788156,2691.8646850585988,20005,3671.423456137686
2018,wet,Wheat,wheat_with_water_year,0.7626337515247432,2691.8646850585988,20005,2847.428251085734
2019,dry,Wheat,wheat_with_water_year,0.4506977409004467,2691.8646850585988,20005,3624.5793944500306
2019,median,Wheat,wheat_with_water_year,0.5911066998788156,2691.8646850585988,20005,3707.7157676830134
2019,wet,Wheat,wheat_with_water_year,0.7626337515247432,2691.8646850585988,20005,2931.1121560744186
2020,dry,Wheat,wheat_with_water_year,0.4506977409004467,2691.8646850585988,20005,3622.0778001020535
2020,median,Wheat,wheat_with_water_year,0.5911066998788156,2691.8646850585988,20005,3744.00807922834
2020,wet,Wheat,wheat_with_water_year,0.7626337515247432,2691.8646850585988,20005,3014.7960610631035
2021,dry,Wheat,wheat_with_water_year,0.4506977409004467,2691.8646850585988,20005,3619.576205754077
2021,median,Wheat,wheat_with_water_year,0.5911066998788156,2691.8646850585988,20005,3780.300390773667
2021,wet,Wheat,wheat_with_water_year,0.7626337515247432,2691.8646850585988,20005,3098.479966051788
2022,dry,Wheat,wheat_with_water_year,0.4506977409004467,2691.8646850585988,20005,3617.0746114061
2022,median,Wheat,wheat_with_water_year,0.5911066998788156,2691.8646850585988,20005,3816.592702318994
2022,wet,Wheat,wheat_with_water_year,0.7626337515247432,2691.8646850585988,20005,3182.1638710404723
2023,dry,Wheat,wheat_with_water_year,0.4506977409004467,2691.8646850585988,20005,3614.5730170581232
2023,median,Wheat,wheat_with_water_year,0.5911066998788156,2691.8646850585988,20005,3852.8850138643206
2023,wet,Wheat,wheat_with_water_year,0.7626337515247432,2691.8646850585988,20005,3265.847776029157
2024,dry,Wheat,wheat_with_water_year,0.4506977409004467,2691.8646850585988,20005,3612.071422710146
2024,median,Wheat,wheat_with_water_year,0.5911066998788156,2691.8646850585988,20005,3889.177325409648
2024,wet,Wheat,wheat_with_water_year,0.7626337515247432,2691.8646850585988,20005,3349.531681017842
2025,dry,Wheat,wheat_with_water_year,0.4506977409004467,2691.8646850585988,20005,3609.5698283621696
2025,median,Wheat,wheat_with_water_year,0.5911066998788156,2691.8646850585988,20005,3925.4696369549742
2025,wet,Wheat,wheat_with_water_year,0.7626337515247432,2691.8646850585988,20005,3433.215586006527
2026,dry,Wheat,wheat_with_water_year,0.4506977409004467,2691.8646850585988,20005,3607.0682340141925
2026,median,Wheat,wheat_with_water_year,0.5911066998788156,2691.8646850585988,20005,3961.761948500301
2026,wet,Wheat,wheat_with_water_year,0.7626337515247432,2691.8646850585988,20005,3516.8994909952116
2027,dry,Wheat,wheat_with_water_year,0.4506977409004467,2691.8646850585988,20005,3604.5666396662145
2027,median,Wheat,wheat_with_water_year,0.5911066998788156,2691.8646850585988,20005,3998.054260045628
2027,wet,Wheat,wheat_with_water_year,0.7626337515247432,2691.8646850585988,20005,3600.583395983896
2028,dry,Wheat,wheat_with_water_year,0.4506977409004467,2691.8646850585988,20005,3602.065045318238
2028,median,Wheat,wheat_with_water_year,0.5911066998788156,2691.8646850585988,20005,4034.3465715909542
2028,wet,Wheat,wheat_with_water_year,0.7626337515247432,2691.8646850585988,20005,3684.2673009725804
2029,dry,Wheat,wheat_with_water_year,0.4506977409004467,2691.8646850585988,20005,3599.5634509702613
2029,median,Wheat,wheat_with_water_year,0.5911066998788156,2691.8646850585988,20005,4070.638883136281
2029,wet,Wheat,wheat_with_water_year,0.7626337515247432,2691.8646850585988,20005,3767.9512059612653
2030,dry,Wheat,wheat_with_water_year,0.4506977409004467,2691.8646850585988,20005,3597.0618566222843
2030,median,Wheat,wheat_with_water_year,0.5911066998788156,2691.8646850585988,20005,4106.931194681608
2030,wet,Wheat,wheat_with_water_year,0.7626337515247432,2691.8646850585988,20005,3851.63511094995
2031,dry,Wheat,wheat_with_water_year,0.4506977409004467,2691.8646850585988,20005,3594.560262274307
2031,median,Wheat,wheat_with_water_year,0.5911066998788156,2691.8646850585988,20005,4143.223506226935
2031,wet,Wheat,wheat_with_water_year,0.7626337515247432,2691.8646850585988,20005,3935.319015938634
2032,dry,Wheat,wheat_with_water_year,0.4506977409004467,2691.8646850585988,20005,3592.0586679263306
2032,median,Wheat,wheat_with_water_year,0.5911066998788156,2691.8646850585988,20005,4179.5158177722615
2032,wet,Wheat,wheat_with_water_year,0.7626337515247432,2691.8646850585988,20005,4019.002920927319
2033,dry,Wheat,wheat_with_water_year,0.4506977409004467,2691.8646850585988,20005,3589.557073578354
2033,median,Wheat,wheat_with_water_year,0.5911066998788156,2691.8646850585988,20005,4215.808129317589
2033,wet,Wheat,wheat_with_water_year,0.7626337515247432,2691.8646850585988,20005,4102.686825916004
2034,dry,Wheat,wheat_with_water_year,0.4506977409004467,2691.8646850585988,20005,3587.055479230377
2034,median,Wheat,wheat_with_water_year,0.5911066998788156,2691.8646850585988,20005,4252.100440862916
2034,wet,Wheat,wheat_with_water_year,0.7626337515247432,2691.8646850585988,20005,4186.370730904688
2035,dry,Wheat,wheat_with_water_year,0.4506977409004467,2691.8646850585988,20005,3584.5538848824
2035,median,Wheat,wheat_with_water_year,0.5911066998788156,2691.8646850585988,20005,4288.392752408243
2035,wet,Wheat,wheat_with_water_year,0.7626337515247432,2691.8646850585988,20005,4270.054635893373
2036,dry,Wheat,wheat_with_water_year,0.4506977409004467,2691.8646850585988,20005,3582.0522905344224
2036,median,Wheat,wheat_with_water_year,0.5911066998788156,2691.8646850585988,20005,4324.68506395357
2036,wet,Wheat,wheat_with_water_year,0.7626337515247432,2691.8646850585988,20005,4353.738540882057
2037,dry,Wheat,wheat_with_water_year,0.4506977409004467,2691.8646850585988,20005,3579.5506961864467
2037,median,Wheat,wheat_with_water_year,0.5911066998788156,2691.8646850585988,20005,4360.9773754988955
2037,wet,Wheat,wheat_with_water_year,0.7626337515247432,2691.8646850585988,20005,4437.422445870742
2038,dry,Wheat,wheat_with_water_year,0.4506977409004467,2691.8646850585988,20005,3577.0491018384687
2038,median,Wheat,wheat_with_water_year,0.5911066998788156,2691.8646850585988,20005,4397.269687044223
2038,wet,Wheat,wheat_with_water_year,0.7626337515247432,2691.8646850585988,20005,4521.106350859427
2039,dry,Wheat,wheat_with_water_year,0.4506977409004467,2691.8646850585988,20005,3574.5475074904916
2039,median,Wheat,wheat_with_water_year,0.5911066998788156,2691.8646850585988,20005,4433.561998589549
2039,wet,Wheat,wheat_with_water_year,0.7626337515247432,2691.8646850585988,20005,4604.790255848111
2040,dry,Wheat,wheat_with_water_year,0.4506977409004467,2691.8646850585988,20005,3572.045913142515
2040,median,Wheat,wheat_with_water_year,0.5911066998788156,2691.8646850585988,20005,4469.854310134876
2040,wet,Wheat,wheat_with_water_year,0.7626337515247432,2691.8646850585988,20005,4688.474160836797
2041,dry,Wheat,wheat_with_water_year,0.4506977409004467,2691.8646850585988,20005,3569.5443187945384
2041,median,Wheat,wheat_with_water_year,0.5911066998788156,2691.8646850585988,20005,4506.146621680203
2041,wet,Wheat,wheat_with_water_year,0.7626337515247432,2691.8646850585988,20005,4772.158065825481
2042,dry,Wheat,wheat_with_water_year,0.4506977409004467,2691.8646850585988,20005,3567.042724446561
2042,median,Wheat,wheat_with_water_year,0.5911066998788156,2691.8646850585988,20005,4542.43893322553
2042,wet,Wheat,wheat_with_water_year,0.7626337515247432,2691.8646850585988,20005,4855.841970814165
2043,dry,Wheat,wheat_with_water_year,0.4506977409004467,2691.8646850585988,20005,3564.5411300985843
2043,median,Wheat,wheat_with_water_year,0.5911066998788156,2691.8646850585988,20005,4578.731244770857
2043,wet,Wheat,wheat_with_water_year,0.7626337515247432,2691.8646850585988,20005,4939.52587580285
2044,dry,Wheat,wheat_with_water_year,0.4506977409004467,2691.8646850585988,20005,3562.0395357506077
2044,median,Wheat,wheat_with_water_year,0.5911066998788156,2691.8646850585988,20005,4615.023556316184
2044,wet,Wheat,wheat_with_water_year,0.7626337515247432,2691.8646850585988,20005,5023.209780791534
2045,dry,Wheat,wheat_with_water_year,0.4506977409004467,2691.8646850585988,20005,3559.5379414026306
2045,median,Wheat,wheat_with_water_year,0.5911066998788156,2691.8646850585988,20005,4651.315867861511
2045,wet,Wheat,wheat_with_water_year,0.7626337515247432,2691.8646850585988,20005,5106.893685780219
2046,dry,Wheat,wheat_with_water_year,0.4506977409004467,2691.8646850585988,20005,3557.036347054654
2046,median,Wheat,wheat_with_water_year,0.5911066998788156,2691.8646850585988,20005,4687.608179406838
2046,wet,Wheat,wheat_with_water_year,0.7626337515247432,2691.8646850585988,20005,5190.577590768904
2047,dry,Wheat,wheat_with_water_year,0.4506977409004467,2691.8646850585988,20005,3554.534752706676
2047,median,Wheat,wheat_with_water_year,0.5911066998788156,2691.8646850585988,20005,4723.9004909521645
2047,wet,Wheat,wheat_with_water_year,0.7626337515247432,2691.8646850585988,20005,5274.261495757589
2048,dry,Wheat,wheat_with_water_year,0.4506977409004467,2691.8646850585988,20005,3552.0331583587003
2048,median,Wheat,wheat_with_water_year,0.5911066998788156,2691.8646850585988,20005,4760.19280249749
2048,wet,Wheat,wheat_with_water_year,0.7626337515247432,2691.8646850585988,20005,5357.945400746274
2049,dry,Wheat,wheat_with_water_year,0.4506977409004467,2691.8646850585988,20005,3549.5315640107224
2049,median,Wheat,wheat_with_water_year,0.5911066998788156,2691.8646850585988,20005,4796.485114042818
2049,wet,Wheat,wheat_with_water_year,0.7626337515247432,2691.8646850585988,20005,5441.6293057349585
2050,dry,Wheat,wheat_with_water_year,0.4506977409004467,2691.8646850585988,20005,3547.0299696627458
2050,median,Wheat,wheat_with_water_year,0.5911066998788156,2691.8646850585988,20005,4832.777425588144
2050,wet,Wheat,wheat_with_water_year,0.7626337515247432,2691.8646850585988,20005,5525.313210723642
2051,dry,Wheat,wheat_with_water_year,0.4506977409004467,2691.8646850585988,20005,3544.5283753147687
2051,median,Wheat,wheat_with_water_year,0.5911066998788156,2691.8646850585988,20005,4869.069737133471
2051,wet,Wheat,wheat_with_water_year,0.7626337515247432,2691.8646850585988,20005,5608.997115712327
2052,dry,Wheat,wheat_with_water_year,0.4506977409004467,2691.8646850585988,20005,3542.026780966792
2052,median,Wheat,wheat_with_water_year,0.5911066998788156,2691.8646850585988,20005,4905.362048678798
2052,wet,Wheat,wheat_with_water_year,0.7626337515247432,2691.8646850585988,20005,5692.681020701011
2053,dry,Wheat,wheat_with_water_year,0.4506977409004467,2691.8646850585988,20005,3539.525186618815
2053,median,Wheat,wheat_with_water_year,0.5911066998788156,2691.8646850585988,20005,4941.6543602241245
2053,wet,Wheat,wheat_with_water_year,0.7626337515247432,2691.8646850585988,20005,5776.364925689696
2054,dry,Wheat,wheat_with_water_year,0.4506977409004467,2691.8646850585988,20005,3537.023592270838
2054,median,Wheat,wheat_with_water_year,0.5911066998788156,2691.8646850585988,20005,4977.946671769451
2054,wet,Wheat,wheat_with_water_year,0.7626337515247432,2691.8646850585988,20005,5860.048830678381
2055,dry,Wheat,wheat_with_water_year,0.4506977409004467,2691.8646850585988,20005,3534.5219979228614
2055,median,Wheat,wheat_with_water_year,0.5911066998788156,2691.8646850585988,20005,5014.238983314779
2055,wet,Wheat,wheat_with_water_year,0.7626337515247432,2691.8646850585988,20005,5943.732735667066
2056,dry,Wheat,wheat_with_water_year,0.4506977409004467,2691.8646850585988,20005,3532.0204035748834
2056,median,Wheat,wheat_with_water_year,0.5911066998788156,2691.8646850585988,20005,5050.531294860106
2056,wet,Wheat,wheat_with_water_year,0.7626337515247432,2691.8646850585988,20005,6027.416640655751
2057,dry,Wheat,wheat_with_water_year,0.4506977409004467,2691.8646850585988,20005,3529.5188092269077
2057,median,Wheat,wheat_with_water_year,0.5911066998788156,2691.8646850585988,20005,5086.823606405432
2057,wet,Wheat,wheat_with_water_year,0.7626337515247432,2691.8646850585988,20005,6111.1005456444345
2058,dry,Wheat,wheat_with_water_year,0.4506977409004467,2691.8646850585988,20005,3527.01721487893
2058,median,Wheat,wheat_with_water_year,0.5911066998788156,2691.8646850585988,20005,5123.1159179507595
2058,wet,Wheat,wheat_with_water_year,0.7626337515247432,2691.8646850585988,20005,6194.78445063312
2059,dry,Wheat,wheat_with_water_year,0.4506977409004467,2691.8646850585988,20005,3524.515620530954
2059,median,Wheat,wheat_with_water_year,0.5911066998788156,2691.8646850585988,20005,5159.408229496085
2059,wet,Wheat,wheat_with_water_year,0.7626337515247432,2691.8646850585988,20005,6278.468355621804
2060,dry,Wheat,wheat_with_water_year,0.4506977409004467,2691.8646850585988,20005,3522.014026182976
2060,median,Wheat,wheat_with_water_year,0.5911066998788156,2691.8646850585988,20005,5195.700541041413
2060,wet,Wheat,wheat_with_water_year,0.7626337515247432,2691.8646850585988,20005,6362.15226061049
2061,dry,Wheat,wheat_with_water_year,0.4506977409004467,2691.8646850585988,20005,3519.5124318350004
2061,median,Wheat,wheat_with_water_year,0.5911066998788156,2691.8646850585988,20005,5231.992852586739
2061,wet,Wheat,wheat_with_water_year,0.7626337515247432,2691.8646850585988,20005,6445.836165599174
2062,dry,Wheat,wheat_with_water_year,0.4506977409004467,2691.8646850585988,20005,3517.0108374870224
2062,median,Wheat,wheat_with_water_year,0.5911066998788156,2691.8646850585988,20005,5268.285164132066
2062,wet,Wheat,wheat_with_water_year,0.7626337515247432,2691.8646850585988,20005,6529.520070587858
2063,dry,Wheat,wheat_with_water_year,0.4506977409004467,2691.8646850585988,20005,3514.509243139046
2063,median,Wheat,wheat_with_water_year,0.5911066998788156,2691.8646850585988,20005,5304.577475677393
2063,wet,Wheat,wheat_with_water_year,0.7626337515247432,2691.8646850585988,20005,6613.203975576542
2064,dry,Wheat,wheat_with_water_year,0.4506977409004467,2691.8646850585988,20005,3512.007648791069
2064,median,Wheat,wheat_with_water_year,0.5911066998788156,2691.8646850585988,20005,5340.869787222719
2064,wet,Wheat,wheat_with_water_year,0.7626337515247432,2691.8646850585988,20005,6696.8878805652275
2065,dry,Wheat,wheat_with_water_year,0.4506977409004467,2691.8646850585988,20005,3509.506054443092
2065,median,Wheat,wheat_with_water_year,0.5911066998788156,2691.8646850585988,20005,5377.162098768047
2065,wet,Wheat,wheat_with_water_year,0.7626337515247432,2691.8646850585988,20005,6780.5717855539115
2066,dry,Wheat,wheat_with_water_year,0.4506977409004467,2691.8646850585988,20005,3507.0044600951155
2066,median,Wheat,wheat_with_water_year,0.5911066998788156,2691.8646850585988,20005,5413.454410313374
2066,wet,Wheat,wheat_with_water_year,0.7626337515247432,2691.8646850585988,20005,6864.255690542596
2067,dry,Wheat,wheat_with_water_year,0.4506977409004467,2691.8646850585988,20005,3504.502865747137
2067,median,Wheat,wheat_with_water_year,0.5911066998788156,2691.8646850585988,20005,5449.746721858701
2067,wet,Wheat,wheat_with_water_year,0.7626337515247432,2691.8646850585988,20005,6947.939595531281
2068,dry,Wheat,wheat_with_water_year,0.4506977409004467,2691.8646850585988,20005,3502.0012713991614
2068,median,Wheat,wheat_with_water_year,0.5911066998788156,2691.8646850585988,20005,5486.039033404027
2068,wet,Wheat,wheat_with_water_year,0.7626337515247432,2691.8646850585988,20005,7031.623500519966
2069,dry,Wheat,wheat_with_water_year,0.4506977409004467,2691.8646850585988,20005,3499.499677051184
2069,median,Wheat,wheat_with_water_year,0.5911066998788156,2691.8646850585988,20005,5522.331344949354
2069,wet,Wheat,wheat_with_water_year,0.7626337515247432,2691.8646850585988,20005,7115.307405508651
2070,dry,Wheat,wheat_with_water_year,0.4506977409004467,2691.8646850585988,20005,3496.9980827032077
2070,median,Wheat,wheat_with_water_year,0.5911066998788156,2691.8646850585988,20005,5558.62365649468
2070,wet,Wheat,wheat_with_water_year,0.7626337515247432,2691.8646850585988,20005,7198.991310497335
2071,dry,Wheat,wheat_with_water_year,0.4506977409004467,2691.8646850585988,20005,3494.49648835523
2071,median,Wheat,wheat_with_water_year,0.5911066998788156,2691.8646850585988,20005,5594.915968040008
2071,wet,Wheat,wheat_with_water_year,0.7626337515247432,2691.8646850585988,20005,7282.67521548602
2072,dry,Wheat,wheat_with_water_year,0.4506977409004467,2691.8646850585988,20005,3491.994894007253
2072,median,Wheat,wheat_with_water_year,0.5911066998788156,2691.8646850585988,20005,5631.208279585334
2072,wet,Wheat,wheat_with_water_year,0.7626337515247432,2691.8646850585988,20005,7366.3591204747045
2073,dry,Wheat,wheat_with_water_year,0.4506977409004467,2691.8646850585988,20005,3489.493299659276
2073,median,Wheat,wheat_with_water_year,0.5911066998788156,2691.8646850585988,20005,5667.500591130661
2073,wet,Wheat,wheat_with_water_year,0.7626337515247432,2691.8646850585988,20005,7450.043025463388
2074,dry,Wheat,wheat_with_water_year,0.4506977409004467,2691.8646850585988,20005,3486.9917053112995
2074,median,Wheat,wheat_with_water_year,0.5911066998788156,2691.8646850585988,20005,5703.7929026759875
2074,wet,Wheat,wheat_with_water_year,0.7626337515247432,2691.8646850585988,20005,7533.726930452073
2075,dry,Wheat,wheat_with_water_year,0.4506977409004467,2691.8646850585988,20005,3484.490110963323
2075,median,Wheat,wheat_with_water_year,0.5911066998788156,2691.8646850585988,20005,5740.085214221314
2075,wet,Wheat,wheat_with_water_year,0.7626337515247432,2691.8646850585988,20005,7617.410835440758
2076,dry,Wheat,wheat_with_water_year,0.4506977409004467,2691.8646850585988,20005,3481.988516615346
2076,median,Wheat,wheat_with_water_year,0.5911066998788156,2691.8646850585988,20005,5776.377525766642
2076,wet,Wheat,wheat_with_water_year,0.7626337515247432,2691.8646850585988,20005,7701.094740429443
2077,dry,Wheat,wheat_with_water_year,0.4506977409004467,2691.8646850585988,20005,3479.486922267369
2077,median,Wheat,wheat_with_water_year,0.5911066998788156,2691.8646850585988,20005,5812.669837311968
2077,wet,Wheat,wheat_with_water_year,0.7626337515247432,2691.8646850585988,20005,7784.778645418128
2078,dry,Wheat,wheat_with_water_year,0.4506977409004467,2691.8646850585988,20005,3476.9853279193912
2078,median,Wheat,wheat_with_water_year,0.5911066998788156,2691.8646850585988,20005,5848.962148857296
2078,wet,Wheat,wheat_with_water_year,0.7626337515247432,2691.8646850585988,20005,7868.462550406812
2079,dry,Wheat,wheat_with_water_year,0.4506977409004467,2691.8646850585988,20005,3474.483733571415
2079,median,Wheat,wheat_with_water_year,0.5911066998788156,2691.8646850585988,20005,5885.254460402622
2079,wet,Wheat,wheat_with_water_year,0.7626337515247432,2691.8646850585988,20005,7952.146455395497
2080,dry,Wheat,wheat_with_water_year,0.4506977409004467,2691.8646850585988,20005,3471.9821392234376
2080,median,Wheat,wheat_with_water_year,0.5911066998788156,2691.8646850585988,20005,5921.546771947949
2080,wet,Wheat,wheat_with_water_year,0.7626337515247432,2691.8646850585988,20005,8035.830360384181
2081,dry,Wheat,wheat_with_water_year,0.4506977409004467,2691.8646850585988,20005,3469.480544875462
2081,median,Wheat,wheat_with_water_year,0.5911066998788156,2691.8646850585988,20005,5957.839083493275
2081,wet,Wheat,wheat_with_water_year,0.7626337515247432,2691.8646850585988,20005,8119.514265372866
2082,dry,Wheat,wheat_with_water_year,0.4506977409004467,2691.8646850585988,20005,3466.978950527484
2082,median,Wheat,wheat_with_water_year,0.5911066998788156,2691.8646850585988,20005,5994.131395038603
2082,wet,Wheat,wheat_with_water_year,0.7626337515247432,2691.8646850585988,20005,8203.198170361551
2083,dry,Wheat,wheat_with_water_year,0.4506977409004467,2691.8646850585988,20005,3464.4773561795073
2083,median,Wheat,wheat_with_water_year,0.5911066998788156,2691.8646850585988,20005,6030.423706583929
2083,wet,Wheat,wheat_with_water_year,0.7626337515247432,2691.8646850585988,20005,8286.882075350235
2084,dry,Wheat,wheat_with_water_year,0.4506977409004467,2691.8646850585988,20005,3461.97576183153
2084,median,Wheat,wheat_with_water_year,0.5911066998788156,2691.8646850585988,20005,6066.716018129256
2084,wet,Wheat,wheat_with_water_year,0.7626337515247432,2691.8646850585988,20005,8370.565980338919
2085,dry,Wheat,wheat_with_water_year,0.4506977409004467,2691.8646850585988,20005,3459.474167483553
2085,median,Wheat,wheat_with_water_year,0.5911066998788156,2691.8646850585988,20005,6103.0083296745825
2085,wet,Wheat,wheat_with_water_year,0.7626337515247432,2691.8646850585988,20005,8454.249885327605
2086,dry,Wheat,wheat_with_water_year,0.4506977409004467,2691.8646850585988,20005,3456.9725731355766
2086,median,Wheat,wheat_with_water_year,0.5911066998788156,2691.8646850585988,20005,6139.300641219909
2086,wet,Wheat,wheat_with_water_year,0.7626337515247432,2691.8646850585988,20005,8537.933790316289
2087,dry,Wheat,wheat_with_water_year,0.4506977409004467,2691.8646850585988,20005,3454.4709787876
2087,median,Wheat,wheat_with_water_year,0.5911066998788156,2691.8646850585988,20005,6175.592952765237
2087,wet,Wheat,wheat_with_water_year,0.7626337515247432,2691.8646850585988,20005,8621.617695304973
2088,dry,Wheat,wheat_with_water_year,0.4506977409004467,2691.8646850585988,20005,3451.969384439623
2088,median,Wheat,wheat_with_water_year,0.5911066998788156,2691.8646850585988,20005,6211.885264310563
2088,wet,Wheat,wheat_with_water_year,0.7626337515247432,2691.8646850585988,20005,8705.301600293658
2089,dry,Wheat,wheat_with_water_year,0.4506977409004467,2691.8646850585988,20005,3449.4677900916454
2089,median,Wheat,wheat_with_water_year,0.5911066998788156,2691.8646850585988,20005,6248.177575855891
2089,wet,Wheat,wheat_with_water_year,0.7626337515247432,2691.8646850585988,20005,8788.985505282344
2090,dry,Wheat,wheat_with_water_year,0.4506977409004467,2691.8646850585988,20005,3446.966195743669
2090,median,Wheat,wheat_with_water_year,0.5911066998788156,2691.8646850585988,20005,6284.4698874012165
2090,wet,Wheat,wheat_with_water_year,0.7626337515247432,2691.8646850585988,20005,8872.669410271028
2091,dry,Wheat,wheat_with_water_year,0.4506977409004467,2691.8646850585988,20005,3444.4646013956913
2091,median,Wheat,wheat_with_water_year,0.5911066998788156,2691.8646850585988,20005,6320.762198946544
2091,wet,Wheat,wheat_with_water_year,0.7626337515247432,2691.8646850585988,20005,8956.353315259712
2092,dry,Wheat,wheat_with_water_year,0.4506977409004467,2691.8646850585988,20005,3441.9630070477156
2092,median,Wheat,wheat_with_water_year,0.5911066998788156,2691.8646850585988,20005,6357.05451049187
2092,wet,Wheat,wheat_with_water_year,0.7626337515247432,2691.8646850585988,20005,9040.037220248398
2093,dry,Wheat,wheat_with_water_year,0.4506977409004467,2691.8646850585988,20005,3439.4614126997376
2093,median,Wheat,wheat_with_water_year,0.5911066998788156,2691.8646850585988,20005,6393.346822037198
2093,wet,Wheat,wheat_with_water_year,0.7626337515247432,2691.8646850585988,20005,9123.721125237082
2094,dry,Wheat,wheat_with_water_year,0.4506977409004467,2691.8646850585988,20005,3436.959818351761
2094,median,Wheat,wheat_with_water_year,0.5911066998788156,2691.8646850585988,20005,6429.639133582524
2094,wet,Wheat,wheat_with_water_year,0.7626337515247432,2691.8646850585988,20005,9207.405030225766
2095,dry,Wheat,wheat_with_water_year,0.4506977409004467,2691.8646850585988,20005,3434.4582240037844
2095,median,Wheat,wheat_with_water_year,0.5911066998788156,2691.8646850585988,20005,6465.931445127851
2095,wet,Wheat,wheat_with_water_year,0.7626337515247432,2691.8646850585988,20005,9291.088935214451
2096,dry,Wheat,wheat_with_water_year,0.4506977409004467,2691.8646850585988,20005,3431.956629655807
2096,median,Wheat,wheat_with_water_year,0.5911066998788156,2691.8646850585988,20005,6502.223756673177
2096,wet,Wheat,wheat_with_water_year,0.7626337515247432,2691.8646850585988,20005,9374.772840203135
2097,dry,Wheat,wheat_with_water_year,0.4506977409004467,2691.8646850585988,20005,3429.4550353078303
2097,median,Wheat,wheat_with_water_year,0.5911066998788156,2691.8646850585988,20005,6538.516068218504
2097,wet,Wheat,wheat_with_water_year,0.7626337515247432,2691.8646850585988,20005,9458.45674519182
2098,dry,Wheat,wheat_with_water_year,0.4506977409004467,2691.8646850585988,20005,3426.9534409598537
2098,median,Wheat,wheat_with_water_year,0.5911066998788156,2691.8646850585988,20005,6574.808379763832
2098,wet,Wheat,wheat_with_water_year,0.7626337515247432,2691.8646850585988,20005,9542.140650180505
2099,dry,Wheat,wheat_with_water_year,0.4506977409004467,2691.8646850585988,20005,3424.4518466118766
2099,median,Wheat,wheat_with_water_year,0.5911066998788156,2691.8646850585988,20005,6611.100691309158
2099,wet,Wheat,wheat_with_water_year,0.7626337515247432,2691.8646850585988,20005,9625.82455516919
2100,dry,Wheat,wheat_with_water_year,0.4506977409004467,2691.8646850585988,20005,3421.9502522638995
2100,median,Wheat,wheat_with_water_year,0.5911066998788156,2691.8646850585988,20005,6647.3930028544855
2100,wet,Wheat,wheat_with_water_year,0.7626337515247432,2691.8646850585988,20005,9709.508460157875
