Year,FIPS,Crop,WaterManagement,yield_kgHa,yield_kcalHa,yield_kgHa_detrended,yield_kcalHa_detrended,management_records
1990,20005,Corn,Irrigated,8027.992943704195,28748.24273140472,13727.3030241447,49157.47212946218,2
1991,20005,Corn,Irrigated,7594.895591776446,27197.321114151455,12716.74253631329,45538.65502253789,2
1992,20005,Corn,Irrigated,9459.097237030664,33873.02720580681,15509.906617586445,55540.97559757706,2
1993,20005,Corn,Irrigated,5623.988801844376,20139.50389940471,9032.27665831926,32344.582713441272,2
1994,20005,Corn,Irrigated,9703.891392468087,34749.63507642822,15277.666008581711,54709.32197673111,2
1995,20005,Corn,Irrigated,7073.92341481988,25331.71974846999,10921.585396438855,39110.19730464754,2
1996,20005,Corn,Irrigated,9233.133401242274,33063.850709848586,13984.650726014812,50079.03424985904,2
1997,20005,Corn,Irrigated,9810.59653714594,35131.746199519606,14580.944181567507,52214.36111419325,2
1998,20005,Corn,Irrigated,8756.098636800118,31355.58921838122,12773.233495260389,45740.94914652745,2
1999,20005,Corn,Irrigated,8090.760675867636,28973.013980282,11593.200130587682,41515.24966763449,2
2000,20005,Corn,Irrigated,9923.578455040131,35536.33444749872,13965.82040636578,50011.60287519586,2
2001,20005,Corn,Irrigated,9120.15148334808,32659.26246186947,12610.03739163544,45156.54389944651,2
2002,20005,Corn,Irrigated,8027.992943704195,28748.24273140472,10909.03185000617,39065.243054872095,2
2003,20005,Corn,Irrigated,8511.304481362695,30478.98134775981,11373.513068015636,40728.55029656399,2
2004,20005,Corn,Irrigated,12026.29748251543,43066.17128488776,15804.914958754622,56597.4004673003,2
2005,20005,Corn,Irrigated,9967.515867554544,35693.67432171282,12886.21541315458,46145.53739450656,2
2006,20005,Corn,Irrigated,11003.183448251331,39402.39992818802,13997.2042724475,50123.98849963449,2
2007,20005,Corn,Irrigated,10626.577055270682,38053.772434924314,13306.759218649642,47651.50476198437,2
2008,20005,Corn,Irrigated,10708.175107083154,38345.97505846478,13200.05407397179,47269.39363889298,2
2009,20005,Corn,Irrigated,11536.709171640588,41312.95554364494,14003.481045663844,50146.46562452223,2
2010,20005,Corn,Irrigated,9051.106977968291,32412.014088104457,10821.157024977349,38750.56330644389,2
2011,20005,Corn,Irrigated,8197.465820545485,29355.125103373382,9653.677206737337,34569.818077326396,2
2012,20005,Corn,Irrigated,10306.461621237126,36907.43906565015,11963.529750351989,42841.40003601047,2
2013,20005,Corn,Irrigated,12459.394834443176,44617.09290214102,14254.55197431761,51045.55062003136,2
2014,20005,Corn,Irrigated,13030.581197130496,46662.51126692431,14693.926099461702,52618.94936217235,2
2015,20005,Corn,Irrigated,10626.577055270682,38053.772434924314,11819.163966376074,42324.426163592725,2
2016,20005,Corn,Irrigated,10959.24603573692,39245.06005397391,12020.020709299086,43043.69416000003,2
2017,20005,Corn,Irrigated,13658.258518764917,48910.22375569716,14775.524151274176,52911.15198571282,2
2018,20005,Corn,Irrigated,13287.928899000606,47584.07338732117,14179.23069572148,50775.82512137862,2
2019,20005,Corn,Irrigated,10827.433798193695,38773.040431331625,11404.896934097358,40840.93592100264,2
2020,20005,Corn,Irrigated,12861.108320289206,46055.62889495565,13363.250177596738,47853.79888597392,2
2021,20005,Corn,Irrigated,13225.161166837166,47359.30213844389,13570.383693736096,48595.54400726896,2
1990,20005,Corn,Non-Irrigated,5862.506184065455,20993.63464513839,10689.344787434124,38278.5436838016,2
1991,20005,Corn,Non-Irrigated,4054.7954977583336,14520.222677472591,7212.012425579453,25826.21649600002,2
1992,20005,Corn,Non-Irrigated,7726.707829319673,27669.340736793747,13419.741136543837,48056.09300996348,2
1993,20005,Corn,Non-Irrigated,3948.0903530804826,14138.111554381208,6697.31702183923,23983.09225520628,2
1994,20005,Corn,Non-Irrigated,7356.378209555368,26343.19036841777,12195.770359356724,43673.05365685643,2
1995,20005,Corn,Non-Irrigated,5341.5340071088895,19128.033279456933,8661.947038554956,31018.432345065296,2
1996,20005,Corn,Non-Irrigated,8272.787099141617,29624.85060202613,13118.456022159316,46977.19101535251,2
1997,20005,Corn,Non-Irrigated,6515.290598565249,23331.255633462155,10111.88165153046,36210.648194130576,2
1998,20005,Corn,Non-Irrigated,7996.609077622474,28635.85710696608,12151.832946842313,43515.71378264232,2
1999,20005,Corn,Non-Irrigated,5385.471419623298,19285.37315367103,8015.439397271506,28703.288481629264,2
2000,20005,Corn,Non-Irrigated,7852.243293646557,28118.88323454832,11455.11111982811,41020.75292010446,2
2001,20005,Corn,Non-Irrigated,7663.940097156232,27444.569487916466,10965.522808953265,39267.53717886164,2
2002,20005,Corn,Non-Irrigated,4054.7954977583336,14520.222677472591,5686.756534007818,20364.275148281995,2
2003,20005,Corn,Non-Irrigated,3389.457536825852,12137.647439373375,4663.642499743718,16700.503791582254,2
2004,20005,Corn,Non-Irrigated,10231.140342640998,36637.713566997416,13827.731395606208,49517.10612766583,2
2005,20005,Corn,Non-Irrigated,7174.351786281387,25691.353746673645,9515.588195977762,34075.32132979637,2
2006,20005,Corn,Non-Irrigated,8071.930356218602,28905.582605618816,10519.871910592828,37671.66131183292,2
2007,20005,Corn,Non-Irrigated,7494.467220314939,26837.687115947796,9597.186247790236,34367.52395333684,2
2008,20005,Corn,Non-Irrigated,7971.501984757097,28545.94860741516,10030.283599717985,35918.445570590105,2
2009,20005,Corn,Non-Irrigated,9860.810722876691,35311.56319862143,12195.770359356724,43673.05365685643,2
2010,20005,Corn,Non-Irrigated,6860.513125464177,24567.49750228722,8341.831604521403,29872.098975791145,2
2011,20005,Corn,Non-Irrigated,8454.813522415596,30276.68722377025,10118.158424746802,36233.1253190183,2
2012,20005,Corn,Non-Irrigated,3653.0820119123073,13081.686684657972,4299.589653195757,15396.830548094003,2
2013,20005,Corn,Non-Irrigated,8360.661924170434,29939.530350454323,9685.061072819057,34682.20370176504,2
2014,20005,Corn,Non-Irrigated,11907.03879140489,42639.10591202091,13576.66046695244,48618.02113215669,2
2015,20005,Corn,Non-Irrigated,8580.34898674248,30726.229721524815,9634.8468870883,34502.38670266321,2
2016,20005,Corn,Non-Irrigated,9132.70502978077,32704.216711644935,10099.328105097771,36165.69394435512,2
2017,20005,Corn,Non-Irrigated,10024.00682650164,35895.96844570237,10921.585396438855,39110.19730464754,2
2018,20005,Corn,Non-Irrigated,9867.087496093034,35334.04032350916,10588.916415972615,37918.90968559794,2
2019,20005,Corn,Non-Irrigated,9408.883051299912,33693.210206704985,9954.962321121851,35648.72007193736,2
2020,20005,Corn,Non-Irrigated,10770.942839246596,38570.74630734206,11229.147284039722,40211.576424146246,2
2021,20005,Corn,Non-Irrigated,10494.764817727451,37581.752812282,10789.773158895629,38638.17768200525,2
1990,20013,Corn,Irrigated,6295.603535993202,22544.556262391656,13469.955322274587,48235.9100090653,2
1991,20013,Corn,Irrigated,7783.198788266771,27871.634860783302,16093.646526706452,57631.3482121358,2
1992,20013,Corn,Irrigated,9302.17790662206,33311.09908361359,18616.90935967681,66667.15241700265,2
1993,20013,Corn,Irrigated,4343.527065710166,15554.170422308103,8417.152883117531,30141.82447444388,2
1994,20013,Corn,Irrigated,8988.339245804851,32187.242839227172,16897.073498398506,60508.42019776505,2
1995,20013,Corn,Irrigated,6069.639700204813,21735.37976643344,11072.227953631116,39649.64830195303,2
1996,20013,Corn,Irrigated,8360.661924170434,29939.530350454323,14819.461563788587,53068.49185992693,2
1997,20013,Corn,Irrigated,8253.956779492584,29557.419227362945,14223.16810823589,50933.16499559272,2
1998,20013,Corn,Irrigated,8850.25023504528,31692.746091697147,14838.29188343762,53135.92323459012,2
1999,20013,Corn,Irrigated,7293.610477391926,26118.41911954049,11907.03879140489,42639.10591202091,2
2000,20013,Corn,Irrigated,9484.204329896042,33962.935705357726,15083.086038875044,54012.53110521153,2
2001,20013,Corn,Irrigated,10049.113919367015,35985.87694525329,15585.227896182576,55810.7010962298,2
2002,20013,Corn,Irrigated,8272.787099141617,29624.85060202613,12515.885793390276,44819.38702613058,2
2003,20013,Corn,Irrigated,9358.668865569158,33513.393207603156,13821.45462238986,49494.62900277809,2
2004,20013,Corn,Irrigated,12346.41291654898,44212.5046541619,17807.20561476841,63767.603306485675,2
2005,20013,Corn,Irrigated,11053.397633982084,39582.21692728984,15578.951122966231,55788.22397134207,2
2006,20013,Corn,Irrigated,10563.80932310724,37829.001186047026,14562.113861918477,52146.92973953006,2
2007,20013,Corn,Irrigated,10902.755076789825,39042.76592998436,14700.202872678045,52641.426487060075,2
2008,20013,Corn,Irrigated,10670.51446778509,38211.11230913841,14078.802324259974,50416.19112317497,2
2009,20013,Corn,Irrigated,11718.735594914566,41964.79216538906,15139.576997822138,54214.82522920107,2
2010,20013,Corn,Irrigated,9007.169565453885,32254.674213890365,11398.620160881012,40818.4587961149,2
2011,20013,Corn,Irrigated,11072.227953631116,39649.64830195303,13733.579797361046,49179.94925434991,2
2012,20013,Corn,Irrigated,11894.485244972202,42594.15166224546,14461.68549045697,51787.29574132641,2
2013,20013,Corn,Irrigated,13413.464363327492,48033.61588507575,15999.49492846129,57294.19133881988,2
2014,20013,Corn,Irrigated,14618.604820865574,52349.22386351962,17104.207014537864,61250.16531906009,2
2015,20013,Corn,Irrigated,12710.465763096943,45516.17789765015,14593.497728000197,52259.3153639687,2
2016,20013,Corn,Irrigated,12289.921957601886,44010.21053017235,13859.115261687928,49629.49175210447,2
2017,20013,Corn,Irrigated,14493.06935653869,51899.68136576505,16049.709114192045,57474.00833792171,2
2018,20013,Corn,Irrigated,14398.917758293528,51562.52449244913,15666.825947995048,56102.90371977027,2
2019,20013,Corn,Irrigated,12691.63544344791,45448.74652298697,13570.383693736096,48595.54400726896,2
2020,20013,Corn,Irrigated,13764.963663442766,49292.33487878855,14467.962263673311,51809.77286621413,2
2021,20013,Corn,Irrigated,14122.739736774382,50573.53099738906,14593.497728000197,52259.3153639687,2
1990,20013,Corn,Non-Irrigated,6396.031907454711,22904.19026059532,11794.056873510695,42234.5176640418,2
1991,20013,Corn,Non-Irrigated,5310.150141027168,19015.647655018285,9546.972062059482,34187.706954235,2
1992,20013,Corn,Non-Irrigated,8894.18764755969,31850.085965911247,15597.781442615264,55855.65534600526,2
1993,20013,Corn,Non-Irrigated,4826.8386033686675,17284.909038663198,8266.510325925272,29602.373477138397,2
1994,20013,Corn,Non-Irrigated,8097.0374490839795,28995.49110516973,13538.999827654374,48483.15838283031,2
1995,20013,Corn,Non-Irrigated,5806.015225118357,20791.340521148835,9490.481103112385,33985.41283024545,2
1996,20013,Corn,Non-Irrigated,9201.749535160552,32951.46508540994,14706.479645894393,52663.90361194781,2
1997,20013,Corn,Non-Irrigated,6879.34344511321,24634.92887695041,10758.389292813908,38525.79205756661,2
1998,20013,Corn,Non-Irrigated,8724.714770718396,31243.203593942577,13350.69663116405,47808.84463619846,2
1999,20013,Corn,Non-Irrigated,6571.781557512346,23533.54975745171,9848.257176444004,35266.60894884598,2
2000,20013,Corn,Non-Irrigated,8210.019366978177,29400.07935314885,12051.404575380806,43156.07978443867,2
2001,20013,Corn,Non-Irrigated,9226.856628025933,33041.37358496086,13275.37535256792,47539.11913754572,2
2002,20013,Corn,Non-Irrigated,3992.027765594892,14295.451428595308,5630.265575060721,20161.981024292443,2
2003,20013,Corn,Non-Irrigated,5241.105635647382,18768.39928125327,7249.673064877517,25961.07924532639,2
2004,20013,Corn,Non-Irrigated,11160.102778659935,39964.328050381235,15152.130544254827,54259.77947897654,2
2005,20013,Corn,Non-Irrigated,9113.874710131737,32636.785336981746,12145.55617362597,43493.2366577546,2
2006,20013,Corn,Non-Irrigated,7896.180706160965,28276.223108762417,10331.568714102505,36997.34756520107,2
2007,20013,Corn,Non-Irrigated,7852.243293646557,28118.88323454832,10086.77455866508,36120.73969457965,2
2008,20013,Corn,Non-Irrigated,9258.240494107651,33153.7592093995,11687.351728832844,41852.40654095041,2
2009,20013,Corn,Non-Irrigated,10927.8621696552,39132.67442953527,13557.830147303408,48550.5897574935,2
2010,20013,Corn,Non-Irrigated,8718.437997502053,31220.72646905485,10632.853828487025,38076.24955981204,2
2011,20013,Corn,Non-Irrigated,10281.35452837175,36817.53056609924,12333.859370116295,44167.55040438646,2
2012,20013,Corn,Non-Irrigated,6170.068071666319,22095.01376463709,7281.056930959237,26073.46486976503,2
2013,20013,Corn,Non-Irrigated,11266.807923337788,40346.439173472616,13080.795382861252,46842.32826602614,2
2014,20013,Corn,Non-Irrigated,12277.368411169198,43965.2562803969,14022.311365312878,50213.89699918542,2
2015,20013,Corn,Non-Irrigated,11178.933098308966,40031.75942504441,12572.376752337375,45021.68115012014,2
2016,20013,Corn,Non-Irrigated,10067.94423901605,36053.30831991648,11147.549232227246,39919.37380060577,2
2017,20013,Corn,Non-Irrigated,9321.008226271091,33378.530458276786,10162.095837261211,36390.4651932324,2
2018,20013,Corn,Non-Irrigated,7136.691146983321,25556.49099734727,7663.940097156232,27444.569487916466,2
2019,20013,Corn,Non-Irrigated,10683.06801421778,38256.066558913866,11310.745335852194,40503.77904768671,2
2020,20013,Corn,Non-Irrigated,12189.493586140376,43650.57653196869,12716.74253631329,45538.65502253789,2
2021,20013,Corn,Non-Irrigated,12754.403175611356,45673.51777186426,13112.179248942972,46954.71389046478,2
1990,20045,Corn,Irrigated,8335.554831305059,29849.621850903415,11260.531150121442,40323.962048584886,2
1991,20045,Corn,Irrigated,8360.661924170434,29939.530350454323,11178.933098308966,40031.75942504441,2
1992,20045,Corn,Irrigated,10375.506126616914,37154.68743941517,13727.3030241447,49157.47212946218,2
1993,20045,Corn,Irrigated,6446.246093185463,23084.007259697144,8442.259975982908,30231.732973994793,2
1994,20045,Corn,Irrigated,7601.17236499279,27219.79823903918,9848.257176444004,35266.60894884598,2
1995,20045,Corn,Irrigated,7833.412973997524,28051.451859885135,10049.113919367015,35985.87694525329,2
1996,20045,Corn,Irrigated,10544.979003458207,37761.56981138384,13394.63404367846,47966.18451041256,2
1997,20045,Corn,Irrigated,10689.344787434124,38278.5436838016,13444.848229409212,48146.00150951439,2
1998,20045,Corn,Irrigated,9766.65912463153,34974.40632530551,12158.109720058656,43538.19090753005,2
1999,20045,Corn,Irrigated,9390.052731650878,33625.7788320418,11580.646584154994,41470.29541785904,2
2000,20045,Corn,Irrigated,9578.355928141204,34300.09257867365,11699.905275265535,41897.360790725885,2
2001,20045,Corn,Irrigated,10256.247435506377,36727.62206654833,12402.90387549608,44414.79877815146,2
2002,20045,Corn,Irrigated,9013.446338670228,32277.151338778087,10802.326705328318,38683.13193178071,2
2003,20045,Corn,Irrigated,10425.720312347665,37334.50443851699,12377.796782630703,44324.89027860055,2
2004,20045,Corn,Irrigated,12145.55617362597,43493.2366577546,14279.659067182987,51135.45911958228,2
2005,20045,Corn,Irrigated,11097.335046496491,39739.55680150394,12930.152825668987,46302.87726872065,2
2006,20045,Corn,Irrigated,9703.891392468087,34749.63507642822,11204.040191174345,40121.66792459533,2
2007,20045,Corn,Irrigated,10733.282199948531,38435.88355801569,12283.64518438554,43987.73340528462,2
2008,20045,Corn,Irrigated,11492.771759126175,41155.61566943083,13030.581197130496,46662.51126692431,2
2009,20045,Corn,Irrigated,11794.056873510695,42234.5176640418,13256.545032918888,47471.68776288254,2
2010,20045,Corn,Irrigated,8435.983202766565,30209.25584910707,9396.329504867224,33648.255956929526,2
2011,20045,Corn,Irrigated,10049.113919367015,35985.87694525329,11097.335046496491,39739.55680150394,2
2012,20045,Corn,Irrigated,10099.328105097771,36165.69394435512,11059.674407198429,39604.69405217757,2
2013,20045,Corn,Irrigated,10457.104178429388,37446.89006295563,11348.40597515026,40638.641797013086,2
2014,20045,Corn,Irrigated,11894.485244972202,42594.15166224546,12804.617361342109,45853.33477096608,2
2015,20045,Corn,Irrigated,10827.433798193695,38773.040431331625,11555.539491289615,41380.38691830812,2
2016,20045,Corn,Irrigated,9954.962321121851,35648.72007193736,10532.425457025518,37716.61556160838,2
2017,20045,Corn,Irrigated,11737.5659145636,42032.22354005225,12321.305823683608,44122.596154611,2
2018,20045,Corn,Irrigated,10708.175107083154,38345.97505846478,11147.549232227246,39919.37380060577,2
2019,20045,Corn,Irrigated,10971.79958216961,39290.01430374937,11329.575655501229,40571.21042234989,2
2020,20045,Corn,Irrigated,11423.72725374639,40908.36729566583,11699.905275265535,41897.360790725885,2
2021,20045,Corn,Irrigated,12440.564514794143,44549.66152747783,12641.421257717158,45268.92952388514,2
1990,20045,Corn,Non-Irrigated,6414.862227103743,22971.621635258503,8398.3225634685,30074.3930997807,2
1991,20045,Corn,Non-Irrigated,4192.8845085179055,15014.71942500262,5435.685605354051,19465.19015277286,2
1992,20045,Corn,Non-Irrigated,8486.197388497318,30389.072848208893,10902.755076789825,39042.76592998436,2
1993,20045,Corn,Non-Irrigated,4368.634158575543,15644.078921859018,5561.221069680935,19914.73265052743,2
1994,20045,Corn,Non-Irrigated,6571.781557512346,23533.54975745171,8291.617418790649,29692.281976689315,2
1995,20045,Corn,Non-Irrigated,5749.524266171259,20589.04639715928,7186.905332714075,25736.3079964491,2
1996,20045,Corn,Non-Irrigated,8103.314222300323,29017.968230057457,10042.837146150672,35963.39982036556,2
1997,20045,Corn,Non-Irrigated,7312.440797040958,26185.85049420367,8982.062472588506,32164.765714339443,2
1998,20045,Corn,Non-Irrigated,7638.833004290856,27354.660988365555,9302.17790662206,33311.09908361359,2
1999,20045,Corn,Non-Irrigated,5310.150141027168,19015.647655018285,6408.585453887397,22949.14451037077,2
2000,20045,Corn,Non-Irrigated,6584.335103945035,23578.504007227173,7877.350386511934,28208.791734099235,2
2001,20045,Corn,Non-Irrigated,6697.31702183923,23983.09225520628,7946.39489189172,28456.040107864246,2
2002,20045,Corn,Non-Irrigated,3759.7871565901582,13463.797807749355,4425.12511752264,15846.373045848572,2
2003,20045,Corn,Non-Irrigated,4249.375467465004,15217.013548992178,4958.650840911895,17756.928661305497,2
2004,20045,Corn,Non-Irrigated,10400.61321948229,37244.59593896608,12038.85102894812,43111.12553466322,2
2005,20045,Corn,Non-Irrigated,6665.93315575751,23870.706630767643,7651.386550723544,27399.61523814101,2
2006,20045,Corn,Non-Irrigated,5247.382408863726,18790.876406141,5975.48810195965,21398.222893117505,2
2007,20045,Corn,Non-Irrigated,7237.119518444828,25916.12499555093,8172.358727680109,29265.21660382247,2
2008,20045,Corn,Non-Irrigated,7695.323963237952,27556.955112355103,8618.009626040546,30861.092470851196,2
2009,20045,Corn,Non-Irrigated,8360.661924170434,29939.530350454323,9289.624360189371,33266.14483383814,2
2010,20045,Corn,Non-Irrigated,5762.077812603949,20634.00064693474,6352.0944949403,22746.850386381215,2
2011,20045,Corn,Non-Irrigated,3866.4923012680088,13845.908930840738,4230.545147815971,15149.582174328993,2
2012,20045,Corn,Non-Irrigated,2134.102893557018,7642.222461827681,2316.129316830999,8294.059083571807,2
2013,20045,Corn,Non-Irrigated,7707.877509670641,27601.90936213057,8304.1709652233385,29737.236226464775,2
2014,20045,Corn,Non-Irrigated,9314.73145305475,33356.053333389056,9954.962321121851,35648.72007193736,2
2015,20045,Corn,Non-Irrigated,8894.18764755969,31850.085965911247,9433.99014416529,33783.1187062559,2
2016,20045,Corn,Non-Irrigated,8172.358727680109,29265.21660382247,8605.456079607857,30816.138221075733,2
2017,20045,Corn,Non-Irrigated,9421.4365977326,33738.16445648044,9841.98040322766,35244.131823958254,2
2018,20045,Corn,Non-Irrigated,4293.312879979413,15374.353423206278,4450.232210388017,15936.281545399488,2
2019,20045,Corn,Non-Irrigated,7444.253034584186,26657.87011684597,7663.940097156232,27444.569487916466,2
2020,20045,Corn,Non-Irrigated,9377.49918521819,33580.82458226634,9584.632701357548,34322.56970356138,2
2021,20045,Corn,Non-Irrigated,8712.161224285708,31198.24934416712,8837.696688612592,31647.79184192169,2
1990,20061,Corn,Irrigated,8279.063872357961,29647.32772691386,12974.0902381834,46460.21714293476,2
1991,20061,Corn,Irrigated,6948.387950492996,24882.17725071542,10708.175107083154,38345.97505846478,2
1992,20061,Corn,Irrigated,9082.490844050011,32524.399712543094,13758.68689022642,49269.85775390081,2
1993,20061,Corn,Irrigated,4720.133458690816,16902.797915571813,7036.262775521815,25196.856999143616,2
1994,20061,Corn,Irrigated,7444.253034584186,26657.87011684597,10915.308623222512,39087.72017975982,2
1995,20061,Corn,Irrigated,7437.976261367841,26635.39299195824,10733.282199948531,38435.88355801569,2
1996,20061,Corn,Irrigated,10136.988744395834,36300.55669368148,14398.917758293528,51562.52449244913,2
1997,20061,Corn,Irrigated,10061.667465799706,36030.831195028746,14072.52555104363,50393.71399828723,2
1998,20061,Corn,Irrigated,9540.69528884314,34165.22982934728,13143.563115024692,47067.09951490342,2
1999,20061,Corn,Irrigated,8837.696688612592,31647.79184192169,11994.91361643371,42953.78566044912,2
2000,20061,Corn,Irrigated,9484.204329896042,33962.935705357726,12685.358670231568,45426.26939809924,2
2001,20061,Corn,Irrigated,9101.321163699047,32591.831087206287,11994.91361643371,42953.78566044912,2
2002,20061,Corn,Irrigated,8266.510325925272,29602.373477138397,10739.558973164874,38458.36068290342,2
2003,20061,Corn,Irrigated,10124.435197963146,36255.60244390603,12967.813464967056,46437.74001804703,2
2004,20061,Corn,Irrigated,11831.71751280876,42369.38041336817,14944.99702811547,53518.03435768149,2
2005,20061,Corn,Irrigated,10827.433798193695,38773.040431331625,13488.785641923623,48303.3413837285,2
2006,20061,Corn,Irrigated,9785.489444280562,35041.83769996869,12026.29748251543,43066.17128488776,2
2007,20061,Corn,Irrigated,9754.105578198842,34929.452075530055,11831.71751280876,42369.38041336817,2
2008,20061,Corn,Irrigated,11473.941439477145,41088.18429476765,13733.579797361046,49179.94925434991,2
2009,20061,Corn,Irrigated,11423.72725374639,40908.36729566583,13495.062415139966,48325.81850861622,2
2010,20061,Corn,Irrigated,8906.741193992379,31895.040215686706,10388.059673049602,37199.64168919063,2
2011,20061,Corn,Irrigated,9277.070813756683,33221.190584062686,10683.06801421778,38256.066558913866,2
2012,20061,Corn,Irrigated,9716.444938900777,34794.589326203684,11047.12086076574,39559.73980240212,2
2013,20061,Corn,Irrigated,11329.575655501229,40571.21042234989,12723.019309529633,45561.13214742561,2
2014,20061,Corn,Irrigated,12208.323905789412,43718.00790663188,13545.27660087072,48505.63550771805,2
2015,20061,Corn,Irrigated,11109.88859292918,39784.5110512794,12176.940039707692,43605.622282193246,2
2016,20061,Corn,Irrigated,10614.023508837992,38008.81818514885,11499.048532342518,41178.09279431856,2
2017,20061,Corn,Irrigated,12089.06521467887,43290.94253376503,12942.706372101678,46347.83151849611,2
2018,20061,Corn,Irrigated,10595.19318918896,37941.38681048567,11210.316964390688,40144.14504948305,2
2019,20061,Corn,Irrigated,11141.272459010905,39896.896675718046,11655.967862751122,41740.02091651177,2
2020,20061,Corn,Irrigated,12710.465763096943,45516.17789765015,13143.563115024692,47067.09951490342,2
2021,20061,Corn,Irrigated,12923.876052452646,46280.40014383292,13212.607620404478,47314.34788866844,2
1990,20061,Corn,Non-Irrigated,5630.265575060721,20161.981024292443,6891.896991545898,24679.88312672586,2
1991,20061,Corn,Non-Irrigated,5172.061130267597,18521.150907488263,6289.326762776859,22522.079137503933,2
1992,20061,Corn,Non-Irrigated,7921.287799026343,28366.131608313335,9565.802381708516,34255.138328898196,2
1993,20061,Corn,Non-Irrigated,5178.337903483941,18543.628032375993,6214.005484180729,22252.35363885119,2
1994,20061,Corn,Non-Irrigated,8191.189047329142,29332.64797848566,9760.382351415185,34951.92920041778,2
1995,20061,Corn,Non-Irrigated,5956.657782310617,21330.79151845432,7055.093095170848,25264.288373806805,2
1996,20061,Corn,Non-Irrigated,7469.360127449563,26747.778616396885,8787.48250288184,31467.974842819865,2
1997,20061,Corn,Non-Irrigated,7099.030507685256,25421.628248020905,8297.894192006992,29714.75910157704,2
1998,20061,Corn,Non-Irrigated,7023.709229089127,25151.902749368164,8153.528408031077,29197.785229159286,2
1999,20061,Corn,Non-Irrigated,6653.379609324821,23825.752380992184,7676.493643588919,27489.52373769192,2
2000,20061,Corn,Non-Irrigated,5837.399091200078,20903.72614558748,6691.040248622885,23960.61513031855,2
2001,20061,Corn,Non-Irrigated,5674.2029875751305,20319.320898506543,6465.0764128344945,23151.43863436033,2
2002,20061,Corn,Non-Irrigated,1311.8456022159314,4697.71910153525,1487.5952522735683,5327.0785983916485,2
2003,20061,Corn,Non-Irrigated,4669.919272960064,16722.980916469987,5253.659182080071,18813.353531028737,2
2004,20061,Corn,Non-Irrigated,9459.097237030664,33873.02720580681,10576.362869539927,37873.95543582248,2
2005,20061,Corn,Non-Irrigated,7262.226611310205,26006.033495101845,8071.930356218602,28905.582605618816,2
2006,20061,Corn,Non-Irrigated,3853.9387548353207,13800.954681065285,4255.652240681347,15239.490673879904,2
2007,20061,Corn,Non-Irrigated,7481.913673882252,26792.732866172344,8210.019366978177,29400.07935314885,2
2008,20061,Corn,Non-Irrigated,8718.437997502053,31220.72646905485,9509.311422761417,34052.84420490864,2
2009,20061,Corn,Non-Irrigated,9722.72171211712,34817.06645109141,10544.979003458207,37761.56981138384,2
2010,20061,Corn,Non-Irrigated,7488.1904470985955,26815.20999106007,8071.930356218602,28905.582605618816,2
2011,20061,Corn,Non-Irrigated,4092.4561370563993,14655.085426798963,4387.464478224576,15711.510296522209,2
2012,20061,Corn,Non-Irrigated,2705.289256244337,9687.640826610972,2881.0389063019743,10317.00032346737,2
2013,20061,Corn,Non-Irrigated,7864.796840079245,28163.837484323776,8329.278058088712,29827.14472601568,2
2014,20061,Corn,Non-Irrigated,6753.807980786326,24185.386379195832,7111.584054117945,25466.58249779636,2
2015,20061,Corn,Non-Irrigated,9220.579854809586,33018.89646007313,9653.677206737337,34569.818077326396,2
2016,20061,Corn,Non-Irrigated,7915.011025809999,28343.65448342561,8235.12645984355,29489.987852699753,2
2017,20061,Corn,Non-Irrigated,8366.93869738678,29962.00747534206,8655.670265338611,30995.95522017757,2
2018,20061,Corn,Non-Irrigated,1418.5507468937826,5079.830224626636,1462.488159408192,5237.170098840736,2
2019,20061,Corn,Non-Irrigated,7350.101436339022,26320.713243530037,7519.5743131803165,26927.59561549871,2
2020,20061,Corn,Non-Irrigated,9766.65912463153,34974.40632530551,9936.132001472824,35581.288697274176,2
2021,20061,Corn,Non-Irrigated,8567.795440309792,30681.275471749366,8668.223811771299,31040.90946995302,2
1990,20085,Corn,Irrigated,8442.259975982908,30231.732973994793,12509.609020173932,44796.909901242856,2
1991,20085,Corn,Irrigated,7601.17236499279,27219.79823903918,11097.335046496491,39739.55680150394,2
1992,20085,Corn,Irrigated,9923.578455040131,35536.33444749872,14285.935840399332,51157.93624447001,2
1993,20085,Corn,Irrigated,4236.821921032315,15172.05929921672,6013.148741257715,21533.08564244388,2
1994,20085,Corn,Irrigated,8210.019366978177,29400.07935314885,11492.771759126175,41155.61566943083,2
1995,20085,Corn,Irrigated,6898.173764762243,24702.36025161359,9528.141742410451,34120.275579571826,2
1996,20085,Corn,Irrigated,10482.211271294764,37536.79856250655,14279.659067182987,51135.45911958228,2
1997,20085,Corn,Irrigated,9747.828804982497,34906.97495064232,13105.902475726629,46932.23676557705,2
1998,20085,Corn,Irrigated,9377.49918521819,33580.82458226634,12440.564514794143,44549.66152747783,2
1999,20085,Corn,Irrigated,8548.96512066076,30613.84409708618,11197.763417958002,40099.190799707605,2
2000,20085,Corn,Irrigated,9019.723111886571,32299.628463665817,11662.244635967469,41762.49804139951,2
2001,20085,Corn,Irrigated,9459.097237030664,33873.02720580681,12076.511668246185,43245.98828398959,2
2002,20085,Corn,Irrigated,8580.34898674248,30726.229721524815,10821.157024977349,38750.56330644389,2
2003,20085,Corn,Irrigated,10099.328105097771,36165.69394435512,12578.653525553718,45044.15827500787,2
2004,20085,Corn,Irrigated,12070.23489502984,43223.51115910186,14850.845429870304,53180.87748436556,2
2005,20085,Corn,Irrigated,10331.568714102505,36997.34756520107,12559.823205904684,44976.72690034467,2
2006,20085,Corn,Irrigated,9992.622960419918,35783.58282126373,12001.190389650052,42976.26278533684,2
2007,20085,Corn,Irrigated,10055.39069258336,36008.35407014101,11938.422657486612,42751.49153645956,2
2008,20085,Corn,Irrigated,11869.378152106823,42504.24316269454,13928.159767067717,49876.74012586949,2
2009,20085,Corn,Irrigated,11065.951180414771,39627.171177065306,12836.001227423829,45965.72039540473,2
2010,20085,Corn,Irrigated,8900.464420776034,31872.563090798976,10206.03324977562,36547.80506744649,2
2011,20085,Corn,Irrigated,9534.418515626796,34142.752704459555,10814.880251761006,38728.08618155616,2
2012,20085,Corn,Irrigated,9917.30168182379,35513.857322610995,11122.44213936187,39829.46530105486,2
2013,20085,Corn,Irrigated,11812.887193159728,42301.94903870499,13105.902475726629,46932.23676557705,2
2014,20085,Corn,Irrigated,12051.404575380806,43156.07978443867,13225.161166837166,47359.30213844389,2
2015,20085,Corn,Irrigated,10758.389292813908,38525.79205756661,11681.0749556165,41829.92941606269,2
2016,20085,Corn,Irrigated,10764.666066030251,38548.269182454336,11561.816264505962,41402.86404319585,2
2017,20085,Corn,Irrigated,12082.788441462528,43268.46540887731,12842.278000640172,45988.19752029245,2
2018,20085,Corn,Irrigated,10538.702230241865,37739.09268649611,11084.781500063806,39694.60255172849,2
2019,20085,Corn,Irrigated,10639.130601703368,38098.72668469976,11078.50472684746,39672.12542684075,2
2020,20085,Corn,Irrigated,12697.912216664256,45471.22364787471,13087.072156077596,46864.80539091387,2
2021,20085,Corn,Irrigated,13093.34892929394,46887.2825158016,13356.973404380396,47831.32176108619,2
1990,20085,Corn,Non-Irrigated,5649.095894709752,20229.412398955625,9534.418515626796,34142.752704459555,2
1991,20085,Corn,Non-Irrigated,2347.5131829127195,8406.44470801045,3879.045847700698,13890.863180616196,2
1992,20085,Corn,Non-Irrigated,7375.2085292044,26410.621743080956,11950.9762039193,42796.44578623501,2
1993,20085,Corn,Non-Irrigated,3351.796897527787,12002.784690047009,5322.703687459857,19060.601904793748,2
1994,20085,Corn,Non-Irrigated,7324.994343473647,26230.80474397913,11417.450480530048,40885.8901707781,2
1995,20085,Corn,Non-Irrigated,4387.464478224576,15711.510296522209,6709.870568271918,24028.04650498174,2
1996,20085,Corn,Non-Irrigated,7921.287799026343,28366.131608313335,11888.20847175586,42571.67453735773,2
1997,20085,Corn,Non-Irrigated,6050.809380555781,21667.948391770253,8913.017967208722,31917.51734057443,2
1998,20085,Corn,Non-Irrigated,7513.297539963972,26905.11849061098,10871.371210708105,38930.38030554572,2
1999,20085,Corn,Non-Irrigated,4538.107035416835,16250.961293827686,6452.522866401807,23106.48438458487,2
2000,20085,Corn,Non-Irrigated,7450.529807800531,26680.3472417337,10406.889992698636,37267.073063853815,2
2001,20085,Corn,Non-Irrigated,7011.155682656439,25106.94849959271,9628.570113871958,34479.90957777548,2
2002,20085,Corn,Non-Irrigated,2893.5924527346624,10361.954573242823,3910.429713782418,14003.248805054838,2
2003,20085,Corn,Non-Irrigated,3753.5103833738135,13441.320682861626,4983.757933777271,17846.83716085641,2
2004,20085,Corn,Non-Irrigated,10275.077755155406,36795.05344121151,13426.01790976018,48078.57013485121,2
2005,20085,Corn,Non-Irrigated,6734.9776611372945,24117.95500453265,8661.947038554956,31018.432345065296,2
2006,20085,Corn,Non-Irrigated,6791.468620084392,24320.24912852221,8599.179306391514,30793.66109618801,2
2007,20085,Corn,Non-Irrigated,7569.788498911069,27107.412614600536,9433.99014416529,33783.1187062559,2
2008,20085,Corn,Non-Irrigated,8203.74259376183,29377.602228261112,10074.221012232392,36075.7854448042,2
2009,20085,Corn,Non-Irrigated,9339.838545920127,33445.961832939975,11298.191789419505,40458.82479791125,2
2010,20085,Corn,Non-Irrigated,5743.247492954916,20566.56927227155,6841.682805815145,24500.066127624035,2
2011,20085,Corn,Non-Irrigated,5485.899791084805,19645.007151874684,6439.969319969118,23061.53013480941,2
2012,20085,Corn,Non-Irrigated,2761.780215191435,9889.93495060053,3194.8775671191825,11440.856567853793,2
2013,20085,Corn,Non-Irrigated,7017.432455872782,25129.42562448043,8009.162624055161,28680.81135674153,2
2014,20085,Corn,Non-Irrigated,10249.970662290032,36705.144941660605,11536.709171640588,41312.95554364494,2
2015,20085,Corn,Non-Irrigated,8505.02770814635,30456.50422287208,9440.266917381632,33805.595831143626,2
2016,20085,Corn,Non-Irrigated,8724.714770718396,31243.203593942577,9553.248835275826,34210.18407912274,2
2017,20085,Corn,Non-Irrigated,7695.323963237952,27556.955112355103,8316.724511656026,29782.19047624023,2
2018,20085,Corn,Non-Irrigated,6082.193246637501,21780.33401620889,6483.906732483529,23218.87000902351,2
2019,20085,Corn,Non-Irrigated,8454.813522415596,30276.68722377025,8894.18764755969,31850.085965911247,2
2020,20085,Corn,Non-Irrigated,10162.095837261211,36390.4651932324,10557.532549890891,37806.52406115929,2
2021,20085,Corn,Non-Irrigated,10337.845487318848,37019.82469008879,10601.469962405305,37963.86393537339,2
1990,20087,Corn,Irrigated,8310.447738439681,29759.7133513525,11888.20847175586,42571.67453735773,2
1991,20087,Corn,Irrigated,8335.554831305059,29849.621850903415,11775.226553861665,42167.08628937862,2
1992,20087,Corn,Irrigated,10281.35452837175,36817.53056609924,14336.150026130084,51337.75324357183,2
1993,20087,Corn,Irrigated,6320.710628858579,22634.46476194257,8705.884451069363,31175.77221927939,2
1994,20087,Corn,Irrigated,7663.940097156232,27444.569487916466,10419.443539131322,37312.02731362926,2
1995,20087,Corn,Irrigated,7670.216870372576,27467.046612804195,10300.184848020785,36884.96194076242,2
1996,20087,Corn,Irrigated,10325.291940886162,36974.870440313345,13702.195931279326,49067.56362991127,2
1997,20087,Corn,Irrigated,10626.577055270682,38053.772434924314,13934.436540284058,49899.21725075721,2
1998,20087,Corn,Irrigated,9691.3378460354,34704.680826652766,12553.54643268834,44954.24977545695,2
1999,20087,Corn,Irrigated,9138.981802997112,32726.693836532657,11699.905275265535,41897.360790725885,2
2000,20087,Corn,Irrigated,9603.46302100658,34390.001078224566,12151.832946842313,43515.71378264232,2
2001,20087,Corn,Irrigated,10118.158424746802,36233.1253190183,12660.25157736619,45336.36089854833,2
2002,20087,Corn,Irrigated,8730.99154393474,31265.680718830303,10802.326705328318,38683.13193178071,2
2003,20087,Corn,Irrigated,10193.479703342931,36502.850817671046,12471.948380875863,44662.04715191647,2
2004,20087,Corn,Irrigated,12220.8774522221,43762.96215640734,14781.800924490522,52933.62911060056,2
2005,20087,Corn,Irrigated,10877.647983924448,38952.85743043345,13018.02765069781,46617.55701714886,2
2006,20087,Corn,Irrigated,9967.515867554544,35693.67432171282,11800.33364672704,42256.99478892953,2
2007,20087,Corn,Irrigated,10708.175107083154,38345.97505846478,12540.992886255654,44909.2955256815,2
2008,20087,Corn,Irrigated,11505.325305558865,41200.5699192063,13331.86631151502,47741.41326153529,2
2009,20087,Corn,Irrigated,11756.396234212632,42099.65491471544,13476.232095490934,48258.38713395303,2
2010,20087,Corn,Irrigated,8448.536749199253,30254.21009888253,9584.632701357548,34322.56970356138,2
2011,20087,Corn,Irrigated,9823.150083578626,35176.70044929506,11028.290541116708,39492.30842773893,2
2012,20087,Corn,Irrigated,10024.00682650164,35895.96844570237,11141.272459010905,39896.896675718046,2
2013,20087,Corn,Irrigated,11279.361469770472,40391.39342324806,12409.180648712423,44437.27590303919,2
2014,20087,Corn,Irrigated,11925.869111053924,42706.5372866841,12992.920557832433,46527.64851759794,2
2015,20087,Corn,Irrigated,11078.50472684746,39672.12542684075,11950.9762039193,42796.44578623501,2
2016,20087,Corn,Irrigated,10275.077755155406,36795.05344121151,10978.076355385954,39312.4914286371,2
2017,20087,Corn,Irrigated,12296.19873081823,44032.68765506009,13005.47410426512,46572.6027673734,2
2018,20087,Corn,Irrigated,11103.611819712838,39762.03392639168,11637.137543102092,41672.58954184859,2
2019,20087,Corn,Irrigated,11222.870510823375,40189.09929925851,11649.69108953478,41717.54379162404,2
2020,20087,Corn,Irrigated,11643.414316318436,41695.06666673632,11969.806523568332,42863.87716089819,2
2021,20087,Corn,Irrigated,12754.403175611356,45673.51777186426,12992.920557832433,46527.64851759794,2
1990,20087,Corn,Non-Irrigated,6847.95957903149,24522.543252511765,10312.738394453472,36929.916190537886,2
1991,20087,Corn,Non-Irrigated,4111.286456705431,14722.516801462149,6101.023566286533,21847.765390872075,2
1992,20087,Corn,Non-Irrigated,8869.080554694314,31760.17746636034,12961.53669175071,46415.26289315929,2
1993,20087,Corn,Non-Irrigated,4161.5006424361845,14902.333800563976,5994.318421608683,21465.654267780697,2
1994,20087,Corn,Non-Irrigated,7168.075013065042,25668.876621785916,10168.372610477556,36412.94231812013,2
1995,20087,Corn,Non-Irrigated,5573.774616113623,19959.686900302884,7795.75233469946,27916.58911055877,2
1996,20087,Corn,Non-Irrigated,8015.439397271506,28703.288481629264,11053.397633982084,39582.21692728984,2
1997,20087,Corn,Non-Irrigated,6603.165423594067,23645.935381890355,8982.062472588506,32164.765714339443,2
1998,20087,Corn,Non-Irrigated,7663.940097156232,27444.569487916466,10281.35452837175,36817.53056609924,2
1999,20087,Corn,Non-Irrigated,5228.552089214693,18723.445031477815,6917.0040844112755,24769.791626276776,2
2000,20087,Corn,Non-Irrigated,7776.922015050428,27849.157735895584,10155.819064044868,36367.988068344675,2
2001,20087,Corn,Non-Irrigated,7212.012425579453,25826.21649600002,9295.901133405716,33288.62195872587,2
2002,20087,Corn,Non-Irrigated,3289.0291653643453,11778.01344116972,4180.330962085217,14969.76517522716,2
2003,20087,Corn,Non-Irrigated,4531.830262200491,16228.484168939958,5693.033307224163,20386.752273169728,2
2004,20087,Corn,Non-Irrigated,10111.88165153046,36210.648194130576,12534.716113039309,44886.81840079377,2
2005,20087,Corn,Non-Irrigated,6772.63830043536,24252.817753859024,8291.617418790649,29692.281976689315,2
2006,20087,Corn,Non-Irrigated,5849.952637632768,20948.680395362942,7073.92341481988,25331.71974846999,2
2007,20087,Corn,Non-Irrigated,8034.269716920538,28770.71985629245,9597.186247790236,34367.52395333684,2
2008,20087,Corn,Non-Irrigated,8379.492243819468,30006.961725117515,9885.917815742068,35401.47169817235,2
2009,20087,Corn,Non-Irrigated,9295.901133405716,33288.62195872587,10839.98734462638,38817.99468110707,2
2010,20087,Corn,Non-Irrigated,6534.12091821428,23398.687008125336,7532.127859613004,26972.549865274166,2
2011,20087,Corn,Non-Irrigated,6822.8524861661135,24432.634752960857,7770.645241834083,27826.68061100785,2
2012,20087,Corn,Non-Irrigated,2611.137657999175,9350.483953295046,2937.5298652490715,10519.294447456925,2
2013,20087,Corn,Non-Irrigated,7080.200188036223,25354.196873357716,7883.627159728278,28231.26885898696,2
2014,20087,Corn,Non-Irrigated,10802.326705328318,38683.13193178071,11888.20847175586,42571.67453735773,2
2015,20087,Corn,Non-Irrigated,7739.261375752362,27714.29498656921,8423.429656333876,30164.301599331608,2
2016,20087,Corn,Non-Irrigated,8649.393492122268,30973.47809528984,9314.73145305475,33356.053333389056,2
2017,20087,Corn,Non-Irrigated,9816.873310362282,35154.22332440733,10457.104178429388,37446.89006295563,2
2018,20087,Corn,Non-Irrigated,6483.906732483529,23218.87000902351,6829.129259382457,24455.11187784858,2
2019,20087,Corn,Non-Irrigated,8749.821863583773,31333.11209349349,9120.15148334808,32659.26246186947,2
2020,20087,Corn,Non-Irrigated,10325.291940886162,36974.870440313345,10651.684148136055,38143.68093447522,2
2021,20087,Corn,Non-Irrigated,10055.39069258336,36008.35407014101,10262.524208722718,36750.09919143605,2
1990,20091,Corn,Irrigated,5699.310080440506,20409.22939805745,7984.055531189784,28590.902857190616,2
1991,20091,Corn,Irrigated,2931.2530920327276,10496.817322569195,4054.7954977583336,14520.222677472591,2
1992,20091,Corn,Irrigated,7896.180706160965,28276.223108762417,10802.326705328318,38683.13193178071,2
1993,20091,Corn,Irrigated,3979.474219162204,14250.497178819853,5379.194646406954,19262.896028783303,2
1994,20091,Corn,Irrigated,5686.756534007818,20364.275148281995,7594.895591776446,27197.321114151455,2
1995,20091,Corn,Irrigated,4927.266974830173,17644.54303686685,6509.013825348905,23308.77850857443,2
1996,20091,Corn,Irrigated,8492.474161713662,30411.549973096626,11091.058273280149,39717.07967661621,2
1997,20091,Corn,Irrigated,5774.631359036636,20678.954896710195,7456.806581016874,26702.824366621426,2
1998,20091,Corn,Irrigated,7494.467220314939,26837.687115947796,9572.07915492486,34277.615453785926,2
1999,20091,Corn,Irrigated,6220.2822573970725,22274.830763738915,7858.520066862901,28141.36035943605,2
2000,20091,Corn,Irrigated,7180.628559497732,25713.83087156138,8969.508926155819,32119.811464563987,2
2001,20091,Corn,Irrigated,7337.547889906336,26275.75899375459,9069.937297617324,32479.44546276764,2
2002,20091,Corn,Irrigated,2887.315679518318,10339.477448355095,3527.546547585424,12632.144186903402,2
2003,20091,Corn,Irrigated,4312.143199628445,15441.78479786946,5215.998542782006,18678.490781702363,2
2004,20091,Corn,Irrigated,9936.132001472824,35581.288697274176,11894.485244972202,42594.15166224546,2
2005,20091,Corn,Irrigated,6709.870568271918,24028.04650498174,7952.671665108063,28478.517232751976,2
2006,20091,Corn,Irrigated,6653.379609324821,23825.752380992184,7802.029107915803,27939.06623544649,2
2007,20091,Corn,Irrigated,7306.164023824615,26163.373369315945,8486.197388497318,30389.072848208893,2
2008,20091,Corn,Irrigated,7550.9581792620365,27039.98123993735,8680.777358203988,31085.86371972848,2
2009,20091,Corn,Irrigated,9057.383751184638,32434.491212992187,10312.738394453472,36929.916190537886,2
2010,20091,Corn,Irrigated,5316.426914243512,19038.12477990602,5994.318421608683,21465.654267780697,2
2011,20091,Corn,Irrigated,2918.699545600039,10451.86307279374,3257.6452992826244,11665.627816731076,2
2012,20091,Corn,Irrigated,1983.4603363647575,7102.771464522198,2190.593852504115,7844.516585817236,2
2013,20091,Corn,Irrigated,6251.666123478793,22387.21638817756,6847.95957903149,24522.543252511765,2
2014,20091,Corn,Irrigated,9277.070813756683,33221.190584062686,10061.667465799706,36030.831195028746,2
2015,20091,Corn,Irrigated,8749.821863583773,31333.11209349349,9402.606278083567,33670.733081817256,2
2016,20091,Corn,Irrigated,8423.429656333876,30164.301599331608,8969.508926155819,32119.811464563987,2
2017,20091,Corn,Irrigated,9459.097237030664,33873.02720580681,9980.06941398723,35738.62857148827,2
2018,20091,Corn,Irrigated,4895.883108748453,17532.157412428212,5115.570171320499,18318.856783498708,2
2019,20091,Corn,Irrigated,8523.858027795384,30523.93559753527,8831.419915396247,31625.31471703396,2
2020,20091,Corn,Irrigated,9647.400433520988,34547.34095243866,9904.7481353911,35468.90307283553,2
2021,20091,Corn,Irrigated,7463.083354233218,26725.301491509155,7594.895591776446,27197.321114151455,2
1990,20091,Corn,Non-Irrigated,5699.310080440506,20409.22939805745,7984.055531189784,28590.902857190616,2
1991,20091,Corn,Non-Irrigated,2931.2530920327276,10496.817322569195,4054.7954977583336,14520.222677472591,2
1992,20091,Corn,Non-Irrigated,7896.180706160965,28276.223108762417,10802.326705328318,38683.13193178071,2
1993,20091,Corn,Non-Irrigated,3979.474219162204,14250.497178819853,5379.194646406954,19262.896028783303,2
1994,20091,Corn,Non-Irrigated,5686.756534007818,20364.275148281995,7594.895591776446,27197.321114151455,2
1995,20091,Corn,Non-Irrigated,4927.266974830173,17644.54303686685,6509.013825348905,23308.77850857443,2
1996,20091,Corn,Non-Irrigated,8492.474161713662,30411.549973096626,11091.058273280149,39717.07967661621,2
1997,20091,Corn,Non-Irrigated,5774.631359036636,20678.954896710195,7456.806581016874,26702.824366621426,2
1998,20091,Corn,Non-Irrigated,7494.467220314939,26837.687115947796,9572.07915492486,34277.615453785926,2
1999,20091,Corn,Non-Irrigated,6220.2822573970725,22274.830763738915,7858.520066862901,28141.36035943605,2
2000,20091,Corn,Non-Irrigated,7180.628559497732,25713.83087156138,8969.508926155819,32119.811464563987,2
2001,20091,Corn,Non-Irrigated,7337.547889906336,26275.75899375459,9069.937297617324,32479.44546276764,2
2002,20091,Corn,Non-Irrigated,2887.315679518318,10339.477448355095,3527.546547585424,12632.144186903402,2
2003,20091,Corn,Non-Irrigated,4312.143199628445,15441.78479786946,5215.998542782006,18678.490781702363,2
2004,20091,Corn,Non-Irrigated,9936.132001472824,35581.288697274176,11894.485244972202,42594.15166224546,2
2005,20091,Corn,Non-Irrigated,6709.870568271918,24028.04650498174,7952.671665108063,28478.517232751976,2
2006,20091,Corn,Non-Irrigated,6653.379609324821,23825.752380992184,7802.029107915803,27939.06623544649,2
2007,20091,Corn,Non-Irrigated,7306.164023824615,26163.373369315945,8486.197388497318,30389.072848208893,2
2008,20091,Corn,Non-Irrigated,7550.9581792620365,27039.98123993735,8680.777358203988,31085.86371972848,2
2009,20091,Corn,Non-Irrigated,9057.383751184638,32434.491212992187,10312.738394453472,36929.916190537886,2
2010,20091,Corn,Non-Irrigated,5316.426914243512,19038.12477990602,5994.318421608683,21465.654267780697,2
2011,20091,Corn,Non-Irrigated,2918.699545600039,10451.86307279374,3257.6452992826244,11665.627816731076,2
2012,20091,Corn,Non-Irrigated,1983.4603363647575,7102.771464522198,2190.593852504115,7844.516585817236,2
2013,20091,Corn,Non-Irrigated,6251.666123478793,22387.21638817756,6847.95957903149,24522.543252511765,2
2014,20091,Corn,Non-Irrigated,9277.070813756683,33221.190584062686,10061.667465799706,36030.831195028746,2
2015,20091,Corn,Non-Irrigated,8749.821863583773,31333.11209349349,9402.606278083567,33670.733081817256,2
2016,20091,Corn,Non-Irrigated,8423.429656333876,30164.301599331608,8969.508926155819,32119.811464563987,2
2017,20091,Corn,Non-Irrigated,9459.097237030664,33873.02720580681,9980.06941398723,35738.62857148827,2
2018,20091,Corn,Non-Irrigated,4895.883108748453,17532.157412428212,5115.570171320499,18318.856783498708,2
2019,20091,Corn,Non-Irrigated,8523.858027795384,30523.93559753527,8831.419915396247,31625.31471703396,2
2020,20091,Corn,Non-Irrigated,9647.400433520988,34547.34095243866,9904.7481353911,35468.90307283553,2
2021,20091,Corn,Non-Irrigated,7463.083354233218,26725.301491509155,7594.895591776446,27197.321114151455,2
1990,20103,Corn,Irrigated,8147.251634814734,29175.30810427156,11762.673007428975,42122.13203960316,2
1991,20103,Corn,Irrigated,7977.77875797344,28568.42573230289,11367.236294799291,40706.07317167626,2
1992,20103,Corn,Irrigated,9948.68554790551,35626.242947049635,13984.650726014812,50079.03424985904,2
1993,20103,Corn,Irrigated,5536.113976815558,19824.82415097651,7682.770416805265,27512.000862579654,2
1994,20103,Corn,Irrigated,9754.105578198842,34929.452075530055,13363.250177596738,47853.79888597392,2
1995,20103,Corn,Irrigated,7751.81492218505,27759.24923634466,10488.488044511108,37559.27568739428,2
1996,20103,Corn,Irrigated,9459.097237030664,33873.02720580681,12635.144484500815,45246.45239899742,2
1997,20103,Corn,Irrigated,9961.239094338198,35671.19719682509,13143.563115024692,47067.09951490342,2
1998,20103,Corn,Irrigated,8774.928956449152,31423.020593044417,11436.280800179076,40953.32154544127,2
1999,20103,Corn,Irrigated,8366.93869738678,29962.00747534206,10777.21961246294,38593.22343222978,2
2000,20103,Corn,Irrigated,9929.855228256478,35558.81157238645,12635.144484500815,45246.45239899742,2
2001,20103,Corn,Irrigated,9471.650783463354,33917.98145558227,11913.315564621234,42661.58303690864,2
2002,20103,Corn,Irrigated,8266.510325925272,29602.373477138397,10275.077755155406,36795.05344121151,2
2003,20103,Corn,Irrigated,9113.874710131737,32636.785336981746,11197.763417958002,40099.190799707605,2
2004,20103,Corn,Irrigated,12026.29748251543,43066.17128488776,14612.32804764923,52326.74673863189,2
2005,20103,Corn,Irrigated,10312.738394453472,36929.916190537886,12390.350329063394,44369.844528376016,2
2006,20103,Corn,Irrigated,10921.585396438855,39110.19730464754,12974.0902381834,46460.21714293476,2
2007,20103,Corn,Irrigated,10959.24603573692,39245.06005397391,12879.938639938237,46123.06026961882,2
2008,20103,Corn,Irrigated,10695.621560650468,38301.02080868932,12434.287741577802,44527.18440259011,2
2009,20103,Corn,Irrigated,11022.013767900364,39469.831302851206,12672.80512379888,45381.31514832379,2
2010,20103,Corn,Irrigated,8768.652183232805,31400.543468156677,9973.792640770887,35716.15144660055,2
2011,20103,Corn,Irrigated,8279.063872357961,29647.32772691386,9321.008226271091,33378.530458276786,2
2012,20103,Corn,Irrigated,9998.8997336362645,35806.059946151465,11141.272459010905,39896.896675718046,2
2013,20103,Corn,Irrigated,10588.916415972615,37918.90968559794,11674.798182400156,41807.45229117496,2
2014,20103,Corn,Irrigated,12465.671607659522,44639.57002702875,13608.044333034162,48730.40675659534,2
2015,20103,Corn,Irrigated,10570.086096323585,37851.47831093475,11417.450480530048,40885.8901707781,2
2016,20103,Corn,Irrigated,10149.542290828524,36345.510943456946,10858.817664275412,38885.42605577026,2
2017,20103,Corn,Irrigated,12471.948380875863,44662.04715191647,13206.330847188134,47291.87076378071,2
2018,20103,Corn,Irrigated,12089.06521467887,43290.94253376503,12679.081897015223,45403.79227321152,2
2019,20103,Corn,Irrigated,9728.998485333464,34839.54357597913,10105.604878314114,36188.17106924284,2
2020,20103,Corn,Irrigated,12045.127802164465,43133.60265955094,12390.350329063394,44369.844528376016,2
2021,20103,Corn,Irrigated,12227.154225438444,43785.43928129507,12459.394834443176,44617.09290214102,2
1990,20103,Corn,Non-Irrigated,6063.362926988468,21712.9026415457,9503.034649545074,34030.36708002091,2
1991,20103,Corn,Non-Irrigated,4487.892849686082,16071.144294725858,6910.727311194931,24747.314501389046,2
1992,20103,Corn,Non-Irrigated,7845.966520430214,28096.406109660595,11888.20847175586,42571.67453735773,2
1993,20103,Corn,Non-Irrigated,3540.1000940181116,12677.098436678858,5272.489501729104,18880.78490569192,2
1994,20103,Corn,Non-Irrigated,6163.791298449975,22072.53663974936,9038.553431535604,32367.059838329,2
1995,20103,Corn,Non-Irrigated,5762.077812603949,20634.00064693474,8316.724511656026,29782.19047624023,2
1996,20103,Corn,Non-Irrigated,6785.191846868048,24297.77200363448,9641.123660304644,34524.86382755094,2
1997,20103,Corn,Non-Irrigated,6716.147341488262,24050.523629869465,9396.329504867224,33648.255956929526,2
1998,20103,Corn,Non-Irrigated,6797.745393300736,24342.726253409935,9364.945638785504,33535.870332490886,2
1999,20103,Corn,Non-Irrigated,4494.1696229024255,16093.621419613586,6101.023566286533,21847.765390872075,2
2000,20103,Corn,Non-Irrigated,7249.673064877517,25961.07924532639,9697.614619251744,34727.15795154049,2
2001,20103,Corn,Non-Irrigated,5818.568771551047,20836.294770924294,7670.216870372576,27467.046612804195,2
2002,20103,Corn,Non-Irrigated,2943.806638465416,10541.771572344654,3822.5548887536,13688.56905662664,2
2003,20103,Corn,Non-Irrigated,4356.080612142854,15599.12467208356,5580.0513893299685,19982.164025190617,2
2004,20103,Corn,Non-Irrigated,9785.489444280562,35041.83769996869,12358.966462981673,44257.45890393737,2
2005,20103,Corn,Non-Irrigated,6170.068071666319,22095.01376463709,7689.047190021609,27534.47798746738,2
2006,20103,Corn,Non-Irrigated,5630.265575060721,20161.981024292443,6923.28085762762,24792.26875116451,2
2007,20103,Corn,Non-Irrigated,7500.743993531284,26860.16424083553,9095.044390482704,32569.353962318557,2
2008,20103,Corn,Non-Irrigated,7858.520066862901,28141.36035943605,9408.883051299912,33693.210206704985,2
2009,20103,Corn,Non-Irrigated,9025.999885102918,32322.105588553542,10664.237694568748,38188.63518425068,2
2010,20103,Corn,Non-Irrigated,6013.148741257715,21533.08564244388,7011.155682656439,25106.94849959271,2
2011,20103,Corn,Non-Irrigated,5699.310080440506,20409.22939805745,6565.504784296002,23511.072632563984,2
2012,20103,Corn,Non-Irrigated,2937.5298652490715,10519.294447456925,3339.2433510950987,11957.830440271548,2
2013,20103,Corn,Non-Irrigated,7312.440797040958,26185.85049420367,8216.29614019452,29422.556478036575,2
2014,20103,Corn,Non-Irrigated,9383.775958434537,33603.30170715407,10413.16676591498,37289.55018874154,2
2015,20103,Corn,Non-Irrigated,8498.750934930007,30434.027097984355,9314.73145305475,33356.053333389056,2
2016,20103,Corn,Non-Irrigated,7538.404632829349,26995.0269901619,8166.081954463765,29242.73947893474,2
2017,20103,Corn,Non-Irrigated,9044.83020475195,32389.53696321673,9685.061072819057,34682.20370176504,2
2018,20103,Corn,Non-Irrigated,7174.351786281387,25691.353746673645,7588.618818560102,27174.843989263725,2
2019,20103,Corn,Non-Irrigated,7588.618818560102,27174.843989263725,7940.118118675376,28433.56298297652,2
2020,20103,Corn,Non-Irrigated,9471.650783463354,33917.98145558227,9798.04299071325,35086.79194974415,2
2021,20103,Corn,Non-Irrigated,8498.750934930007,30434.027097984355,8693.330904636676,31130.817969503936,2
1990,20117,Corn,Irrigated,7029.986002305472,25174.379874255897,13501.339188356307,48348.29563350394,2
1991,20117,Corn,Irrigated,5730.693946522228,20521.6150224961,10708.175107083154,38345.97505846478,2
1992,20117,Corn,Irrigated,7977.77875797344,28568.42573230289,14511.89967618772,51967.11274042822,2
1993,20117,Corn,Irrigated,4280.7593335467245,15329.39917343082,7582.342045343757,27152.366864375996,2
1994,20117,Corn,Irrigated,8009.162624055161,28680.81135674153,13834.008168822553,49539.58325255355,2
1995,20117,Corn,Irrigated,7036.262775521815,25196.856999143616,11856.82460567414,42459.28891291909,2
1996,20117,Corn,Irrigated,9766.65912463153,34974.40632530551,16068.539433841075,57541.43971258489,2
1997,20117,Corn,Irrigated,8768.652183232805,31400.543468156677,14085.07909747632,50438.6682480627,2
1998,20117,Corn,Irrigated,9051.106977968291,32412.014088104457,14210.614561803202,50888.21074581727,2
1999,20117,Corn,Irrigated,8636.839945689577,30928.523845514377,13256.545032918888,47471.68776288254,2
2000,20117,Corn,Irrigated,8730.99154393474,31265.680718830303,13105.902475726629,46932.23676557705,2
2001,20117,Corn,Irrigated,9440.266917381632,33805.595831143626,13871.668808120616,49674.44600187992,2
2002,20117,Corn,Irrigated,8015.439397271506,28703.288481629264,11530.43239842424,41290.4784187572,2
2003,20117,Corn,Irrigated,8806.312822530872,31535.40621748305,12409.180648712423,44437.27590303919,2
2004,20117,Corn,Irrigated,11988.636843217366,42931.30853556139,16558.127744715923,59294.65545382772,2
2005,20117,Corn,Irrigated,12007.467162866398,42998.73991022457,16256.8426303314,58215.75345921674,2
2006,20117,Corn,Irrigated,9860.810722876691,35311.56319862143,13093.34892929394,46887.2825158016,2
2007,20117,Corn,Irrigated,10501.041590943796,37604.22993716973,13677.088838413949,48977.65513036034,2
2008,20117,Corn,Irrigated,10846.264117842728,38840.471805994806,13865.392034904273,49651.9688769922,2
2009,20117,Corn,Irrigated,12384.073555847048,44347.36740348828,15541.290483668166,55653.3612220157,2
2010,20117,Corn,Irrigated,9892.194588958411,35423.94882306008,12195.770359356724,43673.05365685643,2
2011,20117,Corn,Irrigated,10821.157024977349,38750.56330644389,13105.902475726629,46932.23676557705,2
2012,20117,Corn,Irrigated,9289.624360189371,33266.14483383814,11053.397633982084,39582.21692728984,2
2013,20117,Corn,Irrigated,12013.74393608274,43021.2170351123,14053.695231394597,50326.28262362405,2
2014,20117,Corn,Irrigated,12723.019309529633,45561.13214742561,14637.435140514604,52416.6552381828,2
2015,20117,Corn,Irrigated,10770.942839246596,38570.74630734206,12183.216812924034,43628.09940708097,2
2016,20117,Corn,Irrigated,11298.191789419505,40458.82479791125,12572.376752337375,45021.68115012014,2
2017,20117,Corn,Irrigated,13356.973404380396,47831.32176108619,14631.15836729826,52394.17811329507,2
2018,20117,Corn,Irrigated,13890.49912776965,49741.87737654312,14976.380894197193,53630.41998212014,2
2019,20117,Corn,Irrigated,10074.221012232392,36075.7854448042,10695.621560650468,38301.02080868932,2
2020,20117,Corn,Irrigated,12697.912216664256,45471.22364787471,13275.37535256792,47539.11913754572,2
2021,20117,Corn,Irrigated,14223.16810823589,50933.16499559272,14643.711913730953,52439.13236307054,2
1990,20117,Corn,Non-Irrigated,4933.543748046517,17667.02016175458,8636.839945689577,30928.523845514377,2
1991,20117,Corn,Non-Irrigated,2950.08341168176,10564.248697232382,5052.802439157057,18094.08553462142,2
1992,20117,Corn,Non-Irrigated,7205.735652363107,25803.73937111229,12070.23489502984,43223.51115910186,2
1993,20117,Corn,Non-Irrigated,3345.5201243114425,11980.307565159275,5485.899791084805,19645.007151874684,2
1994,20117,Corn,Non-Irrigated,6885.620218329555,24657.40600183814,11053.397633982084,39582.21692728984,2
1995,20117,Corn,Non-Irrigated,5404.30173927233,19352.804528334214,8498.750934930007,30434.027097984355,2
1996,20117,Corn,Non-Irrigated,7067.6466416035355,25309.24262358226,10890.201530357135,38997.8116802089,2
1997,20117,Corn,Non-Irrigated,6816.575712949769,24410.15762807312,10293.90807480444,36862.4848158747,2
1998,20117,Corn,Non-Irrigated,7124.137600550634,25511.53674757182,10551.25577667455,37784.04693627157,2
1999,20117,Corn,Non-Irrigated,5950.381009094273,21308.31439356659,8649.393492122268,30973.47809528984,2
2000,20117,Corn,Non-Irrigated,6728.700887920951,24095.477879644925,9597.186247790236,34367.52395333684,2
2001,20117,Corn,Non-Irrigated,7507.020766747627,26882.64136572325,10513.595137376486,37649.1841869452,2
2002,20117,Corn,Non-Irrigated,1299.2920557832433,4652.7648517597945,1788.8803666580886,6405.980593002615,2
2003,20117,Corn,Non-Irrigated,2134.102893557018,7642.222461827681,2881.0389063019743,10317.00032346737,2
2004,20117,Corn,Non-Irrigated,9565.802381708516,34255.138328898196,12704.1889898806,45493.70077276243,2
2005,20117,Corn,Non-Irrigated,7412.869168502465,26545.48449240733,9678.78429960271,34659.72657687731,2
2006,20117,Corn,Non-Irrigated,5247.382408863726,18790.876406141,6734.9776611372945,24117.95500453265,2
2007,20117,Corn,Non-Irrigated,7293.610477391926,26118.41911954049,9208.026308376897,32973.94221029767,2
2008,20117,Corn,Non-Irrigated,8843.973461828937,31670.26896680942,10984.3531286023,39334.968553524835,2
2009,20117,Corn,Non-Irrigated,9051.106977968291,32412.014088104457,11065.951180414771,39627.171177065306,2
2010,20117,Corn,Non-Irrigated,6741.25443435364,24140.432129420384,8109.590995516667,29040.445354945183,2
2011,20117,Corn,Non-Irrigated,7431.699488151498,26612.915867070515,8806.312822530872,31535.40621748305,2
2012,20117,Corn,Non-Irrigated,4764.070871205226,17060.137789785913,5561.221069680935,19914.73265052743,2
2013,20117,Corn,Non-Irrigated,8919.294740425066,31939.99446546216,10249.970662290032,36705.144941660605,2
2014,20117,Corn,Non-Irrigated,8266.510325925272,29602.373477138397,9364.945638785504,33535.870332490886,2
2015,20117,Corn,Non-Irrigated,9741.552031766152,34884.49782575459,10871.371210708105,38930.38030554572,2
2016,20117,Corn,Non-Irrigated,8128.4213151657,29107.87672960837,8944.401833290443,32029.902965013076,2
2017,20117,Corn,Non-Irrigated,6126.13065915191,21937.67389042299,6647.102836108476,23803.275256104454,2
2018,20117,Corn,Non-Irrigated,7814.582654348492,27984.02048522195,8360.661924170434,29939.530350454323,2
2019,20117,Corn,Non-Irrigated,8429.706429550222,30186.778724219344,8894.18764755969,31850.085965911247,2
2020,20117,Corn,Non-Irrigated,10231.140342640998,36637.713566997416,10645.407374919714,38121.203809587496,2
2021,20117,Corn,Non-Irrigated,10287.631301588097,36840.007690986975,10563.80932310724,37829.001186047026,2
1990,20127,Corn,Irrigated,8128.4213151657,29107.87672960837,12603.760618419094,45134.06677455877,2
1991,20127,Corn,Irrigated,6772.63830043536,24252.817753859024,10331.568714102505,36997.34756520107,2
1992,20127,Corn,Irrigated,8938.125060074099,32007.425840125343,13413.464363327492,48033.61588507575,2
1993,20127,Corn,Irrigated,4487.892849686082,16071.144294725858,6628.272516459444,23735.84388144127,2
1994,20127,Corn,Irrigated,6804.022166517081,24365.20337829767,9892.194588958411,35423.94882306008,2
1995,20127,Corn,Irrigated,7055.093095170848,25264.288373806805,10099.328105097771,36165.69394435512,2
1996,20127,Corn,Irrigated,9885.917815742068,35401.47169817235,13934.436540284058,49899.21725075721,2
1997,20127,Corn,Irrigated,9703.891392468087,34749.63507642822,13476.232095490934,48258.38713395303,2
1998,20127,Corn,Irrigated,9528.141742410451,34120.275579571826,13036.857970346842,46684.98839181204,2
1999,20127,Corn,Irrigated,8913.017967208722,31917.51734057443,12020.020709299086,43043.69416000003,2
2000,20127,Corn,Irrigated,9126.428256564424,32681.739586757205,12126.725853976935,43425.8052830914,2
2001,20127,Corn,Irrigated,8523.858027795384,30523.93559753527,11166.37955187628,39986.80517526896,2
2002,20127,Corn,Irrigated,8128.4213151657,29107.87672960837,10501.041590943796,37604.22993716973,2
2003,20127,Corn,Irrigated,9885.917815742068,35401.47169817235,12597.483845202749,45111.58964967104,2
2004,20127,Corn,Irrigated,11630.860769885749,41650.11241696087,14618.604820865574,52349.22386351962,2
2005,20127,Corn,Irrigated,10513.595137376486,37649.1841869452,13043.134743563189,46707.46551669977,2
2006,20127,Corn,Irrigated,9772.935897847872,34996.88345019323,11963.529750351989,42841.40003601047,2
2007,20127,Corn,Irrigated,9653.677206737337,34569.818077326396,11662.244635967469,41762.49804139951,2
2008,20127,Corn,Irrigated,11505.325305558865,41200.5699192063,13721.026250928357,49134.99500457444,2
2009,20127,Corn,Irrigated,10858.817664275412,38885.42605577026,12785.787041693076,45785.9033963029,2
2010,20127,Corn,Irrigated,8279.063872357961,29647.32772691386,9628.570113871958,34479.90957777548,2
2011,20127,Corn,Irrigated,8944.401833290443,32029.902965013076,10268.800981939065,36772.576316323786,2
2012,20127,Corn,Irrigated,9634.8468870883,34502.38670266321,10927.8621696552,39132.67442953527,2
2013,20127,Corn,Irrigated,11109.88859292918,39784.5110512794,12453.118061226834,44594.6157772533,2
2014,20127,Corn,Irrigated,11768.949780645318,42144.60916449088,13030.581197130496,46662.51126692431,2
2015,20127,Corn,Irrigated,10293.90807480444,36862.4848158747,11266.807923337788,40346.439173472616,2
2016,20127,Corn,Irrigated,10224.863569424657,36615.236442109686,11059.674407198429,39604.69405217757,2
2017,20127,Corn,Irrigated,11612.030450236714,41582.68104229767,12415.45742192877,44459.75302792693,2
2018,20127,Corn,Irrigated,10758.389292813908,38525.79205756661,11373.513068015636,40728.55029656399,2
2019,20127,Corn,Irrigated,11084.781500063806,39694.60255172849,11586.923357371335,41492.77254274676,2
2020,20127,Corn,Irrigated,12296.19873081823,44032.68765506009,12710.465763096943,45516.17789765015,2
2021,20127,Corn,Irrigated,12528.439339822962,44864.34127590603,12804.617361342109,45853.33477096608,2
1990,20127,Corn,Non-Irrigated,4582.044447931245,16408.301168041788,6810.298939733425,24387.680503185395,2
1991,20127,Corn,Non-Irrigated,2278.4686775329337,8159.1963342454355,3339.2433510950987,11957.830440271548,2
1992,20127,Corn,Non-Irrigated,7695.323963237952,27556.955112355103,11109.88859292918,39784.5110512794,2
1993,20127,Corn,Non-Irrigated,4826.8386033686675,17284.909038663198,6873.066671896867,24612.45175206268,2
1994,20127,Corn,Non-Irrigated,6559.228011079658,23488.595507676255,9208.026308376897,32973.94221029767,2
1995,20127,Corn,Non-Irrigated,4600.874767580276,16475.73254270497,6370.9248145893325,22814.2817610444,2
1996,20127,Corn,Non-Irrigated,5372.9178731906095,19240.418903895577,7337.547889906336,26275.75899375459,2
1997,20127,Corn,Non-Irrigated,7513.297539963972,26905.11849061098,10124.435197963146,36255.60244390603,2
1998,20127,Corn,Non-Irrigated,5862.506184065455,20993.63464513839,7795.75233469946,27916.58911055877,2
1999,20127,Corn,Non-Irrigated,4939.820521262863,17689.497286642312,6483.906732483529,23218.87000902351,2
2000,20127,Corn,Non-Irrigated,4280.7593335467245,15329.39917343082,5548.667523248247,19869.77840075197,2
2001,20127,Corn,Non-Irrigated,4958.650840911895,17756.928661305497,6345.817721723955,22724.373261493485,2
2002,20127,Corn,Non-Irrigated,1249.0778700524895,4472.947852657966,1575.4700773023867,5641.758346819846,2
2003,20127,Corn,Non-Irrigated,3006.5743706288577,10766.54282122194,3753.5103833738135,13441.320682861626,2
2004,20127,Corn,Non-Irrigated,7601.17236499279,27219.79823903918,9364.945638785504,33535.870332490886,2
2005,20127,Corn,Non-Irrigated,5398.024966055987,19330.32740344649,6571.781557512346,23533.54975745171,2
2006,20127,Corn,Non-Irrigated,3740.956836941126,13396.366433086172,4500.44639611877,16116.098544501316,2
2007,20127,Corn,Non-Irrigated,5636.542348277065,20184.45814918017,6697.31702183923,23983.09225520628,2
2008,20127,Corn,Non-Irrigated,6201.45193774804,22207.39938907573,7287.333704175581,26095.941994652756,2
2009,20127,Corn,Non-Irrigated,8410.876109901188,30119.347349556156,9766.65912463153,34974.40632530551,2
2010,20127,Corn,Non-Irrigated,6019.42551447406,21555.56276733161,6910.727311194931,24747.314501389046,2
2011,20127,Corn,Non-Irrigated,1305.5688289995876,4675.241976647523,1481.3184790572243,5304.60147350392,2
2012,20127,Corn,Non-Irrigated,1631.9610362494843,5844.0524708094035,1832.8177791724977,6563.320467216714,2
2013,20127,Corn,Non-Irrigated,6471.353186050839,23173.915759248055,7186.905332714075,25736.3079964491,2
2014,20127,Corn,Non-Irrigated,6609.442196810411,23668.41250677808,7255.94983809386,25983.55637021411,2
2015,20127,Corn,Non-Irrigated,8178.635500896455,29287.693728710205,8881.634101127001,31805.13171613579,2
2016,20127,Corn,Non-Irrigated,6672.209928973853,23893.18375565537,7168.075013065042,25668.876621785916,2
2017,20127,Corn,Non-Irrigated,6923.28085762762,24792.26875116451,7362.654982771712,26365.6674933055,2
2018,20127,Corn,Non-Irrigated,1092.1585396438857,3911.0197304647545,1148.6494985909833,4113.313854454311,2
2019,20127,Corn,Non-Irrigated,6929.557630843964,24814.745876052235,7218.2891987957955,25848.693620887745,2
2020,20127,Corn,Non-Irrigated,8354.385150954091,29917.0532255666,8611.732852824201,30838.615345963462,2
2021,20127,Corn,Non-Irrigated,7406.59239528612,26523.007367519596,7557.234952478382,27062.458364825085,2
1990,20131,Corn,Irrigated,6257.942896695138,22409.69351306529,12748.126402395008,45651.04064697652,2
1991,20131,Corn,Irrigated,7864.796840079245,28163.837484323776,15528.736937235475,55608.40697224024,2
1992,20131,Corn,Irrigated,9295.901133405716,33288.62195872587,17813.482387984757,63790.08043137341,2
1993,20131,Corn,Irrigated,3759.7871565901582,13463.797807749355,6998.60213622375,25061.99424981725,2
1994,20131,Corn,Irrigated,8643.116718905922,30951.000970402103,15641.718855129671,56012.99522021935,2
1995,20131,Corn,Irrigated,5918.9971430125515,21195.928769127942,10419.443539131322,37312.02731362926,2
1996,20131,Corn,Irrigated,8235.12645984355,29489.987852699753,14116.46296355804,50551.05387250133,2
1997,20131,Corn,Irrigated,7481.913673882252,26792.732866172344,12490.778700524896,44729.47852657966,2
1998,20131,Corn,Irrigated,8699.60767785302,31153.295094391666,14160.400376072446,50708.39374671543,2
1999,20131,Corn,Irrigated,7193.182105930419,25758.78512133683,11423.72725374639,40908.36729566583,2
2000,20131,Corn,Irrigated,9277.070813756683,33221.190584062686,14380.087438644492,51495.09311778592,2
2001,20131,Corn,Irrigated,10256.247435506377,36727.62206654833,15522.460164019134,55585.92984735252,2
2002,20131,Corn,Irrigated,8919.294740425066,31939.99446546216,13193.777300755446,47246.91651400525,2
2003,20131,Corn,Irrigated,10055.39069258336,36008.35407014101,14543.283542269442,52079.49836486687,2
2004,20131,Corn,Irrigated,12553.54643268834,44954.24977545695,17756.99142903766,63587.78630738385,2
2005,20131,Corn,Irrigated,11379.789841231985,40751.02742145173,15754.700773023867,56417.58346819847,2
2006,20131,Corn,Irrigated,10978.076355385954,39312.4914286371,14882.229295952027,53293.26310880421,2
2007,20131,Corn,Irrigated,10877.647983924448,38952.85743043345,14442.855170807936,51719.86436666322,2
2008,20131,Corn,Irrigated,10507.318364160144,37626.707062057474,13670.812065197604,48955.17800547262,2
2009,20131,Corn,Irrigated,11373.513068015636,40728.55029656399,14505.622902971378,51944.6356155405,2
2010,20131,Corn,Irrigated,6822.8524861661135,24432.634752960857,8536.411574228072,30568.88984731073,2
2011,20131,Corn,Irrigated,10632.853828487025,38076.24955981204,13049.411516779532,46729.942641587506,2
2012,20131,Corn,Irrigated,11963.529750351989,42841.40003601047,14411.471304726214,51607.47874222457,2
2013,20131,Corn,Irrigated,12691.63544344791,45448.74652298697,15007.764760278911,53742.80560655878,2
2014,20131,Corn,Irrigated,14135.293283207073,50618.48524716452,16413.761960740005,58777.681581409954,2
2015,20131,Corn,Irrigated,12440.564514794143,44549.66152747783,14191.784242154168,50820.77937115407,2
2016,20131,Corn,Irrigated,12013.74393608274,43021.2170351123,13469.955322274587,48235.9100090653,2
2017,20131,Corn,Irrigated,14116.46296355804,50551.05387250133,15553.844030100856,55698.31547179117,2
2018,20131,Corn,Irrigated,13834.008168822553,49539.58325255355,14988.93444062988,53675.37423189559,2
2019,20131,Corn,Irrigated,11913.315564621234,42661.58303690864,12697.912216664256,45471.22364787471,2
2020,20131,Corn,Irrigated,13488.785641923623,48303.3413837285,14141.570056423418,50640.96237205226,2
2021,20131,Corn,Irrigated,13990.927499231157,50101.51137474677,14436.578397591593,51697.38724177549,2
1990,20131,Corn,Non-Irrigated,5824.84554476739,20858.77189581202,10519.871910592828,37671.66131183292,2
1991,20131,Corn,Non-Irrigated,3251.36852606628,11643.15069184335,5730.693946522228,20521.6150224961,2
1992,20131,Corn,Non-Irrigated,8065.653583002259,28883.10548073109,13884.222354553303,49719.40025165539,2
1993,20131,Corn,Non-Irrigated,3031.681463494234,10856.45132077285,5103.0166248878095,18273.902533723245,2
1994,20131,Corn,Non-Irrigated,6885.620218329555,24657.40600183814,11329.575655501229,40571.21042234989,2
1995,20131,Corn,Non-Irrigated,4839.392149801355,17329.863288438653,7789.475561483116,27894.111985671036,2
1996,20131,Corn,Non-Irrigated,8467.367068848287,30321.641473545715,13338.143084731362,47763.89038642301,2
1997,20131,Corn,Non-Irrigated,6546.67446464697,23443.6412579008,10099.328105097771,36165.69394435512,2
1998,20131,Corn,Non-Irrigated,7714.154282886985,27624.386487018295,11655.967862751122,41740.02091651177,2
1999,20131,Corn,Non-Irrigated,5328.980460676201,19083.07902968147,7889.903932944622,28253.74598387469,2
2000,20131,Corn,Non-Irrigated,7255.94983809386,25983.55637021411,10532.425457025518,37716.61556160838,2
2001,20131,Corn,Non-Irrigated,8279.063872357961,29647.32772691386,11787.780100294352,42212.04053915408,2
2002,20131,Corn,Non-Irrigated,1763.773273792712,6316.072093451701,2460.495100806915,8811.032955989564,2
2003,20131,Corn,Non-Irrigated,2447.9415543742266,8766.078706214106,3358.073670744131,12025.261814934733,2
2004,20131,Corn,Non-Irrigated,10199.756476559276,36525.32794255877,13727.3030241447,49157.47212946218,2
2005,20131,Corn,Non-Irrigated,6810.298939733425,24387.680503185395,9000.89279223754,32232.19708900263,2
2006,20131,Corn,Non-Irrigated,6013.148741257715,21533.08564244388,7808.305881132148,27961.54336033422,2
2007,20131,Corn,Non-Irrigated,7933.841345459031,28411.08585808879,10124.435197963146,36255.60244390603,2
2008,20131,Corn,Non-Irrigated,8925.57151364141,31962.471590349887,11197.763417958002,40099.190799707605,2
2009,20131,Corn,Non-Irrigated,9936.132001472824,35581.288697274176,12258.538091520166,43897.82490573371,2
2010,20131,Corn,Non-Irrigated,7011.155682656439,25106.94849959271,8505.02770814635,30456.50422287208,2
2011,20131,Corn,Non-Irrigated,8699.60767785302,31153.295094391666,10388.059673049602,37199.64168919063,2
2012,20131,Corn,Non-Irrigated,3998.304538811237,14317.92855348304,4695.026365825439,16812.8894160209,2
2013,20131,Corn,Non-Irrigated,9816.873310362282,35154.22332440733,11354.682748366604,40661.11892190081,2
2014,20131,Corn,Non-Irrigated,9019.723111886571,32299.628463665817,10268.800981939065,36772.576316323786,2
2015,20131,Corn,Non-Irrigated,10475.93449807842,37514.321437618826,11750.119460996286,42077.1777898277,2
2016,20131,Corn,Non-Irrigated,9044.83020475195,32389.53696321673,9992.622960419918,35783.58282126373,2
2017,20131,Corn,Non-Irrigated,5178.337903483941,18543.628032375993,5636.542348277065,20184.45814918017,2
2018,20131,Corn,Non-Irrigated,5040.2488927243685,18049.131284845964,5404.30173927233,19352.804528334214,2
2019,20131,Corn,Non-Irrigated,9321.008226271091,33378.530458276786,9854.533949660346,35289.0860737337,2
2020,20131,Corn,Non-Irrigated,11655.967862751122,41740.02091651177,12151.832946842313,43515.71378264232,2
2021,20131,Corn,Non-Irrigated,12013.74393608274,43021.2170351123,12346.41291654898,44212.5046541619,2
1990,20139,Corn,Irrigated,8172.358727680109,29265.21660382247,12478.225154092212,44684.52427680421,2
1991,20139,Corn,Irrigated,6728.700887920951,24095.477879644925,10111.88165153046,36210.648194130576,2
1992,20139,Corn,Irrigated,8881.634101127001,31805.13171613579,13143.563115024692,47067.09951490342,2
1993,20139,Corn,Irrigated,4512.999942551459,16161.052794276771,6578.058330728691,23556.02688233944,2
1994,20139,Corn,Irrigated,6691.040248622885,23960.61513031855,9603.46302100658,34390.001078224566,2
1995,20139,Corn,Irrigated,7029.986002305472,25174.379874255897,9942.408774689166,35603.7658221619,2
1996,20139,Corn,Irrigated,10074.221012232392,36075.7854448042,14041.141684961907,50281.32837384859,2
1997,20139,Corn,Irrigated,9760.382351415185,34951.92920041778,13407.187590111149,48011.13876018803,2
1998,20139,Corn,Irrigated,9603.46302100658,34390.001078224566,13005.47410426512,46572.6027673734,2
1999,20139,Corn,Irrigated,8913.017967208722,31917.51734057443,11900.762018188549,42616.62878713319,2
2000,20139,Corn,Irrigated,9270.79404054034,33198.71345917495,12208.323905789412,43718.00790663188,2
2001,20139,Corn,Irrigated,8517.58125457904,30501.45847264754,11065.951180414771,39627.171177065306,2
2002,20139,Corn,Irrigated,8115.867768733013,29062.92247983292,10400.61321948229,37244.59593896608,2
2003,20139,Corn,Irrigated,9791.766217496906,35064.314824856425,12384.073555847048,44347.36740348828,2
2004,20139,Corn,Irrigated,11561.816264505962,41402.86404319585,14430.301624375248,51674.91011688776,2
2005,20139,Corn,Irrigated,10155.819064044868,36367.988068344675,12509.609020173932,44796.909901242856,2
2006,20139,Corn,Irrigated,9666.230753170024,34614.77232710185,11756.396234212632,42099.65491471544,2
2007,20139,Corn,Irrigated,9641.123660304644,34524.86382755094,11580.646584154994,41470.29541785904,2
2008,20139,Corn,Irrigated,11511.602078775208,41223.04704409402,13651.98174554857,48887.74663080943,2
2009,20139,Corn,Irrigated,10821.157024977349,38750.56330644389,12679.081897015223,45403.79227321152,2
2010,20139,Corn,Irrigated,8015.439397271506,28703.288481629264,9277.070813756683,33221.190584062686,2
2011,20139,Corn,Irrigated,8994.616019021198,32209.71996411491,10287.631301588097,36840.007690986975,2
2012,20139,Corn,Irrigated,9509.311422761417,34052.84420490864,10745.83574638122,38480.83780779115,2
2013,20139,Corn,Irrigated,11065.951180414771,39627.171177065306,12358.966462981673,44257.45890393737,2
2014,20139,Corn,Irrigated,11674.798182400156,41807.45229117496,12886.21541315458,46145.53739450656,2
2015,20139,Corn,Irrigated,10281.35452837175,36817.53056609924,11222.870510823375,40189.09929925851,2
2016,20139,Corn,Irrigated,10249.970662290032,36705.144941660605,11059.674407198429,39604.69405217757,2
2017,20139,Corn,Irrigated,11448.834346611768,40998.27579521674,12214.600679005756,43740.485031519616,2
2018,20139,Corn,Irrigated,10839.98734462638,38817.99468110707,11436.280800179076,40953.32154544127,2
2019,20139,Corn,Irrigated,10990.629901818642,39357.44567841256,11473.941439477145,41088.18429476765,2
2020,20139,Corn,Irrigated,12327.58259689995,44145.07327949872,12729.29608274598,45583.60927231335,2
2021,20139,Corn,Irrigated,12308.752277250916,44077.64190483553,12572.376752337375,45021.68115012014,2
1990,20139,Corn,Non-Irrigated,4990.034706993615,17869.314285744134,6609.442196810411,23668.41250677808,2
1991,20139,Corn,Non-Irrigated,3263.9220724989686,11688.104941618809,4280.7593335467245,15329.39917343082,2
1992,20139,Corn,Non-Irrigated,7437.976261367841,26635.39299195824,9666.230753170024,34614.77232710185,2
1993,20139,Corn,Non-Irrigated,4337.250292493821,15531.693297420372,5580.0513893299685,19982.164025190617,2
1994,20139,Corn,Non-Irrigated,5799.738451902014,20768.863396261113,7394.038848853433,26478.05311774414,2
1995,20139,Corn,Non-Irrigated,4864.499242666731,17419.771787989564,6144.960978800943,22005.105265086175,2
1996,20139,Corn,Non-Irrigated,7149.24469341601,25601.44524712273,8944.401833290443,32029.902965013076,2
1997,20139,Corn,Non-Irrigated,7287.333704175581,26095.941994652756,9032.27665831926,32344.582713441272,2
1998,20139,Corn,Non-Irrigated,6854.2363522478345,24545.020377399494,8417.152883117531,30141.82447444388,2
1999,20139,Corn,Non-Irrigated,4199.16128173425,15037.19654989035,5109.293398104155,18296.37965861098,2
2000,20139,Corn,Non-Irrigated,4669.919272960064,16722.980916469987,5630.265575060721,20161.981024292443,2
2001,20139,Corn,Non-Irrigated,5454.515925003085,19532.621527436047,6521.5673717815935,23353.732758349885,2
2002,20139,Corn,Non-Irrigated,3226.2614332009034,11553.242192292437,3822.5548887536,13688.56905662664,2
2003,20139,Corn,Non-Irrigated,4544.38380863318,16273.438418715416,5335.257233892545,19105.556154569203,2
2004,20139,Corn,Non-Irrigated,9239.41017445862,33086.327834736316,10758.389292813908,38525.79205756661,2
2005,20139,Corn,Non-Irrigated,5881.336503714488,21061.06601980158,6785.191846868048,24297.77200363448,2
2006,20139,Corn,Non-Irrigated,5178.337903483941,18543.628032375993,5925.273916228897,21218.40589401568,2
2007,20139,Corn,Non-Irrigated,6885.620218329555,24657.40600183814,7814.582654348492,27984.02048522195,2
2008,20139,Corn,Non-Irrigated,5536.113976815558,19824.82415097651,6226.559030613417,22297.30788862665,2
2009,20139,Corn,Non-Irrigated,7940.118118675376,28433.56298297652,8862.803781477967,31737.7003414726,2
2010,20139,Corn,Non-Irrigated,4582.044447931245,16408.301168041788,5071.632758806089,18161.516909284604,2
2011,20139,Corn,Non-Irrigated,3213.7078867682153,11508.28794251698,3527.546547585424,12632.144186903402,2
2012,20139,Corn,Non-Irrigated,1293.0152825668993,4630.287726872066,1405.997200461094,5034.8759748511775,2
2013,20139,Corn,Non-Irrigated,6816.575712949769,24410.15762807312,7362.654982771712,26365.6674933055,2
2014,20139,Corn,Non-Irrigated,7776.922015050428,27849.157735895584,8329.278058088712,29827.14472601568,2
2015,20139,Corn,Non-Irrigated,8266.510325925272,29602.373477138397,8787.48250288184,31467.974842819865,2
2016,20139,Corn,Non-Irrigated,7293.610477391926,26118.41911954049,7689.047190021609,27534.47798746738,2
2017,20139,Corn,Non-Irrigated,8837.696688612592,31647.79184192169,9245.686947674963,33108.804959624045,2
2018,20139,Corn,Non-Irrigated,3872.769074484353,13868.386055728468,4023.411631676613,14407.83705303395,2
2019,20139,Corn,Non-Irrigated,6339.5409485076125,22701.89613660576,6534.12091821428,23398.687008125336,2
2020,20139,Corn,Non-Irrigated,8329.278058088712,29827.14472601568,8517.58125457904,30501.45847264754,2
2021,20139,Corn,Non-Irrigated,7136.691146983321,25556.49099734727,7243.396291661173,25938.60212043866,2
1990,20149,Corn,Irrigated,8442.259975982908,30231.732973994793,12584.93029877006,45066.63539989559,2
1991,20149,Corn,Irrigated,7626.279457858168,27309.7067385901,11204.040191174345,40121.66792459533,2
1992,20149,Corn,Irrigated,9923.578455040131,35536.33444749872,14367.533892211806,51450.13886801048,2
1993,20149,Corn,Irrigated,4287.036106763068,15351.876298318548,6119.853885935566,21915.19676553526,2
1994,20149,Corn,Irrigated,8210.019366978177,29400.07935314885,11549.262718073272,41357.90979342039,2
1995,20149,Corn,Irrigated,6910.727311194931,24747.314501389046,9590.909474573891,34345.04682844911,2
1996,20149,Corn,Irrigated,10482.211271294764,37536.79856250655,14342.42679934643,51360.23036845956,2
1997,20149,Corn,Irrigated,9766.65912463153,34974.40632530551,13187.500527539103,47224.43938911753,2
1998,20149,Corn,Irrigated,9377.49918521819,33580.82458226634,12490.778700524896,44729.47852657966,2
1999,20149,Corn,Irrigated,8611.732852824201,30838.615345963462,11323.298882284884,40548.73329746217,2
2000,20149,Corn,Irrigated,9007.169565453885,32254.674213890365,11687.351728832844,41852.40654095041,2
2001,20149,Corn,Irrigated,9490.481103112385,33985.41283024545,12158.109720058656,43538.19090753005,2
2002,20149,Corn,Irrigated,8605.456079607857,30816.138221075733,10883.924757140792,38975.33455532118,2
2003,20149,Corn,Irrigated,10136.988744395834,36300.55669368148,12660.25157736619,45336.36089854833,2
2004,20149,Corn,Irrigated,12107.895534327905,43358.37390842823,14938.720254899126,53495.55723279377,2
2005,20149,Corn,Irrigated,10325.291940886162,36974.870440313345,12584.93029877006,45066.63539989559,2
2006,20149,Corn,Irrigated,9992.622960419918,35783.58282126373,12032.574255731774,43088.64840977548,2
2007,20149,Corn,Irrigated,10061.667465799706,36030.831195028746,11969.806523568332,42863.87716089819,2
2008,20149,Corn,Irrigated,11888.20847175586,42571.67453735773,13978.373952798464,50056.5571249713,2
2009,20149,Corn,Irrigated,11078.50472684746,39672.12542684075,12873.661866721894,46100.5831447311,2
2010,20149,Corn,Irrigated,8925.57151364141,31962.471590349887,10256.247435506377,36727.62206654833,2
2011,20149,Corn,Irrigated,9540.69528884314,34165.22982934728,10833.710571410038,38795.51755621935,2
2012,20149,Corn,Irrigated,9911.024908607444,35491.380197723265,11128.718912578215,39851.94242594259,2
2013,20149,Corn,Irrigated,11844.27105924145,42414.33466314363,13156.11666145738,47112.05376467888,2
2014,20149,Corn,Irrigated,12020.020709299086,43043.69416000003,13200.05407397179,47269.39363889298,2
2015,20149,Corn,Irrigated,10796.049932111971,38660.65480689298,11731.289141347252,42009.74641516451,2
2016,20149,Corn,Irrigated,10789.773158895629,38638.17768200525,11599.476903804029,41537.726792522226,2
2017,20149,Corn,Irrigated,12145.55617362597,43493.2366577546,12917.599279236303,46257.9230189452,2
2018,20149,Corn,Irrigated,10570.086096323585,37851.47831093475,11122.44213936187,39829.46530105486,2
2019,20149,Corn,Irrigated,10651.684148136055,38143.68093447522,11091.058273280149,39717.07967661621,2
2020,20149,Corn,Irrigated,12723.019309529633,45561.13214742561,13112.179248942972,46954.71389046478,2
2021,20149,Corn,Irrigated,13156.11666145738,47112.05376467888,13419.741136543837,48056.09300996348,2
1990,20149,Corn,Non-Irrigated,7042.539548738159,25219.33412403135,10180.926156910244,36457.89656789558,2
1991,20149,Corn,Non-Irrigated,4456.508983604361,15958.758670287216,6352.0944949403,22746.850386381215,2
1992,20149,Corn,Non-Irrigated,8856.527008261624,31715.223216584876,12465.671607659522,44639.57002702875,2
1993,20149,Corn,Non-Irrigated,4406.294797873607,15778.941671185388,6119.853885935566,21915.19676553526,2
1994,20149,Corn,Non-Irrigated,5542.390750031903,19847.301275864244,7601.17236499279,27219.79823903918,2
1995,20149,Corn,Non-Irrigated,5347.810780325233,19150.51040434466,7237.119518444828,25916.12499555093,2
1996,20149,Corn,Non-Irrigated,8398.3225634685,30074.3930997807,11229.147284039722,40211.576424146246,2
1997,20149,Corn,Non-Irrigated,6879.34344511321,24634.92887695041,9082.490844050011,32524.399712543094,2
1998,20149,Corn,Non-Irrigated,8046.823263353226,28815.6741060679,10494.764817727451,37581.752812282,2
1999,20149,Corn,Non-Irrigated,6257.942896695138,22409.69351306529,8065.653583002259,28883.10548073109,2
2000,20149,Corn,Non-Irrigated,7274.780157742894,26050.9877448773,9264.517267323996,33176.23633428723,2
2001,20149,Corn,Non-Irrigated,6860.513125464177,24567.49750228722,8630.563172473234,30906.04672062665,2
2002,20149,Corn,Non-Irrigated,1876.7551916869068,6720.660341430813,2334.959636480032,8361.490458234994,2
2003,20149,Corn,Non-Irrigated,5944.10423587793,21285.837268678864,7306.164023824615,26163.373369315945,2
2004,20149,Corn,Non-Irrigated,10475.93449807842,37514.321437618826,12735.572855962322,45606.08639720108,2
2005,20149,Corn,Non-Irrigated,7287.333704175581,26095.941994652756,8756.098636800118,31355.58921838122,2
2006,20149,Corn,Non-Irrigated,4851.945696234044,17374.81753821411,5768.354585820293,20656.47777182247,2
2007,20149,Corn,Non-Irrigated,7896.180706160965,28276.223108762417,9283.347586973028,33243.667708950416,2
2008,20149,Corn,Non-Irrigated,9107.59793691539,32614.308212094013,10588.916415972615,37918.90968559794,2
2009,20149,Corn,Non-Irrigated,9829.426856794971,35199.17757418279,11304.468562635851,40481.301922798986,2
2010,20149,Corn,Non-Irrigated,6590.611877161378,23600.981132114895,7500.743993531284,26860.16424083553,2
2011,20149,Corn,Non-Irrigated,5736.9707197385715,20544.092147383824,6458.799639618152,23128.9615094726,2
2012,20149,Corn,Non-Irrigated,4450.232210388017,15936.281545399488,4958.650840911895,17756.928661305497,2
2013,20149,Corn,Non-Irrigated,9120.15148334808,32659.26246186947,10061.667465799706,36030.831195028746,2
2014,20149,Corn,Non-Irrigated,8831.419915396247,31625.31471703396,9641.123660304644,34524.86382755094,2
2015,20149,Corn,Non-Irrigated,9446.543690597977,33828.072956031356,10206.03324977562,36547.80506744649,2
2016,20149,Corn,Non-Irrigated,8624.28639925689,30883.56959573892,9226.856628025933,33041.37358496086,2
2017,20149,Corn,Non-Irrigated,8366.93869738678,29962.00747534206,8862.803781477967,31737.7003414726,2
2018,20149,Corn,Non-Irrigated,4946.0972944792065,17711.97441153004,5190.8914499166285,18588.582282151445,2
2019,20149,Corn,Non-Irrigated,8843.973461828937,31670.26896680942,9189.195988727866,32906.510835634486,2
2020,20149,Corn,Non-Irrigated,10538.702230241865,37739.09268649611,10839.98734462638,38817.99468110707,2
2021,20149,Corn,Non-Irrigated,10130.711971179491,36278.07956879376,10325.291940886162,36974.870440313345,2
1990,20161,Corn,Irrigated,7845.966520430214,28096.406109660595,12283.64518438554,43987.73340528462,2
1991,20161,Corn,Irrigated,6571.781557512346,23533.54975745171,10118.158424746802,36233.1253190183,2
1992,20161,Corn,Irrigated,8768.652183232805,31400.543468156677,13275.37535256792,47539.11913754572,2
1993,20161,Corn,Irrigated,4186.607735301562,14992.242300114893,6232.835803829761,22319.785013514374,2
1994,20161,Corn,Irrigated,7287.333704175581,26095.941994652756,10676.791241001432,38233.58943402613,2
1995,20161,Corn,Irrigated,7149.24469341601,25601.44524712273,10312.738394453472,36929.916190537886,2
1996,20161,Corn,Irrigated,9754.105578198842,34929.452075530055,13852.838488471583,49607.01462721674,2
1997,20161,Corn,Irrigated,9678.78429960271,34659.72657687731,13532.72305443803,48460.68125794259,2
1998,20161,Corn,Irrigated,9082.490844050011,32524.399712543094,12509.609020173932,44796.909901242856,2
1999,20161,Corn,Irrigated,8505.02770814635,30456.50422287208,11536.709171640588,41312.95554364494,2
2000,20161,Corn,Irrigated,9201.749535160552,32951.46508540994,12302.475504034574,44055.16477994781,2
2001,20161,Corn,Irrigated,8580.34898674248,30726.229721524815,11304.468562635851,40481.301922798986,2
2002,20161,Corn,Irrigated,8009.162624055161,28680.81135674153,10400.61321948229,37244.59593896608,2
2003,20161,Corn,Irrigated,9785.489444280562,35041.83769996869,12528.439339822962,44864.34127590603,2
2004,20161,Corn,Irrigated,11674.798182400156,41807.45229117496,14744.140285192456,52798.76636127418,2
2005,20161,Corn,Irrigated,10475.93449807842,37514.321437618826,13049.411516779532,46729.942641587506,2
2006,20161,Corn,Irrigated,9766.65912463153,34974.40632530551,12001.190389650052,42976.26278533684,2
2007,20161,Corn,Irrigated,9685.061072819057,34682.20370176504,11743.842687779945,42054.70066493998,2
2008,20161,Corn,Irrigated,11317.02210906854,40526.256172574445,13545.27660087072,48505.63550771805,2
2009,20161,Corn,Irrigated,11178.933098308966,40031.75942504441,13206.330847188134,47291.87076378071,2
2010,20161,Corn,Irrigated,8605.456079607857,30816.138221075733,10036.560372934327,35940.92269547783,2
2011,20161,Corn,Irrigated,8887.910874343344,31827.608841023517,10231.140342640998,36637.713566997416,2
2012,20161,Corn,Irrigated,9754.105578198842,34929.452075530055,11091.058273280149,39717.07967661621,2
2013,20161,Corn,Irrigated,11360.959521582949,40683.59604678854,12760.6799488277,45695.99489675199,2
2014,20161,Corn,Irrigated,11737.5659145636,42032.22354005225,13024.304423914153,46640.03414203658,2
2015,20161,Corn,Irrigated,10607.746735621648,37986.34106026112,11630.860769885749,41650.11241696087,2
2016,20161,Corn,Irrigated,10507.318364160144,37626.707062057474,11379.789841231985,40751.02742145173,2
2017,20161,Corn,Irrigated,11511.602078775208,41223.04704409402,12321.305823683608,44122.596154611,2
2018,20161,Corn,Irrigated,11040.844087549394,39537.26267751438,11681.0749556165,41829.92941606269,2
2019,20161,Corn,Irrigated,11185.20987152531,40054.23654993214,11699.905275265535,41897.360790725885,2
2020,20161,Corn,Irrigated,12421.734195145113,44482.23015281465,12848.554773856516,46010.67464518018,2
2021,20161,Corn,Irrigated,12641.421257717158,45268.92952388514,12923.876052452646,46280.40014383292,2
1990,20161,Corn,Non-Irrigated,4933.543748046517,17667.02016175458,8423.429656333876,30164.301599331608,2
1991,20161,Corn,Non-Irrigated,3081.8956492249877,11036.26831987468,5153.230810618563,18453.719532825075,2
1992,20161,Corn,Non-Irrigated,7783.198788266771,27871.634860783302,12741.849629178663,45628.5635220888,2
1993,20161,Corn,Non-Irrigated,3044.235009926923,10901.405570548312,4883.329562315765,17487.203162652753,2
1994,20161,Corn,Non-Irrigated,7111.584054117945,25466.58249779636,11178.933098308966,40031.75942504441,2
1995,20161,Corn,Non-Irrigated,5184.614676700285,18566.10515726372,7996.609077622474,28635.85710696608,2
1996,20161,Corn,Non-Irrigated,5925.273916228897,21218.40589401568,8963.232152939476,32097.33433967626,2
1997,20161,Corn,Non-Irrigated,5969.211328743306,21375.74576822978,8862.803781477967,31737.7003414726,2
1998,20161,Corn,Non-Irrigated,7306.164023824615,26163.373369315945,10645.407374919714,38121.203809587496,2
1999,20161,Corn,Non-Irrigated,6778.915073651704,24275.29487874675,9703.891392468087,34749.63507642822,2
2000,20161,Corn,Non-Irrigated,5002.588253426304,17914.268535519594,7036.262775521815,25196.856999143616,2
2001,20161,Corn,Non-Irrigated,4481.616076469738,16048.66716983813,6188.8983913153515,22162.445139300275,2
2002,20161,Corn,Non-Irrigated,941.5159824516256,3371.568733159271,1280.4617361342105,4585.333477096608,2
2003,20161,Corn,Non-Irrigated,3402.011083258541,12182.601689148834,4544.38380863318,16273.438418715416,2
2004,20161,Corn,Non-Irrigated,8875.357327910657,31782.65459124806,11655.967862751122,41740.02091651177,2
2005,20161,Corn,Non-Irrigated,6421.139000320086,22994.098760146226,8297.894192006992,29714.75910157704,2
2006,20161,Corn,Non-Irrigated,3571.483960099833,12789.484061117502,4538.107035416835,16250.961293827686,2
2007,20161,Corn,Non-Irrigated,7337.547889906336,26275.75899375459,9182.919215511522,32884.03371074676,2
2008,20161,Corn,Non-Irrigated,8040.546490136881,28793.196981180172,9904.7481353911,35468.90307283553,2
2009,20161,Corn,Non-Irrigated,8668.223811771299,31040.90946995302,10519.871910592828,37671.66131183292,2
2010,20161,Corn,Non-Irrigated,6703.593795055574,24005.569380094013,8009.162624055161,28680.81135674153,2
2011,20161,Corn,Non-Irrigated,5372.9178731906095,19240.418903895577,6326.987402074924,22656.941886830304,2
2012,20161,Corn,Non-Irrigated,3891.5993941333854,13935.817430391651,4512.999942551459,16161.052794276771,2
2013,20161,Corn,Non-Irrigated,7293.610477391926,26118.41911954049,8341.831604521403,29872.098975791145,2
2014,20161,Corn,Non-Irrigated,6578.058330728691,23556.02688233944,7419.14594171881,26567.96161729506,2
2015,20161,Corn,Non-Irrigated,9415.159824516257,33715.68733159271,10469.657724862078,37491.844312731104,2
2016,20161,Corn,Non-Irrigated,8203.74259376183,29377.602228261112,8994.616019021198,32209.71996411491,2
2017,20161,Corn,Non-Irrigated,6860.513125464177,24567.49750228722,7419.14594171881,26567.96161729506,2
2018,20161,Corn,Non-Irrigated,6019.42551447406,21555.56276733161,6421.139000320086,22994.098760146226,2
2019,20161,Corn,Non-Irrigated,8335.554831305059,29849.621850903415,8781.205729665495,31445.497717932136,2
2020,20161,Corn,Non-Irrigated,9917.30168182379,35513.857322610995,10306.461621237126,36907.43906565015,2
2021,20161,Corn,Non-Irrigated,9735.275258549807,34862.02070086686,9986.346187203577,35761.105696376,2
1990,20177,Corn,Irrigated,8348.108377737746,29894.576100678867,11492.771759126175,41155.61566943083,2
1991,20177,Corn,Irrigated,8348.108377737746,29894.576100678867,11360.959521582949,40683.59604678854,2
1992,20177,Corn,Irrigated,10281.35452837175,36817.53056609924,13840.284942038896,49562.06037744129,2
1993,20177,Corn,Irrigated,6496.460278916216,23263.82425879897,8649.393492122268,30973.47809528984,2
1994,20177,Corn,Irrigated,7293.610477391926,26118.41911954049,9603.46302100658,34390.001078224566,2
1995,20177,Corn,Irrigated,7701.6007364542975,27579.43223724284,10030.283599717985,35918.445570590105,2
1996,20177,Corn,Irrigated,10576.362869539927,37873.95543582248,13626.874652683196,48797.83813125852,2
1997,20177,Corn,Irrigated,10764.666066030251,38548.269182454336,13721.026250928357,49134.99500457444,2
1998,20177,Corn,Irrigated,9741.552031766152,34884.49782575459,12289.921957601886,44010.21053017235,2
1999,20177,Corn,Irrigated,9390.052731650878,33625.7788320418,11725.01236813091,41987.26929027679,2
2000,20177,Corn,Irrigated,9490.481103112385,33985.41283024545,11725.01236813091,41987.26929027679,2
2001,20177,Corn,Irrigated,10275.077755155406,36795.05344121151,12566.099979121029,44999.2040252324,2
2002,20177,Corn,Irrigated,8975.785699372163,32142.288589451717,10871.371210708105,38930.38030554572,2
2003,20177,Corn,Irrigated,10425.720312347665,37334.50443851699,12497.055473741244,44751.9556514674,2
2004,20177,Corn,Irrigated,12164.386493275002,43560.66803241778,14442.855170807936,51719.86436666322,2
2005,20177,Corn,Irrigated,11116.165366145526,39806.98817616713,13068.24183642856,46797.37401625067,2
2006,20177,Corn,Irrigated,9722.72171211712,34817.06645109141,11317.02210906854,40526.256172574445,2
2007,20177,Corn,Irrigated,10714.451880299495,38368.4521833525,12352.689689765326,44234.98177904963,2
2008,20177,Corn,Irrigated,11580.646584154994,41470.29541785904,13225.161166837166,47359.30213844389,2
2009,20177,Corn,Irrigated,11907.03879140489,42639.10591202091,13469.955322274587,48235.9100090653,2
2010,20177,Corn,Irrigated,8366.93869738678,29962.00747534206,9377.49918521819,33580.82458226634,2
2011,20177,Corn,Irrigated,9986.346187203577,35761.105696376,11091.058273280149,39717.07967661621,2
2012,20177,Corn,Irrigated,9967.515867554544,35693.67432171282,10971.79958216961,39290.01430374937,2
2013,20177,Corn,Irrigated,11160.102778659935,39964.328050381235,12170.663266491343,43583.14515730551,2
2014,20177,Corn,Irrigated,11681.0749556165,41829.92941606269,12622.590938068126,45201.49814922196,2
2015,20177,Corn,Irrigated,10796.049932111971,38660.65480689298,11568.093037722309,41425.34116808358,2
2016,20177,Corn,Irrigated,9848.257176444004,35266.60894884598,10457.104178429388,37446.89006295563,2
2017,20177,Corn,Irrigated,12007.467162866398,42998.73991022457,12641.421257717158,45268.92952388514,2
2018,20177,Corn,Irrigated,10727.005426732188,38413.406433127966,11191.486644741655,40076.71367481987,2
2019,20177,Corn,Irrigated,11015.73699468402,39447.35417796347,11398.620160881012,40818.4587961149,2
2020,20177,Corn,Irrigated,11367.236294799291,40706.07317167626,11662.244635967469,41762.49804139951,2
2021,20177,Corn,Irrigated,12653.974804149848,45313.88377366061,12873.661866721894,46100.5831447311,2
1990,20177,Corn,Non-Irrigated,6847.95957903149,24522.543252511765,7193.182105930419,25758.78512133683,2
1991,20177,Corn,Non-Irrigated,5398.024966055987,19330.32740344649,5667.926214358786,20296.84377361881,2
1992,20177,Corn,Non-Irrigated,8542.688347444415,30591.366972198448,8975.785699372163,32142.288589451717,2
1993,20177,Corn,Non-Irrigated,5033.972119508025,18026.65415995824,5285.043048161791,18925.739155467378,2
1994,20177,Corn,Non-Irrigated,6377.201587805677,22836.75888593213,6697.31702183923,23983.09225520628,2
1995,20177,Corn,Non-Irrigated,6000.595194825027,21488.13139266842,6301.880309209547,22567.033387279385,2
1996,20177,Corn,Non-Irrigated,7802.029107915803,27939.06623544649,8197.465820545485,29355.125103373382,2
1997,20177,Corn,Non-Irrigated,7814.582654348492,27984.02048522195,8210.019366978177,29400.07935314885,2
1998,20177,Corn,Non-Irrigated,8172.358727680109,29265.21660382247,8586.625759958826,30748.706846412555,2
1999,20177,Corn,Non-Irrigated,5799.738451902014,20768.863396261113,6094.746793070189,21825.288265984345,2
2000,20177,Corn,Non-Irrigated,7017.432455872782,25129.42562448043,7368.931755988056,26388.14461819323,2
2001,20177,Corn,Non-Irrigated,6590.611877161378,23600.981132114895,6923.28085762762,24792.26875116451,2
2002,20177,Corn,Non-Irrigated,3527.546547585424,12632.144186903402,3703.29619764306,13261.503683759798,2
2003,20177,Corn,Non-Irrigated,5059.079212373401,18116.56265950915,5316.426914243512,19038.12477990602,2
2004,20177,Corn,Non-Irrigated,10312.738394453472,36929.916190537886,10833.710571410038,38795.51755621935,2
2005,20177,Corn,Non-Irrigated,7519.5743131803165,26927.59561549871,7896.180706160965,28276.223108762417,2
2006,20177,Corn,Non-Irrigated,5824.84554476739,20858.77189581202,6119.853885935566,21915.19676553526,2
2007,20177,Corn,Non-Irrigated,7952.671665108063,28478.517232751976,8354.385150954091,29917.0532255666,2
2008,20177,Corn,Non-Irrigated,8454.813522415596,30276.68722377025,8881.634101127001,31805.13171613579,2
2009,20177,Corn,Non-Irrigated,8178.635500896455,29287.693728710205,8592.902533175169,30771.18397130028,2
2010,20177,Corn,Non-Irrigated,5561.221069680935,19914.73265052743,5843.675864416422,20926.203270475205,2
2011,20177,Corn,Non-Irrigated,4324.696746061134,15486.73904764492,4544.38380863318,16273.438418715416,2
2012,20177,Corn,Non-Irrigated,3452.225268989294,12362.418688250662,3627.97491904693,12991.778185107056,2
2013,20177,Corn,Non-Irrigated,6923.28085762762,24792.26875116451,7274.780157742894,26050.9877448773,2
2014,20177,Corn,Non-Irrigated,6860.513125464177,24567.49750228722,7205.735652363107,25803.73937111229,2
2015,20177,Corn,Non-Irrigated,8530.134801011727,30546.412722422996,8963.232152939476,32097.33433967626,2
2016,20177,Corn,Non-Irrigated,7714.154282886985,27624.386487018295,8103.314222300323,29017.968230057457,2
2017,20177,Corn,Non-Irrigated,8680.777358203988,31085.86371972848,9120.15148334808,32659.26246186947,2
2018,20177,Corn,Non-Irrigated,4644.812180094686,16633.07241691907,4877.052789099421,17464.726037765027,2
2019,20177,Corn,Non-Irrigated,7525.85108639666,26950.07274038644,7902.457479377311,28298.70023365015,2
2020,20177,Corn,Non-Irrigated,8982.062472588506,32164.765714339443,9433.99014416529,33783.1187062559,2
2021,20177,Corn,Non-Irrigated,9044.83020475195,32389.53696321673,9503.034649545074,34030.36708002091,2
1990,20197,Corn,Irrigated,8172.358727680109,29265.21660382247,12653.974804149848,45313.88377366061,2
1991,20197,Corn,Irrigated,6728.700887920951,24095.477879644925,10243.693889073684,36682.66781677286,2
1992,20197,Corn,Irrigated,8894.18764755969,31850.085965911247,13325.589538298673,47718.93613664755,2
1993,20197,Corn,Irrigated,4512.999942551459,16161.052794276771,6653.379609324821,23825.752380992184,2
1994,20197,Corn,Irrigated,6703.593795055574,24005.569380094013,9728.998485333464,34839.54357597913,2
1995,20197,Corn,Irrigated,7029.986002305472,25174.379874255897,10049.113919367015,35985.87694525329,2
1996,20197,Corn,Irrigated,10105.604878314114,36188.17106924284,14229.444881452231,50955.64212048044,2
1997,20197,Corn,Irrigated,9760.382351415185,34951.92920041778,13538.999827654374,48483.15838283031,2
1998,20197,Corn,Irrigated,9603.46302100658,34390.001078224566,13124.73279537566,46999.66814024024,2
1999,20197,Corn,Irrigated,8969.508926155819,32119.811464563987,12082.788441462528,43268.46540887731,2
2000,20197,Corn,Irrigated,9308.454679838404,33333.57620850133,12358.966462981673,44257.45890393737,2
2001,20197,Corn,Irrigated,8517.58125457904,30501.45847264754,11147.549232227246,39919.37380060577,2
2002,20197,Corn,Irrigated,8210.019366978177,29400.07935314885,10595.19318918896,37941.38681048567,2
2003,20197,Corn,Irrigated,9867.087496093034,35334.04032350916,12566.099979121029,44999.2040252324,2
2004,20197,Corn,Irrigated,11693.628502049189,41874.88366583814,14687.64932624536,52596.47223728463,2
2005,20197,Corn,Irrigated,10551.25577667455,37784.04693627157,13074.518609644909,46819.85114113841,2
2006,20197,Corn,Irrigated,9798.04299071325,35086.79194974415,11982.36007000102,42908.83141067366,2
2007,20197,Corn,Irrigated,9678.78429960271,34659.72657687731,11687.351728832844,41852.40654095041,2
2008,20197,Corn,Irrigated,11511.602078775208,41223.04704409402,13721.026250928357,49134.99500457444,2
2009,20197,Corn,Irrigated,10852.54089105907,38862.94893088253,12773.233495260389,45740.94914652745,2
2010,20197,Corn,Irrigated,8291.617418790649,29692.281976689315,9634.8468870883,34502.38670266321,2
2011,20197,Corn,Irrigated,8994.616019021198,32209.71996411491,10325.291940886162,36974.870440313345,2
2012,20197,Corn,Irrigated,9703.891392468087,34749.63507642822,11003.183448251331,39402.39992818802,2
2013,20197,Corn,Irrigated,11097.335046496491,39739.55680150394,12434.287741577802,44527.18440259011,2
2014,20197,Corn,Irrigated,11768.949780645318,42144.60916449088,13030.581197130496,46662.51126692431,2
2015,20197,Corn,Irrigated,10293.90807480444,36862.4848158747,11260.531150121442,40323.962048584886,2
2016,20197,Corn,Irrigated,10249.970662290032,36705.144941660605,11084.781500063806,39694.60255172849,2
2017,20197,Corn,Irrigated,11612.030450236714,41582.68104229767,12409.180648712423,44437.27590303919,2
2018,20197,Corn,Irrigated,10833.710571410038,38795.51755621935,11448.834346611768,40998.27579521674,2
2019,20197,Corn,Irrigated,11084.781500063806,39694.60255172849,11580.646584154994,41470.29541785904,2
2020,20197,Corn,Irrigated,12471.948380875863,44662.04715191647,12886.21541315458,46145.53739450656,2
2021,20197,Corn,Irrigated,12528.439339822962,44864.34127590603,12804.617361342109,45853.33477096608,2
1990,20197,Corn,Non-Irrigated,6214.005484180729,22252.35363885119,8235.12645984355,29489.987852699753,2
1991,20197,Corn,Non-Irrigated,4205.438054950594,15059.673674778078,5517.283657166526,19757.39277631333,2
1992,20197,Corn,Non-Irrigated,8015.439397271506,28703.288481629264,10413.16676591498,37289.55018874154,2
1993,20197,Corn,Non-Irrigated,4004.5813120275807,14340.405678370766,5153.230810618563,18453.719532825075,2
1994,20197,Corn,Non-Irrigated,5674.2029875751305,20319.320898506543,7230.842745228485,25893.647870663204,2
1995,20197,Corn,Non-Irrigated,5347.810780325233,19150.51040434466,6753.807980786326,24185.386379195832,2
1996,20197,Corn,Non-Irrigated,6502.73705213256,23286.3013836867,8134.698088382045,29130.353854496105,2
1997,20197,Corn,Non-Irrigated,6370.9248145893325,22814.2817610444,7896.180706160965,28276.223108762417,2
1998,20197,Corn,Non-Irrigated,7714.154282886985,27624.386487018295,9471.650783463354,33917.98145558227,2
1999,20197,Corn,Non-Irrigated,5969.211328743306,21375.74576822978,7262.226611310205,26006.033495101845,2
2000,20197,Corn,Non-Irrigated,6113.577112719222,21892.719640647538,7375.2085292044,26410.621743080956,2
2001,20197,Corn,Non-Irrigated,5680.479760791474,20341.79802339427,6791.468620084392,24320.24912852221,2
2002,20197,Corn,Non-Irrigated,2385.1738222107847,8541.30745733682,2824.547947354876,10114.706199477812,2
2003,20197,Corn,Non-Irrigated,4971.204387344583,17801.88291108095,5837.399091200078,20903.72614558748,2
2004,20197,Corn,Non-Irrigated,9314.73145305475,33356.053333389056,10846.264117842728,38840.471805994806,2
2005,20197,Corn,Non-Irrigated,7023.709229089127,25151.902749368164,8109.590995516667,29040.445354945183,2
2006,20197,Corn,Non-Irrigated,4745.240551556192,16992.706415122724,5429.408832137707,19442.71302788513,2
2007,20197,Corn,Non-Irrigated,7732.9846025360175,27691.817861681477,8774.928956449152,31423.020593044417,2
2008,20197,Corn,Non-Irrigated,8511.304481362695,30478.98134775981,9578.355928141204,34300.09257867365,2
2009,20197,Corn,Non-Irrigated,8511.304481362695,30478.98134775981,9496.75787632873,34007.88995513318,2
2010,20197,Corn,Non-Irrigated,6044.532607339435,21645.471266882516,6691.040248622885,23960.61513031855,2
2011,20197,Corn,Non-Irrigated,2680.1821633789605,9597.732327060055,2943.806638465416,10541.771572344654,2
2012,20197,Corn,Non-Irrigated,3031.681463494234,10856.45132077285,3301.5827117970334,11822.967690945175,2
2013,20197,Corn,Non-Irrigated,7845.966520430214,28096.406109660595,8473.64384206463,30344.11859843344,2
2014,20197,Corn,Non-Irrigated,6816.575712949769,24410.15762807312,7299.887250608271,26140.89624442822,2
2015,20197,Corn,Non-Irrigated,8831.419915396247,31625.31471703396,9383.775958434537,33603.30170715407,2
2016,20197,Corn,Non-Irrigated,7274.780157742894,26050.9877448773,7670.216870372576,27467.046612804195,2
2017,20197,Corn,Non-Irrigated,8649.393492122268,30973.47809528984,9051.106977968291,32412.014088104457,2
2018,20197,Corn,Non-Irrigated,2975.1905045471367,10654.157196783295,3088.1724224413315,11058.745444762408,2
2019,20197,Corn,Non-Irrigated,7450.529807800531,26680.3472417337,7676.493643588919,27489.52373769192,2
2020,20197,Corn,Non-Irrigated,9019.723111886571,32299.628463665817,9220.579854809586,33018.89646007313,2
2021,20197,Corn,Non-Irrigated,8774.928956449152,31423.020593044417,8906.741193992379,31895.040215686706,2
1990,20209,Corn,Irrigated,5887.613276930832,21083.54314468931,8730.99154393474,31265.680718830303,2
1991,20209,Corn,Irrigated,3320.413031446066,11890.399065608362,4851.945696234044,17374.81753821411,2
1992,20209,Corn,Irrigated,7990.332304406129,28613.379982078342,11511.602078775208,41223.04704409402,2
1993,20209,Corn,Irrigated,4054.7954977583336,14520.222677472591,5762.077812603949,20634.00064693474,2
1994,20209,Corn,Irrigated,5787.184905469325,20723.90914648565,8109.590995516667,29040.445354945183,2
1995,20209,Corn,Irrigated,5172.061130267597,18521.150907488263,7149.24469341601,25601.44524712273,2
1996,20209,Corn,Irrigated,8793.759276098182,31490.45196770759,11988.636843217366,42931.30853556139,2
1997,20209,Corn,Irrigated,6025.702287690403,21578.039892219334,8103.314222300323,29017.968230057457,2
1998,20209,Corn,Irrigated,7858.520066862901,28141.36035943605,10431.997085564011,37356.981563404726,2
1999,20209,Corn,Irrigated,6038.255834123092,21622.994141994794,7908.734252593655,28321.177358537876,2
2000,20209,Corn,Irrigated,7682.770416805265,27512.000862579654,9936.132001472824,35581.288697274176,2
2001,20209,Corn,Irrigated,7550.9581792620365,27039.98123993735,9647.400433520988,34547.34095243866,2
2002,20209,Corn,Irrigated,3697.019424426716,13239.02655887207,4663.642499743718,16700.503791582254,2
2003,20209,Corn,Irrigated,4845.6689230177,17352.340413326383,6038.255834123092,21622.994141994794,2
2004,20209,Corn,Irrigated,10024.00682650164,35895.96844570237,12333.859370116295,44167.55040438646,2
2005,20209,Corn,Irrigated,7613.725911425478,27264.752488814636,9258.240494107651,33153.7592093995,2
2006,20209,Corn,Irrigated,6829.129259382457,24455.11187784858,8203.74259376183,29377.602228261112,2
2007,20209,Corn,Irrigated,7519.5743131803165,26927.59561549871,8925.57151364141,31962.471590349887,2
2008,20209,Corn,Irrigated,7682.770416805265,27512.000862579654,9013.446338670228,32277.151338778087,2
2009,20209,Corn,Irrigated,9258.240494107651,33153.7592093995,10739.558973164874,38458.36068290342,2
2010,20209,Corn,Irrigated,5366.641099974266,19217.941779007844,6157.5145252336315,22050.05951486163,2
2011,20209,Corn,Irrigated,2950.08341168176,10564.248697232382,3345.5201243114425,11980.307565159275,2
2012,20209,Corn,Irrigated,2592.3073383501423,9283.05257863186,2906.145999167351,10406.908823018284,2
2013,20209,Corn,Irrigated,6584.335103945035,23578.504007227173,7306.164023824615,26163.373369315945,2
2014,20209,Corn,Irrigated,9559.525608492171,34232.661204010474,10488.488044511108,37559.27568739428,2
2015,20209,Corn,Irrigated,8730.99154393474,31265.680718830303,9477.927556679697,33940.45858047,2
2016,20209,Corn,Irrigated,8505.02770814635,30456.50422287208,9132.70502978077,32704.216711644935,2
2017,20209,Corn,Irrigated,9565.802381708516,34255.138328898196,10168.372610477556,36412.94231812013,2
2018,20209,Corn,Irrigated,5429.408832137707,19442.71302788513,5711.863626873195,20454.183647832913,2
2019,20209,Corn,Irrigated,8492.474161713662,30411.549973096626,8837.696688612592,31647.79184192169,2
2020,20209,Corn,Irrigated,9622.293340655611,34457.43245288775,9911.024908607444,35491.380197723265,2
2021,20209,Corn,Irrigated,7569.788498911069,27107.412614600536,7720.43105610333,27646.863611906025,2
1990,20209,Corn,Non-Irrigated,5887.613276930832,21083.54314468931,8730.99154393474,31265.680718830303,2
1991,20209,Corn,Non-Irrigated,3320.413031446066,11890.399065608362,4851.945696234044,17374.81753821411,2
1992,20209,Corn,Non-Irrigated,7990.332304406129,28613.379982078342,11511.602078775208,41223.04704409402,2
1993,20209,Corn,Non-Irrigated,4054.7954977583336,14520.222677472591,5762.077812603949,20634.00064693474,2
1994,20209,Corn,Non-Irrigated,5787.184905469325,20723.90914648565,8109.590995516667,29040.445354945183,2
1995,20209,Corn,Non-Irrigated,5172.061130267597,18521.150907488263,7149.24469341601,25601.44524712273,2
1996,20209,Corn,Non-Irrigated,8793.759276098182,31490.45196770759,11988.636843217366,42931.30853556139,2
1997,20209,Corn,Non-Irrigated,6025.702287690403,21578.039892219334,8103.314222300323,29017.968230057457,2
1998,20209,Corn,Non-Irrigated,7858.520066862901,28141.36035943605,10431.997085564011,37356.981563404726,2
1999,20209,Corn,Non-Irrigated,6038.255834123092,21622.994141994794,7908.734252593655,28321.177358537876,2
2000,20209,Corn,Non-Irrigated,7682.770416805265,27512.000862579654,9936.132001472824,35581.288697274176,2
2001,20209,Corn,Non-Irrigated,7550.9581792620365,27039.98123993735,9647.400433520988,34547.34095243866,2
2002,20209,Corn,Non-Irrigated,3697.019424426716,13239.02655887207,4663.642499743718,16700.503791582254,2
2003,20209,Corn,Non-Irrigated,4845.6689230177,17352.340413326383,6038.255834123092,21622.994141994794,2
2004,20209,Corn,Non-Irrigated,10024.00682650164,35895.96844570237,12333.859370116295,44167.55040438646,2
2005,20209,Corn,Non-Irrigated,7613.725911425478,27264.752488814636,9258.240494107651,33153.7592093995,2
2006,20209,Corn,Non-Irrigated,6829.129259382457,24455.11187784858,8203.74259376183,29377.602228261112,2
2007,20209,Corn,Non-Irrigated,7519.5743131803165,26927.59561549871,8925.57151364141,31962.471590349887,2
2008,20209,Corn,Non-Irrigated,7682.770416805265,27512.000862579654,9013.446338670228,32277.151338778087,2
2009,20209,Corn,Non-Irrigated,9258.240494107651,33153.7592093995,10739.558973164874,38458.36068290342,2
2010,20209,Corn,Non-Irrigated,5366.641099974266,19217.941779007844,6157.5145252336315,22050.05951486163,2
2011,20209,Corn,Non-Irrigated,2950.08341168176,10564.248697232382,3345.5201243114425,11980.307565159275,2
2012,20209,Corn,Non-Irrigated,2592.3073383501423,9283.05257863186,2906.145999167351,10406.908823018284,2
2013,20209,Corn,Non-Irrigated,6584.335103945035,23578.504007227173,7306.164023824615,26163.373369315945,2
2014,20209,Corn,Non-Irrigated,9559.525608492171,34232.661204010474,10488.488044511108,37559.27568739428,2
2015,20209,Corn,Non-Irrigated,8730.99154393474,31265.680718830303,9477.927556679697,33940.45858047,2
2016,20209,Corn,Non-Irrigated,8505.02770814635,30456.50422287208,9132.70502978077,32704.216711644935,2
2017,20209,Corn,Non-Irrigated,9565.802381708516,34255.138328898196,10168.372610477556,36412.94231812013,2
2018,20209,Corn,Non-Irrigated,5429.408832137707,19442.71302788513,5711.863626873195,20454.183647832913,2
2019,20209,Corn,Non-Irrigated,8492.474161713662,30411.549973096626,8837.696688612592,31647.79184192169,2
2020,20209,Corn,Non-Irrigated,9622.293340655611,34457.43245288775,9911.024908607444,35491.380197723265,2
2021,20209,Corn,Non-Irrigated,7569.788498911069,27107.412614600536,7720.43105610333,27646.863611906025,2
1990,20005,Soybeans,Irrigated,3080.0942015728374,11076.018748855924,5016.921996448334,18040.851499228207,2
1991,20005,Soybeans,Irrigated,3154.0702631826653,11342.036666404863,5037.097285978288,18113.401840377923,2
1992,20005,Soybeans,Irrigated,3180.9706492226032,11438.770454604482,4990.021610408397,17944.117711028593,2
1993,20005,Soybeans,Irrigated,1546.7721972964032,5562.192821477866,2380.684164534464,8560.940255665932,2
1994,20005,Soybeans,Irrigated,3544.1258607617588,12744.676595299285,5359.901918457536,19274.2072987733,2
1995,20005,Soybeans,Irrigated,2629.5127354038855,9455.727796512372,3907.2810723009143,14050.582735994089,2
1996,20005,Soybeans,Irrigated,2770.7397621135574,9963.580184560353,4048.5080990105857,14558.435124042067,2
1997,20005,Soybeans,Irrigated,3375.9984480121498,12140.09041905169,4848.794583698725,17436.265322980613,2
1998,20005,Soybeans,Irrigated,2918.6918853332127,10495.616019658231,4122.484160620414,14824.453041591009,2
1999,20005,Soybeans,Irrigated,2817.8154376834473,10132.864313909677,3914.0061688108985,14074.766183043992,2
2000,20005,Soybeans,Irrigated,2703.488797013714,9721.745714061317,3698.8030804913983,13300.89587744707,2
2001,20005,Soybeans,Irrigated,3033.018526002947,10906.734619506598,4082.133581560507,14679.352359291586,2
2002,20005,Soybeans,Irrigated,2851.440920233369,10253.781549159195,3779.5042386112113,13591.097242045917,2
2003,20005,Soybeans,Irrigated,2696.7637005037295,9697.562267011412,3517.225474721821,12647.942807099667,2
2004,20005,Soybeans,Irrigated,3880.380686260977,13953.848947794477,4990.021610408397,17944.117711028593,2
2005,20005,Soybeans,Irrigated,3557.5760537817273,12793.043489399091,4505.814661689522,16202.90952343552,2
2006,20005,Soybeans,Irrigated,3140.620070162697,11293.66977230506,3920.7312653208824,14098.949630093894,2
2007,20005,Soybeans,Irrigated,3207.8710352625408,11535.504242804096,3947.631651360821,14195.683418293513,2
2008,20005,Soybeans,Irrigated,3073.3691050628536,11051.835301806022,3725.703466531336,13397.629665646686,2
2009,20005,Soybeans,Irrigated,3927.456361830867,14123.1330771438,4694.117363969084,16880.046040832825,2
2010,20005,Soybeans,Irrigated,3234.7714213024783,11632.238031003712,3813.129721161133,13712.014477295435,2
2011,20005,Soybeans,Irrigated,3228.046324792494,11608.054583953808,3752.603852571274,13494.3634538463,2
2012,20005,Soybeans,Irrigated,3261.6718073424154,11728.971819203323,3745.8787560612896,13470.180006796398,2
2013,20005,Soybeans,Irrigated,4055.2331955205696,14582.618571091967,4593.240916319319,16517.294335084272,2
2014,20005,Soybeans,Irrigated,4048.5080990105857,14558.435124042067,4525.989951219475,16275.459864585231,2
2015,20005,Soybeans,Irrigated,3893.830879280945,14002.215841894278,4297.336669880007,15453.222664888506,2
2016,20005,Soybeans,Irrigated,4169.559836190304,14993.737170940334,4539.440144239444,16323.82675868504,2
2017,20005,Soybeans,Irrigated,4398.213117529773,15815.974370637065,4727.742846519006,17000.963276082344,2
2018,20005,Soybeans,Irrigated,3967.806940890773,14268.23375944322,4216.635511760195,15163.021300289662,2
2019,20005,Soybeans,Irrigated,3826.579914181101,13760.38137139524,4014.882616460664,14437.517888792549,2
2020,20005,Soybeans,Irrigated,4337.687248939913,15598.323347187928,4499.089565179538,16178.72607638562,2
2021,20005,Soybeans,Irrigated,4741.1930395389745,17049.33017018215,4855.519680208709,17460.448770030518,2
1990,20005,Soybeans,Non-Irrigated,2125.1304971550585,7641.96926776959,4142.659450150367,14897.00338274072,2
1991,20005,Soybeans,Non-Irrigated,1661.0988379661374,5973.31142132623,3147.345166672681,11317.853219354962,2
1992,20005,Soybeans,Non-Irrigated,2414.3096470843857,8681.85749091545,4445.288793099662,15985.258499986385,2
1993,20005,Soybeans,Non-Irrigated,1802.325864675809,6481.163809374209,3234.7714213024783,11632.238031003712,2
1994,20005,Soybeans,Non-Irrigated,2696.7637005037295,9697.562267011412,4714.292653499037,16952.596381982537,2
1995,20005,Soybeans,Non-Irrigated,2064.6046285651987,7424.318244320455,3517.225474721821,12647.942807099667,2
1996,20005,Soybeans,Non-Irrigated,2683.31350748376,9649.1953729116,4458.738986119632,16033.625394086195,2
1997,20005,Soybeans,Non-Irrigated,2266.35752386473,8149.821655817569,3678.627790961446,13228.34553629736,2
1998,20005,Soybeans,Non-Irrigated,2421.03474359437,8706.040937965354,3833.3050106910864,13784.564818445147,2
1999,20005,Soybeans,Non-Irrigated,1923.3776018555277,6916.465856272477,2979.217753923072,10713.267043107367,2
2000,20005,Soybeans,Non-Irrigated,1795.6007681658243,6456.980362324304,2716.938990033682,9770.11260816112,2
2001,20005,Soybeans,Non-Irrigated,2616.0625423839165,9407.360902412564,3873.655589750992,13929.665500744568,2
2002,20005,Soybeans,Non-Irrigated,1687.9992240060749,6070.045209525845,2447.9351296343075,8802.77472616497,2
2003,20005,Soybeans,Non-Irrigated,1297.9436264269818,4667.405280631427,1842.6764437357149,6626.264491673631,2
2004,20005,Soybeans,Non-Irrigated,3201.145938752556,11511.320795754193,4445.288793099662,15985.258499986385,2
2005,20005,Soybeans,Non-Irrigated,2851.440920233369,10253.781549159195,3880.380686260977,13953.848947794477,2
2006,20005,Soybeans,Non-Irrigated,2743.8393760736194,9866.846396360736,3665.177597941477,13179.978642197551,2
2007,20005,Soybeans,Non-Irrigated,2831.2656307034163,10181.231208009483,3705.528177001383,13325.079324496974,2
2008,20005,Soybeans,Non-Irrigated,2616.0625423839165,9407.360902412564,3362.548254992181,12091.723524951882,2
2009,20005,Soybeans,Non-Irrigated,3544.1258607617588,12744.676595299285,4465.464082629616,16057.8088411361,2
2010,20005,Soybeans,Non-Irrigated,2367.2339715144954,8512.573361566125,2932.142078353182,10543.982913758044,2
2011,20005,Soybeans,Non-Irrigated,3006.11813996301,10810.000831306985,3651.727404921508,13131.611748097745,2
2012,20005,Soybeans,Non-Irrigated,1997.353663465355,7182.483773821418,2387.409261044448,8585.123702715835,2
2013,20005,Soybeans,Non-Irrigated,3241.4965178124626,11656.421478053617,3806.404624651149,13687.83103024553,2
2014,20005,Soybeans,Non-Irrigated,3826.579914181101,13760.38137139524,4411.663310549741,15864.34126473687,2
2015,20005,Soybeans,Non-Irrigated,2817.8154376834473,10132.864313909677,3194.420842242572,11487.13734870429,2
2016,20005,Soybeans,Non-Irrigated,3550.850957271743,12768.860042349188,3961.081844380789,14244.050312393318,2
2017,20005,Soybeans,Non-Irrigated,3833.3050106910864,13784.564818445147,4209.9104152502105,15138.837853239756,2
2018,20005,Soybeans,Non-Irrigated,3429.7992200920244,12333.55799545092,3705.528177001383,13325.079324496974,2
2019,20005,Soybeans,Non-Irrigated,3759.3289490812576,13518.546900896205,3994.70732693071,14364.967547642837,2
2020,20005,Soybeans,Non-Irrigated,3456.6996061319614,12430.291783650531,3618.101922371586,13010.694512848224,2
2021,20005,Soybeans,Non-Irrigated,3799.679528141164,13663.647583195629,3914.0061688108985,14074.766183043992,2
1990,20013,Soybeans,Irrigated,2542.0864807740886,9141.342984863622,4768.0934255789125,17146.06395838177,2
1991,20013,Soybeans,Irrigated,1963.7281809154335,7061.566538571899,3584.4764398216644,12889.777277598703,2
1992,20013,Soybeans,Irrigated,2844.715823723385,10229.598102109292,5063.997672018224,18210.135628577533,2
1993,20013,Soybeans,Irrigated,1930.1026983655115,6940.649303322381,3349.098061972212,12043.356630852071,2
1994,20013,Soybeans,Irrigated,2743.8393760736194,9866.846396360736,4653.766784909179,16734.945358533405,2
1995,20013,Soybeans,Irrigated,2185.656365744918,7859.620291218723,3618.101922371586,13010.694512848224,2
1996,20013,Soybeans,Irrigated,3093.5443945928064,11124.385642955733,5003.471803428365,17992.4846051284,2
1997,20013,Soybeans,Irrigated,2589.1621563439794,9310.62711421295,4095.583774580476,14727.719253391391,2
1998,20013,Soybeans,Irrigated,2891.7914992932756,10398.88223145862,4472.1891791396,16081.992288186002,2
1999,20013,Soybeans,Irrigated,2219.281848294839,7980.537526468242,3362.548254992181,12091.723524951882,2
2000,20013,Soybeans,Irrigated,2037.7042425252616,7327.584456120841,3019.5683329829785,10858.367725406792,2
2001,20013,Soybeans,Irrigated,3093.5443945928064,11124.385642955733,4492.364468669553,16154.542629335714,2
2002,20013,Soybeans,Irrigated,1620.7482589062313,5828.2107390268075,2306.7081029246356,8294.92233811699,2
2003,20013,Soybeans,Irrigated,1842.6764437357149,6626.264491673631,2568.986866814026,9238.076773063238,2
2004,20013,Soybeans,Irrigated,3449.974509621977,12406.10833660063,4721.017750009022,16976.779829032443,2
2005,20013,Soybeans,Irrigated,3678.627790961446,13228.34553629736,4936.2208383285215,17750.650134629363,2
2006,20013,Soybeans,Irrigated,2885.0664027832913,10374.698784408716,3799.679528141164,13663.647583195629,2
2007,20013,Soybeans,Irrigated,3382.7235445221336,12164.273866101592,4371.312731489835,15719.240582437444,2
2008,20013,Soybeans,Irrigated,2515.186094734151,9044.609196664009,3194.420842242572,11487.13734870429,2
2009,20013,Soybeans,Irrigated,3866.930493241008,13905.482053694665,4821.894197658788,17339.531534781,2
2010,20013,Soybeans,Irrigated,3012.843236472994,10834.184278356886,3692.0779839814145,13276.712430397169,2
2011,20013,Soybeans,Irrigated,3994.70732693071,14364.967547642837,4815.169101148802,17315.34808773109,2
2012,20013,Soybeans,Irrigated,2703.488797013714,9721.745714061317,3201.145938752556,11511.320795754193,2
2013,20013,Soybeans,Irrigated,3887.105782770961,13978.032394844377,4532.71504772946,16299.643311635138,2
2014,20013,Soybeans,Irrigated,4001.432423440695,14389.15099469274,4586.515819809335,16493.110888034367,2
2015,20013,Soybeans,Irrigated,3154.0702631826653,11342.036666404863,3557.5760537817273,12793.043489399091,2
2016,20013,Soybeans,Irrigated,4189.735125720257,15066.287512090044,4653.766784909179,16734.945358533405,2
2017,20013,Soybeans,Irrigated,3584.4764398216644,12889.777277598703,3920.7312653208824,14098.949630093894,2
2018,20013,Soybeans,Irrigated,3503.775281701852,12599.57591299986,3772.779142101227,13566.913794996011,2
2019,20013,Soybeans,Irrigated,3940.906554850835,14171.499971243606,4183.010029210273,15042.104065040145,2
2020,20013,Soybeans,Irrigated,3981.257133910742,14316.60065354303,4162.83473968032,14969.55372389043,2
2021,20013,Soybeans,Irrigated,4458.738986119632,16033.625394086195,4593.240916319319,16517.294335084272,2
1990,20013,Soybeans,Non-Irrigated,2542.0864807740886,9141.342984863622,4768.0934255789125,17146.06395838177,2
1991,20013,Soybeans,Non-Irrigated,1963.7281809154335,7061.566538571899,3584.4764398216644,12889.777277598703,2
1992,20013,Soybeans,Non-Irrigated,2844.715823723385,10229.598102109292,5063.997672018224,18210.135628577533,2
1993,20013,Soybeans,Non-Irrigated,1930.1026983655115,6940.649303322381,3349.098061972212,12043.356630852071,2
1994,20013,Soybeans,Non-Irrigated,2743.8393760736194,9866.846396360736,4653.766784909179,16734.945358533405,2
1995,20013,Soybeans,Non-Irrigated,2185.656365744918,7859.620291218723,3618.101922371586,13010.694512848224,2
1996,20013,Soybeans,Non-Irrigated,3093.5443945928064,11124.385642955733,5003.471803428365,17992.4846051284,2
1997,20013,Soybeans,Non-Irrigated,2589.1621563439794,9310.62711421295,4095.583774580476,14727.719253391391,2
1998,20013,Soybeans,Non-Irrigated,2891.7914992932756,10398.88223145862,4472.1891791396,16081.992288186002,2
1999,20013,Soybeans,Non-Irrigated,2219.281848294839,7980.537526468242,3362.548254992181,12091.723524951882,2
2000,20013,Soybeans,Non-Irrigated,2037.7042425252616,7327.584456120841,3019.5683329829785,10858.367725406792,2
2001,20013,Soybeans,Non-Irrigated,3093.5443945928064,11124.385642955733,4492.364468669553,16154.542629335714,2
2002,20013,Soybeans,Non-Irrigated,1620.7482589062313,5828.2107390268075,2306.7081029246356,8294.92233811699,2
2003,20013,Soybeans,Non-Irrigated,1842.6764437357149,6626.264491673631,2568.986866814026,9238.076773063238,2
2004,20013,Soybeans,Non-Irrigated,3449.974509621977,12406.10833660063,4721.017750009022,16976.779829032443,2
2005,20013,Soybeans,Non-Irrigated,3678.627790961446,13228.34553629736,4936.2208383285215,17750.650134629363,2
2006,20013,Soybeans,Non-Irrigated,2885.0664027832913,10374.698784408716,3799.679528141164,13663.647583195629,2
2007,20013,Soybeans,Non-Irrigated,3382.7235445221336,12164.273866101592,4371.312731489835,15719.240582437444,2
2008,20013,Soybeans,Non-Irrigated,2515.186094734151,9044.609196664009,3194.420842242572,11487.13734870429,2
2009,20013,Soybeans,Non-Irrigated,3866.930493241008,13905.482053694665,4821.894197658788,17339.531534781,2
2010,20013,Soybeans,Non-Irrigated,3012.843236472994,10834.184278356886,3692.0779839814145,13276.712430397169,2
2011,20013,Soybeans,Non-Irrigated,3994.70732693071,14364.967547642837,4815.169101148802,17315.34808773109,2
2012,20013,Soybeans,Non-Irrigated,2703.488797013714,9721.745714061317,3201.145938752556,11511.320795754193,2
2013,20013,Soybeans,Non-Irrigated,3887.105782770961,13978.032394844377,4532.71504772946,16299.643311635138,2
2014,20013,Soybeans,Non-Irrigated,4001.432423440695,14389.15099469274,4586.515819809335,16493.110888034367,2
2015,20013,Soybeans,Non-Irrigated,3154.0702631826653,11342.036666404863,3557.5760537817273,12793.043489399091,2
2016,20013,Soybeans,Non-Irrigated,4189.735125720257,15066.287512090044,4653.766784909179,16734.945358533405,2
2017,20013,Soybeans,Non-Irrigated,3584.4764398216644,12889.777277598703,3920.7312653208824,14098.949630093894,2
2018,20013,Soybeans,Non-Irrigated,3503.775281701852,12599.57591299986,3772.779142101227,13566.913794996011,2
2019,20013,Soybeans,Non-Irrigated,3940.906554850835,14171.499971243606,4183.010029210273,15042.104065040145,2
2020,20013,Soybeans,Non-Irrigated,3981.257133910742,14316.60065354303,4162.83473968032,14969.55372389043,2
2021,20013,Soybeans,Non-Irrigated,4458.738986119632,16033.625394086195,4593.240916319319,16517.294335084272,2
1990,20045,Soybeans,Irrigated,3631.552115391555,13059.061406948033,3772.779142101227,13566.913794996011,2
1991,20045,Soybeans,Irrigated,3537.4007642517745,12720.49314824938,3698.8030804913983,13300.89587744707,2
1992,20045,Soybeans,Irrigated,3880.380686260977,13953.848947794477,4075.4084850505233,14655.168912241685,2
1993,20045,Soybeans,Irrigated,2656.413121443823,9552.461584711988,2804.3652446634787,10084.49741980987,2
1994,20045,Soybeans,Irrigated,3725.703466531336,13397.629665646686,3961.081844380789,14244.050312393318,2
1995,20045,Soybeans,Irrigated,2091.5050146051367,7521.052032520071,2232.732041314808,8028.90442056805,2
1996,20045,Soybeans,Irrigated,4001.432423440695,14389.15099469274,4297.336669880007,15453.222664888506,2
1997,20045,Soybeans,Irrigated,3887.105782770961,13978.032394844377,4196.460222230241,15090.470959139948,2
1998,20045,Soybeans,Irrigated,3530.67566774179,12696.309701199478,3833.3050106910864,13784.564818445147,2
1999,20045,Soybeans,Irrigated,3295.2972898923367,11849.889054452844,3597.926632841634,12938.144171698514,2
2000,20045,Soybeans,Irrigated,2777.464858623541,9987.763631610254,3053.1938155329,10979.284960656309,2
2001,20045,Soybeans,Irrigated,3584.4764398216644,12889.777277598703,3961.081844380789,14244.050312393318,2
2002,20045,Soybeans,Irrigated,3039.7436225129313,10930.918066556502,3375.9984480121498,12140.09041905169,2
2003,20045,Soybeans,Irrigated,3133.8949736527125,11269.486325255157,3503.775281701852,12599.57591299986,2
2004,20045,Soybeans,Irrigated,4115.75906411043,14800.269594541103,4626.866398869241,16638.21157033379,2
2005,20045,Soybeans,Irrigated,3611.3768258616024,12986.511065798322,4082.133581560507,14679.352359291586,2
2006,20045,Soybeans,Irrigated,3342.3729654622275,12019.17318380217,3799.679528141164,13663.647583195629,2
2007,20045,Soybeans,Irrigated,3315.47257942229,11922.439395602554,3792.95443163118,13639.464136145723,2
2008,20045,Soybeans,Irrigated,3557.5760537817273,12793.043489399091,4095.583774580476,14727.719253391391,2
2009,20045,Soybeans,Irrigated,3833.3050106910864,13784.564818445147,4364.587634979851,15695.057135387544,2
2010,20045,Soybeans,Irrigated,2979.217753923072,10713.267043107367,3362.548254992181,12091.723524951882,2
2011,20045,Soybeans,Irrigated,3315.47257942229,11922.439395602554,3705.528177001383,13325.079324496974,2
2012,20045,Soybeans,Irrigated,3275.122000362384,11777.338713303132,3624.827018881571,13034.87795989813,2
2013,20045,Soybeans,Irrigated,3692.0779839814145,13276.712430397169,4048.5080990105857,14558.435124042067,2
2014,20045,Soybeans,Irrigated,2932.142078353182,10543.982913758044,3180.9706492226032,11438.770454604482,2
2015,20045,Soybeans,Irrigated,3705.528177001383,13325.079324496974,3981.257133910742,14316.60065354303,2
2016,20045,Soybeans,Irrigated,3920.7312653208824,14098.949630093894,4176.284932700289,15017.920617990238,2
2017,20045,Soybeans,Irrigated,3779.5042386112113,13591.097242045917,3987.982230420726,14340.784100592931,2
2018,20045,Soybeans,Irrigated,3550.850957271743,12768.860042349188,3712.253273511368,13349.26277154688,2
2019,20045,Soybeans,Irrigated,3665.177597941477,13179.978642197551,3799.679528141164,13663.647583195629,2
2020,20045,Soybeans,Irrigated,3893.830879280945,14002.215841894278,4001.432423440695,14389.15099469274,2
2021,20045,Soybeans,Irrigated,4068.683388540539,14630.98546519178,4142.659450150367,14897.00338274072,2
1990,20045,Soybeans,Non-Irrigated,2138.580690175027,7690.336161869397,3154.0702631826653,11342.036666404863,2
1991,20045,Soybeans,Non-Irrigated,1519.8718112564657,5465.459033278251,2205.8316552748706,7932.170632368435,2
1992,20045,Soybeans,Non-Irrigated,3026.293429492963,10882.551172456697,4337.687248939913,15598.323347187928,2
1993,20045,Soybeans,Non-Irrigated,1768.7003821258872,6360.246574124691,2501.7359017141825,8996.2423025642,2
1994,20045,Soybeans,Non-Irrigated,2434.484936614339,8754.407832065162,3389.4486410321183,12188.457313151495,2
1995,20045,Soybeans,Non-Irrigated,1990.628566955371,7158.300326771515,2737.114279563635,9842.662949310832,2
1996,20045,Soybeans,Non-Irrigated,2985.9428504330563,10737.450490157273,4048.5080990105857,14558.435124042067,2
1997,20045,Soybeans,Non-Irrigated,2750.5644725836037,9891.02984341064,3685.3528874714298,13252.528983347262,2
1998,20045,Soybeans,Non-Irrigated,2326.8833924545893,8367.472679266702,3073.3691050628536,11051.835301806022,2
1999,20045,Soybeans,Non-Irrigated,2071.329725075183,7448.501691370359,2703.488797013714,9721.745714061317,2
2000,20045,Soybeans,Non-Irrigated,907.8880288478888,3264.765351737008,1170.166792737279,4207.919786683255,2
2001,20045,Soybeans,Non-Irrigated,2447.9351296343075,8802.77472616497,3113.719684122759,11196.935984105445,2
2002,20045,Soybeans,Non-Irrigated,1284.493433407013,4619.038386531619,1614.023162396247,5804.027291976904,2
2003,20045,Soybeans,Non-Irrigated,1210.517371797185,4353.020468982677,1506.421618236497,5417.092139178443,2
2004,20045,Soybeans,Non-Irrigated,3355.823158482196,12067.540077901976,4115.75906411043,14800.269594541103,2
2005,20045,Soybeans,Non-Irrigated,2770.7397621135574,9963.580184560353,3355.823158482196,12067.540077901976,2
2006,20045,Soybeans,Non-Irrigated,1963.7281809154335,7061.566538571899,2353.7837784945264,8464.206467466316,2
2007,20045,Soybeans,Non-Irrigated,1728.3498030659807,6215.1458918252665,2044.429339035246,7351.767903170745,2
2008,20045,Soybeans,Non-Irrigated,2266.35752386473,8149.821655817569,2656.413121443823,9552.461584711988,2
2009,20045,Soybeans,Non-Irrigated,3113.719684122759,11196.935984105445,3604.651729351618,12962.32761874842,2
2010,20045,Soybeans,Non-Irrigated,2481.5606121842293,8923.691961414488,2837.990727213401,10205.41465505939,2
2011,20045,Soybeans,Non-Irrigated,1782.1505751458558,6408.613468224497,2017.5289529953084,7255.034114971129,2
2012,20045,Soybeans,Non-Irrigated,1418.9953636067005,5102.707327529695,1587.1227763563095,5707.293503777289,2
2013,20045,Soybeans,Non-Irrigated,2811.090341173463,10108.680866859771,3113.719684122759,11196.935984105445,2
2014,20045,Soybeans,Non-Irrigated,2710.2138935236976,9745.929161111217,2972.4926574130877,10689.083596057464,2
2015,20045,Soybeans,Non-Irrigated,2999.3930434530257,10785.81738425708,3254.946710832431,11704.788372153422,2
2016,20045,Soybeans,Non-Irrigated,3335.6478689522432,11994.989736752266,3577.751343311681,12865.593830548803,2
2017,20045,Soybeans,Non-Irrigated,3194.420842242572,11487.13734870429,3389.4486410321183,12188.457313151495,2
2018,20045,Soybeans,Non-Irrigated,2488.2857086942136,8947.875408464392,2616.0625423839165,9407.360902412564,2
2019,20045,Soybeans,Non-Irrigated,2985.9428504330563,10737.450490157273,3106.994587612775,11172.75253705554,2
2020,20045,Soybeans,Non-Irrigated,3033.018526002947,10906.734619506598,3120.444780632744,11221.119431155348,2
2021,20045,Soybeans,Non-Irrigated,3167.5204562026343,11390.403560504674,3228.046324792494,11608.054583953808,2
1990,20061,Soybeans,Irrigated,3120.444780632744,11221.119431155348,4270.43628384007,15356.488876688893,2
1991,20061,Soybeans,Irrigated,2885.0664027832913,10374.698784408716,3907.2810723009143,14050.582735994089,2
1992,20061,Soybeans,Irrigated,3214.5961317725246,11559.687689854,4304.061766389991,15477.406111938408,2
1993,20061,Soybeans,Irrigated,1728.3498030659807,6215.1458918252665,2286.532813394683,8222.37199696728,2
1994,20061,Soybeans,Irrigated,3228.046324792494,11608.054583953808,4230.085704780164,15211.388194389468,2
1995,20061,Soybeans,Irrigated,2811.090341173463,10108.680866859771,3645.002308411524,13107.42830104784,2
1996,20061,Soybeans,Irrigated,3382.7235445221336,12164.273866101592,4337.687248939913,15598.323347187928,2
1997,20061,Soybeans,Irrigated,3692.0779839814145,13276.712430397169,4687.3922674591,16855.862593782924,2
1998,20061,Soybeans,Irrigated,3308.747482912306,11898.255948552653,4156.109643170335,14945.370276840527,2
1999,20061,Soybeans,Irrigated,3228.046324792494,11608.054583953808,4014.882616460664,14437.517888792549,2
2000,20061,Soybeans,Irrigated,2649.6880249338387,9528.278137662084,3261.6718073424154,11728.971819203323,2
2001,20061,Soybeans,Irrigated,3423.07412358204,12309.374548401016,4176.284932700289,15017.920617990238,2
2002,20061,Soybeans,Irrigated,2965.7675609031035,10664.90014900756,3577.751343311681,12865.593830548803,2
2003,20061,Soybeans,Irrigated,2979.217753923072,10713.267043107367,3564.3011502917116,12817.226936448997,2
2004,20061,Soybeans,Irrigated,4008.15751995068,14413.334441742643,4747.918136048958,17073.513617232056,2
2005,20061,Soybeans,Irrigated,3685.3528874714298,13252.528983347262,4324.237055919944,15549.95645308812,2
2006,20061,Soybeans,Irrigated,3416.349027072056,12285.191101351113,3967.806940890773,14268.23375944322,2
2007,20061,Soybeans,Irrigated,3342.3729654622275,12019.17318380217,3846.755203711055,13832.931712544954,2
2008,20061,Soybeans,Irrigated,3443.249413111994,12381.924889550728,3927.456361830867,14123.1330771438,2
2009,20061,Soybeans,Irrigated,3994.70732693071,14364.967547642837,4512.539758199506,16227.092970485422,2
2010,20061,Soybeans,Irrigated,3080.0942015728374,11076.018748855924,3449.974509621977,12406.10833660063,2
2011,20061,Soybeans,Irrigated,3120.444780632744,11221.119431155348,3463.424702641946,12454.475230700438,2
2012,20061,Soybeans,Irrigated,3443.249413111994,12381.924889550728,3786.229335121195,13615.28068909582,2
2013,20061,Soybeans,Irrigated,3779.5042386112113,13591.097242045917,4115.75906411043,14800.269594541103,2
2014,20061,Soybeans,Irrigated,3685.3528874714298,13252.528983347262,3981.257133910742,14316.60065354303,2
2015,20061,Soybeans,Irrigated,3712.253273511368,13349.26277154688,3974.532037400758,14292.417206493126,2
2016,20061,Soybeans,Irrigated,4109.033967600445,14776.086147491202,4357.862538469866,15670.87368833764,2
2017,20061,Soybeans,Irrigated,4041.7830025006015,14534.251676992164,4250.260994310117,15283.93853553918,2
2018,20061,Soybeans,Irrigated,3705.528177001383,13325.079324496974,3866.930493241008,13905.482053694665,2
2019,20061,Soybeans,Irrigated,3786.229335121195,13615.28068909582,3914.0061688108985,14074.766183043992,2
2020,20061,Soybeans,Irrigated,4216.635511760195,15163.021300289662,4324.237055919944,15549.95645308812,2
2021,20061,Soybeans,Irrigated,4344.412345449898,15622.506794237832,4418.388407059726,15888.524711786777,2
1990,20061,Soybeans,Non-Irrigated,1432.445556626669,5151.074221629502,2427.7598401043547,8730.224385015259,2
1991,20061,Soybeans,Non-Irrigated,1264.31814387706,4546.488045381908,2098.2301111151205,7545.235479569974,2
1992,20061,Soybeans,Non-Irrigated,2320.158295944605,8343.289232216799,3779.5042386112113,13591.097242045917,2
1993,20061,Soybeans,Non-Irrigated,2091.5050146051367,7521.052032520071,3335.6478689522432,11994.989736752266,2
1994,20061,Soybeans,Non-Irrigated,2232.732041314808,8028.90442056805,3490.3250886818837,12551.209018900054,2
1995,20061,Soybeans,Non-Irrigated,1970.4532774254176,7085.749985621803,3026.293429492963,10882.551172456697,2
1996,20061,Soybeans,Non-Irrigated,2837.990727213401,10205.41465505939,4270.43628384007,15356.488876688893,2
1997,20061,Soybeans,Non-Irrigated,2676.588410973776,9625.011925861698,3954.3567478708046,14219.866865343414,2
1998,20061,Soybeans,Non-Irrigated,2394.134357554433,8609.30714976574,3476.874895661915,12502.842124800249,2
1999,20061,Soybeans,Non-Irrigated,2326.8833924545893,8367.472679266702,3315.47257942229,11922.439395602554,2
2000,20061,Soybeans,Non-Irrigated,1028.9397660276074,3700.067398635276,1439.170653136653,5175.257668679405,2
2001,20061,Soybeans,Non-Irrigated,2131.8555936650423,7666.152714819493,2932.142078353182,10543.982913758044,2
2002,20061,Soybeans,Non-Irrigated,928.063318377842,3337.3156928867197,1257.5930473670755,4522.3045983320035,2
2003,20061,Soybeans,Non-Irrigated,1062.5652485775292,3820.984633884795,1412.270267096716,5078.523880479791,2
2004,20061,Soybeans,Non-Irrigated,2703.488797013714,9721.745714061317,3537.4007642517745,12720.49314824938,2
2005,20061,Soybeans,Non-Irrigated,2683.31350748376,9649.1953729116,3456.6996061319614,12430.291783650531,2
2006,20061,Soybeans,Non-Irrigated,1943.5528913854805,6989.016197422187,2461.3853226542765,8851.141620264778,2
2007,20061,Soybeans,Non-Irrigated,1977.1783739354023,7109.933432671707,2468.1104191642607,8875.325067314681,2
2008,20061,Soybeans,Non-Irrigated,2952.317367883135,10616.533254907754,3624.827018881571,13034.87795989813,2
2009,20061,Soybeans,Non-Irrigated,3604.651729351618,12962.32761874842,4364.587634979851,15695.057135387544,2
2010,20061,Soybeans,Non-Irrigated,2407.584550574401,8657.674043865545,2871.6162097633223,10326.331890308908,2
2011,20061,Soybeans,Non-Irrigated,1930.1026983655115,6940.649303322381,2266.35752386473,8149.821655817569,2
2012,20061,Soybeans,Non-Irrigated,1681.2741274960904,6045.861762475941,1943.5528913854805,6989.016197422187,2
2013,20061,Soybeans,Non-Irrigated,2844.715823723385,10229.598102109292,3248.2216143224464,11680.604925103518,2
2014,20061,Soybeans,Non-Irrigated,2447.9351296343075,8802.77472616497,2757.289569093588,9915.213290460542,2
2015,20061,Soybeans,Non-Irrigated,3160.79535969265,11366.22011345477,3503.775281701852,12599.57591299986,2
2016,20061,Soybeans,Non-Irrigated,3470.149799151931,12478.658677750343,3799.679528141164,13663.647583195629,2
2017,20061,Soybeans,Non-Irrigated,2898.51659580326,10423.065678508525,3127.169877142728,11245.302878205252,2
2018,20061,Soybeans,Non-Irrigated,2804.3652446634787,10084.49741980987,2985.9428504330563,10737.450490157273,2
2019,20061,Soybeans,Non-Irrigated,3147.345166672681,11317.853219354962,3308.747482912306,11898.255948552653,2
2020,20061,Soybeans,Non-Irrigated,3402.898834052087,12236.824207251304,3530.67566774179,12696.309701199478,2
2021,20061,Soybeans,Non-Irrigated,2911.9667888232284,10471.43257260833,2985.9428504330563,10737.450490157273,2
1990,20085,Soybeans,Irrigated,3618.101922371586,13010.694512848224,3638.277211901539,13083.244853997936,2
1991,20085,Soybeans,Irrigated,3631.552115391555,13059.061406948033,3671.9026944514617,13204.162089247457,2
1992,20085,Soybeans,Irrigated,3934.1814583408513,14147.316524193702,4008.15751995068,14413.334441742643,2
1993,20085,Soybeans,Irrigated,2790.91505164351,10036.130525710065,2858.166016743354,10277.9649962091,2
1994,20085,Soybeans,Irrigated,3779.5042386112113,13591.097242045917,3900.55597579093,14026.399288944183,2
1995,20085,Soybeans,Irrigated,2064.6046285651987,7424.318244320455,2145.3057866850113,7714.5196089193005,2
1996,20085,Soybeans,Irrigated,4028.332809480633,14485.884782892355,4209.9104152502105,15138.837853239756,2
1997,20085,Soybeans,Irrigated,3900.55597579093,14026.399288944183,4102.30887109046,14751.902700441296,2
1998,20085,Soybeans,Irrigated,3503.775281701852,12599.57591299986,3712.253273511368,13349.26277154688,2
1999,20085,Soybeans,Irrigated,3302.022386402322,11874.07250150275,3517.225474721821,12647.942807099667,2
2000,20085,Soybeans,Irrigated,2764.0146656035727,9939.396737510448,2965.7675609031035,10664.90014900756,2
2001,20085,Soybeans,Irrigated,3564.3011502917116,12817.226936448997,3853.480300221039,13857.115159594858,2
2002,20085,Soybeans,Irrigated,2985.9428504330563,10737.450490157273,3248.2216143224464,11680.604925103518,2
2003,20085,Soybeans,Irrigated,3053.1938155329,10979.284960656309,3342.3729654622275,12019.17318380217,2
2004,20085,Soybeans,Irrigated,4095.583774580476,14727.719253391391,4519.264854709491,16251.276417535331,2
2005,20085,Soybeans,Irrigated,3584.4764398216644,12889.777277598703,3981.257133910742,14316.60065354303,2
2006,20085,Soybeans,Irrigated,3302.022386402322,11874.07250150275,3692.0779839814145,13276.712430397169,2
2007,20085,Soybeans,Irrigated,3281.847096872368,11801.522160353035,3698.8030804913983,13300.89587744707,2
2008,20085,Soybeans,Irrigated,3571.026246801696,12841.410383498898,3994.70732693071,14364.967547642837,2
2009,20085,Soybeans,Irrigated,3833.3050106910864,13784.564818445147,4250.260994310117,15283.93853553918,2
2010,20085,Soybeans,Irrigated,2905.241692313244,10447.249125558426,3201.145938752556,11511.320795754193,2
2011,20085,Soybeans,Irrigated,3288.5721933823525,11825.70560740294,3591.2015363316486,12913.960724648608,2
2012,20085,Soybeans,Irrigated,3221.321228282509,11583.871136903905,3490.3250886818837,12551.209018900054,2
2013,20085,Soybeans,Irrigated,3705.528177001383,13325.079324496974,3987.982230420726,14340.784100592931,2
2014,20085,Soybeans,Irrigated,2891.7914992932756,10398.88223145862,3086.8192980828217,11100.202195905827,2
2015,20085,Soybeans,Irrigated,3638.277211901539,13083.244853997936,3853.480300221039,13857.115159594858,2
2016,20085,Soybeans,Irrigated,3887.105782770961,13978.032394844377,4088.858678070492,14703.53580634149,2
2017,20085,Soybeans,Irrigated,3732.428563041321,13421.813112696587,3900.55597579093,14026.399288944183,2
2018,20085,Soybeans,Irrigated,3396.1737375421026,12212.6407602014,3523.950571231805,12672.12625414957,2
2019,20085,Soybeans,Irrigated,3638.277211901539,13083.244853997936,3745.8787560612896,13470.180006796398,2
2020,20085,Soybeans,Irrigated,3914.0061688108985,14074.766183043992,4001.432423440695,14389.15099469274,2
2021,20085,Soybeans,Irrigated,4109.033967600445,14776.086147491202,4169.559836190304,14993.737170940334,2
1990,20085,Soybeans,Non-Irrigated,1815.7760576957776,6529.530703474016,3127.169877142728,11245.302878205252,2
1991,20085,Soybeans,Non-Irrigated,1338.294205486888,4812.505962930849,2252.907330844761,8101.45476171776,2
1992,20085,Soybeans,Non-Irrigated,2710.2138935236976,9745.929161111217,4472.1891791396,16081.992288186002,2
1993,20085,Soybeans,Non-Irrigated,1990.628566955371,7158.300326771515,3221.321228282509,11583.871136903905,2
1994,20085,Soybeans,Non-Irrigated,2461.3853226542765,8851.141620264778,3900.55597579093,14026.399288944183,2
1995,20085,Soybeans,Non-Irrigated,1957.0030844054493,7037.383091521996,3039.7436225129313,10930.918066556502,2
1996,20085,Soybeans,Non-Irrigated,2817.8154376834473,10132.864313909677,4290.611573370023,15429.0392178386,2
1997,20085,Soybeans,Non-Irrigated,2273.082620374714,8174.005102867472,3396.1737375421026,12212.6407602014,2
1998,20085,Soybeans,Non-Irrigated,2380.684164534464,8560.940255665932,3490.3250886818837,12551.209018900054,2
1999,20085,Soybeans,Non-Irrigated,1788.8756716558405,6432.796915274402,2575.71196332401,9262.26022011314,2
2000,20085,Soybeans,Non-Irrigated,1351.744398506857,4860.8728570306575,1909.9274088355585,6868.0989621726685,2
2001,20085,Soybeans,Non-Irrigated,2367.2339715144954,8512.573361566125,3288.5721933823525,11825.70560740294,2
2002,20085,Soybeans,Non-Irrigated,1667.8239344761216,5997.494868376133,2273.082620374714,8174.005102867472,2
2003,20085,Soybeans,Non-Irrigated,1250.8679508570913,4498.1211512821,1681.2741274960904,6045.861762475941,2
2004,20085,Soybeans,Non-Irrigated,3046.4687190229156,10955.101513606403,4021.607712970648,14461.701335842452,2
2005,20085,Soybeans,Non-Irrigated,2669.8633144637915,9600.828478811794,3463.424702641946,12454.475230700438,2
2006,20085,Soybeans,Non-Irrigated,2575.71196332401,9262.26022011314,3288.5721933823525,11825.70560740294,2
2007,20085,Soybeans,Non-Irrigated,2521.9111912441354,9068.79264371391,3167.5204562026343,11390.403560504674,2
2008,20085,Soybeans,Non-Irrigated,2468.1104191642607,8875.325067314681,3053.1938155329,10979.284960656309,2
2009,20085,Soybeans,Non-Irrigated,3375.9984480121498,12140.09041905169,4109.033967600445,14776.086147491202,2
2010,20085,Soybeans,Non-Irrigated,2118.4054006450738,7617.785820719685,2542.0864807740886,9141.342984863622,2
2011,20085,Soybeans,Non-Irrigated,2858.166016743354,10277.9649962091,3375.9984480121498,12140.09041905169,2
2012,20085,Soybeans,Non-Irrigated,1546.7721972964032,5562.192821477866,1802.325864675809,6481.163809374209,2
2013,20085,Soybeans,Non-Irrigated,2676.588410973776,9625.011925861698,3066.644008552869,11027.651854756115,2
2014,20085,Soybeans,Non-Irrigated,3228.046324792494,11608.054583953808,3645.002308411524,13107.42830104784,2
2015,20085,Soybeans,Non-Irrigated,2461.3853226542765,8851.141620264778,2743.8393760736194,9866.846396360736,2
2016,20085,Soybeans,Non-Irrigated,3382.7235445221336,12164.273866101592,3718.978370021352,13373.446218596782,2
2017,20085,Soybeans,Non-Irrigated,3201.145938752556,11511.320795754193,3470.149799151931,12478.658677750343,2
2018,20085,Soybeans,Non-Irrigated,2750.5644725836037,9891.02984341064,2938.8671748631664,10568.166360807949,2
2019,20085,Soybeans,Non-Irrigated,3362.548254992181,12091.723524951882,3544.1258607617588,12744.676595299285,2
2020,20085,Soybeans,Non-Irrigated,3127.169877142728,11245.302878205252,3254.946710832431,11704.788372153422,2
2021,20085,Soybeans,Non-Irrigated,3436.5243166020086,12357.741442500825,3530.67566774179,12696.309701199478,2
1990,20087,Soybeans,Irrigated,2145.3057866850113,7714.5196089193005,3819.854817671117,13736.197924345335,2
1991,20087,Soybeans,Irrigated,1553.4972938063877,5586.37626852777,2703.488797013714,9721.745714061317,2
1992,20087,Soybeans,Irrigated,3086.8192980828217,11100.202195905827,5252.300374297786,18887.27214597484,2
1993,20087,Soybeans,Irrigated,1869.5768297756529,6722.998279873247,3106.994587612775,11172.75253705554,2
1994,20087,Soybeans,Irrigated,2589.1621563439794,9310.62711421295,4216.635511760195,15163.021300289662,2
1995,20087,Soybeans,Irrigated,2219.281848294839,7980.537526468242,3537.4007642517745,12720.49314824938,2
1996,20087,Soybeans,Irrigated,2770.7397621135574,9963.580184560353,4324.237055919944,15549.95645308812,2
1997,20087,Soybeans,Irrigated,2394.134357554433,8609.30714976574,3658.4525014314927,13155.795195147648,2
1998,20087,Soybeans,Irrigated,2434.484936614339,8754.407832065162,3645.002308411524,13107.42830104784,2
1999,20087,Soybeans,Irrigated,1963.7281809154335,7061.566538571899,2885.0664027832913,10374.698784408716,2
2000,20087,Soybeans,Irrigated,1546.7721972964032,5562.192821477866,2226.006944804824,8004.720973518147,2
2001,20087,Soybeans,Irrigated,2817.8154376834473,10132.864313909677,3981.257133910742,14316.60065354303,2
2002,20087,Soybeans,Irrigated,1553.4972938063877,5586.37626852777,2158.7559797049803,7762.886503019109,2
2003,20087,Soybeans,Irrigated,1365.1945915268254,4909.239751130464,1862.851733265668,6698.814832823343,2
2004,20087,Soybeans,Irrigated,3295.2972898923367,11849.889054452844,4411.663310549741,15864.34126473687,2
2005,20087,Soybeans,Irrigated,2595.8872528539637,9334.810561262851,3416.349027072056,12285.191101351113,2
2006,20087,Soybeans,Irrigated,2434.484936614339,8754.407832065162,3147.345166672681,11317.853219354962,2
2007,20087,Soybeans,Irrigated,2562.261770304042,9213.893326013334,3254.946710832431,11704.788372153422,2
2008,20087,Soybeans,Irrigated,2568.986866814026,9238.076773063238,3207.8710352625408,11535.504242804096,2
2009,20087,Soybeans,Irrigated,3335.6478689522432,11994.989736752266,4102.30887109046,14751.902700441296,2
2010,20087,Soybeans,Irrigated,2616.0625423839165,9407.360902412564,3160.79535969265,11366.22011345477,2
2011,20087,Soybeans,Irrigated,2911.9667888232284,10471.43257260833,3463.424702641946,12454.475230700438,2
2012,20087,Soybeans,Irrigated,1741.7999960859495,6263.512785925075,2037.7042425252616,7327.584456120841,2
2013,20087,Soybeans,Irrigated,3127.169877142728,11245.302878205252,3611.3768258616024,12986.511065798322,2
2014,20087,Soybeans,Irrigated,3402.898834052087,12236.824207251304,3866.930493241008,13905.482053694665,2
2015,20087,Soybeans,Irrigated,3086.8192980828217,11100.202195905827,3456.6996061319614,12430.291783650531,2
2016,20087,Soybeans,Irrigated,3490.3250886818837,12551.209018900054,3846.755203711055,13832.931712544954,2
2017,20087,Soybeans,Irrigated,3692.0779839814145,13276.712430397169,4014.882616460664,14437.517888792549,2
2018,20087,Soybeans,Irrigated,2562.261770304042,9213.893326013334,2743.8393760736194,9866.846396360736,2
2019,20087,Soybeans,Irrigated,3557.5760537817273,12793.043489399091,3759.3289490812576,13518.546900896205,2
2020,20087,Soybeans,Irrigated,3335.6478689522432,11994.989736752266,3476.874895661915,12502.842124800249,2
2021,20087,Soybeans,Irrigated,3618.101922371586,13010.694512848224,3718.978370021352,13373.446218596782,2
1990,20087,Soybeans,Non-Irrigated,2145.3057866850113,7714.5196089193005,3819.854817671117,13736.197924345335,2
1991,20087,Soybeans,Non-Irrigated,1553.4972938063877,5586.37626852777,2703.488797013714,9721.745714061317,2
1992,20087,Soybeans,Non-Irrigated,3086.8192980828217,11100.202195905827,5252.300374297786,18887.27214597484,2
1993,20087,Soybeans,Non-Irrigated,1869.5768297756529,6722.998279873247,3106.994587612775,11172.75253705554,2
1994,20087,Soybeans,Non-Irrigated,2589.1621563439794,9310.62711421295,4216.635511760195,15163.021300289662,2
1995,20087,Soybeans,Non-Irrigated,2219.281848294839,7980.537526468242,3537.4007642517745,12720.49314824938,2
1996,20087,Soybeans,Non-Irrigated,2770.7397621135574,9963.580184560353,4324.237055919944,15549.95645308812,2
1997,20087,Soybeans,Non-Irrigated,2394.134357554433,8609.30714976574,3658.4525014314927,13155.795195147648,2
1998,20087,Soybeans,Non-Irrigated,2434.484936614339,8754.407832065162,3645.002308411524,13107.42830104784,2
1999,20087,Soybeans,Non-Irrigated,1963.7281809154335,7061.566538571899,2885.0664027832913,10374.698784408716,2
2000,20087,Soybeans,Non-Irrigated,1546.7721972964032,5562.192821477866,2226.006944804824,8004.720973518147,2
2001,20087,Soybeans,Non-Irrigated,2817.8154376834473,10132.864313909677,3981.257133910742,14316.60065354303,2
2002,20087,Soybeans,Non-Irrigated,1553.4972938063877,5586.37626852777,2158.7559797049803,7762.886503019109,2
2003,20087,Soybeans,Non-Irrigated,1365.1945915268254,4909.239751130464,1862.851733265668,6698.814832823343,2
2004,20087,Soybeans,Non-Irrigated,3295.2972898923367,11849.889054452844,4411.663310549741,15864.34126473687,2
2005,20087,Soybeans,Non-Irrigated,2595.8872528539637,9334.810561262851,3416.349027072056,12285.191101351113,2
2006,20087,Soybeans,Non-Irrigated,2434.484936614339,8754.407832065162,3147.345166672681,11317.853219354962,2
2007,20087,Soybeans,Non-Irrigated,2562.261770304042,9213.893326013334,3254.946710832431,11704.788372153422,2
2008,20087,Soybeans,Non-Irrigated,2568.986866814026,9238.076773063238,3207.8710352625408,11535.504242804096,2
2009,20087,Soybeans,Non-Irrigated,3335.6478689522432,11994.989736752266,4102.30887109046,14751.902700441296,2
2010,20087,Soybeans,Non-Irrigated,2616.0625423839165,9407.360902412564,3160.79535969265,11366.22011345477,2
2011,20087,Soybeans,Non-Irrigated,2911.9667888232284,10471.43257260833,3463.424702641946,12454.475230700438,2
2012,20087,Soybeans,Non-Irrigated,1741.7999960859495,6263.512785925075,2037.7042425252616,7327.584456120841,2
2013,20087,Soybeans,Non-Irrigated,3127.169877142728,11245.302878205252,3611.3768258616024,12986.511065798322,2
2014,20087,Soybeans,Non-Irrigated,3402.898834052087,12236.824207251304,3866.930493241008,13905.482053694665,2
2015,20087,Soybeans,Non-Irrigated,3086.8192980828217,11100.202195905827,3456.6996061319614,12430.291783650531,2
2016,20087,Soybeans,Non-Irrigated,3490.3250886818837,12551.209018900054,3846.755203711055,13832.931712544954,2
2017,20087,Soybeans,Non-Irrigated,3692.0779839814145,13276.712430397169,4014.882616460664,14437.517888792549,2
2018,20087,Soybeans,Non-Irrigated,2562.261770304042,9213.893326013334,2743.8393760736194,9866.846396360736,2
2019,20087,Soybeans,Non-Irrigated,3557.5760537817273,12793.043489399091,3759.3289490812576,13518.546900896205,2
2020,20087,Soybeans,Non-Irrigated,3335.6478689522432,11994.989736752266,3476.874895661915,12502.842124800249,2
2021,20087,Soybeans,Non-Irrigated,3618.101922371586,13010.694512848224,3718.978370021352,13373.446218596782,2
1990,20091,Soybeans,Irrigated,2764.0146656035727,9939.396737510448,3866.930493241008,13905.482053694665,2
1991,20091,Soybeans,Irrigated,2320.158295944605,8343.289232216799,3261.6718073424154,11728.971819203323,2
1992,20091,Soybeans,Irrigated,3174.245552712619,11414.587007554575,4492.364468669553,16154.542629335714,2
1993,20091,Soybeans,Irrigated,1923.3776018555277,6916.465856272477,2737.114279563635,9842.662949310832,2
1994,20091,Soybeans,Irrigated,3423.07412358204,12309.374548401016,4895.870259268615,17605.54945232994,2
1995,20091,Soybeans,Irrigated,2259.6324273547457,8125.638208767666,3248.2216143224464,11680.604925103518,2
1996,20091,Soybeans,Irrigated,2898.51659580326,10423.065678508525,4189.735125720257,15066.287512090044,2
1997,20091,Soybeans,Irrigated,3006.11813996301,10810.000831306985,4371.312731489835,15719.240582437444,2
1998,20091,Soybeans,Irrigated,2851.440920233369,10253.781549159195,4162.83473968032,14969.55372389043,2
1999,20091,Soybeans,Irrigated,2676.588410973776,9625.011925861698,3934.1814583408513,14147.316524193702,2
2000,20091,Soybeans,Irrigated,2178.931269234933,7835.436844168819,3221.321228282509,11583.871136903905,2
2001,20091,Soybeans,Irrigated,2885.0664027832913,10374.698784408716,4283.886476860039,15404.8557707887,2
2002,20091,Soybeans,Irrigated,2320.158295944605,8343.289232216799,3369.2733515021655,12115.906972001789,2
2003,20091,Soybeans,Irrigated,2226.006944804824,8004.720973518147,3167.5204562026343,11390.403560504674,2
2004,20091,Soybeans,Irrigated,3160.79535969265,11366.22011345477,4404.9382140397565,15840.157817686964,2
2005,20091,Soybeans,Irrigated,2992.6679469430405,10761.633937207174,4082.133581560507,14679.352359291586,2
2006,20091,Soybeans,Irrigated,2885.0664027832913,10374.698784408716,3860.205396731023,13881.29860664476,2
2007,20091,Soybeans,Irrigated,3039.7436225129313,10930.918066556502,3987.982230420726,14340.784100592931,2
2008,20091,Soybeans,Irrigated,2992.6679469430405,10761.633937207174,3846.755203711055,13832.931712544954,2
2009,20091,Soybeans,Irrigated,3537.4007642517745,12720.49314824938,4465.464082629616,16057.8088411361,2
2010,20091,Soybeans,Irrigated,3120.444780632744,11221.119431155348,3866.930493241008,13905.482053694665,2
2011,20091,Soybeans,Irrigated,3194.420842242572,11487.13734870429,3887.105782770961,13978.032394844377,2
2012,20091,Soybeans,Irrigated,2427.7598401043547,8730.224385015259,2898.51659580326,10423.065678508525,2
2013,20091,Soybeans,Irrigated,3248.2216143224464,11680.604925103518,3813.129721161133,13712.014477295435,2
2014,20091,Soybeans,Irrigated,3752.603852571274,13494.3634538463,4330.962152429929,15574.139900138023,2
2015,20091,Soybeans,Irrigated,3591.2015363316486,12913.960724648608,4075.4084850505233,14655.168912241685,2
2016,20091,Soybeans,Irrigated,3927.456361830867,14123.1330771438,4378.037827999819,15743.424029487349,2
2017,20091,Soybeans,Irrigated,4156.109643170335,14945.370276840527,4559.615433769397,16396.377099834754,2
2018,20091,Soybeans,Irrigated,4149.384546660351,14921.186829790622,4478.914275649585,16106.175735235907,2
2019,20091,Soybeans,Irrigated,3544.1258607617588,12744.676595299285,3766.054045591243,13542.73034794611,2
2020,20091,Soybeans,Irrigated,3853.480300221039,13857.115159594858,4028.332809480633,14485.884782892355,2
2021,20091,Soybeans,Irrigated,3792.95443163118,13639.464136145723,3907.2810723009143,14050.582735994089,2
1990,20091,Soybeans,Non-Irrigated,2004.07875997534,7206.667220871323,2562.261770304042,9213.893326013334,2
1991,20091,Soybeans,Non-Irrigated,1109.6409241474196,3990.268763234121,1418.9953636067005,5102.707327529695,2
1992,20091,Soybeans,Non-Irrigated,2992.6679469430405,10761.633937207174,3826.579914181101,13760.38137139524,2
1993,20091,Soybeans,Non-Irrigated,2044.429339035246,7351.767903170745,2616.0625423839165,9407.360902412564,2
1994,20091,Soybeans,Non-Irrigated,2575.71196332401,9262.26022011314,3295.2972898923367,11849.889054452844,2
1995,20091,Soybeans,Non-Irrigated,1775.4254786358715,6384.430021174594,2273.082620374714,8174.005102867472,2
1996,20091,Soybeans,Non-Irrigated,3019.5683329829785,10858.367725406792,3866.930493241008,13905.482053694665,2
1997,20091,Soybeans,Non-Irrigated,2017.5289529953084,7255.034114971129,2582.437059833995,9286.443667163046,2
1998,20091,Soybeans,Non-Irrigated,2165.481076214965,7787.0699500690125,2770.7397621135574,9963.580184560353,2
1999,20091,Soybeans,Non-Irrigated,2380.684164534464,8560.940255665932,3046.4687190229156,10955.101513606403,2
2000,20091,Soybeans,Non-Irrigated,1089.4656346174663,3917.7184220844097,1392.0949775667627,5005.973539330079,2
2001,20091,Soybeans,Non-Irrigated,2353.7837784945264,8464.206467466316,3012.843236472994,10834.184278356886,2
2002,20091,Soybeans,Non-Irrigated,1123.0911171673883,4038.635657333929,1439.170653136653,5175.257668679405,2
2003,20091,Soybeans,Non-Irrigated,1062.5652485775292,3820.984633884795,1358.469495016841,4885.05630408056,2
2004,20091,Soybeans,Non-Irrigated,3026.293429492963,10882.551172456697,3873.655589750992,13929.665500744568,2
2005,20091,Soybeans,Non-Irrigated,2434.484936614339,8754.407832065162,3120.444780632744,11221.119431155348,2
2006,20091,Soybeans,Non-Irrigated,2118.4054006450738,7617.785820719685,2716.938990033682,9770.11260816112,2
2007,20091,Soybeans,Non-Irrigated,2145.3057866850113,7714.5196089193005,2750.5644725836037,9891.02984341064,2
2008,20091,Soybeans,Non-Irrigated,2037.7042425252616,7327.584456120841,2609.337445873932,9383.17745536266,2
2009,20091,Soybeans,Non-Irrigated,2750.5644725836037,9891.02984341064,3523.950571231805,12672.12625414957,2
2010,20091,Soybeans,Non-Irrigated,2219.281848294839,7980.537526468242,2844.715823723385,10229.598102109292,2
2011,20091,Soybeans,Non-Irrigated,1667.8239344761216,5997.494868376133,2091.5050146051367,7521.052032520071,2
2012,20091,Soybeans,Non-Irrigated,1069.2903450875135,3845.1680809346985,1311.3938194469504,4715.7721747312335,2
2013,20091,Soybeans,Non-Irrigated,2232.732041314808,8028.90442056805,2690.0386039937443,9673.378819961505,2
2014,20091,Soybeans,Non-Irrigated,2676.588410973776,9625.011925861698,3160.79535969265,11366.22011345477,2
2015,20091,Soybeans,Non-Irrigated,2797.6401481534945,10060.313972759966,3234.7714213024783,11632.238031003712,2
2016,20091,Soybeans,Non-Irrigated,2898.51659580326,10423.065678508525,3288.5721933823525,11825.70560740294,2
2017,20091,Soybeans,Non-Irrigated,3207.8710352625408,11535.504242804096,3571.026246801696,12841.410383498898,2
2018,20091,Soybeans,Non-Irrigated,2427.7598401043547,8730.224385015259,2649.6880249338387,9528.278137662084,2
2019,20091,Soybeans,Non-Irrigated,3308.747482912306,11898.255948552653,3550.850957271743,12768.860042349188,2
2020,20091,Soybeans,Non-Irrigated,2979.217753923072,10713.267043107367,3140.620070162697,11293.66977230506,2
2021,20091,Soybeans,Non-Irrigated,2629.5127354038855,9455.727796512372,2723.6640865436666,9794.296055211023,2
1990,20103,Soybeans,Irrigated,3187.6957457325875,11462.953901654386,4176.284932700289,15017.920617990238,2
1991,20103,Soybeans,Irrigated,3039.7436225129313,10930.918066556502,3974.532037400758,14292.417206493126,2
1992,20103,Soybeans,Irrigated,3207.8710352625408,11535.504242804096,4189.735125720257,15066.287512090044,2
1993,20103,Soybeans,Irrigated,1587.1227763563095,5707.293503777289,2071.329725075183,7448.501691370359,2
1994,20103,Soybeans,Irrigated,3517.225474721821,12647.942807099667,4579.790723299349,16468.927440984462,2
1995,20103,Soybeans,Irrigated,2629.5127354038855,9455.727796512372,3416.349027072056,12285.191101351113,2
1996,20103,Soybeans,Irrigated,2770.7397621135574,9963.580184560353,3597.926632841634,12938.144171698514,2
1997,20103,Soybeans,Irrigated,3416.349027072056,12285.191101351113,4425.11350356971,15912.708158836676,2
1998,20103,Soybeans,Irrigated,2985.9428504330563,10737.450490157273,3866.930493241008,13905.482053694665,2
1999,20103,Soybeans,Irrigated,2837.990727213401,10205.41465505939,3665.177597941477,13179.978642197551,2
2000,20103,Soybeans,Irrigated,2616.0625423839165,9407.360902412564,3375.9984480121498,12140.09041905169,2
2001,20103,Soybeans,Irrigated,2972.4926574130877,10689.083596057464,3826.579914181101,13760.38137139524,2
2002,20103,Soybeans,Irrigated,2864.891113253338,10302.148443259004,3685.3528874714298,13252.528983347262,2
2003,20103,Soybeans,Irrigated,2716.938990033682,9770.11260816112,3490.3250886818837,12551.209018900054,2
2004,20103,Soybeans,Irrigated,3860.205396731023,13881.29860664476,4949.67103134849,17799.01702872917,2
2005,20103,Soybeans,Irrigated,3449.974509621977,12406.10833660063,4418.388407059726,15888.524711786777,2
2006,20103,Soybeans,Irrigated,3308.747482912306,11898.255948552653,4230.085704780164,15211.388194389468,2
2007,20103,Soybeans,Irrigated,3180.9706492226032,11438.770454604482,4061.9582920305543,14606.802018141874,2
2008,20103,Soybeans,Irrigated,3033.018526002947,10906.734619506598,3806.404624651149,13687.83103024553,2
2009,20103,Soybeans,Irrigated,3813.129721161133,13712.014477295435,4707.567556989053,16928.412934932632,2
2010,20103,Soybeans,Irrigated,3228.046324792494,11608.054583953808,3920.7312653208824,14098.949630093894,2
2011,20103,Soybeans,Irrigated,2979.217753923072,10713.267043107367,3557.5760537817273,12793.043489399091,2
2012,20103,Soybeans,Irrigated,3201.145938752556,11511.320795754193,3759.3289490812576,13518.546900896205,2
2013,20103,Soybeans,Irrigated,3645.002308411524,13107.42830104784,4216.635511760195,15163.021300289662,2
2014,20103,Soybeans,Irrigated,3692.0779839814145,13276.712430397169,4203.185318740226,15114.654406189851,2
2015,20103,Soybeans,Irrigated,3725.703466531336,13397.629665646686,4176.284932700289,15017.920617990238,2
2016,20103,Soybeans,Irrigated,3853.480300221039,13857.115159594858,4256.986090820101,15308.121982589082,2
2017,20103,Soybeans,Irrigated,4102.30887109046,14751.902700441296,4465.464082629616,16057.8088411361,2
2018,20103,Soybeans,Irrigated,3766.054045591243,13542.73034794611,4041.7830025006015,14534.251676992164,2
2019,20103,Soybeans,Irrigated,3665.177597941477,13179.978642197551,3873.655589750992,13929.665500744568,2
2020,20103,Soybeans,Irrigated,3967.806940890773,14268.23375944322,4135.934353640382,14872.819935690815,2
2021,20103,Soybeans,Irrigated,4216.635511760195,15163.021300289662,4337.687248939913,15598.323347187928,2
1990,20103,Soybeans,Non-Irrigated,2535.361384264105,9117.15953781372,3571.026246801696,12841.410383498898,2
1991,20103,Soybeans,Non-Irrigated,1950.277987895465,7013.199644472093,2770.7397621135574,9963.580184560353,2
1992,20103,Soybeans,Non-Irrigated,1970.4532774254176,7085.749985621803,2831.2656307034163,10181.231208009483,2
1993,20103,Soybeans,Non-Irrigated,1587.1227763563095,5707.293503777289,2299.983006414652,8270.738891067087,2
1994,20103,Soybeans,Non-Irrigated,2656.413121443823,9552.461584711988,3887.105782770961,13978.032394844377,2
1995,20103,Soybeans,Non-Irrigated,2104.9552076251052,7569.418926619878,3106.994587612775,11172.75253705554,2
1996,20103,Soybeans,Non-Irrigated,2555.536673794057,9189.70987896343,3806.404624651149,13687.83103024553,2
1997,20103,Soybeans,Non-Irrigated,2508.460998224167,9020.425749614104,3772.779142101227,13566.913794996011,2
1998,20103,Soybeans,Non-Irrigated,2125.1304971550585,7641.96926776959,3228.046324792494,11608.054583953808,2
1999,20103,Soybeans,Non-Irrigated,1903.2023123255744,6843.915515122765,2918.6918853332127,10495.616019658231,2
2000,20103,Soybeans,Non-Irrigated,1708.174513536028,6142.595550675556,2642.9629284238536,9504.094690612175,2
2001,20103,Soybeans,Non-Irrigated,2192.3814622549016,7883.803738268626,3429.7992200920244,12333.55799545092,2
2002,20103,Soybeans,Non-Irrigated,1607.2980658862623,5779.843844927,2542.0864807740886,9141.342984863622,2
2003,20103,Soybeans,Non-Irrigated,1466.071039176591,5271.991456879022,2252.907330844761,8101.45476171776,2
2004,20103,Soybeans,Non-Irrigated,3201.145938752556,11511.320795754193,4788.268715108866,17218.61429953148,2
2005,20103,Soybeans,Non-Irrigated,2441.210033124323,8778.591279115066,3557.5760537817273,12793.043489399091,2
2006,20103,Soybeans,Non-Irrigated,2299.983006414652,8270.738891067087,3268.3969038523996,11753.155266253229,2
2007,20103,Soybeans,Non-Irrigated,2400.859454064417,8633.490596815644,3328.922772442259,11970.806289702365,2
2008,20103,Soybeans,Non-Irrigated,2421.03474359437,8706.040937965354,3281.847096872368,11801.522160353035,2
2009,20103,Soybeans,Non-Irrigated,3127.169877142728,11245.302878205252,4135.934353640382,14872.819935690815,2
2010,20103,Soybeans,Non-Irrigated,2299.983006414652,8270.738891067087,2972.4926574130877,10689.083596057464,2
2011,20103,Soybeans,Non-Irrigated,2447.9351296343075,8802.77472616497,3093.5443945928064,11124.385642955733,2
2012,20103,Soybeans,Non-Irrigated,1849.4015402456992,6650.447938723535,2286.532813394683,8222.37199696728,2
2013,20103,Soybeans,Non-Irrigated,2885.0664027832913,10374.698784408716,3497.050185191868,12575.392465949955,2
2014,20103,Soybeans,Non-Irrigated,3228.046324792494,11608.054583953808,3826.579914181101,13760.38137139524,2
2015,20103,Soybeans,Non-Irrigated,2790.91505164351,10036.130525710065,3241.4965178124626,11656.421478053617,2
2016,20103,Soybeans,Non-Irrigated,2817.8154376834473,10132.864313909677,3207.8710352625408,11535.504242804096,2
2017,20103,Soybeans,Non-Irrigated,3302.022386402322,11874.07250150275,3685.3528874714298,13252.528983347262,2
2018,20103,Soybeans,Non-Irrigated,2938.8671748631664,10568.166360807949,3221.321228282509,11583.871136903905,2
2019,20103,Soybeans,Non-Irrigated,3086.8192980828217,11100.202195905827,3315.47257942229,11922.439395602554,2
2020,20103,Soybeans,Non-Irrigated,3127.169877142728,11245.302878205252,3295.2972898923367,11849.889054452844,2
2021,20103,Soybeans,Non-Irrigated,3100.2694911027907,11148.569090005636,3207.8710352625408,11535.504242804096,2
1990,20117,Soybeans,Irrigated,2185.656365744918,7859.620291218723,3645.002308411524,13107.42830104784,2
1991,20117,Soybeans,Irrigated,2044.429339035246,7351.767903170745,3342.3729654622275,12019.17318380217,2
1992,20117,Soybeans,Irrigated,2636.23783191387,9479.911243562276,4230.085704780164,15211.388194389468,2
1993,20117,Soybeans,Irrigated,2669.8633144637915,9600.828478811794,4203.185318740226,15114.654406189851,2
1994,20117,Soybeans,Irrigated,3113.719684122759,11196.935984105445,4808.444004638819,17291.164640681192,2
1995,20117,Soybeans,Irrigated,2414.3096470843857,8681.85749091545,3658.4525014314927,13155.795195147648,2
1996,20117,Soybeans,Irrigated,3490.3250886818837,12551.209018900054,5191.774505707927,18669.621122525707,2
1997,20117,Soybeans,Irrigated,3221.321228282509,11583.871136903905,4707.567556989053,16928.412934932632,2
1998,20117,Soybeans,Irrigated,3308.747482912306,11898.255948552653,4754.643232558944,17097.69706428196,2
1999,20117,Soybeans,Irrigated,3416.349027072056,12285.191101351113,4821.894197658788,17339.531534781,2
2000,20117,Soybeans,Irrigated,2333.6084889645736,8391.656126316606,3241.4965178124626,11656.421478053617,2
2001,20117,Soybeans,Irrigated,3147.345166672681,11317.853219354962,4297.336669880007,15453.222664888506,2
2002,20117,Soybeans,Irrigated,2380.684164534464,8560.940255665932,3194.420842242572,11487.13734870429,2
2003,20117,Soybeans,Irrigated,3201.145938752556,11511.320795754193,4230.085704780164,15211.388194389468,2
2004,20117,Soybeans,Irrigated,3490.3250886818837,12551.209018900054,4539.440144239444,16323.82675868504,2
2005,20117,Soybeans,Irrigated,3725.703466531336,13397.629665646686,4768.0934255789125,17146.06395838177,2
2006,20117,Soybeans,Irrigated,3671.9026944514617,13204.162089247457,4626.866398869241,16638.21157033379,2
2007,20117,Soybeans,Irrigated,3221.321228282509,11583.871136903905,4001.432423440695,14389.15099469274,2
2008,20117,Soybeans,Irrigated,3698.8030804913983,13300.89587744707,4525.989951219475,16275.459864585231,2
2009,20117,Soybeans,Irrigated,4014.882616460664,14437.517888792549,4835.344390678756,17387.898428880806,2
2010,20117,Soybeans,Irrigated,3328.922772442259,11970.806289702365,3954.3567478708046,14219.866865343414,2
2011,20117,Soybeans,Irrigated,3840.03010720107,13808.74826549505,4492.364468669553,16154.542629335714,2
2012,20117,Soybeans,Irrigated,3611.3768258616024,12986.511065798322,4169.559836190304,14993.737170940334,2
2013,20117,Soybeans,Irrigated,4068.683388540539,14630.98546519178,4633.591495379225,16662.395017383693,2
2014,20117,Soybeans,Irrigated,3389.4486410321183,12188.457313151495,3806.404624651149,13687.83103024553,2
2015,20117,Soybeans,Irrigated,3544.1258607617588,12744.676595299285,3927.456361830867,14123.1330771438,2
2016,20117,Soybeans,Irrigated,4176.284932700289,15017.920617990238,4566.340530279382,16420.56054688466,2
2017,20117,Soybeans,Irrigated,3799.679528141164,13663.647583195629,4095.583774580476,14727.719253391391,2
2018,20117,Soybeans,Irrigated,4156.109643170335,14945.370276840527,4425.11350356971,15912.708158836676,2
2019,20117,Soybeans,Irrigated,3840.03010720107,13808.74826549505,4035.0579059906167,14510.06822994226,2
2020,20117,Soybeans,Irrigated,4250.260994310117,15283.93853553918,4411.663310549741,15864.34126473687,2
2021,20117,Soybeans,Irrigated,4573.065626789366,16444.74399393456,4687.3922674591,16855.862593782924,2
1990,20117,Soybeans,Non-Irrigated,1761.9752856159023,6336.063127074785,2696.7637005037295,9697.562267011412,2
1991,20117,Soybeans,Non-Irrigated,1136.541310187357,4087.002551433736,1708.174513536028,6142.595550675556,2
1992,20117,Soybeans,Non-Irrigated,2582.437059833995,9286.443667163046,3826.579914181101,13760.38137139524,2
1993,20117,Soybeans,Non-Irrigated,1916.6525053455432,6892.282409222574,2797.6401481534945,10060.313972759966,2
1994,20117,Soybeans,Non-Irrigated,2515.186094734151,9044.609196664009,3611.3768258616024,12986.511065798322,2
1995,20117,Soybeans,Non-Irrigated,1923.3776018555277,6916.465856272477,2723.6640865436666,9794.296055211023,2
1996,20117,Soybeans,Non-Irrigated,3140.620070162697,11293.66977230506,4384.762924509803,15767.607476537252,2
1997,20117,Soybeans,Non-Irrigated,2454.660226144292,8826.958173214873,3375.9984480121498,12140.09041905169,2
1998,20117,Soybeans,Non-Irrigated,2568.986866814026,9238.076773063238,3483.599992171899,12527.02557185015,2
1999,20117,Soybeans,Non-Irrigated,2239.4571378247924,8053.087867617954,2992.6679469430405,10761.633937207174,2
2000,20117,Soybeans,Non-Irrigated,1230.6926613271382,4425.570810132389,1620.7482589062313,5828.2107390268075,2
2001,20117,Soybeans,Non-Irrigated,2488.2857086942136,8947.875408464392,3234.7714213024783,11632.238031003712,2
2002,20117,Soybeans,Non-Irrigated,954.9637044177792,3434.0494810863343,1223.9675648171535,4401.387363082485,2
2003,20117,Soybeans,Non-Irrigated,981.8640904577168,3530.7832692859497,1244.1428543471068,4473.937704232196,2
2004,20117,Soybeans,Non-Irrigated,2696.7637005037295,9697.562267011412,3369.2733515021655,12115.906972001789,2
2005,20117,Soybeans,Non-Irrigated,3019.5683329829785,10858.367725406792,3725.703466531336,13397.629665646686,2
2006,20117,Soybeans,Non-Irrigated,2548.811577284073,9165.526431913526,3100.2694911027907,11148.569090005636,2
2007,20117,Soybeans,Non-Irrigated,2629.5127354038855,9455.727796512372,3160.79535969265,11366.22011345477,2
2008,20117,Soybeans,Non-Irrigated,2864.891113253338,10302.148443259004,3402.898834052087,12236.824207251304,2
2009,20117,Soybeans,Non-Irrigated,3174.245552712619,11414.587007554575,3725.703466531336,13397.629665646686,2
2010,20117,Soybeans,Non-Irrigated,2347.058681984542,8440.023020416413,2716.938990033682,9770.11260816112,2
2011,20117,Soybeans,Non-Irrigated,3180.9706492226032,11438.770454604482,3638.277211901539,13083.244853997936,2
2012,20117,Soybeans,Non-Irrigated,2017.5289529953084,7255.034114971129,2279.8077168846985,8198.188549917377,2
2013,20117,Soybeans,Non-Irrigated,2885.0664027832913,10374.698784408716,3228.046324792494,11608.054583953808,2
2014,20117,Soybeans,Non-Irrigated,2595.8872528539637,9334.810561262851,2871.6162097633223,10326.331890308908,2
2015,20117,Soybeans,Non-Irrigated,2495.0108052041983,8972.058855514297,2723.6640865436666,9794.296055211023,2
2016,20117,Soybeans,Non-Irrigated,3214.5961317725246,11559.687689854,3470.149799151931,12478.658677750343,2
2017,20117,Soybeans,Non-Irrigated,2051.15443554523,7375.951350220648,2192.3814622549016,7883.803738268626,2
2018,20117,Soybeans,Non-Irrigated,2730.389183053651,9818.479502260929,2885.0664027832913,10374.698784408716,2
2019,20117,Soybeans,Non-Irrigated,3597.926632841634,12938.144171698514,3759.3289490812576,13518.546900896205,2
2020,20117,Soybeans,Non-Irrigated,2878.341306273306,10350.51533735881,2972.4926574130877,10689.083596057464,2
2021,20117,Soybeans,Non-Irrigated,3510.500378211837,12623.759360049766,3591.2015363316486,12913.960724648608,2
1990,20127,Soybeans,Irrigated,3120.444780632744,11221.119431155348,4216.635511760195,15163.021300289662,2
1991,20127,Soybeans,Irrigated,2804.3652446634787,10084.49741980987,3752.603852571274,13494.3634538463,2
1992,20127,Soybeans,Irrigated,3120.444780632744,11221.119431155348,4129.209257130397,14848.63648864091,2
1993,20127,Soybeans,Irrigated,1667.8239344761216,5997.494868376133,2185.656365744918,7859.620291218723,2
1994,20127,Soybeans,Irrigated,3174.245552712619,11414.587007554575,4115.75906411043,14800.269594541103,2
1995,20127,Soybeans,Irrigated,2683.31350748376,9649.1953729116,3443.249413111994,12381.924889550728,2
1996,20127,Soybeans,Irrigated,3530.67566774179,12696.309701199478,4485.63937215957,16130.359182285812,2
1997,20127,Soybeans,Irrigated,3678.627790961446,13228.34553629736,4626.866398869241,16638.21157033379,2
1998,20127,Soybeans,Irrigated,3328.922772442259,11970.806289702365,4149.384546660351,14921.186829790622,2
1999,20127,Soybeans,Irrigated,3174.245552712619,11414.587007554575,3914.0061688108985,14074.766183043992,2
2000,20127,Soybeans,Irrigated,2555.536673794057,9189.70987896343,3120.444780632744,11221.119431155348,2
2001,20127,Soybeans,Irrigated,3449.974509621977,12406.10833660063,4176.284932700289,15017.920617990238,2
2002,20127,Soybeans,Irrigated,3039.7436225129313,10930.918066556502,3645.002308411524,13107.42830104784,2
2003,20127,Soybeans,Irrigated,2972.4926574130877,10689.083596057464,3530.67566774179,12696.309701199478,2
2004,20127,Soybeans,Irrigated,4014.882616460664,14437.517888792549,4721.017750009022,16976.779829032443,2
2005,20127,Soybeans,Irrigated,3584.4764398216644,12889.777277598703,4176.284932700289,15017.920617990238,2
2006,20127,Soybeans,Irrigated,3389.4486410321183,12188.457313151495,3914.0061688108985,14074.766183043992,2
2007,20127,Soybeans,Irrigated,3396.1737375421026,12212.6407602014,3887.105782770961,13978.032394844377,2
2008,20127,Soybeans,Irrigated,3429.7992200920244,12333.55799545092,3893.830879280945,14002.215841894278,2
2009,20127,Soybeans,Irrigated,3987.982230420726,14340.784100592931,4485.63937215957,16130.359182285812,2
2010,20127,Soybeans,Irrigated,2945.5922713731497,10592.349807857849,3281.847096872368,11801.522160353035,2
2011,20127,Soybeans,Irrigated,2985.9428504330563,10737.450490157273,3302.022386402322,11874.07250150275,2
2012,20127,Soybeans,Irrigated,3416.349027072056,12285.191101351113,3739.1536595513057,13445.996559746494,2
2013,20127,Soybeans,Irrigated,3725.703466531336,13397.629665646686,4048.5080990105857,14558.435124042067,2
2014,20127,Soybeans,Irrigated,3651.727404921508,13131.611748097745,3934.1814583408513,14147.316524193702,2
2015,20127,Soybeans,Irrigated,3597.926632841634,12938.144171698514,3840.03010720107,13808.74826549505,2
2016,20127,Soybeans,Irrigated,4055.2331955205696,14582.618571091967,4290.611573370023,15429.0392178386,2
2017,20127,Soybeans,Irrigated,3914.0061688108985,14074.766183043992,4109.033967600445,14776.086147491202,2
2018,20127,Soybeans,Irrigated,3557.5760537817273,12793.043489399091,3705.528177001383,13325.079324496974,2
2019,20127,Soybeans,Irrigated,3725.703466531336,13397.629665646686,3846.755203711055,13832.931712544954,2
2020,20127,Soybeans,Irrigated,4304.061766389991,15477.406111938408,4411.663310549741,15864.34126473687,2
2021,20127,Soybeans,Irrigated,4310.786862899975,15501.589558988311,4378.037827999819,15743.424029487349,2
1990,20127,Soybeans,Non-Irrigated,1230.6926613271382,4425.570810132389,1943.5528913854805,6989.016197422187,2
1991,20127,Soybeans,Non-Irrigated,901.1629323379044,3240.5819046871047,1398.8200740767472,5030.156986379983,2
1992,20127,Soybeans,Non-Irrigated,2367.2339715144954,8512.573361566125,3611.3768258616024,12986.511065798322,2
1993,20127,Soybeans,Non-Irrigated,2037.7042425252616,7327.584456120841,3059.918912042884,11003.468407706212,2
1994,20127,Soybeans,Non-Irrigated,2044.429339035246,7351.767903170745,3019.5683329829785,10858.367725406792,2
1995,20127,Soybeans,Non-Irrigated,1439.170653136653,5175.257668679405,2091.5050146051367,7521.052032520071,2
1996,20127,Soybeans,Non-Irrigated,2488.2857086942136,8947.875408464392,3557.5760537817273,12793.043489399091,2
1997,20127,Soybeans,Non-Irrigated,2737.114279563635,9842.662949310832,3853.480300221039,13857.115159594858,2
1998,20127,Soybeans,Non-Irrigated,1721.624706555997,6190.962444775364,2387.409261044448,8585.123702715835,2
1999,20127,Soybeans,Non-Irrigated,1627.4733554162156,5852.394186076711,2219.281848294839,7980.537526468242,2
2000,20127,Soybeans,Non-Irrigated,611.9837824085769,2200.6936815412423,820.461774218092,2950.380540088259,2
2001,20127,Soybeans,Non-Irrigated,2017.5289529953084,7255.034114971129,2669.8633144637915,9600.828478811794,2
2002,20127,Soybeans,Non-Irrigated,988.5891869677012,3554.9667163358536,1291.2185299169976,4643.221833581523,2
2003,20127,Soybeans,Non-Irrigated,914.6131253578732,3288.948798786912,1176.8918892472632,4232.103233733158,2
2004,20127,Soybeans,Non-Irrigated,2212.556751784855,7956.354079418338,2804.3652446634787,10084.49741980987,2
2005,20127,Soybeans,Non-Irrigated,2360.508875004511,8488.389914516221,2952.317367883135,10616.533254907754,2
2006,20127,Soybeans,Non-Irrigated,1728.3498030659807,6215.1458918252665,2131.8555936650423,7666.152714819493,2
2007,20127,Soybeans,Non-Irrigated,1318.118915956935,4739.955621781139,1607.2980658862623,5779.843844927,2
2008,20127,Soybeans,Non-Irrigated,2219.281848294839,7980.537526468242,2663.1382179538073,9576.645031761893,2
2009,20127,Soybeans,Non-Irrigated,2992.6679469430405,10761.633937207174,3544.1258607617588,12744.676595299285,2
2010,20127,Soybeans,Non-Irrigated,1681.2741274960904,6045.861762475941,1963.7281809154335,7061.566538571899,2
2011,20127,Soybeans,Non-Irrigated,1062.5652485775292,3820.984633884795,1223.9675648171535,4401.387363082485,2
2012,20127,Soybeans,Non-Irrigated,1008.7644764976542,3627.5170574855647,1149.991503207326,4135.3694455335435,2
2013,20127,Soybeans,Non-Irrigated,2152.0308831949956,7738.703055969204,2421.03474359437,8706.040937965354,2
2014,20127,Soybeans,Non-Irrigated,2010.803856485324,7230.850667921226,2232.732041314808,8028.90442056805,2
2015,20127,Soybeans,Non-Irrigated,2387.409261044448,8585.123702715835,2622.7876388939007,9431.544349462469,2
2016,20127,Soybeans,Non-Irrigated,3221.321228282509,11583.871136903905,3497.050185191868,12575.392465949955,2
2017,20127,Soybeans,Non-Irrigated,2380.684164534464,8560.940255665932,2555.536673794057,9189.70987896343,2
2018,20127,Soybeans,Non-Irrigated,2279.8077168846985,8198.188549917377,2414.3096470843857,8681.85749091545,2
2019,20127,Soybeans,Non-Irrigated,2992.6679469430405,10761.633937207174,3133.8949736527125,11269.486325255157,2
2020,20127,Soybeans,Non-Irrigated,2622.7876388939007,9431.544349462469,2716.938990033682,9770.11260816112,2
2021,20127,Soybeans,Non-Irrigated,2441.210033124323,8778.591279115066,2501.7359017141825,8996.2423025642,2
1990,20131,Soybeans,Irrigated,2131.8555936650423,7666.152714819493,3645.002308411524,13107.42830104784,2
1991,20131,Soybeans,Irrigated,1452.620846156622,5223.624562779213,2427.7598401043547,8730.224385015259,2
1992,20131,Soybeans,Irrigated,2750.5644725836037,9891.02984341064,4505.814661689522,16202.90952343552,2
1993,20131,Soybeans,Irrigated,1761.9752856159023,6336.063127074785,2831.2656307034163,10181.231208009483,2
1994,20131,Soybeans,Irrigated,2400.859454064417,8633.490596815644,3779.5042386112113,13591.097242045917,2
1995,20131,Soybeans,Irrigated,2051.15443554523,7375.951350220648,3167.5204562026343,11390.403560504674,2
1996,20131,Soybeans,Irrigated,3261.6718073424154,11728.971819203323,4936.2208383285215,17750.650134629363,2
1997,20131,Soybeans,Irrigated,2737.114279563635,9842.662949310832,4061.9582920305543,14606.802018141874,2
1998,20131,Soybeans,Irrigated,2676.588410973776,9625.011925861698,3900.55597579093,14026.399288944183,2
1999,20131,Soybeans,Irrigated,2165.481076214965,7787.0699500690125,3100.2694911027907,11148.569090005636,2
2000,20131,Soybeans,Irrigated,1445.8957496466378,5199.44111572931,2030.9791460152771,7303.401009070937,2
2001,20131,Soybeans,Irrigated,2703.488797013714,9721.745714061317,3739.1536595513057,13445.996559746494,2
2002,20131,Soybeans,Irrigated,1250.8679508570913,4498.1211512821,1701.4494170260434,6118.412103625652,2
2003,20131,Soybeans,Irrigated,1149.991503207326,4135.3694455335435,1533.3220042764344,5513.825927378059,2
2004,20131,Soybeans,Irrigated,3147.345166672681,11317.853219354962,4135.934353640382,14872.819935690815,2
2005,20131,Soybeans,Irrigated,3120.444780632744,11221.119431155348,4035.0579059906167,14510.06822994226,2
2006,20131,Soybeans,Irrigated,2636.23783191387,9479.911243562276,3349.098061972212,12043.356630852071,2
2007,20131,Soybeans,Irrigated,3167.5204562026343,11390.403560504674,3961.081844380789,14244.050312393318,2
2008,20131,Soybeans,Irrigated,2764.0146656035727,9939.396737510448,3402.898834052087,12236.824207251304,2
2009,20131,Soybeans,Irrigated,3638.277211901539,13083.244853997936,4411.663310549741,15864.34126473687,2
2010,20131,Soybeans,Irrigated,2313.4331994346203,8319.105785166896,2764.0146656035727,9939.396737510448,2
2011,20131,Soybeans,Irrigated,3456.6996061319614,12430.291783650531,4068.683388540539,14630.98546519178,2
2012,20131,Soybeans,Irrigated,1560.222390316372,5610.559715577674,1809.050961185793,6505.347256424112,2
2013,20131,Soybeans,Irrigated,3423.07412358204,12309.374548401016,3914.0061688108985,14074.766183043992,2
2014,20131,Soybeans,Irrigated,3086.8192980828217,11100.202195905827,3476.874895661915,12502.842124800249,2
2015,20131,Soybeans,Irrigated,2427.7598401043547,8730.224385015259,2696.7637005037295,9697.562267011412,2
2016,20131,Soybeans,Irrigated,3880.380686260977,13953.848947794477,4250.260994310117,15283.93853553918,2
2017,20131,Soybeans,Irrigated,2293.2579099046675,8246.555444017184,2481.5606121842293,8923.691961414488,2
2018,20131,Soybeans,Irrigated,2851.440920233369,10253.781549159195,3039.7436225129313,10930.918066556502,2
2019,20131,Soybeans,Irrigated,3900.55597579093,14026.399288944183,4102.30887109046,14751.902700441296,2
2020,20131,Soybeans,Irrigated,3228.046324792494,11608.054583953808,3355.823158482196,12067.540077901976,2
2021,20131,Soybeans,Irrigated,4055.2331955205696,14582.618571091967,4156.109643170335,14945.370276840527,2
1990,20131,Soybeans,Non-Irrigated,2131.8555936650423,7666.152714819493,3645.002308411524,13107.42830104784,2
1991,20131,Soybeans,Non-Irrigated,1452.620846156622,5223.624562779213,2427.7598401043547,8730.224385015259,2
1992,20131,Soybeans,Non-Irrigated,2750.5644725836037,9891.02984341064,4505.814661689522,16202.90952343552,2
1993,20131,Soybeans,Non-Irrigated,1761.9752856159023,6336.063127074785,2831.2656307034163,10181.231208009483,2
1994,20131,Soybeans,Non-Irrigated,2400.859454064417,8633.490596815644,3779.5042386112113,13591.097242045917,2
1995,20131,Soybeans,Non-Irrigated,2051.15443554523,7375.951350220648,3167.5204562026343,11390.403560504674,2
1996,20131,Soybeans,Non-Irrigated,3261.6718073424154,11728.971819203323,4936.2208383285215,17750.650134629363,2
1997,20131,Soybeans,Non-Irrigated,2737.114279563635,9842.662949310832,4061.9582920305543,14606.802018141874,2
1998,20131,Soybeans,Non-Irrigated,2676.588410973776,9625.011925861698,3900.55597579093,14026.399288944183,2
1999,20131,Soybeans,Non-Irrigated,2165.481076214965,7787.0699500690125,3100.2694911027907,11148.569090005636,2
2000,20131,Soybeans,Non-Irrigated,1445.8957496466378,5199.44111572931,2030.9791460152771,7303.401009070937,2
2001,20131,Soybeans,Non-Irrigated,2703.488797013714,9721.745714061317,3739.1536595513057,13445.996559746494,2
2002,20131,Soybeans,Non-Irrigated,1250.8679508570913,4498.1211512821,1701.4494170260434,6118.412103625652,2
2003,20131,Soybeans,Non-Irrigated,1149.991503207326,4135.3694455335435,1533.3220042764344,5513.825927378059,2
2004,20131,Soybeans,Non-Irrigated,3147.345166672681,11317.853219354962,4135.934353640382,14872.819935690815,2
2005,20131,Soybeans,Non-Irrigated,3120.444780632744,11221.119431155348,4035.0579059906167,14510.06822994226,2
2006,20131,Soybeans,Non-Irrigated,2636.23783191387,9479.911243562276,3349.098061972212,12043.356630852071,2
2007,20131,Soybeans,Non-Irrigated,3167.5204562026343,11390.403560504674,3961.081844380789,14244.050312393318,2
2008,20131,Soybeans,Non-Irrigated,2764.0146656035727,9939.396737510448,3402.898834052087,12236.824207251304,2
2009,20131,Soybeans,Non-Irrigated,3638.277211901539,13083.244853997936,4411.663310549741,15864.34126473687,2
2010,20131,Soybeans,Non-Irrigated,2313.4331994346203,8319.105785166896,2764.0146656035727,9939.396737510448,2
2011,20131,Soybeans,Non-Irrigated,3456.6996061319614,12430.291783650531,4068.683388540539,14630.98546519178,2
2012,20131,Soybeans,Non-Irrigated,1560.222390316372,5610.559715577674,1809.050961185793,6505.347256424112,2
2013,20131,Soybeans,Non-Irrigated,3423.07412358204,12309.374548401016,3914.0061688108985,14074.766183043992,2
2014,20131,Soybeans,Non-Irrigated,3086.8192980828217,11100.202195905827,3476.874895661915,12502.842124800249,2
2015,20131,Soybeans,Non-Irrigated,2427.7598401043547,8730.224385015259,2696.7637005037295,9697.562267011412,2
2016,20131,Soybeans,Non-Irrigated,3880.380686260977,13953.848947794477,4250.260994310117,15283.93853553918,2
2017,20131,Soybeans,Non-Irrigated,2293.2579099046675,8246.555444017184,2481.5606121842293,8923.691961414488,2
2018,20131,Soybeans,Non-Irrigated,2851.440920233369,10253.781549159195,3039.7436225129313,10930.918066556502,2
2019,20131,Soybeans,Non-Irrigated,3900.55597579093,14026.399288944183,4102.30887109046,14751.902700441296,2
2020,20131,Soybeans,Non-Irrigated,3228.046324792494,11608.054583953808,3355.823158482196,12067.540077901976,2
2021,20131,Soybeans,Non-Irrigated,4055.2331955205696,14582.618571091967,4156.109643170335,14945.370276840527,2
1990,20139,Soybeans,Irrigated,3120.444780632744,11221.119431155348,4149.384546660351,14921.186829790622,2
1991,20139,Soybeans,Irrigated,2871.6162097633223,10326.331890308908,3779.5042386112113,13591.097242045917,2
1992,20139,Soybeans,Irrigated,3160.79535969265,11366.22011345477,4122.484160620414,14824.453041591009,2
1993,20139,Soybeans,Irrigated,1607.2980658862623,5779.843844927,2078.0548215851677,7472.685138420264,2
1994,20139,Soybeans,Irrigated,3248.2216143224464,11680.604925103518,4156.109643170335,14945.370276840527,2
1995,20139,Soybeans,Irrigated,2703.488797013714,9721.745714061317,3423.07412358204,12309.374548401016,2
1996,20139,Soybeans,Irrigated,3537.4007642517745,12720.49314824938,4438.563696589678,15961.075052936483,2
1997,20139,Soybeans,Irrigated,3678.627790961446,13228.34553629736,4573.065626789366,16444.74399393456,2
1998,20139,Soybeans,Irrigated,3322.1976759322747,11946.62284265246,4088.858678070492,14703.53580634149,2
1999,20139,Soybeans,Irrigated,3180.9706492226032,11438.770454604482,3880.380686260977,13953.848947794477,2
2000,20139,Soybeans,Irrigated,2542.0864807740886,9141.342984863622,3073.3691050628536,11051.835301806022,2
2001,20139,Soybeans,Irrigated,3402.898834052087,12236.824207251304,4075.4084850505233,14655.168912241685,2
2002,20139,Soybeans,Irrigated,3059.918912042884,11003.468407706212,3631.552115391555,13059.061406948033,2
2003,20139,Soybeans,Irrigated,2945.5922713731497,10592.349807857849,3470.149799151931,12478.658677750343,2
2004,20139,Soybeans,Irrigated,4021.607712970648,14461.701335842452,4694.117363969084,16880.046040832825,2
2005,20139,Soybeans,Irrigated,3618.101922371586,13010.694512848224,4183.010029210273,15042.104065040145,2
2006,20139,Soybeans,Irrigated,3375.9984480121498,12140.09041905169,3873.655589750992,13929.665500744568,2
2007,20139,Soybeans,Irrigated,3362.548254992181,12091.723524951882,3819.854817671117,13736.197924345335,2
2008,20139,Soybeans,Irrigated,3308.747482912306,11898.255948552653,3725.703466531336,13397.629665646686,2
2009,20139,Soybeans,Irrigated,3987.982230420726,14340.784100592931,4458.738986119632,16033.625394086195,2
2010,20139,Soybeans,Irrigated,2972.4926574130877,10689.083596057464,3295.2972898923367,11849.889054452844,2
2011,20139,Soybeans,Irrigated,2992.6679469430405,10761.633937207174,3288.5721933823525,11825.70560740294,2
2012,20139,Soybeans,Irrigated,3382.7235445221336,12164.273866101592,3685.3528874714298,13252.528983347262,2
2013,20139,Soybeans,Irrigated,3651.727404921508,13131.611748097745,3947.631651360821,14195.683418293513,2
2014,20139,Soybeans,Irrigated,3645.002308411524,13107.42830104784,3907.2810723009143,14050.582735994089,2
2015,20139,Soybeans,Irrigated,3577.751343311681,12865.593830548803,3806.404624651149,13687.83103024553,2
2016,20139,Soybeans,Irrigated,4061.9582920305543,14606.802018141874,4283.886476860039,15404.8557707887,2
2017,20139,Soybeans,Irrigated,3947.631651360821,14195.683418293513,4135.934353640382,14872.819935690815,2
2018,20139,Soybeans,Irrigated,3618.101922371586,13010.694512848224,3759.3289490812576,13518.546900896205,2
2019,20139,Soybeans,Irrigated,3718.978370021352,13373.446218596782,3833.3050106910864,13784.564818445147,2
2020,20139,Soybeans,Irrigated,4243.535897800132,15259.755088489275,4337.687248939913,15598.323347187928,2
2021,20139,Soybeans,Irrigated,4290.611573370023,15429.0392178386,4357.862538469866,15670.87368833764,2
1990,20139,Soybeans,Non-Irrigated,1479.5212321965596,5320.358350978829,2273.082620374714,8174.005102867472,2
1991,20139,Soybeans,Non-Irrigated,1109.6409241474196,3990.268763234121,1674.549030986106,6021.6783154260365,2
1992,20139,Soybeans,Non-Irrigated,2562.261770304042,9213.893326013334,3806.404624651149,13687.83103024553,2
1993,20139,Soybeans,Non-Irrigated,1923.3776018555277,6916.465856272477,2817.8154376834473,10132.864313909677,2
1994,20139,Soybeans,Non-Irrigated,2125.1304971550585,7641.96926776959,3059.918912042884,11003.468407706212,2
1995,20139,Soybeans,Non-Irrigated,1802.325864675809,6481.163809374209,2555.536673794057,9189.70987896343,2
1996,20139,Soybeans,Non-Irrigated,2777.464858623541,9987.763631610254,3887.105782770961,13978.032394844377,2
1997,20139,Soybeans,Non-Irrigated,2521.9111912441354,9068.79264371391,3476.874895661915,12502.842124800249,2
1998,20139,Soybeans,Non-Irrigated,1708.174513536028,6142.595550675556,2320.158295944605,8343.289232216799,2
1999,20139,Soybeans,Non-Irrigated,1856.126636755684,6674.631385773439,2488.2857086942136,8947.875408464392,2
2000,20139,Soybeans,Non-Irrigated,538.0077207987489,1934.675763992301,712.8602300583423,2563.445387289799,2
2001,20139,Soybeans,Non-Irrigated,1957.0030844054493,7037.383091521996,2548.811577284073,9165.526431913526,2
2002,20139,Soybeans,Non-Irrigated,1217.2424683071697,4377.203916032581,1566.9474868263562,5634.7431626275775,2
2003,20139,Soybeans,Non-Irrigated,1257.5930473670755,4522.3045983320035,1593.8478728662938,5731.476950827193,2
2004,20139,Soybeans,Non-Irrigated,2837.990727213401,10205.41465505939,3550.850957271743,12768.860042349188,2
2005,20139,Soybeans,Non-Irrigated,2474.835515674245,8899.508514364585,3059.918912042884,11003.468407706212,2
2006,20139,Soybeans,Non-Irrigated,1977.1783739354023,7109.933432671707,2407.584550574401,8657.674043865545,2
2007,20139,Soybeans,Non-Irrigated,1492.971425216528,5368.7252450786355,1795.6007681658243,6456.980362324304,2
2008,20139,Soybeans,Non-Irrigated,2165.481076214965,7787.0699500690125,2575.71196332401,9262.26022011314,2
2009,20139,Soybeans,Non-Irrigated,2864.891113253338,10302.148443259004,3362.548254992181,12091.723524951882,2
2010,20139,Soybeans,Non-Irrigated,1977.1783739354023,7109.933432671707,2293.2579099046675,8246.555444017184,2
2011,20139,Soybeans,Non-Irrigated,1412.270267096716,5078.523880479791,1620.7482589062313,5828.2107390268075,2
2012,20139,Soybeans,Non-Irrigated,1156.71659971731,4159.552892583448,1311.3938194469504,4715.7721747312335,2
2013,20139,Soybeans,Non-Irrigated,2495.0108052041983,8972.058855514297,2790.91505164351,10036.130525710065,2
2014,20139,Soybeans,Non-Irrigated,2111.6803041350895,7593.602373669782,2333.6084889645736,8391.656126316606,2
2015,20139,Soybeans,Non-Irrigated,2542.0864807740886,9141.342984863622,2777.464858623541,9987.763631610254,2
2016,20139,Soybeans,Non-Irrigated,3167.5204562026343,11390.403560504674,3423.07412358204,12309.374548401016,2
2017,20139,Soybeans,Non-Irrigated,3201.145938752556,11511.320795754193,3423.07412358204,12309.374548401016,2
2018,20139,Soybeans,Non-Irrigated,2589.1621563439794,9310.62711421295,2737.114279563635,9842.662949310832,2
2019,20139,Soybeans,Non-Irrigated,2871.6162097633223,10326.331890308908,2999.3930434530257,10785.81738425708,2
2020,20139,Soybeans,Non-Irrigated,2434.484936614339,8754.407832065162,2515.186094734151,9044.609196664009,2
2021,20139,Soybeans,Non-Irrigated,2723.6640865436666,9794.296055211023,2784.1899551335255,10011.947078660158,2
1990,20149,Soybeans,Irrigated,2387.409261044448,8585.123702715835,3375.9984480121498,12140.09041905169,2
1991,20149,Soybeans,Irrigated,1735.0748995759654,6239.329338875172,2427.7598401043547,8730.224385015259,2
1992,20149,Soybeans,Irrigated,3046.4687190229156,10955.101513606403,4203.185318740226,15114.654406189851,2
1993,20149,Soybeans,Irrigated,2030.9791460152771,7303.401009070937,2770.7397621135574,9963.580184560353,2
1994,20149,Soybeans,Irrigated,2616.0625423839165,9407.360902412564,3523.950571231805,12672.12625414957,2
1995,20149,Soybeans,Irrigated,2064.6046285651987,7424.318244320455,2750.5644725836037,9891.02984341064,2
1996,20149,Soybeans,Irrigated,3046.4687190229156,10955.101513606403,4008.15751995068,14413.334441742643,2
1997,20149,Soybeans,Irrigated,2555.536673794057,9189.70987896343,3322.1976759322747,11946.62284265246,2
1998,20149,Soybeans,Irrigated,2636.23783191387,9479.911243562276,3389.4486410321183,12188.457313151495,2
1999,20149,Soybeans,Irrigated,2313.4331994346203,8319.105785166896,2938.8671748631664,10568.166360807949,2
2000,20149,Soybeans,Irrigated,1506.421618236497,5417.092139178443,1896.47721581559,6819.732068072862,2
2001,20149,Soybeans,Irrigated,2468.1104191642607,8875.325067314681,3066.644008552869,11027.651854756115,2
2002,20149,Soybeans,Irrigated,1795.6007681658243,6456.980362324304,2205.8316552748706,7932.170632368435,2
2003,20149,Soybeans,Irrigated,1573.6725833363405,5658.926609677481,1916.6525053455432,6892.282409222574,2
2004,20149,Soybeans,Irrigated,3086.8192980828217,11100.202195905827,3712.253273511368,13349.26277154688,2
2005,20149,Soybeans,Irrigated,2723.6640865436666,9794.296055211023,3241.4965178124626,11656.421478053617,2
2006,20149,Soybeans,Irrigated,2051.15443554523,7375.951350220648,2414.3096470843857,8681.85749091545,2
2007,20149,Soybeans,Irrigated,2609.337445873932,9383.17745536266,3039.7436225129313,10930.918066556502,2
2008,20149,Soybeans,Irrigated,2945.5922713731497,10592.349807857849,3396.1737375421026,12212.6407602014,2
2009,20149,Soybeans,Irrigated,3530.67566774179,12696.309701199478,4035.0579059906167,14510.06822994226,2
2010,20149,Soybeans,Irrigated,2071.329725075183,7448.501691370359,2340.333585474558,8415.83957336651,2
2011,20149,Soybeans,Irrigated,2501.7359017141825,8996.2423025642,2797.6401481534945,10060.313972759966,2
2012,20149,Soybeans,Irrigated,1869.5768297756529,6722.998279873247,2071.329725075183,7448.501691370359,2
2013,20149,Soybeans,Irrigated,2864.891113253338,10302.148443259004,3140.620070162697,11293.66977230506,2
2014,20149,Soybeans,Irrigated,2864.891113253338,10302.148443259004,3113.719684122759,11196.935984105445,2
2015,20149,Soybeans,Irrigated,2595.8872528539637,9334.810561262851,2790.91505164351,10036.130525710065,2
2016,20149,Soybeans,Irrigated,3490.3250886818837,12551.209018900054,3718.978370021352,13373.446218596782,2
2017,20149,Soybeans,Irrigated,2952.317367883135,10616.533254907754,3120.444780632744,11221.119431155348,2
2018,20149,Soybeans,Irrigated,2656.413121443823,9552.461584711988,2777.464858623541,9987.763631610254,2
2019,20149,Soybeans,Irrigated,3382.7235445221336,12164.273866101592,3503.775281701852,12599.57591299986,2
2020,20149,Soybeans,Irrigated,3133.8949736527125,11269.486325255157,3221.321228282509,11583.871136903905,2
2021,20149,Soybeans,Irrigated,3147.345166672681,11317.853219354962,3201.145938752556,11511.320795754193,2
1990,20149,Soybeans,Non-Irrigated,2387.409261044448,8585.123702715835,3375.9984480121498,12140.09041905169,2
1991,20149,Soybeans,Non-Irrigated,1735.0748995759654,6239.329338875172,2427.7598401043547,8730.224385015259,2
1992,20149,Soybeans,Non-Irrigated,3046.4687190229156,10955.101513606403,4203.185318740226,15114.654406189851,2
1993,20149,Soybeans,Non-Irrigated,2030.9791460152771,7303.401009070937,2770.7397621135574,9963.580184560353,2
1994,20149,Soybeans,Non-Irrigated,2616.0625423839165,9407.360902412564,3523.950571231805,12672.12625414957,2
1995,20149,Soybeans,Non-Irrigated,2064.6046285651987,7424.318244320455,2750.5644725836037,9891.02984341064,2
1996,20149,Soybeans,Non-Irrigated,3046.4687190229156,10955.101513606403,4008.15751995068,14413.334441742643,2
1997,20149,Soybeans,Non-Irrigated,2555.536673794057,9189.70987896343,3322.1976759322747,11946.62284265246,2
1998,20149,Soybeans,Non-Irrigated,2636.23783191387,9479.911243562276,3389.4486410321183,12188.457313151495,2
1999,20149,Soybeans,Non-Irrigated,2313.4331994346203,8319.105785166896,2938.8671748631664,10568.166360807949,2
2000,20149,Soybeans,Non-Irrigated,1506.421618236497,5417.092139178443,1896.47721581559,6819.732068072862,2
2001,20149,Soybeans,Non-Irrigated,2468.1104191642607,8875.325067314681,3066.644008552869,11027.651854756115,2
2002,20149,Soybeans,Non-Irrigated,1795.6007681658243,6456.980362324304,2205.8316552748706,7932.170632368435,2
2003,20149,Soybeans,Non-Irrigated,1573.6725833363405,5658.926609677481,1916.6525053455432,6892.282409222574,2
2004,20149,Soybeans,Non-Irrigated,3086.8192980828217,11100.202195905827,3712.253273511368,13349.26277154688,2
2005,20149,Soybeans,Non-Irrigated,2723.6640865436666,9794.296055211023,3241.4965178124626,11656.421478053617,2
2006,20149,Soybeans,Non-Irrigated,2051.15443554523,7375.951350220648,2414.3096470843857,8681.85749091545,2
2007,20149,Soybeans,Non-Irrigated,2609.337445873932,9383.17745536266,3039.7436225129313,10930.918066556502,2
2008,20149,Soybeans,Non-Irrigated,2945.5922713731497,10592.349807857849,3396.1737375421026,12212.6407602014,2
2009,20149,Soybeans,Non-Irrigated,3530.67566774179,12696.309701199478,4035.0579059906167,14510.06822994226,2
2010,20149,Soybeans,Non-Irrigated,2071.329725075183,7448.501691370359,2340.333585474558,8415.83957336651,2
2011,20149,Soybeans,Non-Irrigated,2501.7359017141825,8996.2423025642,2797.6401481534945,10060.313972759966,2
2012,20149,Soybeans,Non-Irrigated,1869.5768297756529,6722.998279873247,2071.329725075183,7448.501691370359,2
2013,20149,Soybeans,Non-Irrigated,2864.891113253338,10302.148443259004,3140.620070162697,11293.66977230506,2
2014,20149,Soybeans,Non-Irrigated,2864.891113253338,10302.148443259004,3113.719684122759,11196.935984105445,2
2015,20149,Soybeans,Non-Irrigated,2595.8872528539637,9334.810561262851,2790.91505164351,10036.130525710065,2
2016,20149,Soybeans,Non-Irrigated,3490.3250886818837,12551.209018900054,3718.978370021352,13373.446218596782,2
2017,20149,Soybeans,Non-Irrigated,2952.317367883135,10616.533254907754,3120.444780632744,11221.119431155348,2
2018,20149,Soybeans,Non-Irrigated,2656.413121443823,9552.461584711988,2777.464858623541,9987.763631610254,2
2019,20149,Soybeans,Non-Irrigated,3382.7235445221336,12164.273866101592,3503.775281701852,12599.57591299986,2
2020,20149,Soybeans,Non-Irrigated,3133.8949736527125,11269.486325255157,3221.321228282509,11583.871136903905,2
2021,20149,Soybeans,Non-Irrigated,3147.345166672681,11317.853219354962,3201.145938752556,11511.320795754193,2
1990,20161,Soybeans,Irrigated,3180.9706492226032,11438.770454604482,4135.934353640382,14872.819935690815,2
1991,20161,Soybeans,Irrigated,3194.420842242572,11487.13734870429,4115.75906411043,14800.269594541103,2
1992,20161,Soybeans,Irrigated,3382.7235445221336,12164.273866101592,4317.511959409961,15525.773006038218,2
1993,20161,Soybeans,Irrigated,1903.2023123255744,6843.915515122765,2407.584550574401,8657.674043865545,2
1994,20161,Soybeans,Irrigated,3261.6718073424154,11728.971819203323,4088.858678070492,14703.53580634149,2
1995,20161,Soybeans,Irrigated,2764.0146656035727,9939.396737510448,3436.5243166020086,12357.741442500825,2
1996,20161,Soybeans,Irrigated,3530.67566774179,12696.309701199478,4351.137441959882,15646.690241287735,2
1997,20161,Soybeans,Irrigated,3571.026246801696,12841.410383498898,4364.587634979851,15695.057135387544,2
1998,20161,Soybeans,Irrigated,3268.3969038523996,11753.155266253229,3961.081844380789,14244.050312393318,2
1999,20161,Soybeans,Irrigated,3100.2694911027907,11148.569090005636,3725.703466531336,13397.629665646686,2
2000,20161,Soybeans,Irrigated,2427.7598401043547,8730.224385015259,2891.7914992932756,10398.88223145862,2
2001,20161,Soybeans,Irrigated,3355.823158482196,12067.540077901976,3967.806940890773,14268.23375944322,2
2002,20161,Soybeans,Irrigated,3039.7436225129313,10930.918066556502,3564.3011502917116,12817.226936448997,2
2003,20161,Soybeans,Irrigated,2885.0664027832913,10374.698784408716,3355.823158482196,12067.540077901976,2
2004,20161,Soybeans,Irrigated,3813.129721161133,13712.014477295435,4398.213117529773,15815.974370637065,2
2005,20161,Soybeans,Irrigated,3423.07412358204,12309.374548401016,3914.0061688108985,14074.766183043992,2
2006,20161,Soybeans,Irrigated,3194.420842242572,11487.13734870429,3624.827018881571,13034.87795989813,2
2007,20161,Soybeans,Irrigated,3275.122000362384,11777.338713303132,3692.0779839814145,13276.712430397169,2
2008,20161,Soybeans,Irrigated,3409.623930562071,12261.007654301207,3813.129721161133,13712.014477295435,2
2009,20161,Soybeans,Irrigated,4014.882616460664,14437.517888792549,4452.013889609648,16009.441947036294,2
2010,20161,Soybeans,Irrigated,2938.8671748631664,10568.166360807949,3234.7714213024783,11632.238031003712,2
2011,20161,Soybeans,Irrigated,2925.416981843197,10519.799466708137,3194.420842242572,11487.13734870429,2
2012,20161,Soybeans,Irrigated,3476.874895661915,12502.842124800249,3766.054045591243,13542.73034794611,2
2013,20161,Soybeans,Irrigated,3685.3528874714298,13252.528983347262,3961.081844380789,14244.050312393318,2
2014,20161,Soybeans,Irrigated,3611.3768258616024,12986.511065798322,3853.480300221039,13857.115159594858,2
2015,20161,Soybeans,Irrigated,3523.950571231805,12672.12625414957,3732.428563041321,13421.813112696587,2
2016,20161,Soybeans,Irrigated,4021.607712970648,14461.701335842452,4230.085704780164,15211.388194389468,2
2017,20161,Soybeans,Irrigated,3893.830879280945,14002.215841894278,4068.683388540539,14630.98546519178,2
2018,20161,Soybeans,Irrigated,3611.3768258616024,12986.511065798322,3745.8787560612896,13470.180006796398,2
2019,20161,Soybeans,Irrigated,3685.3528874714298,13252.528983347262,3792.95443163118,13639.464136145723,2
2020,20161,Soybeans,Irrigated,4277.161380350054,15380.672323738794,4371.312731489835,15719.240582437444,2
2021,20161,Soybeans,Irrigated,4330.962152429929,15574.139900138023,4391.488021019788,15791.790923587158,2
1990,20161,Soybeans,Non-Irrigated,1802.325864675809,6481.163809374209,2858.166016743354,10277.9649962091,2
1991,20161,Soybeans,Non-Irrigated,1479.5212321965596,5320.358350978829,2306.7081029246356,8294.92233811699,2
1992,20161,Soybeans,Non-Irrigated,2495.0108052041983,8972.058855514297,3819.854817671117,13736.197924345335,2
1993,20161,Soybeans,Non-Irrigated,2051.15443554523,7375.951350220648,3086.8192980828217,11100.202195905827,2
1994,20161,Soybeans,Non-Irrigated,2568.986866814026,9238.076773063238,3806.404624651149,13687.83103024553,2
1995,20161,Soybeans,Non-Irrigated,1876.301926285637,6747.18172692315,2730.389183053651,9818.479502260929,2
1996,20161,Soybeans,Non-Irrigated,2555.536673794057,9189.70987896343,3665.177597941477,13179.978642197551,2
1997,20161,Soybeans,Non-Irrigated,2219.281848294839,7980.537526468242,3127.169877142728,11245.302878205252,2
1998,20161,Soybeans,Non-Irrigated,2474.835515674245,8899.508514364585,3436.5243166020086,12357.741442500825,2
1999,20161,Soybeans,Non-Irrigated,2219.281848294839,7980.537526468242,3033.018526002947,10906.734619506598,2
2000,20161,Soybeans,Non-Irrigated,1123.0911171673883,4038.635657333929,1513.1467147464814,5441.2755862283475,2
2001,20161,Soybeans,Non-Irrigated,2239.4571378247924,8053.087867617954,2972.4926574130877,10689.083596057464,2
2002,20161,Soybeans,Non-Irrigated,1170.166792737279,4207.919786683255,1526.59690776645,5489.642480328154,2
2003,20161,Soybeans,Non-Irrigated,1089.4656346174663,3917.7184220844097,1405.5451705867315,5054.340433429887,2
2004,20161,Soybeans,Non-Irrigated,2790.91505164351,10036.130525710065,3544.1258607617588,12744.676595299285,2
2005,20161,Soybeans,Non-Irrigated,2878.341306273306,10350.51533735881,3604.651729351618,12962.32761874842,2
2006,20161,Soybeans,Non-Irrigated,2145.3057866850113,7714.5196089193005,2649.6880249338387,9528.278137662084,2
2007,20161,Soybeans,Non-Irrigated,2528.63628775412,9092.976090763816,3080.0942015728374,11076.018748855924,2
2008,20161,Soybeans,Non-Irrigated,2905.241692313244,10447.249125558426,3490.3250886818837,12551.209018900054,2
2009,20161,Soybeans,Non-Irrigated,3503.775281701852,12599.57591299986,4156.109643170335,14945.370276840527,2
2010,20161,Soybeans,Non-Irrigated,2246.1822343347767,8077.271314667857,2629.5127354038855,9455.727796512372,2
2011,20161,Soybeans,Non-Irrigated,2454.660226144292,8826.958173214873,2837.990727213401,10205.41465505939,2
2012,20161,Soybeans,Non-Irrigated,1936.827794875496,6964.832750372284,2205.8316552748706,7932.170632368435,2
2013,20161,Soybeans,Non-Irrigated,2622.7876388939007,9431.544349462469,2952.317367883135,10616.533254907754,2
2014,20161,Soybeans,Non-Irrigated,2508.460998224167,9020.425749614104,2790.91505164351,10036.130525710065,2
2015,20161,Soybeans,Non-Irrigated,2851.440920233369,10253.781549159195,3133.8949736527125,11269.486325255157,2
2016,20161,Soybeans,Non-Irrigated,3423.07412358204,12309.374548401016,3712.253273511368,13349.26277154688,2
2017,20161,Soybeans,Non-Irrigated,2299.983006414652,8270.738891067087,2468.1104191642607,8875.325067314681,2
2018,20161,Soybeans,Non-Irrigated,2649.6880249338387,9528.278137662084,2804.3652446634787,10084.49741980987,2
2019,20161,Soybeans,Non-Irrigated,3342.3729654622275,12019.17318380217,3497.050185191868,12575.392465949955,2
2020,20161,Soybeans,Non-Irrigated,3120.444780632744,11221.119431155348,3228.046324792494,11608.054583953808,2
2021,20161,Soybeans,Non-Irrigated,3234.7714213024783,11632.238031003712,3308.747482912306,11898.255948552653,2
1990,20177,Soybeans,Irrigated,3618.101922371586,13010.694512848224,3584.4764398216644,12889.777277598703,2
1991,20177,Soybeans,Irrigated,3631.552115391555,13059.061406948033,3618.101922371586,13010.694512848224,2
1992,20177,Soybeans,Irrigated,3947.631651360821,14195.683418293513,3954.3567478708046,14219.866865343414,2
1993,20177,Soybeans,Irrigated,2797.6401481534945,10060.313972759966,2824.540534193432,10157.047760959582,2
1994,20177,Soybeans,Irrigated,3786.229335121195,13615.28068909582,3840.03010720107,13808.74826549505,2
1995,20177,Soybeans,Irrigated,2064.6046285651987,7424.318244320455,2104.9552076251052,7569.418926619878,2
1996,20177,Soybeans,Irrigated,4035.0579059906167,14510.06822994226,4142.659450150367,14897.00338274072,2
1997,20177,Soybeans,Irrigated,3900.55597579093,14026.399288944183,4035.0579059906167,14510.06822994226,2
1998,20177,Soybeans,Irrigated,3523.950571231805,12672.12625414957,3665.177597941477,13179.978642197551,2
1999,20177,Soybeans,Irrigated,3315.47257942229,11922.439395602554,3470.149799151931,12478.658677750343,2
2000,20177,Soybeans,Irrigated,2837.990727213401,10205.41465505939,2992.6679469430405,10761.633937207174,2
2001,20177,Soybeans,Irrigated,3611.3768258616024,12986.511065798322,3826.579914181101,13760.38137139524,2
2002,20177,Soybeans,Irrigated,3046.4687190229156,10955.101513606403,3248.2216143224464,11680.604925103518,2
2003,20177,Soybeans,Irrigated,3127.169877142728,11245.302878205252,3355.823158482196,12067.540077901976,2
2004,20177,Soybeans,Irrigated,4129.209257130397,14848.63648864091,4465.464082629616,16057.8088411361,2
2005,20177,Soybeans,Irrigated,3618.101922371586,13010.694512848224,3934.1814583408513,14147.316524193702,2
2006,20177,Soybeans,Irrigated,3335.6478689522432,11994.989736752266,3651.727404921508,13131.611748097745,2
2007,20177,Soybeans,Irrigated,3315.47257942229,11922.439395602554,3651.727404921508,13131.611748097745,2
2008,20177,Soybeans,Irrigated,3597.926632841634,12938.144171698514,3940.906554850835,14171.499971243606,2
2009,20177,Soybeans,Irrigated,3826.579914181101,13760.38137139524,4162.83473968032,14969.55372389043,2
2010,20177,Soybeans,Irrigated,2905.241692313244,10447.249125558426,3140.620070162697,11293.66977230506,2
2011,20177,Soybeans,Irrigated,3288.5721933823525,11825.70560740294,3537.4007642517745,12720.49314824938,2
2012,20177,Soybeans,Irrigated,3248.2216143224464,11680.604925103518,3470.149799151931,12478.658677750343,2
2013,20177,Soybeans,Irrigated,3725.703466531336,13397.629665646686,3954.3567478708046,14219.866865343414,2
2014,20177,Soybeans,Irrigated,2844.715823723385,10229.598102109292,2999.3930434530257,10785.81738425708,2
2015,20177,Soybeans,Irrigated,3651.727404921508,13131.611748097745,3826.579914181101,13760.38137139524,2
2016,20177,Soybeans,Irrigated,3887.105782770961,13978.032394844377,4048.5080990105857,14558.435124042067,2
2017,20177,Soybeans,Irrigated,3718.978370021352,13373.446218596782,3853.480300221039,13857.115159594858,2
2018,20177,Soybeans,Irrigated,3416.349027072056,12285.191101351113,3517.225474721821,12647.942807099667,2
2019,20177,Soybeans,Irrigated,3645.002308411524,13107.42830104784,3732.428563041321,13421.813112696587,2
2020,20177,Soybeans,Irrigated,3920.7312653208824,14098.949630093894,3987.982230420726,14340.784100592931,2
2021,20177,Soybeans,Irrigated,4095.583774580476,14727.719253391391,4142.659450150367,14897.00338274072,2
1990,20177,Soybeans,Non-Irrigated,2427.7598401043547,8730.224385015259,3160.79535969265,11366.22011345477,2
1991,20177,Soybeans,Non-Irrigated,1957.0030844054493,7037.383091521996,2521.9111912441354,9068.79264371391,2
1992,20177,Soybeans,Non-Irrigated,3066.644008552869,11027.651854756115,3920.7312653208824,14098.949630093894,2
1993,20177,Soybeans,Non-Irrigated,2407.584550574401,8657.674043865545,3046.4687190229156,10955.101513606403,2
1994,20177,Soybeans,Non-Irrigated,2333.6084889645736,8391.656126316606,2932.142078353182,10543.982913758044,2
1995,20177,Soybeans,Non-Irrigated,1862.851733265668,6698.814832823343,2320.158295944605,8343.289232216799,2
1996,20177,Soybeans,Non-Irrigated,3133.8949736527125,11269.486325255157,3866.930493241008,13905.482053694665,2
1997,20177,Soybeans,Non-Irrigated,2568.986866814026,9238.076773063238,3140.620070162697,11293.66977230506,2
1998,20177,Soybeans,Non-Irrigated,2373.959068024479,8536.756808616028,2878.341306273306,10350.51533735881,2
1999,20177,Soybeans,Non-Irrigated,1822.5011542057616,6553.71415052392,2192.3814622549016,7883.803738268626,2
2000,20177,Soybeans,Non-Irrigated,1304.668722936966,4691.58872768133,1553.4972938063877,5586.37626852777,2
2001,20177,Soybeans,Non-Irrigated,2575.71196332401,9262.26022011314,3046.4687190229156,10955.101513606403,2
2002,20177,Soybeans,Non-Irrigated,1667.8239344761216,5997.494868376133,1957.0030844054493,7037.383091521996,2
2003,20177,Soybeans,Non-Irrigated,1506.421618236497,5417.092139178443,1748.525092595934,6287.696232974979,2
2004,20177,Soybeans,Non-Irrigated,3429.7992200920244,12333.55799545092,3954.3567478708046,14219.866865343414,2
2005,20177,Soybeans,Non-Irrigated,2750.5644725836037,9891.02984341064,3147.345166672681,11317.853219354962,2
2006,20177,Soybeans,Non-Irrigated,2495.0108052041983,8972.058855514297,2831.2656307034163,10181.231208009483,2
2007,20177,Soybeans,Non-Irrigated,2185.656365744918,7859.620291218723,2461.3853226542765,8851.141620264778,2
2008,20177,Soybeans,Non-Irrigated,2495.0108052041983,8972.058855514297,2784.1899551335255,10011.947078660158,2
2009,20177,Soybeans,Non-Irrigated,3288.5721933823525,11825.70560740294,3645.002308411524,13107.42830104784,2
2010,20177,Soybeans,Non-Irrigated,2138.580690175027,7690.336161869397,2353.7837784945264,8464.206467466316,2
2011,20177,Soybeans,Non-Irrigated,2057.879532055215,7400.134797270553,2246.1822343347767,8077.271314667857,2
2012,20177,Soybeans,Non-Irrigated,1795.6007681658243,6456.980362324304,1943.5528913854805,6989.016197422187,2
2013,20177,Soybeans,Non-Irrigated,2595.8872528539637,9334.810561262851,2790.91505164351,10036.130525710065,2
2014,20177,Soybeans,Non-Irrigated,2548.811577284073,9165.526431913526,2716.938990033682,9770.11260816112,2
2015,20177,Soybeans,Non-Irrigated,3113.719684122759,11196.935984105445,3295.2972898923367,11849.889054452844,2
2016,20177,Soybeans,Non-Irrigated,3261.6718073424154,11728.971819203323,3429.7992200920244,12333.55799545092,2
2017,20177,Soybeans,Non-Irrigated,3140.620070162697,11293.66977230506,3275.122000362384,11777.338713303132,2
2018,20177,Soybeans,Non-Irrigated,2387.409261044448,8585.123702715835,2474.835515674245,8899.508514364585,2
2019,20177,Soybeans,Non-Irrigated,3113.719684122759,11196.935984105445,3201.145938752556,11511.320795754193,2
2020,20177,Soybeans,Non-Irrigated,2858.166016743354,10277.9649962091,2918.6918853332127,10495.616019658231,2
2021,20177,Soybeans,Non-Irrigated,3174.245552712619,11414.587007554575,3214.5961317725246,11559.687689854,2
1990,20197,Soybeans,Irrigated,3120.444780632744,11221.119431155348,4169.559836190304,14993.737170940334,2
1991,20197,Soybeans,Irrigated,2871.6162097633223,10326.331890308908,3792.95443163118,13639.464136145723,2
1992,20197,Soybeans,Irrigated,3174.245552712619,11414.587007554575,4156.109643170335,14945.370276840527,2
1993,20197,Soybeans,Irrigated,1627.4733554162156,5852.394186076711,2111.6803041350895,7593.602373669782,2
1994,20197,Soybeans,Irrigated,3248.2216143224464,11680.604925103518,4169.559836190304,14993.737170940334,2
1995,20197,Soybeans,Irrigated,2750.5644725836037,9891.02984341064,3497.050185191868,12575.392465949955,2
1996,20197,Soybeans,Irrigated,3537.4007642517745,12720.49314824938,4452.013889609648,16009.441947036294,2
1997,20197,Soybeans,Irrigated,3678.627790961446,13228.34553629736,4586.515819809335,16493.110888034367,2
1998,20197,Soybeans,Irrigated,3375.9984480121498,12140.09041905169,4169.559836190304,14993.737170940334,2
1999,20197,Soybeans,Irrigated,3180.9706492226032,11438.770454604482,3893.830879280945,14002.215841894278,2
2000,20197,Soybeans,Irrigated,2568.986866814026,9238.076773063238,3113.719684122759,11196.935984105445,2
2001,20197,Soybeans,Irrigated,3463.424702641946,12454.475230700438,4156.109643170335,14945.370276840527,2
2002,20197,Soybeans,Irrigated,3080.0942015728374,11076.018748855924,3665.177597941477,13179.978642197551,2
2003,20197,Soybeans,Irrigated,2985.9428504330563,10737.450490157273,3523.950571231805,12672.12625414957,2
2004,20197,Soybeans,Irrigated,4048.5080990105857,14558.435124042067,4727.742846519006,17000.963276082344,2
2005,20197,Soybeans,Irrigated,3651.727404921508,13131.611748097745,4230.085704780164,15211.388194389468,2
2006,20197,Soybeans,Irrigated,3396.1737375421026,12212.6407602014,3900.55597579093,14026.399288944183,2
2007,20197,Soybeans,Irrigated,3409.623930562071,12261.007654301207,3880.380686260977,13953.848947794477,2
2008,20197,Soybeans,Irrigated,3456.6996061319614,12430.291783650531,3900.55597579093,14026.399288944183,2
2009,20197,Soybeans,Irrigated,3987.982230420726,14340.784100592931,4458.738986119632,16033.625394086195,2
2010,20197,Soybeans,Irrigated,2972.4926574130877,10689.083596057464,3295.2972898923367,11849.889054452844,2
2011,20197,Soybeans,Irrigated,3033.018526002947,10906.734619506598,3335.6478689522432,11994.989736752266,2
2012,20197,Soybeans,Irrigated,3449.974509621977,12406.10833660063,3766.054045591243,13542.73034794611,2
2013,20197,Soybeans,Irrigated,3752.603852571274,13494.3634538463,4061.9582920305543,14606.802018141874,2
2014,20197,Soybeans,Irrigated,3685.3528874714298,13252.528983347262,3954.3567478708046,14219.866865343414,2
2015,20197,Soybeans,Irrigated,3631.552115391555,13059.061406948033,3866.930493241008,13905.482053694665,2
2016,20197,Soybeans,Irrigated,4061.9582920305543,14606.802018141874,4290.611573370023,15429.0392178386,2
2017,20197,Soybeans,Irrigated,3927.456361830867,14123.1330771438,4115.75906411043,14800.269594541103,2
2018,20197,Soybeans,Irrigated,3604.651729351618,12962.32761874842,3745.8787560612896,13470.180006796398,2
2019,20197,Soybeans,Irrigated,3725.703466531336,13397.629665646686,3840.03010720107,13808.74826549505,2
2020,20197,Soybeans,Irrigated,4304.061766389991,15477.406111938408,4398.213117529773,15815.974370637065,2
2021,20197,Soybeans,Irrigated,4310.786862899975,15501.589558988311,4371.312731489835,15719.240582437444,2
1990,20197,Soybeans,Non-Irrigated,2125.1304971550585,7641.96926776959,2669.8633144637915,9600.828478811794,2
1991,20197,Soybeans,Non-Irrigated,1755.2501891059185,6311.879680024883,2185.656365744918,7859.620291218723,2
1992,20197,Soybeans,Non-Irrigated,2582.437059833995,9286.443667163046,3194.420842242572,11487.13734870429,2
1993,20197,Soybeans,Non-Irrigated,2185.656365744918,7859.620291218723,2683.31350748376,9649.1953729116,2
1994,20197,Soybeans,Non-Irrigated,2447.9351296343075,8802.77472616497,2979.217753923072,10713.267043107367,2
1995,20197,Soybeans,Non-Irrigated,1802.325864675809,6481.163809374209,2178.931269234933,7835.436844168819,2
1996,20197,Soybeans,Non-Irrigated,2837.990727213401,10205.41465505939,3402.898834052087,12236.824207251304,2
1997,20197,Soybeans,Non-Irrigated,2595.8872528539637,9334.810561262851,3093.5443945928064,11124.385642955733,2
1998,20197,Soybeans,Non-Irrigated,2152.0308831949956,7738.703055969204,2542.0864807740886,9141.342984863622,2
1999,20197,Soybeans,Non-Irrigated,1930.1026983655115,6940.649303322381,2266.35752386473,8149.821655817569,2
2000,20197,Soybeans,Non-Irrigated,1002.03937998767,3603.3336104356617,1170.166792737279,4207.919786683255,2
2001,20197,Soybeans,Non-Irrigated,2515.186094734151,9044.609196664009,2911.9667888232284,10471.43257260833,2
2002,20197,Soybeans,Non-Irrigated,1634.1984519261998,5876.577633126614,1876.301926285637,6747.18172692315,2
2003,20197,Soybeans,Non-Irrigated,1271.0432403870443,4570.671492431811,1452.620846156622,5223.624562779213,2
2004,20197,Soybeans,Non-Irrigated,3221.321228282509,11583.871136903905,3651.727404921508,13131.611748097745,2
2005,20197,Soybeans,Non-Irrigated,2716.938990033682,9770.11260816112,3053.1938155329,10979.284960656309,2
2006,20197,Soybeans,Non-Irrigated,2367.2339715144954,8512.573361566125,2642.9629284238536,9504.094690612175,2
2007,20197,Soybeans,Non-Irrigated,2178.931269234933,7835.436844168819,2414.3096470843857,8681.85749091545,2
2008,20197,Soybeans,Non-Irrigated,2817.8154376834473,10132.864313909677,3106.994587612775,11172.75253705554,2
2009,20197,Soybeans,Non-Irrigated,3261.6718073424154,11728.971819203323,3571.026246801696,12841.410383498898,2
2010,20197,Soybeans,Non-Irrigated,1936.827794875496,6964.832750372284,2104.9552076251052,7569.418926619878,2
2011,20197,Soybeans,Non-Irrigated,1351.744398506857,4860.8728570306575,1459.3459426666063,5247.808009829117,2
2012,20197,Soybeans,Non-Irrigated,1519.8718112564657,5465.459033278251,1627.4733554162156,5852.394186076711,2
2013,20197,Soybeans,Non-Irrigated,2602.612349363948,9358.994008312757,2770.7397621135574,9963.580184560353,2
2014,20197,Soybeans,Non-Irrigated,2158.7559797049803,7762.886503019109,2286.532813394683,8222.37199696728,2
2015,20197,Soybeans,Non-Irrigated,2568.986866814026,9238.076773063238,2703.488797013714,9721.745714061317,2
2016,20197,Soybeans,Non-Irrigated,3308.747482912306,11898.255948552653,3456.6996061319614,12430.291783650531,2
2017,20197,Soybeans,Non-Irrigated,2831.2656307034163,10181.231208009483,2938.8671748631664,10568.166360807949,2
2018,20197,Soybeans,Non-Irrigated,2299.983006414652,8270.738891067087,2373.959068024479,8536.756808616028,2
2019,20197,Soybeans,Non-Irrigated,2918.6918853332127,10495.616019658231,2992.6679469430405,10761.633937207174,2
2020,20197,Soybeans,Non-Irrigated,2764.0146656035727,9939.396737510448,2817.8154376834473,10132.864313909677,2
2021,20197,Soybeans,Non-Irrigated,2878.341306273306,10350.51533735881,2911.9667888232284,10471.43257260833,2
1990,20209,Soybeans,Irrigated,2737.114279563635,9842.662949310832,4431.8386000796945,15936.891605886582,2
1991,20209,Soybeans,Irrigated,2360.508875004511,8488.389914516221,3752.603852571274,13494.3634538463,2
1992,20209,Soybeans,Irrigated,3059.918912042884,11003.468407706212,4774.818522088896,17170.24740543167,2
1993,20209,Soybeans,Irrigated,1392.0949775667627,5005.973539330079,2131.8555936650423,7666.152714819493,2
1994,20209,Soybeans,Irrigated,3396.1737375421026,12212.6407602014,5117.798444098099,18403.603204976764,2
1995,20209,Soybeans,Irrigated,2239.4571378247924,8053.087867617954,3315.47257942229,11922.439395602554,2
1996,20209,Soybeans,Irrigated,2790.91505164351,10036.130525710065,4061.9582920305543,14606.802018141874,2
1997,20209,Soybeans,Irrigated,2992.6679469430405,10761.633937207174,4283.886476860039,15404.8557707887,2
1998,20209,Soybeans,Irrigated,2750.5644725836037,9891.02984341064,3873.655589750992,13929.665500744568,2
1999,20209,Soybeans,Irrigated,2737.114279563635,9842.662949310832,3792.95443163118,13639.464136145723,2
2000,20209,Soybeans,Irrigated,2427.7598401043547,8730.224385015259,3308.747482912306,11898.255948552653,2
2001,20209,Soybeans,Irrigated,2925.416981843197,10519.799466708137,3927.456361830867,14123.1330771438,2
2002,20209,Soybeans,Irrigated,2562.261770304042,9213.893326013334,3389.4486410321183,12188.457313151495,2
2003,20209,Soybeans,Irrigated,2367.2339715144954,8512.573361566125,3080.0942015728374,11076.018748855924,2
2004,20209,Soybeans,Irrigated,3342.3729654622275,12019.17318380217,4283.886476860039,15404.8557707887,2
2005,20209,Soybeans,Irrigated,3080.0942015728374,11076.018748855924,3893.830879280945,14002.215841894278,2
2006,20209,Soybeans,Irrigated,3039.7436225129313,10930.918066556502,3786.229335121195,13615.28068909582,2
2007,20209,Soybeans,Irrigated,3073.3691050628536,11051.835301806022,3772.779142101227,13566.913794996011,2
2008,20209,Soybeans,Irrigated,2683.31350748376,9649.1953729116,3248.2216143224464,11680.604925103518,2
2009,20209,Soybeans,Irrigated,3261.6718073424154,11728.971819203323,3893.830879280945,14002.215841894278,2
2010,20209,Soybeans,Irrigated,3006.11813996301,10810.000831306985,3537.4007642517745,12720.49314824938,2
2011,20209,Soybeans,Irrigated,2911.9667888232284,10471.43257260833,3382.7235445221336,12164.273866101592,2
2012,20209,Soybeans,Irrigated,2764.0146656035727,9939.396737510448,3167.5204562026343,11390.403560504674,2
2013,20209,Soybeans,Irrigated,3483.599992171899,12527.02557185015,3940.906554850835,14171.499971243606,2
2014,20209,Soybeans,Irrigated,3745.8787560612896,13470.180006796398,4183.010029210273,15042.104065040145,2
2015,20209,Soybeans,Irrigated,3470.149799151931,12478.658677750343,3826.579914181101,13760.38137139524,2
2016,20209,Soybeans,Irrigated,3826.579914181101,13760.38137139524,4162.83473968032,14969.55372389043,2
2017,20209,Soybeans,Irrigated,4048.5080990105857,14558.435124042067,4351.137441959882,15646.690241287735,2
2018,20209,Soybeans,Irrigated,3833.3050106910864,13784.564818445147,4068.683388540539,14630.98546519178,2
2019,20209,Soybeans,Irrigated,3611.3768258616024,12986.511065798322,3786.229335121195,13615.28068909582,2
2020,20209,Soybeans,Irrigated,3813.129721161133,13712.014477295435,3954.3567478708046,14219.866865343414,2
2021,20209,Soybeans,Irrigated,3893.830879280945,14002.215841894278,3987.982230420726,14340.784100592931,2
1990,20209,Soybeans,Non-Irrigated,2468.1104191642607,8875.325067314681,3308.747482912306,11898.255948552653,2
1991,20209,Soybeans,Non-Irrigated,2252.907330844761,8101.45476171776,2985.9428504330563,10737.450490157273,2
1992,20209,Soybeans,Non-Irrigated,2851.440920233369,10253.781549159195,3745.8787560612896,13470.180006796398,2
1993,20209,Soybeans,Non-Irrigated,1775.4254786358715,6384.430021174594,2306.7081029246356,8294.92233811699,2
1994,20209,Soybeans,Non-Irrigated,3073.3691050628536,11051.835301806022,3954.3567478708046,14219.866865343414,2
1995,20209,Soybeans,Non-Irrigated,2118.4054006450738,7617.785820719685,2696.7637005037295,9697.562267011412,2
1996,20209,Soybeans,Non-Irrigated,2959.042464393119,10640.716701957655,3732.428563041321,13421.813112696587,2
1997,20209,Soybeans,Non-Irrigated,2716.938990033682,9770.11260816112,3396.1737375421026,12212.6407602014,2
1998,20209,Soybeans,Non-Irrigated,2616.0625423839165,9407.360902412564,3234.7714213024783,11632.238031003712,2
1999,20209,Soybeans,Non-Irrigated,2542.0864807740886,9141.342984863622,3113.719684122759,11196.935984105445,2
2000,20209,Soybeans,Non-Irrigated,2434.484936614339,8754.407832065162,2959.042464393119,10640.716701957655,2
2001,20209,Soybeans,Non-Irrigated,2837.990727213401,10205.41465505939,3416.349027072056,12285.191101351113,2
2002,20209,Soybeans,Non-Irrigated,2474.835515674245,8899.508514364585,2952.317367883135,10616.533254907754,2
2003,20209,Soybeans,Non-Irrigated,1580.397679846325,5683.110056727385,1869.5768297756529,6722.998279873247,2
2004,20209,Soybeans,Non-Irrigated,3221.321228282509,11583.871136903905,3772.779142101227,13566.913794996011,2
2005,20209,Soybeans,Non-Irrigated,3113.719684122759,11196.935984105445,3611.3768258616024,12986.511065798322,2
2006,20209,Soybeans,Non-Irrigated,2743.8393760736194,9866.846396360736,3154.0702631826653,11342.036666404863,2
2007,20209,Soybeans,Non-Irrigated,2649.6880249338387,9528.278137662084,3019.5683329829785,10858.367725406792,2
2008,20209,Soybeans,Non-Irrigated,2723.6640865436666,9794.296055211023,3080.0942015728374,11076.018748855924,2
2009,20209,Soybeans,Non-Irrigated,3268.3969038523996,11753.155266253229,3665.177597941477,13179.978642197551,2
2010,20209,Soybeans,Non-Irrigated,2905.241692313244,10447.249125558426,3228.046324792494,11608.054583953808,2
2011,20209,Soybeans,Non-Irrigated,2595.8872528539637,9334.810561262851,2858.166016743354,10277.9649962091,2
2012,20209,Soybeans,Non-Irrigated,2017.5289529953084,7255.034114971129,2205.8316552748706,7932.170632368435,2
2013,20209,Soybeans,Non-Irrigated,2750.5644725836037,9891.02984341064,2979.217753923072,10713.267043107367,2
2014,20209,Soybeans,Non-Irrigated,3382.7235445221336,12164.273866101592,3631.552115391555,13059.061406948033,2
2015,20209,Soybeans,Non-Irrigated,2952.317367883135,10616.533254907754,3147.345166672681,11317.853219354962,2
2016,20209,Soybeans,Non-Irrigated,3268.3969038523996,11753.155266253229,3456.6996061319614,12430.291783650531,2
2017,20209,Soybeans,Non-Irrigated,3214.5961317725246,11559.687689854,3369.2733515021655,12115.906972001789,2
2018,20209,Soybeans,Non-Irrigated,2885.0664027832913,10374.698784408716,2999.3930434530257,10785.81738425708,2
2019,20209,Soybeans,Non-Irrigated,3409.623930562071,12261.007654301207,3517.225474721821,12647.942807099667,2
2020,20209,Soybeans,Non-Irrigated,3254.946710832431,11704.788372153422,3328.922772442259,11970.806289702365,2
2021,20209,Soybeans,Non-Irrigated,3187.6957457325875,11462.953901654386,3234.7714213024783,11632.238031003712,2
2022,20005,Corn,Irrigated,13174.946981106414,47179.48513934207,13532.72305443803,48460.68125794259,2
2022,20005,Corn,Non-Irrigated,9038.553431535604,32367.059838329,9283.347586973028,33243.667708950416,2
2022,20013,Corn,Irrigated,14681.372553029016,52573.99511239691,15189.791183552892,54394.64222830291,2
2022,20013,Corn,Non-Irrigated,11580.646584154994,41470.29541785904,11932.145884270269,42729.01441157183,2
2022,20045,Corn,Irrigated,11009.460221467674,39424.87705307574,11053.397633982084,39582.21692728984,2
2022,20045,Corn,Non-Irrigated,6804.022166517081,24365.20337829767,6923.28085762762,24792.26875116451,2
2022,20061,Corn,Irrigated,11775.226553861665,42167.08628937862,12032.574255731774,43088.64840977548,2
2022,20061,Corn,Non-Irrigated,8718.437997502053,31220.72646905485,8831.419915396247,31625.31471703396,2
2022,20085,Corn,Irrigated,12114.17230754425,43380.85103331596,12365.243236198015,44279.93602882509,2
2022,20085,Corn,Non-Irrigated,7550.9581792620365,27039.98123993735,7732.9846025360175,27691.817861681477,2
2022,20087,Corn,Irrigated,11229.147284039722,40211.576424146246,11442.557573395425,40975.79867032901,2
2022,20087,Corn,Non-Irrigated,8379.492243819468,30006.961725117515,8567.795440309792,30681.275471749366,2
2022,20091,Corn,Irrigated,6000.595194825027,21488.13139266842,6107.300339502878,21870.242515759808,2
2022,20091,Corn,Non-Irrigated,6000.595194825027,21488.13139266842,6107.300339502878,21870.242515759808,2
2022,20103,Corn,Irrigated,12176.940039707692,43605.622282193246,12421.734195145113,44482.23015281465,2
2022,20103,Corn,Non-Irrigated,7927.564572242687,28388.60873320106,8115.867768733013,29062.92247983292,2
2022,20117,Corn,Irrigated,13350.69663116405,47808.84463619846,13739.856570577387,49202.42637923763,2
2022,20117,Corn,Non-Irrigated,9333.56177270378,33423.48470805224,9565.802381708516,34255.138328898196,2
2022,20127,Corn,Irrigated,11599.476903804029,41537.726792522226,11850.547832457794,42436.81178803136,2
2022,20127,Corn,Non-Irrigated,5441.962378570396,19487.66727766059,5529.837203599213,19802.347026088784,2
2022,20131,Corn,Irrigated,14442.855170807936,51719.86436666322,14794.354470923208,52978.58336037601,2
2022,20131,Corn,Non-Irrigated,10105.604878314114,36188.17106924284,10394.336446265948,37222.11881407835,2
2022,20139,Corn,Irrigated,11549.262718073272,41357.90979342039,11787.780100294352,42212.04053915408,2
2022,20139,Corn,Non-Irrigated,6270.496443127827,22454.64776284075,7450.529807800531,26680.3472417337,2
2022,20149,Corn,Irrigated,12220.8774522221,43762.96215640734,12478.225154092212,44684.52427680421,2
2022,20149,Corn,Non-Irrigated,8881.634101127001,31805.13171613579,9082.490844050011,32524.399712543094,2
2022,20161,Corn,Irrigated,11637.137543102092,41672.58954184859,11888.20847175586,42571.67453735773,2
2022,20161,Corn,Non-Irrigated,8517.58125457904,30501.45847264754,8749.821863583773,31333.11209349349,2
2022,20177,Corn,Irrigated,10927.8621696552,39132.67442953527,11109.88859292918,39784.5110512794,2
2022,20177,Corn,Non-Irrigated,7368.931755988056,26388.14461819323,8140.974861598388,29152.830979383827,2
2022,20197,Corn,Irrigated,11561.816264505962,41402.86404319585,11806.610419943385,42279.47191381726,2
2022,20197,Corn,Non-Irrigated,7594.895591776446,27197.321114151455,7732.9846025360175,27691.817861681477,2
2022,20209,Corn,Irrigated,6082.193246637501,21780.33401620889,6188.8983913153515,22162.445139300275,2
2022,20209,Corn,Non-Irrigated,6082.193246637501,21780.33401620889,6188.8983913153515,22162.445139300275,2
2022,20005,Soybeans,Irrigated,4431.8386000796945,15936.891605886582,4559.615433769397,16396.377099834754,2
2022,20005,Soybeans,Non-Irrigated,2945.5922713731497,10592.349807857849,3033.018526002947,10906.734619506598,2
2022,20013,Soybeans,Irrigated,3449.974509621977,12406.10833660063,3550.850957271743,12768.860042349188,2
2022,20013,Soybeans,Non-Irrigated,3449.974509621977,12406.10833660063,3550.850957271743,12768.860042349188,2
2022,20045,Soybeans,Irrigated,3826.579914181101,13760.38137139524,3914.0061688108985,14074.766183043992,2
2022,20045,Soybeans,Non-Irrigated,2299.983006414652,8270.738891067087,2347.058681984542,8440.023020416413,2
2022,20061,Soybeans,Irrigated,3645.002308411524,13107.42830104784,3712.253273511368,13349.26277154688,2
2022,20061,Soybeans,Non-Irrigated,2131.8555936650423,7666.152714819493,2178.931269234933,7835.436844168819,2
2022,20085,Soybeans,Irrigated,3779.5042386112113,13591.097242045917,3813.129721161133,13712.014477295435,2
2022,20085,Soybeans,Non-Irrigated,2273.082620374714,8174.005102867472,2326.8833924545893,8367.472679266702,2
2022,20087,Soybeans,Irrigated,2642.9629284238536,9504.094690612175,2710.2138935236976,9745.929161111217,2
2022,20087,Soybeans,Non-Irrigated,2642.9629284238536,9504.094690612175,2710.2138935236976,9745.929161111217,2
2022,20091,Soybeans,Irrigated,3732.428563041321,13421.813112696587,3833.3050106910864,13784.564818445147,2
2022,20091,Soybeans,Non-Irrigated,1943.5528913854805,6989.016197422187,1977.1783739354023,7109.933432671707,2
2022,20103,Soybeans,Irrigated,3994.70732693071,14364.967547642837,4082.133581560507,14679.352359291586,2
2022,20103,Soybeans,Non-Irrigated,2495.0108052041983,8972.058855514297,2582.437059833995,9286.443667163046,2
2022,20117,Soybeans,Irrigated,4183.010029210273,15042.104065040145,4270.43628384007,15356.488876688893,2
2022,20117,Soybeans,Non-Irrigated,2508.460998224167,9020.425749614104,2548.811577284073,9165.526431913526,2
2022,20127,Soybeans,Irrigated,3692.0779839814145,13276.712430397169,3752.603852571274,13494.3634538463,2
2022,20127,Soybeans,Non-Irrigated,1728.3498030659807,6215.1458918252665,1761.9752856159023,6336.063127074785,2
2022,20131,Soybeans,Irrigated,2616.0625423839165,9407.360902412564,2676.588410973776,9625.011925861698,2
2022,20131,Soybeans,Non-Irrigated,2616.0625423839165,9407.360902412564,2676.588410973776,9625.011925861698,2
2022,20139,Soybeans,Irrigated,3685.3528874714298,13252.528983347262,3739.1536595513057,13445.996559746494,2
2022,20139,Soybeans,Non-Irrigated,1647.6486449461684,5924.944527226422,1681.2741274960904,6045.861762475941,2
2022,20149,Soybeans,Irrigated,2212.556751784855,7956.354079418338,2246.1822343347767,8077.271314667857,2
2022,20149,Soybeans,Non-Irrigated,2212.556751784855,7956.354079418338,2246.1822343347767,8077.271314667857,2
2022,20161,Soybeans,Irrigated,3638.277211901539,13083.244853997936,3698.8030804913983,13300.89587744707,2
2022,20161,Soybeans,Non-Irrigated,2178.931269234933,7835.436844168819,2219.281848294839,7980.537526468242,2
2022,20177,Soybeans,Irrigated,3813.129721161133,13712.014477295435,3887.105782770961,13978.032394844377,2
2022,20177,Soybeans,Non-Irrigated,2286.532813394683,8222.37199696728,2320.158295944605,8343.289232216799,2
2022,20197,Soybeans,Irrigated,3698.8030804913983,13300.89587744707,3752.603852571274,13494.3634538463,2
2022,20197,Soybeans,Non-Irrigated,2104.9552076251052,7569.418926619878,2380.684164534464,8560.940255665932,2
2022,20209,Soybeans,Irrigated,3880.380686260977,13953.848947794477,3981.257133910742,14316.60065354303,2
2022,20209,Soybeans,Non-Irrigated,2992.6679469430405,10761.633937207174,3039.7436225129313,10930.918066556502,2
2023,20005,Corn,Irrigated,13595.490786601473,48685.45250681987,13934.436540284058,49899.21725075721,2
2023,20005,Corn,Non-Irrigated,11386.066614448326,40773.504546339456,11674.798182400156,41807.45229117496,2
2023,20013,Corn,Irrigated,14241.998427884924,51000.59637025592,14687.64932624536,52596.47223728463,2
2023,20013,Corn,Non-Irrigated,12553.54643268834,44954.24977545695,12911.322506019958,46235.44589405747,2
2023,20045,Corn,Irrigated,12308.752277250916,44077.64190483553,12471.948380875863,44662.04715191647,2
2023,20045,Corn,Non-Irrigated,8812.589595747215,31557.883342370777,8956.955379723131,32074.85721478853,2
2023,20061,Corn,Irrigated,12685.358670231568,45426.26939809924,12955.259918534368,46392.78576827157,2
2023,20061,Corn,Non-Irrigated,7337.547889906336,26275.75899375459,7412.869168502465,26545.48449240733,2
2023,20085,Corn,Irrigated,12421.734195145113,44482.23015281465,12672.80512379888,45381.31514832379,2
2023,20085,Corn,Non-Irrigated,10406.889992698636,37267.073063853815,10651.684148136055,38143.68093447522,2
2023,20087,Corn,Irrigated,12459.394834443176,44617.09290214102,12672.80512379888,45381.31514832379,2
2023,20087,Corn,Non-Irrigated,11285.63824298682,40413.8705481358,11542.98594485693,41335.43266853267,2
2023,20091,Corn,Irrigated,9603.46302100658,34390.001078224566,9772.935897847872,34996.88345019323,2
2023,20091,Corn,Non-Irrigated,9603.46302100658,34390.001078224566,9772.935897847872,34996.88345019323,2
2023,20103,Corn,Irrigated,12785.787041693076,45785.9033963029,13030.581197130496,46662.51126692431,2
2023,20103,Corn,Non-Irrigated,10683.06801421778,38256.066558913866,10934.138942871545,39155.151554423,2
2023,20117,Corn,Irrigated,12176.940039707692,43605.622282193246,12497.055473741244,44751.9556514674,2
2023,20117,Corn,Non-Irrigated,9735.275258549807,34862.02070086686,9954.962321121851,35648.72007193736,2
2023,20127,Corn,Irrigated,12572.376752337375,45021.68115012014,12836.001227423829,45965.72039540473,2
2023,20127,Corn,Non-Irrigated,4337.250292493821,15531.693297420372,4952.37406769555,17734.451536417764,2
2023,20131,Corn,Irrigated,13990.927499231157,50101.51137474677,14411.471304726214,51607.47874222457,2
2023,20131,Corn,Non-Irrigated,11612.030450236714,41582.68104229767,11925.869111053924,42706.5372866841,2
2023,20139,Corn,Irrigated,12741.849629178663,45628.5635220888,13005.47410426512,46572.6027673734,2
2023,20139,Corn,Non-Irrigated,6389.755134238365,22881.713135707585,7456.806581016874,26702.824366621426,2
2023,20149,Corn,Irrigated,12572.376752337375,45021.68115012014,12842.278000640172,45988.19752029245,2
2023,20149,Corn,Non-Irrigated,10237.41711585734,36660.19069188514,10457.104178429388,37446.89006295563,2
2023,20161,Corn,Irrigated,12547.269659471996,44931.77265056922,12817.170907774796,45898.28902074154,2
2023,20161,Corn,Non-Irrigated,7055.093095170848,25264.288373806805,7218.2891987957955,25848.693620887745,2
2023,20177,Corn,Irrigated,12239.707771871132,43830.39353107052,12421.734195145113,44482.23015281465,2
2023,20177,Corn,Non-Irrigated,8216.29614019452,29422.556478036575,9095.044390482704,32569.353962318557,2
2023,20197,Corn,Irrigated,12748.126402395008,45651.04064697652,13011.750877481469,46595.079892261136,2
2023,20197,Corn,Non-Irrigated,7262.226611310205,26006.033495101845,7368.931755988056,26388.14461819323,2
2023,20209,Corn,Irrigated,9885.917815742068,35401.47169817235,10049.113919367015,35985.87694525329,2
2023,20209,Corn,Non-Irrigated,9885.917815742068,35401.47169817235,10049.113919367015,35985.87694525329,2
2023,20005,Soybeans,Irrigated,4277.161380350054,15380.672323738794,4384.762924509803,15767.607476537252,2
2023,20005,Soybeans,Non-Irrigated,3490.3250886818837,12551.209018900054,3584.4764398216644,12889.777277598703,2
2023,20013,Soybeans,Irrigated,4277.161380350054,15380.672323738794,4398.213117529773,15815.974370637065,2
2023,20013,Soybeans,Non-Irrigated,4277.161380350054,15380.672323738794,4398.213117529773,15815.974370637065,2
2023,20045,Soybeans,Irrigated,3456.6996061319614,12430.291783650531,3510.500378211837,12623.759360049766,2
2023,20045,Soybeans,Non-Irrigated,2185.656365744918,7859.620291218723,2226.006944804824,8004.720973518147,2
2023,20061,Soybeans,Irrigated,3665.177597941477,13179.978642197551,3725.703466531336,13397.629665646686,2
2023,20061,Soybeans,Non-Irrigated,1190.342082267232,4280.470127832966,1210.517371797185,4353.020468982677,2
2023,20085,Soybeans,Irrigated,3443.249413111994,12381.924889550728,3490.3250886818837,12551.209018900054,2
2023,20085,Soybeans,Non-Irrigated,2716.938990033682,9770.11260816112,2777.464858623541,9987.763631610254,2
2023,20087,Soybeans,Irrigated,3093.5443945928064,11124.385642955733,3174.245552712619,11414.587007554575,2
2023,20087,Soybeans,Non-Irrigated,3093.5443945928064,11124.385642955733,3174.245552712619,11414.587007554575,2
2023,20091,Soybeans,Irrigated,3510.500378211837,12623.759360049766,3611.3768258616024,12986.511065798322,2
2023,20091,Soybeans,Non-Irrigated,2199.1065587648864,7907.987185318531,2239.4571378247924,8053.087867617954,2
2023,20103,Soybeans,Irrigated,3914.0061688108985,14074.766183043992,4001.432423440695,14389.15099469274,2
2023,20103,Soybeans,Non-Irrigated,2925.416981843197,10519.799466708137,3019.5683329829785,10858.367725406792,2
2023,20117,Soybeans,Irrigated,4061.9582920305543,14606.802018141874,4135.934353640382,14872.819935690815,2
2023,20117,Soybeans,Non-Irrigated,2952.317367883135,10616.533254907754,2999.3930434530257,10785.81738425708,2
2023,20127,Soybeans,Irrigated,3698.8030804913983,13300.89587744707,3752.603852571274,13494.3634538463,2
2023,20127,Soybeans,Non-Irrigated,874.262546297967,3143.8481164874893,1028.9397660276074,3700.067398635276,2
2023,20131,Soybeans,Irrigated,3322.1976759322747,11946.62284265246,3396.1737375421026,12212.6407602014,2
2023,20131,Soybeans,Non-Irrigated,3322.1976759322747,11946.62284265246,3396.1737375421026,12212.6407602014,2
2023,20139,Soybeans,Irrigated,3692.0779839814145,13276.712430397169,3745.8787560612896,13470.180006796398,2
2023,20139,Soybeans,Non-Irrigated,1452.620846156622,5223.624562779213,1701.4494170260434,6118.412103625652,2
2023,20149,Soybeans,Irrigated,2172.206172724949,7811.253397118916,2199.1065587648864,7907.987185318531,2
2023,20149,Soybeans,Non-Irrigated,2172.206172724949,7811.253397118916,2199.1065587648864,7907.987185318531,2
2023,20161,Soybeans,Irrigated,3638.277211901539,13083.244853997936,3685.3528874714298,13252.528983347262,2
2023,20161,Soybeans,Non-Irrigated,1775.4254786358715,6384.430021174594,1802.325864675809,6481.163809374209,2
2023,20177,Soybeans,Irrigated,3483.599992171899,12527.02557185015,3544.1258607617588,12744.676595299285,2
2023,20177,Soybeans,Non-Irrigated,2165.481076214965,7787.0699500690125,2199.1065587648864,7907.987185318531,2
2023,20197,Soybeans,Irrigated,3698.8030804913983,13300.89587744707,3752.603852571274,13494.3634538463,2
2023,20197,Soybeans,Non-Irrigated,1614.023162396247,5804.027291976904,1768.7003821258872,6360.246574124691,2
2023,20209,Soybeans,Irrigated,3718.978370021352,13373.446218596782,3806.404624651149,13687.83103024553,2
2023,20209,Soybeans,Non-Irrigated,3167.5204562026343,11390.403560504674,3207.8710352625408,11535.504242804096,2
