Year,Crop,Domain,FIPS,County,GWuse_m3,SWuse_m3,n_pdiv,n_missing_irrArea,water_with_area_m3,irrArea_ha,waterUse_m3,area_data_water_fraction,applied_depth_m,annual_domain_area_share
2006,Corn,Alluvial,20045,Douglas,334125.5601548668,0,5,0,334125.5601548668,140.426042,334125.5601548668,1,0.23793703460991003,0.019172859629251044
2006,Corn,Alluvial,20061,Geary,243637.3325523822,0,1,0,243637.3325523822,63.535702,243637.3325523822,1,0.3834652406176014,0.008674752051274968
2006,Corn,Alluvial,20087,Jefferson,1573219.740063208,0,20,0,1573219.740063208,675.016248,1573219.740063208,1,0.2330639810114923,0.09216233389507418
2006,Corn,Alluvial,20091,Johnson,0,0,0,0,0,0,0,NA,NA,0
2006,Corn,Alluvial,20103,Leavenworth,3897.8026066501,0,1,0,3897.8026066501,14.568696,3897.8026066501,1,0.026754643014378916,0.0019891151200375724
2006,Corn,Alluvial,20149,Pottawatomie,3900923.315699095,128072.41919255692,56,0,4028995.7348916517,2059.4470539999998,4028995.7348916517,1,0.19563482960468728,0.28118352349642234
2006,Corn,Alluvial,20161,Riley,606429.0106118529,0,7,0,606429.0106118529,293.39734999999996,606429.0106118529,1,0.20669205451646136,0.04005856838964555
2006,Corn,Alluvial,20177,Shawnee,5282509.317480924,0,85,0,5282509.317480924,2929.521954,5282509.317480924,1,0.18031984058928557,0.39997789872088846
2006,Corn,Alluvial,20197,Wabaunsee,1833916.126428872,474890.50745578745,22,0,2308806.6338846595,1148.296525,2308806.6338846595,1,0.20106362630372496,0.15678094869740586
2006,Corn,Alluvial,20209,Wyandotte,0,0,0,0,0,0,0,NA,NA,0
2006,Corn,Non-alluvial,20005,Atchison,14049.358129666025,0,2,0,14049.358129666025,29.137392,14049.358129666025,1,0.0482176240401544,0.016917293233082706
2006,Corn,Non-alluvial,20013,Brown,0,0,0,0,0,0,0,NA,NA,0
2006,Corn,Non-alluvial,20061,Geary,1096577.688398103,63339.29235806412,7,0,1159916.980756167,363.003342,1159916.980756167,1,0.3195334165149827,0.2107612781954887
2006,Corn,Non-alluvial,20085,Jackson,55062.6292281204,0,1,0,55062.6292281204,40.4686,55062.6292281204,1,0.13606259971464393,0.023496240601503758
2006,Corn,Non-alluvial,20087,Jefferson,0,0,0,0,0,0,0,NA,NA,0
2006,Corn,Non-alluvial,20091,Johnson,0,0,0,0,0,0,0,NA,NA,0
2006,Corn,Non-alluvial,20103,Leavenworth,0,65596.56412077605,1,0,65596.56412077605,28.732706,65596.56412077605,1,0.22829929113107567,0.01668233082706767
2006,Corn,Non-alluvial,20131,Nemaha,0,0,0,0,0,0,0,NA,NA,0
2006,Corn,Non-alluvial,20139,Osage,0,0,0,0,0,0,0,NA,NA,0
2006,Corn,Non-alluvial,20149,Pottawatomie,389891.27403038926,394886.8754724566,11,0,784778.149502846,532.16209,784778.149502846,1,0.14746975860359499,0.30897556390977443
2006,Corn,Non-alluvial,20161,Riley,84641.52369250945,163584.36129554943,3,0,248225.88498805888,159.041598,248225.88498805888,1,0.15607607576230395,0.09234022556390976
2006,Corn,Non-alluvial,20177,Shawnee,0,141110.322215434,4,0,141110.322215434,160.66034200000001,141110.322215434,1,0.08783145887703511,0.09328007518796992
2006,Corn,Non-alluvial,20197,Wabaunsee,31034.4030326951,674147.1634932107,10,0,705181.5665259057,409.137546,705181.5665259057,1,0.1723580672124151,0.23754699248120298
2006,Soybeans,Alluvial,20045,Douglas,416534.48172141524,0,10,0,416534.48172141524,292.992664,416534.48172141524,1,0.14216549862880362,0.0556751768686558
2006,Soybeans,Alluvial,20061,Geary,158206.38048384234,0,2,0,158206.38048384234,97.12464,158206.38048384234,1,0.16289005599798603,0.01845585973546601
2006,Soybeans,Alluvial,20087,Jefferson,393036.6527161354,0,10,0,393036.6527161354,329.414404,393036.6527161354,1,0.11931374218722245,0.06259612426945554
2006,Soybeans,Alluvial,20091,Johnson,161832.817086232,0,2,0,161832.817086232,106.837104,161832.817086232,1,0.15147622972467692,0.02030144570901261
2006,Soybeans,Alluvial,20103,Leavenworth,36091.67856663985,0,2,0,36091.67856663985,60.7029,36091.67856663985,1,0.0594562674380299,0.011534912334666256
2006,Soybeans,Alluvial,20149,Pottawatomie,2664666.1440171134,10891.644625544424,41,0,2675557.7886426575,1751.885694,2675557.7886426575,1,0.15272444987741632,0.3328975699784682
2006,Soybeans,Alluvial,20161,Riley,632529.4862943579,136139.39041011757,11,0,768668.8767044755,326.176916,768668.8767044755,1,0.23566010928390635,0.06198092894494002
2006,Soybeans,Alluvial,20177,Shawnee,1889842.1929432757,4539.2131621748,57,0,1894381.4061054504,1604.57999,1894381.4061054504,1,0.11806088932378188,0.3049061827130114
2006,Soybeans,Alluvial,20197,Wabaunsee,869925.4007487498,19081.964026859823,16,0,889007.3647756097,537.423008,889007.3647756097,1,0.1654204140020015,0.1021224238695786
2006,Soybeans,Alluvial,20209,Wyandotte,390915.0639555537,0,5,0,390915.0639555537,155.399424,390915.0639555537,1,0.25155502761422954,0.02952937557674562
2006,Soybeans,Non-alluvial,20005,Atchison,42505.78412188685,81668.83246401996,3,0,124174.6165859068,88.626234,124174.6165859068,1,0.1401104514786297,0.10709046454767726
2006,Soybeans,Non-alluvial,20013,Brown,0,0,0,0,0,0,0,NA,NA,0
2006,Soybeans,Non-alluvial,20061,Geary,123718.22830601425,168098.9048209733,9,0,291817.13312698755,284.494258,291817.13312698755,1,0.10257399751350607,0.3437652811735942
2006,Soybeans,Non-alluvial,20085,Jackson,0,0,0,0,0,0,0,NA,NA,0
2006,Soybeans,Non-alluvial,20091,Johnson,0,0,0,0,0,0,0,NA,NA,0
2006,Soybeans,Non-alluvial,20103,Leavenworth,0,5600.00754246565,3,0,5600.00754246565,11.331208,5600.00754246565,1,0.04942109916670535,0.0136919315403423
2006,Soybeans,Non-alluvial,20131,Nemaha,0,0,0,0,0,0,0,NA,NA,0
2006,Soybeans,Non-alluvial,20139,Osage,0,0,0,0,0,0,0,NA,NA,0
2006,Soybeans,Non-alluvial,20149,Pottawatomie,119808.09088098868,163510.3523852966,5,0,283318.4432662853,235.931938,283318.4432662853,1,0.12008482008327559,0.28508557457212713
2006,Soybeans,Non-alluvial,20161,Riley,19538.3523067524,0,1,0,19538.3523067524,16.592126,19538.3523067524,1,0.11775677394658406,0.020048899755501223
2006,Soybeans,Non-alluvial,20177,Shawnee,47859.09529684299,41876.70838473762,3,0,89735.80368158061,88.221548,89735.80368158061,1,0.10171642383965039,0.10660146699266504
2006,Soybeans,Non-alluvial,20197,Wabaunsee,61661.75705899952,130588.72214115382,4,0,192250.47920015335,102.385558,192250.47920015335,1,0.18777109091904673,0.12371638141809292
2007,Corn,Alluvial,20045,Douglas,609882.7597569858,0,11,0,609882.7597569858,505.8575,609882.7597569858,1,0.12056414301596513,0.054385659589279496
2007,Corn,Alluvial,20061,Geary,164694.4949493422,0,2,0,164694.4949493422,110.88396399999999,164694.4949493422,1,0.1485286862123203,0.011921336581970064
2007,Corn,Alluvial,20087,Jefferson,1482238.1197257042,348483.2887439197,27,0,1830721.408469624,1040.04302,1830721.408469624,1,0.1760236233756584,0.11181691611555865
2007,Corn,Alluvial,20091,Johnson,160093.60769529,0,2,0,160093.60769529,106.837104,160093.60769529,1,0.14984832207291018,0.011486251305255829
2007,Corn,Alluvial,20103,Leavenworth,8856.39959359105,0,1,0,8856.39959359105,17.806184,8856.39959359105,1,0.04973777421142593,0.001914375217542638
2007,Corn,Alluvial,20149,Pottawatomie,2431131.027714245,0,60,0,2431131.027714245,2380.767738,2431131.027714245,1,0.102115422219076,0.255960668290985
2007,Corn,Alluvial,20161,Riley,336074.46145819186,23448.489731777976,10,0,359522.95118996984,398.211024,359522.95118996984,1,0.09028452994057991,0.042812391228680816
2007,Corn,Alluvial,20177,Shawnee,4930621.618865373,4539.2131621748,115,0,4935160.832027547,3613.84598,4935160.832027547,1,0.1365625668426397,0.38853115210581274
2007,Corn,Alluvial,20197,Wabaunsee,849017.8836023196,20105.75395202425,29,0,869123.6375543439,1065.538238,869123.6375543439,1,0.0815666305120759,0.11455795335885834
2007,Corn,Alluvial,20209,Wyandotte,186268.09228804798,0,2,0,186268.09228804798,61.512271999999996,186268.09228804798,1,0.3028145217722538,0.006613296206056386
2007,Corn,Non-alluvial,20005,Atchison,78190.41368213602,95360.48086079722,5,0,173550.89454293324,104.81367399999999,173550.89454293324,1,0.16558039416014866,0.06062734082397003
2007,Corn,Non-alluvial,20013,Brown,0,0,0,0,0,0,0,NA,NA,0
2007,Corn,Non-alluvial,20061,Geary,429930.0944771811,98974.5826448114,8,0,528904.6771219925,375.548608,528904.6771219925,1,0.1408352117023404,0.21722846441947566
2007,Corn,Non-alluvial,20085,Jackson,62710.2166209149,14703.103503566199,2,0,77413.3201244811,56.656040000000004,77413.3201244811,1,0.1366373649208118,0.03277153558052435
2007,Corn,Non-alluvial,20087,Jefferson,0,0,0,0,0,0,0,NA,NA,0
2007,Corn,Non-alluvial,20091,Johnson,0,0,0,0,0,0,0,NA,NA,0
2007,Corn,Non-alluvial,20103,Leavenworth,0,0,0,0,0,0,0,NA,NA,0
2007,Corn,Non-alluvial,20131,Nemaha,0,0,0,0,0,0,0,NA,NA,0
2007,Corn,Non-alluvial,20139,Osage,0,0,0,0,0,0,0,NA,NA,0
2007,Corn,Non-alluvial,20149,Pottawatomie,258599.46724183336,426143.3052359103,15,0,684742.7724777437,576.272864,684742.7724777437,1,0.11882266461843041,0.3333333333333333
2007,Corn,Non-alluvial,20161,Riley,16491.652168010074,78424.77523127005,2,0,94916.42739928012,109.669906,94916.42739928012,1,0.08654737736282925,0.06343632958801498
2007,Corn,Non-alluvial,20177,Shawnee,12766.537018616624,176708.60804705485,7,0,189475.14506567147,250.90532,189475.14506567147,1,0.0755165913045094,0.1451310861423221
2007,Corn,Non-alluvial,20197,Wabaunsee,0,319101.7513735382,9,0,319101.7513735382,254.95218,319101.7513735382,1,0.1251614131612988,0.14747191011235955
2007,Soybeans,Alluvial,20045,Douglas,118414.25640455999,0,2,0,118414.25640455999,93.07778,118414.25640455999,1,0.12722075709644126,0.02207399587312251
2007,Soybeans,Alluvial,20061,Geary,65374.537390017496,0,1,0,65374.537390017496,31.160822,65374.537390017496,1,0.20979721712738356,0.007389989922741014
2007,Soybeans,Alluvial,20087,Jefferson,291064.70920608356,0,8,0,291064.70920608356,239.97879799999998,291064.70920608356,1,0.12128767692472714,0.05691251979461586
2007,Soybeans,Alluvial,20091,Johnson,0,0,0,0,0,0,0,NA,NA,0
2007,Soybeans,Alluvial,20103,Leavenworth,24903.998300084026,0,1,0,24903.998300084026,64.74976,24903.998300084026,1,0.03846191599796513,0.015355823216085224
2007,Soybeans,Alluvial,20149,Pottawatomie,1586183.634175832,42209.748480875445,35,0,1628393.3826567074,1490.053852,1628393.3826567074,1,0.10928419670678503,0.3533758817601612
2007,Soybeans,Alluvial,20161,Riley,224185.32397425812,82445.9260216749,7,0,306631.24999593303,226.219474,306631.24999593303,1,0.1355459123717762,0.05364940736119775
2007,Soybeans,Alluvial,20177,Shawnee,1508757.9792329755,0,34,0,1508757.9792329755,1300.6608039999999,1508757.9792329755,1,0.11599934237988889,0.30846009885311193
2007,Soybeans,Alluvial,20197,Wabaunsee,937828.5759057397,0,15,0,937828.5759057397,676.8373349999999,937828.5759057397,1,0.13856040844817458,0.16051633955564085
2007,Soybeans,Alluvial,20209,Wyandotte,144724.42399944816,0,3,0,144724.42399944816,93.887152,144724.42399944816,1,0.15414720855463607,0.022265943663323576
2007,Soybeans,Non-alluvial,20005,Atchison,57702.28036047204,0,2,0,57702.28036047204,29.137392,57702.28036047204,1,0.1980351582614945,0.032520325203252036
2007,Soybeans,Non-alluvial,20013,Brown,0,0,0,0,0,0,0,NA,NA,0
2007,Soybeans,Non-alluvial,20061,Geary,97161.36434361657,105845.07647995098,6,0,203006.44082356757,190.607106,203006.44082356757,1,0.10650517973006084,0.2127371273712737
2007,Soybeans,Non-alluvial,20085,Jackson,0,0,0,0,0,0,0,NA,NA,0
2007,Soybeans,Non-alluvial,20091,Johnson,0,0,0,0,0,0,0,NA,NA,0
2007,Soybeans,Non-alluvial,20103,Leavenworth,0,0,0,0,0,0,0,NA,NA,0
2007,Soybeans,Non-alluvial,20131,Nemaha,0,0,0,0,0,0,0,NA,NA,0
2007,Soybeans,Non-alluvial,20139,Osage,0,0,0,0,0,0,0,NA,NA,0
2007,Soybeans,Non-alluvial,20149,Pottawatomie,84579.84960063208,276336.93606576644,8,0,360916.7856663985,498.573152,360916.7856663985,1,0.07238993600409484,0.5564588979223126
2007,Soybeans,Non-alluvial,20161,Riley,60255.58776419537,0,1,0,60255.58776419537,48.56232,60255.58776419537,1,0.12407889030877307,0.05420054200542006
2007,Soybeans,Non-alluvial,20177,Shawnee,0,22202.673075855,1,0,22202.673075855,33.588938,22202.673075855,1,0.06610114638294012,0.037488708220415536
2007,Soybeans,Non-alluvial,20197,Wabaunsee,53952.49557432765,12334.818375474999,3,0,66287.31394980264,95.50589599999999,66287.31394980264,1,0.06940651491275747,0.1065943992773261
2008,Corn,Alluvial,20045,Douglas,379924.7407830055,0,9,0,379924.7407830055,327.79566,379924.7407830055,1,0.1159029197589149,0.044902710793281224
2008,Corn,Alluvial,20061,Geary,185281.30681800994,0,2,0,185281.30681800994,103.599616,185281.30681800994,1,0.17884362314432703,0.01419147402849382
2008,Corn,Alluvial,20087,Jefferson,591232.5143732677,68704.93835139574,17,0,659937.4527246634,661.256924,659937.4527246634,1,0.0998004601195924,0.09058151782249571
2008,Corn,Alluvial,20091,Johnson,161216.07616745823,0,2,0,161216.07616745823,106.837104,161216.07616745823,1,0.15089895750773835,0.01463495759188425
2008,Corn,Alluvial,20103,Leavenworth,0,0,0,0,0,0,0,NA,NA,0
2008,Corn,Alluvial,20149,Pottawatomie,1421513.8088632408,2318.9458545893,42,0,1423832.75471783,1875.7196099999999,1423832.75471783,1,0.07590861379957692,0.25694328953933143
2008,Corn,Alluvial,20161,Riley,174759.7067437298,13346.27348226395,8,0,188105.98022599373,275.591166,188105.98022599373,1,0.06825544626709615,0.03775153833361051
2008,Corn,Alluvial,20177,Shawnee,2801397.6057092533,0,75,0,2801397.6057092533,2605.975497,2801397.6057092533,1,0.10749900023750121,0.35697655080658575
2008,Corn,Alluvial,20197,Wabaunsee,809472.4558905468,0,27,0,809472.4558905468,1281.842905,809472.4558905468,1,0.06314911544410716,0.17559177337989912
2008,Corn,Alluvial,20209,Wyandotte,184652.2310808607,0,2,0,184652.2310808607,61.512271999999996,184652.2310808607,1,0.3001876293577007,0.008426187704418204
2008,Corn,Non-alluvial,20005,Atchison,20426.4592297866,0,2,0,20426.4592297866,29.137392,20426.4592297866,1,0.07010393802501817,0.020258863252673044
2008,Corn,Non-alluvial,20013,Brown,0,0,0,0,0,0,0,NA,NA,0
2008,Corn,Non-alluvial,20061,Geary,73774.54870371596,71948.99558414567,4,0,145723.54428786164,140.426042,145723.54428786164,1,0.10377245004730792,0.0976364659538548
2008,Corn,Non-alluvial,20085,Jackson,0,0,0,0,0,0,0,NA,NA,0
2008,Corn,Non-alluvial,20087,Jefferson,0,0,0,0,0,0,0,NA,NA,0
2008,Corn,Non-alluvial,20091,Johnson,0,0,0,0,0,0,0,NA,NA,0
2008,Corn,Non-alluvial,20103,Leavenworth,0,0,0,0,0,0,0,NA,NA,0
2008,Corn,Non-alluvial,20131,Nemaha,0,0,0,0,0,0,0,NA,NA,0
2008,Corn,Non-alluvial,20139,Osage,0,0,0,0,0,0,0,NA,NA,0
2008,Corn,Non-alluvial,20149,Pottawatomie,180014.33937168214,205892.7883234287,13,0,385907.1276951108,776.592434,385907.1276951108,1,0.049692362531452476,0.539954980303883
2008,Corn,Non-alluvial,20161,Riley,16466.982531259124,137483.88561304435,2,0,153950.86814430347,65.559132,153950.86814430347,1,0.23482749610581094,0.045582442318514355
2008,Corn,Non-alluvial,20177,Shawnee,0,77018.60593646589,4,0,77018.60593646589,152.566622,77018.60593646589,1,0.05048195006668358,0.1060776589758019
2008,Corn,Non-alluvial,20197,Wabaunsee,0,212726.27770344182,7,0,212726.27770344182,273.972422,212726.27770344182,1,0.07764514258425684,0.19048958919527292
2008,Soybeans,Alluvial,20045,Douglas,259216.20816060712,0,7,0,259216.20816060712,402.257884,259216.20816060712,1,0.0644403052049583,0.07972409367982033
2008,Soybeans,Alluvial,20061,Geary,28370.0822635925,0,1,0,28370.0822635925,31.160822,28370.0822635925,1,0.09104407535716645,0.0061758100737889
2008,Soybeans,Alluvial,20087,Jefferson,301882.34492137516,27469.640522182824,12,0,329351.98544355796,348.839332,329351.98544355796,1,0.09441366131372994,0.06913699069618223
2008,Soybeans,Alluvial,20091,Johnson,0,0,0,0,0,0,0,NA,NA,0
2008,Soybeans,Alluvial,20103,Leavenworth,15961.25497786465,0,2,0,15961.25497786465,82.555944,15961.25497786465,1,0.01933386526094917,0.016361886429258902
2008,Soybeans,Alluvial,20149,Pottawatomie,1132990.0722425051,0,38,0,1132990.0722425051,1579.8941439999999,1132990.0722425051,1,0.07171303701233955,0.31312159127366057
2008,Soybeans,Alluvial,20161,Riley,162671.5847357643,0,8,0,162671.5847357643,316.86913799999996,162671.5847357643,1,0.05133715001798766,0.06280076997112607
2008,Soybeans,Alluvial,20177,Shawnee,1506204.6718292523,4082.8248822822247,50,0,1510287.4967115344,1740.1498,1510287.4967115344,1,0.08679066001740393,0.3448829002245749
2008,Soybeans,Alluvial,20197,Wabaunsee,315857.6941407883,21684.610704085047,12,0,337542.3048448734,450.010832,337542.3048448734,1,0.07500759556047161,0.08918832210458774
2008,Soybeans,Alluvial,20209,Wyandotte,206706.88633621004,0,3,0,206706.88633621004,93.887152,206706.88633621004,1,0.22016525364004016,0.01860763554700032
2008,Soybeans,Non-alluvial,20005,Atchison,0,0,0,0,0,0,0,NA,NA,0
2008,Soybeans,Non-alluvial,20013,Brown,0,0,0,0,0,0,0,NA,NA,0
2008,Soybeans,Non-alluvial,20061,Geary,223765.94014949197,100442.42603149291,9,0,324208.3661809849,335.08000799999996,324208.3661809849,1,0.0967555086667495,0.35099618482407796
2008,Soybeans,Non-alluvial,20085,Jackson,70592.16556284342,11311.028450310574,2,0,81903.194013154,56.656040000000004,81903.194013154,1,0.14456215791494428,0.05934718100890208
2008,Soybeans,Non-alluvial,20091,Johnson,0,0,0,0,0,0,0,NA,NA,0
2008,Soybeans,Non-alluvial,20103,Leavenworth,0,83568.39449384312,2,0,83568.39449384312,56.65604,83568.39449384312,1,0.14750129817375715,0.05934718100890207
2008,Soybeans,Non-alluvial,20131,Nemaha,0,0,0,0,0,0,0,NA,NA,0
2008,Soybeans,Non-alluvial,20139,Osage,0,0,0,0,0,0,0,NA,NA,0
2008,Soybeans,Non-alluvial,20149,Pottawatomie,53915.49111920122,137039.83215152723,5,0,190955.32327072846,275.591166,190955.32327072846,1,0.06928934843678135,0.2886816447647308
2008,Soybeans,Non-alluvial,20161,Riley,0,1554.18711530985,1,0,1554.18711530985,4.856232,1554.18711530985,1,0.03200397170707351,0.005086901229334464
2008,Soybeans,Non-alluvial,20177,Shawnee,30960.39412244225,44898.738886729,5,0,75859.13300917124,138.402612,75859.13300917124,1,0.054810477860902825,0.14497668503603223
2008,Soybeans,Non-alluvial,20197,Wabaunsee,26914.57369528645,67508.46096897467,3,0,94423.03466426113,87.412176,94423.03466426113,1,0.10802046006069123,0.091564222128020345
2009,Corn,Alluvial,20045,Douglas,144995.79000370862,0,12,0,144995.79000370862,377.167352,144995.79000370862,1,0.0384433565723124,0.06279477159412478
2009,Corn,Alluvial,20061,Geary,177177.33114532288,0,2,0,177177.33114532288,107.646476,177177.33114532288,1,0.16459185449352087,0.017922112922786688
2009,Corn,Alluvial,20087,Jefferson,280913.15368306765,0,16,0,280913.15368306765,652.353832,280913.15368306765,1,0.043061470616618934,0.10861069936666218
2009,Corn,Alluvial,20091,Johnson,155418.711530985,0,2,0,155418.711530985,106.837104,155418.711530985,1,0.14547259866851595,0.01778736019404393
2009,Corn,Alluvial,20103,Leavenworth,0,0,0,0,0,0,0,NA,NA,0
2009,Corn,Alluvial,20149,Pottawatomie,666092.5270940254,0,30,0,666092.5270940254,1520.405302,666092.5270940254,1,0.04381019496694871,0.25313300094326907
2009,Corn,Alluvial,20161,Riley,254960.69582106825,0,8,0,254960.69582106825,353.695564,254960.69582106825,1,0.07208478753244082,0.058886942460584825
2009,Corn,Alluvial,20177,Shawnee,712212.4129999265,0,57,0,712212.4129999265,2110.842176,712212.4129999265,1,0.03374067569322276,0.35143511656111037
2009,Corn,Alluvial,20197,Wabaunsee,404495.69898695167,5563.003087339224,18,0,410058.7020742909,715.889534,410058.7020742909,1,0.057279605665291215,0.11918878857296861
2009,Corn,Alluvial,20209,Wyandotte,152951.74785589,0,2,0,152951.74785589,61.512271999999996,152951.74785589,1,0.24865241175921773,0.010241207384449535
2009,Corn,Non-alluvial,20005,Atchison,0,0,0,0,0,0,0,NA,NA,0
2009,Corn,Non-alluvial,20013,Brown,0,0,0,0,0,0,0,NA,NA,0
2009,Corn,Non-alluvial,20061,Geary,257464.66395128967,72960.45069093461,7,0,330425.1146422243,278.828654,330425.1146422243,1,0.11850471961975054,0.24757455982752427
2009,Corn,Non-alluvial,20085,Jackson,0,0,0,0,0,0,0,NA,NA,0
2009,Corn,Non-alluvial,20087,Jefferson,0,0,0,0,0,0,0,NA,NA,0
2009,Corn,Non-alluvial,20091,Johnson,0,0,0,0,0,0,0,NA,NA,0
2009,Corn,Non-alluvial,20103,Leavenworth,0,0,0,0,0,0,0,NA,NA,0
2009,Corn,Non-alluvial,20131,Nemaha,0,0,0,0,0,0,0,NA,NA,0
2009,Corn,Non-alluvial,20139,Osage,0,0,0,0,0,0,0,NA,NA,0
2009,Corn,Non-alluvial,20149,Pottawatomie,44306.6676047062,71196.5716632417,9,0,115503.2392679479,564.53697,115503.2392679479,1,0.020459818471755337,0.5012576356449875
2009,Corn,Non-alluvial,20161,Riley,35203.571643605654,40322.52126942777,5,0,75526.09291303343,197.891454,75526.09291303343,1,0.03816541411284664,0.17570966582824293
2009,Corn,Non-alluvial,20177,Shawnee,0,9880.189518755475,1,0,9880.189518755475,25.899904,9880.189518755475,1,0.03814759127584208,0.022996766079770036
2009,Corn,Non-alluvial,20197,Wabaunsee,14049.358129666025,14801.78205057,2,0,28851.140180236027,59.084156,28851.140180236027,1,0.04883058696858769,0.052461372619475394
2009,Soybeans,Alluvial,20045,Douglas,42209.74848087545,0,3,0,42209.74848087545,139.211984,42209.74848087545,1,0.03032048482325735,0.044882249331332766
2009,Soybeans,Alluvial,20061,Geary,19735.70940076,0,1,0,19735.70940076,31.160822,19735.70940076,1,0.06333500894411578,0.010046317437536695
2009,Soybeans,Alluvial,20087,Jefferson,59860.873576180165,0,5,0,59860.873576180165,157.82754,59860.873576180165,1,0.03792802800840726,0.0508839454628482
2009,Soybeans,Alluvial,20091,Johnson,0,0,0,0,0,0,0,NA,NA,0
2009,Soybeans,Alluvial,20103,Leavenworth,2874.012681485675,0,1,0,2874.012681485675,56.65604,2874.012681485675,1,0.005072738372617774,0.018266031704612173
2009,Soybeans,Alluvial,20149,Pottawatomie,475889.62774420093,0,35,0,475889.62774420093,1458.89303,475889.62774420093,1,0.03261991235534253,0.47035031639376346
2009,Soybeans,Alluvial,20161,Riley,110704.99491988812,0,7,0,110704.99491988812,238.76474,110704.99491988812,1,0.0463657217225157,0.07697827646943702
2009,Soybeans,Alluvial,20177,Shawnee,177016.97850644172,0,11,0,177016.97850644172,448.392088,177016.97850644172,1,0.03947816726561904,0.14456259377650205
2009,Soybeans,Alluvial,20197,Wabaunsee,145982.57547374663,0,13,0,145982.57547374663,476.92245099999997,145982.57547374663,1,0.03060928986833263,0.1537608454563246
2009,Soybeans,Alluvial,20209,Wyandotte,37312.82558581187,0,3,0,37312.82558581187,93.887152,37312.82558581187,1,0.039742206245442266,0.030269423967643032
2009,Soybeans,Non-alluvial,20005,Atchison,0,0,0,0,0,0,0,NA,NA,0
2009,Soybeans,Non-alluvial,20013,Brown,0,5340.976356580675,1,0,5340.976356580675,52.60918,5340.976356580675,1,0.010152175640412328,0.09885931558935361
2009,Soybeans,Non-alluvial,20061,Geary,9843.18506362905,82828.30539131461,5,0,92671.49045494366,108.45584799999999,92671.49045494366,1,0.08544628267066214,0.20380228136882125
2009,Soybeans,Non-alluvial,20085,Jackson,0,0,0,0,0,0,0,NA,NA,0
2009,Soybeans,Non-alluvial,20091,Johnson,0,56086.41915328482,1,0,56086.41915328482,48.56232,56086.41915328482,1,0.11549369789846288,0.09125475285171102
2009,Soybeans,Non-alluvial,20103,Leavenworth,0,19427.338941373127,2,0,19427.338941373127,56.65604,19427.338941373127,1,0.03428996968615019,0.10646387832699619
2009,Soybeans,Non-alluvial,20131,Nemaha,0,0,0,0,0,0,0,NA,NA,0
2009,Soybeans,Non-alluvial,20139,Osage,0,0,0,0,0,0,0,NA,NA,0
2009,Soybeans,Non-alluvial,20149,Pottawatomie,9436.136057238375,0,1,0,9436.136057238375,102.385558,9436.136057238375,1,0.009216276437384239,0.19239543726235742
2009,Soybeans,Non-alluvial,20161,Riley,0,1726.8745725664999,1,0,1726.8745725664999,7.284348,1726.8745725664999,1,0.02370664570894334,0.013688212927756653
2009,Soybeans,Non-alluvial,20177,Shawnee,0,7228.20356802835,2,0,7228.20356802835,94.69652400000001,7228.20356802835,1,0.007633018893099338,0.1779467680608365
2009,Soybeans,Non-alluvial,20197,Wabaunsee,0,10250.234070019726,2,0,10250.234070019726,61.512271999999996,10250.234070019726,1,0.0166637221106379,0.11558935361216728
2010,Corn,Alluvial,20045,Douglas,251321.9244003031,0,5,0,251321.9244003031,182.1087,251321.9244003031,1,0.1380065446627773,0.022921176620399848
2010,Corn,Alluvial,20061,Geary,139519.13064499773,0,3,0,139519.13064499773,146.091646,139519.13064499773,1,0.09550110116837053,0.018387877244365212
2010,Corn,Alluvial,20087,Jefferson,699162.1751586739,17034.384176530973,19,0,716196.5593352049,738.147264,716196.5593352049,1,0.0970262431718781,0.09290716923468738
2010,Corn,Alluvial,20091,Johnson,0,0,0,0,0,0,0,NA,NA,0
2010,Corn,Alluvial,20103,Leavenworth,14530.416046309549,0,1,0,14530.416046309549,64.74976,14530.416046309549,1,0.0224408801612694,0.008149751687253279
2010,Corn,Alluvial,20149,Pottawatomie,1480597.5888817662,4119.82933740865,51,0,1484717.4182191747,2262.5994259999998,1484717.4182191747,1,0.0656199856305972,0.28478288552145675
2010,Corn,Alluvial,20161,Riley,427771.50126147293,44417.68097008547,11,0,472189.1822315584,455.27175,472189.1822315584,1,0.10371589764389257,0.057302941550999624
2010,Corn,Alluvial,20177,Shawnee,2729349.931578104,0,84,0,2729349.931578104,3159.383602,2729349.931578104,1,0.0863886844842244,0.39765694638991467
2010,Corn,Alluvial,20197,Wabaunsee,897580.0635465648,30528.675479300622,25,0,928108.7390258653,936.645747,928108.7390258653,1,0.09908855530476937,0.11789125175092323
2010,Corn,Alluvial,20209,Wyandotte,0,0,0,0,0,0,0,NA,NA,0
2010,Corn,Non-alluvial,20005,Atchison,0,0,0,0,0,0,0,NA,NA,0
2010,Corn,Non-alluvial,20013,Brown,0,70826.52711197746,2,0,70826.52711197746,52.609179999999995,70826.52711197746,1,0.13462769636777738,0.035287730727470136
2010,Corn,Non-alluvial,20061,Geary,161142.06725720537,78967.50723979094,5,0,240109.57449699633,208.817976,240109.57449699633,1,0.11498510765040475,0.14006514657980457
2010,Corn,Non-alluvial,20085,Jackson,0,74.00891025284999,1,0,74.00891025284999,0.809372,74.00891025284999,1,0.009143991916306715,5.428881650380022e-4
2010,Corn,Non-alluvial,20087,Jefferson,0,0,0,0,0,0,0,NA,NA,0
2010,Corn,Non-alluvial,20091,Johnson,0,12717.197745114725,1,0,12717.197745114725,40.4686,12717.197745114725,1,0.03142485221904075,0.02714440825190011
2010,Corn,Non-alluvial,20103,Leavenworth,0,6056.395822358225,1,0,6056.395822358225,16.18744,6056.395822358225,1,0.03741416692422165,0.010857763300760043
2010,Corn,Non-alluvial,20131,Nemaha,0,0,0,0,0,0,0,NA,NA,0
2010,Corn,Non-alluvial,20139,Osage,0,0,0,0,0,0,0,NA,NA,0
2010,Corn,Non-alluvial,20149,Pottawatomie,222039.06557692547,93325.23582884384,11,0,315364.3014057693,566.965086,315364.3014057693,1,0.05562323134052196,0.3802931596091206
2010,Corn,Non-alluvial,20161,Riley,30923.389667315823,87675.88901287629,3,1,105561.37565731503,124.643288,118599.2786801921,0.8900676027041081,0.09515095484338644,0.08360477741585233
2010,Corn,Non-alluvial,20177,Shawnee,0,172280.40825025932,5,0,172280.40825025932,222.981986,172280.40825025932,1,0.0772620297005783,0.1495656894679696
2010,Corn,Non-alluvial,20197,Wabaunsee,16898.701174400747,257637.3514085463,7,0,274536.0525829471,257.380296,274536.0525829471,1,0.10666552834446467,0.17263843648208468
2010,Soybeans,Alluvial,20045,Douglas,436467.54821618285,0,13,0,436467.54821618285,535.804264,436467.54821618285,1,0.08146026031181097,0.09141752399364772
2010,Soybeans,Alluvial,20061,Geary,66731.36741131975,0,2,0,66731.36741131975,57.870098,66731.36741131975,1,0.1153123456112339,0.00987364496306014
2010,Soybeans,Alluvial,20087,Jefferson,470573.3210243712,26285.49795813722,17,0,496858.81898250844,567.774458,496858.81898250844,1,0.08750989270153263,0.0968721949872264
2010,Soybeans,Alluvial,20091,Johnson,124334.96922478799,0,2,0,124334.96922478799,53.418552,124334.96922478799,1,0.23275615786962547,0.009114133812055513
2010,Soybeans,Alluvial,20103,Leavenworth,10225.564433268773,0,1,0,10225.564433268773,17.806184,10225.564433268773,1,0.05742704014104748,0.003038044604018504
2010,Soybeans,Alluvial,20149,Pottawatomie,1746832.3086980185,0,49,0,1746832.3086980185,1842.940044,1746832.3086980185,1,0.09478508616626591,0.31443761651591523
2010,Soybeans,Alluvial,20161,Riley,545815.7131147687,0,13,0,545815.7131147687,436.65619399999997,545815.7131147687,1,0.12499896271132908,0.07450113926672651
2010,Soybeans,Alluvial,20177,Shawnee,1894628.1024729598,542.7320085209,55,0,1895170.8344814808,1686.326562,1895170.8344814808,1,0.11238456875362203,0.287716633294207
2010,Soybeans,Alluvial,20197,Wabaunsee,639609.6720418807,0,15,0,639609.6720418807,568.58383,639609.6720418807,1,0.11249170980502217,0.09701028792377271
2010,Soybeans,Alluvial,20209,Wyandotte,82643.2831156825,0,3,0,82643.2831156825,93.887152,82643.2831156825,1,0.08802406011387212,0.016018780639370296
2010,Soybeans,Non-alluvial,20005,Atchison,0,0,0,0,0,0,0,NA,NA,0
2010,Soybeans,Non-alluvial,20013,Brown,0,0,0,0,0,0,0,NA,NA,0
2010,Soybeans,Non-alluvial,20061,Geary,183406.41442493777,185996.72628378752,9,0,369403.14070872526,322.13005599999997,369403.14070872526,1,0.11467515490349814,0.31301612268973655
2010,Soybeans,Non-alluvial,20085,Jackson,0,15418.522969343749,1,0,15418.522969343749,20.2343,15418.522969343749,1,0.0761999326358893,0.019661816751867876
2010,Soybeans,Non-alluvial,20091,Johnson,0,0,0,0,0,0,0,NA,NA,0
2010,Soybeans,Non-alluvial,20103,Leavenworth,0,52213.28618338567,5,0,52213.28618338567,58.274784,52213.28618338567,1,0.08959842079103318,0.05662603224537948
2010,Soybeans,Non-alluvial,20131,Nemaha,0,0,0,0,0,0,0,NA,NA,0
2010,Soybeans,Non-alluvial,20139,Osage,0,0,0,0,0,0,0,NA,NA,0
2010,Soybeans,Non-alluvial,20149,Pottawatomie,93892.6374741157,356513.2555063539,9,0,450405.8929804696,428.157788,450405.8929804696,1,0.105196239705085,0.4160440424695242
2010,Soybeans,Non-alluvial,20161,Riley,0,0,0,0,0,0,0,NA,NA,0
2010,Soybeans,Non-alluvial,20177,Shawnee,21684.610704085047,36387.71420765125,3,0,58072.324911736294,65.15444600000001,58072.324911736294,1,0.08913025660863771,0.06331104994101457
2010,Soybeans,Non-alluvial,20197,Wabaunsee,0,202969.43636844112,5,0,202969.43636844112,135.165124,202969.43636844112,1,0.15016405886509682,0.1313409359024774
2011,Corn,Alluvial,20045,Douglas,1158177.771365225,0,16,0,1158177.771365225,679.063108,1158177.771365225,1,0.17055524850647974,0.07539201150199938
2011,Corn,Alluvial,20061,Geary,355649.8182200707,0,4,0,355649.8182200707,154.99473799999998,355649.8182200707,1,0.22945928539849572,0.017208069371433706
2011,Corn,Alluvial,20087,Jefferson,1269696.8642978945,63240.61381106033,22,0,1332937.4781089548,795.612676,1332937.4781089548,1,0.16753597803524123,0.08833176079435683
2011,Corn,Alluvial,20091,Johnson,161721.8037208527,0,2,0,161721.8037208527,106.837104,161721.8037208527,1,0.15137232072562795,0.011861436851327671
2011,Corn,Alluvial,20103,Leavenworth,12260.809465222148,0,1,0,12260.809465222148,19.829614,12260.809465222148,1,0.06183080248169303,0.0022015545671024844
2011,Corn,Alluvial,20149,Pottawatomie,4600319.852406903,215254.9154704142,59,0,4815574.767877317,2367.4130999999998,4815574.767877317,1,0.20341083556044012,0.2628386575010109
2011,Corn,Alluvial,20161,Riley,1655184.6081682392,0,20,0,1655184.6081682392,706.17707,1655184.6081682392,1,0.23438662602967827,0.0784023003998742
2011,Corn,Alluvial,20177,Shawnee,6542288.987804936,0,104,0,6542288.987804936,3403.40926,6542288.987804936,1,0.19222751329662116,0.377858651210855
2011,Corn,Alluvial,20197,Wabaunsee,1603958.1074548915,16035.263888117499,23,0,1619993.371343009,773.759632,1619993.371343009,1,0.2093664885509314,0.0859055578020398
2011,Corn,Alluvial,20209,Wyandotte,0,0,0,0,0,0,0,NA,NA,0
2011,Corn,Non-alluvial,20005,Atchison,21240.55724256795,0,3,0,21240.55724256795,55.846667999999994,21240.55724256795,1,0.03803370550695693,0.036702127659574466
2011,Corn,Non-alluvial,20013,Brown,0,63622.99318070005,2,0,63622.99318070005,52.60918,63622.99318070005,1,0.120935154626436,0.034574468085106384
2011,Corn,Non-alluvial,20061,Geary,347743.19964139117,113702.35578512854,6,0,461445.5554265197,319.297254,461445.5554265197,1,0.14451911178243948,0.2098404255319149
2011,Corn,Non-alluvial,20085,Jackson,0,27346.292338428077,1,0,27346.292338428077,20.2343,27346.292338428077,1,0.1351482005230133,0.013297872340425534
2011,Corn,Non-alluvial,20087,Jefferson,0,0,0,0,0,0,0,NA,NA,0
2011,Corn,Non-alluvial,20091,Johnson,0,73712.8746118386,2,0,73712.8746118386,53.418552,73712.8746118386,1,0.13799115073699228,0.035106382978723406
2011,Corn,Non-alluvial,20103,Leavenworth,0,12310.14873872405,1,0,12310.14873872405,32.37488,12310.14873872405,1,0.038023766385308765,0.02127659574468085
2011,Corn,Non-alluvial,20131,Nemaha,0,0,0,0,0,0,0,NA,NA,0
2011,Corn,Non-alluvial,20139,Osage,0,0,0,0,0,0,0,NA,NA,0
2011,Corn,Non-alluvial,20149,Pottawatomie,472596.2312379491,529694.1054980229,12,0,1002290.3367359721,525.687114,1002290.3367359721,1,0.19066290765802796,0.3454787234042553
2011,Corn,Non-alluvial,20161,Riley,0,185244.30236288355,1,0,185244.30236288355,112.907394,185244.30236288355,1,0.1640674678603277,0.07420212765957447
2011,Corn,Non-alluvial,20177,Shawnee,31688.148406595275,164423.12894508173,5,0,196111.277351677,140.426042,196111.277351677,1,0.1396544932539486,0.09228723404255319
2011,Corn,Non-alluvial,20197,Wabaunsee,129589.60185274035,341995.1742784198,7,0,471584.7761311602,208.817976,471584.7761311602,1,0.22583533523529614,0.1372340425531915
2011,Soybeans,Alluvial,20045,Douglas,344708.83432102436,0,6,0,344708.83432102436,243.620972,344708.83432102436,1,0.14149390813571847,0.04153586090316349
2011,Soybeans,Alluvial,20061,Geary,0,0,0,0,0,0,0,NA,NA,0
2011,Soybeans,Alluvial,20087,Jefferson,801195.7927606031,346608.3963508475,15,0,1147804.1891114507,585.580642,1147804.1891114507,1,0.19601129319972477,0.09983785835029498
2011,Soybeans,Alluvial,20091,Johnson,0,0,0,0,0,0,0,NA,NA,0
2011,Soybeans,Alluvial,20103,Leavenworth,0,0,0,0,0,0,0,NA,NA,0
2011,Soybeans,Alluvial,20149,Pottawatomie,3787196.2902772157,52731.34855515562,51,0,3839927.638832371,2051.7580199999998,3839927.638832371,1,0.18715304638274893,0.34981198468278885
2011,Soybeans,Alluvial,20161,Riley,730973.671749024,56246.771792166,10,0,787220.4435411899,399.829768,787220.4435411899,1,0.19688890286457858,0.06816848932279988
2011,Soybeans,Alluvial,20177,Shawnee,2174702.488506495,0,46,0,2174702.488506495,1567.7535639999999,2174702.488506495,1,0.13871456193395043,0.26729223444992584
2011,Soybeans,Alluvial,20197,Wabaunsee,1851049.1891524068,55482.01305288654,26,0,1906531.2022052933,922.8864229999999,1906531.2022052933,1,0.20658351392880916,0.15734639666057199
2011,Soybeans,Alluvial,20209,Wyandotte,158502.41612485374,0,3,0,158502.41612485374,93.887152,158502.41612485374,1,0.16882226454675475,0.016007175630455034
2011,Soybeans,Non-alluvial,20005,Atchison,0,0,0,0,0,0,0,NA,NA,0
2011,Soybeans,Non-alluvial,20013,Brown,0,0,0,0,0,0,0,NA,NA,0
2011,Soybeans,Non-alluvial,20061,Geary,474236.76208188734,149596.67725776078,10,0,623833.4393396481,347.625274,623833.4393396481,1,0.17945572028219334,0.2565710872162485
2011,Soybeans,Non-alluvial,20085,Jackson,0,0,0,0,0,0,0,NA,NA,0
2011,Soybeans,Non-alluvial,20091,Johnson,0,0,0,0,0,0,0,NA,NA,0
2011,Soybeans,Non-alluvial,20103,Leavenworth,0,124470.65222691822,6,0,124470.65222691822,76.080968,124470.65222691822,1,0.1636028766444168,0.056152927120669056
2011,Soybeans,Non-alluvial,20131,Nemaha,0,0,0,0,0,0,0,NA,NA,0
2011,Soybeans,Non-alluvial,20139,Osage,0,0,0,0,0,0,0,NA,NA,0
2011,Soybeans,Non-alluvial,20149,Pottawatomie,350247.16777161264,382441.0437316024,10,0,732688.211503215,513.546534,732688.211503215,1,0.14267221429698423,0.3790322580645161
2011,Soybeans,Non-alluvial,20161,Riley,29492.550735760724,0,1,0,29492.550735760724,19.020242,29492.550735760724,1,0.15505875653822243,0.014038231780167264
2011,Soybeans,Non-alluvial,20177,Shawnee,0,164423.12894508173,5,0,164423.12894508173,190.20242,164423.12894508173,1,0.0864463916626727,0.14038231780167265
2011,Soybeans,Non-alluvial,20197,Wabaunsee,70037.09873594705,285218.00529610843,5,0,355255.1040320555,208.41329,355255.1040320555,1,0.17045702989097072,0.1538231780167264
2012,Corn,Alluvial,20045,Douglas,1218087.984214907,0,12,0,1218087.984214907,470.649818,1218087.984214907,1,0.2588098279504502,0.052616101522383336
2012,Corn,Alluvial,20061,Geary,360731.76339076634,0,2,0,360731.76339076634,112.502708,360731.76339076634,1,0.3206427381203716,0.012577193657113128
2012,Corn,Alluvial,20087,Jefferson,2343948.531436388,264951.89870520297,27,0,2608900.4301415905,1087.795968,2608900.4301415905,1,0.23983361833361663,0.12160969982129527
2012,Corn,Alluvial,20091,Johnson,0,0,0,0,0,0,0,NA,NA,0
2012,Corn,Alluvial,20103,Leavenworth,0,0,0,0,0,0,0,NA,NA,0
2012,Corn,Alluvial,20149,Pottawatomie,5079490.54183898,215279.58510716516,59,0,5294770.126946146,2362.556868,5294770.126946146,1,0.22411185942916087,0.2641210667993757
2012,Corn,Alluvial,20161,Riley,775095.317078098,0,10,0,775095.317078098,329.81909,775095.317078098,1,0.23500620206007417,0.036871988599090647
2012,Corn,Alluvial,20177,Shawnee,8245813.749186662,1813.2183011948248,101,0,8247626.967487857,3531.290036,8247626.967487857,1,0.23355846966425323,0.394779107381184
2012,Corn,Alluvial,20197,Wabaunsee,3032502.7627921533,59786.86466592733,30,0,3092289.62745808,1050.362513,3092289.62745808,1,0.2944021315675115,0.117424842219558
2012,Corn,Alluvial,20209,Wyandotte,0,0,0,0,0,0,0,NA,NA,0
2012,Corn,Non-alluvial,20005,Atchison,95693.52095693504,0,2,0,95693.52095693504,32.374880000000005,95693.52095693504,1,0.29557953869461456,0.019723865877712035
2012,Corn,Non-alluvial,20013,Brown,0,64350.74746485308,2,0,64350.74746485308,52.60918,64350.74746485308,1,0.12231847648044138,0.03205128205128205
2012,Corn,Non-alluvial,20061,Geary,678365.6713776231,181950.90585663173,10,0,860316.5772342548,314.845708,860316.5772342548,1,0.273250216018271,0.19181459566074952
2012,Corn,Non-alluvial,20085,Jackson,0,32378.898235621873,1,0,32378.898235621873,20.2343,32378.898235621873,1,0.16001985853536754,0.01232741617357002
2012,Corn,Non-alluvial,20087,Jefferson,0,0,0,0,0,0,0,NA,NA,0
2012,Corn,Non-alluvial,20091,Johnson,0,0,0,0,0,0,0,NA,NA,0
2012,Corn,Non-alluvial,20103,Leavenworth,0,0,0,0,0,0,0,NA,NA,0
2012,Corn,Non-alluvial,20131,Nemaha,0,57973.6463647325,1,0,57973.6463647325,52.60918,57973.6463647325,1,0.11019682565805529,0.03205128205128205
2012,Corn,Non-alluvial,20139,Osage,0,0,0,0,0,0,0,NA,NA,0
2012,Corn,Non-alluvial,20149,Pottawatomie,378703.59376383346,410959.14381570055,12,0,789662.737579534,517.188708,789662.737579534,1,0.15268367722744905,0.3150887573964497
2012,Corn,Non-alluvial,20161,Riley,90438.88832898269,411378.5276404667,3,0,501817.4159694494,162.683772,501817.4159694494,1,0.3084618765597895,0.09911242603550297
2012,Corn,Non-alluvial,20177,Shawnee,43726.93114105888,149510.33352913248,4,0,193237.26467019133,167.13531799999998,193237.26467019133,1,0.11561725372143747,0.10182445759368836
2012,Corn,Non-alluvial,20197,Wabaunsee,238432.03919793174,397045.4686881648,8,0,635477.5078860965,321.72537,635477.5078860965,1,0.19752172726884934,0.19600591715976332
2012,Soybeans,Alluvial,20045,Douglas,806635.4476641875,0,10,0,806635.4476641875,407.518802,806635.4476641875,1,0.197938216275034,0.07479203802733214
2012,Soybeans,Alluvial,20061,Geary,291101.71366121,0,2,0,291101.71366121,88.626234,291101.71366121,1,0.3284599835994498,0.01626559714795009
2012,Soybeans,Alluvial,20087,Jefferson,496513.4440679951,0,8,0,496513.4440679951,249.691262,496513.4440679951,1,0.1988509490043729,0.04582590612002377
2012,Soybeans,Alluvial,20091,Johnson,159119.15704362746,0,2,0,159119.15704362746,114.930824,159119.15704362746,1,0.13844776492999603,0.02109328579916815
2012,Soybeans,Alluvial,20103,Leavenworth,14481.07677280765,0,1,0,14481.07677280765,17.806184,14481.07677280765,1,0.08132610992230369,0.00326797385620915
2012,Soybeans,Alluvial,20149,Pottawatomie,3997208.907938053,246252.3140479829,47,0,4243461.221986036,1927.114732,4243461.221986036,1,0.2201976432187866,0.35368389780154486
2012,Soybeans,Alluvial,20161,Riley,996455.9676443724,88810.69230342,14,0,1085266.6599477923,561.299482,1085266.6599477923,1,0.1933489509166859,0.1030154486036839
2012,Soybeans,Alluvial,20177,Shawnee,2920342.259303959,0,45,0,2920342.259303959,1371.88554,2920342.259303959,1,0.21287069322882132,0.2517825311942959
2012,Soybeans,Alluvial,20197,Wabaunsee,1231680.9540646805,7400.891025285,17,0,1239081.8450899655,615.932092,1239081.8450899655,1,0.2011718274114487,0.11304218657159834
2012,Soybeans,Alluvial,20209,Wyandotte,205892.7883234287,0,3,0,205892.7883234287,93.887152,205892.7883234287,1,0.21929815095832142,0.0172311348781937
2012,Soybeans,Non-alluvial,20005,Atchison,137360.5374292896,61230.038415857896,5,0,198590.57584514748,105.21835999999999,198590.57584514748,1,0.18874137160581814,0.11706438541197658
2012,Soybeans,Non-alluvial,20013,Brown,0,0,0,0,0,0,0,NA,NA,0
2012,Soybeans,Non-alluvial,20061,Geary,218523.6423399151,137249.52406391033,4,0,355773.1664038254,204.36642999999998,355773.1664038254,1,0.17408591342708557,0.2273750562809545
2012,Soybeans,Non-alluvial,20085,Jackson,0,43554.243683802226,1,0,43554.243683802226,29.946763999999998,43554.243683802226,1,0.1454388984526082,0.033318325078793336
2012,Soybeans,Non-alluvial,20091,Johnson,0,0,0,0,0,0,0,NA,NA,0
2012,Soybeans,Non-alluvial,20103,Leavenworth,0,160512.99152005615,5,0,160512.99152005615,99.552756,160512.99152005615,1,0.16123410136436217,0.11076091850517786
2012,Soybeans,Non-alluvial,20131,Nemaha,0,0,0,0,0,0,0,NA,NA,0
2012,Soybeans,Non-alluvial,20139,Osage,0,0,0,0,0,0,0,NA,NA,0
2012,Soybeans,Non-alluvial,20149,Pottawatomie,254997.70027619466,248238.21980643438,7,0,503235.920082629,244.83503,503235.920082629,1,0.20554081663993468,0.27239981990094553
2012,Soybeans,Non-alluvial,20161,Riley,0,0,0,0,0,0,0,NA,NA,0
2012,Soybeans,Non-alluvial,20177,Shawnee,0,178978.21462814225,4,0,178978.21462814225,123.42923,178978.21462814225,1,0.14500472426842673,0.13732552904097253
2012,Soybeans,Non-alluvial,20197,Wabaunsee,0,228083.12658090823,4,0,228083.12658090823,91.459036,228083.12658090823,1,0.24938282378234145,0.10175596578117965
2013,Corn,Alluvial,20045,Douglas,1253575.2566811487,0,15,0,1253575.2566811487,665.303784,1253575.2566811487,1,0.18842148306211176,0.06506767988601282
2013,Corn,Alluvial,20061,Geary,234139.52240326643,0,3,0,234139.52240326643,146.091646,234139.52240326643,1,0.16026893310741835,0.01428797593604053
2013,Corn,Alluvial,20087,Jefferson,1336637.9236215972,54963.9506811166,29,0,1391601.874302714,902.854466,1391601.874302714,1,0.15413357597576682,0.08830048286234465
2013,Corn,Alluvial,20091,Johnson,158564.09021673113,0,2,0,158564.09021673113,106.837104,158564.09021673113,1,0.14841668697490257,0.010448824507242936
2013,Corn,Alluvial,20103,Leavenworth,37103.1336734288,0,2,0,37103.1336734288,78.509084,37103.1336734288,1,0.04725966956056805,0.007678302857595187
2013,Corn,Alluvial,20149,Pottawatomie,4285633.966011785,104056.5278155071,68,0,4389690.493827292,2862.748764,4389690.493827292,1,0.15333830719024605,0.27998100213725957
2013,Corn,Alluvial,20161,Riley,847007.3082071173,0,14,0,847007.3082071173,571.4166319999999,847007.3082071173,1,0.14822937604082853,0.055885379561466
2013,Corn,Alluvial,20177,Shawnee,5476178.300794256,0,113,0,5476178.300794256,3894.293378,5476178.300794256,1,0.1406205893919237,0.38086756906514685
2013,Corn,Alluvial,20197,Wabaunsee,1645020.7178268477,2466.963675095,27,0,1647487.6815019427,970.4370279999999,1647487.6815019427,1,0.1697676030455366,0.09491015594079
2013,Corn,Alluvial,20209,Wyandotte,78942.83760304,0,1,0,78942.83760304,26.30459,78942.83760304,1,0.30011050391981015,0.0025726272461014804
2013,Corn,Non-alluvial,20005,Atchison,104290.88936464113,58306.68646087032,6,0,162597.57582551145,161.87439999999998,162597.57582551145,1,0.10044675120062929,0.08853474988933156
2013,Corn,Non-alluvial,20013,Brown,0,40704.9006390675,2,0,40704.9006390675,74.86690999999999,40704.9006390675,1,0.05436968166452643,0.040947321823815844
2013,Corn,Non-alluvial,20061,Geary,340033.9381567193,155048.66697972076,9,0,495082.6051364401,403.471942,495082.6051364401,1,0.12270558460207379,0.22067286409915893
2013,Corn,Non-alluvial,20085,Jackson,0,52694.34410002919,2,0,52694.34410002919,78.509084,52694.34410002919,1,0.0671187860248493,0.04293935369632581
2013,Corn,Non-alluvial,20087,Jefferson,0,0,0,0,0,0,0,NA,NA,0
2013,Corn,Non-alluvial,20091,Johnson,0,0,0,0,0,0,0,NA,NA,0
2013,Corn,Non-alluvial,20103,Leavenworth,0,0,0,0,0,0,0,NA,NA,0
2013,Corn,Non-alluvial,20131,Nemaha,64141.05555247,51806.237176995,3,0,115947.292729465,137.59324,115947.292729465,1,0.0842681607973364,0.07525453740593184
2013,Corn,Non-alluvial,20139,Osage,36696.08466703812,0,1,0,36696.08466703812,47.348262,36696.08466703812,1,0.07750249558693015,0.025896414342629483
2013,Corn,Non-alluvial,20149,Pottawatomie,230574.75989275417,491184.80252979,12,0,721759.5624225441,436.251508,721759.5624225441,1,0.1654457461319639,0.23860115095174858
2013,Corn,Non-alluvial,20161,Riley,44319.00242308167,231524.54090766574,3,0,275843.5433307474,161.469714,275843.5433307474,1,0.1708329918332223,0.08831341301460824
2013,Corn,Non-alluvial,20177,Shawnee,27494.31015893377,130995.7711475445,4,0,158490.08130647827,111.28865,158490.08130647827,1,0.14241351773651514,0.060867640548915455
2013,Corn,Non-alluvial,20197,Wabaunsee,0,313119.36446143285,6,0,313119.36446143285,215.69763799999998,313119.36446143285,1,0.1451658754192908,0.1179725542275343
2013,Soybeans,Alluvial,20045,Douglas,362483.3076000838,0,6,0,362483.3076000838,242.002228,362483.3076000838,1,0.14978511173049358,0.04670597883391261
2013,Soybeans,Alluvial,20061,Geary,88452.98257053123,0,2,0,88452.98257053123,66.77319,88452.98257053123,1,0.13246781016532416,0.0128871011832702
2013,Soybeans,Alluvial,20087,Jefferson,561875.6466396372,136164.06004686852,13,0,698039.7066865057,543.088612,698039.7066865057,1,0.1285314571623729,0.10481508962393096
2013,Soybeans,Alluvial,20091,Johnson,0,0,0,0,0,0,0,NA,NA,0
2013,Soybeans,Alluvial,20103,Leavenworth,0,0,0,0,0,0,0,NA,NA,0
2013,Soybeans,Alluvial,20149,Pottawatomie,1972793.846518345,79670.59188719302,43,0,2052464.438405538,1728.00922,2052464.438405538,1,0.11877624347429917,0.33350255789432576
2013,Soybeans,Alluvial,20161,Riley,700568.344453478,34340.1343573224,9,0,734908.4788108005,406.30474399999997,734908.4788108005,1,0.18087617475881615,0.07841605810911079
2013,Soybeans,Alluvial,20177,Shawnee,1542728.0690390337,0,40,1,1521758.877800726,1189.77684,1542728.0690390337,0.9864077204148043,0.12966533026807225,0.22962471199281448
2013,Soybeans,Alluvial,20197,Wabaunsee,1477094.5004631311,57467.91881133802,24,0,1534562.4192744691,922.886423,1534562.4192744691,1,0.16627857784342648,0.17811535908150117
2013,Soybeans,Alluvial,20209,Wyandotte,90969.28551912811,0,3,0,90969.28551912811,82.555944,90969.28551912811,1,0.1101910790568007,0.015933143281134064
2013,Soybeans,Non-alluvial,20005,Atchison,0,0,0,0,0,0,0,NA,NA,0
2013,Soybeans,Non-alluvial,20013,Brown,0,107312.9198666325,2,0,107312.9198666325,171.182178,107312.9198666325,1,0.06268930628200822,0.11460308859387698
2013,Soybeans,Non-alluvial,20061,Geary,194359.73314235956,129083.87429934586,7,0,323443.6074417054,192.22585,323443.6074417054,1,0.16826228493290857,0.12869141154158764
2013,Soybeans,Non-alluvial,20085,Jackson,0,39471.41880152,1,0,39471.41880152,20.2343,39471.41880152,1,0.1950718275478766,0.0135464643727987
2013,Soybeans,Non-alluvial,20091,Johnson,0,0,0,0,0,0,0,NA,NA,0
2013,Soybeans,Non-alluvial,20103,Leavenworth,0,97235.37325386942,4,0,97235.37325386942,74.86690999999999,97235.37325386942,1,0.12987763653377632,0.05012191817935518
2013,Soybeans,Non-alluvial,20131,Nemaha,0,0,0,0,0,0,0,NA,NA,0
2013,Soybeans,Non-alluvial,20139,Osage,0,0,0,0,0,0,0,NA,NA,0
2013,Soybeans,Non-alluvial,20149,Pottawatomie,271452.3479890783,428622.60372938076,12,0,700074.951718459,533.3761480000001,700074.951718459,1,0.13125351674302072,0.35708480086697375
2013,Soybeans,Non-alluvial,20161,Riley,0,0,0,0,0,0,0,NA,NA,0
2013,Soybeans,Non-alluvial,20177,Shawnee,0,206275.16769306842,6,0,206275.16769306842,366.24083,206275.16769306842,1,0.05632227507049621,0.24519100514765646
2013,Soybeans,Non-alluvial,20197,Wabaunsee,0,179866.32155117646,3,0,179866.32155117646,135.56981,179866.32155117646,1,0.13267431853092992,0.09076131129775128
2014,Corn,Alluvial,20045,Douglas,523600.70522053825,0,8,0,523600.70522053825,312.822278,523600.70522053825,1,0.16737960882074335,0.03421640882632848
2014,Corn,Alluvial,20061,Geary,255762.45901547413,0,2,0,255762.45901547413,116.549568,255762.45901547413,1,0.219445222667384,0.01274815749286236
2014,Corn,Alluvial,20087,Jefferson,1239772.5949189921,145119.13818746337,26,0,1384891.7331064555,1057.039832,1384891.7331064555,1,0.13101604037816955,0.11561870615054334
2014,Corn,Alluvial,20091,Johnson,0,0,0,0,0,0,0,NA,NA,0
2014,Corn,Alluvial,20103,Leavenworth,0,0,0,0,0,0,0,NA,NA,0
2014,Corn,Alluvial,20149,Pottawatomie,4271226.89814923,116971.08265462943,64,0,4388197.980803859,2531.715616,4388197.980803859,1,0.17332902451883678,0.2769183099838435
2014,Corn,Alluvial,20161,Riley,939197.7407454174,59688.18611892352,18,0,998885.9268643409,652.353832,998885.9268643409,1,0.1531202666200236,0.07135427041143794
2014,Corn,Alluvial,20177,Shawnee,4723236.317518511,59799.19948430279,94,0,4783035.517002814,3339.468872,4783035.517002814,1,0.14322743227542845,0.3652701237190979
2014,Corn,Alluvial,20197,Wabaunsee,2198052.299691269,45786.845809763196,29,0,2243839.1455010325,1132.513771,2243839.1455010325,1,0.1981290826618154,0.12387402341588649
2014,Corn,Alluvial,20209,Wyandotte,0,0,0,0,0,0,0,NA,NA,0
2014,Corn,Non-alluvial,20005,Atchison,17922.491099565173,33304.009613782495,3,0,51226.50071334767,88.221548,51226.50071334767,1,0.05806574683244922,0.03862508858965273
2014,Corn,Non-alluvial,20013,Brown,0,136916.4839677725,2,0,136916.4839677725,171.182178,136916.4839677725,1,0.07998290801497601,0.07494684620836287
2014,Corn,Non-alluvial,20061,Geary,575776.9869487975,168481.28419061302,12,0,744258.2711394106,377.572038,744258.2711394106,1,0.19711689326406381,0.1653082919914954
2014,Corn,Non-alluvial,20085,Jackson,0,18502.2275632125,1,0,18502.2275632125,20.2343,18502.2275632125,1,0.09143991916306717,0.008858965272856132
2014,Corn,Non-alluvial,20087,Jefferson,0,51806.237176995,1,0,51806.237176995,54.63261,51806.237176995,1,0.09482658283577336,0.023919206236711555
2014,Corn,Non-alluvial,20091,Johnson,0,0,0,0,0,0,0,NA,NA,0
2014,Corn,Non-alluvial,20103,Leavenworth,0,48105.791664352495,1,0,48105.791664352495,44.51546,48105.791664352495,1,0.10806535901089756,0.019489723600283487
2014,Corn,Non-alluvial,20131,Nemaha,122114.70191720249,53039.7190145425,4,0,175154.420931745,131.52295,175154.420931745,1,0.13317403611441578,0.057583274273564855
2014,Corn,Non-alluvial,20139,Osage,54174.5223050862,0,1,0,54174.5223050862,47.348262,54174.5223050862,1,0.11441712961942763,0.020729978738483347
2014,Corn,Non-alluvial,20149,Pottawatomie,425575.9035906384,458164.49373864336,16,0,883740.3973292818,766.475284,883740.3973292818,1,0.11529926871448627,0.3355776045357902
2014,Corn,Non-alluvial,20161,Riley,111605.43666129779,327674.4501444933,3,0,439279.8868057911,214.888266,439279.8868057911,1,0.20442246334929762,0.09408221119773211
2014,Corn,Non-alluvial,20177,Shawnee,0,222421.4449465652,5,0,222421.4449465652,220.149184,222421.4449465652,1,0.10103214597723206,0.0963855421686747
2014,Corn,Non-alluvial,20197,Wabaunsee,63474.975360194345,154024.8770545563,5,0,217499.85241475067,147.305704,217499.85241475067,1,0.14765202331523475,0.06449326718639263
2014,Soybeans,Alluvial,20045,Douglas,650365.6336652949,0,13,0,650365.6336652949,631.512503,650365.6336652949,1,0.10298539309605638,0.09139359864124864
2014,Soybeans,Alluvial,20061,Geary,51806.237176995,0,1,0,51806.237176995,31.160822,51806.237176995,1,0.16625439847830395,0.004509648891622009
2014,Soybeans,Alluvial,20087,Jefferson,662873.1394980265,0,18,0,662873.1394980265,559.276052,662873.1394980265,1,0.118523426334376,0.08093941257430672
2014,Soybeans,Alluvial,20091,Johnson,135115.60048495315,0,2,0,135115.60048495315,53.418552,135115.60048495315,1,0.2529375945737974,0.007730826671352015
2014,Soybeans,Alluvial,20103,Leavenworth,35425.5983743642,0,2,0,35425.5983743642,82.555944,35425.5983743642,1,0.04291102088828904,0.011947641219362206
2014,Soybeans,Alluvial,20149,Pottawatomie,3154420.107615348,149238.96752487202,54,0,3303659.07514022,2246.816672,3303659.07514022,1,0.14703732246207135,0.3251632551465636
2014,Soybeans,Alluvial,20161,Riley,645456.3759518558,0,8,0,645456.3759518558,368.26426,645456.3759518558,1,0.1752698934053106,0.05329585053735102
2014,Soybeans,Alluvial,20177,Shawnee,2322448.943007935,0,66,0,2322448.943007935,2057.018938,2322448.943007935,1,0.11290362476030517,0.29769539371577497
2014,Soybeans,Alluvial,20197,Wabaunsee,1261222.8440739433,0,25,0,1261222.8440739433,879.787364,1261222.8440739433,1,0.14335541696572301,0.1273243726024188
2014,Soybeans,Alluvial,20209,Wyandotte,0,0,0,0,0,0,0,NA,NA,0
2014,Soybeans,Non-alluvial,20005,Atchison,0,0,0,0,0,0,0,NA,NA,0
2014,Soybeans,Non-alluvial,20013,Brown,0,31762.157316848123,1,0,31762.157316848123,51.799808,31762.157316848123,1,0.06131713329294217,0.07170868347338935
2014,Soybeans,Non-alluvial,20061,Geary,113936.71733426256,66583.34959081405,3,0,180520.06692507662,168.754062,180520.06692507662,1,0.10697227953249304,0.23361344537815126
2014,Soybeans,Non-alluvial,20085,Jackson,0,43652.92223080602,1,0,43652.92223080602,48.56232,43652.92223080602,1,0.08989052053280407,0.06722689075630252
2014,Soybeans,Non-alluvial,20091,Johnson,0,0,0,0,0,0,0,NA,NA,0
2014,Soybeans,Non-alluvial,20103,Leavenworth,0,0,0,0,0,0,0,NA,NA,0
2014,Soybeans,Non-alluvial,20131,Nemaha,0,35770.973288877496,1,0,35770.973288877496,52.60918,35770.973288877496,1,0.06799378604433198,0.07282913165266107
2014,Soybeans,Non-alluvial,20139,Osage,0,0,0,0,0,0,0,NA,NA,0
2014,Soybeans,Non-alluvial,20149,Pottawatomie,146994.0305805356,92560.4770895644,6,0,239554.50767009996,167.13531799999998,239554.50767009996,1,0.1433296747430127,0.23137254901960783
2014,Soybeans,Non-alluvial,20161,Riley,132266.2574402184,0,1,0,132266.2574402184,32.37488,132266.2574402184,1,0.4085459388273205,0.04481792717086834
2014,Soybeans,Non-alluvial,20177,Shawnee,40063.49008354279,70777.18783847554,4,0,110840.67792201834,99.552756,110840.67792201834,1,0.11133863327904084,0.13781512605042018
2014,Soybeans,Non-alluvial,20197,Wabaunsee,0,165557.93223562543,3,0,165557.93223562543,101.57618599999999,165557.93223562543,1,0.16298892363966633,0.14061624649859944
2015,Corn,Alluvial,20045,Douglas,311145.7935213569,0,11,0,311145.7935213569,468.62638799999996,311145.7935213569,1,0.06639527809120234,0.06883433394757178
2015,Corn,Alluvial,20061,Geary,171676.00214986104,0,3,0,171676.00214986104,147.71039,171676.00214986104,1,0.1162247301289104,0.021696486952386615
2015,Corn,Alluvial,20087,Jefferson,439440.2394446723,0,27,0,439440.2394446723,893.142002,439440.2394446723,1,0.04920160942612039,0.13118944302443086
2015,Corn,Alluvial,20091,Johnson,68680.2687146448,0,2,0,68680.2687146448,106.837104,68680.2687146448,1,0.06428503407827753,0.01569280152172621
2015,Corn,Alluvial,20103,Leavenworth,7154.1946577755,19735.70940076,2,0,26889.9040585355,28.732706,26889.9040585355,1,0.09358639613872602,0.004220412530464246
2015,Corn,Alluvial,20149,Pottawatomie,1140909.02563956,221076.9497436384,45,0,1361985.9753831984,1895.5492239999999,1361985.9753831984,1,0.07185178618095324,0.2784283421506271
2015,Corn,Alluvial,20161,Riley,185996.72628378752,0,5,0,185996.72628378752,177.252468,185996.72628378752,1,0.10493322230288354,0.026035784342863938
2015,Corn,Alluvial,20177,Shawnee,650525.986304176,0,58,0,650525.986304176,2134.313964,650525.986304176,1,0.030479395125401335,0.31349937585448495
2015,Corn,Alluvial,20197,Wabaunsee,576899.4554209657,0,19,0,576899.4554209657,955.868332,576899.4554209657,1,0.06035344368129623,0.14040301967544436
2015,Corn,Alluvial,20209,Wyandotte,0,0,0,0,0,0,0,NA,NA,0
2015,Corn,Non-alluvial,20005,Atchison,0,71541.94657775499,1,0,71541.94657775499,76.485654,71541.94657775499,1,0.093536425246171,0.06766917293233082
2015,Corn,Non-alluvial,20013,Brown,0,29603.56410114,1,0,29603.56410114,41.682657999999996,29603.56410114,1,0.07102129643733374,0.036877909058360185
2015,Corn,Non-alluvial,20061,Geary,182962.36096342068,91401.00416226975,8,0,274363.3651256904,250.90532,274363.3651256904,1,0.10934936139484426,0.22198353025420695
2015,Corn,Non-alluvial,20085,Jackson,0,0,0,0,0,0,0,NA,NA,0
2015,Corn,Non-alluvial,20087,Jefferson,0,59207.12820228,1,0,59207.12820228,110.88396399999999,59207.12820228,1,0.05339557323390784,0.09810239885427854
2015,Corn,Non-alluvial,20091,Johnson,0,0,0,0,0,0,0,NA,NA,0
2015,Corn,Non-alluvial,20103,Leavenworth,0,0,0,0,0,0,0,NA,NA,0
2015,Corn,Non-alluvial,20131,Nemaha,151718.2660183425,51806.237176995,4,0,203524.5031953375,183.727444,203524.5031953375,1,0.11077523246627079,0.16254923021840315
2015,Corn,Non-alluvial,20139,Osage,42357.766301381154,0,1,0,42357.766301381154,47.752947999999996,42357.766301381154,1,0.08870188768530302,0.0422484783387039
2015,Corn,Non-alluvial,20149,Pottawatomie,76562.21765657331,0,2,0,76562.21765657331,92.67309399999999,76562.21765657331,1,0.0826153680123956,0.0819906910132474
2015,Corn,Non-alluvial,20161,Riley,148424.86951209066,332349.34630879835,4,0,480774.215820889,265.474016,480774.215820889,1,0.18110029111884493,0.23487289652703186
2015,Corn,Non-alluvial,20177,Shawnee,0,0,0,0,0,0,0,NA,NA,0
2015,Corn,Non-alluvial,20197,Wabaunsee,0,32440.57232749925,2,0,32440.57232749925,60.7029,32440.57232749925,1,0.0534415527553037,0.05370569280343716
2015,Soybeans,Alluvial,20045,Douglas,149572.00762100983,0,5,0,149572.00762100983,200.31957,149572.00762100983,1,0.07466669762770049,0.03445275796067514
2015,Soybeans,Alluvial,20061,Geary,35770.973288877496,0,1,0,35770.973288877496,57.465412,35770.973288877496,1,0.06224783229410675,0.009883417435183573
2015,Soybeans,Alluvial,20087,Jefferson,238345.6954693034,45947.198448644376,15,0,284292.8939179478,672.183446,284292.8939179478,1,0.042293944548873606,0.11560814337915434
2015,Soybeans,Alluvial,20091,Johnson,0,0,0,0,0,0,0,NA,NA,0
2015,Soybeans,Alluvial,20103,Leavenworth,0,0,0,0,0,0,0,NA,NA,0
2015,Soybeans,Alluvial,20149,Pottawatomie,1619845.3535225033,48438.83176049032,55,0,1668284.1852829936,2284.047784,1668284.1852829936,1,0.07304068666905761,0.3928310422829302
2015,Soybeans,Alluvial,20161,Riley,374361.7376956662,34463.48254107715,17,0,408825.2202367434,671.7787599999999,408825.2202367434,1,0.06085712210322687,0.11553854184792064
2015,Soybeans,Alluvial,20177,Shawnee,576628.0894167053,0,32,0,576628.0894167053,1083.749108,576628.0894167053,1,0.053206787914302514,0.18639290064381417
2015,Soybeans,Alluvial,20197,Wabaunsee,615532.1065729534,22893.422904881598,22,0,638425.529477835,844.782025,638425.529477835,1,0.07557281175316616,0.1452931964503219
2015,Soybeans,Alluvial,20209,Wyandotte,0,0,0,0,0,0,0,NA,NA,0
2015,Soybeans,Non-alluvial,20005,Atchison,0,69074.98290265999,2,0,69074.98290265999,31.565507999999998,69074.98290265999,1,0.2188305757748616,0.02403697996918336
2015,Soybeans,Non-alluvial,20013,Brown,0,86343.72862832499,2,0,86343.72862832499,171.182178,86343.72862832499,1,0.050439671721156036,0.13035439137134053
2015,Soybeans,Non-alluvial,20061,Geary,188611.70777938823,0,5,0,188611.70777938823,181.704014,188611.70777938823,1,0.10380161870248406,0.13836671802773498
2015,Soybeans,Non-alluvial,20085,Jackson,0,0,0,0,0,0,0,NA,NA,0
2015,Soybeans,Non-alluvial,20091,Johnson,0,0,0,0,0,0,0,NA,NA,0
2015,Soybeans,Non-alluvial,20103,Leavenworth,0,0,0,0,0,0,0,NA,NA,0
2015,Soybeans,Non-alluvial,20131,Nemaha,1233.4818375475,53039.7190145425,2,0,54273.20085209,46.53889,54273.20085209,1,0.1166190273384045,0.03543913713405239
2015,Soybeans,Non-alluvial,20139,Osage,0,0,0,0,0,0,0,NA,NA,0
2015,Soybeans,Non-alluvial,20149,Pottawatomie,39483.75361989548,228046.12212578178,7,0,267529.8757456773,550.777646,267529.8757456773,1,0.04857311797031016,0.4194144838212635
2015,Soybeans,Non-alluvial,20161,Riley,0,0,0,0,0,0,0,NA,NA,0
2015,Soybeans,Non-alluvial,20177,Shawnee,0,184541.21771548147,5,0,184541.21771548147,242.8116,184541.21771548147,1,0.07600181281103599,0.18489984591679506
2015,Soybeans,Non-alluvial,20197,Wabaunsee,47464.381108827794,36017.669656387,3,0,83482.0507652148,88.626234,83482.0507652148,1,0.09419564275428288,0.0674884437596302
2016,Corn,Alluvial,20045,Douglas,1255129.4437964587,0,14,0,1255129.4437964587,726.816056,1255129.4437964587,1,0.17268873374977545,0.07252902574457344
2016,Corn,Alluvial,20061,Geary,82643.28311568248,0,2,0,82643.28311568248,88.626234,82643.28311568248,1,0.09324923263204717,0.00884401817264008
2016,Corn,Alluvial,20087,Jefferson,1239217.5280920959,183320.07069630944,33,0,1422537.5987884053,1193.419014,1422537.5987884053,1,0.11919850296506213,0.11909136799596164
2016,Corn,Alluvial,20091,Johnson,0,0,0,0,0,0,0,NA,NA,0
2016,Corn,Alluvial,20103,Leavenworth,63437.97090506792,35770.973288877496,3,0,99208.94419394541,62.72633,99208.94419394541,1,0.15816156340398907,0.0062594649167087325
2016,Corn,Alluvial,20149,Pottawatomie,2664727.8181089903,297084.10057331534,67,0,2961811.918682306,2676.99789,2961811.918682306,1,0.11063930717862111,0.26713780918727914
2016,Corn,Alluvial,20161,Riley,318633.0282752702,68026.52334074462,7,0,386659.5516160148,312.822278,386659.5516160148,1,0.12360358542495328,0.03121655729429581
2016,Corn,Alluvial,20177,Shawnee,3750228.8396059168,0,113,0,3750228.8396059168,3631.247478,3750228.8396059168,1,0.1032765974317853,0.3623624432104997
2016,Corn,Alluvial,20197,Wabaunsee,1482608.1642769685,66608.01922756499,28,0,1549216.1835045335,1328.381795,1549216.1835045335,1,0.1166243160916349,0.1325593134780414
2016,Corn,Alluvial,20209,Wyandotte,0,0,0,0,0,0,0,NA,NA,0
2016,Corn,Non-alluvial,20005,Atchison,79325.21697267971,62907.573714922495,5,0,142232.79068760222,91.863722,142232.79068760222,1,0.15483020673558406,0.03915818526824219
2016,Corn,Non-alluvial,20013,Brown,0,194890.13033250498,3,0,194890.13033250498,223.791358,194890.13033250498,1,0.0870856372981592,0.09539416939796445
2016,Corn,Non-alluvial,20061,Geary,387004.9265305281,42123.40475224712,11,0,429128.3312827752,361.384598,429128.3312827752,1,0.1187456061098584,0.15404519579092632
2016,Corn,Non-alluvial,20085,Jackson,0,0,0,0,0,0,0,NA,NA,0
2016,Corn,Non-alluvial,20087,Jefferson,0,99912.02884134749,1,0,99912.02884134749,110.074592,99912.02884134749,1,0.09076756681627991,0.046920821114369494
2016,Corn,Non-alluvial,20091,Johnson,0,15418.522969343749,1,0,15418.522969343749,36.42174,15418.522969343749,1,0.04233329590882739,0.015525271692254613
2016,Corn,Non-alluvial,20103,Leavenworth,0,29603.56410114,1,0,29603.56410114,44.51546,29603.56410114,1,0.06650175939132158,0.018975332068311195
2016,Corn,Non-alluvial,20131,Nemaha,191189.68481986248,233128.0672964775,7,0,424317.75211634,289.755176,424317.75211634,1,0.14644009400416713,0.12351216146282559
2016,Corn,Non-alluvial,20139,Osage,36696.08466703812,0,1,0,36696.08466703812,46.943576,36696.08466703812,1,0.07817062054888643,0.020010350181128168
2016,Corn,Non-alluvial,20149,Pottawatomie,244981.82775530897,313279.71710031404,13,0,558261.544855623,623.21644,558261.544855623,1,0.08957747405630426,0.26565464895635676
2016,Corn,Non-alluvial,20161,Riley,92412.4592690587,145982.5754737466,2,0,238395.0347428053,145.282274,238395.0347428053,1,0.16409093014527382,0.06192858375021563
2016,Corn,Non-alluvial,20177,Shawnee,0,161512.11180846964,4,0,161512.11180846964,253.333436,161512.11180846964,1,0.0637547551395741,0.10798688977057098
2016,Corn,Non-alluvial,20197,Wabaunsee,0,109841.55763360487,4,0,109841.55763360487,119.38237,109841.55763360487,1,0.09200818984713142,0.05088839054683456
2016,Soybeans,Alluvial,20045,Douglas,222754.48504270302,0,9,0,222754.48504270302,268.711504,222754.48504270302,1,0.0828972640645497,0.0469623028502723
2016,Soybeans,Alluvial,20061,Geary,58319.0212792458,0,1,0,58319.0212792458,59.084156,58319.0212792458,1,0.0987050086308177,0.010326048518282765
2016,Soybeans,Alluvial,20087,Jefferson,444941.5684401342,17503.107274799022,18,0,462444.6757149332,645.069484,462444.6757149332,1,0.07168912608411859,0.11273781738453922
2016,Soybeans,Alluvial,20091,Johnson,8363.00685857205,0,1,0,8363.00685857205,45.324832,8363.00685857205,1,0.01845126940254748,0.007921352287997738
2016,Soybeans,Alluvial,20103,Leavenworth,0,0,0,0,0,0,0,NA,NA,0
2016,Soybeans,Alluvial,20149,Pottawatomie,1148655.2915793583,50375.3982454399,47,0,1199030.6898247984,1929.947534,1199030.6898247984,1,0.06212763138382799,0.33729400947733224
2016,Soybeans,Alluvial,20161,Riley,133450.40000426403,0,6,0,133450.40000426403,211.24609199999998,133450.40000426403,1,0.06317295564656601,0.036919159770846595
2016,Soybeans,Alluvial,20177,Shawnee,767053.0154972883,0,47,0,767053.0154972883,1690.778108,767053.0154972883,1,0.04536686463279476,0.2954947308862013
2016,Soybeans,Alluvial,20197,Wabaunsee,553598.9835096934,0,25,0,553598.9835096934,871.693644,553598.9835096934,1,0.06350843410643171,0.1523445788245279
2016,Soybeans,Alluvial,20209,Wyandotte,0,0,0,0,0,0,0,NA,NA,0
2016,Soybeans,Non-alluvial,20005,Atchison,17737.46882393305,11977.108642586225,4,0,29714.577466519273,84.17468799999999,29714.577466519273,1,0.03530108417689565,0.07869844873250094
2016,Soybeans,Non-alluvial,20013,Brown,0,81816.85028452567,3,0,81816.85028452567,94.291838,81816.85028452567,1,0.08676981170366588,0.088157396897465
2016,Soybeans,Non-alluvial,20061,Geary,22683.730992498524,0,2,0,22683.730992498524,133.54638,22683.730992498524,1,0.01698565771120005,0.12485811577752554
2016,Soybeans,Non-alluvial,20085,Jackson,0,4933.92735019,1,0,4933.92735019,29.946763999999998,4933.92735019,1,0.016475661110462555,0.027998486568293603
2016,Soybeans,Non-alluvial,20091,Johnson,0,0,0,0,0,0,0,NA,NA,0
2016,Soybeans,Non-alluvial,20103,Leavenworth,0,14801.78205057,1,0,14801.78205057,44.51546,14801.78205057,1,0.03325087969566079,0.04161937192584184
2016,Soybeans,Non-alluvial,20131,Nemaha,56740.164527185,0,1,0,56740.164527185,54.227924,56740.164527185,1,0.10463274332092264,0.05069996216420734
2016,Soybeans,Non-alluvial,20139,Osage,27963.033257201827,0,1,0,27963.033257201827,48.56232,27963.033257201827,1,0.05758174909518702,0.04540295119182747
2016,Soybeans,Non-alluvial,20149,Pottawatomie,6821.154561637675,251198.57621654836,8,0,258019.73077818603,344.387786,258019.73077818603,1,0.07492127806709906,0.32198259553537645
2016,Soybeans,Non-alluvial,20161,Riley,1517.1826601834248,0,1,0,1517.1826601834248,59.893527999999996,1517.1826601834248,1,0.0025331328957336175,0.055996973136587205
2016,Soybeans,Non-alluvial,20177,Shawnee,12137.461281467398,56333.11552079432,3,0,68470.57680226173,66.77319,68470.57680226173,1,0.10254201843922946,0.06242905788876277
2016,Soybeans,Non-alluvial,20197,Wabaunsee,0,167901.54772696568,4,0,167901.54772696568,109.26522,167901.54772696568,1,0.1536642197095889,0.1021566401816118
2017,Corn,Alluvial,20045,Douglas,409232.26924313407,0,10,0,409232.26924313407,442.928827,409232.26924313407,1,0.09239233129505342,0.05186712159984836
2017,Corn,Alluvial,20061,Geary,458670.22129203787,0,4,0,458670.22129203787,205.175802,458670.22129203787,1,0.22354986154363266,0.02402615865794712
2017,Corn,Alluvial,20087,Jefferson,582906.511969822,17170.0671786612,23,0,600076.5791484832,736.123834,600076.5791484832,1,0.0815184282089803,0.08620036015543552
2017,Corn,Alluvial,20091,Johnson,39829.12853440877,0,2,0,39829.12853440877,50.181064,39829.12853440877,1,0.07937083305847951,0.005876220263482135
2017,Corn,Alluvial,20103,Leavenworth,59873.208394555644,0,3,0,59873.208394555644,144.06821599999998,59873.208394555644,1,0.04155892955220301,0.016870438820964836
2017,Corn,Alluvial,20149,Pottawatomie,3610722.0437792945,399672.7850021409,67,0,4010394.8287814357,2415.570734,4010394.8287814357,1,0.1660226617392623,0.28286418348971665
2017,Corn,Alluvial,20161,Riley,510303.7710117762,16713.678898768627,10,0,527017.4499105448,390.724333,527017.4499105448,1,0.1348821676561784,0.04575395697090324
2017,Corn,Alluvial,20177,Shawnee,2649444.978141777,0,91,0,2649444.978141777,3124.580606,2649444.978141777,1,0.08479361911976795,0.3658894891479481
2017,Corn,Alluvial,20197,Wabaunsee,1292947.996935665,0,28,0,1292947.996935665,1030.330556,1292947.996935665,1,0.12548865889751065,0.12065207089375415
2017,Corn,Alluvial,20209,Wyandotte,0,0,0,0,0,0,0,NA,NA,0
2017,Corn,Non-alluvial,20005,Atchison,46884.64464518047,100220.39930073437,7,0,147105.04394591483,140.021356,147105.04394591483,1,0.10505900538908852,0.09316101238556812
2017,Corn,Non-alluvial,20013,Brown,0,99085.59601019067,3,0,99085.59601019067,94.291838,99085.59601019067,1,0.10508395860327875,0.06273559504577275
2017,Corn,Non-alluvial,20061,Geary,371093.0108261653,43455.56513679842,6,0,414548.57596296375,273.16305,414548.57596296375,1,0.15175865694974622,0.18174474959612277
2017,Corn,Non-alluvial,20085,Jackson,56764.83416393595,12236.1398284712,3,0,69000.97399240715,57.060726,69000.97399240715,1,0.12092551011777723,0.03796445880452343
2017,Corn,Non-alluvial,20087,Jefferson,0,74008.91025285,1,0,74008.91025285,127.071404,74008.91025285,1,0.058241986728068254,0.08454496499730749
2017,Corn,Non-alluvial,20091,Johnson,0,0,0,0,0,0,0,NA,NA,0
2017,Corn,Non-alluvial,20103,Leavenworth,0,0,0,0,0,0,0,NA,NA,0
2017,Corn,Non-alluvial,20131,Nemaha,96211.58332870499,119647.73824210749,2,0,215859.3215708125,116.549568,215859.3215708125,1,0.18520816960111985,0.07754442649434572
2017,Corn,Non-alluvial,20139,Osage,31046.737851070575,0,1,0,31046.737851070575,48.56232,31046.737851070575,1,0.06393174348151112,0.03231017770597738
2017,Corn,Non-alluvial,20149,Pottawatomie,303880.58549820207,156824.88082578915,8,0,460705.46632399125,256.166238,460705.46632399125,1,0.17984628650555862,0.17043618739903071
2017,Corn,Non-alluvial,20161,Riley,178904.2057178894,227565.06420913828,3,1,288388.0536186055,143.66352999999998,406469.2699270277,0.7094953418505143,0.28293142311554487,0.09558427571351641
2017,Corn,Non-alluvial,20177,Shawnee,0,51041.478437715545,2,0,51041.478437715545,48.56232,51041.478437715545,1,0.10510510708243663,0.03231017770597738
2017,Corn,Non-alluvial,20197,Wabaunsee,71048.553842736,163337.66492803994,5,0,234386.21877077594,197.89145399999998,234386.21877077594,1,0.11844180940263138,0.13166397415185782
2017,Soybeans,Alluvial,20045,Douglas,348754.6547481801,0,11,0,348754.6547481801,456.081122,348754.6547481801,1,0.07646768040273769,0.056323246457932484
2017,Soybeans,Alluvial,20061,Geary,0,0,0,0,0,0,0,NA,NA,0
2017,Soybeans,Alluvial,20087,Jefferson,639276.6319457428,110581.64673613338,24,0,749858.2786818761,912.9716159999999,749858.2786818761,1,0.08213379973051387,0.11274644543841675
2017,Soybeans,Alluvial,20091,Johnson,0,0,0,0,0,0,0,NA,NA,0
2017,Soybeans,Alluvial,20103,Leavenworth,0,38237.9369639725,1,0,38237.9369639725,28.32802,38237.9369639725,1,0.13498273781214676,0.0034983382893125766
2017,Soybeans,Alluvial,20149,Pottawatomie,2841966.8233461906,85171.92088265487,61,0,2927138.7442288455,2464.942426,2927138.7442288455,1,0.11875079569216865,0.30440540743147004
2017,Soybeans,Alluvial,20161,Riley,958797.7671440472,65362.202571642025,19,0,1024159.9697156892,712.24736,1024159.9697156892,1,0.14379273651722474,0.08795821984557335
2017,Soybeans,Alluvial,20177,Shawnee,1822432.4105213047,0,65,0,1822432.4105213047,2067.540774,1822432.4105213047,1,0.08814493205836552,0.2553287188585422
2017,Soybeans,Alluvial,20197,Wabaunsee,1947791.1696712573,33304.009613782495,29,0,1981095.1792850397,1455.453199,1981095.1792850397,1,0.13611534748394474,0.1797396236787526
2017,Soybeans,Alluvial,20209,Wyandotte,0,0,0,0,0,0,0,NA,NA,0
2017,Soybeans,Non-alluvial,20005,Atchison,0,17268.745725664998,1,0,17268.745725664998,31.565507999999998,17268.745725664998,1,0.0547076439437154,0.019637462235649543
2017,Soybeans,Non-alluvial,20013,Brown,0,233128.0672964775,3,0,233128.0672964775,223.791358,233128.0672964775,1,0.10417205980602588,0.13922457200402819
2017,Soybeans,Non-alluvial,20061,Geary,136053.04668148924,90845.93733537337,6,0,226898.9840168626,196.677396,226898.9840168626,1,0.11536607085079702,0.12235649546827793
2017,Soybeans,Non-alluvial,20085,Jackson,0,0,0,0,0,0,0,NA,NA,0
2017,Soybeans,Non-alluvial,20091,Johnson,0,0,0,0,0,0,0,NA,NA,0
2017,Soybeans,Non-alluvial,20103,Leavenworth,0,0,0,0,0,0,0,NA,NA,0
2017,Soybeans,Non-alluvial,20131,Nemaha,96211.58332870499,207224.94870798,6,0,303436.532036685,228.64759,303436.532036685,1,0.13270926321011517,0.14224572004028196
2017,Soybeans,Non-alluvial,20139,Osage,4835.248803186199,0,1,0,4835.248803186199,46.943576,4835.248803186199,1,0.010300128825265036,0.029204431017119836
2017,Soybeans,Non-alluvial,20149,Pottawatomie,108657.41506955927,294247.09234695614,11,0,402904.5074165154,491.288804,402904.5074165154,1,0.08200970674196666,0.3056394763343404
2017,Soybeans,Non-alluvial,20161,Riley,0,0,0,0,0,0,0,NA,NA,0
2017,Soybeans,Non-alluvial,20177,Shawnee,17379.759091044274,143675.9644375328,5,0,161055.72352857707,193.035222,161055.72352857707,1,0.0834333350462731,0.12009063444108761
2017,Soybeans,Non-alluvial,20197,Wabaunsee,75513.75809465794,162881.27664814738,7,0,238395.03474280532,195.463338,238395.03474280532,1,0.12196406609141472,0.12160120845921449
2018,Corn,Alluvial,20045,Douglas,820092.7345118308,0,10,0,820092.7345118308,427.348416,820092.7345118308,1,0.19190260307688395,0.044365087700871754
2018,Corn,Alluvial,20061,Geary,0,0,0,0,0,0,0,NA,NA,0
2018,Corn,Alluvial,20087,Jefferson,1828895.8553500536,209173.85001130504,32,0,2038069.7053613586,1051.171885,2038069.7053613586,1,0.19388548480454829,0.10912719252179393
2018,Corn,Alluvial,20091,Johnson,63931.36364008692,0,2,0,63931.36364008692,53.418552,63931.36364008692,1,0.11968007601570128,0.005545635962608969
2018,Corn,Alluvial,20103,Leavenworth,4107.494519033175,27136.600426045,2,0,31244.094945078174,93.07777999999999,31244.094945078174,1,0.033567726846383934,0.009662850540909568
2018,Corn,Alluvial,20149,Pottawatomie,5057670.248132765,241676.09643068165,68,0,5299346.344563447,2633.2918019999997,5299346.344563447,1,0.2012441743273026,0.2733746455204285
2018,Corn,Alluvial,20161,Riley,1154785.6963119693,89082.05830768045,18,0,1243867.7546196498,684.728712,1243867.7546196498,1,0.18165847770374347,0.07108497006616951
2018,Corn,Alluvial,20177,Shawnee,5705827.94930885,0,105,0,5705827.94930885,3453.185638,5705827.94930885,1,0.16523374493742898,0.35849175506774494
2018,Corn,Alluvial,20197,Wabaunsee,2870102.5440606494,76475.873927945,32,0,2946578.417988594,1236.31573,2946578.417988594,1,0.23833543054480055,0.12834786261947276
2018,Corn,Alluvial,20209,Wyandotte,0,0,0,0,0,0,0,NA,NA,0
2018,Corn,Non-alluvial,20005,Atchison,36215.026750394594,112246.8472168225,5,0,148461.87396721708,231.480392,148461.87396721708,1,0.06413583141297648,0.12508200306144762
2018,Corn,Non-alluvial,20013,Brown,0,145760.54874298806,5,0,145760.54874298806,317.67851,145760.54874298806,1,0.04588303714437217,0.17165974196369999
2018,Corn,Non-alluvial,20061,Geary,309332.575220162,85973.68407706075,6,0,395306.2592972228,189.797734,395306.2592972228,1,0.20827764956204525,0.10255849551716598
2018,Corn,Non-alluvial,20085,Jackson,87675.88901287629,0,1,0,87675.88901287629,36.42174,87675.88901287629,1,0.24072405385595602,0.01968073474743057
2018,Corn,Non-alluvial,20087,Jefferson,0,34537.491451329995,1,0,34537.491451329995,127.071404,34537.491451329995,1,0.02717959380643185,0.06866389678547999
2018,Corn,Non-alluvial,20091,Johnson,0,5439.654903584475,1,0,5439.654903584475,36.42174,5439.654903584475,1,0.014935186796634302,0.01968073474743057
2018,Corn,Non-alluvial,20103,Leavenworth,0,0,0,0,0,0,0,NA,NA,0
2018,Corn,Non-alluvial,20131,Nemaha,212158.87605817,88810.69230342,6,0,300969.56836159,228.64758999999998,300969.56836159,1,0.13163032611084594,0.12355127924775858
2018,Corn,Non-alluvial,20139,Osage,42962.17240177942,0,1,0,42962.17240177942,46.943576,42962.17240177942,1,0.09151874667958704,0.025366280341132738
2018,Corn,Non-alluvial,20149,Pottawatomie,291212.7270265893,239480.4987598471,7,0,530693.2257864363,281.661456,530693.2257864363,1,0.18841528170841962,0.1521976820467964
2018,Corn,Non-alluvial,20161,Riley,0,405729.18082449917,2,0,405729.18082449917,129.094834,405729.18082449917,1,0.3142876970774053,0.06975727093811503
2018,Corn,Non-alluvial,20177,Shawnee,0,229945.68415560495,4,0,229945.68415560495,151.352564,229945.68415560495,1,0.15192718119767365,0.08178438661710037
2018,Corn,Non-alluvial,20197,Wabaunsee,0,84678.52814763588,3,0,84678.52814763588,74.057538,84678.52814763588,1,0.11434153826128529,0.04001749398644216
2018,Soybeans,Alluvial,20045,Douglas,556534.6702830564,0,9,0,556534.6702830564,484.813828,556534.6702830564,1,0.114793481155215,0.07008102021117903
2018,Soybeans,Alluvial,20061,Geary,299538.7294300349,0,4,0,299538.7294300349,205.175802,299538.7294300349,1,0.14599125555265766,0.029658662142794466
2018,Soybeans,Alluvial,20087,Jefferson,680154.2200420669,34401.80844919977,19,0,714556.0284912667,602.98214,714556.0284912667,1,0.11850368047240449,0.08716253765831114
2018,Soybeans,Alluvial,20091,Johnson,0,0,0,0,0,0,0,NA,NA,0
2018,Soybeans,Alluvial,20103,Leavenworth,140653.93393554143,0,3,0,140653.93393554143,52.204494,140653.93393554143,1,0.26942878506885143,0.007546286817397408
2018,Soybeans,Alluvial,20149,Pottawatomie,3078079.9166895333,224715.72116440354,56,0,3302795.6378539368,2287.487615,3302795.6378539368,1,0.1443852904905864,0.3306619088010764
2018,Soybeans,Alluvial,20161,Riley,450418.22779884504,0,10,0,450418.22779884504,394.16416399999997,450418.22779884504,1,0.11427173470768516,0.05697739038872151
2018,Soybeans,Alluvial,20177,Shawnee,2270975.7459270777,0,59,0,2270975.7459270777,1857.50874,2270975.7459270777,1,0.12225922263639405,0.2685074146655357
2018,Soybeans,Alluvial,20197,Wabaunsee,1543270.8010475545,0,26,0,1543270.8010475545,939.680892,1543270.8010475545,1,0.1642334982211764,0.13583316271315335
2018,Soybeans,Alluvial,20209,Wyandotte,56838.84307418879,0,2,0,56838.84307418879,93.887152,56838.84307418879,1,0.060539532687272045,0.013571616601830998
2018,Soybeans,Non-alluvial,20005,Atchison,45244.113801242296,34377.13881244882,5,0,79621.25261369112,93.07778,79621.25261369112,1,0.0855427069851592,0.07849829351535836
2018,Soybeans,Non-alluvial,20013,Brown,0,7943.6230338059,1,0,7943.6230338059,50.58575,7943.6230338059,1,0.015703282117604068,0.04266211604095563
2018,Soybeans,Non-alluvial,20061,Geary,172157.06006650458,15850.241612485373,8,0,188007.30167898993,324.153486,188007.30167898993,1,0.05799946932515479,0.2733788395904437
2018,Soybeans,Non-alluvial,20085,Jackson,0,28888.14463536245,2,0,28888.14463536245,43.301401999999996,28888.14463536245,1,0.0667141092460758,0.03651877133105801
2018,Soybeans,Non-alluvial,20091,Johnson,0,0,0,0,0,0,0,NA,NA,0
2018,Soybeans,Non-alluvial,20103,Leavenworth,0,69593.04527442995,2,0,69593.04527442995,58.679469999999995,69593.04527442995,1,0.11859862618805174,0.049488054607508526
2018,Soybeans,Non-alluvial,20131,Nemaha,115947.292729465,0,2,0,115947.292729465,89.435606,115947.292729465,1,0.12964332430359446,0.07542662116040956
2018,Soybeans,Non-alluvial,20139,Osage,3910.137425025575,0,1,0,3910.137425025575,48.56232,3910.137425025575,1,0.00805179288185897,0.040955631399317405
2018,Soybeans,Non-alluvial,20149,Pottawatomie,166507.71325053702,154567.60906307722,9,0,321075.32231361425,323.7488,321075.32231361425,1,0.09917421232560993,0.27303754266211605
2018,Soybeans,Non-alluvial,20161,Riley,20858.177872928223,0,1,0,20858.177872928223,19.424928,20858.177872928223,1,0.10737840507274067,0.016382252559726963
2018,Soybeans,Non-alluvial,20177,Shawnee,0,27481.9753405583,2,0,27481.9753405583,50.181064,27481.9753405583,1,0.05476562900411657,0.042320819112627986
2018,Soybeans,Non-alluvial,20197,Wabaunsee,0,62340.17206965064,2,0,62340.17206965064,84.579374,62340.17206965064,1,0.07370611665871474,0.07133105802047782
2019,Corn,Alluvial,20045,Douglas,327057.7092257196,0,11,0,327057.7092257196,553.610448,327057.7092257196,1,0.059077228474871485,0.06393419638267046
2019,Corn,Alluvial,20061,Geary,188710.386326392,0,4,0,188710.386326392,205.175802,188710.386326392,1,0.09197497194449471,0.02369491050147217
2019,Corn,Alluvial,20087,Jefferson,930082.3099659414,35857.31701750582,38,0,965939.6269834472,1239.148532,965939.6269834472,1,0.07795188405900055,0.14310417348226387
2019,Corn,Alluvial,20091,Johnson,37473.178224693045,0,2,0,37473.178224693045,53.418552,37473.178224693045,1,0.07015011980237323,0.006169089124643642
2019,Corn,Alluvial,20103,Leavenworth,7400.891025285,0,1,0,7400.891025285,17.806184,7400.891025285,1,0.04156359961957599,0.0020563630415478804
2019,Corn,Alluvial,20149,Pottawatomie,1739887.805952626,60008.891396685874,50,0,1799896.697349312,2061.87517,1799896.697349312,1,0.08729416424124803,0.23811749310651023
2019,Corn,Alluvial,20161,Riley,241367.7259712948,0,8,0,241367.7259712948,311.60821999999996,241367.7259712948,1,0.07745871593865361,0.0359863532270879
2019,Corn,Alluvial,20177,Shawnee,2035676.7505965165,0,96,0,2035676.7505965165,3269.86288,2035676.7505965165,1,0.06225572219091085,0.37762303126606533
2019,Corn,Alluvial,20197,Wabaunsee,834129.7578231214,0,24,0,834129.7578231214,946.560554,834129.7578231214,1,0.0881221760507803,0.10931438986773848
2019,Corn,Alluvial,20209,Wyandotte,0,0,0,0,0,0,0,NA,NA,0
2019,Corn,Non-alluvial,20005,Atchison,0,247831.17080004368,3,0,247831.17080004368,296.634838,247831.17080004368,1,0.08354756051952458,0.15009726630490428
2019,Corn,Non-alluvial,20013,Brown,0,59823.86912105374,2,0,59823.86912105374,94.291838,59823.86912105374,1,0.0634454374736589,0.047711682195146925
2019,Corn,Non-alluvial,20061,Geary,207015.2567955969,113973.721789389,9,0,320988.9785849859,339.733897,320988.9785849859,1,0.09448247037444894,0.1719053957202826
2019,Corn,Non-alluvial,20085,Jackson,0,0,0,0,0,0,0,NA,NA,0
2019,Corn,Non-alluvial,20087,Jefferson,0,66608.01922756499,1,0,66608.01922756499,127.071404,66608.01922756499,1,0.05241778805526143,0.06429814682092762
2019,Corn,Non-alluvial,20091,Johnson,0,0,0,0,0,0,0,NA,NA,0
2019,Corn,Non-alluvial,20103,Leavenworth,0,9867.85470038,1,0,9867.85470038,61.107586,9867.85470038,1,0.016148330095022898,0.030920446401146717
2019,Corn,Non-alluvial,20131,Nemaha,100269.73857423627,41938.382476615,5,0,142208.12105085127,218.935126,142208.12105085127,1,0.06495445644060391,0.11078120200675745
2019,Corn,Non-alluvial,20139,Osage,12026.447916088124,0,1,0,12026.447916088124,48.56232,12026.447916088124,1,0.02476497810666402,0.024572540186341762
2019,Corn,Non-alluvial,20149,Pottawatomie,157108.58164842505,126962.28553876418,8,0,284070.86718718923,348.434646,284070.86718718923,1,0.0815277328039271,0.17630797583700214
2019,Corn,Non-alluvial,20161,Riley,62747.22107604132,140320.8938394036,4,0,203068.11491544492,179.27589799999998,203068.11491544492,1,0.11327128586768812,0.090713627521245
2019,Corn,Non-alluvial,20177,Shawnee,0,43443.230318422946,3,0,43443.230318422946,99.14807,43443.230318422946,1,0.043816516366302384,0.0501689362137811
2019,Corn,Non-alluvial,20197,Wabaunsee,0,111334.07065703734,6,0,111334.07065703734,163.088458,111334.07065703734,1,0.06826606371925924,0.08252278079246442
2019,Soybeans,Alluvial,20045,Douglas,183443.4188800642,0,6,0,183443.4188800642,313.226964,183443.4188800642,1,0.05856565365172846,0.06264923712007771
2019,Soybeans,Alluvial,20061,Geary,0,0,0,0,0,0,0,NA,NA,0
2019,Soybeans,Alluvial,20087,Jefferson,82569.27420542964,0,9,0,82569.27420542964,279.030997,82569.27420542964,1,0.029591434318470944,0.05580962402363512
2019,Soybeans,Alluvial,20091,Johnson,0,0,0,0,0,0,0,NA,NA,0
2019,Soybeans,Alluvial,20103,Leavenworth,0,0,0,0,0,0,0,NA,NA,0
2019,Soybeans,Alluvial,20149,Pottawatomie,852027.5792859356,209.691912383075,46,0,852237.2711983187,1750.26695,852237.2711983187,1,0.048691845046740935,0.35007487150431016
2019,Soybeans,Alluvial,20161,Riley,168444.27973548658,0,12,0,168444.27973548658,496.549722,168444.27973548658,1,0.033922943115752384,0.09931603869035574
2019,Soybeans,Alluvial,20177,Shawnee,258291.0967824465,0,27,0,258291.0967824465,945.346496,258291.0967824465,1,0.0273223731060877,0.1890809016957384
2019,Soybeans,Alluvial,20197,Wabaunsee,816922.6861893338,16220.286163749624,24,0,833142.9723530833,1215.272058,833142.9723530833,1,0.06855608724553455,0.24306932696588288
2019,Soybeans,Alluvial,20209,Wyandotte,0,0,0,0,0,0,0,NA,NA,0
2019,Soybeans,Non-alluvial,20005,Atchison,0,23436.154913402497,1,0,23436.154913402497,31.565507999999998,23436.154913402497,1,0.07424608820932804,0.039097744360902256
2019,Soybeans,Non-alluvial,20013,Brown,0,3700.4455126425,1,0,3700.4455126425,53.823237999999996,3700.4455126425,1,0.0068751818919599375,0.06666666666666667
2019,Soybeans,Non-alluvial,20061,Geary,42925.167946653,19168.30775548815,6,0,62093.47570214115,195.463338,62093.47570214115,1,0.0317673259535459,0.24210526315789474
2019,Soybeans,Non-alluvial,20085,Jackson,22881.088086506126,0,1,0,22881.088086506126,50.58575,22881.088086506126,1,0.0452322800126639,0.06265664160401002
2019,Soybeans,Non-alluvial,20091,Johnson,0,0,0,0,0,0,0,NA,NA,0
2019,Soybeans,Non-alluvial,20103,Leavenworth,0,0,0,0,0,0,0,NA,NA,0
2019,Soybeans,Non-alluvial,20131,Nemaha,9867.85470038,45638.827989257494,3,0,55506.6826896375,99.14807,55506.6826896375,1,0.055983623977388056,0.12280701754385966
2019,Soybeans,Non-alluvial,20139,Osage,0,0,0,0,0,0,0,NA,NA,0
2019,Soybeans,Non-alluvial,20149,Pottawatomie,6673.136741131975,17466.1028196726,5,0,24139.239560804574,241.597542,24139.239560804574,1,0.009991508755004045,0.2992481203007519
2019,Soybeans,Non-alluvial,20161,Riley,0,0,0,0,0,0,0,NA,NA,0
2019,Soybeans,Non-alluvial,20177,Shawnee,0,25496.069582106826,1,0,25496.069582106826,70.82005,25496.069582106826,1,0.036001202459059016,0.08771929824561403
2019,Soybeans,Non-alluvial,20197,Wabaunsee,35363.92428248683,5192.958536074974,2,0,40556.882818561804,64.345074,40556.882818561804,1,0.06303028390108278,0.07969924812030074
2020,Corn,Alluvial,20045,Douglas,456055.23979643715,0,11,0,456055.23979643715,524.06837,456055.23979643715,1,0.08702208831959028,0.05350686912509039
2020,Corn,Alluvial,20061,Geary,122891.79547485743,0,2,0,122891.79547485743,66.77319,122891.79547485743,1,0.18404361911548245,0.006817477533312675
2020,Corn,Alluvial,20087,Jefferson,632073.0980144654,133364.0562756357,28,0,765437.154290101,983.38698,765437.154290101,1,0.07783682007769728,0.10040285094515031
2020,Corn,Alluvial,20091,Johnson,0,0,0,0,0,0,0,NA,NA,0
2020,Corn,Alluvial,20103,Leavenworth,134449.52029267748,99912.02884134749,4,0,234361.54913402497,139.61667,234361.54913402497,1,0.16786072116891557,0.014254725751471957
2020,Corn,Alluvial,20149,Pottawatomie,2426530.1404601927,87700.55864962724,64,0,2514230.69910982,2496.91262,2514230.69910982,1,0.10069357970203299,0.2549323417002376
2020,Corn,Alluvial,20161,Riley,456745.9896254637,35080.2234598509,13,0,491826.21308531467,562.108854,491826.21308531467,1,0.08749661379383196,0.05739076541679579
2020,Corn,Alluvial,20177,Shawnee,2293795.159921706,0,109,0,2293795.159921706,3667.2645319999997,2293795.159921706,1,0.06254785112735647,0.37442412973866335
2020,Corn,Alluvial,20197,Wabaunsee,1629466.5118553739,19377.999667871227,33,0,1648844.5115232451,1354.281699,1648844.5115232451,1,0.12175048313366046,0.13827083978927798
2020,Corn,Alluvial,20209,Wyandotte,0,0,0,0,0,0,0,NA,NA,0
2020,Corn,Non-alluvial,20005,Atchison,9226.444144855299,299970.4480731765,7,0,309196.8922180318,301.288727,309196.8922180318,1,0.10262477965796304,0.13067134708205352
2020,Corn,Non-alluvial,20013,Brown,0,76475.873927945,2,0,76475.873927945,171.182178,76475.873927945,1,0.04467513781016678,0.07424308907415533
2020,Corn,Non-alluvial,20061,Geary,381528.2671718172,22930.427360008023,10,0,404458.69453182525,287.731746,404458.69453182525,1,0.14056797699751394,0.12479157525230364
2020,Corn,Non-alluvial,20085,Jackson,12297.813920348575,6167.409187737499,2,0,18465.223108086073,64.345074,18465.223108086073,1,0.028697182177591516,0.027906976744186046
2020,Corn,Non-alluvial,20087,Jefferson,0,103612.47435399,1,0,103612.47435399,127.071404,103612.47435399,1,0.08153878141929556,0.05511189118034226
2020,Corn,Non-alluvial,20091,Johnson,0,0,0,0,0,0,0,NA,NA,0
2020,Corn,Non-alluvial,20103,Leavenworth,0,0,0,0,0,0,0,NA,NA,0
2020,Corn,Non-alluvial,20131,Nemaha,98678.54700379999,113480.32905437,7,0,212158.87605817,273.567736,212158.87605817,1,0.07755259416197016,0.11864853005704258
2020,Corn,Non-alluvial,20139,Osage,30220.305019913747,0,1,0,30220.305019913747,46.943576,30220.305019913747,1,0.06437580515790647,0.020359806932865293
2020,Corn,Non-alluvial,20149,Pottawatomie,129059.20466259492,248620.5991760741,11,0,377679.803838669,590.032188,377679.803838669,1,0.0640100339472783,0.25590171127687583
2020,Corn,Non-alluvial,20161,Riley,19859.05758451475,194988.8088795088,3,0,214847.86646402354,177.657154,214847.86646402354,1,0.12093397964937767,0.07705133830627468
2020,Corn,Non-alluvial,20177,Shawnee,0,141073.31776030757,4,0,141073.31776030757,189.797734,141073.31776030757,1,0.07432824132679455,0.08231680561649847
2020,Corn,Non-alluvial,20197,Wabaunsee,0,44109.3105106986,3,0,44109.3105106986,76.080968,44109.3105106986,1,0.0579767998097745,0.03299692847740237
2020,Soybeans,Alluvial,20045,Douglas,196370.308537562,0,6,0,196370.308537562,230.266334,196370.308537562,1,0.08527964341394431,0.03760367445395367
2020,Soybeans,Alluvial,20061,Geary,104833.62137316202,0,3,0,104833.62137316202,136.37918200000001,104833.62137316202,1,0.07686922581275052,0.022271420546541985
2020,Soybeans,Alluvial,20087,Jefferson,487422.68292527006,25483.73476373135,22,0,512906.4176890014,738.147264,512906.4176890014,1,0.0694856490979287,0.12054323761689191
2020,Soybeans,Alluvial,20091,Johnson,20697.82523404705,0,2,0,20697.82523404705,53.418552,20697.82523404705,1,0.03874651120091584,0.008723523774906651
2020,Soybeans,Alluvial,20103,Leavenworth,0,0,0,0,0,0,0,NA,NA,0
2020,Soybeans,Alluvial,20149,Pottawatomie,1572146.6108645415,188574.7033242618,55,0,1760721.3141888033,2310.352374,1760721.3141888033,1,0.07621007661010602,0.3772924032647127
2020,Soybeans,Alluvial,20161,Riley,344079.7585838751,0,10,0,344079.7585838751,331.84252,344079.7585838751,1,0.10368766443307961,0.054191587086541315
2020,Soybeans,Alluvial,20177,Shawnee,685655.5490375288,0,41,0,685655.5490375288,1421.864261,685655.5490375288,1,0.04822229293218931,0.23219773320556453
2020,Soybeans,Alluvial,20197,Wabaunsee,675355.9756940072,0,20,0,675355.9756940072,807.34857,675355.9756940072,1,0.08365110198857567,0.13184416614347552
2020,Soybeans,Alluvial,20209,Wyandotte,39989.481173289954,0,2,0,39989.481173289954,93.887152,39989.481173289954,1,0.04259313475957813,0.01533225390741169
2020,Soybeans,Non-alluvial,20005,Atchison,5365.645993331625,0,2,0,5365.645993331625,56.65604,5365.645993331625,1,0.009470563056174813,0.06511627906976744
2020,Soybeans,Non-alluvial,20013,Brown,0,49857.33587366995,2,0,49857.33587366995,95.10121000000001,49857.33587366995,1,0.05242555365349184,0.10930232558139537
2020,Soybeans,Non-alluvial,20061,Geary,211665.483323151,32711.9383317597,4,0,244377.4216549107,169.96812,244377.4216549107,1,0.14377838717926086,0.19534883720930232
2020,Soybeans,Non-alluvial,20085,Jackson,0,0,0,0,0,0,0,NA,NA,0
2020,Soybeans,Non-alluvial,20091,Johnson,0,0,0,0,0,0,0,NA,NA,0
2020,Soybeans,Non-alluvial,20103,Leavenworth,0,4218.50788441245,1,0,4218.50788441245,27.518648,4218.50788441245,1,0.015329633506749497,0.03162790697674419
2020,Soybeans,Non-alluvial,20131,Nemaha,0,57973.6463647325,1,0,57973.6463647325,44.51546,57973.6463647325,1,0.1302326121413381,0.05116279069767442
2020,Soybeans,Non-alluvial,20139,Osage,9867.85470038,0,1,0,9867.85470038,48.56232,9867.85470038,1,0.020319982036237146,0.05581395348837209
2020,Soybeans,Non-alluvial,20149,Pottawatomie,49524.29577753212,95693.52095693504,5,0,145217.81673446717,259.403726,145217.81673446717,1,0.055981392007633364,0.29813953488372097
2020,Soybeans,Non-alluvial,20161,Riley,8794.725501713674,0,1,0,8794.725501713674,23.876473999999998,8794.725501713674,1,0.03683427252161971,0.027441860465116277
2020,Soybeans,Non-alluvial,20177,Shawnee,0,13531.295757896074,2,0,13531.295757896074,50.585750000000004,13531.295757896074,1,0.026749224352502578,0.058139534883720936
2020,Soybeans,Non-alluvial,20197,Wabaunsee,0,58627.39173863267,3,0,58627.39173863267,93.887152,58627.39173863267,1,0.06244453100316928,0.10790697674418605
2021,Corn,Alluvial,20045,Douglas,405803.189734752,0,8,0,405803.189734752,432.609334,405803.189734752,1,0.0938036139864592,0.04657647648301854
2021,Corn,Alluvial,20061,Geary,314192.49366009916,0,3,0,314192.49366009916,150.138506,314192.49366009916,1,0.20926842955270858,0.016164520837418036
2021,Corn,Alluvial,20087,Jefferson,998034.8243964332,101416.87668315544,37,0,1099451.7010795886,1321.29979,1099451.7010795886,1,0.08320985967004418,0.14225649739668433
2021,Corn,Alluvial,20091,Johnson,41025.60591682985,0,2,0,41025.60591682985,53.418552,41025.60591682985,1,0.0768002957415054,0.005751258087706686
2021,Corn,Alluvial,20103,Leavenworth,11101.3365379275,0,1,0,11101.3365379275,17.806184,11101.3365379275,1,0.06234539942936398,0.001917086029235562
2021,Corn,Alluvial,20149,Pottawatomie,3804452.701184505,346324.69552821154,63,0,4150777.3967127167,2684.686924,4150777.3967127167,1,0.15460936467513098,0.2890442890442891
2021,Corn,Alluvial,20161,Riley,726533.1371338529,0,13,0,726533.1371338529,471.054504,726533.1371338529,1,0.15423547189644385,0.050715639500686235
2021,Corn,Alluvial,20177,Shawnee,4004054.7321364414,0,97,0,4004054.7321364414,3149.4687949999998,4004054.7321364414,1,0.12713428812163993,0.33908459142104
2021,Corn,Alluvial,20197,Wabaunsee,1338549.820469796,38348.95032935177,23,0,1376898.7707991477,1007.66814,1376898.7707991477,1,0.1366420864312677,0.10848964119992159
2021,Corn,Alluvial,20209,Wyandotte,0,0,0,0,0,0,0,NA,NA,0
2021,Corn,Non-alluvial,20005,Atchison,0,23608.84237065915,1,0,23608.84237065915,33.993624,23608.84237065915,1,0.06945079574528197,0.020437956204379562
2021,Corn,Non-alluvial,20013,Brown,0,83358.70258146005,3,0,83358.70258146005,121.4058,83358.70258146005,1,0.06866121930044533,0.072992700729927
2021,Corn,Non-alluvial,20061,Geary,234990.62487117422,64770.13128961922,5,0,299760.7561607934,175.633724,299760.7561607934,1,0.17067380303386007,0.10559610705596108
2021,Corn,Non-alluvial,20085,Jackson,61970.1275183864,134449.52029267748,3,0,196419.64781106389,141.6401,196419.64781106389,1,0.1386751688335887,0.0851581508515815
2021,Corn,Non-alluvial,20087,Jefferson,0,86343.728628325,1,0,86343.728628325,127.071404,86343.728628325,1,0.06794898451607963,0.07639902676399027
2021,Corn,Non-alluvial,20091,Johnson,0,0,0,0,0,0,0,NA,NA,0
2021,Corn,Non-alluvial,20103,Leavenworth,0,0,0,0,0,0,0,NA,NA,0
2021,Corn,Non-alluvial,20131,Nemaha,104845.9561915375,81409.801278135,4,0,186255.7574696725,164.707202,186255.7574696725,1,0.11308294671272025,0.09902676399026764
2021,Corn,Non-alluvial,20139,Osage,0,0,0,0,0,0,0,NA,NA,0
2021,Corn,Non-alluvial,20149,Pottawatomie,199244.32121904765,434086.92826971615,9,0,633331.2494887639,520.426196,633331.2494887639,1,0.12169472911943192,0.31289537712895377
2021,Corn,Non-alluvial,20161,Riley,26063.47122737867,206953.58270371953,2,0,233017.0539310982,135.56981,233017.0539310982,1,0.17187975252830864,0.08150851581508516
2021,Corn,Non-alluvial,20177,Shawnee,0,28592.10899435105,2,0,28592.10899435105,50.585750000000004,28592.10899435105,1,0.05652206203199724,0.030413625304136258
2021,Corn,Non-alluvial,20197,Wabaunsee,0,133734.10082689993,6,0,133734.10082689993,192.22584999999998,133734.10082689993,1,0.069571340601121,0.11557177615571775
2021,Soybeans,Alluvial,20045,Douglas,212516.58579105875,0,9,0,212516.58579105875,303.91918599999997,212516.58579105875,1,0.0699253602867503,0.04171874566008388
2021,Soybeans,Alluvial,20061,Geary,137039.83215152725,0,2,0,137039.83215152725,66.77319,137039.83215152725,1,0.2052318185659952,0.00916590284142988
2021,Soybeans,Alluvial,20087,Jefferson,288856.7767168735,117020.42192813131,17,0,405877.1986450048,711.0333019999999,405877.1986450048,1,0.057082726997926866,0.0976029775296503
2021,Soybeans,Alluvial,20091,Johnson,0,0,0,0,0,0,0,NA,NA,0
2021,Soybeans,Alluvial,20103,Leavenworth,0,14801.78205057,1,0,14801.78205057,35.612368,14801.78205057,1,0.04156359961957599,0.00488848151542927
2021,Soybeans,Alluvial,20149,Pottawatomie,2354815.5064251814,58553.38282837982,52,0,2413368.889253561,1997.934782,2413368.889253561,1,0.12079317658395723,0.2742549232008444
2021,Soybeans,Alluvial,20161,Riley,421135.36897546746,25323.382124850174,11,0,446458.7511003176,437.870252,446458.7511003176,1,0.10196142557323525,0.06010610226925534
2021,Soybeans,Alluvial,20177,Shawnee,2096672.4274632405,0,66,0,2096672.4274632405,2180.043482,2096672.4274632405,1,0.09617571597882654,0.2992528400411077
2021,Soybeans,Alluvial,20197,Wabaunsee,1647500.0163203182,31429.117220710297,33,0,1678929.1335410287,1503.610833,1678929.1335410287,1,0.11165981893009072,0.2063994667111074
2021,Soybeans,Alluvial,20209,Wyandotte,18810.598022599374,0,1,0,18810.598022599374,48.157634,18810.598022599374,1,0.03906046967049787,0.006610560231091854
2021,Soybeans,Non-alluvial,20005,Atchison,48007.113117348694,71788.6429452645,8,0,119795.75606261319,159.243941,119795.75606261319,1,0.07522782676083932,0.12057606863796538
2021,Soybeans,Non-alluvial,20013,Brown,0,30837.045938687497,1,0,30837.045938687497,53.823237999999996,30837.045938687497,1,0.057293182432999475,0.040753791941167454
2021,Soybeans,Non-alluvial,20061,Geary,265321.94325646723,21117.2090588132,7,0,286439.15231528046,196.27271,286439.15231528046,1,0.14593936789036055,0.14861345181553545
2021,Soybeans,Non-alluvial,20085,Jackson,0,80484.68989997437,2,0,80484.68989997437,88.626234,80484.68989997437,1,0.09081361834688177,0.06710586793320054
2021,Soybeans,Non-alluvial,20091,Johnson,0,0,0,0,0,0,0,NA,NA,0
2021,Soybeans,Non-alluvial,20103,Leavenworth,0,38139.258416968696,2,0,38139.258416968696,48.56232,38139.258416968696,1,0.07853673057005657,0.03677033859353455
2021,Soybeans,Non-alluvial,20131,Nemaha,54273.20085209,101145.51067889499,4,0,155418.711530985,153.375994,155418.711530985,1,0.10133183653954672,0.11613298605791328
2021,Soybeans,Non-alluvial,20139,Osage,12026.447916088124,0,1,0,12026.447916088124,46.943576,12026.447916088124,1,0.025618942868962782,0.03554466064041673
2021,Soybeans,Non-alluvial,20149,Pottawatomie,62710.21662091489,201291.90106937653,8,0,264002.11769029143,351.267448,264002.11769029143,1,0.0751570118988912,0.26597211582656655
2021,Soybeans,Non-alluvial,20161,Riley,48956.89413226027,83556.05967546764,2,0,132512.9538077279,80.93719999999999,132512.9538077279,1,0.16372317526147176,0.06128389765589091
2021,Soybeans,Non-alluvial,20177,Shawnee,0,30146.2961096609,2,0,30146.2961096609,104.408988,30146.2961096609,1,0.028873276800327672,0.07905622797609928
2021,Soybeans,Non-alluvial,20197,Wabaunsee,0,13889.00549078485,1,0,13889.00549078485,37.231111999999996,13889.00549078485,1,0.0373048365860919,0.028190592921709817
2022,Corn,Alluvial,20045,Douglas,1097490.464957888,0,16,0,1097490.464957888,615.932092,1097490.464957888,1,0.178183679534251,0.06676756377355181
2022,Corn,Alluvial,20061,Geary,104463.57682189778,0,2,0,104463.57682189778,66.77319,104463.57682189778,1,0.156445388968084,0.007238270711324604
2022,Corn,Alluvial,20087,Jefferson,1349059.0857257007,131365.81569880876,31,0,1480424.9014245095,1101.757635,1480424.9014245095,1,0.13436937983411473,0.11943146673685595
2022,Corn,Alluvial,20091,Johnson,61587.74814874667,0,2,0,61587.74814874667,53.418552,61587.74814874667,1,0.11529280716696827,0.005790616569059683
2022,Corn,Alluvial,20103,Leavenworth,49339.273501899996,97136.69470686562,2,0,146475.9682087656,67.582562,146475.9682087656,1,0.2167363353416013,0.007326007326007326
2022,Corn,Alluvial,20149,Pottawatomie,3021759.1359871146,123200.16593424429,61,0,3144959.301921359,2415.166048,3144959.301921359,1,0.13021710472146214,0.2618060582132439
2022,Corn,Alluvial,20161,Riley,517248.2737571686,65300.528479764645,15,0,582548.8022369333,490.074746,582548.8022369333,1,0.11886937798605383,0.053124520190388456
2022,Corn,Alluvial,20177,Shawnee,3648108.8782753595,0,98,0,3648108.8782753595,3253.67544,3648108.8782753595,1,0.11212270386364534,0.35270119102454434
2022,Corn,Alluvial,20197,Wabaunsee,1627135.231182409,29998.278289155198,31,0,1657133.5094715643,1160.639448,1657133.5094715643,1,0.14277763110043495,0.125814305455024
2022,Corn,Alluvial,20209,Wyandotte,0,0,0,0,0,0,0,NA,NA,0
2022,Corn,Non-alluvial,20005,Atchison,170220.493581555,91277.65597851499,3,0,261498.14956006999,109.26522,261498.14956006999,1,0.23932423287123752,0.05598175409496164
2022,Corn,Non-alluvial,20013,Brown,0,118414.25640455999,2,0,118414.25640455999,171.182178,118414.25640455999,1,0.06917440693187113,0.08770474808210657
2022,Corn,Non-alluvial,20061,Geary,313390.73046569334,92498.80299768702,10,0,405889.53346338036,302.705128,405889.53346338036,1,0.1340874322629184,0.1550901928260419
2022,Corn,Non-alluvial,20085,Jackson,0,196123.61217005248,2,0,196123.61217005248,146.091646,196123.61217005248,1,0.13424697273248087,0.07484967862326353
2022,Corn,Non-alluvial,20087,Jefferson,0,0,0,0,0,0,0,NA,NA,0
2022,Corn,Non-alluvial,20091,Johnson,0,0,0,0,0,0,0,NA,NA,0
2022,Corn,Non-alluvial,20103,Leavenworth,0,0,0,0,0,0,0,NA,NA,0
2022,Corn,Non-alluvial,20131,Nemaha,87577.2104658725,144317.37499305748,5,0,231894.58545892997,191.821164,231894.58545892997,1,0.12089103236748681,0.09827907941115488
2022,Corn,Non-alluvial,20139,Osage,0,0,0,0,0,0,0,NA,NA,0
2022,Corn,Non-alluvial,20149,Pottawatomie,165348.24032324238,621378.8104829285,11,0,786727.0508061709,650.735088,786727.0508061709,1,0.12089820655347402,0.3334024466099938
2022,Corn,Non-alluvial,20161,Riley,0,226245.23864296245,2,0,226245.23864296245,149.329134,226245.23864296245,1,0.151507768499456,0.07650839726311424
2022,Corn,Non-alluvial,20177,Shawnee,0,34475.81735945262,3,0,34475.81735945262,106.432418,34475.81735945262,1,0.03239221470985713,0.05453037528509226
2022,Corn,Non-alluvial,20197,Wabaunsee,0,106412.47812522281,4,0,106412.47812522281,124.23860199999999,106412.47812522281,1,0.08565170278173513,0.06365332780427119
2022,Soybeans,Alluvial,20045,Douglas,488878.1914935761,0,7,0,488878.1914935761,345.60184399999997,488878.1914935761,1,0.1414570552735755,0.05182510544042237
2022,Soybeans,Alluvial,20061,Geary,154382.5867874451,0,2,0,154382.5867874451,91.863722,154382.5867874451,1,0.16805609812701156,0.013775525684983463
2022,Soybeans,Alluvial,20087,Jefferson,726126.0881274623,81582.48873539164,20,0,807708.576862854,777.401806,807708.576862854,1,0.10389846931521715,0.11657614467336226
2022,Soybeans,Alluvial,20091,Johnson,0,0,0,0,0,0,0,NA,NA,0
2022,Soybeans,Alluvial,20103,Leavenworth,17268.745725664998,0,1,0,17268.745725664998,17.806184,17268.745725664998,1,0.09698173244567729,0.0026701459477500985
2022,Soybeans,Alluvial,20149,Pottawatomie,2498762.8368669744,280395.09131129767,53,0,2779157.928178272,2209.383217,2779157.928178272,1,0.12578885848295424,0.3313104954941287
2022,Soybeans,Alluvial,20161,Riley,548825.4087983846,0,13,0,548825.4087983846,477.934166,548825.4087983846,1,0.11483284683154135,0.0716691446430197
2022,Soybeans,Alluvial,20177,Shawnee,2068302.3451996478,0,54,0,2068302.3451996478,1781.630115,2068302.3451996478,1,0.11609044592287036,0.2671663076129502
2022,Soybeans,Alluvial,20197,Wabaunsee,1312905.7330671835,87133.1570043554,23,0,1400038.890071539,918.839563,1400038.890071539,1,0.15237033171497633,0.13778559941742272
2022,Soybeans,Alluvial,20209,Wyandotte,75341.0706374013,0,1,0,75341.0706374013,48.157634,75341.0706374013,1,0.15644678606386953,0.007221531085960495
2022,Soybeans,Non-alluvial,20005,Atchison,110914.6868322712,76611.55693007522,7,0,187526.24376234642,70.415364,187526.24376234642,1,0.2663143852559598,0.05999999999999999
2022,Soybeans,Non-alluvial,20013,Brown,0,56740.164527185,2,0,56740.164527185,68.79662,56740.164527185,1,0.08247522120590371,0.05862068965517241
2022,Soybeans,Non-alluvial,20061,Geary,221829.3736645424,0,4,0,221829.3736645424,165.111888,221829.3736645424,1,0.1343509400513562,0.14068965517241377
2022,Soybeans,Non-alluvial,20085,Jackson,58121.664185238194,85110.2467907775,3,0,143231.9109760157,95.910582,143231.9109760157,1,0.14933900721821883,0.08172413793103449
2022,Soybeans,Non-alluvial,20091,Johnson,0,0,0,0,0,0,0,NA,NA,0
2022,Soybeans,Non-alluvial,20103,Leavenworth,0,81101.43081874812,2,0,81101.43081874812,48.56232,81101.43081874812,1,0.16700485236032406,0.041379310344827586
2022,Soybeans,Non-alluvial,20131,Nemaha,0,77709.3557654925,1,0,77709.3557654925,44.51546,77709.3557654925,1,0.17456711840221914,0.03793103448275861
2022,Soybeans,Non-alluvial,20139,Osage,11816.75600370505,0,1,0,11816.75600370505,48.56232,11816.75600370505,1,0.024333178488393985,0.041379310344827586
2022,Soybeans,Non-alluvial,20149,Pottawatomie,172860.14471390663,323566.9556254602,10,0,496427.1003393668,383.642328,496427.1003393668,1,0.1293984172516456,0.32689655172413795
2022,Soybeans,Non-alluvial,20161,Riley,26828.229966658124,0,1,0,26828.229966658124,21.853044,26828.229966658124,1,0.12276655813559943,0.018620689655172412
2022,Soybeans,Non-alluvial,20177,Shawnee,0,11656.403364823873,1,0,11656.403364823873,36.42174,11656.403364823873,1,0.0320039717070735,0.03103448275862069
2022,Soybeans,Non-alluvial,20197,Wabaunsee,52978.044922665125,94114.66420487425,4,0,147092.70912753936,189.797734,147092.70912753936,1,0.07749971826720511,0.16172413793103446
2023,Corn,Alluvial,20045,Douglas,811396.6875571209,0,13,0,811396.6875571209,540.660496,811396.6875571209,1,0.15007508289585134,0.05636417331139517
2023,Corn,Alluvial,20061,Geary,282738.7068026379,0,3,0,282738.7068026379,149.329134,282738.7068026379,1,0.1893392797701739,0.015567649664599418
2023,Corn,Alluvial,20087,Jefferson,1487788.787994668,116687.3818319935,40,0,1604476.1698266615,1394.952642,1604476.1698266615,1,0.1150201176382776,0.145424629793697
2023,Corn,Alluvial,20091,Johnson,38398.28960285367,0,2,0,38398.28960285367,53.418552,38398.28960285367,1,0.0718819364531889,0.005568915327173775
2023,Corn,Alluvial,20103,Leavenworth,168987.0117440075,74748.9993553785,4,0,243736.011099386,146.901018,243736.011099386,1,0.16591853100663062,0.01531451714972788
2023,Corn,Alluvial,20149,Pottawatomie,3468920.971734834,188019.63649736543,59,0,3656940.6082321997,2407.274671,3656940.6082321997,1,0.1519120627274776,0.2509597941188879
2023,Corn,Alluvial,20161,Riley,884369.473066431,0,16,0,884369.473066431,524.877742,884369.473066431,1,0.16849056500216977,0.0547188119647302
2023,Corn,Alluvial,20177,Shawnee,4235986.322050498,0,105,0,4235986.322050498,3522.184601,4235986.322050498,1,0.12026588046656723,0.36718980719740113
2023,Corn,Alluvial,20197,Wabaunsee,1258015.7912963198,142997.54942688168,25,0,1401013.3407232014,852.673402,1401013.3407232014,1,0.16430831986045713,0.08889170147238745
2023,Corn,Alluvial,20209,Wyandotte,0,0,0,0,0,0,0,NA,NA,0
2023,Corn,Non-alluvial,20005,Atchison,0,31416.782402334822,1,0,31416.782402334822,28.32802,31416.782402334822,1,0.11090355909920574,0.012580877066858374
2023,Corn,Non-alluvial,20013,Brown,0,123348.18375474999,3,0,123348.18375474999,92.673094,123348.18375474999,1,0.1331003190146538,0.041157440690150975
2023,Corn,Non-alluvial,20061,Geary,450393.5581620941,268923.71022210596,10,0,719317.2683842,357.74242399999997,719317.2683842,1,0.20107127925767063,0.1588785046728972
2023,Corn,Non-alluvial,20085,Jackson,3897.8026066501,78942.83760304,3,0,82840.6402096901,114.930824,82840.6402096901,1,0.07207869684262432,0.051042415528396834
2023,Corn,Non-alluvial,20087,Jefferson,0,76475.873927945,1,0,76475.873927945,127.071404,76475.873927945,1,0.06018338628567053,0.056434219985621856
2023,Corn,Non-alluvial,20091,Johnson,0,0,0,0,0,0,0,NA,NA,0
2023,Corn,Non-alluvial,20103,Leavenworth,0,0,0,0,0,0,0,NA,NA,0
2023,Corn,Non-alluvial,20131,Nemaha,250396.81302214248,154185.2296934375,7,0,404582.04271557997,453.653006,404582.04271557997,1,0.0891831504177402,0.20147375988497485
2023,Corn,Non-alluvial,20139,Osage,19020.289934982447,0,1,0,19020.289934982447,46.943576,19020.289934982447,1,0.04051734349122114,0.020848310567936738
2023,Corn,Non-alluvial,20149,Pottawatomie,457979.4714630112,356291.2287755954,11,0,814270.7002386067,593.674362,814270.7002386067,1,0.1371578010368261,0.26365923795830337
2023,Corn,Non-alluvial,20161,Riley,57270.56171733042,257711.36031879915,3,0,314981.9220361296,165.516574,314981.9220361296,1,0.19030234521174272,0.07350826743350107
2023,Corn,Non-alluvial,20177,Shawnee,0,29295.193641753125,2,0,29295.193641753125,84.579374,29295.193641753125,1,0.034636333016313324,0.03756290438533429
2023,Corn,Non-alluvial,20197,Wabaunsee,0,116058.30609484426,5,0,116058.30609484426,186.560246,116058.30609484426,1,0.06220955888686181,0.08285406182602445
2023,Soybeans,Alluvial,20045,Douglas,597757.633293894,0,9,0,597757.633293894,370.28769,597757.633293894,1,0.1614305982718178,0.052954453382718904
2023,Soybeans,Alluvial,20061,Geary,0,0,0,0,0,0,0,NA,NA,0
2023,Soybeans,Alluvial,20087,Jefferson,522576.9152953738,126456.55798536968,15,0,649033.4732807435,575.058806,649033.4732807435,1,0.11286384392498869,0.08223855547196018
2023,Soybeans,Alluvial,20091,Johnson,0,0,0,0,0,0,0,NA,NA,0
2023,Soybeans,Alluvial,20103,Leavenworth,0,0,0,0,0,0,0,NA,NA,0
2023,Soybeans,Alluvial,20149,Pottawatomie,3976757.7790715154,124853.03159655794,62,0,4101610.810668073,2410.309816,4101610.810668073,1,0.17016944392131508,0.3446958736037965
2023,Soybeans,Alluvial,20161,Riley,1059819.9296391874,55284.655958878946,16,0,1115104.5855980664,677.039678,1115104.5855980664,1,0.1647029888842152,0.09682273279703686
2023,Soybeans,Alluvial,20177,Shawnee,2007750.721794441,0,56,0,2007750.721794441,1704.132746,2007750.721794441,1,0.11781656836928366,0.24370623299959487
2023,Soybeans,Alluvial,20197,Wabaunsee,2039401.86574591,39607.10180365022,28,0,2079008.9675495601,1161.853506,2079008.9675495601,1,0.17893899332516713,0.16615544881069505
2023,Soybeans,Alluvial,20209,Wyandotte,114615.1323449137,0,2,0,114615.1323449137,93.887152,114615.1323449137,1,0.12207754725046266,0.01342670293419758
2023,Soybeans,Non-alluvial,20005,Atchison,182876.01723479235,3083.7045938687497,6,0,185959.72182866107,140.426042,185959.72182866107,1,0.13242538148918354,0.10531107738998483
2023,Soybeans,Non-alluvial,20013,Brown,0,76475.873927945,2,0,76475.873927945,171.182178,76475.873927945,1,0.04467513781016678,0.1283763277693475
2023,Soybeans,Non-alluvial,20061,Geary,137027.49733315178,74082.91916310285,4,0,211110.41649625462,130.71357799999998,211110.41649625462,1,0.1615061110914236,0.09802731411229133
2023,Soybeans,Non-alluvial,20085,Jackson,0,171429.30578235153,2,0,171429.30578235153,149.329134,171429.30578235153,1,0.11479963834944058,0.11198786039453719
2023,Soybeans,Non-alluvial,20091,Johnson,0,0,0,0,0,0,0,NA,NA,0
2023,Soybeans,Non-alluvial,20103,Leavenworth,0,49129.58158951692,2,0,49129.58158951692,48.56232,49129.58158951692,1,0.10116811056291569,0.036418816388467376
2023,Soybeans,Non-alluvial,20131,Nemaha,54273.20085209,96211.58332870499,4,0,150484.784180795,155.80410999999998,150484.784180795,1,0.09658588863977657,0.11684370257966614
2023,Soybeans,Non-alluvial,20139,Osage,47587.729292582546,0,1,0,47587.729292582546,48.56232,47587.729292582546,1,0.09799311336975364,0.036418816388467376
2023,Soybeans,Non-alluvial,20149,Pottawatomie,314278.8373887275,192546.51484116475,7,0,506825.3522298923,274.781794,506825.3522298923,1,0.18444648200742597,0.2060698027314112
2023,Soybeans,Non-alluvial,20161,Riley,0,0,0,0,0,0,0,NA,NA,0
2023,Soybeans,Non-alluvial,20177,Shawnee,0,48599.1843993715,4,0,48599.1843993715,143.66353,48599.1843993715,1,0.03382847713638353,0.10773899848254932
2023,Soybeans,Non-alluvial,20197,Wabaunsee,0,98925.24337130951,2,0,98925.24337130951,70.415364,98925.24337130951,1,0.14048815166432926,0.05280728376327769
