Year,FIPS,County,Crop,Domain,GWuse_m3,SWuse_m3,n_pdiv,n_missing_irrArea,water_with_area_m3,irrArea_ha,waterUse_m3,area_data_water_fraction,applied_depth_m
1990,20005,Atchison,Corn,Non-alluvial,0,109015.12480244804,1,0,109015.12480244804,22.25773,109015.12480244804,1,0.4897854579170834
1990,20005,Atchison,Multi-Crop,Non-alluvial,74946.3564493861,0,3,0,74946.3564493861,56.25135399999999,74946.3564493861,1,0.13323475991242115
1990,20005,Atchison,Soybeans,Non-alluvial,0,170343.84176530974,1,0,170343.84176530974,35.612368,170343.84176530974,1,0.47832775895528695
1990,20045,Douglas,Alfalfa,Alluvial,5822.0342732242,0,4,0,5822.0342732242,12.14058,5822.0342732242,1,0.04795515760551967
1990,20045,Douglas,Corn,Alluvial,68347.22861850697,0,3,0,68347.22861850697,46.53889,68347.22861850697,1,0.1468604614732044
1990,20045,Douglas,Multi-Crop,Alluvial,713211.53328834,0,13,0,713211.53328834,539.851124,713211.53328834,1,0.13211263283177677
1990,20045,Douglas,Other Crop,Non-alluvial,715.4194657775499,1147.138108919175,2,0,1862.557574696725,3.642174,1862.557574696725,1,0.05113862145786349
1990,20045,Douglas,Soybeans,Alluvial,3638.771420765125,0,1,0,3638.771420765125,8.09372,3638.771420765125,1,0.04495796025517469
1990,20045,Douglas,Wheat,Alluvial,128282.11110493998,0,2,0,128282.11110493998,56.656040000000004,128282.11110493998,1,0.22642265697521388
1990,20061,Geary,Alfalfa,Non-alluvial,148412.5346937152,0,3,0,148412.5346937152,150.138506,148412.5346937152,1,0.098850413959570893
1990,20061,Geary,Corn,Non-alluvial,199824.05768269498,61057.350958601244,3,0,260881.40864129624,93.887152,260881.40864129624,1,0.2778669957325963
1990,20061,Geary,Multi-Crop,Non-alluvial,45429.13607687442,145230.15155284264,5,0,190659.28762971706,125.45266,190659.28762971706,1,0.15197707854876658
1990,20061,Geary,Other Crop,Non-alluvial,434580.3210047352,12.334818375474999,6,0,434592.65582311066,132.332322,434592.65582311066,1,0.32841005829483644
1990,20061,Geary,Sorghum,Non-alluvial,0,38521.63778660843,2,0,38521.63778660843,42.49203,38521.63778660843,1,0.09065614842738375
1990,20061,Geary,Soybeans,Alluvial,14308.389315551,0,1,0,14308.389315551,16.18744,14308.389315551,1,0.0883919218576316
1990,20061,Geary,Soybeans,Non-alluvial,61871.44897138259,19415.00412299765,3,0,81286.45309438024,66.368504,81286.45309438024,1,0.1224774527001245
1990,20087,Jefferson,Corn,Alluvial,626300.4030147431,0,16,1,619762.9492757414,389.712618,626300.4030147431,0.9895617922205809,0.1607082691417354
1990,20087,Jefferson,Multi-Crop,Alluvial,370969.6626424106,0,4,0,370969.6626424106,182.513386,370969.6626424106,1,0.20325613960304842
1990,20087,Jefferson,Other Crop,Non-alluvial,0,63598.323543949096,1,0,63598.323543949096,10.11715,63598.323543949096,1,0.6286189642730324
1990,20087,Jefferson,Soybeans,Alluvial,36350.709752524825,0,1,0,36350.709752524825,22.25773,36350.709752524825,1,0.16331723743852058
1990,20091,Johnson,Multi-Crop,Alluvial,103180.75571084836,0,2,0,103180.75571084836,53.418552,103180.75571084836,1,0.19315528378764057
1990,20091,Johnson,Other Crop,Non-alluvial,0,92868.84754895128,2,0,92868.84754895128,86.602804,92868.84754895128,1,0.10723538183469357
1990,20091,Johnson,Unknown,Non-alluvial,0,330733.4851016112,1,0,330733.4851016112,48.56232,330733.4851016112,1,0.6810495979220333
1990,20103,Leavenworth,Alfalfa,Non-alluvial,0,10225.564433268773,1,0,10225.564433268773,12.14058,10225.564433268773,1,0.08422632554020297
1990,20103,Leavenworth,Corn,Alluvial,9880.189518755475,0,1,0,9880.189518755475,17.806184,9880.189518755475,1,0.05548740549213394
1990,20103,Leavenworth,Corn,Non-alluvial,0,2540.97258534785,1,0,2540.97258534785,8.09372,2540.97258534785,1,0.031394372245986395
1990,20103,Leavenworth,Multi-Crop,Alluvial,149707.69062314005,0,2,0,149707.69062314005,123.42922999999999,149707.69062314005,1,0.12129030588875915
1990,20103,Leavenworth,Multi-Crop,Non-alluvial,106079.438029085,5513.663813837325,4,0,111593.10184292232,11.331208,111593.10184292232,1,0.9848297007955579
1990,20103,Leavenworth,Other Crop,Alluvial,0,1677.5352990646,1,0,1677.5352990646,3.237488,1677.5352990646,1,0.05181595419240473
1990,20103,Leavenworth,Other Crop,Non-alluvial,0,15443.192606094699,3,0,15443.192606094699,6.879662,15443.192606094699,1,0.22447603684737275
1990,20103,Leavenworth,Soybeans,Non-alluvial,0,3170.048322497075,2,0,3170.048322497075,10.521836,3170.048322497075,1,0.030128281057574695
1990,20149,Pottawatomie,Alfalfa,Non-alluvial,53002.71455941607,48599.184399371494,3,0,101601.89895878755,76.485654,101601.89895878755,1,0.13283785081943283
1990,20149,Pottawatomie,Corn,Alluvial,2610368.2735282723,0,47,0,2610368.2735282723,1840.714271,2610368.2735282723,1,0.14181279053756368
1990,20149,Pottawatomie,Corn,Non-alluvial,141332.34894619253,330215.4227298412,9,0,471547.77167603374,239.97879799999998,471547.77167603374,1,0.19649559694687435
1990,20149,Pottawatomie,Multi-Crop,Alluvial,2192069.912779164,0,37,0,2192069.912779164,1434.61187,2192069.912779164,1,0.15279881329708808
1990,20149,Pottawatomie,Multi-Crop,Non-alluvial,250655.84420802747,569806.9348550676,10,0,820462.7790630951,452.034262,820462.7790630951,1,0.18150455574606314
1990,20149,Pottawatomie,Other Crop,Alluvial,26680.212146152422,0,4,0,26680.212146152422,26.304589999999997,26680.212146152422,1,0.10142797187164836
1990,20149,Pottawatomie,Other Crop,Non-alluvial,62278.49797777327,0,5,0,62278.49797777327,24.685845999999998,62278.49797777327,1,0.25228423598597055
1990,20149,Pottawatomie,Sorghum,Alluvial,129318.23584847989,0,5,0,129318.23584847989,133.951066,129318.23584847989,1,0.09654140105796538
1990,20149,Pottawatomie,Sorghum,Non-alluvial,0,74724.32971862754,1,0,74724.32971862754,32.37488,74724.32971862754,1,0.23080959595410871
1990,20149,Pottawatomie,Soybeans,Alluvial,804526.1937219814,0,19,0,804526.1937219814,597.3165359999999,804526.1937219814,1,0.13469009231011503
1990,20149,Pottawatomie,Soybeans,Non-alluvial,18156.8526486992,61230.038415857896,3,0,79386.8910645571,78.509084,79386.8910645571,1,0.10111809617414096
1990,20149,Pottawatomie,Unknown,Alluvial,314920.2479442522,0,3,0,314920.2479442522,109.26522,314920.2479442522,1,0.28821636742620593
1990,20149,Pottawatomie,Unknown,Non-alluvial,8634.372862832499,0,1,0,8634.372862832499,7.6890339999999995,8634.372862832499,1,0.11229463756867897
1990,20161,Riley,Alfalfa,Alluvial,0,8017.6319440587495,1,0,8017.6319440587495,13.354638,8017.6319440587495,1,0.060036310561609754
1990,20161,Riley,Alfalfa,Non-alluvial,0,62685.54698416395,1,0,62685.54698416395,12.14058,62685.54698416395,1,0.5163307435407859
1990,20161,Riley,Corn,Alluvial,190338.5823519547,2898.682318236625,7,0,193237.26467019133,114.526138,193237.26467019133,1,0.16872765295743344
1990,20161,Riley,Corn,Non-alluvial,27987.702893952774,0,1,0,27987.702893952774,12.14058,27987.702893952774,1,0.23053019620111043
1990,20161,Riley,Multi-Crop,Alluvial,680844.9698710935,0,20,0,680844.9698710935,518.807452,680844.9698710935,1,0.13123268897669832
1990,20161,Riley,Multi-Crop,Non-alluvial,73244.15151357054,0,2,0,73244.15151357054,60.7029,73244.15151357054,1,0.12066005333117617
1990,20161,Riley,Other Crop,Alluvial,344511.4772270167,0,7,0,344511.4772270167,110.88396399999999,344511.4772270167,1,0.3106954917548012
1990,20161,Riley,Other Crop,Non-alluvial,3268.7268695008747,32711.9383317597,2,0,35980.66520126057,2.4281159999999997,35980.66520126057,1,1.481834689992594
1990,20161,Riley,Sorghum,Alluvial,84493.50587200375,0,1,0,84493.50587200375,97.12464,84493.50587200375,1,0.08699492309264029
1990,20161,Riley,Soybeans,Alluvial,78572.79305177575,11915.43455070885,5,0,90488.22760248459,60.7029,90488.22760248459,1,0.14906738821783572
1990,20161,Riley,Unknown,Alluvial,636735.6593603949,0,6,0,636735.6593603949,248.477204,636735.6593603949,1,0.2562551610812535
1990,20177,Shawnee,Alfalfa,Alluvial,24348.931473187647,0,1,0,24348.931473187647,17.401498,24348.931473187647,1,0.13992434141697252
1990,20177,Shawnee,Corn,Alluvial,3701617.32038817,0,61,0,3701617.32038817,1843.951759,3701617.32038817,1,0.20074371806752728
1990,20177,Shawnee,Corn,Non-alluvial,0,73429.17378920267,3,0,73429.17378920267,68.79662,73429.17378920267,1,0.10673369387798799
1990,20177,Shawnee,Multi-Crop,Alluvial,3335347.223546815,42407.10557488305,70,0,3377754.329121698,2320.469524,3377754.329121698,1,0.1455633997424436
1990,20177,Shawnee,Multi-Crop,Non-alluvial,0,42518.11894026232,1,0,42518.11894026232,48.56232,42518.11894026232,1,0.08755372259863681
1990,20177,Shawnee,Other Crop,Alluvial,169246.04292989246,0,7,0,169246.04292989246,82.151258,169246.04292989246,1,0.20601759127035213
1990,20177,Shawnee,Other Crop,Non-alluvial,0,52237.95582013662,2,0,52237.95582013662,49.776378,52237.95582013662,1,0.10494527307739551
1990,20177,Shawnee,Soybeans,Alluvial,1380451.1984912846,47353.367743448514,28,0,1427804.566234733,716.29422,1427804.566234733,1,0.1993321356459826
1990,20177,Shawnee,Soybeans,Non-alluvial,0,52805.35746540847,2,0,52805.35746540847,36.42174,52805.35746540847,1,0.14498307182855205
1990,20177,Shawnee,Unknown,Alluvial,117501.47984477485,0,3,0,117501.47984477485,59.084156,117501.47984477485,1,0.19887138583273464
1990,20177,Shawnee,Unknown,Non-alluvial,0,158083.0323000876,1,0,158083.0323000876,54.63261,158083.0323000876,1,0.289356544196017
1990,20197,Wabaunsee,Alfalfa,Non-alluvial,47698.742657961826,0,1,0,47698.742657961826,24.28116,47698.742657961826,1,0.19644342633532264
1990,20197,Wabaunsee,Corn,Alluvial,975400.4326774365,0,17,0,975400.4326774365,582.74784,975400.4326774365,1,0.16737950202911717
1990,20197,Wabaunsee,Corn,Non-alluvial,35869.6518358813,439452.57426304783,5,0,475322.2260989291,163.088458,475322.2260989291,1,0.29145056120337415
1990,20197,Wabaunsee,Multi-Crop,Alluvial,904968.6197534743,122645.09910734792,8,0,1027613.7188608221,325.77223,1027613.7188608221,1,0.31543932362215843
1990,20197,Wabaunsee,Multi-Crop,Non-alluvial,18896.9417512277,64683.787560990895,2,0,83580.7293122186,105.62304599999999,83580.7293122186,1,0.07913114843536949
1990,20197,Wabaunsee,Other Crop,Alluvial,8363.00685857205,0,1,0,8363.00685857205,4.04686,8363.00685857205,1,0.20665421730853178
1990,20197,Wabaunsee,Sorghum,Alluvial,34747.18336371308,0,1,0,34747.18336371308,28.32802,34747.18336371308,1,0.12266012013445725
1990,20197,Wabaunsee,Sorghum,Non-alluvial,0,49746.32250829067,1,0,49746.32250829067,19.020242,49746.32250829067,1,0.26154410920897153
1990,20197,Wabaunsee,Soybeans,Alluvial,27247.613791424275,0,2,0,27247.613791424275,77.69971199999999,27247.613791424275,1,0.035067843998474894
1990,20197,Wabaunsee,Unknown,Alluvial,68137.5367061239,0,1,0,68137.5367061239,28.32802,68137.5367061239,1,0.2405305302175157
1990,20197,Wabaunsee,Unknown,Non-alluvial,0,17108.393086783824,4,0,17108.393086783824,24.685845999999998,17108.393086783824,1,0.0693044633219531
1990,20209,Wyandotte,Multi-Crop,Alluvial,105487.3667470622,0,3,0,105487.3667470622,77.699712,105487.3667470622,1,0.13576287997960945
1990,20209,Wyandotte,Other Crop,Alluvial,50560.420521072025,0,1,0,50560.420521072025,40.4686,50560.420521072025,1,0.1249374095498041
1991,20005,Atchison,Corn,Non-alluvial,135411.63612596455,206398.51587682316,5,0,341810.15200278774,141.235414,341810.15200278774,1,0.24201447945823826
1991,20005,Atchison,Multi-Crop,Non-alluvial,0,50794.78207020605,1,0,50794.78207020605,44.51546,50794.78207020605,1,0.11410593548894261
1991,20005,Atchison,Soybeans,Non-alluvial,113591.34241974927,13629.974304899875,4,0,127221.31672464915,53.823238,127221.31672464915,1,0.23636875344558264
1991,20045,Douglas,Corn,Alluvial,442782.9752244261,0,6,0,442782.9752244261,146.901018,442782.9752244261,1,0.3014158657664483
1991,20045,Douglas,Multi-Crop,Alluvial,964299.096139509,0,14,0,964299.096139509,539.4464380000001,964299.096139509,1,0.17875715329860217
1991,20045,Douglas,Other Crop,Alluvial,1073.129198666325,0,2,1,61.674091877375,0.404686,1073.129198666325,0.05747126436781609,0.2651757655728948
1991,20045,Douglas,Other Crop,Non-alluvial,370.04455126424995,6019.391367231799,3,0,6389.4359184960495,11.331208,6389.4359184960495,1,0.05638795015055808
1991,20045,Douglas,Sorghum,Alluvial,83790.42122460168,0,1,0,83790.42122460168,48.56232,83790.42122460168,1,0.1725420474651987
1991,20045,Douglas,Soybeans,Alluvial,114158.7440650211,0,2,0,114158.7440650211,38.44517,114158.7440650211,1,0.29693910591374967
1991,20061,Geary,Alfalfa,Non-alluvial,347669.19073113834,0,3,0,347669.19073113834,150.138506,347669.19073113834,1,0.23156563895150145
1991,20061,Geary,Corn,Non-alluvial,251654.96449644095,0,3,0,251654.96449644095,97.529326,251654.96449644095,1,0.25803004574894833
1991,20061,Geary,Multi-Crop,Non-alluvial,68889.96062702787,279926.36821302964,8,0,348816.3288400575,239.57411199999999,348816.3288400575,1,0.1455985064196158
1991,20061,Geary,Other Crop,Non-alluvial,417804.96801408916,0,3,0,417804.96801408916,65.154446,417804.96801408916,1,0.6412531970789671
1991,20061,Geary,Sorghum,Non-alluvial,0,53656.45993331625,1,0,53656.45993331625,19.424928,53656.45993331625,1,0.27622475580509875
1991,20061,Geary,Soybeans,Alluvial,53150.73237992178,0,1,0,53150.73237992178,18.21087,53150.73237992178,1,0.2918626753138196
1991,20061,Geary,Soybeans,Non-alluvial,37448.508587942095,74255.6066203595,3,0,111704.11520830159,79.318456,111704.11520830159,1,0.14082991631645175
1991,20085,Jackson,Corn,Non-alluvial,0,81767.51101102377,1,0,81767.51101102377,30.35145,81767.51101102377,1,0.2694023218364321
1991,20085,Jackson,Multi-Crop,Non-alluvial,0,14172.706313420775,1,0,14172.706313420775,28.32802,14172.706313420775,1,0.05003069862779246
1991,20087,Jefferson,Corn,Alluvial,975178.405946678,0,13,0,975178.405946678,326.986288,975178.405946678,1,0.29823220169607784
1991,20087,Jefferson,Multi-Crop,Alluvial,825384.3715949096,61328.7169628617,12,0,886713.0885577713,537.018322,886713.0885577713,1,0.16511784649272568
1991,20087,Jefferson,Other Crop,Non-alluvial,826.432831156825,58874.08810614217,2,0,59700.52093729899,12.949952,59700.52093729899,1,0.46100959244713025
1991,20087,Jefferson,Soybeans,Alluvial,341107.06735538563,11286.358813559626,6,0,352393.42616894527,173.610294,352393.42616894527,1,0.20297956880883183
1991,20087,Jefferson,Unknown,Alluvial,51781.56754024405,0,1,0,51781.56754024405,40.4686,51781.56754024405,1,0.12795492688218532
1991,20091,Johnson,Multi-Crop,Alluvial,162856.6070113964,0,2,0,162856.6070113964,53.418552,162856.6070113964,1,0.3048690032095898
1991,20091,Johnson,Other Crop,Non-alluvial,0,291965.1509474932,4,0,291965.1509474932,188.583676,291965.1509474932,1,0.15481994896922743
1991,20103,Leavenworth,Alfalfa,Non-alluvial,0,6130.404732611074,1,0,6130.404732611074,5.260918,6130.404732611074,1,0.11652728160011379
1991,20103,Leavenworth,Corn,Alluvial,18551.5668367144,0,1,0,18551.5668367144,14.16401,18551.5668367144,1,0.13097679849643143
1991,20103,Leavenworth,Multi-Crop,Alluvial,298539.6091416214,4045.8204271557997,4,0,302585.4295687772,134.760438,302585.4295687772,1,0.2245358015004205
1991,20103,Leavenworth,Multi-Crop,Non-alluvial,103316.4387129786,29467.88109900977,5,0,132784.31981198836,28.732706,132784.31981198836,1,0.46213649285935116
1991,20103,Leavenworth,Other Crop,Alluvial,6808.819743262199,0,1,0,6808.819743262199,4.04686,6808.819743262199,1,0.16824945126004356
1991,20103,Leavenworth,Other Crop,Non-alluvial,962.11583328705,13087.242296378974,2,0,14049.358129666023,12.949952,14049.358129666023,1,0.10848965409034739
1991,20103,Leavenworth,Soybeans,Alluvial,47698.742657961826,0,1,0,47698.742657961826,17.806184,47698.742657961826,1,0.26787739954816725
1991,20103,Leavenworth,Soybeans,Non-alluvial,0,10903.9794439199,1,0,10903.9794439199,32.37488,10903.9794439199,1,0.033680370225063073
1991,20149,Pottawatomie,Alfalfa,Alluvial,11286.358813559626,0,1,0,11286.358813559626,2.832802,11286.358813559626,1,0.39841679063907837
1991,20149,Pottawatomie,Corn,Alluvial,4929511.48521158,0,47,0,4929511.48521158,1983.7707719999999,4929511.48521158,1,0.24849199084840537
1991,20149,Pottawatomie,Corn,Non-alluvial,398069.25861332915,560321.4595243274,10,0,958390.7181376566,313.02462099999997,958390.7181376566,1,0.30617103379151017
1991,20149,Pottawatomie,Multi-Crop,Alluvial,4043045.093021318,0,39,0,4043045.093021318,1690.373422,4043045.093021318,1,0.23918058817073132
1991,20149,Pottawatomie,Multi-Crop,Non-alluvial,388127.3950026963,678908.403386144,11,0,1067035.7983888404,404.281314,1067035.7983888404,1,0.26393398889290254
1991,20149,Pottawatomie,Other Crop,Alluvial,89945.49559396369,0,5,0,89945.49559396369,47.752947999999996,89945.49559396369,1,0.18835590128166263
1991,20149,Pottawatomie,Other Crop,Non-alluvial,33143.65697490132,0,3,0,33143.65697490132,6.07029,33143.65697490132,1,0.5459979173136921
1991,20149,Pottawatomie,Sorghum,Alluvial,98678.54700379999,0,3,0,98678.54700379999,40.063914,98678.54700379999,1,0.24630281256045028
1991,20149,Pottawatomie,Soybeans,Alluvial,1919199.060676906,0,22,0,1919199.060676906,692.417746,1919199.060676906,1,0.27717358079914173
1991,20149,Pottawatomie,Soybeans,Non-alluvial,208162.39490451608,93682.94556173262,2,0,301845.3404662487,145.68696,301845.3404662487,1,0.20718761683698297
1991,20161,Riley,Alfalfa,Alluvial,43726.93114105888,5563.003087339224,2,0,49289.9342283981,41.277972,49289.9342283981,1,0.11940977678941714
1991,20161,Riley,Alfalfa,Non-alluvial,0,40593.88727368822,1,0,40593.88727368822,12.14058,40593.88727368822,1,0.3343653044062822
1991,20161,Riley,Corn,Alluvial,679932.1933113084,32267.884870242597,10,0,712200.078181551,256.166238,712200.078181551,1,0.27802261677495177
1991,20161,Riley,Multi-Crop,Alluvial,2735616.019312845,102119.96133055753,30,0,2837735.980643403,955.05896,2837735.980643403,1,0.29712678478440774
1991,20161,Riley,Multi-Crop,Non-alluvial,199910.4014113233,0,3,0,199910.4014113233,72.84348,199910.4014113233,1,0.27443829071774617
1991,20161,Riley,Other Crop,Alluvial,113097.94968473027,0,3,0,113097.94968473027,29.946763999999998,113097.94968473027,1,0.3776633418045779
1991,20161,Riley,Other Crop,Non-alluvial,3268.7268695008747,33057.313246273,4,0,36326.040115773874,5.260917999999999,36326.040115773874,1,0.6904886203467508
1991,20161,Riley,Soybeans,Alluvial,155258.3588921038,0,2,0,155258.3588921038,50.990435999999995,155258.3588921038,1,0.30448525463109166
1991,20161,Riley,Soybeans,Non-alluvial,24533.953748819775,0,1,0,24533.953748819775,12.14058,24533.953748819775,1,0.20208222135037843
1991,20161,Riley,Unknown,Alluvial,2380.6199464666747,0,1,1,0,0,2380.6199464666747,0,NA
1991,20161,Riley,Wheat,Alluvial,7499.5695722887995,0,1,0,7499.5695722887995,3.237488,7499.5695722887995,1,0.23164779521310347
1991,20177,Shawnee,Corn,Alluvial,4203928.129092638,41790.3646561093,58,0,4245718.493748748,1552.982525,4245718.493748748,1,0.27339126006899195
1991,20177,Shawnee,Corn,Non-alluvial,0,84579.84960063206,2,0,84579.84960063206,30.35145,84579.84960063206,1,0.27866823364495624
1991,20177,Shawnee,Multi-Crop,Alluvial,5887803.524802232,6475.779647124375,87,0,5894279.304449357,2809.734898,5894279.304449357,1,0.20978062053629934
1991,20177,Shawnee,Multi-Crop,Non-alluvial,0,43245.87322441535,1,0,43245.87322441535,48.56232,43245.87322441535,1,0.0890523212738093
1991,20177,Shawnee,Other Crop,Alluvial,31120.746761323422,0,3,0,31120.746761323422,29.946764,31120.746761323422,1,0.10392023245424253
1991,20177,Shawnee,Other Crop,Non-alluvial,0,247954.51898379842,3,0,247954.51898379842,104.813674,247954.51898379842,1,0.23656695688751297
1991,20177,Shawnee,Sorghum,Alluvial,861056.6663367832,0,8,0,861056.6663367832,328.605032,861056.6663367832,1,0.26203392598588793
1991,20177,Shawnee,Soybeans,Alluvial,1887794.6130929468,56740.164527185,28,0,1944534.7776201318,782.2580379999999,1944534.7776201318,1,0.24857971195690445
1991,20177,Shawnee,Soybeans,Non-alluvial,0,26569.19878077315,1,0,26569.19878077315,36.42174,26569.19878077315,1,0.07294873551009136
1991,20197,Wabaunsee,Alfalfa,Non-alluvial,0,114467.114524408,1,0,114467.114524408,26.30459,114467.114524408,1,0.4351602306837247
1991,20197,Wabaunsee,Corn,Alluvial,1136197.1250201287,0,12,0,1136197.1250201287,331.84252,1136197.1250201287,1,0.3423904582873011
1991,20197,Wabaunsee,Corn,Non-alluvial,0,112209.84276169607,6,0,112209.84276169607,110.47927800000001,112209.84276169607,1,0.10156641570530182
1991,20197,Wabaunsee,Multi-Crop,Alluvial,1545330.7157162589,217857.56214763943,17,0,1763188.2778638983,614.313348,1763188.2778638983,1,0.28701773835848643
1991,20197,Wabaunsee,Multi-Crop,Non-alluvial,170960.5826840835,242033.80616357044,5,0,412994.3888476539,229.861648,412994.3888476539,1,0.17967085524752435
1991,20197,Wabaunsee,Other Crop,Alluvial,10805.300896916098,0,1,0,10805.300896916098,4.04686,10805.300896916098,1,0.26700456395615607
1991,20197,Wabaunsee,Other Crop,Non-alluvial,0,4156.833792535074,2,0,4156.833792535074,2.832802,4156.833792535074,1,0.14673929884739823
1991,20197,Wabaunsee,Sorghum,Alluvial,130823.08369028785,0,1,0,130823.08369028785,42.49203,130823.08369028785,1,0.30787675639475887
1991,20197,Wabaunsee,Sorghum,Non-alluvial,0,68322.55898175602,1,0,68322.55898175602,28.32802,68322.55898175602,1,0.24118367249725192
1991,20197,Wabaunsee,Soybeans,Non-alluvial,70123.44246457538,113862.70842400973,4,0,183986.1508885851,74.86691,183986.1508885851,1,0.2457509611236594
1991,20197,Wabaunsee,Wheat,Alluvial,26569.19878077315,0,1,0,26569.19878077315,64.74976,26569.19878077315,1,0.04103366372442639
1991,20209,Wyandotte,Multi-Crop,Alluvial,192694.53266167044,49055.57267926408,4,0,241750.10534093453,134.355752,241750.10534093453,1,0.17993282888322826
1991,20209,Wyandotte,Other Crop,Alluvial,30578.014752802523,0,1,0,30578.014752802523,40.4686,30578.014752802523,1,0.07555985320174784
1992,20045,Douglas,Corn,Alluvial,45614.15835250655,0,3,0,45614.15835250655,89.03092000000001,45614.15835250655,1,0.05123406379773066
1992,20045,Douglas,Golf Course/Turf/Sod,Alluvial,3663.441057516075,0,1,0,3663.441057516075,7.284348,3663.441057516075,1,0.05029195553968695
1992,20045,Douglas,Multi-Crop,Alluvial,98530.5291832943,0,7,0,98530.5291832943,418.040638,98530.5291832943,1,0.023569605494500826
1992,20045,Douglas,Other Crop,Alluvial,14444.072317681226,0,3,0,14444.072317681226,20.638986,14444.072317681226,1,0.06998440871892266
1992,20045,Douglas,Other Crop,Non-alluvial,222.02673075854997,0,1,0,222.02673075854997,1.214058,222.02673075854997,1,0.01828798383261343
1992,20045,Douglas,Soybeans,Alluvial,31231.7601267027,0,1,0,31231.7601267027,24.28116,31231.7601267027,1,0.12862548628938114
1992,20045,Douglas,Wheat,Alluvial,117834.51994091268,0,2,0,117834.51994091268,56.656040000000004,117834.51994091268,1,0.20798227327732874
1992,20061,Geary,Alfalfa,Non-alluvial,31540.130586089577,0,2,0,31540.130586089577,91.863722,31540.130586089577,1,0.03433360841409145
1992,20061,Geary,Corn,Non-alluvial,75069.70463314085,0,3,0,75069.70463314085,95.505896,75069.70463314085,1,0.07860216780034276
1992,20061,Geary,Golf Course/Turf/Sod,Non-alluvial,106905.87086024182,0,2,0,106905.87086024182,64.74976000000001,106905.87086024182,1,0.16510620403881313
1992,20061,Geary,Multi-Crop,Non-alluvial,0,42925.167946653004,2,0,42925.167946653004,75.676282,42925.167946653004,1,0.056722088892597826
1992,20061,Geary,Soybeans,Alluvial,22831.748813004226,0,1,0,22831.748813004226,35.612368,22831.748813004226,1,0.06411185241319596
1992,20061,Geary,Soybeans,Non-alluvial,50498.74642919465,34833.52709234139,5,0,85332.27352153604,116.54956800000001,85332.27352153604,1,0.07321543527431695
1992,20087,Jefferson,Corn,Alluvial,291977.4857658687,0,13,0,291977.4857658687,342.769042,291977.4857658687,1,0.08518198844978209
1992,20087,Jefferson,Golf Course/Turf/Sod,Non-alluvial,0,47550.72483745612,1,0,47550.72483745612,14.16401,47550.72483745612,1,0.33571513178440365
1992,20087,Jefferson,Multi-Crop,Alluvial,230747.44735001083,0,7,0,230747.44735001083,269.925562,230747.44735001083,1,0.08548558559637669
1992,20087,Jefferson,Other Crop,Alluvial,8153.314946188975,0,1,0,8153.314946188975,8.09372,8153.314946188975,1,0.10073631094464568
1992,20087,Jefferson,Other Crop,Non-alluvial,481.057916643525,0,1,0,481.057916643525,0.809372,481.057916643525,1,0.059435947455993655
1992,20087,Jefferson,Sorghum,Alluvial,32230.88041511617,0,1,0,32230.88041511617,20.2343,32230.88041511617,1,0.15928833918206298
1992,20087,Jefferson,Soybeans,Alluvial,26569.19878077315,0,1,0,26569.19878077315,36.42174,26569.19878077315,1,0.07294873551009136
1992,20091,Johnson,Golf Course/Turf/Sod,Non-alluvial,0,275152.7935017208,4,0,275152.7935017208,183.322758,275152.7935017208,1,0.15009199976236492
1992,20091,Johnson,Multi-Crop,Alluvial,40236.17754079945,0,2,0,40236.17754079945,53.418552,40236.17754079945,1,0.0753224788661427
1992,20103,Leavenworth,Corn,Alluvial,1702.2049358155498,0,1,0,1702.2049358155498,17.806184,1702.2049358155498,1,0.009559627912502476
1992,20103,Leavenworth,Multi-Crop,Alluvial,156171.13545188896,0,1,0,156171.13545188896,52.60918,156171.13545188896,1,0.29685149141630596
1992,20103,Leavenworth,Other Crop,Alluvial,77943.71731462651,234.36154913402498,2,0,78178.07886376054,35.207682,78178.07886376054,1,0.22204835542357074
1992,20103,Leavenworth,Other Crop,Non-alluvial,106955.21013374372,407.049006390675,4,0,107362.2591401344,4.04686,107362.2591401344,1,2.652976854651122
1992,20103,Leavenworth,Soybeans,Alluvial,16010.59425136655,0,1,0,16010.59425136655,46.943576,16010.59425136655,1,0.034106038814270455
1992,20149,Pottawatomie,Alfalfa,Alluvial,2195.5976708345497,0,1,0,2195.5976708345497,2.832802,2195.5976708345497,1,0.07750621719536169
1992,20149,Pottawatomie,Corn,Alluvial,2291118.504334228,0,63,0,2291118.504334228,2401.002038,2291118.504334228,1,0.09542343022093794
1992,20149,Pottawatomie,Corn,Non-alluvial,223297.2170512239,95570.1727731803,12,0,318867.3898244042,405.900058,318867.3898244042,1,0.0785581040307228
1992,20149,Pottawatomie,Golf Course/Turf/Sod,Non-alluvial,17466.1028196726,0,1,0,17466.1028196726,15.378067999999999,17466.1028196726,1,0.11357800485517817
1992,20149,Pottawatomie,Multi-Crop,Alluvial,635761.2087087324,0,18,0,635761.2087087324,748.264414,635761.2087087324,1,0.08496477940333166
1992,20149,Pottawatomie,Multi-Crop,Non-alluvial,112974.60150097552,184528.88289710597,3,0,297503.4843980815,188.786019,297503.4843980815,1,0.1575876677594867
1992,20149,Pottawatomie,Other Crop,Alluvial,62266.1631593978,0,5,0,62266.1631593978,53.013866,62266.1631593978,1,0.11745259845678449
1992,20149,Pottawatomie,Other Crop,Non-alluvial,27050.256697416673,0,3,0,27050.256697416673,18.21087,27050.256697416673,1,0.14853906868489353
1992,20149,Pottawatomie,Sorghum,Alluvial,88625.67002778787,0,3,0,88625.67002778787,115.740196,88625.67002778787,1,0.07657293929914191
1992,20149,Pottawatomie,Sorghum,Non-alluvial,0,28345.41262684155,1,0,28345.41262684155,16.18744,28345.41262684155,1,0.17510744519727364
1992,20149,Pottawatomie,Soybeans,Alluvial,545852.7175698952,0,13,0,545852.7175698952,459.31861,545852.7175698952,1,0.11883966938981533
1992,20149,Pottawatomie,Soybeans,Non-alluvial,0,57233.557262204,2,0,57233.557262204,69.20130599999999,57233.557262204,1,0.08270589179661436
1992,20149,Pottawatomie,Unknown,Non-alluvial,419.38382476615,0,1,1,0,0,419.38382476615,0,NA
1992,20161,Riley,Alfalfa,Non-alluvial,0,2627.3163139761746,1,0,2627.3163139761746,8.09372,2627.3163139761746,1,0.03246117130288884
1992,20161,Riley,Corn,Alluvial,85258.26461128319,0,5,0,85258.26461128319,151.352564,85258.26461128319,1,0.05633090207264886
1992,20161,Riley,Golf Course/Turf/Sod,Alluvial,87552.54082912156,0,1,0,87552.54082912156,24.28116,87552.54082912156,1,0.3605780812330282
1992,20161,Riley,Multi-Crop,Alluvial,571780.5057951437,0,15,0,571780.5057951437,467.81701599999997,571780.5057951437,1,0.12222310994244462
1992,20161,Riley,Multi-Crop,Non-alluvial,12581.514742984498,74.00891025284999,2,0,12655.523653237347,29.137392,12655.523653237347,1,0.0434339616024569
1992,20161,Riley,Other Crop,Alluvial,40606.2220920637,0,2,0,40606.2220920637,54.63261,40606.2220920637,1,0.07432597873699189
1992,20161,Riley,Other Crop,Non-alluvial,814.09801278135,2725.994860979975,2,0,3540.092873761325,2.4281159999999997,3540.092873761325,1,0.14579587111000156
1992,20161,Riley,Wheat,Alluvial,12951.55929424875,0,1,0,12951.55929424875,30.756135999999998,12951.55929424875,1,0.04211048908825461
1992,20177,Shawnee,Corn,Alluvial,1635892.9522289964,4909.257713439049,55,0,1640802.2099424354,1576.25197,1640802.2099424354,1,0.10409517267359451
1992,20177,Shawnee,Corn,Non-alluvial,0,14394.733044179324,1,0,14394.733044179324,14.16401,14394.733044179324,1,0.10162893872695178
1992,20177,Shawnee,Golf Course/Turf/Sod,Non-alluvial,0,186046.0655572894,3,0,186046.0655572894,96.315268,186046.0655572894,1,0.19316362755413752
1992,20177,Shawnee,Multi-Crop,Alluvial,2387280.7483894313,0,69,0,2387280.7483894313,2498.126678,2387280.7483894313,1,0.09556283792224211
1992,20177,Shawnee,Multi-Crop,Non-alluvial,0,17441.43318292165,1,0,17441.43318292165,48.56232,17441.43318292165,1,0.03591556824904916
1992,20177,Shawnee,Other Crop,Alluvial,184800.24890136643,0,11,0,184800.24890136643,115.740196,184800.24890136643,1,0.1596681665385865
1992,20177,Shawnee,Other Crop,Non-alluvial,0,5451.98972195995,1,0,5451.98972195995,1.618744,5451.98972195995,1,0.3368037022506307
1992,20177,Shawnee,Sorghum,Alluvial,26112.810500880576,0,1,0,26112.810500880576,24.078817,26112.810500880576,1,0.10844723185894296
1992,20177,Shawnee,Soybeans,Alluvial,636834.3379073988,0,22,0,636834.3379073988,588.008758,636834.3379073988,1,0.10830354637462711
1992,20177,Shawnee,Soybeans,Non-alluvial,0,13852.001035658424,1,0,13852.001035658424,20.2343,13852.001035658424,1,0.06845801948008295
1992,20197,Wabaunsee,Alfalfa,Non-alluvial,0,38607.98151523675,1,0,38607.98151523675,32.37488,38607.98151523675,1,0.11925289457516677
1992,20197,Wabaunsee,Corn,Alluvial,275757.1996021191,16355.96916587985,10,0,292113.1687679989,322.13005599999997,292113.1687679989,1,0.09068174897905179
1992,20197,Wabaunsee,Corn,Non-alluvial,19624.696035380723,0,1,0,19624.696035380723,24.28116,19624.696035380723,1,0.08082272854913325
1992,20197,Wabaunsee,Multi-Crop,Alluvial,231216.17044827886,0,5,0,231216.17044827886,193.844594,231216.17044827886,1,0.1192791429862
1992,20197,Wabaunsee,Multi-Crop,Non-alluvial,0,90734.9239699941,2,0,90734.9239699941,150.54319199999998,90734.9239699941,1,0.06027168865264536
1992,20197,Wabaunsee,Other Crop,Alluvial,69025.64362915809,2454.6288567195247,3,0,71480.27248587762,39.659228,71480.27248587762,1,0.18023616719386878
1992,20197,Wabaunsee,Other Crop,Non-alluvial,145193.1470977162,2207.932489210025,2,0,147401.0795869262,44.515460000000004,147401.0795869262,1,0.33112334363595525
1992,20197,Wabaunsee,Sorghum,Alluvial,94262.68202537994,0,3,0,94262.68202537994,78.10439799999999,94262.68202537994,1,0.12068805910952665
1992,20197,Wabaunsee,Sorghum,Non-alluvial,0,44442.35060683642,1,0,44442.35060683642,19.020242,44442.35060683642,1,0.233658176414561
1992,20197,Wabaunsee,Soybeans,Alluvial,366072.739747347,0,4,0,366072.739747347,151.352564,366072.739747347,1,0.2418675508842698
1992,20197,Wabaunsee,Soybeans,Non-alluvial,0,58096.99454848725,2,0,58096.99454848725,43.706087999999994,58096.99454848725,1,0.13292654915371804
1992,20209,Wyandotte,Multi-Crop,Alluvial,52879.366375661324,0,2,0,52879.366375661324,61.512271999999996,52879.366375661324,1,0.08596555558159406
1992,20209,Wyandotte,Other Crop,Alluvial,42000.05656849238,129379.90994035726,3,0,171379.96650884964,109.26522,171379.96650884964,1,0.15684768356193274
1993,20013,Brown,Other Crop,Non-alluvial,0,41938.382476615,1,0,41938.382476615,14.16401,41938.382476615,1,0.2960911668137413
1993,20045,Douglas,Corn,Alluvial,23251.132637770374,0,3,0,23251.132637770374,62.726330000000004,23251.132637770374,1,0.0370675801338455
1993,20045,Douglas,Golf Course/Turf/Sod,Alluvial,1578.8567520607999,0,1,0,1578.8567520607999,7.284348,1578.8567520607999,1,0.021674647505319625
1993,20045,Douglas,Multi-Crop,Alluvial,133906.7882841566,0,7,0,133906.7882841566,411.970348,133906.7882841566,1,0.03250398698213022
1993,20045,Douglas,Other Crop,Alluvial,2627.316313976175,0,2,0,2627.316313976175,4.4515460000000004,2627.316313976175,1,0.05902031145979789
1993,20045,Douglas,Other Crop,Non-alluvial,111.01336537927499,0,1,0,111.01336537927499,1.214058,111.01336537927499,1,0.009143991916306715
1993,20045,Douglas,Wheat,Alluvial,4107.494519033175,0,1,0,4107.494519033175,40.4686,4107.494519033175,1,0.010149831027100455
1993,20061,Geary,Corn,Non-alluvial,9090.761142725074,0,1,0,9090.761142725074,46.53889,9090.761142725074,1,0.01953368707918275
1993,20061,Geary,Golf Course/Turf/Sod,Non-alluvial,82581.60902380513,0,1,0,82581.60902380513,64.74976,82581.60902380513,1,0.12753963724931974
1993,20061,Geary,Multi-Crop,Non-alluvial,17811.477734185897,6500.449283875324,2,0,24311.927018061222,135.165124,24311.927018061222,1,0.01798683439824405
1993,20087,Jefferson,Corn,Alluvial,9399.131602111951,0,2,0,9399.131602111951,54.227924,9399.131602111951,1,0.017332641393596315
1993,20087,Jefferson,Golf Course/Turf/Sod,Non-alluvial,0,35869.6518358813,1,0,35869.6518358813,14.16401,35869.6518358813,1,0.2532450332630469
1993,20087,Jefferson,Multi-Crop,Alluvial,15850.241612485373,0,1,0,15850.241612485373,64.74976,15850.241612485373,1,0.024479228359279438
1993,20087,Jefferson,Other Crop,Alluvial,2800.003771232825,0,1,0,2800.003771232825,4.04686,2800.003771232825,1,0.06918953883338749
1993,20087,Jefferson,Other Crop,Non-alluvial,1048.459561915375,0,1,0,1048.459561915375,0.809372,1048.459561915375,1,0.1295398854810118
1993,20087,Jefferson,Soybeans,Alluvial,33624.71489154485,0,2,0,33624.71489154485,44.515460000000004,33624.71489154485,1,0.07553491504197608
1993,20091,Johnson,Golf Course/Turf/Sod,Non-alluvial,0,191954.44355914195,6,0,191954.44355914195,267.09276,191954.44355914195,1,0.07186808191998238
1993,20091,Johnson,Multi-Crop,Alluvial,29726.91228489475,0,2,0,29726.91228489475,53.418552,29726.91228489475,1,0.05564904171287674
1993,20103,Leavenworth,Multi-Crop,Alluvial,29665.238193017376,0,1,0,29665.238193017376,52.60918,29665.238193017376,1,0.056387950150558086
1993,20103,Leavenworth,Other Crop,Alluvial,13124.246751505401,0,2,0,13124.246751505401,25.090532,13124.246751505401,1,0.052307566661023375
1993,20103,Leavenworth,Other Crop,Non-alluvial,106881.20122349088,0,4,0,106881.20122349088,4.04686,106881.20122349088,1,2.6410896651599236
1993,20103,Leavenworth,Soybeans,Alluvial,9473.1405123648,0,2,0,9473.1405123648,64.74976,9473.1405123648,1,0.014630387066090747
1993,20149,Pottawatomie,Corn,Alluvial,290694.6646548193,0,10,0,290694.6646548193,496.145036,290694.6646548193,1,0.058590662722022936
1993,20149,Pottawatomie,Corn,Non-alluvial,37485.513043068524,0,2,0,37485.513043068524,59.084156,37485.513043068524,1,0.06344427267958015
1993,20149,Pottawatomie,Golf Course/Turf/Sod,Non-alluvial,29393.872188756923,0,1,0,29393.872188756923,16.18744,29393.872188756923,1,0.18158443947132422
1993,20149,Pottawatomie,Multi-Crop,Alluvial,100750.79649087979,0,8,0,100750.79649087979,410.351604,100750.79649087979,1,0.024552309655619085
1993,20149,Pottawatomie,Other Crop,Alluvial,14037.023311290548,0,4,0,14037.023311290548,20.638986,14037.023311290548,1,0.06801217516834669
1993,20149,Pottawatomie,Other Crop,Non-alluvial,20833.508236177273,0,2,0,20833.508236177273,12.14058,20833.508236177273,1,0.1716022482960227
1993,20149,Pottawatomie,Soybeans,Alluvial,61365.72141798812,0,8,0,61365.72141798812,214.078894,61365.72141798812,1,0.028665003014257034
1993,20149,Pottawatomie,Soybeans,Non-alluvial,0,10139.220704640451,1,0,10139.220704640451,20.2343,10139.220704640451,1,0.05010907570136081
1993,20161,Riley,Corn,Alluvial,4502.208707048375,0,1,0,4502.208707048375,38.44517,4502.208707048375,1,0.011710726489305094
1993,20161,Riley,Golf Course/Turf/Sod,Alluvial,58923.427379644076,0,1,0,58923.427379644076,24.28116,58923.427379644076,1,0.24267138546776215
1993,20161,Riley,Multi-Crop,Alluvial,2368.2851280912,0,4,1,1862.557574696725,16.996812,2368.2851280912,0.7864583333333333,0.013933701967705475
1993,20161,Riley,Other Crop,Alluvial,13987.684037788651,0,2,0,13987.684037788651,36.017053999999995,13987.684037788651,1,0.03883628027375213
1993,20161,Riley,Other Crop,Non-alluvial,814.09801278135,2725.994860979975,2,0,3540.092873761325,3.642174,3540.092873761325,1,0.0971972474066677
1993,20177,Shawnee,Corn,Alluvial,27642.327979439473,0,5,0,27642.327979439473,203.961744,27642.327979439473,1,0.013552702304526024
1993,20177,Shawnee,Golf Course/Turf/Sod,Non-alluvial,0,99578.98874520967,3,0,99578.98874520967,104.408988,99578.98874520967,1,0.09537396219682705
1993,20177,Shawnee,Multi-Crop,Alluvial,82692.6223891844,0,9,0,82692.6223891844,349.244018,82692.6223891844,1,0.0236776059509155
1993,20177,Shawnee,Other Crop,Alluvial,18366.544561082275,0,5,0,18366.544561082275,75.676282,18366.544561082275,1,0.024269882287666137
1993,20177,Shawnee,Other Crop,Non-alluvial,0,1591.191570436275,1,0,1591.191570436275,1.214058,1591.191570436275,1,0.1310638841337296
1993,20177,Shawnee,Soybeans,Alluvial,27629.993161063998,0,2,0,27629.993161063998,128.690148,27629.993161063998,1,0.021470169698665664
1993,20197,Wabaunsee,Corn,Alluvial,19192.9773922391,0,3,0,19192.9773922391,99.957442,19192.9773922391,1,0.019201149017237854
1993,20197,Wabaunsee,Corn,Non-alluvial,0,19402.669304622174,1,0,19402.669304622174,85.793432,19402.669304622174,1,0.022615564912500732
1993,20197,Wabaunsee,Multi-Crop,Alluvial,118660.9527720695,0,5,0,118660.9527720695,225.410102,118660.9527720695,1,0.05264225148705603
1993,20197,Wabaunsee,Other Crop,Alluvial,1763.8790276929249,0,1,0,1763.8790276929249,2.02343,1763.8790276929249,1,0.08717272293545736
1993,20197,Wabaunsee,Sorghum,Alluvial,49.339273501899996,0,1,0,49.339273501899996,0.809372,49.339273501899996,1,0.006095994610871144
1993,20197,Wabaunsee,Soybeans,Alluvial,3318.066143002775,0,1,0,3318.066143002775,13.961667,3318.066143002775,1,0.023765544207599097
1993,20197,Wabaunsee,Soybeans,Non-alluvial,6352.431463369625,0,1,0,6352.431463369625,20.2343,6352.431463369625,1,0.031394372245986395
1993,20209,Wyandotte,Multi-Crop,Alluvial,32033.523321108572,0,2,0,32033.523321108572,61.512271999999996,32033.523321108572,1,0.052076638172474876
1993,20209,Wyandotte,Other Crop,Alluvial,38324.28069260082,0,1,0,38324.28069260082,40.4686,38324.28069260082,1,0.09470127627988321
1994,20005,Atchison,Corn,Non-alluvial,147179.0528561677,109298.82562508396,5,0,256477.87848125165,98.74338399999999,256477.87848125165,1,0.2597418359504994
1994,20005,Atchison,Soybeans,Non-alluvial,41790.3646561093,65411.541845143925,2,0,107201.90650125322,44.920146,107201.90650125322,1,0.23864995118505006
1994,20013,Brown,Golf Course/Turf/Sod,Non-alluvial,0,37818.55313920635,1,0,37818.55313920635,14.16401,37818.55313920635,1,0.2670045639561561
1994,20045,Douglas,Corn,Alluvial,204165.91375086218,0,5,0,204165.91375086218,101.980872,204165.91375086218,1,0.20020020396654598
1994,20045,Douglas,Golf Course/Turf/Sod,Alluvial,8400.011313698475,0,1,0,8400.011313698475,4.04686,8400.011313698475,1,0.20756861650016248
1994,20045,Douglas,Multi-Crop,Alluvial,737511.1254880257,0,11,0,737511.1254880257,505.048128,737511.1254880257,1,0.14602789013565567
1994,20045,Douglas,Other Crop,Alluvial,1492.513023432475,0,1,0,1492.513023432475,2.02343,1492.513023432475,1,0.07376153479154085
1994,20045,Douglas,Other Crop,Non-alluvial,111.01336537927499,0,1,0,111.01336537927499,1.214058,111.01336537927499,1,0.009143991916306715
1994,20045,Douglas,Soybeans,Alluvial,126160.5223443583,0,5,0,126160.5223443583,81.341886,126160.5223443583,1,0.15509908676614445
1994,20045,Douglas,Soybeans,Non-alluvial,0,81409.801278135,1,0,81409.801278135,18.21087,81409.801278135,1,0.4470396047972172
1994,20061,Geary,Corn,Non-alluvial,444435.84088673966,160562.33079355807,7,0,604998.1716802977,333.056578,604998.1716802977,1,0.18165026954678484
1994,20061,Geary,Golf Course/Turf/Sod,Non-alluvial,169862.78384866624,0,1,0,169862.78384866624,64.74976,169862.78384866624,1,0.26233731808220795
1994,20061,Geary,Multi-Crop,Alluvial,85739.32252792672,0,1,0,85739.32252792672,44.51546,85739.32252792672,1,0.19260572063711512
1994,20061,Geary,Multi-Crop,Non-alluvial,253110.473064747,239270.80684746406,7,0,492381.27991221106,286.113002,492381.27991221106,1,0.17209329057761977
1994,20061,Geary,Other Crop,Non-alluvial,0,8140.980127813499,1,0,8140.980127813499,12.14058,8140.980127813499,1,0.06705594071958258
1994,20061,Geary,Sorghum,Non-alluvial,43159.52949578703,32711.9383317597,2,0,75871.46782754673,28.32802,75871.46782754673,1,0.26783187751048865
1994,20061,Geary,Soybeans,Alluvial,99912.02884134749,0,1,0,99912.02884134749,31.160822,99912.02884134749,1,0.3206334827795862
1994,20061,Geary,Soybeans,Non-alluvial,261880.52892970972,63166.60490080747,4,0,325047.1338305172,118.572998,325047.1338305172,1,0.2741325085079802
1994,20085,Jackson,Soybeans,Non-alluvial,0,88354.30402352741,1,0,88354.30402352741,30.35145,88354.30402352741,1,0.2911040626511333
1994,20087,Jefferson,Corn,Alluvial,819315.6409541758,0,14,0,819315.6409541758,347.018245,819315.6409541758,1,0.23610160352063791
1994,20087,Jefferson,Golf Course/Turf/Sod,Non-alluvial,0,61957.79270001092,1,0,61957.79270001092,18.21087,61957.79270001092,1,0.34022423256006395
1994,20087,Jefferson,Multi-Crop,Alluvial,951754.5858516509,20438.794048162075,12,0,972193.3798998131,591.650932,972193.3798998131,1,0.16431874392784918
1994,20087,Jefferson,Other Crop,Alluvial,23164.788909142047,0,2,0,23164.788909142047,16.996812,23164.788909142047,1,0.13628902237161916
1994,20087,Jefferson,Other Crop,Non-alluvial,1060.7943802908499,0,1,0,1060.7943802908499,0.809372,1060.7943802908499,1,0.13106388413372957
1994,20087,Jefferson,Soybeans,Alluvial,337653.3182102526,0,8,0,337653.3182102526,213.269522,337653.3182102526,1,0.1583223495996079
1994,20091,Johnson,Golf Course/Turf/Sod,Non-alluvial,0,698311.0726907661,5,0,698311.0726907661,198.29614,698311.0726907661,1,0.3521556560257633
1994,20091,Johnson,Multi-Crop,Alluvial,170898.90859220613,0,2,0,170898.90859220613,106.837104,170898.90859220613,1,0.1599621313136737
1994,20103,Leavenworth,Multi-Crop,Alluvial,214860.201282399,0,2,0,214860.201282399,99.552756,214860.201282399,1,0.2158254677373261
1994,20103,Leavenworth,Multi-Crop,Non-alluvial,0,3638.771420765125,1,0,3638.771420765125,10.11715,3638.771420765125,1,0.03596636820413975
1994,20103,Leavenworth,Other Crop,Alluvial,33859.07644067887,0,3,0,33859.07644067887,38.849856,33859.07644067887,1,0.0871536729522984
1994,20103,Leavenworth,Other Crop,Non-alluvial,104895.2954650394,0,4,0,104895.2954650394,4.04686,104895.2954650394,1,2.5920169085424107
1994,20103,Leavenworth,Soybeans,Alluvial,24336.596654812172,0,2,0,24336.596654812172,27.923333999999997,24336.596654812172,1,0.08715505338586065
1994,20149,Pottawatomie,Alfalfa,Non-alluvial,36597.40612003433,0,1,0,36597.40612003433,56.65604,36597.40612003433,1,0.0645957714659096
1994,20149,Pottawatomie,Corn,Alluvial,1844931.1192381713,0,39,0,1844931.1192381713,1608.0198209999999,1844931.1192381713,1,0.11473310808388172
1994,20149,Pottawatomie,Corn,Non-alluvial,568018.3861906237,423997.0468385776,16,0,992015.4330292013,532.566776,992015.4330292013,1,0.18627061952306265
1994,20149,Pottawatomie,Golf Course/Turf/Sod,Non-alluvial,58985.10147152145,0,1,0,58985.10147152145,16.18744,58985.10147152145,1,0.3643880778648227
1994,20149,Pottawatomie,Multi-Crop,Alluvial,2575164.7018846665,0,44,0,2575164.7018846665,1820.682314,2575164.7018846665,1,0.14143954066467998
1994,20149,Pottawatomie,Multi-Crop,Non-alluvial,0,510858.8378386726,6,0,510858.8378386726,300.681698,510858.8378386726,1,0.16990021050056484
1994,20149,Pottawatomie,Other Crop,Alluvial,27654.662797814948,0,5,0,27654.662797814948,50.58575,27654.662797814948,1,0.05466887967029242
1994,20149,Pottawatomie,Other Crop,Non-alluvial,33094.31770139942,0,3,0,33094.31770139942,14.16401,33094.31770139942,1,0.23365076487096112
1994,20149,Pottawatomie,Sorghum,Alluvial,41642.346835603596,0,1,0,41642.346835603596,14.973381999999999,41642.346835603596,1,0.2781091595446079
1994,20149,Pottawatomie,Soybeans,Alluvial,1936171.7707615597,0,33,0,1936171.7707615597,1343.962206,1936171.7707615597,1,0.14406445077976843
1994,20149,Pottawatomie,Soybeans,Non-alluvial,0,164793.173496346,4,0,164793.173496346,93.07777999999999,164793.173496346,1,0.1770488869592141
1994,20161,Riley,Alfalfa,Alluvial,28000.037712328252,0,2,0,28000.037712328252,26.709276,28000.037712328252,1,0.10483263459604165
1994,20161,Riley,Alfalfa,Non-alluvial,0,11866.095277206949,1,0,11866.095277206949,12.14058,11866.095277206949,1,0.09773911359430067
1994,20161,Riley,Corn,Alluvial,524834.1870580857,12260.809465222148,9,0,537094.9965233079,302.705128,537094.9965233079,1,0.17743174688580363
1994,20161,Riley,Corn,Non-alluvial,68236.2152531277,0,2,0,68236.2152531277,40.468599999999995,68236.2152531277,1,0.16861521093669588
1994,20161,Riley,Golf Course/Turf/Sod,Alluvial,1122468.4721682249,0,1,0,1122468.4721682249,24.28116,1122468.4721682249,1,4.622795913243951
1994,20161,Riley,Multi-Crop,Alluvial,729259.1319948329,0,16,0,729259.1319948329,437.46556599999997,729259.1319948329,1,0.16670092200921546
1994,20161,Riley,Multi-Crop,Non-alluvial,43603.58295730413,0,1,0,43603.58295730413,20.2343,43603.58295730413,1,0.21549340949429496
1994,20161,Riley,Other Crop,Alluvial,183468.08851681513,0,4,0,183468.08851681513,81.746572,183468.08851681513,1,0.22443520752994406
1994,20161,Riley,Other Crop,Non-alluvial,0,74.00891025284999,1,0,74.00891025284999,2.02343,74.00891025284999,1,0.003657596766522686
1994,20161,Riley,Sorghum,Alluvial,183406.41442493777,0,1,0,183406.41442493777,58.67947,183406.41442493777,1,0.3125563581691139
1994,20161,Riley,Sorghum,Non-alluvial,12951.55929424875,0,1,0,12951.55929424875,14.16401,12951.55929424875,1,0.09143991916306717
1994,20161,Riley,Soybeans,Alluvial,399315.0752692521,0,6,0,399315.0752692521,136.78386799999998,399315.0752692521,1,0.2919314105587745
1994,20161,Riley,Unknown,Non-alluvial,3268.7268695008747,45429.13607687442,2,0,48697.862946375295,3.642174,48697.862946375295,1,1.3370548179844044
1994,20177,Shawnee,Alfalfa,Alluvial,23263.46745614585,0,1,0,23263.46745614585,13.759324,23263.46745614585,1,0.16907420347210264
1994,20177,Shawnee,Corn,Alluvial,2399677.240856784,65041.49729387967,51,0,2464718.738150663,1634.526754,2464718.738150663,1,0.15079096944231868
1994,20177,Shawnee,Corn,Non-alluvial,0,89427.43322219374,2,0,89427.43322219374,38.44517,89427.43322219374,1,0.23261032067797788
1994,20177,Shawnee,Golf Course/Turf/Sod,Non-alluvial,0,166988.77116718056,3,1,162079.5134537415,64.74976,166988.77116718056,0.9706012704978578,0.2578986720061674
1994,20177,Shawnee,Multi-Crop,Alluvial,3788417.4372963877,0,67,0,3788417.4372963877,2291.736818,3788417.4372963877,1,0.16530770058503236
1994,20177,Shawnee,Multi-Crop,Non-alluvial,12692.528108363773,58874.08810614217,2,0,71566.61621450594,83.365316000000007,71566.61621450594,1,0.08584699206862711
1994,20177,Shawnee,Other Crop,Alluvial,250236.46038326132,0,10,0,250236.46038326132,109.26522,250236.46038326132,1,0.2290174864273017
1994,20177,Shawnee,Other Crop,Non-alluvial,0,1443.1737499305748,1,0,1443.1737499305748,1.214058,1443.1737499305748,1,0.1188718949119873
1994,20177,Shawnee,Sorghum,Alluvial,47970.10866222227,0,1,0,47970.10866222227,22.25773,47970.10866222227,1,0.21552111856070802
1994,20177,Shawnee,Soybeans,Alluvial,2629869.621379898,0,47,0,2629869.621379898,1416.401,2629869.621379898,1,0.18567267471428628
1994,20177,Shawnee,Soybeans,Non-alluvial,0,36967.450671298575,3,0,36967.450671298575,29.137392,36967.450671298575,1,0.1268728878387557
1994,20197,Wabaunsee,Corn,Alluvial,910062.8997425454,0,17,0,910062.8997425454,662.673325,910062.8997425454,1,0.13733205569162535
1994,20197,Wabaunsee,Corn,Non-alluvial,22609.722082245673,149041.6104308644,7,0,171651.3325131101,148.519762,171651.3325131101,1,0.11557474251346438
1994,20197,Wabaunsee,Multi-Crop,Alluvial,198269.87056738514,104845.9561915375,8,0,303115.8267589226,305.53793,303115.8267589226,1,0.09920726593877316
1994,20197,Wabaunsee,Multi-Crop,Non-alluvial,39718.1151690295,137015.16251477628,3,0,176733.2776838058,136.37918200000001,176733.2776838058,1,0.1295896302441569
1994,20197,Wabaunsee,Other Crop,Alluvial,9140.100416226975,0,1,0,9140.100416226975,4.04686,9140.100416226975,1,0.2258566003327759
1994,20197,Wabaunsee,Other Crop,Non-alluvial,24.669636750949998,87675.8890128763,3,0,87700.55864962724,72.438794,87700.55864962724,1,0.12106849632204982
1994,20197,Wabaunsee,Sorghum,Alluvial,128479.46819894758,0,2,0,128479.46819894758,83.770002,128479.46819894758,1,0.15337169049959862
1994,20197,Wabaunsee,Soybeans,Alluvial,345498.2626970548,23978.8869219234,8,0,369477.14961897815,197.082082,369477.14961897815,1,0.1874737398090701
1994,20197,Wabaunsee,Soybeans,Non-alluvial,0,149029.27561248894,4,0,149029.27561248894,69.201306,149029.27561248894,1,0.2153561604928221
1994,20209,Wyandotte,Multi-Crop,Alluvial,170479.52476744,0,3,0,170479.52476744,77.699712,170479.52476744,1,0.2194081810334638
1994,20209,Wyandotte,Other Crop,Alluvial,45996.53772214627,0,1,0,45996.53772214627,40.4686,45996.53772214627,1,0.11365981951969248
1995,20005,Atchison,Corn,Non-alluvial,19624.696035380723,0,1,0,19624.696035380723,17.806184,19624.696035380723,1,0.11021281165790897
1995,20005,Atchison,Soybeans,Non-alluvial,74132.25843660475,0,4,0,74132.25843660475,67.177876,74132.25843660475,1,0.11035219160040838
1995,20013,Brown,Golf Course/Turf/Sod,Non-alluvial,0,15924.250522738224,1,0,15924.250522738224,14.16401,15924.250522738224,1,0.11242755775192353
1995,20045,Douglas,Corn,Alluvial,163744.71393443062,0,3,0,163744.71393443062,85.388746,163744.71393443062,1,0.19176381151496313
1995,20045,Douglas,Corn,Non-alluvial,0,23016.77108863635,1,0,23016.77108863635,20.2343,23016.77108863635,1,0.11375125943885556
1995,20045,Douglas,Golf Course/Turf/Sod,Alluvial,10829.970533667049,0,1,0,10829.970533667049,4.04686,10829.970533667049,1,0.2676141634172432
1995,20045,Douglas,Multi-Crop,Alluvial,720489.0761298701,0,13,0,720489.0761298701,569.7978880000001,720489.0761298701,1,0.12644642798849232
1995,20045,Douglas,Other Crop,Alluvial,9288.118236732675,0,2,0,9288.118236732675,6.07029,9288.118236732675,1,0.15300946473286572
1995,20045,Douglas,Other Crop,Non-alluvial,61.674091877375,0,1,0,61.674091877375,1.618744,61.674091877375,1,0.0038099966317944652
1995,20045,Douglas,Soybeans,Alluvial,67890.84033861439,0,2,0,67890.84033861439,46.134204,67890.84033861439,1,0.1471594488519069
1995,20061,Geary,Corn,Alluvial,97445.06516625249,0,1,0,97445.06516625249,31.160822,97445.06516625249,1,0.3127166066615717
1995,20061,Geary,Corn,Non-alluvial,407924.7784953337,186169.41374104418,9,0,594094.1922363779,320.106626,594094.1922363779,1,0.1855925944614398
1995,20061,Geary,Golf Course/Turf/Sod,Non-alluvial,177744.73279059475,0,1,0,177744.73279059475,64.74976,177744.73279059475,1,0.2745102573207912
1995,20061,Geary,Multi-Crop,Alluvial,56678.49043530763,0,1,0,56678.49043530763,44.51546,56678.49043530763,1,0.12732316016796777
1995,20061,Geary,Multi-Crop,Non-alluvial,631567.3704610709,256909.5971243933,9,0,888476.9675854642,530.13866,888476.9675854642,1,0.16759331748894984
1995,20061,Geary,Sorghum,Non-alluvial,34068.76835306195,2787.6689528573497,2,0,36856.437305919295,66.368504,36856.437305919295,1,0.055533024077082244
1995,20061,Geary,Soybeans,Non-alluvial,58541.04801000435,106289.12994146805,5,0,164830.1779514724,123.83391599999999,164830.1779514724,1,0.13310584311286128
1995,20087,Jefferson,Corn,Alluvial,291262.06630009116,0,11,0,291262.06630009116,262.23652799999996,291262.06630009116,1,0.1110684573661268
1995,20087,Jefferson,Golf Course/Turf/Sod,Non-alluvial,0,53113.72792479535,1,0,53113.72792479535,18.21087,53113.72792479535,1,0.29165947549345717
1995,20087,Jefferson,Multi-Crop,Alluvial,265815.33599148627,0,7,0,265815.33599148627,305.133244,265815.33599148627,1,0.087114511846335
1995,20087,Jefferson,Other Crop,Alluvial,14074.027766416973,0,2,0,14074.027766416973,15.782754,14074.027766416973,1,0.08917345962825608
1995,20087,Jefferson,Other Crop,Non-alluvial,74.00891025284999,0,1,0,74.00891025284999,0.809372,74.00891025284999,1,0.009143991916306715
1995,20087,Jefferson,Sorghum,Alluvial,4773.574711308825,0,1,0,4773.574711308825,10.926522,4773.574711308825,1,0.04368796137790987
1995,20087,Jefferson,Soybeans,Alluvial,399524.76718163525,0,9,0,399524.76718163525,207.401575,399524.76718163525,1,0.19263342970352818
1995,20091,Johnson,Golf Course/Turf/Sod,Non-alluvial,0,327686.78496286884,3,0,327686.78496286884,163.89783,327686.78496286884,1,0.19993357139802817
1995,20091,Johnson,Multi-Crop,Alluvial,85085.57715402654,0,2,0,85085.57715402654,106.837104,85085.57715402654,1,0.07964047504884308
1995,20103,Leavenworth,Corn,Alluvial,20438.794048162075,0,1,0,20438.794048162075,17.806184,20438.794048162075,1,0.11478480761606236
1995,20103,Leavenworth,Multi-Crop,Alluvial,76068.82492155432,0,1,0,76068.82492155432,52.60918,76068.82492155432,1,0.14459230294323977
1995,20103,Leavenworth,Other Crop,Alluvial,43751.60077780983,0,3,0,43751.60077780983,41.277972,43751.60077780983,1,0.10599261218019584
1995,20103,Leavenworth,Other Crop,Non-alluvial,49.339273501899996,0,1,0,49.339273501899996,0.809372,49.339273501899996,1,0.006095994610871144
1995,20103,Leavenworth,Soybeans,Alluvial,76118.16419505622,0,1,0,76118.16419505622,46.943576,76118.16419505622,1,0.16214820148140444
1995,20149,Pottawatomie,Alfalfa,Alluvial,89143.73239955782,0,2,0,89143.73239955782,78.91377,89143.73239955782,1,0.11296346936606605
1995,20149,Pottawatomie,Corn,Alluvial,3089909.007511614,0,46,0,3089909.007511614,1991.864492,3089909.007511614,1,0.15512646668092792
1995,20149,Pottawatomie,Corn,Non-alluvial,193804.6663154632,506097.5979457392,12,0,699902.2642612024,398.211024,699902.2642612024,1,0.17576164949697687
1995,20149,Pottawatomie,Golf Course/Turf/Sod,Non-alluvial,50215.04560655872,0,1,0,50215.04560655872,16.18744,50215.04560655872,1,0.31020992576070533
1995,20149,Pottawatomie,Multi-Crop,Alluvial,3017676.311104832,0,47,0,3017676.311104832,2032.333092,3017676.311104832,1,0.14848335260511675
1995,20149,Pottawatomie,Multi-Crop,Non-alluvial,0,264372.16224155563,2,0,264372.16224155563,97.12464,264372.16224155563,1,0.2721988593641692
1995,20149,Pottawatomie,Other Crop,Alluvial,29788.586376772124,0,5,0,29788.586376772124,41.277972,29788.586376772124,1,0.07216581855516575
1995,20149,Pottawatomie,Other Crop,Non-alluvial,20315.445864407324,0,3,0,20315.445864407324,18.21087,20315.445864407324,1,0.11155670137894193
1995,20149,Pottawatomie,Sorghum,Alluvial,20845.843054552748,0,2,0,20845.843054552748,20.638986000000003,20845.843054552748,1,0.10100226365070816
1995,20149,Pottawatomie,Sorghum,Non-alluvial,0,30787.7066651856,1,0,30787.7066651856,46.134204,30787.7066651856,1,0.0667350988979578
1995,20149,Pottawatomie,Soybeans,Alluvial,848623.1694143044,0,22,0,848623.1694143044,677.039678,848623.1694143044,1,0.12534319582585887
1995,20149,Pottawatomie,Soybeans,Non-alluvial,430016.43820580945,543533.7717153059,8,0,973550.2099211153,368.26426,973550.2099211153,1,0.26436184980891586
1995,20161,Riley,Alfalfa,Alluvial,29381.537370381448,0,1,0,29381.537370381448,22.662416,29381.537370381448,1,0.1296487425276345
1995,20161,Riley,Alfalfa,Non-alluvial,0,13987.68403778865,1,0,13987.68403778865,12.14058,13987.68403778865,1,0.11521429814546462
1995,20161,Riley,Corn,Alluvial,470289.6202017353,0,7,0,470289.6202017353,201.533628,470289.6202017353,1,0.23335540816132944
1995,20161,Riley,Corn,Non-alluvial,38805.33860924435,0,1,0,38805.33860924435,28.32802,38805.33860924435,1,0.1369857074700044
1995,20161,Riley,Multi-Crop,Alluvial,772159.630304735,0,19,0,772159.630304735,594.079048,772159.630304735,1,0.12997590689391475
1995,20161,Riley,Multi-Crop,Non-alluvial,38521.63778660842,0,1,0,38521.63778660842,20.2343,38521.63778660842,1,0.19037791169750584
1995,20161,Riley,Other Crop,Alluvial,53372.75911068032,0,4,0,53372.75911068032,90.649664,53372.75911068032,1,0.05887805509205232
1995,20161,Riley,Other Crop,Non-alluvial,2380.6199464666747,9152.43523460245,3,0,11533.055181069123,5.665604,11533.055181069123,1,0.20356267718444712
1995,20161,Riley,Sorghum,Alluvial,66805.37632157259,0,1,0,66805.37632157259,42.49203,66805.37632157259,1,0.1572186038689434
1995,20161,Riley,Sorghum,Non-alluvial,15332.179240715424,0,1,0,15332.179240715424,30.35145,15332.179240715424,1,0.05051547534208555
1995,20161,Riley,Soybeans,Alluvial,57344.57062758327,36535.73202815695,7,0,93880.30265574022,109.26522,93880.30265574022,1,0.08591965737655607
1995,20161,Riley,Soybeans,Non-alluvial,24348.931473187647,0,1,0,24348.931473187647,12.14058,24348.931473187647,1,0.20055822269766063
1995,20161,Riley,Wheat,Alluvial,27481.9753405583,0,1,0,27481.9753405583,12.14058,27481.9753405583,1,0.22636459988368182
1995,20177,Shawnee,Corn,Alluvial,2896536.0598392924,7906.618578679475,47,0,2904442.678417972,1517.5725,2904442.678417972,1,0.1913874084050661
1995,20177,Shawnee,Golf Course/Turf/Sod,Non-alluvial,0,44861.73443160258,2,0,44861.73443160258,65.559132,44861.73443160258,1,0.06842942098684676
1995,20177,Shawnee,Multi-Crop,Alluvial,3697855.20078365,0,63,0,3697855.20078365,2084.942272,3697855.20078365,1,0.1773600761251029
1995,20177,Shawnee,Multi-Crop,Non-alluvial,27494.310158933775,30627.354026304423,5,0,58121.664185238194,142.854158,58121.664185238194,1,0.04068601502326463
1995,20177,Shawnee,Other Crop,Alluvial,226985.32774549094,0,10,0,226985.32774549094,117.35894,226985.32774549094,1,0.193411194533191
1995,20177,Shawnee,Other Crop,Non-alluvial,0,690.7498290266001,1,0,690.7498290266001,1.214058,690.7498290266001,1,0.05689594970146402
1995,20177,Shawnee,Soybeans,Alluvial,2888974.816175126,0,56,0,2888974.816175126,1688.754678,2888974.816175126,1,0.17107131389839003
1995,20177,Shawnee,Soybeans,Non-alluvial,0,28518.1000840982,2,0,28518.1000840982,30.35145,28518.1000840982,1,0.09395959693556058
1995,20197,Wabaunsee,Alfalfa,Alluvial,0,15122.487328332349,1,0,15122.487328332349,12.545266,15122.487328332349,1,0.12054337730529069
1995,20197,Wabaunsee,Corn,Alluvial,782607.2214687623,2047.5798503288497,14,0,784654.8013190911,441.714769,784654.8013190911,1,0.17763834410506008
1995,20197,Wabaunsee,Corn,Non-alluvial,0,203758.8647444715,1,0,203758.8647444715,85.793432,203758.8647444715,1,0.23749937494570855
1995,20197,Wabaunsee,Multi-Crop,Alluvial,398611.99062185007,0,7,0,398611.99062185007,289.35049,398611.99062185007,1,0.13776095233909924
1995,20197,Wabaunsee,Multi-Crop,Non-alluvial,0,173341.20263055016,2,0,173341.20263055016,62.726330000000004,173341.20263055016,1,0.27634520085991027
1995,20197,Wabaunsee,Other Crop,Alluvial,50659.099068075826,0,2,0,50659.099068075826,57.870098,50659.099068075826,1,0.0875393351987685
1995,20197,Wabaunsee,Other Crop,Non-alluvial,0,4946.262168565475,1,0,4946.262168565475,2.428116,4946.262168565475,1,0.2037078199132774
1995,20197,Wabaunsee,Sorghum,Non-alluvial,0,96334.93151245975,2,0,96334.93151245975,45.729518,96334.93151245975,1,0.210662468632317
1995,20197,Wabaunsee,Soybeans,Alluvial,586643.961937591,0,10,0,586643.961937591,355.718994,586643.961937591,1,0.164917806423795
1995,20197,Wabaunsee,Soybeans,Non-alluvial,62907.5737149225,18933.946206354125,5,0,81841.51992127663,122.215172,81841.51992127663,1,0.0669651063627981
1995,20197,Wabaunsee,Unknown,Non-alluvial,0,17749.803642308525,1,1,0,0,17749.803642308525,0,NA
1995,20209,Wyandotte,Multi-Crop,Alluvial,129182.55284634967,0,2,0,129182.55284634967,61.512271999999996,129182.55284634967,1,0.21001102486728124
1995,20209,Wyandotte,Other Crop,Alluvial,47044.99728406165,0,1,0,47044.99728406165,40.4686,47044.99728406165,1,0.11625061722931272
1996,20005,Atchison,Unknown,Non-alluvial,77376.31566935468,0,2,0,77376.31566935468,28.328020000000002,77376.31566935468,1,0.27314410138567635
1996,20013,Brown,Golf Course/Turf/Sod,Non-alluvial,0,7240.538386403825,1,0,7240.538386403825,14.16401,7240.538386403825,1,0.051119269094019454
1996,20045,Douglas,Corn,Alluvial,129231.89211985157,0,3,0,129231.89211985157,110.883964,129231.89211985157,1,0.1165469626607609
1996,20045,Douglas,Golf Course/Turf/Sod,Alluvial,6093.40027748465,0,2,0,6093.40027748465,4.451546,6093.40027748465,1,0.13688278808047025
1996,20045,Douglas,Multi-Crop,Alluvial,356155.5457734651,0,8,0,356155.5457734651,342.364356,356155.5457734651,1,0.10402822009118996
1996,20045,Douglas,Other Crop,Alluvial,15887.246067611799,0,2,0,15887.246067611799,6.879662,15887.246067611799,1,0.23093061937653042
1996,20045,Douglas,Other Crop,Non-alluvial,111.01336537927499,0,1,0,111.01336537927499,1.214058,111.01336537927499,1,0.009143991916306715
1996,20045,Douglas,Soybeans,Alluvial,176770.28213893223,0,6,0,176770.28213893223,166.325946,176770.28213893223,1,0.10627943889099073
1996,20061,Geary,Corn,Non-alluvial,388818.14483172295,42579.7930321397,6,0,431397.9378638626,180.08527,431397.9378638626,1,0.2395520399107948
1996,20061,Geary,Golf Course/Turf/Sod,Non-alluvial,354589.02383977984,0,1,0,354589.02383977984,64.74976,354589.02383977984,1,0.5476298658709775
1996,20061,Geary,Multi-Crop,Alluvial,67323.43869334254,0,1,0,67323.43869334254,44.51546,67323.43869334254,1,0.15123608448243048
1996,20061,Geary,Multi-Crop,Non-alluvial,683792.9914628321,338331.7332209038,12,0,1022124.7246837359,655.1866339999999,1022124.7246837359,1,0.15600512459229077
1996,20061,Geary,Sorghum,Non-alluvial,0,2787.6689528573497,1,0,2787.6689528573497,8.09372,2787.6689528573497,1,0.034442369551421964
1996,20061,Geary,Soybeans,Alluvial,55506.6826896375,0,1,0,55506.6826896375,28.32802,55506.6826896375,1,0.1959426839208582
1996,20061,Geary,Soybeans,Non-alluvial,45416.80125849895,158403.73757784997,4,0,203820.53883634892,115.740196,203820.53883634892,1,0.17610177438817273
1996,20087,Jefferson,Corn,Alluvial,1036753.8192770492,0,27,0,1036753.8192770492,741.789438,1036753.8192770492,1,0.13976389608246878
1996,20087,Jefferson,Golf Course/Turf/Sod,Non-alluvial,0,57295.23135408138,1,0,57295.23135408138,18.21087,57295.23135408138,1,0.3146210551944052
1996,20087,Jefferson,Multi-Crop,Alluvial,173402.87672242755,0,7,0,173402.87672242755,290.564548,173402.87672242755,1,0.05967791938692657
1996,20087,Jefferson,Other Crop,Alluvial,20315.445864407324,0,2,0,20315.445864407324,15.378067999999999,20315.445864407324,1,0.1321066200540102
1996,20087,Jefferson,Other Crop,Non-alluvial,24.669636750949998,0,1,0,24.669636750949998,0.809372,24.669636750949998,1,0.003047997305435572
1996,20087,Jefferson,Soybeans,Alluvial,52608.00037140087,0,2,0,52608.00037140087,20.234299999999998,52608.00037140087,1,0.25999417015365434
1996,20091,Johnson,Golf Course/Turf/Sod,Non-alluvial,0,338640.10368029063,5,0,338640.10368029063,223.791358,338640.10368029063,1,0.15131956242934574
1996,20091,Johnson,Multi-Crop,Alluvial,49388.612775401896,0,2,0,49388.612775401896,106.837104,49388.612775401896,1,0.04622795913243951
1996,20103,Leavenworth,Corn,Alluvial,66928.72450532735,0,1,0,66928.72450532735,42.896716,66928.72450532735,1,0.15602295640842845
1996,20103,Leavenworth,Multi-Crop,Alluvial,49943.679602298274,0,1,0,49943.679602298274,84.98406,49943.679602298274,1,0.05876829090337444
1996,20103,Leavenworth,Other Crop,Alluvial,5525.998632212801,0,1,0,5525.998632212801,6.07029,5525.998632212801,1,0.09103351952234244
1996,20103,Leavenworth,Other Crop,Non-alluvial,431.71864314162497,0,1,0,431.71864314162497,0.809372,431.71864314162497,1,0.05333995284512251
1996,20103,Leavenworth,Soybeans,Alluvial,35141.897551728274,0,1,0,35141.897551728274,46.943576,35141.897551728274,1,0.07485986485505125
1996,20149,Pottawatomie,Alfalfa,Alluvial,67656.47878948037,0,1,0,67656.47878948037,58.67947,67656.47878948037,1,0.1152983808297525
1996,20149,Pottawatomie,Corn,Alluvial,3425872.4556044266,0,45,0,3425872.4556044266,1989.03169,3425872.4556044266,1,0.17223820378670923
1996,20149,Pottawatomie,Corn,Non-alluvial,632406.1381106032,409256.938879885,16,0,1041663.0769904882,550.777646,1041663.0769904882,1,0.18912588129811067
1996,20149,Pottawatomie,Golf Course/Turf/Sod,Non-alluvial,49326.938683524524,0,1,0,49326.938683524524,16.18744,49326.938683524524,1,0.30472353061092133
1996,20149,Pottawatomie,Multi-Crop,Alluvial,3123472.0483112815,18354.2097427068,47,0,3141826.258053988,1979.319226,3141826.258053988,1,0.1587326701415059
1996,20149,Pottawatomie,Multi-Crop,Non-alluvial,0,602111.8241804367,6,0,602111.8241804367,304.728558,602111.8241804367,1,0.1975895623738805
1996,20149,Pottawatomie,Other Crop,Alluvial,59762.19502917637,0,6,0,59762.19502917637,42.896716,59762.19502917637,1,0.13931648061165422
1996,20149,Pottawatomie,Other Crop,Non-alluvial,23399.150458276075,0,4,0,23399.150458276075,28.32802,23399.150458276075,1,0.082600726977304
1996,20149,Pottawatomie,Sorghum,Non-alluvial,0,87441.52746374227,1,0,87441.52746374227,32.37488,87441.52746374227,1,0.27009066122790965
1996,20149,Pottawatomie,Soybeans,Alluvial,1748115.1298090678,0,26,0,1748115.1298090678,921.8747079999999,1748115.1298090678,1,0.18962610804255492
1996,20149,Pottawatomie,Soybeans,Non-alluvial,0,33341.014068908924,1,0,33341.014068908924,46.134204,33341.014068908924,1,0.07226962032098555
1996,20149,Pottawatomie,Unknown,Alluvial,78326.09668426625,0,1,0,78326.09668426625,57.465412,78326.09668426625,1,0.1363012879543372
1996,20149,Pottawatomie,Wheat,Alluvial,51226.500713347676,0,1,0,51226.500713347676,52.60918,51226.500713347676,1,0.09737179084210716
1996,20161,Riley,Alfalfa,Alluvial,23596.507552283674,0,1,0,23596.507552283674,22.662416,23596.507552283674,1,0.1041217650946116
1996,20161,Riley,Alfalfa,Non-alluvial,0,11237.019540057723,1,0,11237.019540057723,12.14058,11237.019540057723,1,0.0925575181750602
1996,20161,Riley,Corn,Alluvial,715949.8629676953,38188.5976904706,11,0,754138.460658166,372.31111999999996,754138.460658166,1,0.20255598614894071
1996,20161,Riley,Corn,Non-alluvial,54939.28104436565,10176.225159766875,3,0,65115.50620413252,50.990435999999995,65115.50620413252,1,0.12770141091582848
1996,20161,Riley,Golf Course/Turf/Sod,Alluvial,101022.16249514025,0,4,3,76044.15528480338,24.28116,101022.16249514025,0.7527472527472527,0.4160516321919556
1996,20161,Riley,Multi-Crop,Alluvial,1012565.2404427427,0,21,0,1012565.2404427427,633.738276,1012565.2404427427,1,0.15977656373129379
1996,20161,Riley,Multi-Crop,Non-alluvial,21807.9588878398,0,1,0,21807.9588878398,20.2343,21807.9588878398,1,0.10777718472020183
1996,20161,Riley,Other Crop,Alluvial,9510.144967491224,0,2,0,9510.144967491224,38.44517,9510.144967491224,1,0.024736904447271856
1996,20161,Riley,Other Crop,Non-alluvial,2183.262852459075,9090.761142725074,2,0,11274.023995184149,3.642174,11274.023995184149,1,0.3095410596853459
1996,20161,Riley,Soybeans,Alluvial,347385.4899085024,0,5,0,347385.4899085024,156.208796,347385.4899085024,1,0.22238535780565288
1996,20161,Riley,Unknown,Alluvial,3145.3786857461246,0,1,0,3145.3786857461246,1.618744,3145.3786857461246,1,0.1943098282215177
1996,20161,Riley,Wheat,Alluvial,8177.984582939925,0,1,0,8177.984582939925,8.09372,8177.984582939925,1,0.10104111067518921
1996,20177,Shawnee,Corn,Alluvial,3351074.116975546,6722.476014633875,55,0,3357796.59299018,1687.54062,3357796.59299018,1,0.19897574927649328
1996,20177,Shawnee,Golf Course/Turf/Sod,Non-alluvial,0,161462.77253496772,3,0,161462.77253496772,68.79662,161462.77253496772,1,0.234695792518539
1996,20177,Shawnee,Multi-Crop,Alluvial,4109924.4782531434,0,68,0,4109924.4782531434,2464.942426,4109924.4782531434,1,0.1667351105203113
1996,20177,Shawnee,Multi-Crop,Non-alluvial,58047.65527498534,124199.28622265777,6,0,182246.94149764313,184.13213,182246.94149764313,1,0.09897617623694634
1996,20177,Shawnee,Other Crop,Alluvial,312638.30654478935,0,12,0,312638.30654478935,153.375994,312638.30654478935,1,0.20383783562947233
1996,20177,Shawnee,Other Crop,Non-alluvial,0,419.38382476615,1,0,419.38382476615,1.214058,419.38382476615,1,0.03454396946160315
1996,20177,Shawnee,Soybeans,Alluvial,2611182.3715410535,0,51,0,2611182.3715410535,1554.803612,2611182.3715410535,1,0.16794290619007474
1996,20177,Shawnee,Soybeans,Non-alluvial,0,17441.43318292165,1,0,17441.43318292165,14.16401,17441.43318292165,1,0.12313909113959712
1996,20197,Wabaunsee,Alfalfa,Alluvial,0,11989.4434609617,1,0,11989.4434609617,12.545266,11989.4434609617,1,0.09556946389946375
1996,20197,Wabaunsee,Alfalfa,Non-alluvial,0,46724.2920062993,1,0,46724.2920062993,26.30459,46724.2920062993,1,0.17762790450753765
1996,20197,Wabaunsee,Corn,Alluvial,1571628.5484927716,0,18,0,1571628.5484927716,697.476321,1571628.5484927716,1,0.22533073900479722
1996,20197,Wabaunsee,Corn,Non-alluvial,141653.0542239549,41222.96301083744,5,0,182876.01723479235,111.28865,182876.01723479235,1,0.1643258474559556
1996,20197,Wabaunsee,Multi-Crop,Alluvial,507812.13769993023,102206.30505918585,8,0,610018.4427591161,349.648704,610018.4427591161,1,0.17446609576425487
1996,20197,Wabaunsee,Multi-Crop,Non-alluvial,0,127147.30781439629,1,0,127147.30781439629,88.221548,127147.30781439629,1,0.14412273497444897
1996,20197,Wabaunsee,Other Crop,Alluvial,14074.027766416973,0,2,0,14074.027766416973,10.926521999999999,14074.027766416973,1,0.1288061083519255
1996,20197,Wabaunsee,Other Crop,Non-alluvial,0,11681.073001574825,1,0,11681.073001574825,3.237488,11681.073001574825,1,0.3608066810309358
1996,20197,Wabaunsee,Sorghum,Non-alluvial,0,138569.34963008616,2,0,138569.34963008616,94.291838,138569.34963008616,1,0.14695794733589365
1996,20197,Wabaunsee,Soybeans,Alluvial,336604.85864833725,5390.315630082575,6,0,341995.1742784199,215.697638,341995.1742784199,1,0.15855304557318328
1996,20197,Wabaunsee,Soybeans,Non-alluvial,21548.92770195482,83580.7293122186,5,0,105129.65701417341,95.50589599999999,105129.65701417341,1,0.11007661455181093
1996,20197,Wabaunsee,Unknown,Non-alluvial,47797.42120496562,0,1,0,47797.42120496562,64.74976,47797.42120496562,1,0.07381868474101776
1996,20209,Wyandotte,Multi-Crop,Alluvial,57936.64190960607,0,2,0,57936.64190960607,61.512271999999996,57936.64190960607,1,0.09418712726072949
1996,20209,Wyandotte,Other Crop,Alluvial,83926.1042267319,98333.17208928669,10,0,182259.2763160186,67.987248,182259.2763160186,1,0.2680786201495001
1997,20005,Atchison,Alfalfa,Non-alluvial,0,58874.08810614217,1,0,58874.08810614217,22.25773,58874.08810614217,1,0.26451074797898155
1997,20005,Atchison,Soybeans,Non-alluvial,96643.30197184662,43023.8464936568,6,0,139667.14846550341,116.95425399999999,139667.14846550341,1,0.11942032349289615
1997,20013,Brown,Golf Course/Turf/Sod,Non-alluvial,0,27790.345799945175,1,0,27790.345799945175,14.16401,27790.345799945175,1,0.1962039408327527
1997,20045,Douglas,Corn,Alluvial,113850.37360563425,0,5,0,113850.37360563425,93.07778,113850.37360563425,1,0.12231745708334926
1997,20045,Douglas,Corn,Non-alluvial,0,14049.358129666025,1,0,14049.358129666025,20.2343,14049.358129666025,1,0.06943337861782234
1997,20045,Douglas,Golf Course/Turf/Sod,Alluvial,12630.854016486399,0,1,0,12630.854016486399,7.284348,12630.854016486399,1,0.173397180042557
1997,20045,Douglas,Multi-Crop,Alluvial,785000.1762336044,0,10,0,785000.1762336044,502.215326,785000.1762336044,1,0.15630749114844902
1997,20045,Douglas,Other Crop,Alluvial,11027.327627674651,0,2,0,11027.327627674651,6.07029,11027.327627674651,1,0.18166063940396013
1997,20045,Douglas,Other Crop,Non-alluvial,98.67854700379999,0,1,0,98.67854700379999,1.214058,98.67854700379999,1,0.00812799281449486
1997,20045,Douglas,Soybeans,Alluvial,143564.95107215352,0,3,0,143564.95107215352,117.763626,143564.95107215352,1,0.12190941799987844
1997,20061,Geary,Alfalfa,Non-alluvial,0,4798.244348059775,1,0,4798.244348059775,55.441981999999996,4798.244348059775,1,0.008654532494995896
1997,20061,Geary,Corn,Alluvial,82643.2831156825,0,1,0,82643.2831156825,28.32802,82643.2831156825,1,0.2917368849488333
1997,20061,Geary,Corn,Non-alluvial,337061.2469282298,248213.5501696834,8,0,585274.7970979132,263.450586,585274.7970979132,1,0.2221573335570084
1997,20061,Geary,Golf Course/Turf/Sod,Non-alluvial,354872.72466241574,0,1,0,354872.72466241574,64.74976,354872.72466241574,1,0.5480680154836338
1997,20061,Geary,Multi-Crop,Alluvial,95200.12822191605,0,1,0,95200.12822191605,44.51546,95200.12822191605,1,0.21385857457592497
1997,20061,Geary,Multi-Crop,Non-alluvial,1017659.5204318139,247572.13961415872,12,0,1265231.6600459726,700.10678,1265231.6600459726,1,0.18071981249002797
1997,20061,Geary,Sorghum,Non-alluvial,0,7770.935576549249,1,0,7770.935576549249,10.11715,7770.935576549249,1,0.07680953209697641
1997,20061,Geary,Soybeans,Non-alluvial,97704.09635213747,100948.15358488739,4,0,198652.24993702487,131.927636,198652.24993702487,1,0.15057667669950886
1997,20085,Jackson,Other Crop,Non-alluvial,0,74.00891025284999,1,0,74.00891025284999,0.404686,74.00891025284999,1,0.01828798383261343
1997,20085,Jackson,Soybeans,Non-alluvial,0,1887.227211447675,1,0,1887.227211447675,29.946763999999998,1887.227211447675,1,0.006301940374751927
1997,20087,Jefferson,Corn,Alluvial,1060572.3535600915,3182.38314087255,26,0,1063754.736700964,822.321952,1063754.736700964,1,0.12935988564013962
1997,20087,Jefferson,Multi-Crop,Alluvial,621859.8683995721,0,10,0,621859.8683995721,394.16416399999997,621859.8683995721,1,0.15776671884346447
1997,20087,Jefferson,Other Crop,Alluvial,27432.6360670564,0,2,0,27432.6360670564,16.996812,27432.6360670564,1,0.16139871445925508
1997,20087,Jefferson,Other Crop,Non-alluvial,86.34372862832501,0,1,0,86.34372862832501,0.809372,86.34372862832501,1,0.010667990569024503
1997,20087,Jefferson,Soybeans,Alluvial,294555.462806343,3268.7268695008747,7,0,297824.18967584387,185.750874,297824.18967584387,1,0.1603352830931196
1997,20087,Jefferson,Soybeans,Non-alluvial,0,69605.38009280543,1,0,69605.38009280543,18.21087,69605.38009280543,1,0.38221886210162076
1997,20091,Johnson,Golf Course/Turf/Sod,Non-alluvial,0,425995.2874154046,8,0,425995.2874154046,198.700826,425995.2874154046,1,0.2143902951945477
1997,20091,Johnson,Multi-Crop,Alluvial,157762.32702232525,0,2,0,157762.32702232525,106.837104,157762.32702232525,1,0.14766623309288246
1997,20091,Johnson,Other Crop,Non-alluvial,0,68593.92498601647,1,0,68593.92498601647,32.37488,68593.92498601647,1,0.2118739126940902
1997,20103,Leavenworth,Corn,Alluvial,28641.44826785295,0,2,0,28641.44826785295,32.37488,28641.44826785295,1,0.08846812179026749
1997,20103,Leavenworth,Corn,Non-alluvial,0,3910.137425025575,3,0,3910.137425025575,12.14058,3910.137425025575,1,0.03220717152743588
1997,20103,Leavenworth,Multi-Crop,Alluvial,75476.75363953151,0,1,0,75476.75363953151,46.943576,75476.75363953151,1,0.1607818578617264
1997,20103,Leavenworth,Other Crop,Alluvial,2540.97258534785,0,1,0,2540.97258534785,8.09372,2540.97258534785,1,0.031394372245986395
1997,20103,Leavenworth,Other Crop,Non-alluvial,431.71864314162497,0,1,0,431.71864314162497,0.809372,431.71864314162497,1,0.05333995284512251
1997,20103,Leavenworth,Soybeans,Alluvial,135164.93975845503,0,2,0,135164.93975845503,63.131016,135164.93975845503,1,0.2141022722625833
1997,20149,Pottawatomie,Alfalfa,Alluvial,111210.7224732826,0,3,0,111210.7224732826,87.412176,111210.7224732826,1,0.1272256653046626
1997,20149,Pottawatomie,Corn,Alluvial,3410478.6022718335,0,46,0,3410478.6022718335,1758.7653559999999,3410478.6022718335,1,0.19391322387816204
1997,20149,Pottawatomie,Corn,Non-alluvial,292211.84731500276,312083.23971789295,8,0,604295.0870328957,242.002228,604295.0870328957,1,0.24970641469999016
1997,20149,Pottawatomie,Golf Course/Turf/Sod,Non-alluvial,26285.49795813722,0,1,0,26285.49795813722,16.18744,26285.49795813722,1,0.1623820564470801
1997,20149,Pottawatomie,Multi-Crop,Alluvial,4342768.844726985,39656.44107715212,51,0,4382425.285804137,2222.535512,4382425.285804137,1,0.19718133915711925
1997,20149,Pottawatomie,Multi-Crop,Non-alluvial,47612.398929333496,1151368.951621963,12,0,1198981.3505512963,620.788324,1198981.3505512963,1,0.19313851504579785
1997,20149,Pottawatomie,Other Crop,Alluvial,25385.05621672755,0,4,0,25385.05621672755,27.518648,25385.05621672755,1,0.09224674197921189
1997,20149,Pottawatomie,Other Crop,Non-alluvial,32477.576782625674,0,5,0,32477.576782625674,10.521836,32477.576782625674,1,0.3086683425081485
1997,20149,Pottawatomie,Soybeans,Alluvial,1685663.944374038,0,25,0,1685663.944374038,921.470022,1685663.944374038,1,0.18293204381357922
1997,20149,Pottawatomie,Soybeans,Non-alluvial,276941.3421661647,177892.75061110043,5,0,454834.0927772651,322.13005599999997,454834.0927772651,1,0.14119579477466243
1997,20149,Pottawatomie,Unknown,Alluvial,73947.23616097262,0,1,0,73947.23616097262,52.60918,73947.23616097262,1,0.14055956804681732
1997,20161,Riley,Alfalfa,Alluvial,59096.11483690072,0,1,0,59096.11483690072,21.043672,59096.11483690072,1,0.2808260594296505
1997,20161,Riley,Alfalfa,Non-alluvial,0,8116.31049106255,1,0,8116.31049106255,12.14058,8116.31049106255,1,0.06685274089922022
1997,20161,Riley,Corn,Alluvial,573013.9876326912,78338.43150264172,8,0,651352.4191353328,312.012906,651352.4191353328,1,0.20875816564310093
1997,20161,Riley,Corn,Non-alluvial,145896.2317451183,16343.634347504374,3,0,162239.86609262266,61.107586,162239.86609262266,1,0.26549873217479525
1997,20161,Riley,Golf Course/Turf/Sod,Alluvial,53656.45993331625,0,3,0,53656.45993331625,24.28116,53656.45993331625,1,0.220979804644079
1997,20161,Riley,Multi-Crop,Alluvial,1192098.5218977812,0,21,0,1192098.5218977812,721.150452,1192098.5218977812,1,0.16530510638822718
1997,20161,Riley,Multi-Crop,Non-alluvial,8177.984582939925,135.683002130225,2,0,8313.66758507015,34.398309999999995,8313.66758507015,1,0.02416882569251266
1997,20161,Riley,Other Crop,Alluvial,93892.6374741157,0,2,1,4859.91843993715,4.451546,93892.6374741157,0.05176037834997372,2.109214135361416
1997,20161,Riley,Other Crop,Non-alluvial,2380.6199464666747,9090.761142725074,2,0,11471.38108919175,3.642174,11471.38108919175,1,0.3149597215616758
1997,20161,Riley,Sorghum,Alluvial,56333.11552079432,0,1,0,56333.11552079432,18.21087,56333.11552079432,1,0.30933785986498347
1997,20161,Riley,Soybeans,Alluvial,534134.6401131939,0,9,0,534134.6401131939,223.791358,534134.6401131939,1,0.23867527543811315
1997,20161,Riley,Soybeans,Non-alluvial,54051.174121331445,0,1,0,54051.174121331445,20.2343,54051.174121331445,1,0.2671264838483735
1997,20161,Riley,Wheat,Alluvial,0,715.4194657775499,1,0,715.4194657775499,30.35145,715.4194657775499,1,0.002357117916203509
1997,20177,Shawnee,Alfalfa,Alluvial,105351.68374493197,0,1,0,105351.68374493197,51.799808,105351.68374493197,1,0.2033823827009783
1997,20177,Shawnee,Corn,Alluvial,4122715.684908511,7265.208023154774,62,0,4129980.8929316658,1972.439564,4129980.8929316658,1,0.20938440742672437
1997,20177,Shawnee,Corn,Non-alluvial,0,85295.26906640963,1,0,85295.26906640963,51.395122,85295.26906640963,1,0.16595985328414947
1997,20177,Shawnee,Golf Course/Turf/Sod,Non-alluvial,0,210876.05494712057,3,0,210876.05494712057,70.82005,210876.05494712057,1,0.2977632110498659
1997,20177,Shawnee,Multi-Crop,Alluvial,3760688.76558832,0,59,0,3760688.76558832,2054.995508,3760688.76558832,1,0.1830022864258407
1997,20177,Shawnee,Multi-Crop,Non-alluvial,132352.60116884674,194409.07241586148,8,0,326761.6735847082,221.76792799999998,326761.6735847082,1,0.14734397193119297
1997,20177,Shawnee,Other Crop,Alluvial,281961.613244983,0,12,0,281961.613244983,128.285462,281961.613244983,1,0.21979233566230835
1997,20177,Shawnee,Soybeans,Alluvial,2890504.333653685,0,55,0,2890504.333653685,1668.925064,2890504.333653685,1,0.17319557336659935
1997,20177,Shawnee,Soybeans,Non-alluvial,0,19303.990757618376,1,0,19303.990757618376,8.09372,19303.990757618376,1,0.23850578915033355
1997,20177,Shawnee,Unknown,Alluvial,59860.87357618017,0,1,0,59860.87357618017,56.65604,59860.87357618017,1,0.10565664945199164
1997,20197,Wabaunsee,Alfalfa,Alluvial,0,12495.171014356176,1,0,12495.171014356176,12.545266,12495.171014356176,1,0.0996006861421366
1997,20197,Wabaunsee,Corn,Alluvial,1611901.7304886975,20438.794048162075,20,0,1632340.5245368595,765.463569,1632340.5245368595,1,0.21324862353271046
1997,20197,Wabaunsee,Corn,Non-alluvial,38496.96814985747,195346.51861239757,4,0,233843.48676225502,132.737008,233843.48676225502,1,0.17617052718429138
1997,20197,Wabaunsee,Multi-Crop,Alluvial,605799.9348747036,122645.09910734792,8,0,728445.0339820515,308.775418,728445.0339820515,1,0.23591419248991236
1997,20197,Wabaunsee,Multi-Crop,Non-alluvial,72282.0356802835,173908.60427582203,2,0,246190.63995610553,128.690148,246190.63995610553,1,0.19130496295342322
1997,20197,Wabaunsee,Other Crop,Alluvial,9695.16724312335,0,1,0,9695.16724312335,4.04686,9695.16724312335,1,0.23957258820723598
1997,20197,Wabaunsee,Other Crop,Non-alluvial,12.334818375474999,12976.2289309997,2,0,12988.563749375175,32.37488,12988.563749375175,1,0.04011926453279572
1997,20197,Wabaunsee,Sorghum,Alluvial,115947.292729465,0,2,0,115947.292729465,56.65604,115947.292729465,1,0.20465124765067413
1997,20197,Wabaunsee,Sorghum,Non-alluvial,0,99122.6004653171,1,0,99122.6004653171,43.706088,99122.6004653171,1,0.2267935772822246
1997,20197,Wabaunsee,Soybeans,Alluvial,364913.26682005235,0,5,0,364913.26682005235,205.985174,364913.26682005235,1,0.1771551125422514
1997,20197,Wabaunsee,Soybeans,Non-alluvial,29085.501729370048,245006.4973920599,5,0,274091.9991214299,203.15237199999999,274091.9991214299,1,0.1349194185738722
1997,20209,Wyandotte,Multi-Crop,Alluvial,82051.2118336597,0,2,0,82051.2118336597,61.512271999999996,82051.2118336597,1,0.13338998734050941
1997,20209,Wyandotte,Other Crop,Alluvial,68248.55007150318,135337.6272157117,10,0,203586.17728721487,67.987248,203586.17728721487,1,0.2994475924179412
1998,20005,Atchison,Alfalfa,Non-alluvial,75896.13746429767,11397.3721789389,6,3,24607.962659072626,60.7029,87293.50964323657,0.2818991097922849,0.1438045128704503
1998,20013,Brown,Golf Course/Turf/Sod,Non-alluvial,0,27790.345799945175,1,0,27790.345799945175,14.16401,27790.345799945175,1,0.1962039408327527
1998,20045,Douglas,Corn,Alluvial,147179.0528561677,0,4,0,147179.0528561677,116.144882,147179.0528561677,1,0.12672022246849213
1998,20045,Douglas,Golf Course/Turf/Sod,Alluvial,20722.494870798,0,1,0,20722.494870798,7.284348,20722.494870798,1,0.2844797485073201
1998,20045,Douglas,Multi-Crop,Alluvial,593551.460227857,0,10,0,593551.460227857,496.145036,593551.460227857,1,0.11963265117256096
1998,20045,Douglas,Other Crop,Alluvial,78437.11004964552,0,4,0,78437.11004964552,54.63261,78437.11004964552,1,0.14357196196492447
1998,20045,Douglas,Other Crop,Non-alluvial,444.0534615171,111.01336537927499,3,0,555.066826896375,3.642174,555.066826896375,1,0.015239986527177863
1998,20045,Douglas,Soybeans,Alluvial,70061.768372698,0,4,0,70061.768372698,74.86691,70061.768372698,1,0.09358175510742729
1998,20045,Douglas,Soybeans,Non-alluvial,0,4045.8204271557997,1,0,4045.8204271557997,18.21087,4045.8204271557997,1,0.022216513692952612
1998,20061,Geary,Corn,Non-alluvial,256477.87848125168,142911.20569825335,9,0,399389.084179505,268.711504,399389.084179505,1,0.14863118185647348
1998,20061,Geary,Golf Course/Turf/Sod,Non-alluvial,327329.07522998005,0,1,0,327329.07522998005,64.74976,327329.07522998005,1,0.5055294030896487
1998,20061,Geary,Multi-Crop,Alluvial,59071.44520014977,0,1,0,59071.44520014977,44.51546,59071.44520014977,1,0.1326987190520996
1998,20061,Geary,Multi-Crop,Non-alluvial,776476.8167361512,205707.76604779658,13,0,982184.5827839478,781.853352,982184.5827839478,1,0.12562260944095152
1998,20061,Geary,Other Crop,Non-alluvial,61.674091877375,4329.521249791725,2,0,4391.195341669099,14.16401,4391.195341669099,1,0.031002486878144674
1998,20061,Geary,Soybeans,Alluvial,94978.10149115749,0,1,0,94978.10149115749,28.32802,94978.10149115749,1,0.3352797035979129
1998,20061,Geary,Soybeans,Non-alluvial,58356.025734372226,91475.01307252259,2,0,149831.03880689482,76.080968,149831.03880689482,1,0.19693629398471224
1998,20087,Jefferson,Corn,Alluvial,589974.3628989692,0,20,0,589974.3628989692,535.399578,589974.3628989692,1,0.11019328126907287
1998,20087,Jefferson,Golf Course/Turf/Sod,Non-alluvial,0,60995.67686672387,1,0,60995.67686672387,18.21087,60995.67686672387,1,0.3349410372306423
1998,20087,Jefferson,Multi-Crop,Alluvial,569893.2785836959,0,10,0,569893.2785836959,437.46556599999997,569893.2785836959,1,0.13027157401085507
1998,20087,Jefferson,Other Crop,Alluvial,11101.3365379275,0,1,0,11101.3365379275,6.07029,11101.3365379275,1,0.18287983832613433
1998,20087,Jefferson,Other Crop,Non-alluvial,74.00891025284999,0,1,0,74.00891025284999,0.809372,74.00891025284999,1,0.009143991916306715
1998,20087,Jefferson,Soybeans,Alluvial,126999.28999389059,0,5,0,126999.28999389059,94.696524,126999.28999389059,1,0.13411188143916516
1998,20087,Jefferson,Unknown,Alluvial,23732.190554413897,0,1,0,23732.190554413897,32.37488,23732.190554413897,1,0.0733043351957255
1998,20091,Johnson,Golf Course/Turf/Sod,Non-alluvial,0,274671.7355850773,7,1,178016.0987948552,150.543192,274671.7355850773,0.6481049038979702,0.18245377418666484
1998,20091,Johnson,Multi-Crop,Alluvial,46206.22963452934,0,2,0,46206.22963452934,106.837104,46206.22963452934,1,0.04324923449303656
1998,20091,Johnson,Other Crop,Non-alluvial,0,1134.8032905437,1,0,1134.8032905437,5.260918,1134.8032905437,1,0.02157044246923636
1998,20103,Leavenworth,Corn,Alluvial,86664.43390608735,0,2,0,86664.43390608735,60.7029,86664.43390608735,1,0.1427681937866022
1998,20103,Leavenworth,Golf Course/Turf/Sod,Alluvial,0,937.4461965360999,1,0,937.4461965360999,0.404686,937.4461965360999,1,0.23164779521310347
1998,20103,Leavenworth,Multi-Crop,Alluvial,53977.165211078594,0,1,0,53977.165211078594,46.943576,53977.165211078594,1,0.11498307076367295
1998,20103,Leavenworth,Other Crop,Alluvial,7499.5695722887995,0,1,0,7499.5695722887995,8.09372,7499.5695722887995,1,0.0926591180852414
1998,20103,Leavenworth,Soybeans,Alluvial,1455.50856830605,0,1,0,1455.50856830605,28.32802,1455.50856830605,1,0.005138052600591393
1998,20103,Leavenworth,Unknown,Alluvial,2195.5976708345497,0,1,0,2195.5976708345497,8.09372,2195.5976708345497,1,0.02712717601837659
1998,20149,Pottawatomie,Alfalfa,Alluvial,2837.0082263592494,0,1,0,2837.0082263592494,2.428116,2837.0082263592494,1,0.11683989670836357
1998,20149,Pottawatomie,Corn,Alluvial,2510542.588415553,0,50,0,2510542.588415553,2018.9784539999998,2510542.588415553,1,0.12434717088940034
1998,20149,Pottawatomie,Corn,Non-alluvial,787109.4301758107,220460.20882486465,13,0,1007569.6390006753,633.33359,1007569.6390006753,1,0.1590898785268401
1998,20149,Pottawatomie,Golf Course/Turf/Sod,Alluvial,505.72755339447497,0,1,0,505.72755339447497,12.14058,505.72755339447497,1,0.004165596317428615
1998,20149,Pottawatomie,Golf Course/Turf/Sod,Non-alluvial,63956.03327683787,0,1,0,63956.03327683787,16.18744,63956.03327683787,1,0.39509665071708605
1998,20149,Pottawatomie,Multi-Crop,Alluvial,2811721.8486895263,29418.541825507873,52,0,2841140.390515034,2149.287346,2841140.390515034,1,0.13218988125541375
1998,20149,Pottawatomie,Multi-Crop,Non-alluvial,0,528287.9362032188,8,0,528287.9362032188,328.605032,528287.9362032188,1,0.16076684309667502
1998,20149,Pottawatomie,Other Crop,Alluvial,103415.11725998239,0,6,0,103415.11725998239,57.060725999999995,103415.11725998239,1,0.18123694616150238
1998,20149,Pottawatomie,Other Crop,Non-alluvial,30837.045938687497,0,6,0,30837.045938687497,45.729518,30837.045938687497,1,0.06743356870432682
1998,20149,Pottawatomie,Sorghum,Alluvial,4625.556890803125,0,1,0,4625.556890803125,25.899904,4625.556890803125,1,0.017859359211536554
1998,20149,Pottawatomie,Sorghum,Non-alluvial,0,27704.00207131685,1,0,27704.00207131685,15.378067999999999,27704.00207131685,1,0.18015268284232355
1998,20149,Pottawatomie,Soybeans,Alluvial,1301014.9681532255,0,30,0,1301014.9681532255,1255.740658,1301014.9681532255,1,0.1036053869773822
1998,20149,Pottawatomie,Soybeans,Non-alluvial,0,104574.59018727705,2,0,104574.59018727705,123.83391599999999,104574.59018727705,1,0.08444745475647969
1998,20149,Pottawatomie,Unknown,Non-alluvial,0,74946.35644938609,1,0,74946.35644938609,66.77319,74946.35644938609,1,0.11224019168379717
1998,20161,Riley,Alfalfa,Alluvial,6007.056548856325,0,1,0,6007.056548856325,21.043672,6007.056548856325,1,0.028545667072060073
1998,20161,Riley,Alfalfa,Non-alluvial,0,5624.677179216599,1,0,5624.677179216599,12.14058,5624.677179216599,1,0.04632955904262069
1998,20161,Riley,Corn,Alluvial,646800.8711547826,6944.502745392425,12,0,653745.373900175,429.776532,653745.373900175,1,0.15211285987578657
1998,20161,Riley,Corn,Non-alluvial,84826.54596814157,1689.870117440075,3,0,86516.41608558164,54.63261,86516.41608558164,1,0.1583603933357415
1998,20161,Riley,Golf Course/Turf/Sod,Alluvial,141665.38904233035,0,4,0,141665.38904233035,24.28116,141665.38904233035,1,0.583437484215459
1998,20161,Riley,Multi-Crop,Alluvial,1008741.4467463455,0,23,0,1008741.4467463455,728.839486,1008741.4467463455,1,0.13840378658440927
1998,20161,Riley,Other Crop,Alluvial,75772.78928054291,0,1,1,0,0,75772.78928054291,0,NA
1998,20161,Riley,Other Crop,Non-alluvial,2565.6422220988,22523.37835361735,3,0,25089.02057571615,12.545266,25089.02057571615,1,0.19998795223406302
1998,20161,Riley,Sorghum,Alluvial,2183.262852459075,0,1,0,2183.262852459075,10.926522,2183.262852459075,1,0.01998131566896653
1998,20161,Riley,Soybeans,Alluvial,293790.7040670635,52188.61654663472,5,0,345979.3206136983,167.13531799999998,345979.3206136983,1,0.20700551191322608
1998,20161,Riley,Soybeans,Non-alluvial,47020.327647310696,0,2,0,47020.327647310696,34.802996,47020.327647310696,1,0.13510425265488837
1998,20177,Shawnee,Corn,Alluvial,3286303.985685927,0,73,1,3236261.6275366247,2459.681508,3286303.985685927,0.9847724500328422,0.13360689077010074
1998,20177,Shawnee,Golf Course/Turf/Sod,Non-alluvial,0,197332.42437084904,3,0,197332.42437084904,70.82005,197332.42437084904,1,0.2786392050991902
1998,20177,Shawnee,Multi-Crop,Alluvial,2183423.205097956,0,55,0,2183423.205097956,1784.66526,2183423.205097956,1,0.12234357075443694
1998,20177,Shawnee,Multi-Crop,Non-alluvial,21536.59288357935,147623.10631768478,7,0,169159.69920126413,167.540004,169159.69920126413,1,0.1009667513206363
1998,20177,Shawnee,Other Crop,Alluvial,83864.43013485453,0,9,0,83864.43013485453,77.699712,83864.43013485453,1,0.10793402958154405
1998,20177,Shawnee,Soybeans,Alluvial,1738518.6411129483,4366.52570491815,38,0,1742885.1668178665,1083.344422,1742885.1668178665,1,0.1608800609874619
1998,20177,Shawnee,Soybeans,Non-alluvial,16874.0315376498,57344.57062758327,2,0,74218.60216523307,69.605992,74218.60216523307,1,0.10662674294654556
1998,20177,Shawnee,Unknown,Alluvial,15295.174785588999,0,1,0,15295.174785588999,24.28116,15295.174785588999,1,0.06299194431233515
1998,20197,Wabaunsee,Alfalfa,Alluvial,0,13087.242296378974,1,0,13087.242296378974,14.16401,13087.242296378974,1,0.0923978611733469
1998,20197,Wabaunsee,Corn,Alluvial,1027194.335036056,0,17,0,1027194.335036056,652.5561749999999,1027194.335036056,1,0.15741086735345905
1998,20197,Wabaunsee,Corn,Non-alluvial,3688.110694267025,118771.96613744876,5,0,122460.07683171579,209.222662,122460.07683171579,1,0.05853098113803551
1998,20197,Wabaunsee,Multi-Crop,Alluvial,553660.6576015708,178250.46034398922,11,0,731911.11794556,401.04382599999997,731911.11794556,1,0.18250152988156462
1998,20197,Wabaunsee,Multi-Crop,Non-alluvial,43800.94005131172,0,1,0,43800.94005131172,40.4686,43800.94005131172,1,0.10823438431601716
1998,20197,Wabaunsee,Other Crop,Alluvial,4773.574711308825,0,1,0,4773.574711308825,4.04686,4773.574711308825,1,0.11795749572035664
1998,20197,Wabaunsee,Other Crop,Non-alluvial,703.0846474020749,2701.3252242290246,2,0,3404.4098716310996,62.726330000000004,3404.4098716310996,1,0.0054274016535497925
1998,20197,Wabaunsee,Soybeans,Alluvial,348495.62356229516,0,9,0,348495.62356229516,297.44421,348495.62356229516,1,0.11716335764689961
1998,20197,Wabaunsee,Soybeans,Non-alluvial,13531.295757896076,12951.55929424875,2,0,26482.855052144827,80.93719999999999,26482.855052144827,1,0.032720251073850876
1998,20209,Wyandotte,Multi-Crop,Alluvial,91351.66488876785,0,2,0,91351.66488876785,61.512271999999996,91351.66488876785,1,0.14850965818457795
1998,20209,Wyandotte,Other Crop,Alluvial,68248.55007150318,77154.28893859612,10,0,145402.8390100993,67.987248,145402.8390100993,1,0.21386781093139598
1999,20005,Atchison,Soybeans,Non-alluvial,102761.37188608223,40803.57918607129,5,0,143564.95107215352,135.165124,143564.95107215352,1,0.1062144929280378
1999,20013,Brown,Golf Course/Turf/Sod,Non-alluvial,0,27420.301248680924,1,0,27420.301248680924,14.16401,27420.301248680924,1,0.1935913717138079
1999,20045,Douglas,Corn,Alluvial,248608.26435769862,0,4,0,248608.26435769862,116.144882,248608.26435769862,1,0.214050124359073
1999,20045,Douglas,Corn,Non-alluvial,0,19340.995212744798,1,0,19340.995212744798,19.424928,19340.995212744798,1,0.09956791197756201
1999,20045,Douglas,Golf Course/Turf/Sod,Alluvial,22227.342712605947,0,1,0,22227.342712605947,7.284348,22227.342712605947,1,0.30513839691082784
1999,20045,Douglas,Multi-Crop,Alluvial,650353.2988469193,0,9,0,650353.2988469193,443.53585599999997,650353.2988469193,1,0.1466292499353016
1999,20045,Douglas,Other Crop,Alluvial,86763.11245309116,0,2,0,86763.11245309116,36.017054,86763.11245309116,1,0.24089452861161592
1999,20045,Douglas,Other Crop,Non-alluvial,197.35709400759998,37.00445512642499,2,0,234.36154913402498,4.856232,234.36154913402498,1,0.004825995733606323
1999,20045,Douglas,Soybeans,Alluvial,186354.43601667628,0,5,0,186354.43601667628,98.338698,186354.43601667628,1,0.1895026472860931
1999,20061,Geary,Corn,Alluvial,81409.801278135,0,1,0,81409.801278135,28.32802,81409.801278135,1,0.2873826030839254
1999,20061,Geary,Corn,Non-alluvial,138421.33180958044,131328.8112436823,4,0,269750.1430532628,172.396236,269750.1430532628,1,0.15647101660227825
1999,20061,Geary,Golf Course/Turf/Sod,Non-alluvial,274326.360670564,0,1,0,274326.360670564,64.74976,274326.360670564,1,0.42367162545554454
1999,20061,Geary,Multi-Crop,Alluvial,59922.547668057545,0,1,0,59922.547668057545,44.920145999999995,59922.547668057545,1,0.13339793612437847
1999,20061,Geary,Multi-Crop,Non-alluvial,838656.6361669207,315845.3593224128,16,0,1154501.9954893335,792.375188,1154501.9954893335,1,0.14570143196979227
1999,20061,Geary,Soybeans,Non-alluvial,134967.58266444746,121140.25126553998,7,0,256107.83392998742,126.26203199999999,256107.83392998742,1,0.20283835914345769
1999,20061,Geary,Unknown,Non-alluvial,137829.26052755764,0,1,0,137829.26052755764,101.1715,137829.26052755764,1,0.13623328756374833
1999,20085,Jackson,Corn,Non-alluvial,0,6944.502745392424,2,0,6944.502745392424,16.187440000000002,6944.502745392424,1,0.042900562074005666
1999,20087,Jefferson,Corn,Alluvial,702011.5182034086,0,14,0,702011.5182034086,372.31112,702011.5182034086,1,0.18855507678723335
1999,20087,Jefferson,Golf Course/Turf/Sod,Non-alluvial,0,75883.8026459222,2,0,75883.8026459222,63.535702,75883.8026459222,1,0.11943490078369198
1999,20087,Jefferson,Multi-Crop,Alluvial,1036716.8148219227,0,12,0,1036716.8148219227,508.285616,1036716.8148219227,1,0.20396343752169502
1999,20087,Jefferson,Other Crop,Non-alluvial,456.388279892575,0,1,0,456.388279892575,0.809372,456.388279892575,1,0.056387950150558086
1999,20087,Jefferson,Soybeans,Alluvial,413907.1654074391,24398.27074668955,12,0,438305.43615412863,359.361168,438305.43615412863,1,0.12196794622899507
1999,20091,Johnson,Golf Course/Turf/Sod,Non-alluvial,0,393517.71063277894,7,0,393517.71063277894,231.480392,393517.71063277894,1,0.17000045111068368
1999,20091,Johnson,Multi-Crop,Alluvial,155184.34998185097,0,2,0,155184.34998185097,106.837104,155184.34998185097,1,0.1452532352260793
1999,20091,Johnson,Other Crop,Non-alluvial,0,135.683002130225,1,0,135.683002130225,0.404686,135.683002130225,1,0.03352797035979129
1999,20103,Leavenworth,Corn,Alluvial,4440.534615171,0,1,0,4440.534615171,14.568696,4440.534615171,1,0.030479973054355725
1999,20103,Leavenworth,Multi-Crop,Alluvial,126912.94626526226,0,2,0,126912.94626526226,64.74976,126912.94626526226,1,0.19600527672266627
1999,20103,Leavenworth,Other Crop,Alluvial,20192.097680652572,0,2,0,20192.097680652572,16.996812,20192.097680652572,1,0.11879932354757217
1999,20103,Leavenworth,Soybeans,Alluvial,103563.1350804881,0,2,0,103563.1350804881,67.177876,103563.1350804881,1,0.154162562508657
1999,20103,Leavenworth,Soybeans,Non-alluvial,0,5513.6638138373255,3,0,5513.6638138373255,14.568696,5513.6638138373255,1,0.03784596654249169
1999,20103,Leavenworth,Unknown,Alluvial,7265.208023154774,2750.6644977309247,2,0,10015.8725208857,4.856232,10015.8725208857,1,0.20624781766780706
1999,20149,Pottawatomie,Corn,Alluvial,2019123.424336629,0,44,0,2019123.424336629,1813.397966,2019123.424336629,1,0.1113447495913111
1999,20149,Pottawatomie,Corn,Non-alluvial,410317.73326017585,179927.99564305382,9,0,590245.7289032297,324.962858,590245.7289032297,1,0.18163482821880825
1999,20149,Pottawatomie,Golf Course/Turf/Sod,Alluvial,8116.31049106255,0,1,0,8116.31049106255,14.16401,8116.31049106255,1,0.05730234934218875
1999,20149,Pottawatomie,Golf Course/Turf/Sod,Non-alluvial,60662.63677058605,0,1,0,60662.63677058605,16.18744,60662.63677058605,1,0.3747512687033036
1999,20149,Pottawatomie,Multi-Crop,Alluvial,2958444.513265801,37078.46403667785,54,0,2995522.977302479,2323.707012,2995522.977302479,1,0.12891138864896104
1999,20149,Pottawatomie,Multi-Crop,Non-alluvial,0,380245.4460607678,5,0,380245.4460607678,259.808412,380245.4460607678,1,0.14635609491380436
1999,20149,Pottawatomie,Other Crop,Alluvial,29430.876643883348,0,4,0,29430.876643883348,20.638986,29430.876643883348,1,0.14259846217194658
1999,20149,Pottawatomie,Other Crop,Non-alluvial,32304.889325369022,0,5,0,32304.889325369022,24.28116,32304.889325369022,1,0.1330450823822627
1999,20149,Pottawatomie,Sorghum,Alluvial,11237.019540057723,0,1,0,11237.019540057723,27.518648,11237.019540057723,1,0.0408341991948795
1999,20149,Pottawatomie,Soybeans,Alluvial,1901202.560667088,0,32,0,1901202.560667088,1339.51066,1901202.560667088,1,0.14193261893616346
1999,20149,Pottawatomie,Soybeans,Non-alluvial,416448.13799278694,196567.6656315696,8,0,613015.8036243565,396.59227999999996,613015.8036243565,1,0.15457078580156844
1999,20149,Pottawatomie,Unknown,Alluvial,220990.6060150101,0,3,0,220990.6060150101,152.161936,220990.6060150101,1,0.1452338290536801
1999,20149,Pottawatomie,Unknown,Non-alluvial,0,104475.91164027325,1,0,104475.91164027325,48.56232,104475.91164027325,1,0.2151378098086608
1999,20161,Riley,Alfalfa,Alluvial,4563.88279892575,0,1,0,4563.88279892575,21.043672,4563.88279892575,1,0.021687673134830034
1999,20161,Riley,Alfalfa,Non-alluvial,0,12260.809465222148,1,0,12260.809465222148,10.11715,12260.809465222148,1,0.12118837286411833
1999,20161,Riley,Corn,Alluvial,57282.8965357059,43603.58295730413,4,0,100886.47949301003,77.699712,100886.47949301003,1,0.12984151021436222
1999,20161,Riley,Corn,Non-alluvial,48179.80057460535,0,1,0,48179.80057460535,28.32802,48179.80057460535,1,0.17007824964330492
1999,20161,Riley,Golf Course/Turf/Sod,Alluvial,128923.52166046468,0,1,0,128923.52166046468,24.28116,128923.52166046468,1,0.5309611306068767
1999,20161,Riley,Golf Course/Turf/Sod,Non-alluvial,0,292853.2578705274,1,0,292853.2578705274,58.67947,292853.2578705274,1,0.4990727725906989
1999,20161,Riley,Multi-Crop,Alluvial,879484.8849897429,0,15,0,879484.8849897429,532.566776,879484.8849897429,1,0.1651407719413843
1999,20161,Riley,Multi-Crop,Non-alluvial,39249.392070761445,0,1,0,39249.392070761445,32.37488,39249.392070761445,1,0.12123409282369987
1999,20161,Riley,Other Crop,Alluvial,145476.84792035213,0,5,0,145476.84792035213,107.64647599999999,145476.84792035213,1,0.13514315872295915
1999,20161,Riley,Other Crop,Non-alluvial,3342.7357797537247,34389.4736308243,3,0,37732.20941057802,12.949952,37732.20941057802,1,0.2913694924164817
1999,20161,Riley,Sorghum,Alluvial,36338.374934149346,0,1,0,36338.374934149346,17.806184,36338.374934149346,1,0.20407727413211807
1999,20161,Riley,Soybeans,Alluvial,436504.55267130927,3071.369775493275,10,0,439575.92244680255,310.798848,439575.92244680255,1,0.14143421871589515
1999,20161,Riley,Soybeans,Non-alluvial,48303.1487583601,0,2,0,48303.1487583601,32.779566,48303.1487583601,1,0.1473574993590827
1999,20161,Riley,Unknown,Alluvial,173020.49735278782,0,2,0,173020.49735278782,97.12464,173020.49735278782,1,0.17814274251393653
1999,20177,Shawnee,Corn,Alluvial,4685442.434016055,0,77,0,4685442.434016055,2644.62301,4685442.434016055,1,0.17716863296958366
1999,20177,Shawnee,Corn,Non-alluvial,0,212861.96070557207,3,0,212861.96070557207,136.78386799999998,212861.96070557207,1,0.1556191997038511
1999,20177,Shawnee,Golf Course/Turf/Sod,Non-alluvial,0,194729.77769362382,3,1,190646.95281134162,70.82005,194729.77769362382,0.9790333818964972,0.2749641912052079
1999,20177,Shawnee,Multi-Crop,Alluvial,2452815.63841833,0,43,0,2452815.63841833,1257.359402,2452815.63841833,1,0.1950767325966462
1999,20177,Shawnee,Multi-Crop,Non-alluvial,37732.20941057802,127554.35682078697,6,0,165286.566231365,151.352564,165286.566231365,1,0.109206320569082
1999,20177,Shawnee,Other Crop,Alluvial,300587.18899195024,0,11,0,300587.18899195024,160.255656,300587.18899195024,1,0.18756728872767542
1999,20177,Shawnee,Soybeans,Alluvial,3022844.600004156,0,49,0,3022844.600004156,1615.506512,3022844.600004156,1,0.18711435562471793
1999,20177,Shawnee,Soybeans,Non-alluvial,35610.62064999632,56579.81188830382,2,0,92190.43253830014,48.56232,92190.43253830014,1,0.18983943217354554
1999,20177,Shawnee,Unknown,Alluvial,59416.820114663074,0,1,0,59416.820114663074,16.18744,59416.820114663074,1,0.3670550755070788
1999,20197,Wabaunsee,Corn,Alluvial,715185.1042284159,40149.83381217112,18,0,755334.938040587,609.457116,755334.938040587,1,0.12393569920030058
1999,20197,Wabaunsee,Corn,Non-alluvial,18378.87937945775,429017.31791739597,5,0,447396.19729685376,222.98198599999998,447396.19729685376,1,0.20064230538194855
1999,20197,Wabaunsee,Multi-Crop,Alluvial,796101.5127715319,163535.02202204755,13,0,959636.5347935795,439.893682,959636.5347935795,1,0.21815192489933952
1999,20197,Wabaunsee,Multi-Crop,Non-alluvial,46785.96609817667,99344.62719607566,2,0,146130.59329425232,128.690148,146130.59329425232,1,0.11355227697325543
1999,20197,Wabaunsee,Other Crop,Non-alluvial,12.334818375474999,0,1,0,12.334818375474999,58.67947,12.334818375474999,1,2.102067107196946e-5
1999,20197,Wabaunsee,Sorghum,Non-alluvial,0,133253.04291025642,1,0,133253.04291025642,43.706088,133253.04291025642,1,0.30488439713537485
1999,20197,Wabaunsee,Soybeans,Alluvial,581586.6864036463,0,10,0,581586.6864036463,358.349453,581586.6864036463,1,0.16229596041929673
1999,20197,Wabaunsee,Soybeans,Non-alluvial,0,270749.2633416762,3,0,270749.2633416762,150.543192,270749.2633416762,1,0.179848228102986
1999,20197,Wabaunsee,Unknown,Alluvial,54359.54458071832,0,1,0,54359.54458071832,32.37488,54359.54458071832,1,0.16790655156318207
1999,20209,Wyandotte,Multi-Crop,Alluvial,120868.88526127952,0,3,0,120868.88526127952,77.699712,120868.88526127952,1,0.15555898747897484
1999,20209,Wyandotte,Other Crop,Alluvial,68421.23752875983,87256.50518811015,9,0,155677.74271686998,67.987248,155677.74271686998,1,0.22898079757084738
2000,20005,Atchison,Corn,Non-alluvial,19168.30775548815,64276.73855460022,6,0,83445.04631008836,116.95425399999999,83445.04631008836,1,0.07134844903554204
2000,20013,Brown,Golf Course/Turf/Sod,Non-alluvial,0,71159.56720811527,1,0,71159.56720811527,14.16401,71159.56720811527,1,0.5023970415730804
2000,20045,Douglas,Corn,Alluvial,419877.21750116895,0,5,0,419877.21750116895,152.566622,419877.21750116895,1,0.2752090935730156
2000,20045,Douglas,Golf Course/Turf/Sod,Alluvial,11890.7649139579,0,1,0,11890.7649139579,1.214058,11890.7649139579,1,0.9794231341466306
2000,20045,Douglas,Multi-Crop,Alluvial,643223.7738258948,0,8,0,643223.7738258948,439.488996,643223.7738258948,1,0.14635719658061583
2000,20045,Douglas,Other Crop,Alluvial,294703.4806268487,0,5,0,294703.4806268487,96.315268,294703.4806268487,1,0.30597794798935585
2000,20045,Douglas,Other Crop,Non-alluvial,888.1069230341999,814.09801278135,3,0,1702.20493581555,5.665604,1702.20493581555,1,0.030044544867864925
2000,20045,Douglas,Soybeans,Alluvial,4995.601442067375,0,1,0,4995.601442067375,12.14058,4995.601442067375,1,0.04114796362338022
2000,20045,Douglas,Soybeans,Non-alluvial,0,22017.650800222877,1,0,22017.650800222877,19.020242,22017.650800222877,1,0.11575904660005314
2000,20045,Douglas,Unknown,Alluvial,23534.833460406302,0,2,0,23534.833460406302,14.973381999999999,23534.833460406302,1,0.15717780699381279
2000,20061,Geary,Corn,Non-alluvial,593243.0897684701,106819.52713161349,6,0,700062.6169000836,244.430344,700062.6169000836,1,0.2864057732946952
2000,20061,Geary,Golf Course/Turf/Sod,Non-alluvial,315759.0155937845,0,1,0,315759.0155937845,64.74976,315759.0155937845,1,0.4876605188865326
2000,20061,Geary,Multi-Crop,Alluvial,118636.28313531855,0,1,0,118636.28313531855,44.920145999999995,118636.28313531855,1,0.26410484760071473
2000,20061,Geary,Multi-Crop,Non-alluvial,1089522.1722873312,272081.42372622754,10,0,1361603.5960135588,530.5433459999999,1361603.5960135588,1,0.2566432330702644
2000,20061,Geary,Soybeans,Alluvial,82643.2831156825,0,1,0,82643.2831156825,28.32802,82643.2831156825,1,0.2917368849488333
2000,20061,Geary,Soybeans,Non-alluvial,103094.41198222004,386227.8329728732,6,0,489322.24495509325,193.035222,489322.24495509325,1,0.2534885809363295
2000,20061,Geary,Unknown,Non-alluvial,320335.2332110857,0,2,0,320335.2332110857,167.13531799999998,320335.2332110857,1,0.19166220344349105
2000,20085,Jackson,Multi-Crop,Non-alluvial,0,31638.80913309337,1,0,31638.80913309337,47.348262,31638.80913309337,1,0.06682147938839524
2000,20087,Jefferson,Corn,Alluvial,954357.2325288762,0,17,0,954357.2325288762,468.62638799999996,954357.2325288762,1,0.20364991322871817
2000,20087,Jefferson,Golf Course/Turf/Sod,Non-alluvial,0,82963.98839344486,1,0,82963.98839344486,18.21087,82963.98839344486,1,0.4555739972524369
2000,20087,Jefferson,Multi-Crop,Alluvial,1014378.4587439375,0,15,0,1014378.4587439375,649.52103,1014378.4587439375,1,0.15617330492654527
2000,20087,Jefferson,Other Crop,Alluvial,45059.09152561017,0,3,0,45059.09152561017,15.782754,45059.09152561017,1,0.2854957476091319
2000,20087,Jefferson,Soybeans,Alluvial,353873.60437400226,74860.01272075778,7,0,428733.61709476006,226.219474,428733.61709476006,1,0.18952109184674354
2000,20087,Jefferson,Unknown,Non-alluvial,0,13987.68403778865,1,1,0,0,13987.68403778865,0,NA
2000,20091,Johnson,Golf Course/Turf/Sod,Non-alluvial,0,462210.3141657992,7,0,462210.3141657992,230.266334,462210.3141657992,1,0.20072856771402772
2000,20091,Johnson,Multi-Crop,Alluvial,160093.60769529,0,2,0,160093.60769529,53.418552,160093.60769529,1,0.29969664414582037
2000,20091,Johnson,Other Crop,Non-alluvial,0,13629.974304899873,2,1,949.781014911575,5.260918,13629.974304899873,0.06968325791855204,0.2590797709620236
2000,20103,Leavenworth,Corn,Alluvial,78770.15014578335,0,1,0,78770.15014578335,42.896716,78770.15014578335,1,0.1836274603067129
2000,20103,Leavenworth,Golf Course/Turf/Sod,Alluvial,10558.6045294066,1776.2138460683998,2,0,12334.818375475,6.07029,12334.818375475,1,0.2031998203623715
2000,20103,Leavenworth,Multi-Crop,Alluvial,26408.846141891972,0,1,0,26408.846141891972,17.806184,26408.846141891972,1,0.14831277797585363
2000,20103,Leavenworth,Multi-Crop,Non-alluvial,0,112518.21322108294,2,0,112518.21322108294,64.74976,112518.21322108294,1,0.17377394637614557
2000,20103,Leavenworth,Other Crop,Alluvial,7832.609668426625,0,2,0,7832.609668426625,12.949952,7832.609668426625,1,0.06048369652973713
2000,20103,Leavenworth,Other Crop,Non-alluvial,49.339273501899996,0,1,0,49.339273501899996,0.404686,49.339273501899996,1,0.012191989221742288
2000,20103,Leavenworth,Soybeans,Alluvial,52817.692283783945,0,2,0,52817.692283783945,71.22473600000001,52817.692283783945,1,0.0741563889879268
2000,20149,Pottawatomie,Alfalfa,Alluvial,72109.34822302684,0,3,0,72109.34822302684,61.107586,72109.34822302684,1,0.11800392216937983
2000,20149,Pottawatomie,Corn,Alluvial,2235340.4556403304,18391.214197833226,42,0,2253731.6698381635,1744.601346,2253731.6698381635,1,0.1291831899021224
2000,20149,Pottawatomie,Corn,Non-alluvial,264779.21124794637,223704.2660576146,9,0,488483.47730556095,342.364356,488483.47730556095,1,0.14267941996437297
2000,20149,Pottawatomie,Golf Course/Turf/Sod,Alluvial,28148.05553283395,0,1,0,28148.05553283395,12.14058,28148.05553283395,1,0.23185099503346587
2000,20149,Pottawatomie,Golf Course/Turf/Sod,Non-alluvial,73934.90134259715,16109.27279837035,2,0,90044.1741409675,76.080968,90044.1741409675,1,0.11835308685999829
2000,20149,Pottawatomie,Multi-Crop,Alluvial,3371081.192380566,9423.8012388629,54,0,3380504.9936194294,2373.078704,3380504.9936194294,1,0.14245229152835673
2000,20149,Pottawatomie,Multi-Crop,Non-alluvial,0,736326.9829239801,7,0,736326.9829239801,373.120492,736326.9829239801,1,0.19734294918435627
2000,20149,Pottawatomie,Other Crop,Alluvial,38953.35642975005,0,5,0,38953.35642975005,14.16401,38953.35642975005,1,0.2750164425875868
2000,20149,Pottawatomie,Other Crop,Non-alluvial,33205.3310667787,0,4,0,33205.3310667787,28.328020000000002,33205.3310667787,1,0.1172172678033223
2000,20149,Pottawatomie,Soybeans,Alluvial,1706953.8408901077,0,35,0,1706953.8408901077,1350.841868,1706953.8408901077,1,0.1263622250187842
2000,20149,Pottawatomie,Soybeans,Non-alluvial,131267.13715180496,107991.33487728363,3,0,239258.4720290886,147.305704,239258.4720290886,1,0.16242308718003792
2000,20149,Pottawatomie,Unknown,Alluvial,169542.07857090386,0,3,0,169542.07857090386,133.54638,169542.07857090386,1,0.12695370594912708
2000,20149,Pottawatomie,Unknown,Non-alluvial,13111.911933129926,0,1,0,13111.911933129926,6.07029,13111.911933129926,1,0.2160014090452009
2000,20161,Riley,Corn,Alluvial,365406.6595550714,0,5,0,365406.6595550714,171.586864,365406.6595550714,1,0.21295724569864008
2000,20161,Riley,Corn,Non-alluvial,97432.73034787702,0,2,0,97432.73034787702,44.920146,97432.73034787702,1,0.21690207851923948
2000,20161,Riley,Golf Course/Turf/Sod,Alluvial,106844.19676836445,0,1,0,106844.19676836445,24.28116,106844.19676836445,1,0.4400292109947154
2000,20161,Riley,Golf Course/Turf/Sod,Non-alluvial,0,127381.66936353031,1,0,127381.66936353031,60.7029,127381.66936353031,1,0.209844454488221
2000,20161,Riley,Multi-Crop,Alluvial,1623274.4330308854,0,21,0,1623274.4330308854,755.548762,1623274.4330308854,1,0.2148470773393823
2000,20161,Riley,Multi-Crop,Non-alluvial,41654.681653979074,4489.8738886729,2,0,46144.55554265197,39.659228,46144.55554265197,1,0.11635263183300486
2000,20161,Riley,Other Crop,Alluvial,76488.20874632047,0,4,1,75365.74027415224,35.612368,76488.20874632047,0.9853249475890985,0.2147799010341589
2000,20161,Riley,Other Crop,Non-alluvial,9658.162787996924,32045.85813948405,3,0,41704.020927480975,13.354638,41704.020927480975,1,0.3122811784750809
2000,20161,Riley,Soybeans,Alluvial,495205.9533201948,118636.28313531855,10,0,613842.2364555134,246.453774,613842.2364555134,1,0.24906992759441912
2000,20161,Riley,Soybeans,Non-alluvial,35770.973288877496,3836.1285147727244,2,0,39607.10180365022,34.39831,39607.10180365022,1,0.1151425805618073
2000,20161,Riley,Unknown,Alluvial,277607.42235844035,0,6,3,240750.98505252105,128.690148,277607.42235844035,0.8672354038922954,0.21571769608846852
2000,20161,Riley,Wheat,Alluvial,629.075737149225,0,1,0,629.075737149225,16.592126,629.075737149225,1,0.0037914112823710776
2000,20177,Shawnee,Corn,Alluvial,4188188.9008455323,19081.964026859823,76,0,4207270.864872392,2558.829578,4207270.864872392,1,0.16442169111398292
2000,20177,Shawnee,Corn,Non-alluvial,29356.8677336305,150423.1100889176,4,0,179779.9778225481,142.44947200000001,179779.9778225481,1,0.12620613842819162
2000,20177,Shawnee,Golf Course/Turf/Sod,Non-alluvial,0,232227.62555506782,3,0,232227.62555506782,70.82005,232227.62555506782,1,0.3279122586824887
2000,20177,Shawnee,Multi-Crop,Alluvial,2634704.8701830846,0,49,0,2634704.8701830846,1486.0069919999999,2634704.8701830846,1,0.17730097397705144
2000,20177,Shawnee,Multi-Crop,Non-alluvial,30528.675479300626,192830.21566380066,5,0,223358.8911431013,98.74338399999999,223358.8911431013,1,0.22620137379847272
2000,20177,Shawnee,Other Crop,Alluvial,281455.8856915885,0,11,0,281455.8856915885,190.607106,281455.8856915885,1,0.14766285035122906
2000,20177,Shawnee,Sorghum,Alluvial,42690.80639751897,0,1,0,42690.80639751897,30.35145,42690.80639751897,1,0.14065491565483354
2000,20177,Shawnee,Soybeans,Alluvial,2659559.5292096664,0,45,0,2659559.5292096664,1473.8664119999999,2659559.5292096664,1,0.18044780093744794
2000,20177,Shawnee,Soybeans,Non-alluvial,0,101182.51513402142,2,0,101182.51513402142,54.63261,101182.51513402142,1,0.18520534738139258
2000,20197,Wabaunsee,Corn,Alluvial,691909.3019538946,19624.696035380723,13,0,711533.9979892754,481.778683,711533.9979892754,1,0.14768897485430574
2000,20197,Wabaunsee,Corn,Non-alluvial,31737.487680097172,414536.2411445883,7,0,446273.72882468544,283.2802,446273.72882468544,1,0.15753791787236998
2000,20197,Wabaunsee,Multi-Crop,Alluvial,587655.4170443799,163535.02202204755,9,0,751190.4390664274,382.42827,751190.4390664274,1,0.19642649301695908
2000,20197,Wabaunsee,Multi-Crop,Non-alluvial,27407.96643030545,145489.18273872763,2,0,172897.14916903307,128.690148,172897.14916903307,1,0.1343515038688378
2000,20197,Wabaunsee,Other Crop,Alluvial,3922.47224340105,0,1,0,3922.47224340105,4.451546,3922.47224340105,1,0.0881148311935011
2000,20197,Wabaunsee,Sorghum,Non-alluvial,21906.6374348436,0,1,0,21906.6374348436,19.424928,21906.6374348436,1,0.11277590030111617
2000,20197,Wabaunsee,Soybeans,Alluvial,923877.8963230774,42703.141215894444,18,0,966581.0375389719,581.9384680000001,966581.0375389719,1,0.16609677666797099
2000,20197,Wabaunsee,Soybeans,Non-alluvial,42814.154581273724,387658.6719044283,4,0,430472.826485702,174.01497999999998,430472.826485702,1,0.2473768789823164
2000,20197,Wabaunsee,Unknown,Non-alluvial,0,124334.96922478799,1,0,124334.96922478799,43.706088,124334.96922478799,1,0.28447974850732005
2000,20209,Wyandotte,Multi-Crop,Alluvial,185478.66391201754,0,2,0,185478.66391201754,61.512271999999996,185478.66391201754,1,0.30153115448575457
2000,20209,Wyandotte,Other Crop,Alluvial,68421.23752875983,82840.6402096901,9,0,151261.87773844993,67.987248,151261.87773844993,1,0.222485660455693
2000,20209,Wyandotte,Soybeans,Alluvial,100417.75639474197,0,2,0,100417.75639474197,48.56232,100417.75639474197,1,0.20678121719625828
2001,20005,Atchison,Soybeans,Non-alluvial,0,6537.4537390017495,1,0,6537.4537390017495,28.32802,6537.4537390017495,1,0.023077693884012186
2001,20013,Brown,Golf Course/Turf/Sod,Non-alluvial,0,29591.22928276452,1,0,29591.22928276452,14.16401,29591.22928276452,1,0.2089184438782839
2001,20045,Douglas,Corn,Alluvial,278742.2256489841,0,5,0,278742.2256489841,160.255656,278742.2256489841,1,0.17393596744503304
2001,20045,Douglas,Corn,Non-alluvial,0,17379.759091044274,1,0,17379.759091044274,18.21087,17379.759091044274,1,0.09543618229686046
2001,20045,Douglas,Multi-Crop,Alluvial,382021.65990683617,0,5,0,382021.65990683617,324.962858,382021.65990683617,1,0.11755856107925916
2001,20045,Douglas,Other Crop,Alluvial,215809.98229731058,0,4,0,215809.98229731058,80.127828,215809.98229731058,1,0.26933212553485236
2001,20045,Douglas,Other Crop,Non-alluvial,505.72755339447497,86.34372862832501,3,1,468.72309826804997,5.260918,592.0712820228,0.7916666666666666,0.011254143896992882
2001,20045,Douglas,Soybeans,Alluvial,172379.08679726312,0,4,0,172379.08679726312,121.001114,172379.08679726312,1,0.14246074362361916
2001,20045,Douglas,Unknown,Alluvial,22202.673075855,0,2,0,22202.673075855,15.378067999999999,22202.673075855,1,0.14437881973115868
2001,20061,Geary,Corn,Alluvial,59207.12820228,0,1,0,59207.12820228,28.32802,59207.12820228,1,0.2090055295155821
2001,20061,Geary,Corn,Non-alluvial,79349.88660943067,122102.36709882703,3,0,201452.2537082577,112.907394,201452.2537082577,1,0.17842255194399198
2001,20061,Geary,Golf Course/Turf/Sod,Non-alluvial,274326.360670564,0,1,0,274326.360670564,64.74976,274326.360670564,1,0.42367162545554454
2001,20061,Geary,Multi-Crop,Alluvial,112086.49457794132,0,1,0,112086.49457794132,47.752947999999996,112086.49457794132,1,0.23472162300417837
2001,20061,Geary,Multi-Crop,Non-alluvial,1106063.1637288432,341304.42444939323,14,0,1447367.5881782365,730.45823,1447367.5881782365,1,0.1981451544708089
2001,20061,Geary,Soybeans,Non-alluvial,163757.0487528061,205683.0964110456,7,4,258266.42714569555,84.98406,369440.1451638517,0.6990751560882776,0.43471698711952766
2001,20061,Geary,Unknown,Non-alluvial,247226.7646996454,0,2,0,247226.7646996454,195.46333800000002,247226.7646996454,1,0.12648242234543514
2001,20085,Jackson,Multi-Crop,Non-alluvial,0,48525.17548911865,2,0,48525.17548911865,64.74976,48525.17548911865,1,0.07494263374739714
2001,20087,Jefferson,Alfalfa,Alluvial,26482.855052144823,0,1,0,26482.855052144823,18.21087,26482.855052144823,1,0.14542333810600383
2001,20087,Jefferson,Corn,Alluvial,676589.4575315546,0,15,0,676589.4575315546,358.14711,676589.4575315546,1,0.18891383977147116
2001,20087,Jefferson,Golf Course/Turf/Sod,Non-alluvial,0,73614.19606483479,1,0,73614.19606483479,16.18744,73614.19606483479,1,0.45476119797098735
2001,20087,Jefferson,Multi-Crop,Alluvial,1107679.0249360304,0,15,1,1089275.4759198218,666.113156,1107679.0249360304,0.9833854856850147,0.16628991860596587
2001,20087,Jefferson,Other Crop,Alluvial,21585.93215708125,0,3,3,0,0,21585.93215708125,0,NA
2001,20087,Jefferson,Soybeans,Alluvial,412772.3621168954,54618.575766603295,12,0,467390.9378834987,363.408028,467390.9378834987,1,0.1286132671465086
2001,20091,Johnson,Corn,Alluvial,159563.21050514458,0,2,0,159563.21050514458,106.837104,159563.21050514458,1,0.14935186796634303
2001,20091,Johnson,Golf Course/Turf/Sod,Non-alluvial,0,2524838.6429127287,9,1,2480396.2923058923,186.15556,2524838.6429127287,0.9823979442284018,1.3563057922700394
2001,20091,Johnson,Other Crop,Non-alluvial,0,200514.8075117216,3,1,173106.84108141615,86.19811800000001,200514.8075117216,0.8633120078740157,0.23262086477540214
2001,20103,Leavenworth,Corn,Non-alluvial,0,13050.237841252549,1,0,13050.237841252549,32.37488,13050.237841252549,1,0.04030976436438544
2001,20103,Leavenworth,Golf Course/Turf/Sod,Alluvial,6488.11446549985,40926.927369826044,2,0,47415.041835325894,16.18744,47415.041835325894,1,0.2929125410523585
2001,20103,Leavenworth,Multi-Crop,Alluvial,12260.809465222148,0,1,0,12260.809465222148,17.806184,12260.809465222148,1,0.06885703003643087
2001,20103,Leavenworth,Other Crop,Alluvial,7857.279305177574,0,1,0,7857.279305177574,8.903092,7857.279305177574,1,0.08825337652556633
2001,20103,Leavenworth,Other Crop,Non-alluvial,2997.3608652404246,0,3,0,2997.3608652404246,2.428116,2997.3608652404246,1,0.12344389087014065
2001,20103,Leavenworth,Soybeans,Alluvial,86775.44727146662,0,2,0,86775.44727146662,67.177876,86775.44727146662,1,0.12917265688999546
2001,20149,Pottawatomie,Alfalfa,Alluvial,201896.30716977478,0,4,0,201896.30716977478,127.47609,201896.30716977478,1,0.15837974569958554
2001,20149,Pottawatomie,Corn,Alluvial,2806726.247247459,2664.3207691026,50,0,2809390.568016561,1955.847438,2809390.568016561,1,0.14364057816745526
2001,20149,Pottawatomie,Corn,Non-alluvial,81779.84582939924,233004.71911272273,6,0,314784.564942122,185.75087399999998,314784.564942122,1,0.1694659939754157
2001,20149,Pottawatomie,Golf Course/Turf/Sod,Alluvial,21191.21796906605,0,1,0,21191.21796906605,12.14058,21191.21796906605,1,0.1745486456912771
2001,20149,Pottawatomie,Golf Course/Turf/Sod,Non-alluvial,58565.71764675529,38607.98151523675,2,0,97173.69916199204,77.69971199999999,97173.69916199204,1,0.12506313943865333
2001,20149,Pottawatomie,Multi-Crop,Alluvial,3135042.1079474767,61094.35541372767,49,0,3196136.4633612046,1978.509854,3196136.4633612046,1,0.16154261030843492
2001,20149,Pottawatomie,Multi-Crop,Non-alluvial,327649.7805077424,482686.11266908766,9,0,810335.89317683,409.542232,810335.89317683,1,0.19786381717449594
2001,20149,Pottawatomie,Other Crop,Alluvial,13605.304668148925,0,3,0,13605.304668148925,12.545266,13605.304668148925,1,0.10844971057727214
2001,20149,Pottawatomie,Other Crop,Non-alluvial,33649.3845282958,0,5,0,33649.3845282958,40.4686,33649.3845282958,1,0.08314936649228241
2001,20149,Pottawatomie,Soybeans,Alluvial,1903632.5198870567,0,30,0,1903632.5198870567,1350.437182,1903632.5198870567,1,0.14096416666103442
2001,20149,Pottawatomie,Soybeans,Non-alluvial,152927.07821913905,356550.25996148033,8,0,509477.3381806194,326.176916,509477.3381806194,1,0.1561966261832641
2001,20149,Pottawatomie,Unknown,Alluvial,462197.9793474237,0,7,1,457905.4625527584,228.242904,462197.9793474237,0.990712817912519,0.2025026720425112
2001,20149,Pottawatomie,Unknown,Non-alluvial,0,149263.637161623,1,0,149263.637161623,117.35894,149263.637161623,1,0.12718557032095124
2001,20161,Riley,Alfalfa,Non-alluvial,0,7154.1946577755,1,0,7154.1946577755,6.07029,7154.1946577755,1,0.11785589581017546
2001,20161,Riley,Corn,Alluvial,733489.9746976208,34574.495906456425,12,0,768064.4706040773,459.31861,768064.4706040773,1,0.1672182345505394
2001,20161,Riley,Corn,Non-alluvial,34278.46026544502,0,1,0,34278.46026544502,16.592126,34278.46026544502,1,0.20659474419037693
2001,20161,Riley,Golf Course/Turf/Sod,Non-alluvial,0,278631.2122836047,1,0,278631.2122836047,60.7029,278631.2122836047,1,0.45900807421656087
2001,20161,Riley,Multi-Crop,Alluvial,1241277.4427608002,0,21,0,1241277.4427608002,633.33359,1241277.4427608002,1,0.19599109574478757
2001,20161,Riley,Multi-Crop,Non-alluvial,133129.69472650165,0,2,0,133129.69472650165,87.00748999999999,133129.69472650165,1,0.15300946473286572
2001,20161,Riley,Other Crop,Alluvial,83815.09086135261,0,2,0,83815.09086135261,35.207682,83815.09086135261,1,0.23805909989005414
2001,20161,Riley,Other Crop,Non-alluvial,12951.55929424875,11249.3543584332,3,0,24200.91365268195,12.545266,24200.91365268195,1,0.1929087326859546
2001,20161,Riley,Soybeans,Alluvial,627595.5589441679,9337.457510234575,9,0,636933.0164544026,284.494258,636933.0164544026,1,0.22388255598972495
2001,20161,Riley,Soybeans,Non-alluvial,22140.998983977624,5464.324540335424,2,0,27605.323524313048,36.826426,27605.323524313048,1,0.07496063702818474
2001,20161,Riley,Unknown,Alluvial,71541.94657775499,0,1,0,71541.94657775499,56.65604,71541.94657775499,1,0.12627417408233083
2001,20177,Shawnee,Alfalfa,Alluvial,81027.42190849528,0,3,0,81027.42190849528,47.348262,81027.42190849528,1,0.17113072050774594
2001,20177,Shawnee,Corn,Alluvial,4929560.824485081,0,76,0,4929560.824485081,2643.004266,4929560.824485081,1,0.18651354021254088
2001,20177,Shawnee,Corn,Non-alluvial,0,96347.26633083522,2,0,96347.26633083522,83.365316000000007,96347.26633083522,1,0.11557236384833618
2001,20177,Shawnee,Golf Course/Turf/Sod,Alluvial,10126.885886264976,0,1,0,10126.885886264976,16.996812,10126.885886264976,1,0.05958109018482393
2001,20177,Shawnee,Golf Course/Turf/Sod,Non-alluvial,0,115392.22590256862,3,0,115392.22590256862,70.82005,115392.22590256862,1,0.16293722738485586
2001,20177,Shawnee,Multi-Crop,Alluvial,2446697.5685040946,0,45,0,2446697.5685040946,1451.203996,2446697.5685040946,1,0.16859776952434016
2001,20177,Shawnee,Multi-Crop,Non-alluvial,35746.303652126546,118981.65804983184,4,0,154727.96170195838,146.496332,154727.96170195838,1,0.105619000550784
2001,20177,Shawnee,Other Crop,Alluvial,387387.30590016785,0,9,0,387387.30590016785,154.59005199999999,387387.30590016785,1,0.2505900611898157
2001,20177,Shawnee,Other Crop,Non-alluvial,0,999.120288413475,1,0,999.120288413475,2.832802,999.120288413475,1,0.03526968310575448
2001,20177,Shawnee,Sorghum,Alluvial,46058.21181402365,0,1,0,46058.21181402365,57.870098,46058.21181402365,1,0.07958896460487012
2001,20177,Shawnee,Soybeans,Alluvial,1995711.9390599774,11804.421185329575,45,0,2007516.3602453072,1317.657616,2007516.3602453072,1,0.15235493165056826
2001,20177,Shawnee,Soybeans,Non-alluvial,33192.99624840322,35672.2947418737,2,0,68865.29099027693,69.605992,68865.29099027693,1,0.0989358660246907
2001,20177,Shawnee,Unknown,Alluvial,185034.61045050048,0,5,2,68840.62135352596,79.723142,185034.61045050048,0.3720418638757415,0.2320964851717717
2001,20197,Wabaunsee,Corn,Alluvial,716887.3091642315,43603.58295730413,17,0,760490.8921215356,523.663684,760490.8921215356,1,0.14522505863162655
2001,20197,Wabaunsee,Corn,Non-alluvial,67767.49215485965,431151.2414963531,6,0,498918.73365121277,266.283388,498918.73365121277,1,0.18736382220403955
2001,20197,Wabaunsee,Golf Course/Turf/Sod,Non-alluvial,0,123.34818375475,1,0,123.34818375475,6.07029,123.34818375475,1,0.002031998203623715
2001,20197,Wabaunsee,Multi-Crop,Alluvial,613817.5668187623,122645.09910734792,8,0,736462.6659261103,388.49856,736462.6659261103,1,0.18956638241493362
2001,20197,Wabaunsee,Multi-Crop,Non-alluvial,66139.29612929694,147499.75813393004,2,0,213639.05426322698,140.830728,213639.05426322698,1,0.15169917623604628
2001,20197,Wabaunsee,Other Crop,Non-alluvial,0,103945.51445012783,2,0,103945.51445012783,43.706088,103945.51445012783,1,0.23782845641579228
2001,20197,Wabaunsee,Sorghum,Alluvial,65053.83211225515,0,1,0,65053.83211225515,54.63261,65053.83211225515,1,0.1190750947323497
2001,20197,Wabaunsee,Soybeans,Alluvial,881335.1077460642,0,15,0,881335.1077460642,549.765931,881335.1077460642,1,0.16031097200638722
2001,20197,Wabaunsee,Soybeans,Non-alluvial,42222.08329925092,279790.6852108994,5,1,270884.94634380646,163.89783,322012.7685101503,0.8412242396383973,0.19647164853259516
2001,20209,Wyandotte,Corn,Alluvial,185071.61490562686,0,2,0,185071.61490562686,61.512271999999996,185071.61490562686,1,0.30086941822865343
2001,20209,Wyandotte,Other Crop,Alluvial,63474.975360194345,55333.99523238084,9,0,118808.97059257519,80.9372,118808.97059257519,1,0.14679155022977716
2001,20209,Wyandotte,Soybeans,Alluvial,196123.61217005248,0,4,0,196123.61217005248,86.60280399999999,196123.61217005248,1,0.22646335119825045
2002,20005,Atchison,Corn,Non-alluvial,0,31194.755671576273,1,0,31194.755671576273,28.32802,31194.755671576273,1,0.1101197883635223
2002,20005,Atchison,Soybeans,Non-alluvial,122003.68855182323,0,4,0,122003.68855182323,88.626234,122003.68855182323,1,0.13766091939754907
2002,20013,Brown,Golf Course/Turf/Sod,Non-alluvial,0,52348.969185515896,1,0,52348.969185515896,14.16401,52348.969185515896,1,0.3695914446933876
2002,20045,Douglas,Corn,Alluvial,742654.7447505988,0,8,0,742654.7447505988,263.0459,742654.7447505988,1,0.28232895656256146
2002,20045,Douglas,Multi-Crop,Alluvial,748156.0737460606,0,6,0,748156.0737460606,343.578414,748156.0737460606,1,0.21775409724839714
2002,20045,Douglas,Other Crop,Alluvial,313403.0652840688,0,5,0,313403.0652840688,85.388746,313403.0652840688,1,0.3670308793199385
2002,20045,Douglas,Other Crop,Non-alluvial,764.75873927945,111.01336537927499,3,1,826.4328311568249,4.046860000000001,875.7721046587249,0.943661971830986,0.021640780868592557
2002,20045,Douglas,Soybeans,Alluvial,195506.87125127873,0,3,0,195506.87125127873,95.505896,195506.87125127873,1,0.2047065986913297
2002,20045,Douglas,Unknown,Alluvial,54951.61586274112,0,3,1,54926.94622599017,15.378067999999999,54951.61586274112,0.9995510662177329,0.35733757883461775
2002,20061,Geary,Corn,Non-alluvial,645764.7464112426,493.392735019,6,0,646258.1391462616,235.122566,646258.1391462616,1,0.27486010813026834
2002,20061,Geary,Golf Course/Turf/Sod,Non-alluvial,246153.6355009791,0,1,0,246153.6355009791,64.74976,246153.6355009791,1,0.38016146392045175
2002,20061,Geary,Multi-Crop,Alluvial,91869.7272605378,0,1,0,91869.7272605378,42.49203,91869.7272605378,1,0.21620460886556325
2002,20061,Geary,Multi-Crop,Non-alluvial,1190235.9643230846,287746.6430630808,14,1,1387987.7725186998,694.03649,1477982.6073861653,0.93910967935771394,0.21295459657836802
2002,20061,Geary,Soybeans,Alluvial,104845.9561915375,0,1,0,104845.9561915375,31.160822,104845.9561915375,1,0.33646723501561515
2002,20061,Geary,Soybeans,Non-alluvial,0,166285.68651977848,2,0,166285.68651977848,62.321644,166285.68651977848,1,0.2668185173673828
2002,20061,Geary,Unknown,Non-alluvial,156713.86746040988,30886.385212189398,2,0,187600.25267259928,202.34300000000002,187600.25267259928,1,0.09271398203673922
2002,20085,Jackson,Multi-Crop,Non-alluvial,0,34611.50036158285,1,0,34611.50036158285,48.56232,34611.50036158285,1,0.0712723369921018
2002,20087,Jefferson,Alfalfa,Alluvial,53582.4510230634,0,1,0,53582.4510230634,18.21087,53582.4510230634,1,0.2942333398847139
2002,20087,Jefferson,Corn,Alluvial,1438893.567954285,16355.96916587985,24,0,1455249.5371201648,673.397504,1455249.5371201648,1,0.2161055733761919
2002,20087,Jefferson,Golf Course/Turf/Sod,Non-alluvial,0,89390.42876706732,1,0,89390.42876706732,12.545266,89390.42876706732,1,0.7125431120158577
2002,20087,Jefferson,Multi-Crop,Alluvial,1100648.1784620096,0,13,0,1100648.1784620096,496.954408,1100648.1784620096,1,0.22147870322583185
2002,20087,Jefferson,Other Crop,Non-alluvial,2972.691228489475,0,1,0,2972.691228489475,0.404686,2972.691228489475,1,0.7345673506099729
2002,20087,Jefferson,Sorghum,Alluvial,3404.4098716310996,0,1,0,3404.4098716310996,13.759324,3404.4098716310996,1,0.024742566361771114
2002,20087,Jefferson,Soybeans,Alluvial,402633.14141225495,0,9,0,402633.14141225495,255.761552,402633.14141225495,1,0.15742520260131004
2002,20087,Jefferson,Unknown,Alluvial,19797.383492637375,0,1,0,19797.383492637375,16.996812,19797.383492637375,1,0.11647703988628794
2002,20087,Jefferson,Unknown,Non-alluvial,0,27148.935244420474,1,0,27148.935244420474,3.642174,27148.935244420474,1,0.7454046743626328
2002,20091,Johnson,Corn,Alluvial,161191.4065307073,0,2,0,161191.4065307073,53.418552,161191.4065307073,1,0.3017517332381216
2002,20091,Johnson,Golf Course/Turf/Sod,Non-alluvial,0,1562365.09989279,11,0,1562365.09989279,323.344114,1562365.09989279,1,0.4831895903609335
2002,20091,Johnson,Other Crop,Non-alluvial,0,715.4194657775499,1,0,715.4194657775499,0.404686,715.4194657775499,1,0.17678384371526318
2002,20091,Johnson,Unknown,Non-alluvial,0,3700.4455126425,1,0,3700.4455126425,28.32802,3700.4455126425,1,0.013062845594723881
2002,20103,Leavenworth,Corn,Alluvial,97938.4579012715,0,1,0,97938.4579012715,42.896716,97938.4579012715,1,0.2283122509920608
2002,20103,Leavenworth,Golf Course/Turf/Sod,Alluvial,5217.6281728259255,45515.47980550274,2,0,50733.10797832867,6.07029,50733.10797832867,1,0.8357608611504338
2002,20103,Leavenworth,Golf Course/Turf/Sod,Non-alluvial,0,274227.68212356017,1,0,274227.68212356017,80.9372,274227.68212356017,1,0.33881538047221815
2002,20103,Leavenworth,Multi-Crop,Non-alluvial,0,136065.3814998647,2,0,136065.3814998647,68.79661999999999,136065.3814998647,1,0.19777916633093998
2002,20103,Leavenworth,Other Crop,Non-alluvial,3552.4276921367996,0,1,0,3552.4276921367996,0.809372,3552.4276921367996,1,0.4389116119827223
2002,20103,Leavenworth,Soybeans,Alluvial,25890.783770122023,0,1,1,0,0,25890.783770122023,0,NA
2002,20103,Leavenworth,Soybeans,Non-alluvial,0,9090.761142725074,3,0,9090.761142725074,14.973381999999999,9090.761142725074,1,0.06071281119205451
2002,20103,Leavenworth,Unknown,Non-alluvial,1652.86566231365,0,1,0,1652.86566231365,6.879662,1652.86566231365,1,0.024025390525198042
2002,20149,Pottawatomie,Alfalfa,Alluvial,322259.46487765986,0,7,0,322259.46487765986,158.636912,322259.46487765986,1,0.20314280000461676
2002,20149,Pottawatomie,Corn,Alluvial,5033555.678208712,4341.8560681672,51,0,5037897.534276878,2062.077513,5037897.534276878,1,0.24431174398228733
2002,20149,Pottawatomie,Corn,Non-alluvial,499239.4389289751,436566.2267631866,11,0,935805.6656921618,420.87343999999996,935805.6656921618,1,0.22234847266488517
2002,20149,Pottawatomie,Golf Course/Turf/Sod,Alluvial,28394.751900343446,0,1,0,28394.751900343446,12.14058,28394.751900343446,1,0.23388299323708955
2002,20149,Pottawatomie,Golf Course/Turf/Sod,Non-alluvial,80632.70772048007,3700.4455126425,3,0,84333.15323312258,37.635797999999994,84333.15323312258,1,0.22407696319637646
2002,20149,Pottawatomie,Multi-Crop,Alluvial,5019148.610346156,75341.0706374013,53,0,5094489.680983557,2324.92107,5094489.680983557,1,0.21912527469087617
2002,20149,Pottawatomie,Multi-Crop,Non-alluvial,0,624178.8142541613,6,0,624178.8142541613,314.441022,624178.8142541613,1,0.19850425694588963
2002,20149,Pottawatomie,Other Crop,Alluvial,31527.795767714102,0,3,0,31527.795767714102,12.14058,31527.795767714102,1,0.25968937042311074
2002,20149,Pottawatomie,Other Crop,Non-alluvial,41099.6148270827,0,5,0,41099.6148270827,40.4686,41099.6148270827,1,0.10155927021711328
2002,20149,Pottawatomie,Sorghum,Non-alluvial,0,19772.713855886424,1,0,19772.713855886424,16.18744,19772.713855886424,1,0.12214849201533055
2002,20149,Pottawatomie,Soybeans,Alluvial,2692172.7889944226,14456.4071360567,34,0,2706629.196130479,1511.5022099999999,2706629.196130479,1,0.17906882161492038
2002,20149,Pottawatomie,Soybeans,Non-alluvial,198886.61148615892,125321.754694826,4,0,324208.3661809849,141.03307099999998,324208.3661809849,1,0.22988109376203328
2002,20149,Pottawatomie,Unknown,Alluvial,63080.26117217915,0,2,0,63080.26117217915,17.401498,63080.26117217915,1,0.36249902837203524
2002,20149,Pottawatomie,Unknown,Non-alluvial,0,80928.74336149148,1,0,80928.74336149148,80.9372,80928.74336149148,1,0.09998955160481394
2002,20161,Riley,Alfalfa,Non-alluvial,0,10361.247435399,1,0,10361.247435399,6.07029,10361.247435399,1,0.17068784910439205
2002,20161,Riley,Corn,Alluvial,633787.6377686565,15874.911249236324,6,0,649662.5490178928,263.04589999999996,649662.5490178928,1,0.2469768770461326
2002,20161,Riley,Corn,Non-alluvial,0,221878.71293804428,1,0,221878.71293804428,95.50589599999999,221878.71293804428,1,0.2323193878397249
2002,20161,Riley,Golf Course/Turf/Sod,Alluvial,133524.40891451685,0,1,0,133524.40891451685,26.709276,133524.40891451685,1,0.49991773986878885
2002,20161,Riley,Golf Course/Turf/Sod,Non-alluvial,0,3540.092873761325,1,0,3540.092873761325,60.7029,3540.092873761325,1,0.005831834844400061
2002,20161,Riley,Multi-Crop,Alluvial,1507771.1937629376,0,20,1,1317272.2587721017,543.493298,1507771.1937629376,0.8736552762256927,0.27742222384551607
2002,20161,Riley,Multi-Crop,Non-alluvial,160364.97369955046,21684.610704085047,3,0,182049.58440363553,106.432418,182049.58440363553,1,0.171047118748759
2002,20161,Riley,Other Crop,Alluvial,13037.903022877075,0,2,0,13037.903022877075,35.207682,13037.903022877075,1,0.03703141553845287
2002,20161,Riley,Other Crop,Non-alluvial,14234.380405298149,37534.852316570425,3,0,51769.23272186857,13.759324,51769.23272186857,1,0.3762483732621499
2002,20161,Riley,Sorghum,Alluvial,102909.38970658791,0,2,0,102909.38970658791,81.746572,102909.38970658791,1,0.1258883243527177
2002,20161,Riley,Soybeans,Alluvial,1064260.4642543583,38163.92805371965,15,0,1102424.392308078,509.49967399999997,1102424.392308078,1,0.21637391514956655
2002,20161,Riley,Soybeans,Non-alluvial,32181.541141614274,9621.1583328705,2,0,41802.699474484776,24.685845999999998,41802.699474484776,1,0.16933873554296974
2002,20177,Shawnee,Corn,Alluvial,6451924.1083862055,1813.2183011948248,71,2,6275116.821792147,2299.830538,6453737.326687401,0.9723229354010698,0.2806179507599616
2002,20177,Shawnee,Corn,Non-alluvial,57307.56617245685,38237.9369639725,2,0,95545.50313642935,54.63261,95545.50313642935,1,0.17488731205854774
2002,20177,Shawnee,Golf Course/Turf/Sod,Alluvial,80386.01135297057,0,1,0,80386.01135297057,16.996812,80386.01135297057,1,0.4729475818934196
2002,20177,Shawnee,Golf Course/Turf/Sod,Non-alluvial,0,225591.49326906225,3,0,225591.49326906225,70.82005,225591.49326906225,1,0.3185418441092067
2002,20177,Shawnee,Multi-Crop,Alluvial,3956220.3064763495,0,46,1,3880398.1779223047,1488.435108,3956220.3064763495,0.9808347051780905,0.26579729846552036
2002,20177,Shawnee,Multi-Crop,Non-alluvial,34623.83517995832,78498.78414152289,3,0,113122.61932148121,83.365316000000007,113122.61932148121,1,0.13569506450558072
2002,20177,Shawnee,Other Crop,Alluvial,196505.99153969222,0,7,0,196505.99153969222,133.141694,196505.99153969222,1,0.14759162636138023
2002,20177,Shawnee,Other Crop,Non-alluvial,0,641.4105555247,1,0,641.4105555247,2.832802,641.4105555247,1,0.022642265697521397
2002,20177,Shawnee,Soybeans,Alluvial,3016837.5434553,0,48,0,3016837.5434553,1517.167814,3016837.5434553,1,0.19884666123396288
2002,20177,Shawnee,Soybeans,Non-alluvial,0,105943.75502695478,2,0,105943.75502695478,86.60280399999999,105943.75502695478,1,0.12233293858124361
2002,20177,Shawnee,Unknown,Alluvial,484425.32206002966,0,8,0,484425.32206002966,248.477204,484425.32206002966,1,0.1949576517530476
2002,20177,Shawnee,Unknown,Non-alluvial,0,81101.43081874812,1,0,81101.43081874812,51.395122,81101.43081874812,1,0.15779986049794398
2002,20197,Wabaunsee,Alfalfa,Alluvial,0,44294.33278633072,1,0,44294.33278633072,15.378067999999999,44294.33278633072,1,0.28803574536366156
2002,20197,Wabaunsee,Corn,Alluvial,1801882.6031077635,68137.5367061239,19,0,1870020.1398138872,599.137623,1870020.1398138872,1,0.3121186298484025
2002,20197,Wabaunsee,Corn,Non-alluvial,0,634145.3475015452,7,0,634145.3475015452,307.56136,634145.3475015452,1,0.20618498614440556
2002,20197,Wabaunsee,Multi-Crop,Alluvial,1206468.5853052097,163535.02202204755,12,0,1370003.6073272573,571.011946,1370003.6073272573,1,0.23992555968824816
2002,20197,Wabaunsee,Multi-Crop,Non-alluvial,121386.94763304947,0,1,0,121386.94763304947,52.60918,121386.94763304947,1,0.23073339602147278
2002,20197,Wabaunsee,Other Crop,Non-alluvial,0,169776.4401200379,2,0,169776.4401200379,43.706088,169776.4401200379,1,0.38845032325940015
2002,20197,Wabaunsee,Sorghum,Non-alluvial,10681.95271316135,76315.52128906382,2,0,86997.47400222518,37.635798,86997.47400222518,1,0.23115618274448485
2002,20197,Wabaunsee,Soybeans,Alluvial,962041.8243767971,0,12,0,962041.8243767971,454.057692,962041.8243767971,1,0.21187656135485028
2002,20197,Wabaunsee,Soybeans,Non-alluvial,53126.06274317083,461568.9036102745,5,0,514694.9663534453,239.57411199999999,514694.9663534453,1,0.2148374722363347
2002,20209,Wyandotte,Corn,Alluvial,185614.34691414778,0,2,0,185614.34691414778,61.512271999999996,185614.34691414778,1,0.30175173323812166
2002,20209,Wyandotte,Multi-Crop,Alluvial,4773.574711308825,0,1,0,4773.574711308825,16.18744,4773.574711308825,1,0.02948937393008916
2002,20209,Wyandotte,Other Crop,Alluvial,4082.8248822822247,18502.2275632125,2,0,22585.052445494723,17.806184000000002,22585.052445494723,1,0.12683825150573935
2002,20209,Wyandotte,Soybeans,Alluvial,240837.32878114938,0,4,0,240837.32878114938,84.98406,240837.32878114938,1,0.2833911780410931
2002,20209,Wyandotte,Unknown,Alluvial,0,188796.73005502034,7,0,188796.73005502034,90.244978,188796.73005502034,1,0.20920469397756442
2003,20005,Atchison,Soybeans,Non-alluvial,173945.60873094844,0,5,0,173945.60873094844,88.626234,173945.60873094844,1,0.1962687579965865
2003,20013,Brown,Golf Course/Turf/Sod,Non-alluvial,0,51941.92017912522,1,0,51941.92017912522,14.16401,51941.92017912522,1,0.3667176186625484
2003,20045,Douglas,Corn,Alluvial,902131.6115271151,0,11,0,902131.6115271151,363.003342,902131.6115271151,1,0.24851881708767165
2003,20045,Douglas,Multi-Crop,Alluvial,827814.3308148782,0,5,0,827814.3308148782,323.344114,827814.3308148782,1,0.2560165145962354
2003,20045,Douglas,Other Crop,Alluvial,371278.0331017975,0,5,0,371278.0331017975,108.860534,371278.0331017975,1,0.34105843454873874
2003,20045,Douglas,Other Crop,Non-alluvial,986.785470038,123.34818375475,2,0,1110.13365379275,4.046860000000001,1110.13365379275,1,0.027431975748920145
2003,20045,Douglas,Soybeans,Alluvial,129515.59294248749,0,1,0,129515.59294248749,53.823237999999996,129515.59294248749,1,0.2406313662185978
2003,20045,Douglas,Unknown,Alluvial,69543.70600092804,0,2,0,69543.70600092804,15.378067999999999,69543.70600092804,1,0.45222654758015146
2003,20045,Douglas,Wheat,Alluvial,11237.019540057723,0,1,0,11237.019540057723,12.14058,11237.019540057723,1,0.0925575181750602
2003,20061,Geary,Corn,Alluvial,194840.7910590031,0,2,0,194840.7910590031,75.676282,194840.7910590031,1,0.25746612532973423
2003,20061,Geary,Corn,Non-alluvial,399179.39226712193,64955.15356525134,4,1,366011.06565546966,156.61348199999998,464134.54583237326,0.788588285319443,0.2963566992478804
2003,20061,Geary,Golf Course/Turf/Sod,Non-alluvial,186280.42710642345,0,1,0,186280.42710642345,64.74976,186280.42710642345,1,0.2876928456668001
2003,20061,Geary,Multi-Crop,Non-alluvial,1264429.8968515666,245795.9257680903,11,0,1510225.822619657,651.9491459999999,1510225.822619657,1,0.23164779521310352
2003,20061,Geary,Sorghum,Non-alluvial,0,100824.80540113263,1,0,100824.80540113263,29.137392,100824.80540113263,1,0.34603236075875504
2003,20061,Geary,Soybeans,Non-alluvial,476272.00711384066,158884.79549449348,8,1,540487.0715765635,208.817976,635156.8026083341,0.850950614646651,0.3041676845906859
2003,20061,Geary,Unknown,Non-alluvial,151829.27938372176,0,1,0,151829.27938372176,90.649664,151829.27938372176,1,0.16749017335985025
2003,20085,Jackson,Corn,Non-alluvial,0,25853.7793149956,1,0,25853.7793149956,29.946763999999998,25853.7793149956,1,0.08633246421882379
2003,20085,Jackson,Multi-Crop,Non-alluvial,0,45392.13162174799,1,0,45392.13162174799,48.56232,45392.13162174799,1,0.09347191736669086
2003,20085,Jackson,Soybeans,Non-alluvial,0,98.67854700379999,1,0,98.67854700379999,6.07029,98.67854700379999,1,0.0016255985628989716
2003,20087,Jefferson,Corn,Alluvial,1363355.140222876,0,21,0,1363355.140222876,553.205762,1363355.140222876,1,0.2464463015160851
2003,20087,Jefferson,Golf Course/Turf/Sod,Non-alluvial,0,106622.17003760589,2,0,106622.17003760589,16.18744,106622.17003760589,1,0.6586722177046271
2003,20087,Jefferson,Multi-Crop,Alluvial,1376676.7440683893,0,14,0,1376676.7440683893,631.31016,1376676.7440683893,1,0.21806662260407617
2003,20087,Jefferson,Other Crop,Non-alluvial,3071.369775493275,0,1,0,3071.369775493275,0.404686,3071.369775493275,1,0.7589513290534575
2003,20087,Jefferson,Soybeans,Alluvial,833155.3071714588,0,12,0,833155.3071714588,409.946918,833155.3071714588,1,0.20323492398385562
2003,20091,Johnson,Corn,Alluvial,160377.30851792594,0,2,0,160377.30851792594,53.418552,160377.30851792594,1,0.3002277345854038
2003,20091,Johnson,Golf Course/Turf/Sod,Non-alluvial,0,1124405.0386531744,11,1,1114241.148311783,392.950106,1124405.0386531744,0.990960650306614,0.2861444803002991
2003,20091,Johnson,Other Crop,Non-alluvial,0,23510.163823655348,2,1,10829.970533667049,5.260918,23510.163823655348,0.4606505771248688,0.44688329724309234
2003,20091,Johnson,Unknown,Non-alluvial,0,39113.70906863122,2,0,39113.70906863122,38.849856,39113.70906863122,1,0.10067916099516874
2003,20103,Leavenworth,Corn,Alluvial,41383.31564971863,0,2,0,41383.31564971863,32.37488,41383.31564971863,1,0.12782538699670432
2003,20103,Leavenworth,Corn,Non-alluvial,0,83309.36330795815,1,0,83309.36330795815,24.685845999999998,83309.36330795815,1,0.3374782590313419
2003,20103,Leavenworth,Golf Course/Turf/Sod,Alluvial,14678.43386681525,52854.696738910374,2,0,67533.13060572563,8.903092,67533.13060572563,1,0.7585356930572618
2003,20103,Leavenworth,Golf Course/Turf/Sod,Non-alluvial,0,246.6963675095,1,0,246.6963675095,80.9372,246.6963675095,1,3.047997305435572e-4
2003,20103,Leavenworth,Other Crop,Alluvial,2281.941399462875,0,1,0,2281.941399462875,1.214058,2281.941399462875,1,0.1879598338351936
2003,20103,Leavenworth,Other Crop,Non-alluvial,2244.93694433645,0,2,1,2195.5976708345497,0.809372,2244.93694433645,0.978021978021978,0.27736775479463704
2003,20103,Leavenworth,Soybeans,Alluvial,93029.20018783244,0,2,0,93029.20018783244,75.27159599999999,93029.20018783244,1,0.12359137461072628
2003,20103,Leavenworth,Unknown,Non-alluvial,3737.4499677689246,52978.044922665125,2,1,52978.044922665125,48.157634,56715.49489043405,0.93410178338408,0.11777051773439294
2003,20149,Pottawatomie,Alfalfa,Alluvial,124668.00932092582,0,4,0,124668.00932092582,104.81367399999999,124668.00932092582,1,0.11894250488817502
2003,20149,Pottawatomie,Corn,Alluvial,3273364.761210053,0,39,0,3273364.761210053,1852.652508,3273364.761210053,1,0.17668530644981878
2003,20149,Pottawatomie,Corn,Non-alluvial,341588.12527202914,443930.1133333452,11,0,785518.2386053744,575.665835,785518.2386053744,1,0.13645385757613604
2003,20149,Pottawatomie,Golf Course/Turf/Sod,Alluvial,29221.184731500274,0,1,0,29221.184731500274,12.14058,29221.184731500274,1,0.24069018721922902
2003,20149,Pottawatomie,Golf Course/Turf/Sod,Non-alluvial,78437.11004964552,23608.84237065915,4,0,102045.95242030466,77.69971199999999,102045.95242030466,1,0.1313337588951484
2003,20149,Pottawatomie,Multi-Crop,Alluvial,3562875.2833008273,18909.276569603175,50,0,3581784.5598704303,1987.412946,3581784.5598704303,1,0.18022346926336416
2003,20149,Pottawatomie,Multi-Crop,Non-alluvial,0,435838.47247903363,6,0,435838.47247903363,284.494258,435838.47247903363,1,0.15319763412554838
2003,20149,Pottawatomie,Other Crop,Alluvial,29258.189186626696,0,3,0,29258.189186626696,12.545266,29258.189186626696,1,0.2332209551126831
2003,20149,Pottawatomie,Other Crop,Non-alluvial,36881.106942670245,0,5,0,36881.106942670245,40.4686,36881.106942670245,1,0.0911351194325236
2003,20149,Pottawatomie,Soybeans,Alluvial,5067908.147384409,226738.63137798145,47,1,4495535.570307243,2041.8432129999999,5294646.778762391,0.8490718565664284,0.25930721541460444
2003,20149,Pottawatomie,Soybeans,Non-alluvial,281110.51077707525,163683.03984255323,8,0,444793.55061962846,266.283388,444793.55061962846,1,0.1670376638814692
2003,20149,Pottawatomie,Unknown,Alluvial,232141.2818264395,25237.03839622185,3,0,257378.32022266134,118.572998,257378.32022266134,1,0.21706318012020018
2003,20149,Pottawatomie,Wheat,Alluvial,542.7320085209,0,1,0,542.7320085209,21.448358,542.7320085209,1,0.0025304128573427394
2003,20161,Riley,Alfalfa,Alluvial,1640.530843938175,0,1,0,1640.530843938175,4.04686,1640.530843938175,1,0.04053836416229311
2003,20161,Riley,Alfalfa,Non-alluvial,0,9497.81014911575,1,0,9497.81014911575,7.284348,9497.81014911575,1,0.1303865513991884
2003,20161,Riley,Corn,Alluvial,955677.058095052,13309.269027137523,11,0,968986.3271221896,380.809526,968986.3271221896,1,0.2544543297801299
2003,20161,Riley,Corn,Non-alluvial,51991.25945262712,240368.60568288132,2,0,292359.8651355084,84.174688,292359.8651355084,1,0.3473251544876631
2003,20161,Riley,Golf Course/Turf/Sod,Alluvial,126789.59808150753,0,1,0,126789.59808150753,26.709276,126789.59808150753,1,0.4747024894329128
2003,20161,Riley,Golf Course/Turf/Sod,Non-alluvial,0,113727.0254218795,1,0,113727.0254218795,60.7029,113727.0254218795,1,0.1873502343741065
2003,20161,Riley,Multi-Crop,Alluvial,1539138.6368917704,0,20,1,1458283.9024405319,578.296294,1539138.6368917704,0.9474675428754609,0.2661505274823308
2003,20161,Riley,Multi-Crop,Non-alluvial,135152.60494007956,20438.794048162075,3,0,155591.39898824165,105.21835999999999,155591.39898824165,1,0.14787476157986273
2003,20161,Riley,Other Crop,Alluvial,305348.42888488364,0,5,0,305348.42888488364,153.78068,305348.42888488364,1,0.19856098235804634
2003,20161,Riley,Other Crop,Non-alluvial,11594.7292729465,5723.3557262204,3,0,17318.084999166902,13.759324,17318.084999166902,1,0.12586435931857484
2003,20161,Riley,Sorghum,Alluvial,274462.0436726942,0,2,0,274462.0436726942,58.67947,274462.0436726942,1,0.4677309520223924
2003,20161,Riley,Soybeans,Alluvial,528226.2621113413,13432.617210892275,6,0,541658.8793222336,258.189668,541658.8793222336,1,0.20979107472349887
2003,20161,Riley,Soybeans,Non-alluvial,14481.07677280765,0,1,0,14481.07677280765,8.498406,14481.07677280765,1,0.17039756364673153
2003,20161,Riley,Unknown,Alluvial,86874.12581847042,0,3,3,0,0,86874.12581847042,0,NA
2003,20177,Shawnee,Corn,Alluvial,6147759.822065368,0,79,0,6147759.822065368,2670.118228,6147759.822065368,1,0.2302429816626595
2003,20177,Shawnee,Corn,Non-alluvial,62192.15424914495,40100.49453866922,2,0,102292.64878781416,46.538889999999995,102292.64878781416,1,0.21980036220849739
2003,20177,Shawnee,Golf Course/Turf/Sod,Alluvial,79041.5161500438,0,1,0,79041.5161500438,16.996812,79041.5161500438,1,0.4650373031721702
2003,20177,Shawnee,Golf Course/Turf/Sod,Non-alluvial,0,251630.29485968995,3,0,251630.29485968995,70.82005,251630.29485968995,1,0.3553094001764895
2003,20177,Shawnee,Multi-Crop,Alluvial,3557127.257937856,0,46,1,3433569.3822707226,1479.5320159999999,3557127.257937856,0.9652647019047718,0.24042245922834132
2003,20177,Shawnee,Multi-Crop,Non-alluvial,33341.014068908924,78498.78414152289,3,0,111839.79821043182,83.365316000000007,111839.79821043182,1,0.1341562697494385
2003,20177,Shawnee,Other Crop,Alluvial,505567.2007555938,0,8,0,505567.2007555938,157.018168,505567.2007555938,1,0.3219800658708448
2003,20177,Shawnee,Other Crop,Non-alluvial,0,542.7320085209,1,0,542.7320085209,2.832802,542.7320085209,1,0.019158840205595024
2003,20177,Shawnee,Soybeans,Alluvial,3398242.4624433625,7265.208023154774,49,0,3405507.670466517,1513.930326,3405507.670466517,1,0.2249448083561619
2003,20177,Shawnee,Soybeans,Non-alluvial,0,33304.009613782495,1,0,33304.009613782495,36.42174,33304.009613782495,1,0.09143991916306715
2003,20177,Shawnee,Unknown,Alluvial,71850.31703714187,0,3,1,53138.3975615463,53.013866,71850.31703714187,0.7395708154506438,0.13553117789436797
2003,20177,Shawnee,Unknown,Non-alluvial,0,178780.85753413464,3,0,178780.85753413464,140.830728,178780.85753413464,1,0.12694733604880223
2003,20177,Shawnee,Wheat,Alluvial,24768.315297953795,0,1,0,24768.315297953795,16.592126,24768.315297953795,1,0.14927752656864945
2003,20197,Wabaunsee,Alfalfa,Alluvial,0,5451.98972195995,1,0,5451.98972195995,15.378067999999999,5451.98972195995,1,0.03545302128954008
2003,20197,Wabaunsee,Corn,Alluvial,908434.7037169827,73811.5531588424,16,0,982246.2568758251,540.25581,982246.2568758251,1,0.18181132691119511
2003,20197,Wabaunsee,Corn,Non-alluvial,83556.05967546764,703059.9777653241,9,0,786616.0374407916,388.90324599999997,786616.0374407916,1,0.20226522805643843
2003,20197,Wabaunsee,Multi-Crop,Alluvial,941923.7356063974,0,12,0,941923.7356063974,513.95122,941923.7356063974,1,0.18327103798029654
2003,20197,Wabaunsee,Multi-Crop,Non-alluvial,27876.6895285735,0,1,0,27876.6895285735,40.4686,27876.6895285735,1,0.06888473910284394
2003,20197,Wabaunsee,Other Crop,Non-alluvial,0,110902.35201389571,2,0,110902.35201389571,43.706088,110902.35201389571,1,0.25374577567751133
2003,20197,Wabaunsee,Sorghum,Non-alluvial,0,119869.76497286605,1,0,119869.76497286605,43.706088,119869.76497286605,1,0.2742633130946564
2003,20197,Wabaunsee,Soybeans,Alluvial,1670097.4035841885,0,17,0,1670097.4035841885,566.9650859999999,1670097.4035841885,1,0.2945679451563599
2003,20197,Wabaunsee,Soybeans,Non-alluvial,0,303806.57658794924,4,0,303806.57658794924,152.161936,303806.57658794924,1,0.19966003625765466
2003,20197,Wabaunsee,Unknown,Alluvial,90636.2454229903,0,1,0,90636.2454229903,36.42174,90636.2454229903,1,0.2488520466704509
2003,20209,Wyandotte,Corn,Alluvial,186379.10565342725,0,2,0,186379.10565342725,61.512271999999996,186379.10565342725,1,0.30299499529691776
2003,20209,Wyandotte,Multi-Crop,Alluvial,3971.81151690295,0,1,0,3971.81151690295,16.18744,3971.81151690295,1,0.02453637830875636
2003,20209,Wyandotte,Other Crop,Alluvial,102206.30505918585,142627.50487561742,3,0,244833.80993480326,108.051162,244833.80993480326,1,0.22659063114453432
2003,20209,Wyandotte,Soybeans,Alluvial,232610.00492470752,0,3,1,172169.39488488002,84.98406,232610.00492470752,0.7401633259094283,0.2737101580281144
2004,20013,Brown,Golf Course/Turf/Sod,Non-alluvial,0,26741.886238029798,1,0,26741.886238029798,8.09372,26741.886238029798,1,0.330402907909216
2004,20045,Douglas,Corn,Alluvial,51078.482892841974,0,5,0,51078.482892841974,156.208796,51078.482892841974,1,0.03269885192178421
2004,20045,Douglas,Golf Course/Turf/Sod,Alluvial,41827.36911123572,0,2,0,41827.36911123572,13.354638,41827.36911123572,1,0.31320481402218253
2004,20045,Douglas,Multi-Crop,Alluvial,268306.9693033322,0,5,0,268306.9693033322,362.19397,268306.9693033322,1,0.07407825406461964
2004,20045,Douglas,Other Crop,Alluvial,137681.24270705195,0,4,0,137681.24270705195,81.341886,137681.24270705195,1,0.1692624175287157
2004,20045,Douglas,Other Crop,Non-alluvial,185.02227563212497,0,1,0,185.02227563212497,2.428116,185.02227563212497,1,0.00761999326358893
2004,20045,Douglas,Soybeans,Alluvial,66497.00586218572,0,4,0,66497.00586218572,160.255656,66497.00586218572,1,0.04149432695354336
2004,20061,Geary,Corn,Non-alluvial,205004.6814003945,0,4,0,205004.6814003945,140.426042,205004.6814003945,1,0.14598765192028593
2004,20061,Geary,Golf Course/Turf/Sod,Non-alluvial,199873.39695619687,0,1,0,199873.39695619687,64.74976,199873.39695619687,1,0.30868592710798753
2004,20061,Geary,Multi-Crop,Alluvial,131402.82015393517,0,2,0,131402.82015393517,100.362128,131402.82015393517,1,0.13092869070485946
2004,20061,Geary,Multi-Crop,Non-alluvial,635230.8115185869,89674.12958970324,12,0,724904.9411082902,779.829922,724904.9411082902,1,0.09295680002238876
2004,20061,Geary,Soybeans,Alluvial,48105.791664352495,0,1,0,48105.791664352495,31.160822,48105.791664352495,1,0.15437908430128222
2004,20061,Geary,Soybeans,Non-alluvial,182518.30750190356,193101.58166806112,10,0,375619.88916996465,276.805224,375619.88916996465,1,0.1356982660016433
2004,20061,Geary,Wheat,Non-alluvial,6549.788557377225,0,1,0,6549.788557377225,7.6890339999999995,6549.788557377225,1,0.08518350364138362
2004,20085,Jackson,Golf Course/Turf/Sod,Non-alluvial,0,18428.218652959647,1,0,18428.218652959647,12.14058,18428.218652959647,1,0.15179026581069147
2004,20085,Jackson,Multi-Crop,Non-alluvial,0,10620.278621283975,1,0,10620.278621283975,48.56232,10620.278621283975,1,0.02186938066650023
2004,20085,Jackson,Soybeans,Non-alluvial,56838.84307418879,0,1,0,56838.84307418879,40.4686,56838.84307418879,1,0.14045171583447116
2004,20087,Jefferson,Corn,Alluvial,230587.09471112964,0,13,0,230587.09471112964,455.67643599999997,230587.09471112964,1,0.05060325188970923
2004,20087,Jefferson,Golf Course/Turf/Sod,Non-alluvial,0,54704.919495231625,1,0,54704.919495231625,18.21087,54704.919495231625,1,0.3003970677690392
2004,20087,Jefferson,Multi-Crop,Alluvial,174179.97028008246,0,7,0,174179.97028008246,383.642328,174179.97028008246,1,0.04540165606545961
2004,20087,Jefferson,Other Crop,Alluvial,50350.72860868894,0,3,0,50350.72860868894,99.14806999999999,50350.72860868894,1,0.05078336735015512
2004,20087,Jefferson,Other Crop,Non-alluvial,1825.5531195703,0,1,0,1825.5531195703,0.404686,1825.5531195703,1,0.4511036012044647
2004,20087,Jefferson,Soybeans,Alluvial,140764.9473009207,0,9,0,140764.9473009207,240.383484,140764.9473009207,1,0.05855849368624705
2004,20091,Johnson,Golf Course/Turf/Sod,Non-alluvial,0,963904.3819514938,11,0,963904.3819514938,398.211024,963904.3819514938,1,0.24205868844843775
2004,20091,Johnson,Other Crop,Non-alluvial,0,15381.518514217325,2,0,15381.518514217325,30.35145,15381.518514217325,1,0.05067803519837545
2004,20091,Johnson,Soybeans,Alluvial,121880.34036806847,0,2,0,121880.34036806847,53.418552,121880.34036806847,1,0.2281610710227946
2004,20103,Leavenworth,Corn,Alluvial,14727.77314031715,0,1,0,14727.77314031715,42.896716,14727.77314031715,1,0.03433310172349126
2004,20103,Leavenworth,Golf Course/Turf/Sod,Non-alluvial,3737.4499677689246,159291.84450088412,2,0,163029.29446865304,87.00749,163029.29446865304,1,0.18737386226019512
2004,20103,Leavenworth,Other Crop,Alluvial,49.339273501899996,0,1,0,49.339273501899996,0.404686,49.339273501899996,1,0.012191989221742288
2004,20103,Leavenworth,Other Crop,Non-alluvial,1171.8077456701249,0,1,0,1171.8077456701249,0.809372,1171.8077456701249,1,0.14477987200818965
2004,20103,Leavenworth,Soybeans,Alluvial,5624.677179216599,0,1,0,5624.677179216599,17.806184,5624.677179216599,1,0.03158833571087775
2004,20103,Leavenworth,Soybeans,Non-alluvial,0,8239.6586748173,3,0,8239.6586748173,11.735893999999998,8239.6586748173,1,0.070209041380378
2004,20103,Leavenworth,Unknown,Alluvial,11076.66690117655,41321.64155784125,2,0,52398.3084590178,21.853043999999997,52398.3084590178,1,0.23977578802759836
2004,20149,Pottawatomie,Alfalfa,Alluvial,68840.62135352597,0,5,0,68840.62135352597,240.78817,68840.62135352597,1,0.02858970245653097
2004,20149,Pottawatomie,Corn,Alluvial,1129301.961548238,17860.8170076878,36,0,1147162.778555926,1545.90052,1147162.778555926,1,0.0742067658115495
2004,20149,Pottawatomie,Corn,Non-alluvial,47452.04629045232,128639.82083782877,8,0,176091.8671282811,261.42715599999997,176091.8671282811,1,0.06735790949287652
2004,20149,Pottawatomie,Golf Course/Turf/Sod,Alluvial,37547.187134945896,0,1,0,37547.187134945896,12.14058,37547.187134945896,1,0.30927012659152936
2004,20149,Pottawatomie,Golf Course/Turf/Sod,Non-alluvial,48870.55040363195,32995.63915439562,4,0,81866.18955802757,77.69971199999999,81866.18955802757,1,0.1053622818550828
2004,20149,Pottawatomie,Multi-Crop,Alluvial,1498791.4459855917,172.68745725665002,39,0,1498964.1334428482,1806.1136179999999,1498964.1334428482,1,0.08299390019010688
2004,20149,Pottawatomie,Multi-Crop,Non-alluvial,0,319496.4655615534,8,0,319496.4655615534,507.88093,319496.4655615534,1,0.06290774996445593
2004,20149,Pottawatomie,Other Crop,Alluvial,61106.690232103145,0,5,0,61106.690232103145,53.418552,61106.690232103145,1,0.11439226250854412
2004,20149,Pottawatomie,Other Crop,Non-alluvial,4021.1507904048503,0,2,0,4021.1507904048503,22.257730000000002,4021.1507904048503,1,0.018066311301309028
2004,20149,Pottawatomie,Soybeans,Alluvial,1036877.1674608039,0,35,0,1036877.1674608039,1551.1614379999999,1036877.1674608039,1,0.06684521301649352
2004,20149,Pottawatomie,Soybeans,Non-alluvial,80805.39517773673,181309.49530110703,4,0,262114.89047884374,313.63165000000004,262114.89047884374,1,0.0835741196651689
2004,20149,Pottawatomie,Unknown,Non-alluvial,33106.6525197749,0,3,0,33106.6525197749,6.07029,33106.6525197749,1,0.545388317852605
2004,20149,Pottawatomie,Wheat,Alluvial,6352.431463369625,0,1,0,6352.431463369625,28.32802,6352.431463369625,1,0.022424551604275995
2004,20161,Riley,Alfalfa,Alluvial,24583.29302232167,0,1,0,24583.29302232167,54.63261,24583.29302232167,1,0.04499747133135626
2004,20161,Riley,Corn,Alluvial,137298.86333741221,0,6,0,137298.86333741221,273.16305,137298.86333741221,1,0.050262604454523484
2004,20161,Riley,Corn,Non-alluvial,0,52163.94690988377,1,0,52163.94690988377,104.81367399999999,52163.94690988377,1,0.04976826488296153
2004,20161,Riley,Golf Course/Turf/Sod,Alluvial,108484.72761230262,0,1,0,108484.72761230262,26.709276,108484.72761230262,1,0.40616873183796753
2004,20161,Riley,Golf Course/Turf/Sod,Non-alluvial,0,91141.97297638477,1,0,91141.97297638477,60.7029,91141.97297638477,1,0.1501443472657563
2004,20161,Riley,Multi-Crop,Alluvial,860205.5638688755,28616.778631102,21,0,888822.3424999776,653.56789,888822.3424999776,1,0.13599541166258605
2004,20161,Riley,Multi-Crop,Non-alluvial,46428.256365287896,0,1,0,46428.256365287896,32.37488,46428.256365287896,1,0.14340827322074368
2004,20161,Riley,Other Crop,Alluvial,192386.16220228357,0,5,0,192386.16220228357,152.161936,192386.16220228357,1,0.12643514354488997
2004,20161,Riley,Other Crop,Non-alluvial,12211.47019172025,4107.494519033175,3,0,16318.964710753424,13.759324,16318.964710753424,1,0.11860295397327242
2004,20161,Riley,Sorghum,Alluvial,14530.416046309549,0,1,0,14530.416046309549,12.14058,14530.416046309549,1,0.11968469419343679
2004,20161,Riley,Soybeans,Alluvial,253369.50425063196,14382.398225803849,11,0,267751.9024764358,293.39735,267751.9024764358,1,0.09125914139184822
2004,20161,Riley,Soybeans,Non-alluvial,33069.64806464847,1726.8745725664999,3,0,34796.52263721497,52.204494,34796.52263721497,1,0.06665426665607557
2004,20177,Shawnee,Corn,Alluvial,627620.228580919,0,29,0,627620.228580919,1059.872634,627620.228580919,1,0.05921657078853486
2004,20177,Shawnee,Golf Course/Turf/Sod,Alluvial,107744.63850977411,0,2,0,107744.63850977411,30.756135999999998,107744.63850977411,1,0.3503191639865753
2004,20177,Shawnee,Golf Course/Turf/Sod,Non-alluvial,0,162918.2811032738,2,0,162918.2811032738,70.82005,162918.2811032738,1,0.23004541948681737
2004,20177,Shawnee,Multi-Crop,Alluvial,357055.9875148748,0,24,0,357055.9875148748,834.867218,357055.9875148748,1,0.04276799709182914
2004,20177,Shawnee,Multi-Crop,Non-alluvial,12162.130918218349,0,2,0,12162.130918218349,34.802996,12162.130918218349,1,0.03494564352511016
2004,20177,Shawnee,Other Crop,Alluvial,159476.86677651625,0,9,0,159476.86677651625,131.52294999999998,159476.86677651625,1,0.12125402203685082
2004,20177,Shawnee,Other Crop,Non-alluvial,0,592.0712820227999,1,0,592.0712820227999,2.832802,592.0712820227999,1,0.020900552951558207
2004,20177,Shawnee,Soybeans,Alluvial,988586.3535208193,0,47,0,988586.3535208193,1594.46284,988586.3535208193,1,0.06200121625417244
2004,20177,Shawnee,Soybeans,Non-alluvial,10583.27416615755,2985.02604686495,2,0,13568.3002130225,48.56232,13568.3002130225,1,0.027939975299826076
2004,20197,Wabaunsee,Corn,Alluvial,526795.4231797863,0,15,0,526795.4231797863,594.483734,526795.4231797863,1,0.08861393391459661
2004,20197,Wabaunsee,Corn,Non-alluvial,20833.508236177273,180914.78111309183,7,0,201748.2893492691,352.07682,201748.2893492691,1,0.05730234934218875
2004,20197,Wabaunsee,Multi-Crop,Alluvial,265593.3092607277,27259.94860979975,9,0,292853.25787052745,369.478318,292853.25787052745,1,0.07926128370827093
2004,20197,Wabaunsee,Multi-Crop,Non-alluvial,6969.172382143375,77536.66830823585,2,0,84505.84069037922,112.502708,84505.84069037922,1,0.07511449474654354
2004,20197,Wabaunsee,Other Crop,Non-alluvial,0,10077.546612763075,2,0,10077.546612763075,43.706088,10077.546612763075,1,0.023057535171674654
2004,20197,Wabaunsee,Soybeans,Alluvial,442832.31449792796,0,15,0,442832.31449792796,530.948032,442832.31449792796,1,0.08340407870612992
2004,20197,Wabaunsee,Soybeans,Non-alluvial,16466.982531259124,90451.22314735818,3,0,106918.20567861729,89.84029199999999,106918.20567861729,1,0.11900919208790783
2004,20197,Wabaunsee,Unknown,Alluvial,31318.103855331025,0,1,0,31318.103855331025,14.568696,31318.103855331025,1,0.2149684766250255
2004,20209,Wyandotte,Multi-Crop,Alluvial,4773.574711308825,0,1,0,4773.574711308825,16.18744,4773.574711308825,1,0.02948937393008916
2004,20209,Wyandotte,Other Crop,Alluvial,75020.36535963895,57270.56171733043,3,0,132290.92707696938,99.55275599999999,132290.92707696938,1,0.13288524837722163
2004,20209,Wyandotte,Soybeans,Alluvial,323974.00463185087,0,5,0,323974.00463185087,146.496332,323974.00463185087,1,0.22114820228526327
2005,20005,Atchison,Corn,Non-alluvial,30713.697754932746,33711.05862017317,3,0,64424.75637510592,88.626234,64424.75637510592,1,0.07269264806525111
2005,20005,Atchison,Soybeans,Non-alluvial,6414.105555247,0,1,0,6414.105555247,32.37488,6414.105555247,1,0.01981198248533122
2005,20013,Brown,Golf Course/Turf/Sod,Non-alluvial,0,14641.429411688823,1,0,14641.429411688823,8.09372,14641.429411688823,1,0.1808986400776012
2005,20045,Douglas,Corn,Alluvial,580772.5883908649,0,11,0,580772.5883908649,340.340926,580772.5883908649,1,0.17064435806079487
2005,20045,Douglas,Golf Course/Turf/Sod,Alluvial,14641.429411688823,0,1,0,14641.429411688823,7.284348,14641.429411688823,1,0.20099848897511244
2005,20045,Douglas,Multi-Crop,Alluvial,283121.0861722777,0,5,0,283121.0861722777,308.775418,283121.0861722777,1,0.09169158866535083
2005,20045,Douglas,Other Crop,Alluvial,329290.3113516806,0,6,0,329290.3113516806,159.446284,329290.3113516806,1,0.2065211575276854
2005,20045,Douglas,Other Crop,Non-alluvial,407.049006390675,0,1,0,407.049006390675,2.832802,407.049006390675,1,0.01436913015419627
2005,20045,Douglas,Soybeans,Alluvial,38237.9369639725,0,1,0,38237.9369639725,53.823237999999996,38237.9369639725,1,0.07104354621691934
2005,20061,Geary,Corn,Alluvial,242995.92199685748,0,2,0,242995.92199685748,87.816862,242995.92199685748,1,0.27670758947963486
2005,20061,Geary,Corn,Non-alluvial,403545.9179720401,138606.35408521257,6,0,542152.2720572527,333.86595,542152.2720572527,1,0.16238621280704207
2005,20061,Geary,Multi-Crop,Non-alluvial,691539.2574026304,194458.41168936336,10,0,885997.6690919937,590.436874,885997.6690919937,1,0.15005798386026847
2005,20061,Geary,Other Crop,Non-alluvial,115478.56963119695,0,1,0,115478.56963119695,64.74976,115478.56963119695,1,0.17834594233429893
2005,20061,Geary,Soybeans,Alluvial,130095.32940613481,0,2,0,130095.32940613481,108.051162,130095.32940613481,1,0.12040160142482761
2005,20061,Geary,Soybeans,Non-alluvial,211431.12177401697,162375.54909475287,7,0,373806.67086876987,207.603918,373806.67086876987,1,0.18005761859887917
2005,20085,Jackson,Corn,Non-alluvial,55753.379057147,49.339273501899996,2,0,55802.7183306489,42.49203,55802.7183306489,1,0.1313251410456241
2005,20085,Jackson,Golf Course/Turf/Sod,Non-alluvial,0,33982.424624433625,1,0,33982.424624433625,14.16401,33982.424624433625,1,0.2399209307564286
2005,20085,Jackson,Multi-Crop,Non-alluvial,0,26186.819411133423,1,0,26186.819411133423,48.56232,26186.819411133423,1,0.05392415232866433
2005,20085,Jackson,Soybeans,Non-alluvial,0,234.36154913402498,1,0,234.36154913402498,16.18744,234.36154913402498,1,0.0014477987200818968
2005,20087,Jefferson,Alfalfa,Alluvial,60440.610039827494,0,1,0,60440.610039827494,32.37488,60440.610039827494,1,0.1866898349579288
2005,20087,Jefferson,Corn,Alluvial,1042168.8045438827,0,20,0,1042168.8045438827,569.393202,1042168.8045438827,1,0.1830314799831212
2005,20087,Jefferson,Golf Course/Turf/Sod,Non-alluvial,0,81878.52437640305,1,0,81878.52437640305,18.21087,81878.52437640305,1,0.44961346918847395
2005,20087,Jefferson,Multi-Crop,Alluvial,1035310.6455271186,0,16,0,1035310.6455271186,773.3549459999999,1035310.6455271186,1,0.13387263518285156
2005,20087,Jefferson,Other Crop,Alluvial,26112.810500880572,0,2,0,26112.810500880572,54.227924,26112.810500880572,1,0.04815380817617243
2005,20087,Jefferson,Other Crop,Non-alluvial,2306.611036213825,0,1,0,2306.611036213825,0.404686,2306.611036213825,1,0.569975496116452
2005,20087,Jefferson,Soybeans,Alluvial,311762.53444013064,0,8,0,311762.53444013064,286.922374,311762.53444013064,1,0.10865744978121876
2005,20091,Johnson,Golf Course/Turf/Sod,Non-alluvial,0,1282956.79405153,11,0,1282956.79405153,398.61571,1282956.79405153,1,0.32185304338645615
2005,20091,Johnson,Other Crop,Non-alluvial,0,16861.696719274325,3,0,16861.696719274325,41.277972,16861.696719274325,1,0.040849140358141446
2005,20091,Johnson,Soybeans,Alluvial,163806.38802630798,0,2,0,163806.38802630798,53.418552,163806.38802630798,1,0.30664700163776054
2005,20103,Leavenworth,Corn,Alluvial,71517.27694100405,0,2,0,71517.27694100405,60.7029,71517.27694100405,1,0.11781525584610299
2005,20103,Leavenworth,Corn,Non-alluvial,0,63511.979815320774,2,0,63511.979815320774,52.609179999999995,63511.979815320774,1,0.1207241394283674
2005,20103,Leavenworth,Golf Course/Turf/Sod,Alluvial,7733.931121422824,35339.25464573587,2,0,43073.18576715869,21.853043999999997,43073.18576715869,1,0.19710382575150032
2005,20103,Leavenworth,Golf Course/Turf/Sod,Non-alluvial,4144.4989741596,211320.1084086377,2,0,215464.6073827973,77.699712,215464.6073827973,1,0.2773042548507738
2005,20103,Leavenworth,Other Crop,Alluvial,444.05346151709995,0,1,0,444.05346151709995,0.404686,444.05346151709995,1,0.10972790299568058
2005,20103,Leavenworth,Other Crop,Non-alluvial,1430.8389315551,0,2,0,1430.8389315551,1.214058,1430.8389315551,1,0.11785589581017547
2005,20103,Leavenworth,Soybeans,Alluvial,3490.7536002594247,0,1,0,3490.7536002594247,14.568696,3490.7536002594247,1,0.023960645484396303
2005,20149,Pottawatomie,Alfalfa,Alluvial,58911.0925612686,0,1,0,58911.0925612686,52.60918,58911.0925612686,1,0.11197873177507917
2005,20149,Pottawatomie,Corn,Alluvial,2776962.3305074377,9127.7655978515,39,0,2786090.096105289,1791.544922,2786090.096105289,1,0.15551327024471281
2005,20149,Pottawatomie,Corn,Non-alluvial,398957.3655363634,202587.0569988014,10,0,601544.4225351647,484.004456,601544.4225351647,1,0.12428489347113879
2005,20149,Pottawatomie,Golf Course/Turf/Sod,Alluvial,38398.28960285367,0,1,0,38398.28960285367,12.14058,38398.28960285367,1,0.31628052039403115
2005,20149,Pottawatomie,Golf Course/Turf/Sod,Non-alluvial,49215.925318145244,47365.702561824,4,0,96581.62787996924,77.69971199999999,96581.62787996924,1,0.12430114011229443
2005,20149,Pottawatomie,Multi-Crop,Alluvial,3459472.50085922,13161.251206631825,57,0,3472633.752065852,2588.371656,3472633.752065852,1,0.13416287201322422
2005,20149,Pottawatomie,Multi-Crop,Non-alluvial,99122.6004653171,211381.78250051508,6,0,310504.3829658322,246.04908799999998,310504.3829658322,1,0.1261961121212659
2005,20149,Pottawatomie,Other Crop,Alluvial,198146.5223836304,0,4,0,198146.5223836304,135.165124,198146.5223836304,1,0.1465958943548414
2005,20149,Pottawatomie,Other Crop,Non-alluvial,40038.82044679185,0,5,0,40038.82044679185,34.39831,40038.82044679185,1,0.11639763827581019
2005,20149,Pottawatomie,Soybeans,Alluvial,2472304.6514515807,58701.40064888552,50,0,2531006.052100466,1874.910238,2531006.052100466,1,0.13499345199588517
2005,20149,Pottawatomie,Soybeans,Non-alluvial,203080.4497338204,470585.65584274667,8,0,673666.1055765671,468.221702,673666.1055765671,1,0.14387759104266534
2005,20149,Pottawatomie,Unknown,Non-alluvial,0,61674.091877374995,1,1,0,0,61674.091877374995,0,NA
2005,20161,Riley,Alfalfa,Non-alluvial,0,2762.9993161064003,1,0,2762.9993161064003,8.903092,2762.9993161064003,1,0.03103415438261674
2005,20161,Riley,Corn,Alluvial,694672.301270001,87688.22383125177,11,0,782360.5251012527,371.50174799999996,782360.5251012527,1,0.21059403604778
2005,20161,Riley,Corn,Non-alluvial,0,260363.34626952632,1,0,260363.34626952632,94.291838,260363.34626952632,1,0.27612500911216337
2005,20161,Riley,Golf Course/Turf/Sod,Alluvial,152310.3373003653,0,1,0,152310.3373003653,26.709276,152310.3373003653,1,0.5702525867805824
2005,20161,Riley,Golf Course/Turf/Sod,Non-alluvial,0,75624.77146003723,1,0,75624.77146003723,60.7029,75624.77146003723,1,0.12458180986416996
2005,20161,Riley,Multi-Crop,Alluvial,1486727.9936143772,0,26,0,1486727.9936143772,743.812868,1486727.9936143772,1,0.19987930534355547
2005,20161,Riley,Multi-Crop,Non-alluvial,105166.66146929984,0,2,0,105166.66146929984,80.93719999999999,105166.66146929984,1,0.12993612513071845
2005,20161,Riley,Other Crop,Alluvial,245277.86339632038,0,4,0,245277.86339632038,152.566622,245277.86339632038,1,0.16076770933312032
2005,20161,Riley,Other Crop,Non-alluvial,22930.427360008023,2491.63331184595,3,0,25422.060671853975,13.759324,25422.060671853975,1,0.18476242489713868
2005,20161,Riley,Soybeans,Alluvial,386844.5738916469,0,8,0,386844.5738916469,276.400538,386844.5738916469,1,0.13995796704695523
2005,20161,Riley,Soybeans,Non-alluvial,21265.226879318896,0,1,0,21265.226879318896,16.996812,21265.226879318896,1,0.1251130322516887
2005,20177,Shawnee,Corn,Alluvial,3896297.758808292,0,85,0,3896297.758808292,2747.0085679999997,3896297.758808292,1,0.141837845145312
2005,20177,Shawnee,Corn,Non-alluvial,0,141085.65257868305,5,0,141085.65257868305,231.075706,141085.65257868305,1,0.06105603008681624
2005,20177,Shawnee,Golf Course/Turf/Sod,Alluvial,89452.10285894468,0,2,0,89452.10285894468,30.756135999999998,89452.10285894468,1,0.2908431113028785
2005,20177,Shawnee,Golf Course/Turf/Sod,Non-alluvial,0,218795.00834417553,2,0,218795.00834417553,70.82005,218795.00834417553,1,0.30894500687894955
2005,20177,Shawnee,Multi-Crop,Alluvial,1818004.210724509,0,45,0,1818004.210724509,1587.987864,1818004.210724509,1,0.11448476729193122
2005,20177,Shawnee,Multi-Crop,Non-alluvial,36609.7409384098,52324.299548764946,3,0,88934.04048717475,99.55275599999999,88934.04048717475,1,0.0893335795617499
2005,20177,Shawnee,Other Crop,Alluvial,184010.82052533605,0,7,0,184010.82052533605,124.238602,184010.82052533605,1,0.14811082671820153
2005,20177,Shawnee,Other Crop,Non-alluvial,0,407.049006390675,1,0,407.049006390675,2.832802,407.049006390675,1,0.01436913015419627
2005,20177,Shawnee,Soybeans,Alluvial,1759179.4618918689,0,48,0,1759179.4618918689,1528.903708,1759179.4618918689,1,0.11506149489251345
2005,20177,Shawnee,Soybeans,Non-alluvial,3885.4677882746246,26285.497958137224,3,0,30170.96574641185,82.555944,30170.96574641185,1,0.03654608533870299
2005,20197,Wabaunsee,Corn,Alluvial,869395.0035586044,13629.974304899875,14,0,883024.9778635042,511.92779,883024.9778635042,1,0.17249014316325828
2005,20197,Wabaunsee,Corn,Non-alluvial,51510.20153598359,129416.91439548369,6,0,180927.11593146727,159.041598,180927.11593146727,1,0.11376087652959024
2005,20197,Wabaunsee,Golf Course/Turf/Sod,Non-alluvial,0,789.4283760303999,1,0,789.4283760303999,6.07029,789.4283760303999,1,0.013004788503191773
2005,20197,Wabaunsee,Multi-Crop,Alluvial,653585.0212612938,127184.31226952272,13,0,780769.3335308165,553.610448,780769.3335308165,1,0.14103226128615556
2005,20197,Wabaunsee,Multi-Crop,Non-alluvial,56542.807433177404,205966.79723368154,3,0,262509.6046668589,214.888266,262509.6046668589,1,0.12216097675005622
2005,20197,Wabaunsee,Other Crop,Non-alluvial,1332.1603845513,65016.82765712872,3,0,66348.98804168002,59.893527999999996,66348.98804168002,1,0.11077822639147258
2005,20197,Wabaunsee,Soybeans,Alluvial,1450253.9356780974,24854.65902658212,24,0,1475108.5947046797,889.702171,1475108.5947046797,1,0.16579802126892634
2005,20197,Wabaunsee,Soybeans,Non-alluvial,45096.095980736594,280321.08240104484,6,0,325417.17838178144,266.688074,325417.17838178144,1,0.12202164630045717
2005,20209,Wyandotte,Golf Course/Turf/Sod,Non-alluvial,0,204980.01176364356,1,0,204980.01176364356,36.42174,204980.01176364356,1,0.5627957691303149
2005,20209,Wyandotte,Multi-Crop,Alluvial,4366.52570491815,0,1,0,4366.52570491815,16.18744,4366.52570491815,1,0.026974776153104816
2005,20209,Wyandotte,Other Crop,Alluvial,0,71924.32594739473,1,0,71924.32594739473,8.498406,71924.32594739473,1,0.8463272518092773
2005,20209,Wyandotte,Soybeans,Alluvial,306458.5625386764,0,5,0,306458.5625386764,146.496332,306458.5625386764,1,0.209191969761179
2006,20005,Atchison,Corn,Non-alluvial,14049.358129666025,0,2,0,14049.358129666025,29.137392,14049.358129666025,1,0.0482176240401544
2006,20005,Atchison,Soybeans,Non-alluvial,42505.78412188685,81668.83246401996,3,0,124174.6165859068,88.626234,124174.6165859068,1,0.1401104514786297
2006,20013,Brown,Golf Course/Turf/Sod,Non-alluvial,0,4736.570256182399,1,0,4736.570256182399,6.474976,4736.570256182399,1,0.07315193533045372
2006,20045,Douglas,Corn,Alluvial,334125.5601548668,0,5,0,334125.5601548668,140.426042,334125.5601548668,1,0.23793703460991003
2006,20045,Douglas,Golf Course/Turf/Sod,Alluvial,19624.696035380723,0,1,0,19624.696035380723,7.284348,19624.696035380723,1,0.26940909516377753
2006,20045,Douglas,Multi-Crop,Alluvial,432471.067062529,0,5,0,432471.067062529,288.541118,432471.067062529,1,0.1498819544542449
2006,20045,Douglas,Multi-Crop,Non-alluvial,863.4372862832499,0,1,0,863.4372862832499,2.428116,863.4372862832499,1,0.035559968563415006
2006,20045,Douglas,Other Crop,Alluvial,461470.22506327066,0,6,0,461470.22506327066,159.446284,461470.22506327066,1,0.28942049540851683
2006,20045,Douglas,Soybeans,Alluvial,416534.48172141524,0,10,0,416534.48172141524,292.992664,416534.48172141524,1,0.14216549862880362
2006,20061,Geary,Corn,Alluvial,243637.3325523822,0,1,0,243637.3325523822,63.535702,243637.3325523822,1,0.3834652406176014
2006,20061,Geary,Corn,Non-alluvial,1096577.688398103,63339.29235806412,7,0,1159916.980756167,363.003342,1159916.980756167,1,0.3195334165149827
2006,20061,Geary,Golf Course/Turf/Sod,Non-alluvial,176535.9205897982,0,1,0,176535.9205897982,60.7029,176535.9205897982,1,0.29081958290262605
2006,20061,Geary,Multi-Crop,Alluvial,98678.54700379999,0,1,0,98678.54700379999,31.160822,98678.54700379999,1,0.31667504472057895
2006,20061,Geary,Multi-Crop,Non-alluvial,881520.1300216963,274289.3562154376,11,0,1155809.4862371339,566.965086,1155809.4862371339,1,0.20385902320573118
2006,20061,Geary,Soybeans,Alluvial,158206.38048384234,0,2,0,158206.38048384234,97.12464,158206.38048384234,1,0.16289005599798603
2006,20061,Geary,Soybeans,Non-alluvial,123718.22830601425,168098.9048209733,9,0,291817.13312698755,284.494258,291817.13312698755,1,0.10257399751350607
2006,20085,Jackson,Corn,Non-alluvial,55062.6292281204,0,1,0,55062.6292281204,40.4686,55062.6292281204,1,0.13606259971464393
2006,20085,Jackson,Golf Course/Turf/Sod,Non-alluvial,0,16985.044903029073,1,0,16985.044903029073,14.16401,16985.044903029073,1,0.11991692255956521
2006,20085,Jackson,Multi-Crop,Non-alluvial,0,48401.8273053639,1,0,48401.8273053639,48.56232,48401.8273053639,1,0.09966951188774321
2006,20085,Jackson,Other Crop,Non-alluvial,0,12.334818375474999,1,0,12.334818375474999,0.809372,12.334818375474999,1,0.001523998652717786
2006,20087,Jefferson,Alfalfa,Alluvial,28123.385896083,0,1,0,28123.385896083,20.2343,28123.385896083,1,0.1389886771278621
2006,20087,Jefferson,Corn,Alluvial,1573219.740063208,0,20,0,1573219.740063208,675.016248,1573219.740063208,1,0.2330639810114923
2006,20087,Jefferson,Golf Course/Turf/Sod,Non-alluvial,0,80274.9979875913,1,0,80274.9979875913,20.2343,80274.9979875913,1,0.3967273292754941
2006,20087,Jefferson,Multi-Crop,Alluvial,1255080.1045229565,0,18,0,1255080.1045229565,751.097216,1255080.1045229565,1,0.16709955486280972
2006,20087,Jefferson,Other Crop,Alluvial,107756.9733281496,0,6,0,107756.9733281496,146.496332,107756.9733281496,1,0.07355608966929601
2006,20087,Jefferson,Other Crop,Non-alluvial,4415.86497842005,0,1,0,4415.86497842005,0.809372,4415.86497842005,1,0.5455915176729674
2006,20087,Jefferson,Soybeans,Alluvial,393036.6527161354,0,10,0,393036.6527161354,329.414404,393036.6527161354,1,0.11931374218722245
2006,20091,Johnson,Golf Course/Turf/Sod,Non-alluvial,0,1124306.3601061706,11,0,1124306.3601061706,536.20895,1124306.3601061706,1,0.2096769104853939
2006,20091,Johnson,Other Crop,Non-alluvial,0,47600.064110958025,4,0,47600.064110958025,22.25773,47600.064110958025,1,0.21385857457592497
2006,20091,Johnson,Soybeans,Alluvial,161832.817086232,0,2,0,161832.817086232,106.837104,161832.817086232,1,0.15147622972467692
2006,20103,Leavenworth,Corn,Alluvial,3897.8026066501,0,1,0,3897.8026066501,14.568696,3897.8026066501,1,0.026754643014378916
2006,20103,Leavenworth,Corn,Non-alluvial,0,65596.56412077605,1,0,65596.56412077605,28.732706,65596.56412077605,1,0.22829929113107567
2006,20103,Leavenworth,Golf Course/Turf/Sod,Alluvial,17614.1206401783,8733.0514098363,2,0,26347.172050014597,18.21087,26347.172050014597,1,0.14467827209800846
2006,20103,Leavenworth,Golf Course/Turf/Sod,Non-alluvial,5933.047638603474,247251.43433639634,2,0,253184.48197499983,54.63261,253184.48197499983,1,0.4634310569731152
2006,20103,Leavenworth,Multi-Crop,Non-alluvial,0,46896.97946355595,1,0,46896.97946355595,56.65604,46896.97946355595,1,0.08277489825190033
2006,20103,Leavenworth,Other Crop,Alluvial,24.669636750949998,0,1,0,24.669636750949998,0.404686,24.669636750949998,1,0.006095994610871144
2006,20103,Leavenworth,Other Crop,Non-alluvial,3626.43660238965,0,2,0,3626.43660238965,1.214058,3626.43660238965,1,0.29870373593268607
2006,20103,Leavenworth,Soybeans,Alluvial,36091.67856663985,0,2,0,36091.67856663985,60.7029,36091.67856663985,1,0.0594562674380299
2006,20103,Leavenworth,Soybeans,Non-alluvial,0,5600.00754246565,3,0,5600.00754246565,11.331208,5600.00754246565,1,0.04942109916670535
2006,20149,Pottawatomie,Corn,Alluvial,3900923.315699095,128072.41919255692,56,0,4028995.7348916517,2059.4470539999998,4028995.7348916517,1,0.19563482960468728
2006,20149,Pottawatomie,Corn,Non-alluvial,389891.27403038926,394886.8754724566,11,0,784778.149502846,532.16209,784778.149502846,1,0.14746975860359499
2006,20149,Pottawatomie,Golf Course/Turf/Sod,Alluvial,19266.986302491947,0,1,0,19266.986302491947,12.545266,19266.986302491947,1,0.1535797351964633
2006,20149,Pottawatomie,Golf Course/Turf/Sod,Non-alluvial,39372.740254516204,15985.924614615598,4,0,55358.6648691318,77.699712,55358.6648691318,1,0.0712469370145565
2006,20149,Pottawatomie,Multi-Crop,Alluvial,4641185.105684851,12285.4791019731,54,0,4653470.584786825,2673.760402,4653470.584786825,1,0.1740421685243742
2006,20149,Pottawatomie,Multi-Crop,Non-alluvial,0,379024.2990415958,8,0,379024.2990415958,360.979912,379024.2990415958,1,0.10499872331998235
2006,20149,Pottawatomie,Other Crop,Alluvial,14505.7464095586,0,3,0,14505.7464095586,14.973381999999999,14505.7464095586,1,0.09687688732951982
2006,20149,Pottawatomie,Other Crop,Non-alluvial,29319.863278504075,0,5,0,29319.863278504075,28.328020000000002,29319.863278504075,1,0.10350127992886221
2006,20149,Pottawatomie,Soybeans,Alluvial,2664666.1440171134,10891.644625544424,41,0,2675557.7886426575,1751.885694,2675557.7886426575,1,0.15272444987741632
2006,20149,Pottawatomie,Soybeans,Non-alluvial,119808.09088098868,163510.3523852966,5,0,283318.4432662853,235.931938,283318.4432662853,1,0.12008482008327559
2006,20161,Riley,Alfalfa,Non-alluvial,0,1726.8745725664999,1,0,1726.8745725664999,4.856232,1726.8745725664999,1,0.035559968563415006
2006,20161,Riley,Corn,Alluvial,606429.0106118529,0,7,0,606429.0106118529,293.39734999999996,606429.0106118529,1,0.20669205451646136
2006,20161,Riley,Corn,Non-alluvial,84641.52369250945,163584.36129554943,3,0,248225.88498805888,159.041598,248225.88498805888,1,0.15607607576230395
2006,20161,Riley,Golf Course/Turf/Sod,Alluvial,130465.37395739906,0,1,0,130465.37395739906,26.709276,130465.37395739906,1,0.4884646590847279
2006,20161,Riley,Golf Course/Turf/Sod,Non-alluvial,0,33057.313246273,1,0,33057.313246273,60.7029,33057.313246273,1,0.05445755185711556
2006,20161,Riley,Multi-Crop,Alluvial,1761560.0818383356,0,26,0,1761560.0818383356,808.967314,1761560.0818383356,1,0.2177541726782716
2006,20161,Riley,Multi-Crop,Non-alluvial,46107.55108752555,0,1,0,46107.55108752555,32.37488,46107.55108752555,1,0.14241767409647713
2006,20161,Riley,Other Crop,Alluvial,235064.63378142705,0,4,0,235064.63378142705,131.11826399999998,235064.63378142705,1,0.17927680447433858
2006,20161,Riley,Other Crop,Non-alluvial,46600.94382254455,1998.24057682695,4,0,48599.1843993715,19.424928,48599.1843993715,1,0.2501897788211699
2006,20161,Riley,Soybeans,Alluvial,632529.4862943579,136139.39041011757,11,0,768668.8767044755,326.176916,768668.8767044755,1,0.23566010928390635
2006,20161,Riley,Soybeans,Non-alluvial,19538.3523067524,0,1,0,19538.3523067524,16.592126,19538.3523067524,1,0.11775677394658406
2006,20177,Shawnee,Alfalfa,Alluvial,63980.702913588815,0,2,0,63980.702913588815,66.368504,63980.702913588815,1,0.09640220745911164
2006,20177,Shawnee,Corn,Alluvial,5282509.317480924,0,85,0,5282509.317480924,2929.521954,5282509.317480924,1,0.18031984058928557
2006,20177,Shawnee,Corn,Non-alluvial,0,141110.322215434,4,0,141110.322215434,160.66034200000001,141110.322215434,1,0.08783145887703511
2006,20177,Shawnee,Golf Course/Turf/Sod,Alluvial,99282.95310419827,0,2,0,99282.95310419827,30.756135999999998,99282.95310419827,1,0.322806977782249
2006,20177,Shawnee,Golf Course/Turf/Sod,Non-alluvial,0,236396.79416597838,2,0,236396.79416597838,70.82005,236396.79416597838,1,0.33379924776384423
2006,20177,Shawnee,Multi-Crop,Alluvial,2244455.886419806,0,39,0,2244455.886419806,1386.858922,2244455.886419806,1,0.16183736145152092
2006,20177,Shawnee,Multi-Crop,Non-alluvial,34401.80844919977,138408.99699120497,5,0,172810.80544040474,187.774304,172810.80544040474,1,0.09203112553696631
2006,20177,Shawnee,Other Crop,Alluvial,232659.34419820944,0,9,0,232659.34419820944,171.586864,232659.34419820944,1,0.13559274805454188
2006,20177,Shawnee,Other Crop,Non-alluvial,0,382.379369639725,1,0,382.379369639725,2.832802,382.379369639725,1,0.013498273781214676
2006,20177,Shawnee,Soybeans,Alluvial,1889842.1929432757,4539.2131621748,57,0,1894381.4061054504,1604.57999,1894381.4061054504,1,0.11806088932378188
2006,20177,Shawnee,Soybeans,Non-alluvial,47859.09529684299,41876.70838473762,3,0,89735.80368158061,88.221548,89735.80368158061,1,0.10171642383965039
2006,20197,Wabaunsee,Corn,Alluvial,1833916.126428872,474890.50745578745,22,0,2308806.6338846595,1148.296525,2308806.6338846595,1,0.20106362630372496
2006,20197,Wabaunsee,Corn,Non-alluvial,31034.4030326951,674147.1634932107,10,0,705181.5665259057,409.137546,705181.5665259057,1,0.1723580672124151
2006,20197,Wabaunsee,Golf Course/Turf/Sod,Non-alluvial,0,15948.920159489175,1,0,15948.920159489175,7.284348,15948.920159489175,1,0.21894780644045528
2006,20197,Wabaunsee,Multi-Crop,Alluvial,730208.9130097445,163535.02202204755,13,0,893743.935031792,542.6839259999999,893743.935031792,1,0.16468959042501513
2006,20197,Wabaunsee,Multi-Crop,Non-alluvial,208113.0556310142,57961.31154635702,2,0,266074.3671773712,148.92444799999998,266074.3671773712,1,0.17866399422704005
2006,20197,Wabaunsee,Other Crop,Non-alluvial,1011.4551067889499,63203.6093559339,3,0,64215.064462722854,59.893527999999996,64215.064462722854,1,0.10721536467633508
2006,20197,Wabaunsee,Soybeans,Alluvial,869925.4007487498,19081.964026859823,16,0,889007.3647756097,537.423008,889007.3647756097,1,0.1654204140020015
2006,20197,Wabaunsee,Soybeans,Non-alluvial,61661.75705899952,130588.72214115382,4,0,192250.47920015335,102.385558,192250.47920015335,1,0.18777109091904673
2006,20209,Wyandotte,Golf Course/Turf/Sod,Non-alluvial,0,211603.80923127363,1,0,211603.80923127363,36.42174,211603.80923127363,1,0.5809821530527471
2006,20209,Wyandotte,Multi-Crop,Alluvial,4773.574711308825,84296.14877799615,2,0,89069.72348930498,24.685845999999998,89069.72348930498,1,0.3608129269270536
2006,20209,Wyandotte,Soybeans,Alluvial,390915.0639555537,0,5,0,390915.0639555537,155.399424,390915.0639555537,1,0.25155502761422954
2007,20005,Atchison,Corn,Non-alluvial,78190.41368213602,95360.48086079722,5,0,173550.89454293324,104.81367399999999,173550.89454293324,1,0.16558039416014866
2007,20005,Atchison,Soybeans,Non-alluvial,57702.28036047204,0,2,0,57702.28036047204,29.137392,57702.28036047204,1,0.1980351582614945
2007,20013,Brown,Golf Course/Turf/Sod,Non-alluvial,0,47760.4167498392,1,0,47760.4167498392,8.09372,47760.4167498392,1,0.5900922783323268
2007,20045,Douglas,Corn,Alluvial,609882.7597569858,0,11,0,609882.7597569858,505.8575,609882.7597569858,1,0.12056414301596513
2007,20045,Douglas,Golf Course/Turf/Sod,Non-alluvial,1665.200480689125,0,1,0,1665.200480689125,0.809372,1665.200480689125,1,0.20573981811690112
2007,20045,Douglas,Multi-Crop,Alluvial,430830.53621859074,0,7,0,430830.53621859074,220.958556,430830.53621859074,1,0.1949825089455195
2007,20045,Douglas,Other Crop,Alluvial,331695.6009348982,0,7,0,331695.6009348982,145.68696,331695.6009348982,1,0.22767693205685544
2007,20045,Douglas,Other Crop,Non-alluvial,148.01782050569997,0,1,0,148.01782050569997,2.428116,148.01782050569997,1,0.006095994610871143
2007,20045,Douglas,Soybeans,Alluvial,118414.25640455999,0,2,0,118414.25640455999,93.07778,118414.25640455999,1,0.12722075709644126
2007,20061,Geary,Corn,Alluvial,164694.4949493422,0,2,0,164694.4949493422,110.88396399999999,164694.4949493422,1,0.1485286862123203
2007,20061,Geary,Corn,Non-alluvial,429930.0944771811,98974.5826448114,8,0,528904.6771219925,375.548608,528904.6771219925,1,0.1408352117023404
2007,20061,Geary,Golf Course/Turf/Sod,Non-alluvial,160883.0360713204,0,1,0,160883.0360713204,44.51546,160883.0360713204,1,0.3614093532254197
2007,20061,Geary,Multi-Crop,Alluvial,169270.71256664343,0,2,0,169270.71256664343,91.05435,169270.71256664343,1,0.18590074232218826
2007,20061,Geary,Multi-Crop,Non-alluvial,529373.4002202605,201069.87433861796,11,0,730443.2745588785,596.507164,730443.2745588785,1,0.12245339513791297
2007,20061,Geary,Sorghum,Non-alluvial,0,46909.31428193142,1,0,46909.31428193142,42.49203,46909.31428193142,1,0.11039555954829983
2007,20061,Geary,Soybeans,Alluvial,65374.537390017496,0,1,0,65374.537390017496,31.160822,65374.537390017496,1,0.20979721712738356
2007,20061,Geary,Soybeans,Non-alluvial,97161.36434361657,105845.07647995098,6,0,203006.44082356757,190.607106,203006.44082356757,1,0.10650517973006084
2007,20085,Jackson,Corn,Non-alluvial,62710.2166209149,14703.103503566199,2,0,77413.3201244811,56.656040000000004,77413.3201244811,1,0.1366373649208118
2007,20085,Jackson,Golf Course/Turf/Sod,Non-alluvial,0,23214.128182643948,1,0,23214.128182643948,14.16401,23214.128182643948,1,0.1638951693951356
2007,20085,Jackson,Multi-Crop,Non-alluvial,0,49265.264591647145,1,0,49265.264591647145,48.56232,49265.264591647145,1,0.10144751031591395
2007,20087,Jefferson,Corn,Alluvial,1482238.1197257042,348483.2887439197,27,0,1830721.408469624,1040.04302,1830721.408469624,1,0.1760236233756584
2007,20087,Jefferson,Golf Course/Turf/Sod,Non-alluvial,0,66694.36295619332,1,0,66694.36295619332,18.21087,66694.36295619332,1,0.36623380956644747
2007,20087,Jefferson,Multi-Crop,Alluvial,953197.7596015815,0,15,0,953197.7596015815,663.280354,953197.7596015815,1,0.14370963256384667
2007,20087,Jefferson,Other Crop,Alluvial,179150.90208539888,0,7,0,179150.90208539888,154.994738,179150.90208539888,1,0.11558515108132178
2007,20087,Jefferson,Other Crop,Non-alluvial,2491.6333118459497,0,1,0,2491.6333118459497,0.404686,2491.6333118459497,1,0.6156954556979856
2007,20087,Jefferson,Soybeans,Alluvial,291064.70920608356,0,8,0,291064.70920608356,239.97879799999998,291064.70920608356,1,0.12128767692472714
2007,20091,Johnson,Corn,Alluvial,160093.60769529,0,2,0,160093.60769529,106.837104,160093.60769529,1,0.14984832207291018
2007,20091,Johnson,Golf Course/Turf/Sod,Non-alluvial,0,978434.7979978033,11,0,978434.7979978033,333.86595,978434.7979978033,1,0.29306217001098894
2007,20091,Johnson,Other Crop,Non-alluvial,0,81249.44863925382,4,0,81249.44863925382,72.034108,81249.44863925382,1,0.11279302388148378
2007,20103,Leavenworth,Corn,Alluvial,8856.39959359105,0,1,0,8856.39959359105,17.806184,8856.39959359105,1,0.04973777421142593
2007,20103,Leavenworth,Golf Course/Turf/Sod,Alluvial,12347.153193850474,15640.5497001023,2,0,27987.702893952774,17.806184000000002,27987.702893952774,1,0.15717967922802983
2007,20103,Leavenworth,Golf Course/Turf/Sod,Non-alluvial,2380.6199464666747,223087.52513884087,2,0,225468.14508530754,54.63261,225468.14508530754,1,0.41269883515597655
2007,20103,Leavenworth,Multi-Crop,Non-alluvial,0,65522.55521052319,1,0,65522.55521052319,80.9372,65522.55521052319,1,0.08095480843236878
2007,20103,Leavenworth,Other Crop,Alluvial,11422.041815689849,0,1,0,11422.041815689849,12.14058,11422.041815689849,1,0.09408151682777799
2007,20103,Leavenworth,Other Crop,Non-alluvial,3157.7135041216,0,2,0,3157.7135041216,1.214058,3157.7135041216,1,0.2600957700638355
2007,20103,Leavenworth,Soybeans,Alluvial,24903.998300084026,0,1,0,24903.998300084026,64.74976,24903.998300084026,1,0.03846191599796513
2007,20149,Pottawatomie,Alfalfa,Alluvial,24484.614475317874,0,1,0,24484.614475317874,26.30459,24484.614475317874,1,0.09308114848137862
2007,20149,Pottawatomie,Corn,Alluvial,2431131.027714245,0,60,0,2431131.027714245,2380.767738,2431131.027714245,1,0.102115422219076
2007,20149,Pottawatomie,Corn,Non-alluvial,258599.46724183336,426143.3052359103,15,0,684742.7724777437,576.272864,684742.7724777437,1,0.11882266461843041
2007,20149,Pottawatomie,Golf Course/Turf/Sod,Alluvial,34056.433534686475,0,2,0,34056.433534686475,13.354638,34056.433534686475,1,0.2550157745547762
2007,20149,Pottawatomie,Golf Course/Turf/Sod,Non-alluvial,45429.13607687442,15924.250522738224,2,0,61353.38659961264,77.69971199999999,61353.38659961264,1,0.0789621801939403
2007,20149,Pottawatomie,Multi-Crop,Alluvial,2351053.3868206614,937.4461965360999,41,0,2351990.8330171974,2172.759134,2351990.8330171974,1,0.10824903672995892
2007,20149,Pottawatomie,Multi-Crop,Non-alluvial,0,114171.0788833966,3,0,114171.0788833966,103.599616,114171.0788833966,1,0.1102041525746549
2007,20149,Pottawatomie,Other Crop,Alluvial,2072.2494870798,0,1,0,2072.2494870798,4.04686,2072.2494870798,1,0.05120635473131761
2007,20149,Pottawatomie,Other Crop,Non-alluvial,23867.873556544124,0,5,0,23867.873556544124,29.137392000000002,23867.873556544124,1,0.08191492758358099
2007,20149,Pottawatomie,Soybeans,Alluvial,1586183.634175832,42209.748480875445,35,0,1628393.3826567074,1490.053852,1628393.3826567074,1,0.10928419670678503
2007,20149,Pottawatomie,Soybeans,Non-alluvial,84579.84960063208,276336.93606576644,8,0,360916.7856663985,498.573152,360916.7856663985,1,0.07238993600409484
2007,20149,Pottawatomie,Wheat,Alluvial,20019.410223395924,0,1,0,20019.410223395924,28.32802,20019.410223395924,1,0.07066999466745619
2007,20161,Riley,Alfalfa,Non-alluvial,0,1295.155929424875,1,0,1295.155929424875,4.856232,1295.155929424875,1,0.02666997642256126
2007,20161,Riley,Corn,Alluvial,336074.46145819186,23448.489731777976,10,0,359522.95118996984,398.211024,359522.95118996984,1,0.09028452994057991
2007,20161,Riley,Corn,Non-alluvial,16491.652168010074,78424.77523127005,2,0,94916.42739928012,109.669906,94916.42739928012,1,0.08654737736282925
2007,20161,Riley,Golf Course/Turf/Sod,Alluvial,101330.53295452712,0,1,0,101330.53295452712,26.709276,101330.53295452712,1,0.37938330097201856
2007,20161,Riley,Golf Course/Turf/Sod,Non-alluvial,0,148683.90069797565,1,0,148683.90069797565,67.582562,148683.90069797565,1,0.22000335041748736
2007,20161,Riley,Multi-Crop,Alluvial,1089152.127736067,0,23,0,1089152.127736067,756.358134,1089152.127736067,1,0.14399952598857976
2007,20161,Riley,Multi-Crop,Non-alluvial,43726.93114105888,0,1,0,43726.93114105888,32.37488,43726.93114105888,1,0.13506438059711381
2007,20161,Riley,Other Crop,Alluvial,51744.563085117625,0,3,0,51744.563085117625,118.57299799999998,51744.563085117625,1,0.043639415345741395
2007,20161,Riley,Other Crop,Non-alluvial,26815.895148282645,1467.843386681525,5,0,28283.73853496417,20.2343,28283.73853496417,1,0.13978115642727532
2007,20161,Riley,Sorghum,Alluvial,127134.97299602084,0,2,0,127134.97299602084,52.609179999999995,127134.97299602084,1,0.24165929405480346
2007,20161,Riley,Soybeans,Alluvial,224185.32397425812,82445.9260216749,7,0,306631.24999593303,226.219474,306631.24999593303,1,0.1355459123717762
2007,20161,Riley,Soybeans,Non-alluvial,60255.58776419537,0,1,0,60255.58776419537,48.56232,60255.58776419537,1,0.12407889030877307
2007,20177,Shawnee,Alfalfa,Alluvial,79497.90442993637,0,1,0,79497.90442993637,38.44517,79497.90442993637,1,0.20678255403718174
2007,20177,Shawnee,Corn,Alluvial,4930621.618865373,4539.2131621748,115,0,4935160.832027547,3613.84598,4935160.832027547,1,0.1365625668426397
2007,20177,Shawnee,Corn,Non-alluvial,12766.537018616624,176708.60804705485,7,0,189475.14506567147,250.90532,189475.14506567147,1,0.0755165913045094
2007,20177,Shawnee,Golf Course/Turf/Sod,Alluvial,105043.3132855451,0,3,0,105043.3132855451,36.42174,105043.3132855451,1,0.28840827836765925
2007,20177,Shawnee,Golf Course/Turf/Sod,Non-alluvial,0,113924.3825158871,3,0,113924.3825158871,70.82005,113924.3825158871,1,0.16086458921715968
2007,20177,Shawnee,Multi-Crop,Alluvial,1217804.2833922713,0,31,0,1217804.2833922713,1017.380604,1217804.2833922713,1,0.11969997055224688
2007,20177,Shawnee,Multi-Crop,Non-alluvial,31897.84031897835,80731.38626748387,4,0,112629.22658646222,155.399424,112629.22658646222,1,0.0724772484269068
2007,20177,Shawnee,Other Crop,Alluvial,149966.72180902504,0,7,0,149966.72180902504,147.71039,149966.72180902504,1,0.10152753764242654
2007,20177,Shawnee,Other Crop,Non-alluvial,0,357.70973288877497,1,0,357.70973288877497,2.832802,357.70973288877497,1,0.012627417408233083
2007,20177,Shawnee,Soybeans,Alluvial,1508757.9792329755,0,34,0,1508757.9792329755,1300.6608039999999,1508757.9792329755,1,0.11599934237988889
2007,20177,Shawnee,Soybeans,Non-alluvial,0,22202.673075855,1,0,22202.673075855,33.588938,22202.673075855,1,0.06610114638294012
2007,20197,Wabaunsee,Corn,Alluvial,849017.8836023196,20105.75395202425,29,0,869123.6375543439,1065.538238,869123.6375543439,1,0.0815666305120759
2007,20197,Wabaunsee,Corn,Non-alluvial,0,319101.7513735382,9,0,319101.7513735382,254.95218,319101.7513735382,1,0.1251614131612988
2007,20197,Wabaunsee,Golf Course/Turf/Sod,Non-alluvial,0,12593.849561359975,1,0,12593.849561359975,7.284348,12593.849561359975,1,0.17288918049165108
2007,20197,Wabaunsee,Multi-Crop,Alluvial,116465.35510123495,0,4,0,116465.35510123495,129.49952,116465.35510123495,1,0.08993497049350836
2007,20197,Wabaunsee,Multi-Crop,Non-alluvial,75908.47228267314,253912.23625915288,5,0,329820.708541826,334.27063599999997,329820.708541826,1,0.09866876507268979
2007,20197,Wabaunsee,Other Crop,Non-alluvial,1073.129198666325,41173.623737335554,2,0,42246.75293600188,46.538889999999995,42246.75293600188,1,0.0907773110531899
2007,20197,Wabaunsee,Soybeans,Alluvial,937828.5759057397,0,15,0,937828.5759057397,676.8373349999999,937828.5759057397,1,0.13856040844817458
2007,20197,Wabaunsee,Soybeans,Non-alluvial,53952.49557432765,12334.818375474999,3,0,66287.31394980264,95.50589599999999,66287.31394980264,1,0.06940651491275747
2007,20209,Wyandotte,Corn,Alluvial,186268.09228804798,0,2,0,186268.09228804798,61.512271999999996,186268.09228804798,1,0.3028145217722538
2007,20209,Wyandotte,Golf Course/Turf/Sod,Non-alluvial,0,189265.4531532884,1,0,189265.4531532884,36.42174,189265.4531532884,1,0.519649673940038
2007,20209,Wyandotte,Multi-Crop,Alluvial,4366.52570491815,0,1,0,4366.52570491815,16.18744,4366.52570491815,1,0.026974776153104816
2007,20209,Wyandotte,Other Crop,Alluvial,0,8831.7299568401,1,0,8831.7299568401,8.498406,8831.7299568401,1,0.10392219384246998
2007,20209,Wyandotte,Soybeans,Alluvial,144724.42399944816,0,3,0,144724.42399944816,93.887152,144724.42399944816,1,0.15414720855463607
2008,20005,Atchison,Corn,Non-alluvial,20426.4592297866,0,2,0,20426.4592297866,29.137392,20426.4592297866,1,0.07010393802501817
2008,20005,Atchison,Golf Course/Turf/Sod,Non-alluvial,4415.86497842005,0,2,0,4415.86497842005,1.214058,4415.86497842005,1,0.36372767844864495
2008,20013,Brown,Golf Course/Turf/Sod,Non-alluvial,0,14814.116868945473,1,0,14814.116868945473,8.09372,14814.116868945473,1,0.1830322381914061
2008,20045,Douglas,Corn,Alluvial,379924.7407830055,0,9,0,379924.7407830055,327.79566,379924.7407830055,1,0.1159029197589149
2008,20045,Douglas,Golf Course/Turf/Sod,Non-alluvial,1159.47292729465,0,1,0,1159.47292729465,0.809372,1159.47292729465,1,0.14325587335547188
2008,20045,Douglas,Multi-Crop,Alluvial,314587.2078481144,0,6,0,314587.2078481144,182.1087,314587.2078481144,1,0.17274694061739743
2008,20045,Douglas,Other Crop,Alluvial,23078.445180513725,0,3,0,23078.445180513725,12.545266,23078.445180513725,1,0.18396138575709534
2008,20045,Douglas,Soybeans,Alluvial,259216.20816060712,0,7,0,259216.20816060712,402.257884,259216.20816060712,1,0.0644403052049583
2008,20061,Geary,Corn,Alluvial,185281.30681800994,0,2,0,185281.30681800994,103.599616,185281.30681800994,1,0.17884362314432703
2008,20061,Geary,Corn,Non-alluvial,73774.54870371596,71948.99558414567,4,0,145723.54428786164,140.426042,145723.54428786164,1,0.10377245004730792
2008,20061,Geary,Golf Course/Turf/Sod,Non-alluvial,77561.3379449868,0,1,0,77561.3379449868,44.51546,77561.3379449868,1,0.17423460960526252
2008,20061,Geary,Multi-Crop,Alluvial,82630.94829730701,0,1,0,82630.94829730701,57.465412,82630.94829730701,1,0.1437924925993866
2008,20061,Geary,Multi-Crop,Non-alluvial,706859.1018249703,249459.36682560638,13,0,956318.4686505768,729.244172,956318.4686505768,1,0.1311383080412985
2008,20061,Geary,Other Crop,Alluvial,10743.626805038726,0,1,0,10743.626805038726,19.829614,10743.626805038726,1,0.054179707204783344
2008,20061,Geary,Other Crop,Non-alluvial,3071.369775493275,0,1,0,3071.369775493275,0.404686,3071.369775493275,1,0.7589513290534575
2008,20061,Geary,Soybeans,Alluvial,28370.0822635925,0,1,0,28370.0822635925,31.160822,28370.0822635925,1,0.09104407535716645
2008,20061,Geary,Soybeans,Non-alluvial,223765.94014949197,100442.42603149291,9,0,324208.3661809849,335.08000799999996,324208.3661809849,1,0.0967555086667495
2008,20085,Jackson,Golf Course/Turf/Sod,Non-alluvial,0,24570.9582039462,1,0,24570.9582039462,14.16401,24570.9582039462,1,0.17347458949793312
2008,20085,Jackson,Multi-Crop,Non-alluvial,0,24632.632295823572,1,0,24632.632295823572,48.56232,24632.632295823572,1,0.050723755157956976
2008,20085,Jackson,Soybeans,Non-alluvial,70592.16556284342,11311.028450310574,2,0,81903.194013154,56.656040000000004,81903.194013154,1,0.14456215791494428
2008,20087,Jefferson,Corn,Alluvial,591232.5143732677,68704.93835139574,17,0,659937.4527246634,661.256924,659937.4527246634,1,0.0998004601195924
2008,20087,Jefferson,Golf Course/Turf/Sod,Non-alluvial,1714.5397541910247,44738.386247847826,2,0,46452.926002038854,19.829614,46452.926002038854,1,0.2342603643320483
2008,20087,Jefferson,Multi-Crop,Alluvial,1068034.9186772536,0,22,0,1068034.9186772536,971.651086,1068034.9186772536,1,0.10991959295533106
2008,20087,Jefferson,Other Crop,Alluvial,12285.4791019731,0,2,0,12285.4791019731,20.2343,12285.4791019731,1,0.0607161063242766
2008,20087,Jefferson,Soybeans,Alluvial,301882.34492137516,27469.640522182824,12,0,329351.98544355796,348.839332,329351.98544355796,1,0.09441366131372994
2008,20091,Johnson,Corn,Alluvial,161216.07616745823,0,2,0,161216.07616745823,106.837104,161216.07616745823,1,0.15089895750773835
2008,20091,Johnson,Golf Course/Turf/Sod,Non-alluvial,0,752473.2601774768,12,0,752473.2601774768,348.02995999999996,752473.2601774768,1,0.21620933444278098
2008,20091,Johnson,Other Crop,Non-alluvial,0,29517.220372511674,4,0,29517.220372511674,16.592126,29517.220372511674,1,0.17789896468066643
2008,20103,Leavenworth,Golf Course/Turf/Sod,Alluvial,468.72309826804997,21918.97225321907,2,0,22387.69535148712,16.18744,22387.69535148712,1,0.13830287773413907
2008,20103,Leavenworth,Golf Course/Turf/Sod,Non-alluvial,1122.468472168225,134153.4846516661,2,0,135275.95312383433,54.63261,135275.95312383433,1,0.2476102699904587
2008,20103,Leavenworth,Multi-Crop,Non-alluvial,0,28345.41262684155,1,0,28345.41262684155,48.56232,28345.41262684155,1,0.05836914839909121
2008,20103,Leavenworth,Other Crop,Alluvial,14382.398225803849,0,2,0,14382.398225803849,11.735893999999998,14382.398225803849,1,0.12255051234958197
2008,20103,Leavenworth,Other Crop,Non-alluvial,1110.13365379275,0,2,0,1110.13365379275,1.214058,1110.13365379275,1,0.09143991916306717
2008,20103,Leavenworth,Sorghum,Alluvial,17293.415362415948,0,1,0,17293.415362415948,24.28116,17293.415362415948,1,0.0712215370370112
2008,20103,Leavenworth,Soybeans,Alluvial,15961.25497786465,0,2,0,15961.25497786465,82.555944,15961.25497786465,1,0.01933386526094917
2008,20103,Leavenworth,Soybeans,Non-alluvial,0,83568.39449384312,2,0,83568.39449384312,56.65604,83568.39449384312,1,0.14750129817375715
2008,20149,Pottawatomie,Alfalfa,Alluvial,45157.770072613974,0,2,0,45157.770072613974,78.91377,45157.770072613974,1,0.05722419556512631
2008,20149,Pottawatomie,Corn,Alluvial,1421513.8088632408,2318.9458545893,42,0,1423832.75471783,1875.7196099999999,1423832.75471783,1,0.07590861379957692
2008,20149,Pottawatomie,Corn,Non-alluvial,180014.33937168214,205892.7883234287,13,0,385907.1276951108,776.592434,385907.1276951108,1,0.049692362531452476
2008,20149,Pottawatomie,Golf Course/Turf/Sod,Alluvial,23633.5120074101,0,1,0,23633.5120074101,12.545266,23633.5120074101,1,0.1883858979746631
2008,20149,Pottawatomie,Golf Course/Turf/Sod,Non-alluvial,35770.973288877496,33118.98733815037,3,0,68889.96062702787,77.69971199999999,68889.96062702787,1,0.08866179661905038
2008,20149,Pottawatomie,Multi-Crop,Alluvial,1008038.3620989434,0,33,0,1008038.3620989434,1919.021012,1008038.3620989434,1,0.05252878190470503
2008,20149,Pottawatomie,Other Crop,Alluvial,30750.70221005917,0,5,0,30750.70221005917,44.920145999999995,30750.70221005917,1,0.0684563719139719
2008,20149,Pottawatomie,Other Crop,Non-alluvial,17934.82591794065,0,5,0,17934.82591794065,28.732706,17934.82591794065,1,0.06241955045215946
2008,20149,Pottawatomie,Soybeans,Alluvial,1132990.0722425051,0,38,0,1132990.0722425051,1579.8941439999999,1132990.0722425051,1,0.07171303701233955
2008,20149,Pottawatomie,Soybeans,Non-alluvial,53915.49111920122,137039.83215152723,5,0,190955.32327072846,275.591166,190955.32327072846,1,0.06928934843678135
2008,20161,Riley,Alfalfa,Alluvial,17022.0493581555,0,3,0,17022.0493581555,52.609179999999995,17022.0493581555,1,0.03235566370385454
2008,20161,Riley,Corn,Alluvial,174759.7067437298,13346.27348226395,8,0,188105.98022599373,275.591166,188105.98022599373,1,0.06825544626709615
2008,20161,Riley,Corn,Non-alluvial,16466.982531259124,137483.88561304435,2,0,153950.86814430347,65.559132,153950.86814430347,1,0.23482749610581094
2008,20161,Riley,Golf Course/Turf/Sod,Alluvial,84962.2289702718,0,1,0,84962.2289702718,26.709276,84962.2289702718,1,0.31810008242182153
2008,20161,Riley,Golf Course/Turf/Sod,Non-alluvial,0,40063.49008354279,1,0,40063.49008354279,69.605992,40063.49008354279,1,0.05755753051194614
2008,20161,Riley,Multi-Crop,Alluvial,367824.2839566645,0,12,0,367824.2839566645,453.24832,367824.2839566645,1,0.0811529282572221
2008,20161,Riley,Multi-Crop,Non-alluvial,52509.32182439708,0,2,0,52509.32182439708,80.93719999999999,52509.32182439708,1,0.06487662264619616
2008,20161,Riley,Other Crop,Alluvial,95039.77558303488,0,4,0,95039.77558303488,152.566622,95039.77558303488,1,0.062293950234432585
2008,20161,Riley,Other Crop,Non-alluvial,26791.225511531695,1406.16929480415,4,0,28197.394806335848,16.996812,28197.394806335848,1,0.16589813905299328
2008,20161,Riley,Soybeans,Alluvial,162671.5847357643,0,8,0,162671.5847357643,316.86913799999996,162671.5847357643,1,0.05133715001798766
2008,20161,Riley,Soybeans,Non-alluvial,0,1554.18711530985,1,0,1554.18711530985,4.856232,1554.18711530985,1,0.03200397170707351
2008,20177,Shawnee,Alfalfa,Alluvial,63363.961994815065,0,3,0,63363.961994815065,79.318456,63363.961994815065,1,0.07988552121440068
2008,20177,Shawnee,Corn,Alluvial,2801397.6057092533,0,75,0,2801397.6057092533,2605.975497,2801397.6057092533,1,0.10749900023750121
2008,20177,Shawnee,Corn,Non-alluvial,0,77018.60593646589,4,0,77018.60593646589,152.566622,77018.60593646589,1,0.05048195006668358
2008,20177,Shawnee,Golf Course/Turf/Sod,Alluvial,66385.99249680644,0,2,0,66385.99249680644,30.756135999999998,66385.99249680644,1,0.21584633549808221
2008,20177,Shawnee,Golf Course/Turf/Sod,Non-alluvial,0,165372.90995999333,3,0,165372.90995999333,70.82005,165372.90995999333,1,0.2335114278512841
2008,20177,Shawnee,Multi-Crop,Alluvial,1122086.0927985853,0,34,0,1122086.0927985853,1215.272058,1122086.0927985853,1,0.09233209020252034
2008,20177,Shawnee,Multi-Crop,Non-alluvial,27864.354710198022,51090.81771121745,3,0,78955.17242141548,134.760438,78955.17242141548,1,0.058589281537817124
2008,20177,Shawnee,Other Crop,Alluvial,112542.8828578339,0,7,0,112542.8828578339,157.018168,112542.8828578339,1,0.07167507065668599
2008,20177,Shawnee,Other Crop,Non-alluvial,0,444.05346151709995,1,0,444.05346151709995,2.832802,444.05346151709995,1,0.015675414713668654
2008,20177,Shawnee,Sorghum,Non-alluvial,0,11360.367723812475,1,0,11360.367723812475,52.60918,11360.367723812475,1,0.02159388860235509
2008,20177,Shawnee,Soybeans,Alluvial,1506204.6718292523,4082.8248822822247,50,0,1510287.4967115344,1740.1498,1510287.4967115344,1,0.08679066001740393
2008,20177,Shawnee,Soybeans,Non-alluvial,30960.39412244225,44898.738886729,5,0,75859.13300917124,138.402612,75859.13300917124,1,0.054810477860902825
2008,20197,Wabaunsee,Alfalfa,Alluvial,10842.305352042524,0,1,0,10842.305352042524,26.709276,10842.305352042524,1,0.04059378229511921
2008,20197,Wabaunsee,Corn,Alluvial,809472.4558905468,0,27,0,809472.4558905468,1281.842905,809472.4558905468,1,0.06314911544410716
2008,20197,Wabaunsee,Corn,Non-alluvial,0,212726.27770344182,7,0,212726.27770344182,273.972422,212726.27770344182,1,0.07764514258425684
2008,20197,Wabaunsee,Golf Course/Turf/Sod,Non-alluvial,0,6574.458194128175,1,0,6574.458194128175,7.284348,6574.458194128175,1,0.09025458687762
2008,20197,Wabaunsee,Multi-Crop,Alluvial,80682.04699398197,0,4,0,80682.04699398197,174.824352,80682.04699398197,1,0.046150348089939994
2008,20197,Wabaunsee,Multi-Crop,Non-alluvial,69185.99626803928,170911.2434105816,4,0,240097.23967862086,287.32705999999996,240097.23967862086,1,0.08356234866239919
2008,20197,Wabaunsee,Other Crop,Alluvial,14851.121324071899,0,1,0,14851.121324071899,14.568696,14851.121324071899,1,0.10193857654845637
2008,20197,Wabaunsee,Other Crop,Non-alluvial,678.415010651125,0,1,0,678.415010651125,16.18744,678.415010651125,1,0.004190996294973912
2008,20197,Wabaunsee,Soybeans,Alluvial,315857.6941407883,21684.610704085047,12,0,337542.3048448734,450.010832,337542.3048448734,1,0.07500759556047161
2008,20197,Wabaunsee,Soybeans,Non-alluvial,26914.57369528645,67508.46096897467,3,0,94423.03466426113,87.412176,94423.03466426113,1,0.10802046006069123
2008,20209,Wyandotte,Corn,Alluvial,184652.2310808607,0,2,0,184652.2310808607,61.512271999999996,184652.2310808607,1,0.3001876293577007
2008,20209,Wyandotte,Golf Course/Turf/Sod,Non-alluvial,0,116588.7032849897,1,0,116588.7032849897,36.42174,116588.7032849897,1,0.3201074503441892
2008,20209,Wyandotte,Multi-Crop,Alluvial,4773.574711308825,0,1,0,4773.574711308825,16.18744,4773.574711308825,1,0.02948937393008916
2008,20209,Wyandotte,Other Crop,Alluvial,0,63499.644996945295,1,0,63499.644996945295,105.21836,63499.644996945295,1,0.06035034664762432
2008,20209,Wyandotte,Soybeans,Alluvial,206706.88633621004,0,3,0,206706.88633621004,93.887152,206706.88633621004,1,0.22016525364004016
2009,20005,Atchison,Golf Course/Turf/Sod,Non-alluvial,3749.7847861443997,0,2,0,3749.7847861443997,1.214058,3749.7847861443997,1,0.30886372695080466
2009,20013,Brown,Golf Course/Turf/Sod,Non-alluvial,0,12273.144283597623,1,0,12273.144283597623,8.09372,12273.144283597623,1,0.1516378659454197
2009,20013,Brown,Soybeans,Non-alluvial,0,5340.976356580675,1,0,5340.976356580675,52.60918,5340.976356580675,1,0.010152175640412328
2009,20045,Douglas,Corn,Alluvial,144995.79000370862,0,12,0,144995.79000370862,377.167352,144995.79000370862,1,0.0384433565723124
2009,20045,Douglas,Golf Course/Turf/Sod,Non-alluvial,888.1069230341999,0,1,0,888.1069230341999,0.809372,888.1069230341999,1,0.10972790299568058
2009,20045,Douglas,Multi-Crop,Alluvial,224604.70779902427,0,6,0,224604.70779902427,265.474016,224604.70779902427,1,0.08460515691261636
2009,20045,Douglas,Other Crop,Alluvial,15640.5497001023,0,3,0,15640.5497001023,21.043672,15640.5497001023,1,0.0743242419863905
2009,20045,Douglas,Soybeans,Alluvial,42209.74848087545,0,3,0,42209.74848087545,139.211984,42209.74848087545,1,0.03032048482325735
2009,20061,Geary,Corn,Alluvial,177177.33114532288,0,2,0,177177.33114532288,107.646476,177177.33114532288,1,0.16459185449352087
2009,20061,Geary,Corn,Non-alluvial,257464.66395128967,72960.45069093461,7,0,330425.1146422243,278.828654,330425.1146422243,1,0.11850471961975054
2009,20061,Geary,Golf Course/Turf/Sod,Non-alluvial,82593.94384218058,0,1,0,82593.94384218058,44.51546,82593.94384218058,1,0.18553990870178716
2009,20061,Geary,Multi-Crop,Alluvial,50572.755339447496,0,1,0,50572.755339447496,53.418552,50572.755339447496,1,0.09467264357792307
2009,20061,Geary,Multi-Crop,Non-alluvial,928959.8414937732,96717.31088209947,13,0,1025677.1523758726,767.284656,1025677.1523758726,1,0.13367622359645787
2009,20061,Geary,Other Crop,Alluvial,194890.13033250498,0,1,0,194890.13033250498,32.37488,194890.13033250498,1,0.6019794678235255
2009,20061,Geary,Other Crop,Non-alluvial,3367.4054165046746,0,1,0,3367.4054165046746,0.404686,3367.4054165046746,1,0.8321032643839111
2009,20061,Geary,Soybeans,Alluvial,19735.70940076,0,1,0,19735.70940076,31.160822,19735.70940076,1,0.06333500894411578
2009,20061,Geary,Soybeans,Non-alluvial,9843.18506362905,82828.30539131461,5,0,92671.49045494366,108.45584799999999,92671.49045494366,1,0.08544628267066214
2009,20085,Jackson,Golf Course/Turf/Sod,Non-alluvial,0,32539.250874503046,1,0,32539.250874503046,14.16401,32539.250874503046,1,0.22973191119254396
2009,20085,Jackson,Multi-Crop,Non-alluvial,56690.8252536831,0,1,0,56690.8252536831,36.42174,56690.8252536831,1,0.15565106239757653
2009,20087,Jefferson,Corn,Alluvial,280913.15368306765,0,16,0,280913.15368306765,652.353832,280913.15368306765,1,0.043061470616618934
2009,20087,Jefferson,Golf Course/Turf/Sod,Alluvial,7080.18574752265,0,1,0,7080.18574752265,1.214058,7080.18574752265,1,0.5831834844400061
2009,20087,Jefferson,Golf Course/Turf/Sod,Non-alluvial,579.736463647325,41568.33792535075,2,0,42148.07438899808,19.829614,42148.07438899808,1,0.21255115903415006
2009,20087,Jefferson,Multi-Crop,Alluvial,107954.33042215719,0,13,0,107954.33042215719,524.877742,107954.33042215719,1,0.020567519211389457
2009,20087,Jefferson,Other Crop,Alluvial,11101.3365379275,0,1,0,11101.3365379275,36.017054,11101.3365379275,1,0.03082244466170803
2009,20087,Jefferson,Soybeans,Alluvial,59860.873576180165,0,5,0,59860.873576180165,157.82754,59860.873576180165,1,0.03792802800840726
2009,20091,Johnson,Corn,Alluvial,155418.711530985,0,2,0,155418.711530985,106.837104,155418.711530985,1,0.14547259866851595
2009,20091,Johnson,Golf Course/Turf/Sod,Non-alluvial,0,414807.60714884877,10,0,414807.60714884877,312.822278,414807.60714884877,1,0.13260168355044355
2009,20091,Johnson,Other Crop,Non-alluvial,0,27827.3502550716,3,0,27827.3502550716,14.164010000000001,27827.3502550716,1,0.19646519774464716
2009,20091,Johnson,Soybeans,Non-alluvial,0,56086.41915328482,1,0,56086.41915328482,48.56232,56086.41915328482,1,0.11549369789846288
2009,20103,Leavenworth,Golf Course/Turf/Sod,Alluvial,3786.7892412708243,12643.188834861874,3,0,16429.9780761327,50.58575,16429.9780761327,1,0.032479459286721454
2009,20103,Leavenworth,Golf Course/Turf/Sod,Non-alluvial,2528.6377669723747,115638.92227007812,2,0,118167.5600370505,54.63261,118167.5600370505,1,0.21629491989683544
2009,20103,Leavenworth,Other Crop,Alluvial,1640.530843938175,0,1,0,1640.530843938175,12.14058,1640.530843938175,1,0.013512788054097703
2009,20103,Leavenworth,Other Crop,Non-alluvial,296.0356410114,0,2,0,296.0356410114,1.214058,296.0356410114,1,0.02438397844348458
2009,20103,Leavenworth,Soybeans,Alluvial,2874.012681485675,0,1,0,2874.012681485675,56.65604,2874.012681485675,1,0.005072738372617774
2009,20103,Leavenworth,Soybeans,Non-alluvial,0,19427.338941373127,2,0,19427.338941373127,56.65604,19427.338941373127,1,0.03428996968615019
2009,20149,Pottawatomie,Corn,Alluvial,666092.5270940254,0,30,0,666092.5270940254,1520.405302,666092.5270940254,1,0.04381019496694871
2009,20149,Pottawatomie,Corn,Non-alluvial,44306.6676047062,71196.5716632417,9,0,115503.2392679479,564.53697,115503.2392679479,1,0.020459818471755337
2009,20149,Pottawatomie,Golf Course/Turf/Sod,Alluvial,21252.892060943424,0,2,0,21252.892060943424,13.354638,21252.892060943424,1,0.15914240476562094
2009,20149,Pottawatomie,Golf Course/Turf/Sod,Non-alluvial,65374.537390017496,27987.702893952774,3,0,93362.24028397027,91.05435,93362.24028397027,1,0.10253462935485265
2009,20149,Pottawatomie,Multi-Crop,Alluvial,495884.3683308459,0,28,0,495884.3683308459,1621.172116,495884.3683308459,1,0.03058801489593631
2009,20149,Pottawatomie,Multi-Crop,Non-alluvial,0,47575.394474207074,1,0,47575.394474207074,40.4686,47575.394474207074,1,0.11756125607065002
2009,20149,Pottawatomie,Other Crop,Alluvial,13666.978760026299,0,2,0,13666.978760026299,11.735893999999998,13666.978760026299,1,0.11645451773871084
2009,20149,Pottawatomie,Other Crop,Non-alluvial,18761.258749097477,0,5,0,18761.258749097477,28.32802,18761.258749097477,1,0.06622862716525008
2009,20149,Pottawatomie,Soybeans,Alluvial,475889.62774420093,0,35,0,475889.62774420093,1458.89303,475889.62774420093,1,0.03261991235534253
2009,20149,Pottawatomie,Soybeans,Non-alluvial,9436.136057238375,0,1,0,9436.136057238375,102.385558,9436.136057238375,1,0.009216276437384239
2009,20161,Riley,Corn,Alluvial,254960.69582106825,0,8,0,254960.69582106825,353.695564,254960.69582106825,1,0.07208478753244082
2009,20161,Riley,Corn,Non-alluvial,35203.571643605654,40322.52126942777,5,0,75526.09291303343,197.891454,75526.09291303343,1,0.03816541411284664
2009,20161,Riley,Golf Course/Turf/Sod,Alluvial,53940.160755952165,0,1,0,53940.160755952165,26.709276,53940.160755952165,1,0.20195291237378415
2009,20161,Riley,Golf Course/Turf/Sod,Non-alluvial,0,30281.979111791123,1,0,30281.979111791123,60.7029,30281.979111791123,1,0.049885555898962194
2009,20161,Riley,Multi-Crop,Alluvial,368441.02487543825,0,19,0,368441.02487543825,600.554024,368441.02487543825,1,0.06135018835132112
2009,20161,Riley,Multi-Crop,Non-alluvial,16997.379721404548,0,2,0,16997.379721404548,4.451546,16997.379721404548,1,0.381830935171838
2009,20161,Riley,Other Crop,Alluvial,45996.53772214628,0,4,0,45996.53772214628,152.566622,45996.53772214628,1,0.030148493241297744
2009,20161,Riley,Other Crop,Non-alluvial,19217.64702899005,4304.851613040774,3,0,23522.498642030823,13.759324,23522.498642030823,1,0.17095679004310696
2009,20161,Riley,Sorghum,Alluvial,727.754284153025,0,1,0,727.754284153025,2.02343,727.754284153025,1,0.03596636820413975
2009,20161,Riley,Soybeans,Alluvial,110704.99491988812,0,7,0,110704.99491988812,238.76474,110704.99491988812,1,0.0463657217225157
2009,20161,Riley,Soybeans,Non-alluvial,0,1726.8745725664999,1,0,1726.8745725664999,7.284348,1726.8745725664999,1,0.02370664570894334
2009,20177,Shawnee,Corn,Alluvial,712212.4129999265,0,57,0,712212.4129999265,2110.842176,712212.4129999265,1,0.03374067569322276
2009,20177,Shawnee,Corn,Non-alluvial,0,9880.189518755475,1,0,9880.189518755475,25.899904,9880.189518755475,1,0.03814759127584208
2009,20177,Shawnee,Golf Course/Turf/Sod,Alluvial,46625.6134592955,0,3,0,46625.6134592955,36.42174,46625.6134592955,1,0.128015886828294
2009,20177,Shawnee,Golf Course/Turf/Sod,Non-alluvial,0,141307.6793094416,2,0,141307.6793094416,70.82005,141307.6793094416,1,0.19953061217754237
2009,20177,Shawnee,Multi-Crop,Alluvial,192423.16665741,0,22,0,192423.16665741,782.2580379999999,192423.16665741,1,0.024598426262180517
2009,20177,Shawnee,Multi-Crop,Non-alluvial,8634.3728628325,13087.242296378974,3,0,21721.615159211473,83.365316000000007,21721.615159211473,1,0.026055938130446807
2009,20177,Shawnee,Other Crop,Alluvial,2010.575395202425,0,2,0,2010.575395202425,5.665604,2010.575395202425,1,0.035487397198999876
2009,20177,Shawnee,Other Crop,Non-alluvial,0,345.37491451330004,1,0,345.37491451330004,2.832802,345.37491451330004,1,0.01219198922174229
2009,20177,Shawnee,Soybeans,Alluvial,177016.97850644172,0,11,0,177016.97850644172,448.392088,177016.97850644172,1,0.03947816726561904
2009,20177,Shawnee,Soybeans,Non-alluvial,0,7228.20356802835,2,0,7228.20356802835,94.69652400000001,7228.20356802835,1,0.007633018893099338
2009,20197,Wabaunsee,Alfalfa,Non-alluvial,4329.521249791725,0,1,0,4329.521249791725,26.30459,4329.521249791725,1,0.016459185449352088
2009,20197,Wabaunsee,Corn,Alluvial,404495.69898695167,5563.003087339224,18,0,410058.7020742909,715.889534,410058.7020742909,1,0.057279605665291215
2009,20197,Wabaunsee,Corn,Non-alluvial,14049.358129666025,14801.78205057,2,0,28851.140180236027,59.084156,28851.140180236027,1,0.04883058696858769
2009,20197,Wabaunsee,Golf Course/Turf/Sod,Non-alluvial,0,15924.250522738224,1,0,15924.250522738224,8.09372,15924.250522738224,1,0.1967482260658662
2009,20197,Wabaunsee,Multi-Crop,Alluvial,11952.439005835276,0,2,0,11952.439005835276,97.12464,11952.439005835276,1,0.012306289120696125
2009,20197,Wabaunsee,Multi-Crop,Non-alluvial,17083.723450032874,21030.865330184875,3,0,38114.58878021775,181.299328,38114.58878021775,1,0.021023017129008746
2009,20197,Wabaunsee,Other Crop,Alluvial,185.02227563212497,0,1,0,185.02227563212497,0.404686,185.02227563212497,1,0.045719959581533576
2009,20197,Wabaunsee,Soybeans,Alluvial,145982.57547374663,0,13,0,145982.57547374663,476.92245099999997,145982.57547374663,1,0.03060928986833263
2009,20197,Wabaunsee,Soybeans,Non-alluvial,0,10250.234070019726,2,0,10250.234070019726,61.512271999999996,10250.234070019726,1,0.0166637221106379
2009,20209,Wyandotte,Corn,Alluvial,152951.74785589,0,2,0,152951.74785589,61.512271999999996,152951.74785589,1,0.24865241175921773
2009,20209,Wyandotte,Golf Course/Turf/Sod,Non-alluvial,0,85924.34480355884,1,0,85924.34480355884,36.42174,85924.34480355884,1,0.23591499144071323
2009,20209,Wyandotte,Multi-Crop,Alluvial,4366.52570491815,0,1,0,4366.52570491815,16.18744,4366.52570491815,1,0.026974776153104816
2009,20209,Wyandotte,Other Crop,Alluvial,0,63277.61826618674,1,0,63277.61826618674,7.284348,63277.61826618674,1,0.868679232049138
2009,20209,Wyandotte,Soybeans,Alluvial,37312.82558581187,0,3,0,37312.82558581187,93.887152,37312.82558581187,1,0.039742206245442266
2010,20005,Atchison,Golf Course/Turf/Sod,Non-alluvial,1578.8567520607999,0,2,0,1578.8567520607999,1.214058,1578.8567520607999,1,0.13004788503191775
2010,20013,Brown,Corn,Non-alluvial,0,70826.52711197746,2,0,70826.52711197746,52.609179999999995,70826.52711197746,1,0.13462769636777738
2010,20013,Brown,Golf Course/Turf/Sod,Non-alluvial,0,9621.1583328705,1,0,9621.1583328705,8.09372,9621.1583328705,1,0.11887189491198732
2010,20045,Douglas,Corn,Alluvial,251321.9244003031,0,5,0,251321.9244003031,182.1087,251321.9244003031,1,0.1380065446627773
2010,20045,Douglas,Golf Course/Turf/Sod,Alluvial,3441.414326757525,0,1,0,3441.414326757525,7.284348,3441.414326757525,1,0.04724395823425137
2010,20045,Douglas,Golf Course/Turf/Sod,Non-alluvial,456.388279892575,0,1,0,456.388279892575,0.809372,456.388279892575,1,0.056387950150558086
2010,20045,Douglas,Multi-Crop,Alluvial,578799.0174507889,0,6,0,578799.0174507889,278.019282,578799.0174507889,1,0.2081866456481205
2010,20045,Douglas,Other Crop,Alluvial,94990.43630953296,0,4,0,94990.43630953296,64.74976,94990.43630953296,1,0.14670392030724588
2010,20045,Douglas,Soybeans,Alluvial,436467.54821618285,0,13,0,436467.54821618285,535.804264,436467.54821618285,1,0.08146026031181097
2010,20061,Geary,Corn,Alluvial,139519.13064499773,0,3,0,139519.13064499773,146.091646,139519.13064499773,1,0.09550110116837053
2010,20061,Geary,Corn,Non-alluvial,161142.06725720537,78967.50723979094,5,0,240109.57449699633,208.817976,240109.57449699633,1,0.11498510765040475
2010,20061,Geary,Golf Course/Turf/Sod,Non-alluvial,106350.80403334544,0,1,0,106350.80403334544,44.51546,106350.80403334544,1,0.23890757061332277
2010,20061,Geary,Multi-Crop,Non-alluvial,1002376.6804646003,120770.20671427573,11,0,1123146.8871788762,711.033302,1123146.8871788762,1,0.1579598148243802
2010,20061,Geary,Other Crop,Alluvial,109779.8835417275,0,1,0,109779.8835417275,6.474976,109779.8835417275,1,1.695448501148537
2010,20061,Geary,Other Crop,Non-alluvial,4181.503429286025,0,1,0,4181.503429286025,0.809372,4181.503429286025,1,0.5166355432713294
2010,20061,Geary,Soybeans,Alluvial,66731.36741131975,0,2,0,66731.36741131975,57.870098,66731.36741131975,1,0.1153123456112339
2010,20061,Geary,Soybeans,Non-alluvial,183406.41442493777,185996.72628378752,9,0,369403.14070872526,322.13005599999997,369403.14070872526,1,0.11467515490349814
2010,20085,Jackson,Corn,Non-alluvial,0,74.00891025284999,1,0,74.00891025284999,0.809372,74.00891025284999,1,0.009143991916306715
2010,20085,Jackson,Golf Course/Turf/Sod,Non-alluvial,0,31688.148406595275,1,0,31688.148406595275,14.16401,31688.148406595275,1,0.223723002218971
2010,20085,Jackson,Multi-Crop,Non-alluvial,69580.71045605447,26828.229966658124,2,0,96408.94042271259,84.98406,96408.94042271259,1,0.11344355685373539
2010,20085,Jackson,Other Crop,Non-alluvial,0,814.09801278135,1,0,814.09801278135,2.832802,814.09801278135,1,0.02873826030839254
2010,20085,Jackson,Soybeans,Non-alluvial,0,15418.522969343749,1,0,15418.522969343749,20.2343,15418.522969343749,1,0.0761999326358893
2010,20087,Jefferson,Corn,Alluvial,699162.1751586739,17034.384176530973,19,0,716196.5593352049,738.147264,716196.5593352049,1,0.0970262431718781
2010,20087,Jefferson,Golf Course/Turf/Sod,Alluvial,6562.1233757527,0,1,0,6562.1233757527,1.214058,6562.1233757527,1,0.5405115221639082
2010,20087,Jefferson,Golf Course/Turf/Sod,Non-alluvial,1134.8032905437,54162.18748671072,2,0,55296.99077725442,19.829614,55296.99077725442,1,0.2788606514340341
2010,20087,Jefferson,Multi-Crop,Alluvial,608661.6127378138,0,17,0,608661.6127378138,724.7926259999999,608661.6127378138,1,0.08397734619582263
2010,20087,Jefferson,Other Crop,Alluvial,17441.43318292165,0,2,0,17441.43318292165,27.923333999999997,17441.43318292165,1,0.06246185782443333
2010,20087,Jefferson,Soybeans,Alluvial,470573.3210243712,26285.49795813722,17,0,496858.81898250844,567.774458,496858.81898250844,1,0.08750989270153263
2010,20091,Johnson,Corn,Non-alluvial,0,12717.197745114725,1,0,12717.197745114725,40.4686,12717.197745114725,1,0.03142485221904075
2010,20091,Johnson,Golf Course/Turf/Sod,Non-alluvial,0,764129.6635423007,11,0,764129.6635423007,329.00971799999996,764129.6635423007,1,0.23225139615550833
2010,20091,Johnson,Other Crop,Non-alluvial,0,75822.12855404482,4,0,75822.12855404482,16.18744,75822.12855404482,1,0.46840098591281154
2010,20091,Johnson,Soybeans,Alluvial,124334.96922478799,0,2,0,124334.96922478799,53.418552,124334.96922478799,1,0.23275615786962547
2010,20103,Leavenworth,Corn,Alluvial,14530.416046309549,0,1,0,14530.416046309549,64.74976,14530.416046309549,1,0.0224408801612694
2010,20103,Leavenworth,Corn,Non-alluvial,0,6056.395822358225,1,0,6056.395822358225,16.18744,6056.395822358225,1,0.03741416692422165
2010,20103,Leavenworth,Golf Course/Turf/Sod,Alluvial,18415.883834584172,2787.6689528573497,2,0,21203.55278744152,18.21087,21203.55278744152,1,0.11643349706763882
2010,20103,Leavenworth,Golf Course/Turf/Sod,Non-alluvial,3219.3875959989746,139149.08609373347,2,0,142368.47368973243,54.63261,142368.47368973243,1,0.2605924807358324
2010,20103,Leavenworth,Other Crop,Alluvial,23867.873556544124,0,2,0,23867.873556544124,44.51546,23867.873556544124,1,0.053617043509253025
2010,20103,Leavenworth,Other Crop,Non-alluvial,2084.5843054552747,0,2,0,2084.5843054552747,1.214058,2084.5843054552747,1,0.17170384820620388
2010,20103,Leavenworth,Soybeans,Alluvial,10225.564433268773,0,1,0,10225.564433268773,17.806184,10225.564433268773,1,0.05742704014104748
2010,20103,Leavenworth,Soybeans,Non-alluvial,0,52213.28618338567,5,0,52213.28618338567,58.274784,52213.28618338567,1,0.08959842079103318
2010,20149,Pottawatomie,Corn,Alluvial,1480597.5888817662,4119.82933740865,51,0,1484717.4182191747,2262.5994259999998,1484717.4182191747,1,0.0656199856305972
2010,20149,Pottawatomie,Corn,Non-alluvial,222039.06557692547,93325.23582884384,11,0,315364.3014057693,566.965086,315364.3014057693,1,0.05562323134052196
2010,20149,Pottawatomie,Golf Course/Turf/Sod,Alluvial,29418.541825507877,0,2,0,29418.541825507877,16.18744,29418.541825507877,1,0.181736839336596
2010,20149,Pottawatomie,Golf Course/Turf/Sod,Non-alluvial,35770.973288877496,30467.001387423246,3,0,66237.97467630074,91.05435,66237.97467630074,1,0.07274553568972898
2010,20149,Pottawatomie,Multi-Crop,Alluvial,1259656.3221402578,0,34,0,1259656.3221402578,1953.824008,1259656.3221402578,1,0.0644713299141863
2010,20149,Pottawatomie,Other Crop,Alluvial,5365.645993331625,0,3,0,5365.645993331625,12.545266,5365.645993331625,1,0.04277028476982173
2010,20149,Pottawatomie,Other Crop,Non-alluvial,21129.543877188677,0,5,0,21129.543877188677,28.32802,21129.543877188677,1,0.07458884834587336
2010,20149,Pottawatomie,Soybeans,Alluvial,1746832.3086980185,0,49,0,1746832.3086980185,1842.940044,1746832.3086980185,1,0.09478508616626591
2010,20149,Pottawatomie,Soybeans,Non-alluvial,93892.6374741157,356513.2555063539,9,0,450405.8929804696,428.157788,450405.8929804696,1,0.105196239705085
2010,20161,Riley,Alfalfa,Alluvial,12334.818375474999,0,1,0,12334.818375474999,52.60918,12334.818375474999,1,0.02344613311873517
2010,20161,Riley,Alfalfa,Non-alluvial,0,1295.155929424875,1,0,1295.155929424875,7.284348,1295.155929424875,1,0.017779984281707507
2010,20161,Riley,Corn,Alluvial,427771.50126147293,44417.68097008547,11,0,472189.1822315584,455.27175,472189.1822315584,1,0.10371589764389257
2010,20161,Riley,Corn,Non-alluvial,30923.389667315823,87675.88901287629,3,1,105561.37565731503,124.643288,118599.2786801921,0.8900676027041081,0.09515095484338644
2010,20161,Riley,Golf Course/Turf/Sod,Alluvial,84764.8718762642,0,1,0,84764.8718762642,26.709276,84764.8718762642,1,0.31736117398414015
2010,20161,Riley,Golf Course/Turf/Sod,Non-alluvial,0,34352.46917569787,1,0,34352.46917569787,60.7029,34352.46917569787,1,0.056591149970920455
2010,20161,Riley,Multi-Crop,Alluvial,270440.89288228936,0,9,0,270440.89288228936,268.306818,270440.89288228936,1,0.10079538600554286
2010,20161,Riley,Multi-Crop,Non-alluvial,21117.2090588132,0,1,0,21117.2090588132,48.56232,21117.2090588132,1,0.0434847615575475
2010,20161,Riley,Other Crop,Alluvial,62537.52916365825,0,4,0,62537.52916365825,152.566622,62537.52916365825,1,0.04099030859034045
2010,20161,Riley,Other Crop,Non-alluvial,41124.28446383365,222.02673075854997,4,0,41346.31119459219,19.020242,41346.31119459219,1,0.21738057378340506
2010,20161,Riley,Sorghum,Alluvial,42703.141215894444,0,2,0,42703.141215894444,50.585750000000004,42703.141215894444,1,0.08441733337134359
2010,20161,Riley,Soybeans,Alluvial,545815.7131147687,0,13,0,545815.7131147687,436.65619399999997,545815.7131147687,1,0.12499896271132908
2010,20177,Shawnee,Alfalfa,Alluvial,40877.58809632415,0,1,0,40877.58809632415,14.16401,40877.58809632415,1,0.2886018020060996
2010,20177,Shawnee,Corn,Alluvial,2729349.931578104,0,84,0,2729349.931578104,3159.383602,2729349.931578104,1,0.0863886844842244
2010,20177,Shawnee,Corn,Non-alluvial,0,172280.40825025932,5,0,172280.40825025932,222.981986,172280.40825025932,1,0.0772620297005783
2010,20177,Shawnee,Golf Course/Turf/Sod,Alluvial,80200.98907733844,0,3,0,80200.98907733844,36.017054,80200.98907733844,1,0.22267503910047287
2010,20177,Shawnee,Golf Course/Turf/Sod,Non-alluvial,0,208162.39490451608,2,0,208162.39490451608,44.313117,208162.39490451608,1,0.46975344773087413
2010,20177,Shawnee,Multi-Crop,Alluvial,950397.7558303487,0,29,0,950397.7558303487,960.724564,950397.7558303487,1,0.09892510209933059
2010,20177,Shawnee,Multi-Crop,Non-alluvial,35746.303652126546,210308.65330184874,4,0,246054.95695397528,183.322758,246054.95695397528,1,0.134219536973132
2010,20177,Shawnee,Other Crop,Alluvial,36597.40612003432,0,3,0,36597.40612003432,45.729518,36597.40612003432,1,0.08003015933829506
2010,20177,Shawnee,Other Crop,Non-alluvial,0,407.049006390675,1,0,407.049006390675,2.832802,407.049006390675,1,0.01436913015419627
2010,20177,Shawnee,Soybeans,Alluvial,1894628.1024729598,542.7320085209,55,0,1895170.8344814808,1686.326562,1895170.8344814808,1,0.11238456875362203
2010,20177,Shawnee,Soybeans,Non-alluvial,21684.610704085047,36387.71420765125,3,0,58072.324911736294,65.15444600000001,58072.324911736294,1,0.08913025660863771
2010,20197,Wabaunsee,Alfalfa,Alluvial,11261.689176808675,0,1,0,11261.689176808675,26.709276,11261.689176808675,1,0.04216396272519208
2010,20197,Wabaunsee,Corn,Alluvial,897580.0635465648,30528.675479300622,25,0,928108.7390258653,936.645747,928108.7390258653,1,0.09908855530476937
2010,20197,Wabaunsee,Corn,Non-alluvial,16898.701174400747,257637.3514085463,7,0,274536.0525829471,257.380296,274536.0525829471,1,0.10666552834446467
2010,20197,Wabaunsee,Golf Course/Turf/Sod,Non-alluvial,0,23460.824550153447,1,0,23460.824550153447,8.903092,23460.824550153447,1,0.26351322158811175
2010,20197,Wabaunsee,Multi-Crop,Alluvial,240504.28868501156,0,5,0,240504.28868501156,263.855272,240504.28868501156,1,0.0911500789285012
2010,20197,Wabaunsee,Multi-Crop,Non-alluvial,49906.675147171845,300550.1845368238,4,0,350456.8596839957,287.32705999999996,350456.8596839957,1,0.12197140766483873
2010,20197,Wabaunsee,Other Crop,Non-alluvial,61.674091877375,23695.186099287475,2,0,23756.86019116485,46.538889999999995,23756.86019116485,1,0.05104732878494707
2010,20197,Wabaunsee,Soybeans,Alluvial,639609.6720418807,0,15,0,639609.6720418807,568.58383,639609.6720418807,1,0.11249170980502217
2010,20197,Wabaunsee,Soybeans,Non-alluvial,0,202969.43636844112,5,0,202969.43636844112,135.165124,202969.43636844112,1,0.15016405886509682
2010,20209,Wyandotte,Golf Course/Turf/Sod,Non-alluvial,0,136275.0734122478,1,0,136275.0734122478,36.42174,136275.0734122478,1,0.37415860256058
2010,20209,Wyandotte,Multi-Crop,Alluvial,4773.574711308825,0,1,0,4773.574711308825,16.18744,4773.574711308825,1,0.02948937393008916
2010,20209,Wyandotte,Other Crop,Alluvial,20451.128866537547,0,1,0,20451.128866537547,7.284348,20451.128866537547,1,0.2807544184673432
2010,20209,Wyandotte,Soybeans,Alluvial,82643.2831156825,0,3,0,82643.2831156825,93.887152,82643.2831156825,1,0.08802406011387212
2011,20005,Atchison,Corn,Non-alluvial,21240.55724256795,0,3,0,21240.55724256795,55.846667999999994,21240.55724256795,1,0.03803370550695693
2011,20005,Atchison,Golf Course/Turf/Sod,Non-alluvial,1467.8433866815249,0,2,0,1467.8433866815249,1.214058,1467.8433866815249,1,0.12090389311561102
2011,20013,Brown,Corn,Non-alluvial,0,63622.99318070005,2,0,63622.99318070005,52.60918,63622.99318070005,1,0.120935154626436
2011,20013,Brown,Golf Course/Turf/Sod,Non-alluvial,0,13642.30912327535,1,0,13642.30912327535,8.09372,13642.30912327535,1,0.16855425099058716
2011,20045,Douglas,Corn,Alluvial,1158177.771365225,0,16,0,1158177.771365225,679.063108,1158177.771365225,1,0.17055524850647974
2011,20045,Douglas,Golf Course/Turf/Sod,Alluvial,15097.8176915814,0,1,0,15097.8176915814,7.284348,15097.8176915814,1,0.20726381676961894
2011,20045,Douglas,Golf Course/Turf/Sod,Non-alluvial,4711.90061943145,0,1,0,4711.90061943145,0.809372,4711.90061943145,1,0.5821674853381943
2011,20045,Douglas,Multi-Crop,Alluvial,384081.57457554055,0,4,0,384081.57457554055,183.727444,384081.57457554055,1,0.20904964778998425
2011,20045,Douglas,Other Crop,Alluvial,11027.327627674651,0,3,0,11027.327627674651,13.354638,11027.327627674651,1,0.08257301791089096
2011,20045,Douglas,Other Crop,Non-alluvial,172.68745725665002,0,1,0,172.68745725665002,2.832802,172.68745725665002,1,0.006095994610871145
2011,20045,Douglas,Soybeans,Alluvial,344708.83432102436,0,6,0,344708.83432102436,243.620972,344708.83432102436,1,0.14149390813571847
2011,20061,Geary,Corn,Alluvial,355649.8182200707,0,4,0,355649.8182200707,154.99473799999998,355649.8182200707,1,0.22945928539849572
2011,20061,Geary,Corn,Non-alluvial,347743.19964139117,113702.35578512854,6,0,461445.5554265197,319.297254,461445.5554265197,1,0.14451911178243948
2011,20061,Geary,Golf Course/Turf/Sod,Non-alluvial,70937.54047735671,0,1,0,70937.54047735671,44.51546,70937.54047735671,1,0.1593548409414543
2011,20061,Geary,Multi-Crop,Alluvial,126320.87498323947,0,1,0,126320.87498323947,57.465412,126320.87498323947,1,0.2198207070772232
2011,20061,Geary,Multi-Crop,Non-alluvial,894496.358952696,443103.6805021884,11,0,1337600.0394548844,664.494412,1337600.0394548844,1,0.20129590487133914
2011,20061,Geary,Other Crop,Alluvial,377445.44228953496,0,3,0,377445.44228953496,48.56232,377445.44228953496,1,0.7772393128860708
2011,20061,Geary,Other Crop,Non-alluvial,4711.90061943145,0,1,0,4711.90061943145,0.809372,4711.90061943145,1,0.5821674853381943
2011,20061,Geary,Soybeans,Non-alluvial,474236.76208188734,149596.67725776078,10,0,623833.4393396481,347.625274,623833.4393396481,1,0.17945572028219334
2011,20085,Jackson,Corn,Non-alluvial,0,27346.292338428077,1,0,27346.292338428077,20.2343,27346.292338428077,1,0.1351482005230133
2011,20085,Jackson,Golf Course/Turf/Sod,Non-alluvial,0,32378.898235621873,1,0,32378.898235621873,14.16401,32378.898235621873,1,0.2285997979076679
2011,20085,Jackson,Multi-Crop,Non-alluvial,49672.31359803783,53372.75911068032,2,0,103045.07270871816,84.98406,103045.07270871816,1,0.12125223566480368
2011,20085,Jackson,Other Crop,Non-alluvial,0,148.01782050569997,1,0,148.01782050569997,2.02343,148.01782050569997,1,0.007315193533045372
2011,20087,Jefferson,Corn,Alluvial,1269696.8642978945,63240.61381106033,22,0,1332937.4781089548,795.612676,1332937.4781089548,1,0.16753597803524123
2011,20087,Jefferson,Golf Course/Turf/Sod,Alluvial,7980.627488932324,0,1,0,7980.627488932324,1.618744,7980.627488932324,1,0.4930135641542037
2011,20087,Jefferson,Golf Course/Turf/Sod,Non-alluvial,1307.49074780035,60909.33313809555,2,0,62216.8238858959,19.829614,62216.8238858959,1,0.31375711037993936
2011,20087,Jefferson,Multi-Crop,Alluvial,1168687.0366211298,0,18,0,1168687.0366211298,744.6222399999999,1168687.0366211298,1,0.15695032646636098
2011,20087,Jefferson,Other Crop,Alluvial,68815.95171677502,0,3,0,68815.95171677502,44.110774,68815.95171677502,1,0.15600712813784454
2011,20087,Jefferson,Soybeans,Alluvial,801195.7927606031,346608.3963508475,15,0,1147804.1891114507,585.580642,1147804.1891114507,1,0.19601129319972477
2011,20091,Johnson,Corn,Alluvial,161721.8037208527,0,2,0,161721.8037208527,106.837104,161721.8037208527,1,0.15137232072562795
2011,20091,Johnson,Corn,Non-alluvial,0,73712.8746118386,2,0,73712.8746118386,53.418552,73712.8746118386,1,0.13799115073699228
2011,20091,Johnson,Golf Course/Turf/Sod,Non-alluvial,0,976966.9546111218,11,0,976966.9546111218,288.541118,976966.9546111218,1,0.33858846925626795
2011,20091,Johnson,Other Crop,Non-alluvial,0,38743.664517366975,4,0,38743.664517366975,16.187440000000002,38743.664517366975,1,0.23934398840932827
2011,20103,Leavenworth,Corn,Alluvial,12260.809465222148,0,1,0,12260.809465222148,19.829614,12260.809465222148,1,0.06183080248169303
2011,20103,Leavenworth,Corn,Non-alluvial,0,12310.14873872405,1,0,12310.14873872405,32.37488,12310.14873872405,1,0.038023766385308765
2011,20103,Leavenworth,Golf Course/Turf/Sod,Alluvial,7166.529476150974,4699.565801055975,2,0,11866.095277206949,21.853043999999997,11866.095277206949,1,0.05429950755238927
2011,20103,Leavenworth,Golf Course/Turf/Sod,Non-alluvial,0,190868.97954210016,1,0,190868.97954210016,48.56232,190868.97954210016,1,0.39303925253591704
2011,20103,Leavenworth,Other Crop,Alluvial,12273.144283597625,0,2,0,12273.144283597625,68.79662,12273.144283597625,1,0.01783974893475526
2011,20103,Leavenworth,Other Crop,Non-alluvial,888.1069230342,0,2,0,888.1069230342,1.214058,888.1069230342,1,0.07315193533045374
2011,20103,Leavenworth,Soybeans,Non-alluvial,0,124470.65222691822,6,0,124470.65222691822,76.080968,124470.65222691822,1,0.1636028766444168
2011,20131,Nemaha,Multi-Crop,Non-alluvial,0,3700.4455126425,1,0,3700.4455126425,52.60918,3700.4455126425,1,0.007033839935620551
2011,20149,Pottawatomie,Corn,Alluvial,4600319.852406903,215254.9154704142,59,0,4815574.767877317,2367.4130999999998,4815574.767877317,1,0.20341083556044012
2011,20149,Pottawatomie,Corn,Non-alluvial,472596.2312379491,529694.1054980229,12,0,1002290.3367359721,525.687114,1002290.3367359721,1,0.19066290765802796
2011,20149,Pottawatomie,Golf Course/Turf/Sod,Alluvial,33809.73716717697,0,2,0,33809.73716717697,16.18744,33809.73716717697,1,0.2088640153549726
2011,20149,Pottawatomie,Golf Course/Turf/Sod,Non-alluvial,77709.3557654925,33883.74607742982,3,0,111593.10184292232,91.05435,111593.10184292232,1,0.12255658498789165
2011,20149,Pottawatomie,Multi-Crop,Alluvial,4412189.202544158,21462.5839733265,44,0,4433651.786517485,2357.29595,4433651.786517485,1,0.18808210256830438
2011,20149,Pottawatomie,Multi-Crop,Non-alluvial,0,207348.29689173473,3,0,207348.29689173473,120.191742,207348.29689173473,1,0.17251459496421534
2011,20149,Pottawatomie,Other Crop,Alluvial,25607.082947486102,0,3,0,25607.082947486102,33.588938,25607.082947486102,1,0.07623665549499095
2011,20149,Pottawatomie,Other Crop,Non-alluvial,28000.03771232825,0,5,0,28000.03771232825,32.779566,28000.03771232825,1,0.08541918374492281
2011,20149,Pottawatomie,Soybeans,Alluvial,3787196.2902772157,52731.34855515562,51,0,3839927.638832371,2051.7580199999998,3839927.638832371,1,0.18715304638274893
2011,20149,Pottawatomie,Soybeans,Non-alluvial,350247.16777161264,382441.0437316024,10,0,732688.211503215,513.546534,732688.211503215,1,0.14267221429698423
2011,20149,Pottawatomie,Wheat,Alluvial,15467.862242845647,0,2,0,15467.862242845647,28.32802,15467.862242845647,1,0.05460269458594581
2011,20161,Riley,Alfalfa,Alluvial,97642.42226026011,0,2,0,97642.42226026011,52.609179999999995,97642.42226026011,1,0.18559958976790766
2011,20161,Riley,Corn,Alluvial,1655184.6081682392,0,20,0,1655184.6081682392,706.17707,1655184.6081682392,1,0.23438662602967827
2011,20161,Riley,Corn,Non-alluvial,0,185244.30236288355,1,0,185244.30236288355,112.907394,185244.30236288355,1,0.1640674678603277
2011,20161,Riley,Golf Course/Turf/Sod,Alluvial,110507.63782588052,0,1,0,110507.63782588052,26.709276,110507.63782588052,1,0.41374254332420135
2011,20161,Riley,Golf Course/Turf/Sod,Non-alluvial,0,73515.517517831,1,0,73515.517517831,60.7029,73515.517517831,1,0.12110709293597341
2011,20161,Riley,Multi-Crop,Alluvial,270564.2410660441,0,4,0,270564.2410660441,141.235414,270564.2410660441,1,0.19156968737744776
2011,20161,Riley,Multi-Crop,Non-alluvial,168111.23963934876,3022.030501991375,3,0,171133.27014134015,89.84029199999999,171133.27014134015,1,0.19048610187213122
2011,20161,Riley,Other Crop,Alluvial,252358.049143843,0,7,0,252358.049143843,158.232226,252358.049143843,1,0.1594858743527017
2011,20161,Riley,Other Crop,Non-alluvial,54655.580221729724,616.74091877375,4,0,55272.321140503474,20.638986,55272.321140503474,1,0.26780541030699606
2011,20161,Riley,Sorghum,Alluvial,60872.32868296912,21339.23578957175,2,0,82211.56447254086,48.967006,82211.56447254086,1,0.16789175240271145
2011,20161,Riley,Soybeans,Alluvial,730973.671749024,56246.771792166,10,0,787220.4435411899,399.829768,787220.4435411899,1,0.19688890286457858
2011,20161,Riley,Soybeans,Non-alluvial,29492.550735760724,0,1,0,29492.550735760724,19.020242,29492.550735760724,1,0.15505875653822243
2011,20177,Shawnee,Corn,Alluvial,6542288.987804936,0,104,0,6542288.987804936,3403.40926,6542288.987804936,1,0.19222751329662116
2011,20177,Shawnee,Corn,Non-alluvial,31688.148406595275,164423.12894508173,5,0,196111.277351677,140.426042,196111.277351677,1,0.1396544932539486
2011,20177,Shawnee,Golf Course/Turf/Sod,Alluvial,93325.23582884386,0,4,0,93325.23582884386,36.826426,93325.23582884386,1,0.25341920453764333
2011,20177,Shawnee,Golf Course/Turf/Sod,Non-alluvial,0,168999.34656238297,3,0,168999.34656238297,44.313117,168999.34656238297,1,0.38137544366915777
2011,20177,Shawnee,Multi-Crop,Alluvial,2024156.0302338228,0,30,0,2024156.0302338228,1119.361476,2024156.0302338228,1,0.18083131085295837
2011,20177,Shawnee,Multi-Crop,Non-alluvial,31675.8135882198,93066.20464295887,4,0,124742.01823117866,183.322758,124742.01823117866,1,0.06804502593790274
2011,20177,Shawnee,Other Crop,Alluvial,59885.54321293112,0,5,0,59885.54321293112,55.037296,59885.54321293112,1,0.10880902145507135
2011,20177,Shawnee,Other Crop,Non-alluvial,246.6963675095,530.3971901454249,2,0,777.0935576549249,5.260918,777.0935576549249,1,0.014771063864803155
2011,20177,Shawnee,Soybeans,Alluvial,2174702.488506495,0,46,0,2174702.488506495,1567.7535639999999,2174702.488506495,1,0.13871456193395043
2011,20177,Shawnee,Soybeans,Non-alluvial,0,164423.12894508173,5,0,164423.12894508173,190.20242,164423.12894508173,1,0.0864463916626727
2011,20197,Wabaunsee,Alfalfa,Alluvial,32859.9561522654,0,1,0,32859.9561522654,26.709276,32859.9561522654,1,0.1230282548739449
2011,20197,Wabaunsee,Corn,Alluvial,1603958.1074548915,16035.263888117499,23,0,1619993.371343009,773.759632,1619993.371343009,1,0.2093664885509314
2011,20197,Wabaunsee,Corn,Non-alluvial,129589.60185274035,341995.1742784198,7,0,471584.7761311602,208.817976,471584.7761311602,1,0.22583533523529614
2011,20197,Wabaunsee,Golf Course/Turf/Sod,Non-alluvial,0,24644.967114199048,1,0,24644.967114199048,8.09372,24644.967114199048,1,0.30449493081301365
2011,20197,Wabaunsee,Multi-Crop,Alluvial,266814.4562798997,0,4,0,266814.4562798997,231.885078,266814.4562798997,1,0.11506322812194915
2011,20197,Wabaunsee,Multi-Crop,Non-alluvial,65559.55966564962,543250.07089267,4,0,608809.6305583196,270.330248,608809.6305583196,1,0.22520958533590352
2011,20197,Wabaunsee,Other Crop,Non-alluvial,0,77931.38249625106,2,0,77931.38249625106,43.706088,77931.38249625106,1,0.178307842367981
2011,20197,Wabaunsee,Soybeans,Alluvial,1851049.1891524068,55482.01305288654,26,0,1906531.2022052933,922.8864229999999,1906531.2022052933,1,0.20658351392880916
2011,20197,Wabaunsee,Soybeans,Non-alluvial,70037.09873594705,285218.00529610843,5,0,355255.1040320555,208.41329,355255.1040320555,1,0.17045702989097072
2011,20209,Wyandotte,Golf Course/Turf/Sod,Non-alluvial,0,169209.03847476604,1,0,169209.03847476604,36.42174,169209.03847476604,1,0.4645825226218353
2011,20209,Wyandotte,Multi-Crop,Alluvial,4366.52570491815,0,1,0,4366.52570491815,16.18744,4366.52570491815,1,0.026974776153104816
2011,20209,Wyandotte,Other Crop,Alluvial,148918.26224710967,0,1,0,148918.26224710967,23.471788,148918.26224710967,1,0.6344564046297183
2011,20209,Wyandotte,Soybeans,Alluvial,158502.41612485374,0,3,0,158502.41612485374,93.887152,158502.41612485374,1,0.16882226454675475
2012,20005,Atchison,Corn,Non-alluvial,95693.52095693504,0,2,0,95693.52095693504,32.374880000000005,95693.52095693504,1,0.29557953869461456
2012,20005,Atchison,Golf Course/Turf/Sod,Non-alluvial,5871.373546726099,0,2,0,5871.373546726099,1.214058,5871.373546726099,1,0.4836155724624441
2012,20005,Atchison,Soybeans,Non-alluvial,137360.5374292896,61230.038415857896,5,0,198590.57584514748,105.21835999999999,198590.57584514748,1,0.18874137160581814
2012,20013,Brown,Corn,Non-alluvial,0,64350.74746485308,2,0,64350.74746485308,52.60918,64350.74746485308,1,0.12231847648044138
2012,20013,Brown,Golf Course/Turf/Sod,Non-alluvial,0,18995.6202982315,1,0,18995.6202982315,8.09372,18995.6202982315,1,0.2346957925185391
2012,20045,Douglas,Corn,Alluvial,1218087.984214907,0,12,0,1218087.984214907,470.649818,1218087.984214907,1,0.2588098279504502
2012,20045,Douglas,Golf Course/Turf/Sod,Alluvial,17749.803642308525,0,1,0,17749.803642308525,7.284348,17749.803642308525,1,0.24367045125121048
2012,20045,Douglas,Golf Course/Turf/Sod,Non-alluvial,937.4461965360999,0,1,0,937.4461965360999,0.809372,937.4461965360999,1,0.11582389760655173
2012,20045,Douglas,Multi-Crop,Alluvial,429745.07220154896,0,4,0,429745.07220154896,188.583676,429745.07220154896,1,0.2278803135651831
2012,20045,Douglas,Other Crop,Alluvial,38657.320788738645,0,4,0,38657.320788738645,41.682657999999996,38657.320788738645,1,0.09274197626441828
2012,20045,Douglas,Other Crop,Non-alluvial,185.02227563212497,0,1,0,185.02227563212497,2.832802,185.02227563212497,1,0.00653142279736194
2012,20045,Douglas,Soybeans,Alluvial,806635.4476641875,0,10,0,806635.4476641875,407.518802,806635.4476641875,1,0.197938216275034
2012,20061,Geary,Corn,Alluvial,360731.76339076634,0,2,0,360731.76339076634,112.502708,360731.76339076634,1,0.3206427381203716
2012,20061,Geary,Corn,Non-alluvial,678365.6713776231,181950.90585663173,10,0,860316.5772342548,314.845708,860316.5772342548,1,0.273250216018271
2012,20061,Geary,Golf Course/Turf/Sod,Non-alluvial,195531.5408880297,0,1,0,195531.5408880297,44.51546,195531.5408880297,1,0.43924412077967906
2012,20061,Geary,Multi-Crop,Non-alluvial,1006829.5498981469,387448.9799920452,11,0,1394278.529890192,639.40388,1394278.529890192,1,0.218059128745073
2012,20061,Geary,Other Crop,Alluvial,928811.8236732674,0,3,0,928811.8236732674,145.68696,928811.8236732674,1,0.6375394363869404
2012,20061,Geary,Other Crop,Non-alluvial,5229.9629912014,0,1,0,5229.9629912014,0.809372,5229.9629912014,1,0.6461754287523412
2012,20061,Geary,Soybeans,Alluvial,291101.71366121,0,2,0,291101.71366121,88.626234,291101.71366121,1,0.3284599835994498
2012,20061,Geary,Soybeans,Non-alluvial,218523.6423399151,137249.52406391033,4,0,355773.1664038254,204.36642999999998,355773.1664038254,1,0.17408591342708557
2012,20061,Geary,Unknown,Non-alluvial,332151.98921479075,0,2,2,0,0,332151.98921479075,0,NA
2012,20085,Jackson,Corn,Non-alluvial,0,32378.898235621873,1,0,32378.898235621873,20.2343,32378.898235621873,1,0.16001985853536754
2012,20085,Jackson,Golf Course/Turf/Sod,Non-alluvial,0,23115.449635640147,1,0,23115.449635640147,14.16401,23115.449635640147,1,0.16319848429675032
2012,20085,Jackson,Multi-Crop,Non-alluvial,142121.77732222294,31885.505500602874,2,0,174007.28282282583,99.55275599999999,174007.28282282583,1,0.1747890162104863
2012,20085,Jackson,Other Crop,Non-alluvial,0,49.339273501899996,1,0,49.339273501899996,0.809372,49.339273501899996,1,0.006095994610871144
2012,20085,Jackson,Soybeans,Non-alluvial,0,43554.243683802226,1,0,43554.243683802226,29.946763999999998,43554.243683802226,1,0.1454388984526082
2012,20087,Jefferson,Alfalfa,Alluvial,46970.988373808796,0,1,0,46970.988373808796,16.18744,46970.988373808796,1,0.2901693434774665
2012,20087,Jefferson,Corn,Alluvial,2343948.531436388,264951.89870520297,27,0,2608900.4301415905,1087.795968,2608900.4301415905,1,0.23983361833361663
2012,20087,Jefferson,Golf Course/Turf/Sod,Alluvial,12396.492467352375,0,1,0,12396.492467352375,2.428116,12396.492467352375,1,0.5105395486604584
2012,20087,Jefferson,Golf Course/Turf/Sod,Non-alluvial,3046.700138742325,72023.00449439853,2,0,75069.70463314085,19.829614,75069.70463314085,1,0.3785737061404264
2012,20087,Jefferson,Multi-Crop,Alluvial,1906481.8629317915,0,22,0,1906481.8629317915,826.773498,1906481.8629317915,1,0.2305930061308994
2012,20087,Jefferson,Other Crop,Alluvial,193052.24239455923,0,3,0,193052.24239455923,48.56232,193052.24239455923,1,0.3975350485614345
2012,20087,Jefferson,Soybeans,Alluvial,496513.4440679951,0,8,0,496513.4440679951,249.691262,496513.4440679951,1,0.1988509490043729
2012,20087,Jefferson,Unknown,Alluvial,5328.6415382052,0,1,1,0,0,5328.6415382052,0,NA
2012,20091,Johnson,Golf Course/Turf/Sod,Non-alluvial,0,1232063.3334343203,11,0,1232063.3334343203,288.541118,1232063.3334343203,1,0.42699749067802545
2012,20091,Johnson,Other Crop,Non-alluvial,0,113196.62823173407,4,0,113196.62823173407,16.18744,113196.62823173407,1,0.6992867817995562
2012,20091,Johnson,Soybeans,Alluvial,159119.15704362746,0,2,0,159119.15704362746,114.930824,159119.15704362746,1,0.13844776492999603
2012,20091,Johnson,Unknown,Non-alluvial,0,97112.02507011467,1,0,97112.02507011467,36.42174,97112.02507011467,1,0.2666320309521584
2012,20103,Leavenworth,Golf Course/Turf/Sod,Alluvial,28777.131269983172,42419.44039325853,2,0,71196.5716632417,18.21087,71196.5716632417,1,0.3909564543772027
2012,20103,Leavenworth,Golf Course/Turf/Sod,Non-alluvial,0,296442.69001779065,1,0,296442.69001779065,48.56232,296442.69001779065,1,0.6104376603461091
2012,20103,Leavenworth,Multi-Crop,Non-alluvial,0,136053.04668148924,1,0,136053.04668148924,72.84348,136053.04668148924,1,0.18677450154974642
2012,20103,Leavenworth,Other Crop,Alluvial,42148.07438899808,0,3,0,42148.07438899808,38.44517,42148.07438899808,1,0.1096316504491932
2012,20103,Leavenworth,Other Crop,Non-alluvial,2750.6644977309247,0,1,0,2750.6644977309247,0.809372,2750.6644977309247,1,0.33985169955606626
2012,20103,Leavenworth,Soybeans,Alluvial,14481.07677280765,0,1,0,14481.07677280765,17.806184,14481.07677280765,1,0.08132610992230369
2012,20103,Leavenworth,Soybeans,Non-alluvial,0,160512.99152005615,5,0,160512.99152005615,99.552756,160512.99152005615,1,0.16123410136436217
2012,20131,Nemaha,Corn,Non-alluvial,0,57973.6463647325,1,0,57973.6463647325,52.60918,57973.6463647325,1,0.11019682565805529
2012,20149,Pottawatomie,Alfalfa,Non-alluvial,0,6808.819743262199,1,0,6808.819743262199,7.284348,6808.819743262199,1,0.09347191736669087
2012,20149,Pottawatomie,Corn,Alluvial,5079490.54183898,215279.58510716516,59,0,5294770.126946146,2362.556868,5294770.126946146,1,0.22411185942916087
2012,20149,Pottawatomie,Corn,Non-alluvial,378703.59376383346,410959.14381570055,12,0,789662.737579534,517.188708,789662.737579534,1,0.15268367722744905
2012,20149,Pottawatomie,Golf Course/Turf/Sod,Alluvial,51510.2015359836,0,2,0,51510.2015359836,16.18744,51510.2015359836,1,0.31821091868747375
2012,20149,Pottawatomie,Golf Course/Turf/Sod,Non-alluvial,128282.11110493999,24941.00275521045,3,0,153223.11386015045,59.488842,153223.11386015045,1,0.2575661396470795
2012,20149,Pottawatomie,Multi-Crop,Alluvial,5405413.447774156,0,50,0,5405413.447774156,2592.4185159999997,5405413.447774156,1,0.20850851876009965
2012,20149,Pottawatomie,Multi-Crop,Non-alluvial,20537.472595165873,661146.26492546,7,0,681683.7375206258,382.023584,681683.7375206258,1,0.17844022360688228
2012,20149,Pottawatomie,Other Crop,Alluvial,7363.886570158575,0,2,0,7363.886570158575,12.14058,7363.886570158575,1,0.060655146378167886
2012,20149,Pottawatomie,Other Crop,Non-alluvial,29776.25155839665,0,4,0,29776.25155839665,26.506933,29776.25155839665,1,0.11233382435605299
2012,20149,Pottawatomie,Soybeans,Alluvial,3997208.907938053,246252.3140479829,47,0,4243461.221986036,1927.114732,4243461.221986036,1,0.2201976432187866
2012,20149,Pottawatomie,Soybeans,Non-alluvial,254997.70027619466,248238.21980643438,7,0,503235.920082629,244.83503,503235.920082629,1,0.20554081663993468
2012,20161,Riley,Alfalfa,Alluvial,141566.71049532655,0,2,0,141566.71049532655,56.65604,141566.71049532655,1,0.24987046481774325
2012,20161,Riley,Alfalfa,Non-alluvial,0,1899.56202982315,1,0,1899.56202982315,4.04686,1899.56202982315,1,0.04693915850370781
2012,20161,Riley,Corn,Alluvial,775095.317078098,0,10,0,775095.317078098,329.81909,775095.317078098,1,0.23500620206007417
2012,20161,Riley,Corn,Non-alluvial,90438.88832898269,411378.5276404667,3,0,501817.4159694494,162.683772,501817.4159694494,1,0.3084618765597895
2012,20161,Riley,Golf Course/Turf/Sod,Alluvial,114023.06106289089,0,1,0,114023.06106289089,26.709276,114023.06106289089,1,0.4269043498704004
2012,20161,Riley,Golf Course/Turf/Sod,Non-alluvial,0,41185.958555711026,1,0,41185.958555711026,60.7029,41185.958555711026,1,0.06784842001899584
2012,20161,Riley,Multi-Crop,Alluvial,763019.5298885079,0,9,0,763019.5298885079,315.25039399999997,763019.5298885079,1,0.2420360273644917
2012,20161,Riley,Multi-Crop,Non-alluvial,247078.74687913974,0,2,0,247078.74687913974,89.435606,247078.74687913974,1,0.2762644073537554
2012,20161,Riley,Other Crop,Alluvial,374300.06360378885,0,7,0,374300.06360378885,155.39942399999998,374300.06360378885,1,0.24086322456625636
2012,20161,Riley,Other Crop,Non-alluvial,59860.873576180165,394.71418801519997,4,0,60255.58776419537,21.043672,60255.58776419537,1,0.28633590071255327
2012,20161,Riley,Sorghum,Alluvial,93115.54391646077,0,1,0,93115.54391646077,40.4686,93115.54391646077,1,0.23009331658733134
2012,20161,Riley,Soybeans,Alluvial,996455.9676443724,88810.69230342,14,0,1085266.6599477923,561.299482,1085266.6599477923,1,0.1933489509166859
2012,20177,Shawnee,Corn,Alluvial,8245813.749186662,1813.2183011948248,101,0,8247626.967487857,3531.290036,8247626.967487857,1,0.23355846966425323
2012,20177,Shawnee,Corn,Non-alluvial,43726.93114105888,149510.33352913248,4,0,193237.26467019133,167.13531799999998,193237.26467019133,1,0.11561725372143747
2012,20177,Shawnee,Golf Course/Turf/Sod,Alluvial,114060.06551801732,0,4,0,114060.06551801732,36.826426,114060.06551801732,1,0.30972341849849166
2012,20177,Shawnee,Golf Course/Turf/Sod,Non-alluvial,0,188105.98022599373,2,0,188105.98022599373,44.313117,188105.98022599373,1,0.4244927754145431
2012,20177,Shawnee,Multi-Crop,Alluvial,3072257.882416309,0,37,0,3072257.882416309,1231.459498,3072257.882416309,1,0.24948103347336473
2012,20177,Shawnee,Multi-Crop,Non-alluvial,8140.9801278135,68618.59462276741,4,0,76759.57475058093,241.192856,76759.57475058093,1,0.03182497857672075
2012,20177,Shawnee,Other Crop,Alluvial,158058.36266333662,0,6,0,158058.36266333662,99.552756,158058.36266333662,1,0.15876844500752607
2012,20177,Shawnee,Other Crop,Non-alluvial,1048.459561915375,505.72755339447497,2,0,1554.18711530985,4.4515460000000004,1554.18711530985,1,0.034913423680443825
2012,20177,Shawnee,Sorghum,Alluvial,28320.7429900906,0,1,0,28320.7429900906,12.14058,28320.7429900906,1,0.23327339377600245
2012,20177,Shawnee,Soybeans,Alluvial,2920342.259303959,0,45,0,2920342.259303959,1371.88554,2920342.259303959,1,0.21287069322882132
2012,20177,Shawnee,Soybeans,Non-alluvial,0,178978.21462814225,4,0,178978.21462814225,123.42923,178978.21462814225,1,0.14500472426842673
2012,20177,Shawnee,Unknown,Non-alluvial,0,15208.831056960675,1,0,15208.831056960675,47.752947999999996,15208.831056960675,1,0.031848988793237804
2012,20197,Wabaunsee,Alfalfa,Alluvial,51460.86226248169,0,1,0,51460.86226248169,26.709276,51460.86226248169,1,0.1926703751254122
2012,20197,Wabaunsee,Corn,Alluvial,3032502.7627921533,59786.86466592733,30,0,3092289.62745808,1050.362513,3092289.62745808,1,0.2944021315675115
2012,20197,Wabaunsee,Corn,Non-alluvial,238432.03919793174,397045.4686881648,8,0,635477.5078860965,321.72537,635477.5078860965,1,0.19752172726884934
2012,20197,Wabaunsee,Golf Course/Turf/Sod,Non-alluvial,0,33230.00070352965,1,0,33230.00070352965,8.09372,33230.00070352965,1,0.4105652370421716
2012,20197,Wabaunsee,Multi-Crop,Alluvial,725978.0703069565,0,7,2,611264.2594150391,311.203534,725978.0703069565,0.8419872230528749,0.23328079246907157
2012,20197,Wabaunsee,Multi-Crop,Non-alluvial,86652.09908771187,407110.6804825524,4,0,493762.7795702642,270.330248,493762.7795702642,1,0.18265169481524843
2012,20197,Wabaunsee,Other Crop,Non-alluvial,0,112222.17758007155,2,0,112222.17758007155,43.706088,112222.17758007155,1,0.2567655507856744
2012,20197,Wabaunsee,Soybeans,Alluvial,1231680.9540646805,7400.891025285,17,0,1239081.8450899655,615.932092,1239081.8450899655,1,0.2011718274114487
2012,20197,Wabaunsee,Soybeans,Non-alluvial,0,228083.12658090823,4,0,228083.12658090823,91.459036,228083.12658090823,1,0.24938282378234145
2012,20209,Wyandotte,Golf Course/Turf/Sod,Non-alluvial,0,236211.77189034625,1,0,236211.77189034625,36.42174,236211.77189034625,1,0.6485460933232357
2012,20209,Wyandotte,Multi-Crop,Alluvial,5957.717275354425,0,1,0,5957.717275354425,16.18744,5957.717275354425,1,0.036804567463134534
2012,20209,Wyandotte,Other Crop,Alluvial,175734.1573953923,0,1,0,175734.1573953923,23.471788,175734.1573953923,1,0.7487037519058722
2012,20209,Wyandotte,Soybeans,Alluvial,205892.7883234287,0,3,0,205892.7883234287,93.887152,205892.7883234287,1,0.21929815095832142
2013,20005,Atchison,Corn,Non-alluvial,104290.88936464113,58306.68646087032,6,0,162597.57582551145,161.87439999999998,162597.57582551145,1,0.10044675120062929
2013,20005,Atchison,Golf Course/Turf/Sod,Non-alluvial,11693.407819950298,0,2,0,11693.407819950298,1.214058,11693.407819950298,1,0.9631671485176407
2013,20013,Brown,Corn,Non-alluvial,0,40704.9006390675,2,0,40704.9006390675,74.86690999999999,40704.9006390675,1,0.05436968166452643
2013,20013,Brown,Golf Course/Turf/Sod,Non-alluvial,0,24188.578834306474,1,0,24188.578834306474,8.09372,24188.578834306474,1,0.2988561357979579
2013,20013,Brown,Multi-Crop,Non-alluvial,0,75970.14637455053,1,0,75970.14637455053,102.790244,75970.14637455053,1,0.07390793466211688
2013,20013,Brown,Soybeans,Non-alluvial,0,107312.9198666325,2,0,107312.9198666325,171.182178,107312.9198666325,1,0.06268930628200822
2013,20045,Douglas,Corn,Alluvial,1253575.2566811487,0,15,0,1253575.2566811487,665.303784,1253575.2566811487,1,0.18842148306211176
2013,20045,Douglas,Golf Course/Turf/Sod,Alluvial,8288.9979483192,0,1,0,8288.9979483192,7.284348,8288.9979483192,1,0.11379189940292804
2013,20045,Douglas,Golf Course/Turf/Sod,Non-alluvial,1208.8122007965499,0,1,0,1208.8122007965499,0.809372,1208.8122007965499,1,0.14935186796634303
2013,20045,Douglas,Multi-Crop,Alluvial,296590.70783829637,0,5,0,296590.70783829637,233.09913600000002,296590.70783829637,1,0.1272380125159693
2013,20045,Douglas,Other Crop,Alluvial,53496.10729443507,0,4,0,53496.10729443507,61.107586000000005,53496.10729443507,1,0.08754413452764287
2013,20045,Douglas,Other Crop,Non-alluvial,148.01782050569997,0,1,0,148.01782050569997,2.832802,148.01782050569997,1,0.005225138237889552
2013,20045,Douglas,Sorghum,Alluvial,28592.10899435105,0,1,0,28592.10899435105,20.2343,28592.10899435105,1,0.1413051550799931
2013,20045,Douglas,Soybeans,Alluvial,362483.3076000838,0,6,0,362483.3076000838,242.002228,362483.3076000838,1,0.14978511173049358
2013,20061,Geary,Corn,Alluvial,234139.52240326643,0,3,0,234139.52240326643,146.091646,234139.52240326643,1,0.16026893310741835
2013,20061,Geary,Corn,Non-alluvial,340033.9381567193,155048.66697972076,9,0,495082.6051364401,403.471942,495082.6051364401,1,0.12270558460207379
2013,20061,Geary,Golf Course/Turf/Sod,Non-alluvial,123878.58094489542,0,1,0,123878.58094489542,44.51546,123878.58094489542,1,0.27828215398626777
2013,20061,Geary,Multi-Crop,Non-alluvial,731565.7430310467,178632.83971362896,9,0,910198.5827446757,609.457116,910198.5827446757,1,0.14934579625856328
2013,20061,Geary,Other Crop,Alluvial,575221.9201219011,0,2,0,575221.9201219011,332.247206,575221.9201219011,1,0.17313070199961322
2013,20061,Geary,Other Crop,Non-alluvial,4317.186431416249,0,1,0,4317.186431416249,1.214058,4317.186431416249,1,0.35559968563415006
2013,20061,Geary,Sorghum,Non-alluvial,32255.55005186712,0,1,0,32255.55005186712,28.32802,32255.55005186712,1,0.11386447076734314
2013,20061,Geary,Soybeans,Alluvial,88452.98257053123,0,2,0,88452.98257053123,66.77319,88452.98257053123,1,0.13246781016532416
2013,20061,Geary,Soybeans,Non-alluvial,194359.73314235956,129083.87429934586,7,0,323443.6074417054,192.22585,323443.6074417054,1,0.16826228493290857
2013,20085,Jackson,Corn,Non-alluvial,0,52694.34410002919,2,0,52694.34410002919,78.509084,52694.34410002919,1,0.0671187860248493
2013,20085,Jackson,Golf Course/Turf/Sod,Non-alluvial,0,22770.07472112685,1,0,22770.07472112685,14.16401,22770.07472112685,1,0.1607600864524019
2013,20085,Jackson,Multi-Crop,Non-alluvial,70974.54493248314,41420.32010484505,3,0,112394.8650373282,114.526138,112394.8650373282,1,0.09813905104992555
2013,20085,Jackson,Soybeans,Non-alluvial,0,39471.41880152,1,0,39471.41880152,20.2343,39471.41880152,1,0.1950718275478766
2013,20087,Jefferson,Corn,Alluvial,1336637.9236215972,54963.9506811166,29,0,1391601.874302714,902.854466,1391601.874302714,1,0.15413357597576682
2013,20087,Jefferson,Golf Course/Turf/Sod,Alluvial,11212.349903306775,0,1,0,11212.349903306775,2.428116,11212.349903306775,1,0.4617715917734892
2013,20087,Jefferson,Golf Course/Turf/Sod,Non-alluvial,1924.2316665741,29578.89446438905,2,0,31503.12613096315,19.829614,31503.12613096315,1,0.15886908404249903
2013,20087,Jefferson,Multi-Crop,Alluvial,1328768.3094980442,0,22,0,1328768.3094980442,1048.9461119999999,1328768.3094980442,1,0.12667650838273417
2013,20087,Jefferson,Other Crop,Alluvial,103772.82699287117,0,4,0,103772.82699287117,50.58575,103772.82699287117,1,0.20514241064503574
2013,20087,Jefferson,Soybeans,Alluvial,561875.6466396372,136164.06004686852,13,0,698039.7066865057,543.088612,698039.7066865057,1,0.1285314571623729
2013,20091,Johnson,Corn,Alluvial,158564.09021673113,0,2,0,158564.09021673113,106.837104,158564.09021673113,1,0.14841668697490257
2013,20091,Johnson,Golf Course/Turf/Sod,Non-alluvial,0,785296.2118746159,11,0,785296.2118746159,305.53792999999996,785296.2118746159,1,0.2570208588749082
2013,20091,Johnson,Other Crop,Non-alluvial,0,92622.15118144176,4,0,92622.15118144176,16.592126,92622.15118144176,1,0.5582295552808709
2013,20091,Johnson,Unknown,Non-alluvial,0,32773.612423637074,1,0,32773.612423637074,36.42174,32773.612423637074,1,0.08998365378380349
2013,20103,Leavenworth,Corn,Alluvial,37103.1336734288,0,2,0,37103.1336734288,78.509084,37103.1336734288,1,0.04725966956056805
2013,20103,Leavenworth,Golf Course/Turf/Sod,Alluvial,72948.11587255915,6562.1233757527,2,0,79510.23924831185,18.21087,79510.23924831185,1,0.43660868068528214
2013,20103,Leavenworth,Golf Course/Turf/Sod,Non-alluvial,653.745373900175,58997.43628989692,2,0,59651.18166379709,51.395122,59651.18166379709,1,0.11606389739438129
2013,20103,Leavenworth,Multi-Crop,Non-alluvial,0,51744.563085117625,1,0,51744.563085117625,72.84348,51744.563085117625,1,0.07103527053501237
2013,20103,Leavenworth,Other Crop,Alluvial,61.674091877375,0,1,0,61.674091877375,3.237488,61.674091877375,1,0.0019049983158972326
2013,20103,Leavenworth,Other Crop,Non-alluvial,1122.468472168225,0,1,0,1122.468472168225,0.809372,1122.468472168225,1,0.13868387739731852
2013,20103,Leavenworth,Soybeans,Non-alluvial,0,97235.37325386942,4,0,97235.37325386942,74.86690999999999,97235.37325386942,1,0.12987763653377632
2013,20131,Nemaha,Corn,Non-alluvial,64141.05555247,51806.237176995,3,0,115947.292729465,137.59324,115947.292729465,1,0.0842681607973364
2013,20139,Osage,Corn,Non-alluvial,36696.08466703812,0,1,0,36696.08466703812,47.348262,36696.08466703812,1,0.07750249558693015
2013,20149,Pottawatomie,Alfalfa,Non-alluvial,0,3638.771420765125,1,0,3638.771420765125,8.09372,3638.771420765125,1,0.04495796025517469
2013,20149,Pottawatomie,Corn,Alluvial,4285633.966011785,104056.5278155071,68,0,4389690.493827292,2862.748764,4389690.493827292,1,0.15333830719024605
2013,20149,Pottawatomie,Corn,Non-alluvial,230574.75989275417,491184.80252979,12,0,721759.5624225441,436.251508,721759.5624225441,1,0.1654457461319639
2013,20149,Pottawatomie,Golf Course/Turf/Sod,Alluvial,7141.859839400025,0,1,0,7141.859839400025,12.545266,7141.859839400025,1,0.05692872386603859
2013,20149,Pottawatomie,Golf Course/Turf/Sod,Non-alluvial,59207.12820228,6944.502745392425,3,0,66151.63094767243,59.488842,66151.63094767243,1,0.11120006495953046
2013,20149,Pottawatomie,Multi-Crop,Alluvial,2519312.6442805156,164497.13785533461,44,0,2683809.7821358503,2411.523874,2683809.7821358503,1,0.11129103099793117
2013,20149,Pottawatomie,Multi-Crop,Non-alluvial,0,369390.8058903498,3,0,369390.8058903498,208.008604,369390.8058903498,1,0.17758438775462856
2013,20149,Pottawatomie,Other Crop,Alluvial,5205.29335445045,0,2,0,5205.29335445045,12.14058,5205.29335445045,1,0.04287516209646038
2013,20149,Pottawatomie,Other Crop,Non-alluvial,12075.787189590024,0,4,0,12075.787189590024,25.899904,12075.787189590024,1,0.04662483378158477
2013,20149,Pottawatomie,Sorghum,Alluvial,118944.65359470542,0,1,0,118944.65359470542,77.295025999999993,118944.65359470542,1,0.15388396867180748
2013,20149,Pottawatomie,Soybeans,Alluvial,1972793.846518345,79670.59188719302,43,0,2052464.438405538,1728.00922,2052464.438405538,1,0.11877624347429917
2013,20149,Pottawatomie,Soybeans,Non-alluvial,271452.3479890783,428622.60372938076,12,0,700074.951718459,533.3761480000001,700074.951718459,1,0.13125351674302072
2013,20149,Pottawatomie,Unknown,Alluvial,4822.913984810725,0,1,0,4822.913984810725,3.237488,4822.913984810725,1,0.14897086830316358
2013,20161,Riley,Alfalfa,Non-alluvial,0,2158.5932157081247,1,0,2158.5932157081247,6.07029,2158.5932157081247,1,0.035559968563415006
2013,20161,Riley,Corn,Alluvial,847007.3082071173,0,14,0,847007.3082071173,571.4166319999999,847007.3082071173,1,0.14822937604082853
2013,20161,Riley,Corn,Non-alluvial,44319.00242308167,231524.54090766574,3,0,275843.5433307474,161.469714,275843.5433307474,1,0.1708329918332223
2013,20161,Riley,Golf Course/Turf/Sod,Alluvial,100701.4572173779,0,1,0,100701.4572173779,26.709276,100701.4572173779,1,0.3770280303269093
2013,20161,Riley,Golf Course/Turf/Sod,Non-alluvial,0,113171.95859498311,2,0,113171.95859498311,68.79662,113171.95859498311,1,0.16450220751394923
2013,20161,Riley,Multi-Crop,Alluvial,705477.6021669171,0,14,0,705477.6021669171,363.81271399999997,705477.6021669171,1,0.19391230020810024
2013,20161,Riley,Multi-Crop,Non-alluvial,114713.8108919175,0,2,0,114713.8108919175,84.174688,114713.8108919175,1,0.13628064875264817
2013,20161,Riley,Other Crop,Alluvial,109101.46853107637,0,3,0,109101.46853107637,149.73381999999998,109101.46853107637,1,0.07286361126102066
2013,20161,Riley,Other Crop,Non-alluvial,28160.390351209426,0,2,0,28160.390351209426,16.996812,28160.390351209426,1,0.1656804249597479
2013,20161,Riley,Soybeans,Alluvial,700568.344453478,34340.1343573224,9,0,734908.4788108005,406.30474399999997,734908.4788108005,1,0.18087617475881615
2013,20161,Riley,Unknown,Non-alluvial,5711.020907844924,0,1,0,5711.020907844924,2.02343,5711.020907844924,1,0.28224455048333397
2013,20177,Shawnee,Corn,Alluvial,5476178.300794256,0,113,0,5476178.300794256,3894.293378,5476178.300794256,1,0.1406205893919237
2013,20177,Shawnee,Corn,Non-alluvial,27494.31015893377,130995.7711475445,4,0,158490.08130647827,111.28865,158490.08130647827,1,0.14241351773651514
2013,20177,Shawnee,Golf Course/Turf/Sod,Alluvial,49820.33141854353,0,4,0,49820.33141854353,35.207682,49820.33141854353,1,0.14150415076614112
2013,20177,Shawnee,Golf Course/Turf/Sod,Non-alluvial,0,1046991.7185286934,4,0,1046991.7185286934,100.969157,1046991.7185286934,1,1.0369421213734542
2013,20177,Shawnee,Multi-Crop,Alluvial,1596150.167423216,0,31,0,1596150.167423216,1078.083504,1596150.167423216,1,0.14805440965389413
2013,20177,Shawnee,Multi-Crop,Non-alluvial,0,40507.5435450599,1,0,40507.5435450599,42.087344,40507.5435450599,1,0.09624637645240788
2013,20177,Shawnee,Other Crop,Alluvial,8350.672040196574,0,2,0,8350.672040196574,47.752948,8350.672040196574,1,0.01748723877779561
2013,20177,Shawnee,Other Crop,Non-alluvial,0,431.71864314162497,1,0,431.71864314162497,2.832802,431.71864314162497,1,0.01523998652717786
2013,20177,Shawnee,Sorghum,Alluvial,32711.9383317597,0,1,0,32711.9383317597,34.802996,32711.9383317597,1,0.09399173086064112
2013,20177,Shawnee,Soybeans,Alluvial,1542728.0690390337,0,40,1,1521758.877800726,1189.77684,1542728.0690390337,0.9864077204148043,0.12966533026807225
2013,20177,Shawnee,Soybeans,Non-alluvial,0,206275.16769306842,6,0,206275.16769306842,366.24083,206275.16769306842,1,0.05632227507049621
2013,20177,Shawnee,Unknown,Alluvial,4970.931805316425,0,1,0,4970.931805316425,3.237488,4970.931805316425,1,0.15354286426131694
2013,20197,Wabaunsee,Alfalfa,Alluvial,35635.29028674727,0,1,0,35635.29028674727,26.709276,35635.29028674727,1,0.1334191547788389
2013,20197,Wabaunsee,Corn,Alluvial,1645020.7178268477,2466.963675095,27,0,1647487.6815019427,970.4370279999999,1647487.6815019427,1,0.1697676030455366
2013,20197,Wabaunsee,Corn,Non-alluvial,0,313119.36446143285,6,0,313119.36446143285,215.69763799999998,313119.36446143285,1,0.1451658754192908
2013,20197,Wabaunsee,Golf Course/Turf/Sod,Non-alluvial,0,25335.71694322565,1,0,25335.71694322565,10.926522,25335.71694322565,1,0.2318735727912839
2013,20197,Wabaunsee,Multi-Crop,Alluvial,172736.79653015189,0,5,0,172736.79653015189,209.62734799999998,172736.79653015189,1,0.08240184221104199
2013,20197,Wabaunsee,Multi-Crop,Non-alluvial,147943.81159544713,242366.84625970828,5,0,390310.6578551554,314.441022,390310.6578551554,1,0.12412841536151585
2013,20197,Wabaunsee,Other Crop,Non-alluvial,0,15171.826601834251,2,0,15171.826601834251,43.706088,15171.826601834251,1,0.03471330264523846
2013,20197,Wabaunsee,Soybeans,Alluvial,1477094.5004631311,57467.91881133802,24,0,1534562.4192744691,922.886423,1534562.4192744691,1,0.16627857784342648
2013,20197,Wabaunsee,Soybeans,Non-alluvial,0,179866.32155117646,3,0,179866.32155117646,135.56981,179866.32155117646,1,0.13267431853092992
2013,20209,Wyandotte,Corn,Alluvial,78942.83760304,0,1,0,78942.83760304,26.30459,78942.83760304,1,0.30011050391981015
2013,20209,Wyandotte,Golf Course/Turf/Sod,Non-alluvial,0,149140.28897786821,1,0,149140.28897786821,36.42174,149140.28897786821,1,0.4094815046669055
2013,20209,Wyandotte,Other Crop,Alluvial,93140.21355321172,0,2,0,93140.21355321172,23.471787999999997,93140.21355321172,1,0.3968177181611036
2013,20209,Wyandotte,Soybeans,Alluvial,90969.28551912811,0,3,0,90969.28551912811,82.555944,90969.28551912811,1,0.1101910790568007
2014,20005,Atchison,Corn,Non-alluvial,17922.491099565173,33304.009613782495,3,0,51226.50071334767,88.221548,51226.50071334767,1,0.05806574683244922
2014,20005,Atchison,Golf Course/Turf/Sod,Non-alluvial,912.77655978515,0,2,0,912.77655978515,0.809372,912.77655978515,1,0.11277590030111617
2014,20013,Brown,Corn,Non-alluvial,0,136916.4839677725,2,0,136916.4839677725,171.182178,136916.4839677725,1,0.07998290801497601
2014,20013,Brown,Golf Course/Turf/Sod,Non-alluvial,0,10842.305352042524,1,0,10842.305352042524,8.09372,10842.305352042524,1,0.1339594815738934
2014,20013,Brown,Multi-Crop,Non-alluvial,0,79929.623073078,1,0,79929.623073078,102.790244,79929.623073078,1,0.07775993125678152
2014,20013,Brown,Soybeans,Non-alluvial,0,31762.157316848123,1,0,31762.157316848123,51.799808,31762.157316848123,1,0.06131713329294217
2014,20045,Douglas,Corn,Alluvial,523600.70522053825,0,8,0,523600.70522053825,312.822278,523600.70522053825,1,0.16737960882074335
2014,20045,Douglas,Golf Course/Turf/Sod,Alluvial,7684.591847920925,0,1,0,7684.591847920925,7.284348,7684.591847920925,1,0.10549457340479787
2014,20045,Douglas,Golf Course/Turf/Sod,Non-alluvial,1097.7988354172749,0,1,0,1097.7988354172749,0.809372,1097.7988354172749,1,0.13563588009188293
2014,20045,Douglas,Multi-Crop,Alluvial,389928.2784855157,0,7,0,389928.2784855157,283.2802,389928.2784855157,1,0.13764755831347045
2014,20045,Douglas,Other Crop,Alluvial,67816.83142836155,0,3,0,67816.83142836155,56.656040000000004,67816.83142836155,1,0.11969920846631982
2014,20045,Douglas,Other Crop,Non-alluvial,49.339273501899996,0,1,0,49.339273501899996,2.832802,49.339273501899996,1,0.0017417127459631839
2014,20045,Douglas,Sorghum,Alluvial,629.075737149225,0,1,0,629.075737149225,2.02343,629.075737149225,1,0.031089572515442837
2014,20045,Douglas,Soybeans,Alluvial,650365.6336652949,0,13,0,650365.6336652949,631.512503,650365.6336652949,1,0.10298539309605638
2014,20061,Geary,Corn,Alluvial,255762.45901547413,0,2,0,255762.45901547413,116.549568,255762.45901547413,1,0.219445222667384
2014,20061,Geary,Corn,Non-alluvial,575776.9869487975,168481.28419061302,12,0,744258.2711394106,377.572038,744258.2711394106,1,0.19711689326406381
2014,20061,Geary,Golf Course/Turf/Sod,Non-alluvial,187637.2571277257,0,1,0,187637.2571277257,44.51546,187637.2571277257,1,0.4215103182753266
2014,20061,Geary,Multi-Crop,Alluvial,77635.34685523965,0,2,0,77635.34685523965,65.15444600000001,77635.34685523965,1,0.11915586981622044
2014,20061,Geary,Multi-Crop,Non-alluvial,946327.2657664419,319249.76919404394,12,0,1265577.034960486,711.842674,1265577.034960486,1,0.17778886840949437
2014,20061,Geary,Other Crop,Alluvial,487361.0088333927,0,3,0,487361.0088333927,477.934166,487361.0088333927,1,0.10197241450894572
2014,20061,Geary,Soybeans,Alluvial,51806.237176995,0,1,0,51806.237176995,31.160822,51806.237176995,1,0.16625439847830395
2014,20061,Geary,Soybeans,Non-alluvial,113936.71733426256,66583.34959081405,3,0,180520.06692507662,168.754062,180520.06692507662,1,0.10697227953249304
2014,20085,Jackson,Corn,Non-alluvial,0,18502.2275632125,1,0,18502.2275632125,20.2343,18502.2275632125,1,0.09143991916306717
2014,20085,Jackson,Golf Course/Turf/Sod,Non-alluvial,0,8696.046954709875,1,0,8696.046954709875,14.16401,8696.046954709875,1,0.06139537429520223
2014,20085,Jackson,Multi-Crop,Non-alluvial,37534.852316570425,47242.35437806924,3,0,84777.20669463967,131.927636,84777.20669463967,1,0.06426038490876897
2014,20085,Jackson,Soybeans,Non-alluvial,0,43652.92223080602,1,0,43652.92223080602,48.56232,43652.92223080602,1,0.08989052053280407
2014,20087,Jefferson,Corn,Alluvial,1239772.5949189921,145119.13818746337,26,0,1384891.7331064555,1057.039832,1384891.7331064555,1,0.13101604037816955
2014,20087,Jefferson,Corn,Non-alluvial,0,51806.237176995,1,0,51806.237176995,54.63261,51806.237176995,1,0.09482658283577336
2014,20087,Jefferson,Golf Course/Turf/Sod,Alluvial,7413.225843660474,0,1,0,7413.225843660474,2.428116,7413.225843660474,1,0.3053077300944631
2014,20087,Jefferson,Golf Course/Turf/Sod,Non-alluvial,974.450651662525,42185.0788441245,2,0,43159.52949578703,19.829614,43159.52949578703,1,0.2176518892187565
2014,20087,Jefferson,Multi-Crop,Alluvial,1079592.6434950738,90216.86159822415,22,0,1169809.505093298,974.079202,1169809.505093298,1,0.12009387970623132
2014,20087,Jefferson,Other Crop,Alluvial,92918.18682245316,0,3,0,92918.18682245316,35.612368,92918.18682245316,1,0.26091549661188823
2014,20087,Jefferson,Soybeans,Alluvial,662873.1394980265,0,18,0,662873.1394980265,559.276052,662873.1394980265,1,0.118523426334376
2014,20091,Johnson,Golf Course/Turf/Sod,Non-alluvial,0,747329.6409149038,11,0,747329.6409149038,362.19397,747329.6409149038,1,0.20633409245187154
2014,20091,Johnson,Other Crop,Non-alluvial,0,79929.623073078,2,0,79929.623073078,12.14058,79929.623073078,1,0.6583674179740835
2014,20091,Johnson,Soybeans,Alluvial,135115.60048495315,0,2,0,135115.60048495315,53.418552,135115.60048495315,1,0.2529375945737974
2014,20091,Johnson,Unknown,Non-alluvial,0,66706.69777456879,3,0,66706.69777456879,41.277972,66706.69777456879,1,0.16160362184113308
2014,20103,Leavenworth,Corn,Non-alluvial,0,48105.791664352495,1,0,48105.791664352495,44.51546,48105.791664352495,1,0.10806535901089756
2014,20103,Leavenworth,Golf Course/Turf/Sod,Alluvial,14505.746409558598,24817.6545714557,2,0,39323.400981014296,18.21087,39323.400981014296,1,0.21593367577174674
2014,20103,Leavenworth,Golf Course/Turf/Sod,Non-alluvial,345.37491451330004,139223.09500398632,2,0,139568.4699184996,51.395122,139568.4699184996,1,0.27155975992916137
2014,20103,Leavenworth,Other Crop,Alluvial,12.334818375474999,0,1,0,12.334818375474999,1.214058,12.334818375474999,1,0.0010159991018118574
2014,20103,Leavenworth,Other Crop,Non-alluvial,949.781014911575,0,1,0,949.781014911575,0.809372,949.781014911575,1,0.11734789625926953
2014,20103,Leavenworth,Soybeans,Alluvial,35425.5983743642,0,2,0,35425.5983743642,82.555944,35425.5983743642,1,0.04291102088828904
2014,20131,Nemaha,Corn,Non-alluvial,122114.70191720249,53039.7190145425,4,0,175154.420931745,131.52295,175154.420931745,1,0.13317403611441578
2014,20131,Nemaha,Soybeans,Non-alluvial,0,35770.973288877496,1,0,35770.973288877496,52.60918,35770.973288877496,1,0.06799378604433198
2014,20139,Osage,Corn,Non-alluvial,54174.5223050862,0,1,0,54174.5223050862,47.348262,54174.5223050862,1,0.11441712961942763
2014,20149,Pottawatomie,Alfalfa,Non-alluvial,0,4539.2131621748,1,0,4539.2131621748,8.09372,4539.2131621748,1,0.056083150420014535
2014,20149,Pottawatomie,Corn,Alluvial,4271226.89814923,116971.08265462943,64,0,4388197.980803859,2531.715616,4388197.980803859,1,0.17332902451883678
2014,20149,Pottawatomie,Corn,Non-alluvial,425575.9035906384,458164.49373864336,16,0,883740.3973292818,766.475284,883740.3973292818,1,0.11529926871448627
2014,20149,Pottawatomie,Golf Course/Turf/Sod,Alluvial,15529.536334723023,0,1,0,15529.536334723023,12.545266,15529.536334723023,1,0.1237880195981737
2014,20149,Pottawatomie,Golf Course/Turf/Sod,Non-alluvial,48105.791664352495,12458.16655922975,3,0,60563.958223582245,72.84348,60563.958223582245,1,0.08314259316493698
2014,20149,Pottawatomie,Multi-Crop,Alluvial,2239842.6643473785,167013.4408039315,37,0,2406856.10515131,2133.099906,2406856.10515131,1,0.11283372608949477
2014,20149,Pottawatomie,Multi-Crop,Non-alluvial,0,491764.53899343725,4,0,491764.53899343725,363.003342,491764.53899343725,1,0.1354710775619904
2014,20149,Pottawatomie,Other Crop,Non-alluvial,15455.527424470174,0,5,0,15455.527424470174,14.568696,15455.527424470174,1,0.10608723954752144
2014,20149,Pottawatomie,Soybeans,Alluvial,3154420.107615348,149238.96752487202,54,0,3303659.07514022,2246.816672,3303659.07514022,1,0.14703732246207135
2014,20149,Pottawatomie,Soybeans,Non-alluvial,146994.0305805356,92560.4770895644,6,0,239554.50767009996,167.13531799999998,239554.50767009996,1,0.1433296747430127
2014,20149,Pottawatomie,Unknown,Alluvial,6327.761826618675,0,2,0,6327.761826618675,10.926521999999999,6327.761826618675,1,0.057911948803275874
2014,20161,Riley,Alfalfa,Alluvial,27259.94860979975,0,1,0,27259.94860979975,40.4686,27259.94860979975,1,0.06736074045012615
2014,20161,Riley,Corn,Alluvial,939197.7407454174,59688.18611892352,18,0,998885.9268643409,652.353832,998885.9268643409,1,0.1531202666200236
2014,20161,Riley,Corn,Non-alluvial,111605.43666129779,327674.4501444933,3,0,439279.8868057911,214.888266,439279.8868057911,1,0.20442246334929762
2014,20161,Riley,Golf Course/Turf/Sod,Alluvial,119524.39005835276,0,1,0,119524.39005835276,26.709276,119524.39005835276,1,0.44750142257076814
2014,20161,Riley,Golf Course/Turf/Sod,Non-alluvial,0,101564.89450366114,2,0,101564.89450366114,68.79662,101564.89450366114,1,0.14763064595856762
2014,20161,Riley,Multi-Crop,Alluvial,408245.48377309606,0,10,0,408245.48377309606,302.705128,408245.48377309606,1,0.13486573104010846
2014,20161,Riley,Multi-Crop,Non-alluvial,66336.65322330454,0,1,0,66336.65322330454,51.799808,66336.65322330454,1,0.12806351178619144
2014,20161,Riley,Other Crop,Alluvial,100010.7073883513,0,4,0,100010.7073883513,113.31208,100010.7073883513,1,0.08826129340168434
2014,20161,Riley,Other Crop,Non-alluvial,35844.98219913035,333.040096137825,4,0,36178.02229526817,21.043672,36178.02229526817,1,0.17191877109312564
2014,20161,Riley,Soybeans,Alluvial,645456.3759518558,0,8,0,645456.3759518558,368.26426,645456.3759518558,1,0.1752698934053106
2014,20161,Riley,Soybeans,Non-alluvial,132266.2574402184,0,1,0,132266.2574402184,32.37488,132266.2574402184,1,0.4085459388273205
2014,20177,Shawnee,Corn,Alluvial,4723236.317518511,59799.19948430279,94,0,4783035.517002814,3339.468872,4783035.517002814,1,0.14322743227542845
2014,20177,Shawnee,Corn,Non-alluvial,0,222421.4449465652,5,0,222421.4449465652,220.149184,222421.4449465652,1,0.10103214597723206
2014,20177,Shawnee,Golf Course/Turf/Sod,Alluvial,63400.9664499415,0,4,0,63400.9664499415,35.207682,63400.9664499415,1,0.18007708218320506
2014,20177,Shawnee,Golf Course/Turf/Sod,Non-alluvial,0,225147.43980754516,4,0,225147.43980754516,81.948915,225147.43980754516,1,0.2747412089684716
2014,20177,Shawnee,Multi-Crop,Alluvial,1453522.6625475984,0,27,0,1453522.6625475984,948.98867,1453522.6625475984,1,0.15316543900862362
2014,20177,Shawnee,Multi-Crop,Non-alluvial,0,60477.614494953916,2,0,60477.614494953916,199.914884,60477.614494953916,1,0.03025168175819961
2014,20177,Shawnee,Other Crop,Alluvial,6118.0699142356,0,1,0,6118.0699142356,27.518648,6118.0699142356,1,0.02223245093376535
2014,20177,Shawnee,Other Crop,Non-alluvial,0,370.04455126424995,1,0,370.04455126424995,2.832802,370.04455126424995,1,0.01306284559472388
2014,20177,Shawnee,Soybeans,Alluvial,2322448.943007935,0,66,0,2322448.943007935,2057.018938,2322448.943007935,1,0.11290362476030517
2014,20177,Shawnee,Soybeans,Non-alluvial,40063.49008354279,70777.18783847554,4,0,110840.67792201834,99.552756,110840.67792201834,1,0.11133863327904084
2014,20177,Shawnee,Unknown,Alluvial,3725.11514939345,0,1,0,3725.11514939345,3.642174,3725.11514939345,1,0.10227724291572698
2014,20197,Wabaunsee,Alfalfa,Alluvial,1122.468472168225,0,1,0,1122.468472168225,26.709276,1122.468472168225,1,0.004202541739312683
2014,20197,Wabaunsee,Corn,Alluvial,2198052.299691269,45786.845809763196,29,0,2243839.1455010325,1132.513771,2243839.1455010325,1,0.1981290826618154
2014,20197,Wabaunsee,Corn,Non-alluvial,63474.975360194345,154024.8770545563,5,0,217499.85241475067,147.305704,217499.85241475067,1,0.14765202331523475
2014,20197,Wabaunsee,Golf Course/Turf/Sod,Non-alluvial,0,35215.906461981125,1,0,35215.906461981125,11.735894,35215.906461981125,1,0.3000700795523641
2014,20197,Wabaunsee,Multi-Crop,Alluvial,366405.77984348487,0,8,0,366405.77984348487,303.109814,366405.77984348487,1,0.12088218952999157
2014,20197,Wabaunsee,Multi-Crop,Non-alluvial,171552.6539661063,300895.55945133715,4,0,472448.21341744345,286.922374,472448.21341744345,1,0.16466063863581565
2014,20197,Wabaunsee,Other Crop,Non-alluvial,0,189228.44869816196,3,0,189228.44869816196,129.904206,189228.44869816196,1,0.14566768430743648
2014,20197,Wabaunsee,Soybeans,Alluvial,1261222.8440739433,0,25,0,1261222.8440739433,879.787364,1261222.8440739433,1,0.14335541696572301
2014,20197,Wabaunsee,Soybeans,Non-alluvial,0,165557.93223562543,3,0,165557.93223562543,101.57618599999999,165557.93223562543,1,0.16298892363966633
2014,20209,Wyandotte,Golf Course/Turf/Sod,Non-alluvial,0,123594.88012225949,1,0,123594.88012225949,36.42174,123594.88012225949,1,0.33934370000516034
2014,20209,Wyandotte,Multi-Crop,Alluvial,4366.52570491815,0,1,0,4366.52570491815,16.18744,4366.52570491815,1,0.026974776153104816
2014,20209,Wyandotte,Other Crop,Alluvial,0,88736.68339316714,1,0,88736.68339316714,7.284348,88736.68339316714,1,1.218182923072417
2015,20005,Atchison,Corn,Non-alluvial,0,71541.94657775499,1,0,71541.94657775499,76.485654,71541.94657775499,1,0.093536425246171
2015,20005,Atchison,Other Crop,Non-alluvial,0,32070.527776234998,1,0,32070.527776234998,70.82005,32070.527776234998,1,0.045284531395042786
2015,20005,Atchison,Soybeans,Non-alluvial,0,69074.98290265999,2,0,69074.98290265999,31.565507999999998,69074.98290265999,1,0.2188305757748616
2015,20013,Brown,Corn,Non-alluvial,0,29603.56410114,1,0,29603.56410114,41.682657999999996,29603.56410114,1,0.07102129643733374
2015,20013,Brown,Golf Course/Turf/Sod,Non-alluvial,0,14148.036676669824,1,0,14148.036676669824,8.09372,14148.036676669824,1,0.17480264546673008
2015,20013,Brown,Multi-Crop,Non-alluvial,0,101182.51513402142,1,0,101182.51513402142,102.790244,101182.51513402142,1,0.0984359129782992
2015,20013,Brown,Sorghum,Non-alluvial,0,57258.22689895495,2,0,57258.22689895495,51.799808,57258.22689895495,1,0.11053752727993692
2015,20013,Brown,Soybeans,Non-alluvial,0,86343.72862832499,2,0,86343.72862832499,171.182178,86343.72862832499,1,0.050439671721156036
2015,20045,Douglas,Corn,Alluvial,311145.7935213569,0,11,0,311145.7935213569,468.62638799999996,311145.7935213569,1,0.06639527809120234
2015,20045,Douglas,Golf Course/Turf/Sod,Alluvial,8881.069230342,0,1,0,8881.069230342,7.284348,8881.069230342,1,0.1219198922174229
2015,20045,Douglas,Golf Course/Turf/Sod,Non-alluvial,542.7320085209,0,1,0,542.7320085209,0.809372,542.7320085209,1,0.06705594071958258
2015,20045,Douglas,Multi-Crop,Alluvial,303942.2595900794,0,5,0,303942.2595900794,271.13962,303942.2595900794,1,0.11209806209438497
2015,20045,Douglas,Other Crop,Alluvial,161388.76362471492,0,3,0,161388.76362471492,61.107586,161388.76362471492,1,0.26410593870409954
2015,20045,Douglas,Soybeans,Alluvial,149572.00762100983,0,5,0,149572.00762100983,200.31957,149572.00762100983,1,0.07466669762770049
2015,20045,Douglas,Unknown,Alluvial,149880.3780803967,0,5,0,149880.3780803967,219.339812,149880.3780803967,1,0.06833250047665615
2015,20061,Geary,Corn,Alluvial,171676.00214986104,0,3,0,171676.00214986104,147.71039,171676.00214986104,1,0.1162247301289104
2015,20061,Geary,Corn,Non-alluvial,182962.36096342068,91401.00416226975,8,0,274363.3651256904,250.90532,274363.3651256904,1,0.10934936139484426
2015,20061,Geary,Golf Course/Turf/Sod,Non-alluvial,154098.8859648092,0,1,0,154098.8859648092,64.74976,154098.8859648092,1,0.23799143960504132
2015,20061,Geary,Multi-Crop,Alluvial,77413.32012448109,0,2,0,77413.32012448109,68.39193399999999,77413.32012448109,1,0.11319071650244764
2015,20061,Geary,Multi-Crop,Non-alluvial,521614.79946208675,229032.9075958198,11,0,750647.7070579065,688.370886,750647.7070579065,1,0.10904698649005712
2015,20061,Geary,Other Crop,Alluvial,118204.56449217691,0,2,0,118204.56449217691,344.387786,118204.56449217691,1,0.03432310009164405
2015,20061,Geary,Other Crop,Non-alluvial,13506.626121145124,0,1,0,13506.626121145124,32.37488,13506.626121145124,1,0.04171946311814939
2015,20061,Geary,Soybeans,Alluvial,35770.973288877496,0,1,0,35770.973288877496,57.465412,35770.973288877496,1,0.06224783229410675
2015,20061,Geary,Soybeans,Non-alluvial,188611.70777938823,0,5,0,188611.70777938823,181.704014,188611.70777938823,1,0.10380161870248406
2015,20061,Geary,Unknown,Non-alluvial,160.352638881175,0,1,0,160.352638881175,98.74338399999999,160.352638881175,1,1.6239329906009197e-4
2015,20085,Jackson,Golf Course/Turf/Sod,Non-alluvial,0,13173.586025007298,1,0,13173.586025007298,14.16401,13173.586025007298,1,0.09300746063443402
2015,20085,Jackson,Multi-Crop,Non-alluvial,42012.39138686785,61661.75705899952,3,0,103674.14844586737,172.800922,103674.14844586737,1,0.05999629356483836
2015,20085,Jackson,Unknown,Non-alluvial,0,1196.477382421075,1,0,1196.477382421075,8.09372,1196.477382421075,1,0.014782786931362524
2015,20087,Jefferson,Corn,Alluvial,439440.2394446723,0,27,0,439440.2394446723,893.142002,439440.2394446723,1,0.04920160942612039
2015,20087,Jefferson,Corn,Non-alluvial,0,59207.12820228,1,0,59207.12820228,110.88396399999999,59207.12820228,1,0.05339557323390784
2015,20087,Jefferson,Golf Course/Turf/Sod,Alluvial,6747.145651384824,0,1,0,6747.145651384824,2.428116,6747.145651384824,1,0.27787575434554296
2015,20087,Jefferson,Golf Course/Turf/Sod,Non-alluvial,629.075737149225,36893.441761045724,2,0,37522.517498194946,19.829614,37522.517498194946,1,0.18922464904357164
2015,20087,Jefferson,Multi-Crop,Alluvial,467489.61643050244,4341.8560681672,20,0,471831.4724986697,832.843788,471831.4724986697,1,0.056653057787911326
2015,20087,Jefferson,Other Crop,Alluvial,10731.29198666325,0,2,0,10731.29198666325,13.354637999999998,10731.29198666325,1,0.08035629259784692
2015,20087,Jefferson,Soybeans,Alluvial,238345.6954693034,45947.198448644376,15,0,284292.8939179478,672.183446,284292.8939179478,1,0.042293944548873606
2015,20091,Johnson,Corn,Alluvial,68680.2687146448,0,2,0,68680.2687146448,106.837104,68680.2687146448,1,0.06428503407827753
2015,20091,Johnson,Golf Course/Turf/Sod,Non-alluvial,0,501064.99204854545,8,0,501064.99204854545,282.470828,501064.99204854545,1,0.17738645636304273
2015,20091,Johnson,Other Crop,Non-alluvial,0,66472.33622543477,2,0,66472.33622543477,14.973382,66472.33622543477,1,0.44393668862141344
2015,20091,Johnson,Unknown,Non-alluvial,0,90414.21869223175,5,0,90414.21869223175,28.32802,90414.21869223175,1,0.31916886069775346
2015,20103,Leavenworth,Corn,Alluvial,7154.1946577755,19735.70940076,2,0,26889.9040585355,28.732706,26889.9040585355,1,0.09358639613872602
2015,20103,Leavenworth,Golf Course/Turf/Sod,Alluvial,4341.8560681672,6525.118920626274,2,0,10866.974988793474,18.21087,10866.974988793474,1,0.059673013913083085
2015,20103,Leavenworth,Golf Course/Turf/Sod,Non-alluvial,0,107066.22349912299,1,0,107066.22349912299,48.56232,107066.22349912299,1,0.22047180509317305
2015,20103,Leavenworth,Other Crop,Non-alluvial,431.71864314162497,0,1,0,431.71864314162497,1.214058,431.71864314162497,1,0.035559968563415006
2015,20131,Nemaha,Corn,Non-alluvial,151718.2660183425,51806.237176995,4,0,203524.5031953375,183.727444,203524.5031953375,1,0.11077523246627079
2015,20131,Nemaha,Soybeans,Non-alluvial,1233.4818375475,53039.7190145425,2,0,54273.20085209,46.53889,54273.20085209,1,0.1166190273384045
2015,20131,Nemaha,Wheat,Non-alluvial,0,7400.891025285,1,0,7400.891025285,52.60918,7400.891025285,1,0.014067679871241101
2015,20139,Osage,Corn,Non-alluvial,42357.766301381154,0,1,0,42357.766301381154,47.752947999999996,42357.766301381154,1,0.08870188768530302
2015,20149,Pottawatomie,Corn,Alluvial,1140909.02563956,221076.9497436384,45,0,1361985.9753831984,1895.5492239999999,1361985.9753831984,1,0.07185178618095324
2015,20149,Pottawatomie,Corn,Non-alluvial,76562.21765657331,0,2,0,76562.21765657331,92.67309399999999,76562.21765657331,1,0.0826153680123956
2015,20149,Pottawatomie,Golf Course/Turf/Sod,Alluvial,21203.552787441524,0,2,0,21203.552787441524,16.592126,21203.552787441524,1,0.12779286263521336
2015,20149,Pottawatomie,Golf Course/Turf/Sod,Non-alluvial,56740.164527185,17589.451003427348,3,0,74329.61553061235,72.84348,74329.61553061235,1,0.10204017645863754
2015,20149,Pottawatomie,Multi-Crop,Alluvial,810027.5227174432,58306.686460870325,27,0,868334.2091783135,1633.312696,868334.2091783135,1,0.053163990661731414
2015,20149,Pottawatomie,Multi-Crop,Non-alluvial,19464.34339649955,400918.6016580639,6,0,420382.94505456346,567.774458,420382.94505456346,1,0.07404048194337116
2015,20149,Pottawatomie,Other Crop,Non-alluvial,11816.756003705048,0,3,0,11816.756003705048,6.474976,11816.756003705048,1,0.18249883866295485
2015,20149,Pottawatomie,Soybeans,Alluvial,1619845.3535225033,48438.83176049032,55,0,1668284.1852829936,2284.047784,1668284.1852829936,1,0.07304068666905761
2015,20149,Pottawatomie,Soybeans,Non-alluvial,39483.75361989548,228046.12212578178,7,0,267529.8757456773,550.777646,267529.8757456773,1,0.04857311797031016
2015,20149,Pottawatomie,Unknown,Alluvial,41469.65937834695,0,3,0,41469.65937834695,102.790244,41469.65937834695,1,0.040343964334151154
2015,20149,Pottawatomie,Unknown,Non-alluvial,0,32625.594603131372,2,0,32625.594603131372,54.63261,32625.594603131372,1,0.05971816942871917
2015,20161,Riley,Corn,Alluvial,185996.72628378752,0,5,0,185996.72628378752,177.252468,185996.72628378752,1,0.10493322230288354
2015,20161,Riley,Corn,Non-alluvial,148424.86951209066,332349.34630879835,4,0,480774.215820889,265.474016,480774.215820889,1,0.18110029111884493
2015,20161,Riley,Golf Course/Turf/Sod,Alluvial,247572.13961415872,0,2,0,247572.13961415872,26.709276,247572.13961415872,1,0.9269144532938995
2015,20161,Riley,Golf Course/Turf/Sod,Non-alluvial,0,32958.6346992692,2,0,32958.6346992692,72.84348,32958.6346992692,1,0.04524582666735471
2015,20161,Riley,Multi-Crop,Alluvial,210530.68003260728,0,8,0,210530.68003260728,284.898944,210530.68003260728,1,0.07389661649030446
2015,20161,Riley,Multi-Crop,Non-alluvial,3614.101784014175,0,1,0,3614.101784014175,56.65604,3614.101784014175,1,0.006379022932090162
2015,20161,Riley,Other Crop,Alluvial,42518.11894026232,0,5,0,42518.11894026232,114.526138,42518.11894026232,1,0.037125253398715245
2015,20161,Riley,Other Crop,Non-alluvial,45342.7923482461,0,4,0,45342.7923482461,19.424928,45342.7923482461,1,0.23342579364127422
2015,20161,Riley,Soybeans,Alluvial,374361.7376956662,34463.48254107715,17,0,408825.2202367434,671.7787599999999,408825.2202367434,1,0.06085712210322687
2015,20177,Shawnee,Corn,Alluvial,650525.986304176,0,58,0,650525.986304176,2134.313964,650525.986304176,1,0.030479395125401335
2015,20177,Shawnee,Golf Course/Turf/Sod,Alluvial,39631.77144040117,0,5,0,39631.77144040117,39.254542,39631.77144040117,1,0.10096098291097416
2015,20177,Shawnee,Golf Course/Turf/Sod,Non-alluvial,0,225159.77462592063,4,0,225159.77462592063,81.948915,225159.77462592063,1,0.27475626080701693
2015,20177,Shawnee,Multi-Crop,Alluvial,165138.54841085928,8745.386228211775,15,0,173883.93463907106,481.981026,173883.93463907106,1,0.03607692528524371
2015,20177,Shawnee,Other Crop,Non-alluvial,0,542.7320085209,1,0,542.7320085209,2.832802,542.7320085209,1,0.019158840205595024
2015,20177,Shawnee,Soybeans,Alluvial,576628.0894167053,0,32,0,576628.0894167053,1083.749108,576628.0894167053,1,0.053206787914302514
2015,20177,Shawnee,Soybeans,Non-alluvial,0,184541.21771548147,5,0,184541.21771548147,242.8116,184541.21771548147,1,0.07600181281103599
2015,20177,Shawnee,Unknown,Alluvial,715.4194657775499,0,1,0,715.4194657775499,21.853044,715.4194657775499,1,0.0032737748836159848
2015,20177,Shawnee,Wheat,Non-alluvial,0,8116.31049106255,1,0,8116.31049106255,32.779566,8116.31049106255,1,0.024760274407118595
2015,20197,Wabaunsee,Corn,Alluvial,576899.4554209657,0,19,0,576899.4554209657,955.868332,576899.4554209657,1,0.06035344368129623
2015,20197,Wabaunsee,Corn,Non-alluvial,0,32440.57232749925,2,0,32440.57232749925,60.7029,32440.57232749925,1,0.0534415527553037
2015,20197,Wabaunsee,Golf Course/Turf/Sod,Non-alluvial,0,34845.86191071687,1,0,34845.86191071687,9.712464,34845.86191071687,1,0.3587746828273121
2015,20197,Wabaunsee,Multi-Crop,Alluvial,158058.36266333665,0,8,0,158058.36266333665,279.23334,158058.36266333665,1,0.05660440213311801
2015,20197,Wabaunsee,Multi-Crop,Non-alluvial,33476.69707103915,31712.818043346226,3,0,65189.51511438537,199.10551199999998,65189.51511438537,1,0.03274119056753456
2015,20197,Wabaunsee,Other Crop,Non-alluvial,0,82606.27866055607,4,0,82606.27866055607,217.721068,82606.27866055607,1,0.03794133448792198
2015,20197,Wabaunsee,Soybeans,Alluvial,615532.1065729534,22893.422904881598,22,0,638425.529477835,844.782025,638425.529477835,1,0.07557281175316616
2015,20197,Wabaunsee,Soybeans,Non-alluvial,47464.381108827794,36017.669656387,3,0,83482.0507652148,88.626234,83482.0507652148,1,0.09419564275428288
2015,20209,Wyandotte,Golf Course/Turf/Sod,Non-alluvial,0,97815.10971751674,1,0,97815.10971751674,36.42174,97815.10971751674,1,0.2685624292456009
2015,20209,Wyandotte,Multi-Crop,Alluvial,4773.574711308825,0,1,0,4773.574711308825,16.18744,4773.574711308825,1,0.02948937393008916
2015,20209,Wyandotte,Other Crop,Alluvial,0,72245.03122515707,1,0,72245.03122515707,7.284348,72245.03122515707,1,0.9917844565520082
2016,20005,Atchison,Corn,Non-alluvial,79325.21697267971,62907.573714922495,5,0,142232.79068760222,91.863722,142232.79068760222,1,0.15483020673558406
2016,20005,Atchison,Golf Course/Turf/Sod,Non-alluvial,1122.468472168225,0,2,0,1122.468472168225,1.618744,1122.468472168225,1,0.06934193869865926
2016,20005,Atchison,Multi-Crop,Non-alluvial,0,215859.3215708125,2,0,215859.3215708125,204.771116,215859.3215708125,1,0.10541492657138836
2016,20005,Atchison,Soybeans,Non-alluvial,17737.46882393305,11977.108642586225,4,0,29714.577466519273,84.17468799999999,29714.577466519273,1,0.03530108417689565
2016,20013,Brown,Corn,Non-alluvial,0,194890.13033250498,3,0,194890.13033250498,223.791358,194890.13033250498,1,0.0870856372981592
2016,20013,Brown,Golf Course/Turf/Sod,Non-alluvial,0,15529.536334723023,1,0,15529.536334723023,8.09372,15529.536334723023,1,0.19187143037716925
2016,20013,Brown,Multi-Crop,Non-alluvial,0,196283.96480893367,1,0,196283.96480893367,103.599616,196283.96480893367,1,0.18946398875545414
2016,20013,Brown,Soybeans,Non-alluvial,0,81816.85028452567,3,0,81816.85028452567,94.291838,81816.85028452567,1,0.08676981170366588
2016,20045,Douglas,Corn,Alluvial,1255129.4437964587,0,14,0,1255129.4437964587,726.816056,1255129.4437964587,1,0.17268873374977545
2016,20045,Douglas,Golf Course/Turf/Sod,Alluvial,9251.11378160625,0,1,0,9251.11378160625,7.284348,9251.11378160625,1,0.12699988772648219
2016,20045,Douglas,Golf Course/Turf/Sod,Non-alluvial,345.37491451330004,3392.075053255625,2,0,3737.449967768925,49.371692,3737.449967768925,1,0.007570026094647363
2016,20045,Douglas,Multi-Crop,Alluvial,442042.88612189755,0,5,0,442042.88612189755,233.503822,442042.88612189755,1,0.18930862986983465
2016,20045,Douglas,Other Crop,Alluvial,92387.78963230774,0,4,0,92387.78963230774,58.67947,92387.78963230774,1,0.15744482632905127
2016,20045,Douglas,Soybeans,Alluvial,222754.48504270302,0,9,0,222754.48504270302,268.711504,222754.48504270302,1,0.0828972640645497
2016,20061,Geary,Corn,Alluvial,82643.28311568248,0,2,0,82643.28311568248,88.626234,82643.28311568248,1,0.09324923263204717
2016,20061,Geary,Corn,Non-alluvial,387004.9265305281,42123.40475224712,11,0,429128.3312827752,361.384598,429128.3312827752,1,0.1187456061098584
2016,20061,Geary,Golf Course/Turf/Sod,Non-alluvial,151422.23037733109,0,1,0,151422.23037733109,48.56232,151422.23037733109,1,0.311810124346059
2016,20061,Geary,Multi-Crop,Alluvial,63795.6806379567,0,2,0,63795.6806379567,57.060725999999995,63795.6806379567,1,0.11180313520363673
2016,20061,Geary,Multi-Crop,Non-alluvial,654201.7621800676,132044.23070945987,11,0,786245.9928895275,648.71165800000006,786245.9928895275,1,0.12120115049474374
2016,20061,Geary,Other Crop,Non-alluvial,0,36535.73202815695,1,0,36535.73202815695,38.44517,36535.73202815695,1,0.09503334756526491
2016,20061,Geary,Soybeans,Alluvial,58319.0212792458,0,1,0,58319.0212792458,59.084156,58319.0212792458,1,0.0987050086308177
2016,20061,Geary,Soybeans,Non-alluvial,22683.730992498524,0,2,0,22683.730992498524,133.54638,22683.730992498524,1,0.01698565771120005
2016,20085,Jackson,Golf Course/Turf/Sod,Non-alluvial,0,9695.16724312335,1,0,9695.16724312335,14.16401,9695.16724312335,1,0.06844931091635313
2016,20085,Jackson,Multi-Crop,Non-alluvial,50017.68851255112,93053.8698245834,3,0,143071.5583371345,172.800922,143071.5583371345,1,0.0827955989361761
2016,20085,Jackson,Other Crop,Non-alluvial,0,172.68745725665002,1,0,172.68745725665002,2.02343,172.68745725665002,1,0.008534392455219603
2016,20085,Jackson,Soybeans,Non-alluvial,0,4933.92735019,1,0,4933.92735019,29.946763999999998,4933.92735019,1,0.016475661110462555
2016,20087,Jefferson,Corn,Alluvial,1239217.5280920959,183320.07069630944,33,0,1422537.5987884053,1193.419014,1422537.5987884053,1,0.11919850296506213
2016,20087,Jefferson,Corn,Non-alluvial,0,99912.02884134749,1,0,99912.02884134749,110.074592,99912.02884134749,1,0.09076756681627991
2016,20087,Jefferson,Golf Course/Turf/Sod,Alluvial,7018.511655645275,0,1,0,7018.511655645275,2.428116,7018.511655645275,1,0.28905174446547344
2016,20087,Jefferson,Golf Course/Turf/Sod,Non-alluvial,1036.1247435399,34870.53154746782,2,0,35906.65629100772,19.829614,35906.65629100772,1,0.18107592155352958
2016,20087,Jefferson,Multi-Crop,Alluvial,735142.8403599345,18341.87492433132,19,0,753484.7152842658,840.1281359999999,753484.7152842658,1,0.08968688025040336
2016,20087,Jefferson,Other Crop,Alluvial,116218.65873372545,0,6,0,116218.65873372545,162.683772,116218.65873372545,1,0.0714383846065024
2016,20087,Jefferson,Soybeans,Alluvial,444941.5684401342,17503.107274799022,18,0,462444.6757149332,645.069484,462444.6757149332,1,0.07168912608411859
2016,20091,Johnson,Corn,Non-alluvial,0,15418.522969343749,1,0,15418.522969343749,36.42174,15418.522969343749,1,0.04233329590882739
2016,20091,Johnson,Golf Course/Turf/Sod,Non-alluvial,0,805290.9524612608,11,0,805290.9524612608,281.863799,805290.9524612608,1,0.2857021566154584
2016,20091,Johnson,Other Crop,Non-alluvial,0,4465.20425192195,2,0,4465.20425192195,2.0234300000000003,4465.20425192195,1,0.22067500491353542
2016,20091,Johnson,Soybeans,Alluvial,8363.00685857205,0,1,0,8363.00685857205,45.324832,8363.00685857205,1,0.01845126940254748
2016,20103,Leavenworth,Corn,Alluvial,63437.97090506792,35770.973288877496,3,0,99208.94419394541,62.72633,99208.94419394541,1,0.15816156340398907
2016,20103,Leavenworth,Corn,Non-alluvial,0,29603.56410114,1,0,29603.56410114,44.51546,29603.56410114,1,0.06650175939132158
2016,20103,Leavenworth,Golf Course/Turf/Sod,Alluvial,7795.6052133002,2960.3564101139996,2,0,10755.9616234142,18.21087,10755.9616234142,1,0.05906341445199597
2016,20103,Leavenworth,Golf Course/Turf/Sod,Non-alluvial,0,109718.20944985012,1,0,109718.20944985012,48.56232,109718.20944985012,1,0.2259328002654118
2016,20103,Leavenworth,Other Crop,Non-alluvial,1406.1692948041498,0,1,0,1406.1692948041498,0.809372,1406.1692948041498,1,0.1737358464098276
2016,20103,Leavenworth,Soybeans,Non-alluvial,0,14801.78205057,1,0,14801.78205057,44.51546,14801.78205057,1,0.03325087969566079
2016,20103,Leavenworth,Unknown,Alluvial,5735.6905445958755,0,1,0,5735.6905445958755,64.74976,5735.6905445958755,1,0.008858242168922134
2016,20131,Nemaha,Corn,Non-alluvial,191189.68481986248,233128.0672964775,7,0,424317.75211634,289.755176,424317.75211634,1,0.14644009400416713
2016,20131,Nemaha,Soybeans,Non-alluvial,56740.164527185,0,1,0,56740.164527185,54.227924,56740.164527185,1,0.10463274332092264
2016,20139,Osage,Corn,Non-alluvial,36696.08466703812,0,1,0,36696.08466703812,46.943576,36696.08466703812,1,0.07817062054888643
2016,20139,Osage,Soybeans,Non-alluvial,27963.033257201827,0,1,0,27963.033257201827,48.56232,27963.033257201827,1,0.05758174909518702
2016,20149,Pottawatomie,Alfalfa,Alluvial,76956.93184458851,0,1,0,76956.93184458851,18.21087,76956.93184458851,1,0.4225878930802785
2016,20149,Pottawatomie,Corn,Alluvial,2664727.8181089903,297084.10057331534,67,0,2961811.918682306,2676.99789,2961811.918682306,1,0.11063930717862111
2016,20149,Pottawatomie,Corn,Non-alluvial,244981.82775530897,313279.71710031404,13,0,558261.544855623,623.21644,558261.544855623,1,0.08957747405630426
2016,20149,Pottawatomie,Golf Course/Turf/Sod,Alluvial,39940.14189978805,0,3,0,39940.14189978805,23.067102,39940.14189978805,1,0.1731476364035155
2016,20149,Pottawatomie,Golf Course/Turf/Sod,Non-alluvial,48105.791664352495,17281.080544040473,3,0,65386.87220839297,72.84348,65386.87220839297,1,0.08976352064507759
2016,20149,Pottawatomie,Multi-Crop,Alluvial,935855.0049656637,193286.60394369325,30,0,1129141.6089093569,1863.174344,1129141.6089093569,1,0.06060311062920888
2016,20149,Pottawatomie,Multi-Crop,Non-alluvial,0,337295.6084773639,3,0,337295.6084773639,303.109814,337295.6084773639,1,0.11127835289337214
2016,20149,Pottawatomie,Other Crop,Alluvial,40926.92736982605,0,2,0,40926.92736982605,58.274784,40926.92736982605,1,0.07023093791274465
2016,20149,Pottawatomie,Other Crop,Non-alluvial,13358.608300639424,0,5,0,13358.608300639424,26.304589999999997,13358.608300639424,1,0.05078432433518038
2016,20149,Pottawatomie,Soybeans,Alluvial,1148655.2915793583,50375.3982454399,47,0,1199030.6898247984,1929.947534,1199030.6898247984,1,0.06212763138382799
2016,20149,Pottawatomie,Soybeans,Non-alluvial,6821.154561637675,251198.57621654836,8,0,258019.73077818603,344.387786,258019.73077818603,1,0.07492127806709906
2016,20161,Riley,Corn,Alluvial,318633.0282752702,68026.52334074462,7,0,386659.5516160148,312.822278,386659.5516160148,1,0.12360358542495328
2016,20161,Riley,Corn,Non-alluvial,92412.4592690587,145982.5754737466,2,0,238395.0347428053,145.282274,238395.0347428053,1,0.16409093014527382
2016,20161,Riley,Golf Course/Turf/Sod,Alluvial,166187.00797277468,0,3,0,166187.00797277468,26.709276,166187.00797277468,1,0.6222070863050525
2016,20161,Riley,Golf Course/Turf/Sod,Non-alluvial,0,112246.84721682251,2,0,112246.84721682251,72.84348,112246.84721682251,1,0.1540931971081317
2016,20161,Riley,Multi-Crop,Alluvial,209506.89010744286,0,8,0,209506.89010744286,284.089572,209506.89010744286,1,0.07374677241142906
2016,20161,Riley,Multi-Crop,Non-alluvial,66756.03704807069,16035.263888117499,3,0,82791.30093618819,131.11826399999998,82791.30093618819,1,0.06314246269778877
2016,20161,Riley,Other Crop,Alluvial,108928.78107381973,0,6,0,108928.78107381973,138.807298,108928.78107381973,1,0.07847482275306572
2016,20161,Riley,Other Crop,Non-alluvial,14814.116868945475,0,2,0,14814.116868945475,19.020242,14814.116868945475,1,0.07788605880485368
2016,20161,Riley,Sorghum,Alluvial,24928.667936834972,0,2,0,24928.667936834972,21.448358,24928.667936834972,1,0.11622646328840172
2016,20161,Riley,Soybeans,Alluvial,133450.40000426403,0,6,0,133450.40000426403,211.24609199999998,133450.40000426403,1,0.06317295564656601
2016,20161,Riley,Soybeans,Non-alluvial,1517.1826601834248,0,1,0,1517.1826601834248,59.893527999999996,1517.1826601834248,1,0.0025331328957336175
2016,20161,Riley,Unknown,Alluvial,252987.12488099223,0,6,0,252987.12488099223,289.35049,252987.12488099223,1,0.08743276186641061
2016,20177,Shawnee,Corn,Alluvial,3750228.8396059168,0,113,0,3750228.8396059168,3631.247478,3750228.8396059168,1,0.1032765974317853
2016,20177,Shawnee,Corn,Non-alluvial,0,161512.11180846964,4,0,161512.11180846964,253.333436,161512.11180846964,1,0.0637547551395741
2016,20177,Shawnee,Golf Course/Turf/Sod,Alluvial,75230.05727202202,0,5,0,75230.05727202202,39.659228,75230.05727202202,1,0.18969117924338322
2016,20177,Shawnee,Golf Course/Turf/Sod,Non-alluvial,0,259980.96689988655,4,0,259980.96689988655,55.846667999999994,259980.96689988655,1,0.46552637106279393
2016,20177,Shawnee,Multi-Crop,Alluvial,787195.773904439,19822.053129388325,25,0,807017.8270338273,859.95775,807017.8270338273,1,0.09384389256726011
2016,20177,Shawnee,Multi-Crop,Non-alluvial,0,54310.20530721643,2,0,54310.20530721643,90.649664,54310.20530721643,1,0.059912197034967966
2016,20177,Shawnee,Other Crop,Non-alluvial,0,320.70527776235,1,0,320.70527776235,2.832802,320.70527776235,1,0.011321132848760698
2016,20177,Shawnee,Soybeans,Alluvial,767053.0154972883,0,47,0,767053.0154972883,1690.778108,767053.0154972883,1,0.04536686463279476
2016,20177,Shawnee,Soybeans,Non-alluvial,12137.461281467398,56333.11552079432,3,0,68470.57680226173,66.77319,68470.57680226173,1,0.10254201843922946
2016,20197,Wabaunsee,Corn,Alluvial,1482608.1642769685,66608.01922756499,28,0,1549216.1835045335,1328.381795,1549216.1835045335,1,0.1166243160916349
2016,20197,Wabaunsee,Corn,Non-alluvial,0,109841.55763360487,4,0,109841.55763360487,119.38237,109841.55763360487,1,0.09200818984713142
2016,20197,Wabaunsee,Golf Course/Turf/Sod,Non-alluvial,0,38953.35642975005,1,0,38953.35642975005,9.712464,38953.35642975005,1,0.4010656454402307
2016,20197,Wabaunsee,Multi-Crop,Alluvial,179126.23244864793,0,8,0,179126.23244864793,299.46764,179126.23244864793,1,0.05981488766153428
2016,20197,Wabaunsee,Multi-Crop,Non-alluvial,149238.96752487202,221965.05666667264,5,0,371204.0241915446,331.437834,371204.0241915446,1,0.11199808413892319
2016,20197,Wabaunsee,Other Crop,Non-alluvial,0,170060.1409426738,2,0,170060.1409426738,118.572998,170060.1409426738,1,0.14342231689433527
2016,20197,Wabaunsee,Soybeans,Alluvial,553598.9835096934,0,25,0,553598.9835096934,871.693644,553598.9835096934,1,0.06350843410643171
2016,20197,Wabaunsee,Soybeans,Non-alluvial,0,167901.54772696568,4,0,167901.54772696568,109.26522,167901.54772696568,1,0.1536642197095889
2016,20197,Wabaunsee,Unknown,Alluvial,45552.48426062917,0,1,0,45552.48426062917,54.63261,45552.48426062917,1,0.08337965962202643
2016,20209,Wyandotte,Golf Course/Turf/Sod,Non-alluvial,0,148486.54360396805,1,0,148486.54360396805,36.42174,148486.54360396805,1,0.4076865729203713
2016,20209,Wyandotte,Multi-Crop,Alluvial,4366.52570491815,0,1,0,4366.52570491815,16.18744,4366.52570491815,1,0.026974776153104816
2016,20209,Wyandotte,Other Crop,Alluvial,0,74526.97262461994,1,0,74526.97262461994,7.284348,74526.97262461994,1,1.0231110955245404
2017,20005,Atchison,Corn,Non-alluvial,46884.64464518047,100220.39930073437,7,0,147105.04394591483,140.021356,147105.04394591483,1,0.10505900538908852
2017,20005,Atchison,Golf Course/Turf/Sod,Non-alluvial,431.71864314162497,0,2,0,431.71864314162497,1.618744,431.71864314162497,1,0.026669976422561255
2017,20005,Atchison,Multi-Crop,Non-alluvial,0,266432.07691026,2,0,266432.07691026,204.771116,266432.07691026,1,0.1301121379395422
2017,20005,Atchison,Soybeans,Non-alluvial,0,17268.745725664998,1,0,17268.745725664998,31.565507999999998,17268.745725664998,1,0.0547076439437154
2017,20013,Brown,Corn,Non-alluvial,0,99085.59601019067,3,0,99085.59601019067,94.291838,99085.59601019067,1,0.10508395860327875
2017,20013,Brown,Golf Course/Turf/Sod,Non-alluvial,0,15911.91570436275,1,0,15911.91570436275,8.09372,15911.91570436275,1,0.1965958262005944
2017,20013,Brown,Multi-Crop,Non-alluvial,0,135645.99767509857,1,0,135645.99767509857,103.599616,135645.99767509857,1,0.13093291549951167
2017,20013,Brown,Soybeans,Non-alluvial,0,233128.0672964775,3,0,233128.0672964775,223.791358,233128.0672964775,1,0.10417205980602588
2017,20045,Douglas,Corn,Alluvial,409232.26924313407,0,10,0,409232.26924313407,442.928827,409232.26924313407,1,0.09239233129505342
2017,20045,Douglas,Golf Course/Turf/Sod,Alluvial,8424.680950449425,0,1,0,8424.680950449425,7.284348,8424.680950449425,1,0.11565456442291644
2017,20045,Douglas,Golf Course/Turf/Sod,Non-alluvial,1036.1247435399,108127.01787941383,2,0,109163.14262295373,49.371692,109163.14262295373,1,0.22110472256643285
2017,20045,Douglas,Multi-Crop,Alluvial,454883.432050767,0,6,0,454883.432050767,306.751988,454883.432050767,1,0.14829029634545254
2017,20045,Douglas,Other Crop,Alluvial,71887.3214922683,0,2,0,71887.3214922683,55.846668,71887.3214922683,1,0.12872266881216313
2017,20045,Douglas,Soybeans,Alluvial,348754.6547481801,0,11,0,348754.6547481801,456.081122,348754.6547481801,1,0.07646768040273769
2017,20061,Geary,Corn,Alluvial,458670.22129203787,0,4,0,458670.22129203787,205.175802,458670.22129203787,1,0.22354986154363266
2017,20061,Geary,Corn,Non-alluvial,371093.0108261653,43455.56513679842,6,0,414548.57596296375,273.16305,414548.57596296375,1,0.15175865694974622
2017,20061,Geary,Golf Course/Turf/Sod,Non-alluvial,181704.2094891222,0,1,0,181704.2094891222,44.51546,181704.2094891222,1,0.4081822573306492
2017,20061,Geary,Multi-Crop,Alluvial,185145.62381587972,0,3,0,185145.62381587972,243.620972,185145.62381587972,1,0.0759974078979866
2017,20061,Geary,Multi-Crop,Non-alluvial,1127365.3950632885,356648.9385084841,15,0,1484014.3335717726,715.4848479999999,1484014.3335717726,1,0.20741380306236376
2017,20061,Geary,Soybeans,Non-alluvial,136053.04668148924,90845.93733537337,6,0,226898.9840168626,196.677396,226898.9840168626,1,0.11536607085079702
2017,20085,Jackson,Corn,Non-alluvial,56764.83416393595,12236.1398284712,3,0,69000.97399240715,57.060726,69000.97399240715,1,0.12092551011777723
2017,20085,Jackson,Golf Course/Turf/Sod,Non-alluvial,0,9140.100416226975,1,0,9140.100416226975,14.16401,9140.100416226975,1,0.06453045723793596
2017,20085,Jackson,Multi-Crop,Non-alluvial,0,103957.84926850328,2,0,103957.84926850328,135.56981000000002,103957.84926850328,1,0.07668215310510745
2017,20085,Jackson,Other Crop,Non-alluvial,0,296.03564101139995,1,0,296.03564101139995,14.16401,296.03564101139995,1,0.0020900552951558203
2017,20087,Jefferson,Corn,Alluvial,582906.511969822,17170.0671786612,23,0,600076.5791484832,736.123834,600076.5791484832,1,0.0815184282089803
2017,20087,Jefferson,Corn,Non-alluvial,0,74008.91025285,1,0,74008.91025285,127.071404,74008.91025285,1,0.058241986728068254
2017,20087,Jefferson,Golf Course/Turf/Sod,Alluvial,58158.66864036462,0,2,0,58158.66864036462,24.685845999999998,58158.66864036462,1,0.23559520155948727
2017,20087,Jefferson,Golf Course/Turf/Sod,Non-alluvial,986.785470038,44257.3283312043,2,0,45244.113801242296,19.829614,45244.113801242296,1,0.22816436972117712
2017,20087,Jefferson,Multi-Crop,Alluvial,848549.1605040516,34031.763897935525,27,0,882580.9244019871,1109.244326,882580.9244019871,1,0.07956596249490187
2017,20087,Jefferson,Other Crop,Alluvial,5353.311174956149,0,2,0,5353.311174956149,4.451546,5353.311174956149,1,0.12025734823263984
2017,20087,Jefferson,Soybeans,Alluvial,639276.6319457428,110581.64673613338,24,0,749858.2786818761,912.9716159999999,749858.2786818761,1,0.08213379973051387
2017,20091,Johnson,Corn,Alluvial,39829.12853440877,0,2,0,39829.12853440877,50.181064,39829.12853440877,1,0.07937083305847951
2017,20091,Johnson,Golf Course/Turf/Sod,Non-alluvial,0,602506.5383684519,8,0,602506.5383684519,277.007567,602506.5383684519,1,0.21750544394639296
2017,20091,Johnson,Other Crop,Non-alluvial,0,47390.37219857495,5,0,47390.37219857495,53.418552,47390.37219857495,1,0.08871519429911719
2017,20103,Leavenworth,Corn,Alluvial,59873.208394555644,0,3,0,59873.208394555644,144.06821599999998,59873.208394555644,1,0.04155892955220301
2017,20103,Leavenworth,Golf Course/Turf/Sod,Alluvial,7931.288215430424,2861.6778631101997,2,0,10792.966078540623,18.21087,10792.966078540623,1,0.05926661427235833
2017,20103,Leavenworth,Golf Course/Turf/Sod,Non-alluvial,0,157022.23791979672,1,0,157022.23791979672,64.74976,157022.23791979672,1,0.24250628561371768
2017,20103,Leavenworth,Multi-Crop,Alluvial,27136.600426045,0,1,0,27136.600426045,31.970194,27136.600426045,1,0.08488093761972479
2017,20103,Leavenworth,Other Crop,Non-alluvial,1418.5041131796247,0,1,0,1418.5041131796247,0.809372,1418.5041131796247,1,0.17525984506254536
2017,20103,Leavenworth,Soybeans,Alluvial,0,38237.9369639725,1,0,38237.9369639725,28.32802,38237.9369639725,1,0.13498273781214676
2017,20131,Nemaha,Corn,Non-alluvial,96211.58332870499,119647.73824210749,2,0,215859.3215708125,116.549568,215859.3215708125,1,0.18520816960111985
2017,20131,Nemaha,Soybeans,Non-alluvial,96211.58332870499,207224.94870798,6,0,303436.532036685,228.64759,303436.532036685,1,0.13270926321011517
2017,20139,Osage,Corn,Non-alluvial,31046.737851070575,0,1,0,31046.737851070575,48.56232,31046.737851070575,1,0.06393174348151112
2017,20139,Osage,Soybeans,Non-alluvial,4835.248803186199,0,1,0,4835.248803186199,46.943576,4835.248803186199,1,0.010300128825265036
2017,20149,Pottawatomie,Alfalfa,Alluvial,10903.9794439199,0,1,0,10903.9794439199,16.18744,10903.9794439199,1,0.06736074045012615
2017,20149,Pottawatomie,Corn,Alluvial,3610722.0437792945,399672.7850021409,67,0,4010394.8287814357,2415.570734,4010394.8287814357,1,0.1660226617392623
2017,20149,Pottawatomie,Corn,Non-alluvial,303880.58549820207,156824.88082578915,8,0,460705.46632399125,256.166238,460705.46632399125,1,0.17984628650555862
2017,20149,Pottawatomie,Golf Course/Turf/Sod,Alluvial,25940.123043623924,0,2,0,25940.123043623924,16.592126,25940.123043623924,1,0.1563399593495368
2017,20149,Pottawatomie,Golf Course/Turf/Sod,Non-alluvial,57973.6463647325,16170.946890247726,3,0,74144.59325498022,73.248166,74144.59325498022,1,0.10122382211587416
2017,20149,Pottawatomie,Multi-Crop,Alluvial,1995822.9524253567,274314.0258521885,35,0,2270136.9782775454,2108.41406,2270136.9782775454,1,0.10767035855744318
2017,20149,Pottawatomie,Multi-Crop,Non-alluvial,0,855468.9936126932,6,0,855468.9936126932,538.637066,855468.9936126932,1,0.15882104066204258
2017,20149,Pottawatomie,Other Crop,Alluvial,83334.03294470909,0,2,0,83334.03294470909,58.274784,83334.03294470909,1,0.14300187358001892
2017,20149,Pottawatomie,Other Crop,Non-alluvial,18255.531195703,0,5,0,18255.531195703,32.37488,18255.531195703,1,0.056387950150558086
2017,20149,Pottawatomie,Soybeans,Alluvial,2841966.8233461906,85171.92088265487,61,0,2927138.7442288455,2464.942426,2927138.7442288455,1,0.11875079569216865
2017,20149,Pottawatomie,Soybeans,Non-alluvial,108657.41506955927,294247.09234695614,11,0,402904.5074165154,491.288804,402904.5074165154,1,0.08200970674196666
2017,20161,Riley,Corn,Alluvial,510303.7710117762,16713.678898768627,10,0,527017.4499105448,390.724333,527017.4499105448,1,0.1348821676561784
2017,20161,Riley,Corn,Non-alluvial,178904.2057178894,227565.06420913828,3,1,288388.0536186055,143.66352999999998,406469.2699270277,0.7094953418505143,0.28293142311554487
2017,20161,Riley,Golf Course/Turf/Sod,Alluvial,333817.18969547993,0,3,0,333817.18969547993,26.709276,333817.18969547993,1,1.24981744056065
2017,20161,Riley,Golf Course/Turf/Sod,Non-alluvial,0,85665.31361767388,2,0,85665.31361767388,72.84348,85665.31361767388,1,0.11760189603472249
2017,20161,Riley,Multi-Crop,Alluvial,469056.1383641878,0,8,0,469056.1383641878,323.7488,469056.1383641878,1,0.14488274191724812
2017,20161,Riley,Multi-Crop,Non-alluvial,161660.12962897535,12334.818375474999,3,0,173994.94800445036,91.459036,173994.94800445036,1,0.19024358402864683
2017,20161,Riley,Other Crop,Alluvial,178768.52271575917,0,6,0,178768.52271575917,140.426042,178768.52271575917,1,0.12730439466189553
2017,20161,Riley,Other Crop,Non-alluvial,20142.758407150675,1406.1692948041498,3,0,21548.927701954824,20.638986,21548.927701954824,1,0.10440884887443029
2017,20161,Riley,Soybeans,Alluvial,958797.7671440472,65362.202571642025,19,0,1024159.9697156892,712.24736,1024159.9697156892,1,0.14379273651722474
2017,20177,Shawnee,Corn,Alluvial,2649444.978141777,0,91,0,2649444.978141777,3124.580606,2649444.978141777,1,0.08479361911976795
2017,20177,Shawnee,Corn,Non-alluvial,0,51041.478437715545,2,0,51041.478437715545,48.56232,51041.478437715545,1,0.10510510708243663
2017,20177,Shawnee,Golf Course/Turf/Sod,Alluvial,48895.2200403829,0,4,0,48895.2200403829,23.876473999999998,48895.2200403829,1,0.2047840901482476
2017,20177,Shawnee,Golf Course/Turf/Sod,Non-alluvial,0,236606.48607836143,4,0,236606.48607836143,81.948915,236606.48607836143,1,0.2887243669771118
2017,20177,Shawnee,Multi-Crop,Alluvial,967469.144462006,24361.266291563123,30,0,991830.4107535692,1153.759786,991830.4107535692,1,0.08596507026754434
2017,20177,Shawnee,Multi-Crop,Non-alluvial,0,109779.8835417275,2,0,109779.8835417275,200.31957,109779.8835417275,1,0.05480237579470019
2017,20177,Shawnee,Other Crop,Alluvial,44491.68988033832,0,3,0,44491.68988033832,67.987248,44491.68988033832,1,0.06544122786134589
2017,20177,Shawnee,Other Crop,Non-alluvial,0,838.7676495323,1,0,838.7676495323,2.832802,838.7676495323,1,0.02960911668137413
2017,20177,Shawnee,Soybeans,Alluvial,1822432.4105213047,0,65,0,1822432.4105213047,2067.540774,1822432.4105213047,1,0.08814493205836552
2017,20177,Shawnee,Soybeans,Non-alluvial,17379.759091044274,143675.9644375328,5,0,161055.72352857707,193.035222,161055.72352857707,1,0.0834333350462731
2017,20177,Shawnee,Unknown,Non-alluvial,0,10669.617894785875,1,0,10669.617894785875,16.18744,10669.617894785875,1,0.06591294173004425
2017,20197,Wabaunsee,Corn,Alluvial,1292947.996935665,0,28,0,1292947.996935665,1030.330556,1292947.996935665,1,0.12548865889751065
2017,20197,Wabaunsee,Corn,Non-alluvial,71048.553842736,163337.66492803994,5,0,234386.21877077594,197.89145399999998,234386.21877077594,1,0.11844180940263138
2017,20197,Wabaunsee,Golf Course/Turf/Sod,Non-alluvial,0,41913.71283986404,1,0,41913.71283986404,9.712464,41913.71283986404,1,0.43154561849458634
2017,20197,Wabaunsee,Multi-Crop,Alluvial,201612.60634713888,0,5,0,201612.60634713888,197.891454,201612.60634713888,1,0.10188040073076571
2017,20197,Wabaunsee,Multi-Crop,Non-alluvial,66065.2872190441,300180.1399855596,4,0,366245.4272046037,308.775418,366245.4272046037,1,0.11861223590169463
2017,20197,Wabaunsee,Other Crop,Non-alluvial,37.00445512642499,0,1,0,37.00445512642499,16.18744,37.00445512642499,1,2.2859979790766787e-4
2017,20197,Wabaunsee,Soybeans,Alluvial,1947791.1696712573,33304.009613782495,29,0,1981095.1792850397,1455.453199,1981095.1792850397,1,0.13611534748394474
2017,20197,Wabaunsee,Soybeans,Non-alluvial,75513.75809465794,162881.27664814738,7,0,238395.03474280532,195.463338,238395.03474280532,1,0.12196406609141472
2017,20209,Wyandotte,Golf Course/Turf/Sod,Non-alluvial,0,113134.9541398567,1,0,113134.9541398567,36.42174,113134.9541398567,1,0.31062479206061183
2017,20209,Wyandotte,Multi-Crop,Alluvial,5563.003087339224,0,1,0,5563.003087339224,16.18744,5563.003087339224,1,0.03436616961878607
2017,20209,Wyandotte,Other Crop,Alluvial,0,87786.90237825557,1,0,87786.90237825557,7.284348,87786.90237825557,1,1.2051442679324982
2018,20005,Atchison,Corn,Non-alluvial,36215.026750394594,112246.8472168225,5,0,148461.87396721708,231.480392,148461.87396721708,1,0.06413583141297648
2018,20005,Atchison,Golf Course/Turf/Sod,Non-alluvial,98.67854700379999,0,2,0,98.67854700379999,0.809372,98.67854700379999,1,0.012191989221742288
2018,20005,Atchison,Multi-Crop,Non-alluvial,0,111013.365379275,2,0,111013.365379275,204.771116,111013.365379275,1,0.05421339080814259
2018,20005,Atchison,Soybeans,Non-alluvial,45244.113801242296,34377.13881244882,5,0,79621.25261369112,93.07778,79621.25261369112,1,0.0855427069851592
2018,20013,Brown,Corn,Non-alluvial,0,145760.54874298806,5,0,145760.54874298806,317.67851,145760.54874298806,1,0.04588303714437217
2018,20013,Brown,Golf Course/Turf/Sod,Non-alluvial,0,15221.16587533615,1,0,15221.16587533615,8.09372,15221.16587533615,1,0.18806143374537482
2018,20013,Brown,Soybeans,Non-alluvial,0,7943.6230338059,1,0,7943.6230338059,50.58575,7943.6230338059,1,0.015703282117604068
2018,20045,Douglas,Corn,Alluvial,820092.7345118308,0,10,0,820092.7345118308,427.348416,820092.7345118308,1,0.19190260307688395
2018,20045,Douglas,Golf Course/Turf/Sod,Alluvial,743579.8561287594,0,7,0,743579.8561287594,235.931938,743579.8561287594,1,0.31516710388262886
2018,20045,Douglas,Golf Course/Turf/Sod,Non-alluvial,690.7498290266001,74292.61107548591,2,0,74983.3609045125,49.371692,74983.3609045125,1,0.1518752099978921
2018,20045,Douglas,Multi-Crop,Alluvial,435221.7315602599,0,9,0,435221.7315602599,315.65508,435221.7315602599,1,0.1378788934935753
2018,20045,Douglas,Other Crop,Alluvial,629.075737149225,0,1,0,629.075737149225,7.6890339999999995,629.075737149225,1,0.008181466451432326
2018,20045,Douglas,Soybeans,Alluvial,556534.6702830564,0,9,0,556534.6702830564,484.813828,556534.6702830564,1,0.114793481155215
2018,20061,Geary,Corn,Non-alluvial,309332.575220162,85973.68407706075,6,0,395306.2592972228,189.797734,395306.2592972228,1,0.20827764956204525
2018,20061,Geary,Golf Course/Turf/Sod,Non-alluvial,121127.91644716449,0,2,0,121127.91644716449,36.42174,121127.91644716449,1,0.3325703726597479
2018,20061,Geary,Multi-Crop,Alluvial,243057.59608873486,0,3,0,243057.59608873486,112.098022,243057.59608873486,1,0.21682594550038972
2018,20061,Geary,Multi-Crop,Non-alluvial,888020.5793055716,174574.68446809766,12,0,1062595.2637736693,670.564702,1062595.2637736693,1,0.15846274947136557
2018,20061,Geary,Soybeans,Alluvial,299538.7294300349,0,4,0,299538.7294300349,205.175802,299538.7294300349,1,0.14599125555265766
2018,20061,Geary,Soybeans,Non-alluvial,172157.06006650458,15850.241612485373,8,0,188007.30167898993,324.153486,188007.30167898993,1,0.05799946932515479
2018,20085,Jackson,Corn,Non-alluvial,87675.88901287629,0,1,0,87675.88901287629,36.42174,87675.88901287629,1,0.24072405385595602
2018,20085,Jackson,Golf Course/Turf/Sod,Non-alluvial,0,15171.82660183425,1,0,15171.82660183425,14.16401,15171.82660183425,1,0.10711533387673582
2018,20085,Jackson,Multi-Crop,Non-alluvial,0,53853.81702732384,2,0,53853.81702732384,135.56981000000002,53853.81702732384,1,0.03972404846427375
2018,20085,Jackson,Soybeans,Non-alluvial,0,28888.14463536245,2,0,28888.14463536245,43.301401999999996,28888.14463536245,1,0.0667141092460758
2018,20087,Jefferson,Corn,Alluvial,1828895.8553500536,209173.85001130504,32,0,2038069.7053613586,1051.171885,2038069.7053613586,1,0.19388548480454829
2018,20087,Jefferson,Corn,Non-alluvial,0,34537.491451329995,1,0,34537.491451329995,127.071404,34537.491451329995,1,0.02717959380643185
2018,20087,Jefferson,Golf Course/Turf/Sod,Alluvial,236976.5306296257,0,6,0,236976.5306296257,101.1715,236976.5306296257,1,0.23423249692811285
2018,20087,Jefferson,Golf Course/Turf/Sod,Non-alluvial,0,36893.441761045724,2,0,36893.441761045724,18.21087,36893.441761045724,1,0.20259022090128434
2018,20087,Jefferson,Multi-Crop,Alluvial,1539928.0652678008,195136.82670001447,23,0,1735064.8919678153,1142.8332639999999,1735064.8919678153,1,0.151821350202475
2018,20087,Jefferson,Other Crop,Alluvial,135.683002130225,0,1,0,135.683002130225,0.404686,135.683002130225,1,0.03352797035979129
2018,20087,Jefferson,Other Crop,Non-alluvial,234.36154913402498,0,1,0,234.36154913402498,1.618744,234.36154913402498,1,0.014477987200818967
2018,20087,Jefferson,Soybeans,Alluvial,680154.2200420669,34401.80844919977,19,0,714556.0284912667,602.98214,714556.0284912667,1,0.11850368047240449
2018,20087,Jefferson,Wheat,Alluvial,456.388279892575,0,1,0,456.388279892575,16.18744,456.388279892575,1,0.002819397507527904
2018,20091,Johnson,Corn,Alluvial,63931.36364008692,0,2,0,63931.36364008692,53.418552,63931.36364008692,1,0.11968007601570128
2018,20091,Johnson,Corn,Non-alluvial,0,5439.654903584475,1,0,5439.654903584475,36.42174,5439.654903584475,1,0.014935186796634302
2018,20091,Johnson,Golf Course/Turf/Sod,Non-alluvial,0,491628.85599130706,8,0,491628.85599130706,217.316382,491628.85599130706,1,0.226227241345895
2018,20091,Johnson,Multi-Crop,Non-alluvial,0,242440.8551699611,1,0,242440.8551699611,57.465412,242440.8551699611,1,0.42189004956574766
2018,20091,Johnson,Other Crop,Non-alluvial,0,55531.35232638844,3,0,55531.35232638844,16.996812,55531.35232638844,1,0.32671628259692725
2018,20103,Leavenworth,Corn,Alluvial,4107.494519033175,27136.600426045,2,0,31244.094945078174,93.07777999999999,31244.094945078174,1,0.033567726846383934
2018,20103,Leavenworth,Golf Course/Turf/Sod,Alluvial,4280.181976289825,3725.11514939345,2,0,8005.297125683275,18.21087,8005.297125683275,1,0.043958894471726365
2018,20103,Leavenworth,Golf Course/Turf/Sod,Non-alluvial,1110.13365379275,170035.47130592287,2,0,171145.60495971562,73.652852,171145.60495971562,1,0.23236792644460752
2018,20103,Leavenworth,Multi-Crop,Non-alluvial,0,76475.873927945,2,0,76475.873927945,61.107586,76475.873927945,1,0.12514955823642746
2018,20103,Leavenworth,Soybeans,Alluvial,140653.93393554143,0,3,0,140653.93393554143,52.204494,140653.93393554143,1,0.26942878506885143
2018,20103,Leavenworth,Soybeans,Non-alluvial,0,69593.04527442995,2,0,69593.04527442995,58.679469999999995,69593.04527442995,1,0.11859862618805174
2018,20131,Nemaha,Corn,Non-alluvial,212158.87605817,88810.69230342,6,0,300969.56836159,228.64758999999998,300969.56836159,1,0.13163032611084594
2018,20131,Nemaha,Multi-Crop,Non-alluvial,0,87577.2104658725,1,0,87577.2104658725,116.95425399999999,87577.2104658725,1,0.07488159470101234
2018,20131,Nemaha,Soybeans,Non-alluvial,115947.292729465,0,2,0,115947.292729465,89.435606,115947.292729465,1,0.12964332430359446
2018,20139,Osage,Corn,Non-alluvial,42962.17240177942,0,1,0,42962.17240177942,46.943576,42962.17240177942,1,0.09151874667958704
2018,20139,Osage,Soybeans,Non-alluvial,3910.137425025575,0,1,0,3910.137425025575,48.56232,3910.137425025575,1,0.00805179288185897
2018,20149,Pottawatomie,Alfalfa,Alluvial,36042.33929313795,0,1,0,36042.33929313795,29.542078,36042.33929313795,1,0.12200339899291426
2018,20149,Pottawatomie,Alfalfa,Non-alluvial,0,4502.208707048375,1,0,4502.208707048375,18.21087,4502.208707048375,1,0.024722644810755194
2018,20149,Pottawatomie,Corn,Alluvial,5057670.248132765,241676.09643068165,68,0,5299346.344563447,2633.2918019999997,5299346.344563447,1,0.2012441743273026
2018,20149,Pottawatomie,Corn,Non-alluvial,291212.7270265893,239480.4987598471,7,0,530693.2257864363,281.661456,530693.2257864363,1,0.18841528170841962
2018,20149,Pottawatomie,Golf Course/Turf/Sod,Alluvial,28135.72071445847,0,3,0,28135.72071445847,21.043672,28135.72071445847,1,0.1337015741095873
2018,20149,Pottawatomie,Golf Course/Turf/Sod,Non-alluvial,57973.6463647325,19735.70940076,3,0,77709.3557654925,72.84348,77709.3557654925,1,0.10667990569024502
2018,20149,Pottawatomie,Multi-Crop,Alluvial,2410359.193569945,536848.3001557984,35,0,2947207.4937257436,1837.679126,2947207.4937257436,1,0.1603766104771951
2018,20149,Pottawatomie,Multi-Crop,Non-alluvial,0,762180.7622389756,10,0,762180.7622389756,588.81813,762180.7622389756,1,0.1294424752578484
2018,20149,Pottawatomie,Other Crop,Non-alluvial,32625.594603131376,16528.6566231365,7,0,49154.25122626787,39.254542,49154.25122626787,1,0.1252192707439253
2018,20149,Pottawatomie,Sorghum,Alluvial,29911.93456052687,0,1,0,29911.93456052687,25.899904,29911.93456052687,1,0.11549052290126971
2018,20149,Pottawatomie,Soybeans,Alluvial,3078079.9166895333,224715.72116440354,56,0,3302795.6378539368,2287.487615,3302795.6378539368,1,0.1443852904905864
2018,20149,Pottawatomie,Soybeans,Non-alluvial,166507.71325053702,154567.60906307722,9,0,321075.32231361425,323.7488,321075.32231361425,1,0.09917421232560993
2018,20161,Riley,Corn,Alluvial,1154785.6963119693,89082.05830768045,18,0,1243867.7546196498,684.728712,1243867.7546196498,1,0.18165847770374347
2018,20161,Riley,Corn,Non-alluvial,0,405729.18082449917,2,0,405729.18082449917,129.094834,405729.18082449917,1,0.3142876970774053
2018,20161,Riley,Golf Course/Turf/Sod,Alluvial,225085.7657156678,0,3,0,225085.7657156678,40.4686,225085.7657156678,1,0.5561985482958832
2018,20161,Riley,Golf Course/Turf/Sod,Non-alluvial,7524.239209039749,79300.54733592877,4,0,86824.78654496852,81.746572,86824.78654496852,1,0.10621214372752967
2018,20161,Riley,Multi-Crop,Alluvial,344684.16468427336,0,8,0,344684.16468427336,278.221625,344684.16468427336,1,0.12388834429540599
2018,20161,Riley,Multi-Crop,Non-alluvial,268158.9514828265,0,3,0,268158.9514828265,149.32913399999998,268158.9514828265,1,0.17957577620642098
2018,20161,Riley,Other Crop,Alluvial,252493.73214597325,0,5,0,252493.73214597325,99.14806999999999,252493.73214597325,1,0.25466328507047414
2018,20161,Riley,Other Crop,Non-alluvial,20290.776227656374,0,2,0,20290.776227656374,8.093720000000001,20290.776227656374,1,0.25069777837207574
2018,20161,Riley,Pasture,Non-alluvial,0,2466.963675095,1,0,2466.963675095,0.809372,2466.963675095,1,0.3047997305435572
2018,20161,Riley,Sorghum,Alluvial,25052.016120589724,0,1,0,25052.016120589724,18.21087,25052.016120589724,1,0.13756627838532548
2018,20161,Riley,Soybeans,Alluvial,450418.22779884504,0,10,0,450418.22779884504,394.16416399999997,450418.22779884504,1,0.11427173470768516
2018,20161,Riley,Soybeans,Non-alluvial,20858.177872928223,0,1,0,20858.177872928223,19.424928,20858.177872928223,1,0.10737840507274067
2018,20177,Shawnee,Corn,Alluvial,5705827.94930885,0,105,0,5705827.94930885,3453.185638,5705827.94930885,1,0.16523374493742898
2018,20177,Shawnee,Corn,Non-alluvial,0,229945.68415560495,4,0,229945.68415560495,151.352564,229945.68415560495,1,0.15192718119767365
2018,20177,Shawnee,Golf Course/Turf/Sod,Alluvial,140431.90720478285,0,5,0,140431.90720478285,29.542077999999997,140431.90720478285,1,0.4753623194847122
2018,20177,Shawnee,Golf Course/Turf/Sod,Non-alluvial,0,285748.4024862538,4,0,285748.4024862538,81.948915,285748.4024862538,1,0.34869089174182943
2018,20177,Shawnee,Multi-Crop,Alluvial,1900129.4314684218,126222.19643623567,31,0,2026351.6279046573,1145.26138,2026351.6279046573,1,0.17693355100341002
2018,20177,Shawnee,Multi-Crop,Non-alluvial,0,125543.78142558454,3,0,125543.78142558454,242.406914,125543.78142558454,1,0.051790511810890234
2018,20177,Shawnee,Other Crop,Alluvial,8868.734411966525,0,1,0,8868.734411966525,27.518648,8868.734411966525,1,0.032228089156002594
2018,20177,Shawnee,Other Crop,Non-alluvial,0,1492.513023432475,1,0,1492.513023432475,2.832802,1492.513023432475,1,0.052686810565386315
2018,20177,Shawnee,Soybeans,Alluvial,2270975.7459270777,0,59,0,2270975.7459270777,1857.50874,2270975.7459270777,1,0.12225922263639405
2018,20177,Shawnee,Soybeans,Non-alluvial,0,27481.9753405583,2,0,27481.9753405583,50.181064,27481.9753405583,1,0.05476562900411657
2018,20197,Wabaunsee,Corn,Alluvial,2870102.5440606494,76475.873927945,32,0,2946578.417988594,1236.31573,2946578.417988594,1,0.23833543054480055
2018,20197,Wabaunsee,Corn,Non-alluvial,0,84678.52814763588,3,0,84678.52814763588,74.057538,84678.52814763588,1,0.11434153826128529
2018,20197,Wabaunsee,Multi-Crop,Alluvial,599237.8114989509,201057.53952024248,9,0,800295.3510191934,474.291992,800295.3510191934,1,0.1687347382030421
2018,20197,Wabaunsee,Multi-Crop,Non-alluvial,319077.08173678734,330166.0834563393,5,0,649243.1651931267,335.484694,649243.1651931267,1,0.1935239302431862
2018,20197,Wabaunsee,Other Crop,Alluvial,65929.60421691388,0,1,0,65929.60421691388,48.157634,65929.60421691388,1,0.13690374451725323
2018,20197,Wabaunsee,Other Crop,Non-alluvial,21006.195693433925,89933.16077558823,4,0,110939.35646902215,71.629422,110939.35646902215,1,0.15487959189314993
2018,20197,Wabaunsee,Soybeans,Alluvial,1543270.8010475545,0,26,0,1543270.8010475545,939.680892,1543270.8010475545,1,0.1642334982211764
2018,20197,Wabaunsee,Soybeans,Non-alluvial,0,62340.17206965064,2,0,62340.17206965064,84.579374,62340.17206965064,1,0.07370611665871474
2018,20209,Wyandotte,Golf Course/Turf/Sod,Non-alluvial,0,141307.6793094416,1,0,141307.6793094416,36.42174,141307.6793094416,1,0.38797619034522124
2018,20209,Wyandotte,Other Crop,Alluvial,0,63351.62717643959,1,0,63351.62717643959,7.284348,63351.62717643959,1,0.8696952311509499
2018,20209,Wyandotte,Soybeans,Alluvial,56838.84307418879,0,2,0,56838.84307418879,93.887152,56838.84307418879,1,0.060539532687272045
2019,20005,Atchison,Corn,Non-alluvial,0,247831.17080004368,3,0,247831.17080004368,296.634838,247831.17080004368,1,0.08354756051952458
2019,20005,Atchison,Multi-Crop,Non-alluvial,0,53039.7190145425,1,0,53039.7190145425,70.82005,53039.7190145425,1,0.07489364807641692
2019,20005,Atchison,Soybeans,Non-alluvial,0,23436.154913402497,1,0,23436.154913402497,31.565507999999998,23436.154913402497,1,0.07424608820932804
2019,20013,Brown,Corn,Non-alluvial,0,59823.86912105374,2,0,59823.86912105374,94.291838,59823.86912105374,1,0.0634454374736589
2019,20013,Brown,Golf Course/Turf/Sod,Non-alluvial,0,19427.338941373124,1,0,19427.338941373124,24.28116,19427.338941373124,1,0.08000992926768377
2019,20013,Brown,Multi-Crop,Non-alluvial,0,81163.1049106255,3,0,81163.1049106255,233.50382199999999,81163.1049106255,1,0.03475879076215956
2019,20013,Brown,Soybeans,Non-alluvial,0,3700.4455126425,1,0,3700.4455126425,53.823237999999996,3700.4455126425,1,0.0068751818919599375
2019,20045,Douglas,Corn,Alluvial,327057.7092257196,0,11,0,327057.7092257196,553.610448,327057.7092257196,1,0.059077228474871485
2019,20045,Douglas,Golf Course/Turf/Sod,Alluvial,260462.0248165301,0,5,0,260462.0248165301,169.563434,260462.0248165301,1,0.1536074250634309
2019,20045,Douglas,Golf Course/Turf/Sod,Non-alluvial,296.03564101139995,351073.60060276947,3,0,351369.63624378084,186.56024599999998,351369.63624378084,1,0.18834110898619896
2019,20045,Douglas,Multi-Crop,Alluvial,231869.91582217906,0,8,0,231869.91582217906,435.44213599999995,231869.91582217906,1,0.05324930608510957
2019,20045,Douglas,Other Crop,Alluvial,49.339273501899996,0,1,0,49.339273501899996,2.02343,49.339273501899996,1,0.0024383978443484576
2019,20045,Douglas,Soybeans,Alluvial,183443.4188800642,0,6,0,183443.4188800642,313.226964,183443.4188800642,1,0.05856565365172846
2019,20061,Geary,Corn,Alluvial,188710.386326392,0,4,0,188710.386326392,205.175802,188710.386326392,1,0.09197497194449471
2019,20061,Geary,Corn,Non-alluvial,207015.2567955969,113973.721789389,9,0,320988.9785849859,339.733897,320988.9785849859,1,0.09448247037444894
2019,20061,Geary,Golf Course/Turf/Sod,Non-alluvial,110445.96373400315,0,2,0,110445.96373400315,36.42174,110445.96373400315,1,0.30324186525411234
2019,20061,Geary,Multi-Crop,Alluvial,269565.12077763065,0,2,0,269565.12077763065,96.315268,269565.12077763065,1,0.2798778702226428
2019,20061,Geary,Multi-Crop,Non-alluvial,369834.8593518669,92720.82972844558,12,0,462555.6890803125,844.174996,462555.6890803125,1,0.05479381541411025
2019,20061,Geary,Soybeans,Non-alluvial,42925.167946653,19168.30775548815,6,0,62093.47570214115,195.463338,62093.47570214115,1,0.0317673259535459
2019,20085,Jackson,Golf Course/Turf/Sod,Non-alluvial,0,2417.6244015930997,1,0,2417.6244015930997,14.16401,2417.6244015930997,1,0.017068784910439203
2019,20085,Jackson,Multi-Crop,Non-alluvial,0,45281.118256368725,2,0,45281.118256368725,135.56981000000002,45281.118256368725,1,0.033400591367922346
2019,20085,Jackson,Soybeans,Non-alluvial,22881.088086506126,0,1,0,22881.088086506126,50.58575,22881.088086506126,1,0.0452322800126639
2019,20087,Jefferson,Corn,Alluvial,930082.3099659414,35857.31701750582,38,0,965939.6269834472,1239.148532,965939.6269834472,1,0.07795188405900055
2019,20087,Jefferson,Corn,Non-alluvial,0,66608.01922756499,1,0,66608.01922756499,127.071404,66608.01922756499,1,0.05241778805526143
2019,20087,Jefferson,Golf Course/Turf/Sod,Alluvial,89489.10731407112,0,6,0,89489.10731407112,101.1715,89489.10731407112,1,0.08845288180374031
2019,20087,Jefferson,Golf Course/Turf/Sod,Non-alluvial,0,31786.826953599073,1,0,31786.826953599073,18.21087,31786.826953599073,1,0.1745486456912771
2019,20087,Jefferson,Multi-Crop,Alluvial,496242.0780637347,13765.6573070301,20,0,510007.73537076474,929.159056,510007.73537076474,1,0.054889174472057746
2019,20087,Jefferson,Other Crop,Alluvial,2676.6555874780747,0,1,0,2676.6555874780747,3.237488,2676.6555874780747,1,0.08267692690993989
2019,20087,Jefferson,Other Crop,Non-alluvial,86.34372862832501,0,1,0,86.34372862832501,1.618744,86.34372862832501,1,0.005333995284512252
2019,20087,Jefferson,Soybeans,Alluvial,82569.27420542964,0,9,0,82569.27420542964,279.030997,82569.27420542964,1,0.029591434318470944
2019,20091,Johnson,Corn,Alluvial,37473.178224693045,0,2,0,37473.178224693045,53.418552,37473.178224693045,1,0.07015011980237323
2019,20091,Johnson,Golf Course/Turf/Sod,Non-alluvial,0,444916.8988033832,7,0,444916.8988033832,233.301479,444916.8988033832,1,0.19070470564971567
2019,20091,Johnson,Multi-Crop,Non-alluvial,0,149979.0566274005,3,0,149979.0566274005,135.56981,149979.0566274005,1,0.11062865443818246
2019,20091,Johnson,Other Crop,Non-alluvial,0,100084.71629860414,3,0,100084.71629860414,21.043672,100084.71629860414,1,0.4756048103135429
2019,20103,Leavenworth,Corn,Alluvial,7400.891025285,0,1,0,7400.891025285,17.806184,7400.891025285,1,0.04156359961957599
2019,20103,Leavenworth,Corn,Non-alluvial,0,9867.85470038,1,0,9867.85470038,61.107586,9867.85470038,1,0.016148330095022898
2019,20103,Leavenworth,Golf Course/Turf/Sod,Alluvial,703.0846474020749,1776.2138460683998,2,0,2479.2984934704746,18.21087,2479.2984934704746,1,0.013614387964278886
2019,20103,Leavenworth,Multi-Crop,Alluvial,60440.6100398275,0,2,0,60440.6100398275,90.649664,60440.6100398275,1,0.06667494105640315
2019,20103,Leavenworth,Multi-Crop,Non-alluvial,0,119228.35441734134,1,0,119228.35441734134,80.9372,119228.35441734134,1,0.14730970977170119
2019,20103,Leavenworth,Other Crop,Alluvial,15936.5853411137,0,1,0,15936.5853411137,16.18744,15936.5853411137,1,0.09845031296556898
2019,20103,Leavenworth,Other Crop,Non-alluvial,949.781014911575,0,1,0,949.781014911575,0.809372,949.781014911575,1,0.11734789625926953
2019,20131,Nemaha,Corn,Non-alluvial,100269.73857423627,41938.382476615,5,0,142208.12105085127,218.935126,142208.12105085127,1,0.06495445644060391
2019,20131,Nemaha,Multi-Crop,Non-alluvial,0,77709.3557654925,1,0,77709.3557654925,116.95425399999999,77709.3557654925,1,0.06644423191779968
2019,20131,Nemaha,Soybeans,Non-alluvial,9867.85470038,45638.827989257494,3,0,55506.6826896375,99.14807,55506.6826896375,1,0.055983623977388056
2019,20139,Osage,Corn,Non-alluvial,12026.447916088124,0,1,0,12026.447916088124,48.56232,12026.447916088124,1,0.02476497810666402
2019,20149,Pottawatomie,Corn,Alluvial,1739887.805952626,60008.891396685874,50,0,1799896.697349312,2061.87517,1799896.697349312,1,0.08729416424124803
2019,20149,Pottawatomie,Corn,Non-alluvial,157108.58164842505,126962.28553876418,8,0,284070.86718718923,348.434646,284070.86718718923,1,0.0815277328039271
2019,20149,Pottawatomie,Golf Course/Turf/Sod,Alluvial,25730.43113124085,0,3,0,25730.43113124085,21.043672,25730.43113124085,1,0.12227158421420392
2019,20149,Pottawatomie,Golf Course/Turf/Sod,Non-alluvial,34537.491451329995,0,1,0,34537.491451329995,44.51546,34537.491451329995,1,0.07758538595654184
2019,20149,Pottawatomie,Multi-Crop,Alluvial,1129042.930362353,41296.97192109029,42,0,1170339.9022834434,1649.297793,1170339.9022834434,1,0.07095989015753466
2019,20149,Pottawatomie,Multi-Crop,Non-alluvial,0,26371.841686765547,3,0,26371.841686765547,159.85097,26371.841686765547,1,0.016497767693724692
2019,20149,Pottawatomie,Other Crop,Alluvial,73034.45960118748,0,3,0,73034.45960118748,154.185366,73034.45960118748,1,0.04736795812462999
2019,20149,Pottawatomie,Other Crop,Non-alluvial,18206.1919222011,0,4,0,18206.1919222011,24.28116,18206.1919222011,1,0.07498073371371507
2019,20149,Pottawatomie,Sorghum,Alluvial,1640.530843938175,0,1,0,1640.530843938175,25.899904,1640.530843938175,1,0.006334119400358298
2019,20149,Pottawatomie,Soybeans,Alluvial,852027.5792859356,209.691912383075,46,0,852237.2711983187,1750.26695,852237.2711983187,1,0.048691845046740935
2019,20149,Pottawatomie,Soybeans,Non-alluvial,6673.136741131975,17466.1028196726,5,0,24139.239560804574,241.597542,24139.239560804574,1,0.009991508755004045
2019,20161,Riley,Corn,Alluvial,241367.7259712948,0,8,0,241367.7259712948,311.60821999999996,241367.7259712948,1,0.07745871593865361
2019,20161,Riley,Corn,Non-alluvial,62747.22107604132,140320.8938394036,4,0,203068.11491544492,179.27589799999998,203068.11491544492,1,0.11327128586768812
2019,20161,Riley,Golf Course/Turf/Sod,Alluvial,46539.26973066717,0,1,0,46539.26973066717,26.709276,46539.26973066717,1,0.17424384596073353
2019,20161,Riley,Golf Course/Turf/Sod,Non-alluvial,0,128689.16011133065,2,0,128689.16011133065,72.84348,128689.16011133065,1,0.17666531048671844
2019,20161,Riley,Multi-Crop,Alluvial,107029.21904399658,0,7,0,107029.21904399658,260.61778400000003,107029.21904399658,1,0.041067504067180835
2019,20161,Riley,Multi-Crop,Non-alluvial,2972.691228489475,0,1,0,2972.691228489475,11.735894,2972.691228489475,1,0.025329908641723204
2019,20161,Riley,Other Crop,Alluvial,84567.51478225659,0,7,0,84567.51478225659,146.901018,84567.51478225659,1,0.0575676846448107
2019,20161,Riley,Other Crop,Non-alluvial,9534.814604242174,0,2,0,9534.814604242174,8.09372,9534.814604242174,1,0.11780509585508486
2019,20161,Riley,Soybeans,Alluvial,168444.27973548658,0,12,0,168444.27973548658,496.549722,168444.27973548658,1,0.033922943115752384
2019,20177,Shawnee,Corn,Alluvial,2035676.7505965165,0,96,0,2035676.7505965165,3269.86288,2035676.7505965165,1,0.06225572219091085
2019,20177,Shawnee,Corn,Non-alluvial,0,43443.230318422946,3,0,43443.230318422946,99.14807,43443.230318422946,1,0.043816516366302384
2019,20177,Shawnee,Golf Course/Turf/Sod,Alluvial,43073.1857671587,0,5,0,43073.1857671587,29.542077999999997,43073.1857671587,1,0.14580283000795916
2019,20177,Shawnee,Golf Course/Turf/Sod,Non-alluvial,0,195728.8979820373,4,0,195728.8979820373,70.010678,195728.8979820373,1,0.2795700649864258
2019,20177,Shawnee,Multi-Crop,Alluvial,439329.22607929306,23682.851280911997,27,0,463012.07736020506,980.149492,463012.07736020506,1,0.047238924382384424
2019,20177,Shawnee,Multi-Crop,Non-alluvial,0,2935.6867733630497,1,0,2935.6867733630497,42.087344,2935.6867733630497,1,0.006975224602823713
2019,20177,Shawnee,Other Crop,Alluvial,160.352638881175,0,1,0,160.352638881175,3.642174,160.352638881175,1,0.004402662774518049
2019,20177,Shawnee,Other Crop,Non-alluvial,0,925.111378160625,1,0,925.111378160625,2.832802,925.111378160625,1,0.032657113986809705
2019,20177,Shawnee,Soybeans,Alluvial,258291.0967824465,0,27,0,258291.0967824465,945.346496,258291.0967824465,1,0.0273223731060877
2019,20177,Shawnee,Soybeans,Non-alluvial,0,25496.069582106826,1,0,25496.069582106826,70.82005,25496.069582106826,1,0.036001202459059016
2019,20197,Wabaunsee,Corn,Alluvial,834129.7578231214,0,24,0,834129.7578231214,946.560554,834129.7578231214,1,0.0881221760507803
2019,20197,Wabaunsee,Corn,Non-alluvial,0,111334.07065703734,6,0,111334.07065703734,163.088458,111334.07065703734,1,0.06826606371925924
2019,20197,Wabaunsee,Golf Course/Turf/Sod,Non-alluvial,0,27494.31015893377,1,0,27494.31015893377,9.712464,27494.31015893377,1,0.2830827497423287
2019,20197,Wabaunsee,Multi-Crop,Alluvial,547961.9715121014,9756.841335000725,13,0,557718.8128471021,620.788324,557718.8128471021,1,0.0898404160138653
2019,20197,Wabaunsee,Multi-Crop,Non-alluvial,66213.3050395498,97260.04289062037,4,0,163473.34793017016,282.87551399999995,163473.34793017016,1,0.05778985449061179
2019,20197,Wabaunsee,Other Crop,Alluvial,16935.705629527176,0,1,0,16935.705629527176,48.157634,16935.705629527176,1,0.03516722941481547
2019,20197,Wabaunsee,Other Crop,Non-alluvial,8400.011313698475,6697.806377882925,3,0,15097.817691581398,108.455848,15097.817691581398,1,0.013920704111392315
2019,20197,Wabaunsee,Soybeans,Alluvial,816922.6861893338,16220.286163749624,24,0,833142.9723530833,1215.272058,833142.9723530833,1,0.06855608724553455
2019,20197,Wabaunsee,Soybeans,Non-alluvial,35363.92428248683,5192.958536074974,2,0,40556.882818561804,64.345074,40556.882818561804,1,0.06303028390108278
2019,20209,Wyandotte,Golf Course/Turf/Sod,Non-alluvial,0,97371.05625599965,1,0,97371.05625599965,39.659228,97371.05625599965,1,0.24551929315416743
2019,20209,Wyandotte,Other Crop,Alluvial,0,86121.70189756644,1,0,86121.70189756644,7.284348,86121.70189756644,1,1.1822842881417313
2020,20005,Atchison,Corn,Non-alluvial,9226.444144855299,299970.4480731765,7,0,309196.8922180318,301.288727,309196.8922180318,1,0.10262477965796304
2020,20005,Atchison,Multi-Crop,Non-alluvial,0,242995.9219968575,2,0,242995.9219968575,204.771116,242995.9219968575,1,0.11866708876893432
2020,20005,Atchison,Soybeans,Non-alluvial,5365.645993331625,0,2,0,5365.645993331625,56.65604,5365.645993331625,1,0.009470563056174813
2020,20013,Brown,Corn,Non-alluvial,0,76475.873927945,2,0,76475.873927945,171.182178,76475.873927945,1,0.04467513781016678
2020,20013,Brown,Golf Course/Turf/Sod,Non-alluvial,0,18970.95066148055,1,0,18970.95066148055,24.28116,18970.95066148055,1,0.07813033092933183
2020,20013,Brown,Multi-Crop,Non-alluvial,0,87392.18819024037,3,0,87392.18819024037,186.15556,87392.18819024037,1,0.04694578458480658
2020,20013,Brown,Soybeans,Non-alluvial,0,49857.33587366995,2,0,49857.33587366995,95.10121000000001,49857.33587366995,1,0.05242555365349184
2020,20045,Douglas,Corn,Alluvial,456055.23979643715,0,11,0,456055.23979643715,524.06837,456055.23979643715,1,0.08702208831959028
2020,20045,Douglas,Golf Course/Turf/Sod,Alluvial,365135.2935508109,0,5,0,365135.2935508109,176.03841,365135.2935508109,1,0.20741796835747997
2020,20045,Douglas,Golf Course/Turf/Sod,Non-alluvial,296.03564101139995,258944.84215634665,3,0,259240.87779735806,186.56024599999998,259240.87779735806,1,0.13895826327188596
2020,20045,Douglas,Multi-Crop,Alluvial,467045.5629689854,0,10,0,467045.5629689854,624.8351839999999,467045.5629689854,1,0.07474700127785786
2020,20045,Douglas,Other Crop,Alluvial,123.34818375475,0,1,0,123.34818375475,2.02343,123.34818375475,1,0.006095994610871145
2020,20045,Douglas,Soybeans,Alluvial,196370.308537562,0,6,0,196370.308537562,230.266334,196370.308537562,1,0.08527964341394431
2020,20061,Geary,Corn,Alluvial,122891.79547485743,0,2,0,122891.79547485743,66.77319,122891.79547485743,1,0.18404361911548245
2020,20061,Geary,Corn,Non-alluvial,381528.2671718172,22930.427360008023,10,0,404458.69453182525,287.731746,404458.69453182525,1,0.14056797699751394
2020,20061,Geary,Golf Course/Turf/Sod,Non-alluvial,128343.78519681736,0,1,0,128343.78519681736,36.42174,128343.78519681736,1,0.35238235514507915
2020,20061,Geary,Multi-Crop,Alluvial,184960.60154024762,0,2,0,184960.60154024762,110.074592,184960.60154024762,1,0.16803205733458237
2020,20061,Geary,Multi-Crop,Non-alluvial,595389.3481658028,186231.08783292153,11,0,781620.4359987243,659.63818,781620.4359987243,1,0.11849229770155575
2020,20061,Geary,Soybeans,Alluvial,104833.62137316202,0,3,0,104833.62137316202,136.37918200000001,104833.62137316202,1,0.07686922581275052
2020,20061,Geary,Soybeans,Non-alluvial,211665.483323151,32711.9383317597,4,0,244377.4216549107,169.96812,244377.4216549107,1,0.14377838717926086
2020,20085,Jackson,Corn,Non-alluvial,12297.813920348575,6167.409187737499,2,0,18465.223108086073,64.345074,18465.223108086073,1,0.028697182177591516
2020,20085,Jackson,Golf Course/Turf/Sod,Non-alluvial,0,7030.84647402075,1,0,7030.84647402075,14.16401,7030.84647402075,1,0.049638813259950745
2020,20085,Jackson,Multi-Crop,Non-alluvial,0,106708.51376623422,2,0,106708.51376623422,135.56981000000002,106708.51376623422,1,0.07871111847559144
2020,20087,Jefferson,Corn,Alluvial,632073.0980144654,133364.0562756357,28,0,765437.154290101,983.38698,765437.154290101,1,0.07783682007769728
2020,20087,Jefferson,Corn,Non-alluvial,0,103612.47435399,1,0,103612.47435399,127.071404,103612.47435399,1,0.08153878141929556
2020,20087,Jefferson,Golf Course/Turf/Sod,Alluvial,192965.89866593087,0,5,0,192965.89866593087,91.863722,192965.89866593087,1,0.21005669535785942
2020,20087,Jefferson,Golf Course/Turf/Sod,Non-alluvial,0,42974.507220154905,1,0,42974.507220154905,18.21087,42974.507220154905,1,0.23598272471416742
2020,20087,Jefferson,Multi-Crop,Alluvial,668238.785491358,93682.9455617326,24,0,761921.7310530907,1016.571232,761921.7310530907,1,0.07495015667068283
2020,20087,Jefferson,Other Crop,Alluvial,12.334818375474999,0,1,0,12.334818375474999,0.404686,12.334818375474999,1,0.003047997305435572
2020,20087,Jefferson,Other Crop,Non-alluvial,1541.8522969343749,0,1,0,1541.8522969343749,1.618744,1541.8522969343749,1,0.09524991579486163
2020,20087,Jefferson,Soybeans,Alluvial,487422.68292527006,25483.73476373135,22,0,512906.4176890014,738.147264,512906.4176890014,1,0.0694856490979287
2020,20091,Johnson,Golf Course/Turf/Sod,Non-alluvial,0,500978.6483199171,6,0,500978.6483199171,187.774304,500978.6483199171,1,0.2667982986212624
2020,20091,Johnson,Multi-Crop,Non-alluvial,0,150521.78863592143,3,0,150521.78863592143,74.86691,150521.78863592143,1,0.2010524925309745
2020,20091,Johnson,Other Crop,Non-alluvial,0,100245.06893748531,2,0,100245.06893748531,24.28116,100245.06893748531,1,0.4128512350212482
2020,20091,Johnson,Soybeans,Alluvial,20697.82523404705,0,2,0,20697.82523404705,53.418552,20697.82523404705,1,0.03874651120091584
2020,20103,Leavenworth,Corn,Alluvial,134449.52029267748,99912.02884134749,4,0,234361.54913402497,139.61667,234361.54913402497,1,0.16786072116891557
2020,20103,Leavenworth,Golf Course/Turf/Sod,Alluvial,8288.9979483192,2911.0171366121,2,0,11200.0150849313,21.853043999999997,11200.0150849313,1,0.0512515102469537
2020,20103,Leavenworth,Golf Course/Turf/Sod,Non-alluvial,690.7498290266001,146846.01276002987,2,0,147536.76258905648,65.154446,147536.76258905648,1,0.22644158863549618
2020,20103,Leavenworth,Other Crop,Non-alluvial,567.40164527185,0,1,0,567.40164527185,1.214058,567.40164527185,1,0.046735958683345444
2020,20103,Leavenworth,Soybeans,Non-alluvial,0,4218.50788441245,1,0,4218.50788441245,27.518648,4218.50788441245,1,0.015329633506749497
2020,20131,Nemaha,Corn,Non-alluvial,98678.54700379999,113480.32905437,7,0,212158.87605817,273.567736,212158.87605817,1,0.07755259416197016
2020,20131,Nemaha,Multi-Crop,Non-alluvial,0,123348.18375474999,1,0,123348.18375474999,116.95425399999999,123348.18375474999,1,0.10546703479015822
2020,20131,Nemaha,Soybeans,Non-alluvial,0,57973.6463647325,1,0,57973.6463647325,44.51546,57973.6463647325,1,0.1302326121413381
2020,20139,Osage,Corn,Non-alluvial,30220.305019913747,0,1,0,30220.305019913747,46.943576,30220.305019913747,1,0.06437580515790647
2020,20139,Osage,Soybeans,Non-alluvial,9867.85470038,0,1,0,9867.85470038,48.56232,9867.85470038,1,0.020319982036237146
2020,20149,Pottawatomie,Alfalfa,Alluvial,10410.586708900899,0,1,0,10410.586708900899,29.542078,10410.586708900899,1,0.03523985925736469
2020,20149,Pottawatomie,Corn,Alluvial,2426530.1404601927,87700.55864962724,64,0,2514230.69910982,2496.91262,2514230.69910982,1,0.10069357970203299
2020,20149,Pottawatomie,Corn,Non-alluvial,129059.20466259492,248620.5991760741,11,0,377679.803838669,590.032188,377679.803838669,1,0.0640100339472783
2020,20149,Pottawatomie,Golf Course/Turf/Sod,Alluvial,6463.4448287488995,0,2,0,6463.4448287488995,8.498406,6463.4448287488995,1,0.07605478990705904
2020,20149,Pottawatomie,Golf Course/Turf/Sod,Non-alluvial,48105.791664352495,0,1,0,48105.791664352495,44.51546,48105.791664352495,1,0.10806535901089756
2020,20149,Pottawatomie,Multi-Crop,Alluvial,1124269.3556510443,152248.6632084879,34,0,1276518.0188595322,1958.882583,1276518.0188595322,1,0.0651656219692639
2020,20149,Pottawatomie,Multi-Crop,Non-alluvial,0,282652.3630740096,4,0,282652.3630740096,254.95218,282652.3630740096,1,0.11086485437151768
2020,20149,Pottawatomie,Other Crop,Non-alluvial,22289.016804483326,0,5,0,22289.016804483326,30.35145,22289.016804483326,1,0.07343641507896106
2020,20149,Pottawatomie,Soybeans,Alluvial,1572146.6108645415,188574.7033242618,55,0,1760721.3141888033,2310.352374,1760721.3141888033,1,0.07621007661010602
2020,20149,Pottawatomie,Soybeans,Non-alluvial,49524.29577753212,95693.52095693504,5,0,145217.81673446717,259.403726,145217.81673446717,1,0.055981392007633364
2020,20161,Riley,Corn,Alluvial,456745.9896254637,35080.2234598509,13,0,491826.21308531467,562.108854,491826.21308531467,1,0.08749661379383196
2020,20161,Riley,Corn,Non-alluvial,19859.05758451475,194988.8088795088,3,0,214847.86646402354,177.657154,214847.86646402354,1,0.12093397964937767
2020,20161,Riley,Golf Course/Turf/Sod,Alluvial,98752.55591405283,0,5,0,98752.55591405283,26.709276,98752.55591405283,1,0.36973130950480587
2020,20161,Riley,Golf Course/Turf/Sod,Non-alluvial,0,113936.71733426258,2,0,113936.71733426258,87.00749,113936.71733426258,1,0.1309504702805041
2020,20161,Riley,Multi-Crop,Alluvial,268615.33976271906,0,8,0,268615.33976271906,356.12368,268615.33976271906,1,0.07542754240962551
2020,20161,Riley,Multi-Crop,Non-alluvial,156985.2334646703,0,3,0,156985.2334646703,112.50270799999998,156985.2334646703,1,0.13953907088589398
2020,20161,Riley,Other Crop,Alluvial,132895.33317736763,0,5,0,132895.33317736763,114.12145199999999,132895.33317736763,1,0.1164507906693718
2020,20161,Riley,Other Crop,Non-alluvial,15011.473962953074,0,3,0,15011.473962953074,12.545266,15011.473962953074,1,0.11965847486177714
2020,20161,Riley,Sorghum,Alluvial,24.669636750949998,0,1,0,24.669636750949998,0.404686,24.669636750949998,1,0.006095994610871144
2020,20161,Riley,Soybeans,Alluvial,344079.7585838751,0,10,0,344079.7585838751,331.84252,344079.7585838751,1,0.10368766443307961
2020,20161,Riley,Soybeans,Non-alluvial,8794.725501713674,0,1,0,8794.725501713674,23.876473999999998,8794.725501713674,1,0.03683427252161971
2020,20161,Riley,Wheat,Alluvial,2466.963675095,0,1,0,2466.963675095,2.02343,2466.963675095,1,0.12191989221742289
2020,20177,Shawnee,Corn,Alluvial,2293795.159921706,0,109,0,2293795.159921706,3667.2645319999997,2293795.159921706,1,0.06254785112735647
2020,20177,Shawnee,Corn,Non-alluvial,0,141073.31776030757,4,0,141073.31776030757,189.797734,141073.31776030757,1,0.07432824132679455
2020,20177,Shawnee,Golf Course/Turf/Sod,Alluvial,80682.04699398197,0,5,0,80682.04699398197,25.090532,80682.04699398197,1,0.3215637157234529
2020,20177,Shawnee,Golf Course/Turf/Sod,Non-alluvial,0,199293.66049254956,4,0,199293.66049254956,65.963818,199293.66049254956,1,0.30212572063756155
2020,20177,Shawnee,Multi-Crop,Alluvial,457880.79291600746,40852.91845957319,29,0,498733.71137558063,1098.317804,498733.71137558063,1,0.04540887068926915
2020,20177,Shawnee,Multi-Crop,Non-alluvial,0,156590.51927665513,4,0,156590.51927665513,257.784982,156590.51927665513,1,0.06074462447802918
2020,20177,Shawnee,Other Crop,Alluvial,4489.8738886729,0,1,0,4489.8738886729,27.518648,4489.8738886729,1,0.016315750282037474
2020,20177,Shawnee,Soybeans,Alluvial,685655.5490375288,0,41,0,685655.5490375288,1421.864261,685655.5490375288,1,0.04822229293218931
2020,20177,Shawnee,Soybeans,Non-alluvial,0,13531.295757896074,2,0,13531.295757896074,50.585750000000004,13531.295757896074,1,0.026749224352502578
2020,20197,Wabaunsee,Corn,Alluvial,1629466.5118553739,19377.999667871227,33,0,1648844.5115232451,1354.281699,1648844.5115232451,1,0.12175048313366046
2020,20197,Wabaunsee,Corn,Non-alluvial,0,44109.3105106986,3,0,44109.3105106986,76.080968,44109.3105106986,1,0.0579767998097745
2020,20197,Wabaunsee,Golf Course/Turf/Sod,Alluvial,47563.0596558316,0,1,0,47563.0596558316,48.157634,47563.0596558316,1,0.09876535806520645
2020,20197,Wabaunsee,Golf Course/Turf/Sod,Non-alluvial,0,26988.582605539297,1,0,26988.582605539297,9.712464,26988.582605539297,1,0.27787575434554296
2020,20197,Wabaunsee,Multi-Crop,Alluvial,297441.81030620413,143379.9287965214,8,0,440821.7391027255,544.707356,440821.7391027255,1,0.08092817808444018
2020,20197,Wabaunsee,Multi-Crop,Non-alluvial,208766.80100491436,152211.6587533615,5,0,360978.4597582759,332.651892,360978.4597582759,1,0.10851537852016062
2020,20197,Wabaunsee,Other Crop,Alluvial,59725.19057404995,0,2,0,59725.19057404995,95.10121000000001,59725.19057404995,1,0.0628017146932725
2020,20197,Wabaunsee,Other Crop,Non-alluvial,690.7498290266001,91413.33898064522,4,0,92104.08880967183,125.45266,92104.08880967183,1,0.07341740606350781
2020,20197,Wabaunsee,Soybeans,Alluvial,675355.9756940072,0,20,0,675355.9756940072,807.34857,675355.9756940072,1,0.08365110198857567
2020,20197,Wabaunsee,Soybeans,Non-alluvial,0,58627.39173863267,3,0,58627.39173863267,93.887152,58627.39173863267,1,0.06244453100316928
2020,20209,Wyandotte,Golf Course/Turf/Sod,Non-alluvial,0,127579.02645753793,1,0,127579.02645753793,39.659228,127579.02645753793,1,0.321688123776736
2020,20209,Wyandotte,Other Crop,Alluvial,0,84382.49250662446,1,0,84382.49250662446,7.284348,84382.49250662446,1,1.1584083092491526
2020,20209,Wyandotte,Soybeans,Alluvial,39989.481173289954,0,2,0,39989.481173289954,93.887152,39989.481173289954,1,0.04259313475957813
2021,20005,Atchison,Corn,Non-alluvial,0,23608.84237065915,1,0,23608.84237065915,33.993624,23608.84237065915,1,0.06945079574528197
2021,20005,Atchison,Multi-Crop,Non-alluvial,0,485991.843993715,4,0,485991.843993715,482.38571199999996,485991.843993715,1,0.10074756194141071
2021,20005,Atchison,Soybeans,Non-alluvial,48007.113117348694,71788.6429452645,8,0,119795.75606261319,159.243941,119795.75606261319,1,0.07522782676083932
2021,20013,Brown,Corn,Non-alluvial,0,83358.70258146005,3,0,83358.70258146005,121.4058,83358.70258146005,1,0.06866121930044533
2021,20013,Brown,Golf Course/Turf/Sod,Non-alluvial,0,11360.367723812475,1,0,11360.367723812475,24.28116,11360.367723812475,1,0.04678675863843603
2021,20013,Brown,Multi-Crop,Non-alluvial,0,150953.50727906305,3,0,150953.50727906305,277.20991,150953.50727906305,1,0.05445458543638035
2021,20013,Brown,Soybeans,Non-alluvial,0,30837.045938687497,1,0,30837.045938687497,53.823237999999996,30837.045938687497,1,0.057293182432999475
2021,20045,Douglas,Corn,Alluvial,405803.189734752,0,8,0,405803.189734752,432.609334,405803.189734752,1,0.0938036139864592
2021,20045,Douglas,Golf Course/Turf/Sod,Alluvial,480564.523908506,0,7,0,480564.523908506,235.931938,480564.523908506,1,0.20368777876461389
2021,20045,Douglas,Golf Course/Turf/Sod,Non-alluvial,703.0846474020749,271242.65607669525,3,0,271945.74072409736,186.56024599999998,271945.74072409736,1,0.1457683223274145
2021,20045,Douglas,Multi-Crop,Alluvial,360966.12493990036,0,8,0,360966.12493990036,382.630613,360966.12493990036,1,0.09433801496167803
2021,20045,Douglas,Other Crop,Alluvial,172.68745725665002,0,1,0,172.68745725665002,2.02343,172.68745725665002,1,0.008534392455219603
2021,20045,Douglas,Soybeans,Alluvial,212516.58579105875,0,9,0,212516.58579105875,303.91918599999997,212516.58579105875,1,0.0699253602867503
2021,20061,Geary,Corn,Alluvial,314192.49366009916,0,3,0,314192.49366009916,150.138506,314192.49366009916,1,0.20926842955270858
2021,20061,Geary,Corn,Non-alluvial,234990.62487117422,64770.13128961922,5,0,299760.7561607934,175.633724,299760.7561607934,1,0.17067380303386007
2021,20061,Geary,Golf Course/Turf/Sod,Non-alluvial,183764.12415782653,0,2,0,183764.12415782653,32.37488,183764.12415782653,1,0.5676132982047394
2021,20061,Geary,Multi-Crop,Alluvial,210826.7156736187,0,2,0,210826.7156736187,92.268408,210826.7156736187,1,0.228492850633793
2021,20061,Geary,Multi-Crop,Non-alluvial,1013909.7356456695,275251.4720487246,16,0,1289161.207694394,932.396544,1289161.207694394,1,0.13826319026922457
2021,20061,Geary,Soybeans,Alluvial,137039.83215152725,0,2,0,137039.83215152725,66.77319,137039.83215152725,1,0.2052318185659952
2021,20061,Geary,Soybeans,Non-alluvial,265321.94325646723,21117.2090588132,7,0,286439.15231528046,196.27271,286439.15231528046,1,0.14593936789036055
2021,20085,Jackson,Corn,Non-alluvial,61970.1275183864,134449.52029267748,3,0,196419.64781106389,141.6401,196419.64781106389,1,0.1386751688335887
2021,20085,Jackson,Golf Course/Turf/Sod,Non-alluvial,0,7746.2659397983,1,0,7746.2659397983,14.16401,7746.2659397983,1,0.05468978022324398
2021,20085,Jackson,Multi-Crop,Non-alluvial,0,78572.79305177575,2,0,78572.79305177575,135.56981000000002,78572.79305177575,1,0.05795744130037192
2021,20085,Jackson,Soybeans,Non-alluvial,0,80484.68989997437,2,0,80484.68989997437,88.626234,80484.68989997437,1,0.09081361834688177
2021,20087,Jefferson,Corn,Alluvial,998034.8243964332,101416.87668315544,37,0,1099451.7010795886,1321.29979,1099451.7010795886,1,0.08320985967004418
2021,20087,Jefferson,Corn,Non-alluvial,0,86343.728628325,1,0,86343.728628325,127.071404,86343.728628325,1,0.06794898451607963
2021,20087,Jefferson,Golf Course/Turf/Sod,Alluvial,125198.40651107125,0,4,0,125198.40651107125,66.77319,125198.40651107125,1,0.1874980160616428
2021,20087,Jefferson,Golf Course/Turf/Sod,Non-alluvial,2602.6466772252247,38299.61105584988,2,0,40902.2577330751,19.829614,40902.2577330751,1,0.20626855234335426
2021,20087,Jefferson,Multi-Crop,Alluvial,727939.306428657,17305.750180791423,24,0,745245.0566094485,942.91838,745245.0566094485,1,0.07903600909862936
2021,20087,Jefferson,Soybeans,Alluvial,288856.7767168735,117020.42192813131,17,0,405877.1986450048,711.0333019999999,405877.1986450048,1,0.057082726997926866
2021,20091,Johnson,Corn,Alluvial,41025.60591682985,0,2,0,41025.60591682985,53.418552,41025.60591682985,1,0.0768002957415054
2021,20091,Johnson,Golf Course/Turf/Sod,Non-alluvial,0,673222.0521150499,7,0,673222.0521150499,224.196044,673222.0521150499,1,0.300282752587307
2021,20091,Johnson,Multi-Crop,Non-alluvial,0,167667.18617783167,3,0,167667.18617783167,133.951066,167667.18617783167,1,0.12517047544648258
2021,20091,Johnson,Other Crop,Non-alluvial,0,87379.8533718649,2,0,87379.8533718649,24.28116,87379.8533718649,1,0.35986688186175986
2021,20091,Johnson,Unknown,Non-alluvial,0,28357.74744521702,1,0,28357.74744521702,3.642174,28357.74744521702,1,0.7785939783551533
2021,20103,Leavenworth,Corn,Alluvial,11101.3365379275,0,1,0,11101.3365379275,17.806184,11101.3365379275,1,0.06234539942936398
2021,20103,Leavenworth,Golf Course/Turf/Sod,Alluvial,14974.46950782665,2195.5976708345497,2,0,17170.0671786612,21.853044,17170.0671786612,1,0.07857059720678364
2021,20103,Leavenworth,Golf Course/Turf/Sod,Non-alluvial,752.4239209039749,141998.4291384682,2,0,142750.85305937217,65.154446,142750.85305937217,1,0.21909610444599925
2021,20103,Leavenworth,Multi-Crop,Alluvial,98678.54700379999,0,2,0,98678.54700379999,93.48246599999999,98678.54700379999,1,0.10555834824019297
2021,20103,Leavenworth,Other Crop,Non-alluvial,357.70973288877497,0,1,0,357.70973288877497,1.214058,357.70973288877497,1,0.029463973952543864
2021,20103,Leavenworth,Soybeans,Alluvial,0,14801.78205057,1,0,14801.78205057,35.612368,14801.78205057,1,0.04156359961957599
2021,20103,Leavenworth,Soybeans,Non-alluvial,0,38139.258416968696,2,0,38139.258416968696,48.56232,38139.258416968696,1,0.07853673057005657
2021,20131,Nemaha,Corn,Non-alluvial,104845.9561915375,81409.801278135,4,0,186255.7574696725,164.707202,186255.7574696725,1,0.11308294671272025
2021,20131,Nemaha,Multi-Crop,Non-alluvial,0,123348.18375474999,1,0,123348.18375474999,116.95425399999999,123348.18375474999,1,0.10546703479015822
2021,20131,Nemaha,Soybeans,Non-alluvial,54273.20085209,101145.51067889499,4,0,155418.711530985,153.375994,155418.711530985,1,0.10133183653954672
2021,20139,Osage,Soybeans,Non-alluvial,12026.447916088124,0,1,0,12026.447916088124,46.943576,12026.447916088124,1,0.025618942868962782
2021,20149,Pottawatomie,Alfalfa,Alluvial,19390.3344862467,0,1,0,19390.3344862467,29.542078,19390.3344862467,1,0.06563632553622903
2021,20149,Pottawatomie,Corn,Alluvial,3804452.701184505,346324.69552821154,63,0,4150777.3967127167,2684.686924,4150777.3967127167,1,0.15460936467513098
2021,20149,Pottawatomie,Corn,Non-alluvial,199244.32121904765,434086.92826971615,9,0,633331.2494887639,520.426196,633331.2494887639,1,0.12169472911943192
2021,20149,Pottawatomie,Golf Course/Turf/Sod,Alluvial,5180.6237176995,0,2,0,5180.6237176995,5.665604,5180.6237176995,1,0.09143991916306717
2021,20149,Pottawatomie,Golf Course/Turf/Sod,Non-alluvial,39471.41880152,15492.5318795966,3,0,54963.9506811166,72.84348,54963.9506811166,1,0.07545486662789394
2021,20149,Pottawatomie,Multi-Crop,Alluvial,2018000.955864461,338282.3939474019,39,0,2356283.3498118627,2294.771963,2356283.3498118627,1,0.10268050106083078
2021,20149,Pottawatomie,Multi-Crop,Non-alluvial,0,367762.6098647871,5,0,367762.6098647871,273.16305,367762.6098647871,1,0.1346311698689801
2021,20149,Pottawatomie,Other Crop,Alluvial,555.066826896375,0,1,0,555.066826896375,0.404686,555.066826896375,1,0.13715987874460076
2021,20149,Pottawatomie,Other Crop,Non-alluvial,23658.18164416105,0,5,0,23658.18164416105,30.35145,23658.18164416105,1,0.0779474510910057
2021,20149,Pottawatomie,Soybeans,Alluvial,2354815.5064251814,58553.38282837982,52,0,2413368.889253561,1997.934782,2413368.889253561,1,0.12079317658395723
2021,20149,Pottawatomie,Soybeans,Non-alluvial,62710.21662091489,201291.90106937653,8,0,264002.11769029143,351.267448,264002.11769029143,1,0.0751570118988912
2021,20149,Pottawatomie,Wheat,Alluvial,3379.74023488015,0,1,0,3379.74023488015,10.926522,3379.74023488015,1,0.030931528210716548
2021,20161,Riley,Corn,Alluvial,726533.1371338529,0,13,0,726533.1371338529,471.054504,726533.1371338529,1,0.15423547189644385
2021,20161,Riley,Corn,Non-alluvial,26063.47122737867,206953.58270371953,2,0,233017.0539310982,135.56981,233017.0539310982,1,0.17187975252830864
2021,20161,Riley,Golf Course/Turf/Sod,Alluvial,222643.47167732375,0,5,0,222643.47167732375,26.709276,222643.47167732375,1,0.8335810812592739
2021,20161,Riley,Golf Course/Turf/Sod,Non-alluvial,0,110519.972644256,2,0,110519.972644256,72.84348,110519.972644256,1,0.1517225325372374
2021,20161,Riley,Multi-Crop,Alluvial,457831.45364250557,0,9,0,457831.45364250557,357.337738,457831.45364250557,1,0.1281228946612142
2021,20161,Riley,Multi-Crop,Non-alluvial,201982.6508984031,0,3,0,201982.6508984031,112.50270799999998,201982.6508984031,1,0.17953581250542267
2021,20161,Riley,Other Crop,Alluvial,320927.30449310853,0,7,0,320927.30449310853,112.098022,320927.30449310853,1,0.2862916747033311
2021,20161,Riley,Other Crop,Non-alluvial,15295.174785588999,0,3,0,15295.174785588999,16.592126,15295.174785588999,1,0.09218333314000267
2021,20161,Riley,Sorghum,Alluvial,2935.6867733630497,0,1,0,2935.6867733630497,2.428116,2935.6867733630497,1,0.12090389311561102
2021,20161,Riley,Soybeans,Alluvial,421135.36897546746,25323.382124850174,11,0,446458.7511003176,437.870252,446458.7511003176,1,0.10196142557323525
2021,20161,Riley,Soybeans,Non-alluvial,48956.89413226027,83556.05967546764,2,0,132512.9538077279,80.93719999999999,132512.9538077279,1,0.16372317526147176
2021,20161,Riley,Wheat,Alluvial,13568.3002130225,0,2,0,13568.3002130225,36.42174,13568.3002130225,1,0.037253300399768104
2021,20177,Shawnee,Corn,Alluvial,4004054.7321364414,0,97,0,4004054.7321364414,3149.4687949999998,4004054.7321364414,1,0.12713428812163993
2021,20177,Shawnee,Corn,Non-alluvial,0,28592.10899435105,2,0,28592.10899435105,50.585750000000004,28592.10899435105,1,0.05652206203199724
2021,20177,Shawnee,Golf Course/Turf/Sod,Alluvial,76031.82046642789,0,4,0,76031.82046642789,21.043672,76031.82046642789,1,0.36130491135970894
2021,20177,Shawnee,Golf Course/Turf/Sod,Non-alluvial,0,205214.37331277758,4,0,205214.37331277758,36.826426,205214.37331277758,1,0.5572475952805673
2021,20177,Shawnee,Multi-Crop,Alluvial,915440.8805542525,32428.237509123774,24,0,947869.1180633763,914.59036,947869.1180633763,1,0.10363865174167988
2021,20177,Shawnee,Multi-Crop,Non-alluvial,0,470018.2541974748,4,0,470018.2541974748,286.113002,470018.2541974748,1,0.1642771390716018
2021,20177,Shawnee,Other Crop,Alluvial,10879.30980716895,0,1,0,10879.30980716895,27.518648,10879.30980716895,1,0.039534317991090806
2021,20177,Shawnee,Other Crop,Non-alluvial,0,1270.486292673925,1,0,1270.486292673925,2.832802,1270.486292673925,1,0.04484910320855199
2021,20177,Shawnee,Soybeans,Alluvial,2096672.4274632405,0,66,0,2096672.4274632405,2180.043482,2096672.4274632405,1,0.09617571597882654
2021,20177,Shawnee,Soybeans,Non-alluvial,0,30146.2961096609,2,0,30146.2961096609,104.408988,30146.2961096609,1,0.028873276800327672
2021,20197,Wabaunsee,Corn,Alluvial,1338549.820469796,38348.95032935177,23,0,1376898.7707991477,1007.66814,1376898.7707991477,1,0.1366420864312677
2021,20197,Wabaunsee,Corn,Non-alluvial,0,133734.10082689993,6,0,133734.10082689993,192.22584999999998,133734.10082689993,1,0.069571340601121
2021,20197,Wabaunsee,Golf Course/Turf/Sod,Non-alluvial,0,29936.604197277822,1,0,29936.604197277822,10.11715,29936.604197277822,1,0.29589957841168535
2021,20197,Wabaunsee,Multi-Crop,Alluvial,474162.75317163445,112197.50794332058,7,0,586360.2611149551,430.58590399999997,586360.2611149551,1,0.1361773006658748
2021,20197,Wabaunsee,Multi-Crop,Non-alluvial,204104.23965898482,217795.88805576204,6,0,421900.12771474686,286.113002,421900.12771474686,1,0.1474592642646652
2021,20197,Wabaunsee,Other Crop,Alluvial,233140.40211485297,0,3,0,233140.40211485297,143.258844,233140.40211485297,1,0.16274066968937215
2021,20197,Wabaunsee,Other Crop,Non-alluvial,9140.100416226975,159871.58096453146,4,0,169011.68138075844,194.653966,169011.68138075844,1,0.08682673405213766
2021,20197,Wabaunsee,Sorghum,Non-alluvial,0,39212.38761563502,1,0,39212.38761563502,30.35145,39212.38761563502,1,0.12919444578639577
2021,20197,Wabaunsee,Soybeans,Alluvial,1647500.0163203182,31429.117220710297,33,0,1678929.1335410287,1503.610833,1678929.1335410287,1,0.11165981893009072
2021,20197,Wabaunsee,Soybeans,Non-alluvial,0,13889.00549078485,1,0,13889.00549078485,37.231111999999996,13889.00549078485,1,0.0373048365860919
2021,20209,Wyandotte,Multi-Crop,Non-alluvial,0,125186.07169269577,1,0,125186.07169269577,39.659228,125186.07169269577,1,0.31565433319250635
2021,20209,Wyandotte,Other Crop,Alluvial,0,46070.54663239913,1,0,46070.54663239913,7.284348,46070.54663239913,1,0.6324594408778813
2021,20209,Wyandotte,Soybeans,Alluvial,18810.598022599374,0,1,0,18810.598022599374,48.157634,18810.598022599374,1,0.03906046967049787
2022,20005,Atchison,Corn,Non-alluvial,170220.493581555,91277.65597851499,3,0,261498.14956006999,109.26522,261498.14956006999,1,0.23932423287123752
2022,20005,Atchison,Multi-Crop,Non-alluvial,0,484203.2953292711,5,0,484203.2953292711,490.07474599999995,484203.2953292711,1,0.09880192751847515
2022,20005,Atchison,Soybeans,Non-alluvial,110914.6868322712,76611.55693007522,7,0,187526.24376234642,70.415364,187526.24376234642,1,0.2663143852559598
2022,20013,Brown,Corn,Non-alluvial,0,118414.25640455999,2,0,118414.25640455999,171.182178,118414.25640455999,1,0.06917440693187113
2022,20013,Brown,Golf Course/Turf/Sod,Non-alluvial,0,11064.332082801075,1,0,11064.332082801075,24.28116,11064.332082801075,1,0.0455675597162618
2022,20013,Brown,Multi-Crop,Non-alluvial,0,267702.56320293393,4,0,267702.56320293393,263.0459,267702.56320293393,1,0.10177028541518189
2022,20013,Brown,Soybeans,Non-alluvial,0,56740.164527185,2,0,56740.164527185,68.79662,56740.164527185,1,0.08247522120590371
2022,20045,Douglas,Corn,Alluvial,1097490.464957888,0,16,0,1097490.464957888,615.932092,1097490.464957888,1,0.178183679534251
2022,20045,Douglas,Golf Course/Turf/Sod,Alluvial,518777.79123572755,0,7,0,518777.79123572755,195.463338,518777.79123572755,1,0.2654092560497087
2022,20045,Douglas,Golf Course/Turf/Sod,Non-alluvial,1245.8166559229749,162572.9061887605,3,0,163818.72284468348,186.56024599999998,163818.72284468348,1,0.08781009156939228
2022,20045,Douglas,Multi-Crop,Alluvial,290682.3298364438,0,4,0,290682.3298364438,292.587978,290682.3298364438,1,0.09934869225434949
2022,20045,Douglas,Other Crop,Alluvial,271.36600426045,0,1,0,271.36600426045,2.02343,271.36600426045,1,0.013411188143916517
2022,20045,Douglas,Soybeans,Alluvial,488878.1914935761,0,7,0,488878.1914935761,345.60184399999997,488878.1914935761,1,0.1414570552735755
2022,20061,Geary,Alfalfa,Non-alluvial,0,49351.60832027547,1,0,49351.60832027547,38.44517,49351.60832027547,1,0.12836881283208132
2022,20061,Geary,Corn,Alluvial,104463.57682189778,0,2,0,104463.57682189778,66.77319,104463.57682189778,1,0.156445388968084
2022,20061,Geary,Corn,Non-alluvial,313390.73046569334,92498.80299768702,10,0,405889.53346338036,302.705128,405889.53346338036,1,0.1340874322629184
2022,20061,Geary,Golf Course/Turf/Sod,Non-alluvial,112616.89176808675,0,2,0,112616.89176808675,32.37488,112616.89176808675,1,0.3478526924828347
2022,20061,Geary,Multi-Crop,Alluvial,274425.03921756777,0,3,0,274425.03921756777,149.73382,274425.03921756777,1,0.1832752541927854
2022,20061,Geary,Multi-Crop,Non-alluvial,1036075.404266398,126061.8437973545,12,0,1162137.2480637527,706.17707,1162137.2480637527,1,0.16456740064694436
2022,20061,Geary,Soybeans,Alluvial,154382.5867874451,0,2,0,154382.5867874451,91.863722,154382.5867874451,1,0.16805609812701156
2022,20061,Geary,Soybeans,Non-alluvial,221829.3736645424,0,4,0,221829.3736645424,165.111888,221829.3736645424,1,0.1343509400513562
2022,20085,Jackson,Corn,Non-alluvial,0,196123.61217005248,2,0,196123.61217005248,146.091646,196123.61217005248,1,0.13424697273248087
2022,20085,Jackson,Golf Course/Turf/Sod,Non-alluvial,0,9608.823514495025,1,0,9608.823514495025,14.16401,9608.823514495025,1,0.06783971145526602
2022,20085,Jackson,Multi-Crop,Non-alluvial,0,246955.39869538497,4,0,246955.39869538497,213.269522,246955.39869538497,1,0.11579497922604477
2022,20085,Jackson,Soybeans,Non-alluvial,58121.664185238194,85110.2467907775,3,0,143231.9109760157,95.910582,143231.9109760157,1,0.14933900721821883
2022,20087,Jefferson,Corn,Alluvial,1349059.0857257007,131365.81569880876,31,0,1480424.9014245095,1101.757635,1480424.9014245095,1,0.13436937983411473
2022,20087,Jefferson,Golf Course/Turf/Sod,Alluvial,62377.17652477707,0,2,0,62377.17652477707,29.542078,62377.17652477707,1,0.2111468818299683
2022,20087,Jefferson,Golf Course/Turf/Sod,Non-alluvial,1899.56202982315,41876.70838473763,2,0,43776.27041456078,19.829614,43776.27041456078,1,0.22076209055083362
2022,20087,Jefferson,Multi-Crop,Alluvial,1675598.7325796504,33649.3845282958,28,0,1709248.1171079462,1020.213406,1709248.1171079462,1,0.16753829219020733
2022,20087,Jefferson,Multi-Crop,Non-alluvial,0,94978.10149115749,1,0,94978.10149115749,127.071404,94978.10149115749,1,0.0747438829676876
2022,20087,Jefferson,Other Crop,Alluvial,99578.98874520967,0,4,0,99578.98874520967,108.25350499999999,99578.98874520967,1,0.09198684952067805
2022,20087,Jefferson,Soybeans,Alluvial,726126.0881274623,81582.48873539164,20,0,807708.576862854,777.401806,807708.576862854,1,0.10389846931521715
2022,20091,Johnson,Corn,Alluvial,61587.74814874667,0,2,0,61587.74814874667,53.418552,61587.74814874667,1,0.11529280716696827
2022,20091,Johnson,Golf Course/Turf/Sod,Alluvial,222.02673075854997,0,1,0,222.02673075854997,6.07029,222.02673075854997,1,0.0036575967665226864
2022,20091,Johnson,Golf Course/Turf/Sod,Non-alluvial,0,665845.830726516,8,0,665845.830726516,222.172614,665845.830726516,1,0.29969752740385724
2022,20091,Johnson,Multi-Crop,Non-alluvial,0,227528.05975401183,3,0,227528.05975401183,60.298213999999994,227528.05975401183,1,0.37733797514137296
2022,20091,Johnson,Other Crop,Non-alluvial,0,92486.46817931155,2,0,92486.46817931155,24.28116,92486.46817931155,1,0.38089806326926534
2022,20103,Leavenworth,Corn,Alluvial,49339.273501899996,97136.69470686562,2,0,146475.9682087656,67.582562,146475.9682087656,1,0.2167363353416013
2022,20103,Leavenworth,Golf Course/Turf/Sod,Alluvial,5587.672724090175,3342.7357797537247,2,0,8930.408503843899,21.853044,8930.408503843899,1,0.0408657416506547
2022,20103,Leavenworth,Golf Course/Turf/Sod,Non-alluvial,1011.4551067889499,167482.16390219954,2,0,168493.6190089885,61.107586,168493.6190089885,1,0.275732736372516
2022,20103,Leavenworth,Multi-Crop,Alluvial,69074.98290265999,0,1,0,69074.98290265999,61.512271999999996,69074.98290265999,1,0.11229463756867897
2022,20103,Leavenworth,Other Crop,Non-alluvial,456.388279892575,0,1,0,456.388279892575,1.214058,456.388279892575,1,0.03759196676703872
2022,20103,Leavenworth,Soybeans,Alluvial,17268.745725664998,0,1,0,17268.745725664998,17.806184,17268.745725664998,1,0.09698173244567729
2022,20103,Leavenworth,Soybeans,Non-alluvial,0,81101.43081874812,2,0,81101.43081874812,48.56232,81101.43081874812,1,0.16700485236032406
2022,20131,Nemaha,Corn,Non-alluvial,87577.2104658725,144317.37499305748,5,0,231894.58545892997,191.821164,231894.58545892997,1,0.12089103236748681
2022,20131,Nemaha,Multi-Crop,Non-alluvial,139383.4476428675,118414.25640456,3,0,257797.7040474275,201.938314,257797.7040474275,1,0.1276616105883837
2022,20131,Nemaha,Soybeans,Non-alluvial,0,77709.3557654925,1,0,77709.3557654925,44.51546,77709.3557654925,1,0.17456711840221914
2022,20139,Osage,Multi-Crop,Non-alluvial,47489.050745578745,0,1,0,47489.050745578745,46.943576,47489.050745578745,1,0.10116197953385303
2022,20139,Osage,Soybeans,Non-alluvial,11816.75600370505,0,1,0,11816.75600370505,48.56232,11816.75600370505,1,0.024333178488393985
2022,20149,Pottawatomie,Alfalfa,Alluvial,9904.859155506423,0,1,0,9904.859155506423,29.542078,9904.859155506423,1,0.033527970359791284
2022,20149,Pottawatomie,Corn,Alluvial,3021759.1359871146,123200.16593424429,61,0,3144959.301921359,2415.166048,3144959.301921359,1,0.13021710472146214
2022,20149,Pottawatomie,Corn,Non-alluvial,165348.24032324238,621378.8104829285,11,0,786727.0508061709,650.735088,786727.0508061709,1,0.12089820655347402
2022,20149,Pottawatomie,Golf Course/Turf/Sod,Alluvial,2762.9993161064,0,2,0,2762.9993161064,5.665604,2762.9993161064,1,0.04876795688696915
2022,20149,Pottawatomie,Golf Course/Turf/Sod,Non-alluvial,44405.34615171,12174.465736593826,3,0,56579.811888303826,72.84348,56579.811888303826,1,0.0776731313335165
2022,20149,Pottawatomie,Multi-Crop,Alluvial,2019074.085063127,213355.35344059108,37,0,2232429.438503718,2064.910315,2232429.438503718,1,0.10811265856375549
2022,20149,Pottawatomie,Multi-Crop,Non-alluvial,0,110088.25400111437,1,0,110088.25400111437,97.12464,110088.25400111437,1,0.11334739979588533
2022,20149,Pottawatomie,Other Crop,Alluvial,271.36600426045,0,1,0,271.36600426045,0.404686,271.36600426045,1,0.06705594071958258
2022,20149,Pottawatomie,Other Crop,Non-alluvial,23843.203919793174,0,5,0,23843.203919793174,30.35145,23843.203919793174,1,0.0785570505520928
2022,20149,Pottawatomie,Soybeans,Alluvial,2498762.8368669744,280395.09131129767,53,0,2779157.928178272,2209.383217,2779157.928178272,1,0.12578885848295424
2022,20149,Pottawatomie,Soybeans,Non-alluvial,172860.14471390663,323566.9556254602,10,0,496427.1003393668,383.642328,496427.1003393668,1,0.1293984172516456
2022,20161,Riley,Corn,Alluvial,517248.2737571686,65300.528479764645,15,0,582548.8022369333,490.074746,582548.8022369333,1,0.11886937798605383
2022,20161,Riley,Corn,Non-alluvial,0,226245.23864296245,2,0,226245.23864296245,149.329134,226245.23864296245,1,0.151507768499456
2022,20161,Riley,Golf Course/Turf/Sod,Alluvial,468180.3662595291,0,5,0,468180.3662595291,26.709276,468180.3662595291,1,1.7528755412895844
2022,20161,Riley,Golf Course/Turf/Sod,Non-alluvial,0,107115.5627726249,2,0,107115.5627726249,72.84348,107115.5627726249,1,0.1470489366689028
2022,20161,Riley,Multi-Crop,Alluvial,405790.8549163765,0,5,0,405790.8549163765,252.11937799999998,405790.8549163765,1,0.1609518705525192
2022,20161,Riley,Multi-Crop,Non-alluvial,210333.32293859968,0,4,0,210333.32293859968,157.01816799999997,210333.32293859968,1,0.1339547681759984
2022,20161,Riley,Other Crop,Alluvial,214046.10326961768,0,6,0,214046.10326961768,83.36531599999999,214046.10326961768,1,0.2567567827243859
2022,20161,Riley,Other Crop,Non-alluvial,50424.737518941794,0,3,0,50424.737518941794,29.542077999999997,50424.737518941794,1,0.17068784910439205
2022,20161,Riley,Sorghum,Alluvial,3392.075053255625,0,2,0,3392.075053255625,4.4515460000000004,3392.075053255625,1,0.0761999326358893
2022,20161,Riley,Soybeans,Alluvial,548825.4087983846,0,13,0,548825.4087983846,477.934166,548825.4087983846,1,0.11483284683154135
2022,20161,Riley,Soybeans,Non-alluvial,26828.229966658124,0,1,0,26828.229966658124,21.853044,26828.229966658124,1,0.12276655813559943
2022,20177,Shawnee,Corn,Alluvial,3648108.8782753595,0,98,0,3648108.8782753595,3253.67544,3648108.8782753595,1,0.11212270386364534
2022,20177,Shawnee,Corn,Non-alluvial,0,34475.81735945262,3,0,34475.81735945262,106.432418,34475.81735945262,1,0.03239221470985713
2022,20177,Shawnee,Golf Course/Turf/Sod,Alluvial,89328.75467518995,0,4,0,89328.75467518995,21.853044,89328.75467518995,1,0.4087703052956373
2022,20177,Shawnee,Golf Course/Turf/Sod,Non-alluvial,0,162733.25882764166,3,0,162733.25882764166,35.612368,162733.25882764166,1,0.4569571414842216
2022,20177,Shawnee,Multi-Crop,Alluvial,1401889.11282786,62438.85061665445,30,0,1464327.9634445144,1172.982371,1464327.9634445144,1,0.12483801970494528
2022,20177,Shawnee,Multi-Crop,Non-alluvial,0,272722.83428175224,5,0,272722.83428175224,311.60822,272722.83428175224,1,0.08752106548465
2022,20177,Shawnee,Other Crop,Alluvial,13111.911933129926,0,1,0,13111.911933129926,27.518648,13111.911933129926,1,0.04764736964232373
2022,20177,Shawnee,Other Crop,Non-alluvial,0,1480.1782050569998,1,0,1480.1782050569998,2.832802,1480.1782050569998,1,0.05225138237889552
2022,20177,Shawnee,Soybeans,Alluvial,2068302.3451996478,0,54,0,2068302.3451996478,1781.630115,2068302.3451996478,1,0.11609044592287036
2022,20177,Shawnee,Soybeans,Non-alluvial,0,11656.403364823873,1,0,11656.403364823873,36.42174,11656.403364823873,1,0.0320039717070735
2022,20177,Shawnee,Wheat,Alluvial,12741.867381865675,0,1,0,12741.867381865675,21.043672,12741.867381865675,1,0.06054963877913358
2022,20197,Wabaunsee,Corn,Alluvial,1627135.231182409,29998.278289155198,31,0,1657133.5094715643,1160.639448,1657133.5094715643,1,0.14277763110043495
2022,20197,Wabaunsee,Corn,Non-alluvial,0,106412.47812522281,4,0,106412.47812522281,124.23860199999999,106412.47812522281,1,0.08565170278173513
2022,20197,Wabaunsee,Golf Course/Turf/Sod,Non-alluvial,0,30528.675479300622,1,0,30528.675479300622,10.11715,30528.675479300622,1,0.3017517332381216
2022,20197,Wabaunsee,Multi-Crop,Alluvial,472226.18668668484,107547.28141576651,10,0,579773.4681024514,498.370809,579773.4681024514,1,0.11633375342865465
2022,20197,Wabaunsee,Multi-Crop,Non-alluvial,140986.97403167922,246079.62659072623,5,0,387066.6006224055,285.505973,387066.6006224055,1,0.13557215513050072
2022,20197,Wabaunsee,Other Crop,Alluvial,214181.7862717479,0,3,0,214181.7862717479,143.258844,214181.7862717479,1,0.14950685088017873
2022,20197,Wabaunsee,Other Crop,Non-alluvial,7326.88211503215,35351.58946411135,3,0,42678.4715791435,110.479278,42678.4715791435,1,0.038630295519439854
2022,20197,Wabaunsee,Sorghum,Non-alluvial,0,27963.033257201823,2,0,27963.033257201823,63.940388,27963.033257201823,1,0.04373297399634457
2022,20197,Wabaunsee,Soybeans,Alluvial,1312905.7330671835,87133.1570043554,23,0,1400038.890071539,918.839563,1400038.890071539,1,0.15237033171497633
2022,20197,Wabaunsee,Soybeans,Non-alluvial,52978.044922665125,94114.66420487425,4,0,147092.70912753936,189.797734,147092.70912753936,1,0.07749971826720511
2022,20209,Wyandotte,Golf Course/Turf/Sod,Non-alluvial,0,152828.39967213525,1,0,152828.39967213525,54.63261,152828.39967213525,1,0.2797384193655314
2022,20209,Wyandotte,Other Crop,Alluvial,0,32267.8848702426,1,0,32267.8848702426,7.284348,32267.8848702426,1,0.44297560838996985
2022,20209,Wyandotte,Soybeans,Alluvial,75341.0706374013,0,1,0,75341.0706374013,48.157634,75341.0706374013,1,0.15644678606386953
2023,20005,Atchison,Corn,Non-alluvial,0,31416.782402334822,1,0,31416.782402334822,28.32802,31416.782402334822,1,0.11090355909920574
2023,20005,Atchison,Multi-Crop,Non-alluvial,0,453514.26721108926,6,0,453514.26721108926,509.49967399999997,453514.26721108926,1,0.08901168937962643
2023,20005,Atchison,Soybeans,Non-alluvial,182876.01723479235,3083.7045938687497,6,0,185959.72182866107,140.426042,185959.72182866107,1,0.13242538148918354
2023,20013,Brown,Corn,Non-alluvial,0,123348.18375474999,3,0,123348.18375474999,92.673094,123348.18375474999,1,0.1331003190146538
2023,20013,Brown,Golf Course/Turf/Sod,Non-alluvial,0,18119.848193572772,1,0,18119.848193572772,24.28116,18119.848193572772,1,0.07462513402808091
2023,20013,Brown,Multi-Crop,Non-alluvial,0,203845.20847309983,3,0,203845.20847309983,263.04589999999996,203845.20847309983,1,0.0774941591840435
2023,20013,Brown,Soybeans,Non-alluvial,0,76475.873927945,2,0,76475.873927945,171.182178,76475.873927945,1,0.04467513781016678
2023,20045,Douglas,Corn,Alluvial,811396.6875571209,0,13,0,811396.6875571209,540.660496,811396.6875571209,1,0.15007508289585134
2023,20045,Douglas,Golf Course/Turf/Sod,Alluvial,255811.79828897602,0,4,0,255811.79828897602,110.074592,255811.79828897602,1,0.23239858866701593
2023,20045,Douglas,Golf Course/Turf/Sod,Non-alluvial,1023.7899251644249,219929.81163471923,3,0,220953.60155988365,186.56024599999998,220953.60155988365,1,0.11843552219580783
2023,20045,Douglas,Multi-Crop,Alluvial,754668.8578483114,0,9,0,754668.8578483114,391.533705,754668.8578483114,1,0.19274684355675367
2023,20045,Douglas,Other Crop,Alluvial,3182.38314087255,0,2,0,3182.38314087255,5.665604,3182.38314087255,1,0.05617023605731269
2023,20045,Douglas,Soybeans,Alluvial,597757.633293894,0,9,0,597757.633293894,370.28769,597757.633293894,1,0.1614305982718178
2023,20061,Geary,Corn,Alluvial,282738.7068026379,0,3,0,282738.7068026379,149.329134,282738.7068026379,1,0.1893392797701739
2023,20061,Geary,Corn,Non-alluvial,450393.5581620941,268923.71022210596,10,0,719317.2683842,357.74242399999997,719317.2683842,1,0.20107127925767063
2023,20061,Geary,Golf Course/Turf/Sod,Non-alluvial,167334.14608169385,0,2,0,167334.14608169385,32.37488,167334.14608169385,1,0.5168641430692372
2023,20061,Geary,Multi-Crop,Alluvial,465651.72849255666,0,4,0,465651.72849255666,169.96812,465651.72849255666,1,0.2739641578035673
2023,20061,Geary,Multi-Crop,Non-alluvial,1190803.3659683564,186601.1323841858,13,0,1377404.4983525423,757.167506,1377404.4983525423,1,0.18191542656514137
2023,20061,Geary,Soybeans,Non-alluvial,137027.49733315178,74082.91916310285,4,0,211110.41649625462,130.71357799999998,211110.41649625462,1,0.1615061110914236
2023,20085,Jackson,Corn,Non-alluvial,3897.8026066501,78942.83760304,3,0,82840.6402096901,114.930824,82840.6402096901,1,0.07207869684262432
2023,20085,Jackson,Multi-Crop,Non-alluvial,0,135621.32803834762,3,0,135621.32803834762,231.480392,135621.32803834762,1,0.058588689463748456
2023,20085,Jackson,Other Crop,Non-alluvial,0,14949.799871075698,1,0,14949.799871075698,14.16401,14949.799871075698,1,0.10554779240536895
2023,20085,Jackson,Soybeans,Non-alluvial,0,171429.30578235153,2,0,171429.30578235153,149.329134,171429.30578235153,1,0.11479963834944058
2023,20087,Jefferson,Corn,Alluvial,1487788.787994668,116687.3818319935,40,0,1604476.1698266615,1394.952642,1604476.1698266615,1,0.1150201176382776
2023,20087,Jefferson,Corn,Non-alluvial,0,76475.873927945,1,0,76475.873927945,127.071404,76475.873927945,1,0.06018338628567053
2023,20087,Jefferson,Golf Course/Turf/Sod,Alluvial,160204.62106066928,0,3,0,160204.62106066928,54.227924,160204.62106066928,1,0.2954282761417702
2023,20087,Jefferson,Golf Course/Turf/Sod,Non-alluvial,1492.513023432475,59059.1103817743,3,0,60551.623405206774,19.829614,60551.623405206774,1,0.30535956678333115
2023,20087,Jefferson,Multi-Crop,Alluvial,1158214.7758203514,49672.31359803783,25,0,1207887.0894183894,926.326254,1207887.0894183894,1,0.1303954286303095
2023,20087,Jefferson,Soybeans,Alluvial,522576.9152953738,126456.55798536968,15,0,649033.4732807435,575.058806,649033.4732807435,1,0.11286384392498869
2023,20091,Johnson,Corn,Alluvial,38398.28960285367,0,2,0,38398.28960285367,53.418552,38398.28960285367,1,0.0718819364531889
2023,20091,Johnson,Golf Course/Turf/Sod,Non-alluvial,0,1075139.7740615273,10,0,1075139.7740615273,284.089572,1075139.7740615273,1,0.37845098167190994
2023,20091,Johnson,Multi-Crop,Non-alluvial,0,28357.74744521702,2,0,28357.74744521702,3.642174,28357.74744521702,1,0.7785939783551533
2023,20091,Johnson,Other Crop,Non-alluvial,0,71862.65185551735,2,0,71862.65185551735,24.28116,71862.65185551735,1,0.29596053835779407
2023,20103,Leavenworth,Corn,Alluvial,168987.0117440075,74748.9993553785,4,0,243736.011099386,146.901018,243736.011099386,1,0.16591853100663062
2023,20103,Leavenworth,Golf Course/Turf/Sod,Alluvial,10077.546612763075,25360.386579976595,2,0,35437.93319273967,21.853043999999997,35437.93319273967,1,0.16216474552808147
2023,20103,Leavenworth,Golf Course/Turf/Sod,Non-alluvial,1184.1425640455998,196913.04054608286,2,0,198097.18311012845,61.512272,198097.18311012845,1,0.32204497845589
2023,20103,Leavenworth,Other Crop,Non-alluvial,308.370459386875,0,1,0,308.370459386875,1.214058,308.370459386875,1,0.025399977545296434
2023,20103,Leavenworth,Soybeans,Non-alluvial,0,49129.58158951692,2,0,49129.58158951692,48.56232,49129.58158951692,1,0.10116811056291569
2023,20103,Leavenworth,Unknown,Non-alluvial,0,22202.673075855,1,1,0,0,22202.673075855,0,NA
2023,20131,Nemaha,Corn,Non-alluvial,250396.81302214248,154185.2296934375,7,0,404582.04271557997,453.653006,404582.04271557997,1,0.0891831504177402
2023,20131,Nemaha,Soybeans,Non-alluvial,54273.20085209,96211.58332870499,4,0,150484.784180795,155.80410999999998,150484.784180795,1,0.09658588863977657
2023,20139,Osage,Corn,Non-alluvial,19020.289934982447,0,1,0,19020.289934982447,46.943576,19020.289934982447,1,0.04051734349122114
2023,20139,Osage,Soybeans,Non-alluvial,47587.729292582546,0,1,0,47587.729292582546,48.56232,47587.729292582546,1,0.09799311336975364
2023,20149,Pottawatomie,Alfalfa,Alluvial,30565.67993442705,0,1,0,30565.67993442705,29.542078,30565.67993442705,1,0.10346489483382668
2023,20149,Pottawatomie,Alfalfa,Non-alluvial,0,25570.078492359673,1,0,25570.078492359673,12.949952,25570.078492359673,1,0.19745307544274815
2023,20149,Pottawatomie,Corn,Alluvial,3468920.971734834,188019.63649736543,59,0,3656940.6082321997,2407.274671,3656940.6082321997,1,0.1519120627274776
2023,20149,Pottawatomie,Corn,Non-alluvial,457979.4714630112,356291.2287755954,11,0,814270.7002386067,593.674362,814270.7002386067,1,0.1371578010368261
2023,20149,Pottawatomie,Golf Course/Turf/Sod,Alluvial,3096.039412244225,0,3,0,3096.039412244225,6.474976,3096.039412244225,1,0.04781545772902054
2023,20149,Pottawatomie,Golf Course/Turf/Sod,Non-alluvial,145550.856830605,9436.136057238375,2,0,154986.99288784337,61.512271999999996,154986.99288784337,1,0.25196109304472347
2023,20149,Pottawatomie,Multi-Crop,Alluvial,2263130.8014402753,217228.48641049024,35,0,2480359.2878507655,1896.965625,2480359.2878507655,1,0.13075404504764104
2023,20149,Pottawatomie,Multi-Crop,Non-alluvial,71541.94657775499,304460.3219618494,6,0,376002.2685396044,450.820204,376002.2685396044,1,0.08340404116839546
2023,20149,Pottawatomie,Other Crop,Non-alluvial,24829.989389831175,0,5,0,24829.989389831175,30.35145,24829.989389831175,1,0.08180824767789076
2023,20149,Pottawatomie,Soybeans,Alluvial,3976757.7790715154,124853.03159655794,62,0,4101610.810668073,2410.309816,4101610.810668073,1,0.17016944392131508
2023,20149,Pottawatomie,Soybeans,Non-alluvial,314278.8373887275,192546.51484116475,7,0,506825.3522298923,274.781794,506825.3522298923,1,0.18444648200742597
2023,20161,Riley,Corn,Alluvial,884369.473066431,0,16,0,884369.473066431,524.877742,884369.473066431,1,0.16849056500216977
2023,20161,Riley,Corn,Non-alluvial,57270.56171733042,257711.36031879915,3,0,314981.9220361296,165.516574,314981.9220361296,1,0.19030234521174272
2023,20161,Riley,Golf Course/Turf/Sod,Alluvial,645123.3358557179,0,5,0,645123.3358557179,65.559132,645123.3358557179,1,0.9840327597011471
2023,20161,Riley,Golf Course/Turf/Sod,Non-alluvial,4354.190886542675,78128.73959025864,3,0,82482.93047680132,74.057538,82482.93047680132,1,0.11137681957075232
2023,20161,Riley,Multi-Crop,Alluvial,379468.35250311287,0,8,0,379468.35250311287,338.317496,379468.35250311287,1,0.1121633840961961
2023,20161,Riley,Multi-Crop,Non-alluvial,257970.3915046841,0,4,0,257970.3915046841,153.375994,257970.3915046841,1,0.1681947642371492
2023,20161,Riley,Other Crop,Alluvial,347015.4453572382,0,7,0,347015.4453572382,131.927636,347015.4453572382,1,0.26303468771110106
2023,20161,Riley,Other Crop,Non-alluvial,72763.09359692702,0,5,0,72763.09359692702,31.970194,72763.09359692702,1,0.22759665955398026
2023,20161,Riley,Sorghum,Alluvial,14740.107958692623,0,1,0,14740.107958692623,4.856232,14740.107958692623,1,0.3035297316662924
2023,20161,Riley,Soybeans,Alluvial,1059819.9296391874,55284.655958878946,16,0,1115104.5855980664,677.039678,1115104.5855980664,1,0.1647029888842152
2023,20177,Shawnee,Corn,Alluvial,4235986.322050498,0,105,0,4235986.322050498,3522.184601,4235986.322050498,1,0.12026588046656723
2023,20177,Shawnee,Corn,Non-alluvial,0,29295.193641753125,2,0,29295.193641753125,84.579374,29295.193641753125,1,0.034636333016313324
2023,20177,Shawnee,Golf Course/Turf/Sod,Alluvial,78449.44486802099,0,4,0,78449.44486802099,21.853044,78449.44486802099,1,0.35898634930685625
2023,20177,Shawnee,Golf Course/Turf/Sod,Non-alluvial,0,112851.25331722078,4,0,112851.25331722078,30.35145,112851.25331722078,1,0.37181503129906734
2023,20177,Shawnee,Multi-Crop,Alluvial,1536869.030310683,59207.12820228,30,0,1596076.158512963,1190.990898,1596076.158512963,1,0.13401245645060866
2023,20177,Shawnee,Multi-Crop,Non-alluvial,0,142652.17451236836,3,0,142652.17451236836,225.005416,142652.17451236836,1,0.06339944035496832
2023,20177,Shawnee,Other Crop,Non-alluvial,0,166026.6553338935,1,0,166026.6553338935,6.07029,166026.6553338935,1,2.73506958207752
2023,20177,Shawnee,Soybeans,Alluvial,2007750.721794441,0,56,0,2007750.721794441,1704.132746,2007750.721794441,1,0.11781656836928366
2023,20177,Shawnee,Soybeans,Non-alluvial,0,48599.1843993715,4,0,48599.1843993715,143.66353,48599.1843993715,1,0.03382847713638353
2023,20197,Wabaunsee,Corn,Alluvial,1258015.7912963198,142997.54942688168,25,0,1401013.3407232014,852.673402,1401013.3407232014,1,0.16430831986045713
2023,20197,Wabaunsee,Corn,Non-alluvial,0,116058.30609484426,5,0,116058.30609484426,186.560246,116058.30609484426,1,0.06220955888686181
2023,20197,Wabaunsee,Golf Course/Turf/Sod,Non-alluvial,0,24731.310842827374,1,0,24731.310842827374,10.11715,24731.310842827374,1,0.24444938389593288
2023,20197,Wabaunsee,Multi-Crop,Alluvial,642187.6490823549,102453.00142669535,10,0,744640.6505090502,571.821318,744640.6505090502,1,0.13022261099210194
2023,20197,Wabaunsee,Multi-Crop,Non-alluvial,213145.661528208,332102.6499412889,7,0,545248.3114694969,399.020396,545248.3114694969,1,0.1366467270684321
2023,20197,Wabaunsee,Other Crop,Alluvial,262040.88156859088,0,4,0,262040.88156859088,146.091646,262040.88156859088,1,0.179367464699926
2023,20197,Wabaunsee,Other Crop,Non-alluvial,38484.633331482,69617.7149111809,3,0,108102.34824266289,110.479278,108102.34824266289,1,0.0978485288821881
2023,20197,Wabaunsee,Soybeans,Alluvial,2039401.86574591,39607.10180365022,28,0,2079008.9675495601,1161.853506,2079008.9675495601,1,0.17893899332516713
2023,20197,Wabaunsee,Soybeans,Non-alluvial,0,98925.24337130951,2,0,98925.24337130951,70.415364,98925.24337130951,1,0.14048815166432926
2023,20209,Wyandotte,Golf Course/Turf/Sod,Non-alluvial,0,168419.61009873563,1,0,168419.61009873563,54.63261,168419.61009873563,1,0.3082767052475356
2023,20209,Wyandotte,Other Crop,Alluvial,0,22745.4050843759,1,0,22745.4050843759,7.284348,22745.4050843759,1,0.31225039062351084
2023,20209,Wyandotte,Soybeans,Alluvial,114615.1323449137,0,2,0,114615.1323449137,93.887152,114615.1323449137,1,0.12207754725046266
