Year,FIPS,LandCover,area_ha,area_prc
2006,20005,Corn,11809.186083939974,15.778128449282459
2006,20005,Developed,4476.214091960411,5.9806222382665775
2006,20005,Double Crop,97.99559567087728,0.13093087745156315
2006,20005,Fallow/Barren,1283.9070541213457,1.7154146164582875
2006,20005,Forest,8992.002951332952,12.01411990411476
2006,20005,Grass/Pasture/Shrubland,29348.415582242917,39.212107214509814
2006,20005,Other Crops,113.54771472301042,0.1517098989962233
2006,20005,Sorghum,208.04337255738795,0.27796454657417163
2006,20005,Soybeans,16195.770383806223,21.638997271649576
2006,20005,Water,597.9767298816819,0.7989503753003113
2006,20005,Wetlands,364.90480225876524,0.48754544139403533
2006,20005,Wheat,1357.3262047581404,1.8135091660022198
2006,20013,Corn,8533.723852510466,19.10575745167955
2006,20013,Developed,2972.0712020970964,6.654031990932548
2006,20013,Double Crop,16.00974037540666,0.03584346315435283
2006,20013,Fallow/Barren,1814.0789373708456,4.061456964700328
2006,20013,Forest,3732.152153539526,8.355741883692765
2006,20013,Grass/Pasture/Shrubland,15633.86606417508,35.00193563989089
2006,20013,Other Crops,47.26427599233742,0.10581778937845375
2006,20013,Sorghum,32.52312278667833,0.07281450703969874
2006,20013,Soybeans,10776.05170938489,24.126001005492697
2006,20013,Water,259.9657073280985,0.5820251317956355
2006,20013,Wetlands,140.05897285152196,0.31357152053207565
2006,20013,Wheat,707.952823613884,1.5850026517110047
2006,20045,Corn,5548.295801798077,5.691967739118242
2006,20045,Developed,13440.646710952875,13.788689393027015
2006,20045,Double Crop,371.22051514550384,0.3808331912697039
2006,20045,Fallow/Barren,1696.4665771726607,1.740396217633127
2006,20045,Forest,19475.842834088395,19.980165633534256
2006,20045,Grass/Pasture/Shrubland,41037.10080530155,42.09974778471996
2006,20045,Other Crops,75.47647152144324,0.07743091866574686
2006,20045,Sorghum,140.3964416930582,0.14403197762904096
2006,20045,Soybeans,9706.941262489516,9.958300437712825
2006,20045,Water,4685.160665451912,4.806481902370024
2006,20045,Wetlands,576.4138153255773,0.5913399282266045
2006,20045,Wheat,721.9208885423302,0.740614876093455
2006,20061,Corn,1550.6280577331906,1.976905017676546
2006,20061,Developed,6048.266902496925,7.710971775702585
2006,20061,Double Crop,172.09326891525905,0.2194027414441855
2006,20061,Fallow/Barren,894.2083238813876,1.1400315591564127
2006,20061,Forest,9363.843661120143,11.93802048536923
2006,20061,Grass/Pasture/Shrubland,51838.805543198505,66.08960432363155
2006,20061,Other Crops,902.8358636434182,1.1510308613815352
2006,20061,Sorghum,973.6163881892136,1.2412693769498104
2006,20061,Soybeans,3104.98520111582,3.958564269029541
2006,20061,Water,682.4113008455523,0.8700102632818981
2006,20061,Wetlands,611.2140816582572,0.7792405012141729
2006,20061,Wheat,2294.246650788172,2.9249488251625273
2006,20085,Corn,7259.902734544902,4.266987754621103
2006,20085,Developed,8746.990048980564,5.141019211069689
2006,20085,Double Crop,116.13899858381767,0.06826037522969276
2006,20085,Fallow/Barren,5744.289021079582,3.3761899860339546
2006,20085,Forest,21184.789400768295,12.45130138275493
2006,20085,Grass/Pasture/Shrubland,107727.5761401393,63.3165849506112
2006,20085,Other Crops,370.1905452123802,0.21757846916894755
2006,20085,Sorghum,509.74350120220595,0.2996003331116044
2006,20085,Soybeans,14346.661377682822,8.432210548356004
2006,20085,Water,1429.6938244819548,0.8402985914527313
2006,20085,Wetlands,691.2126673680468,0.4062583336639334
2006,20085,Wheat,2013.9781091941143,1.1837100639262148
2006,20087,Corn,9296.693406250497,6.467112039687071
2006,20087,Developed,9118.209454657244,6.342952226966605
2006,20087,Double Crop,360.69686934401795,0.2509136275101638
2006,20087,Fallow/Barren,3012.585983217497,2.095662428703893
2006,20087,Forest,30699.45239597497,21.355635764897492
2006,20087,Grass/Pasture/Shrubland,64822.284740393785,45.092696915526155
2006,20087,Other Crops,188.99599948945598,0.1314723687595403
2006,20087,Sorghum,453.75360902410057,0.3156472199027526
2006,20087,Soybeans,17641.424531720728,12.272005109861515
2006,20087,Water,6329.170042770765,4.402796779047255
2006,20087,Wetlands,924.4879010008024,0.6431068094692227
2006,20087,Wheat,905.6445619277288,0.6299987096683357
2006,20091,Corn,1408.70444623711,2.3329435015756927
2006,20091,Developed,24066.708900705133,39.8566727635383
2006,20091,Double Crop,187.2345508316817,0.31007755374095913
2006,20091,Fallow/Barren,1035.7774485108234,1.7153422593622258
2006,20091,Forest,9191.899176823264,15.222626370627186
2006,20091,Grass/Pasture/Shrubland,19264.045215832273,31.903022113959945
2006,20091,Other Crops,33.89626222315958,0.05613531276376446
2006,20091,Sorghum,29.568891822232878,0.04896879129595779
2006,20091,Soybeans,3719.707068375255,6.16017536972449
2006,20091,Water,811.410619157984,1.3437702536757004
2006,20091,Wetlands,244.30334875179977,0.40458870659925456
2006,20091,Wheat,389.88002261398447,0.6456770031365279
2006,20103,Corn,3106.507541194876,3.4382491357816565
2006,20103,Developed,7282.429786213172,8.060114964088319
2006,20103,Double Crop,224.74568242734458,0.2487461041473137
2006,20103,Fallow/Barren,1431.4222469122408,1.584282747786805
2006,20103,Forest,21697.37019634879,24.014415975837824
2006,20103,Grass/Pasture/Shrubland,45058.61061604654,49.870385619780365
2006,20103,Other Crops,122.84190361029692,0.13596009773838227
2006,20103,Sorghum,66.90197168417951,0.07404638272236186
2006,20103,Soybeans,9158.984146404744,10.13706514741035
2006,20103,Water,1271.9652606714965,1.4077974703920786
2006,20103,Wetlands,466.7319938851292,0.5165739510807539
2006,20103,Wheat,462.92679983722263,0.51236240323379
2006,20117,Corn,123.91652407493324,6.0566887833393634
2006,20117,Developed,68.15456729603888,3.3312022456799117
2006,20117,Double Crop,0.3566366329468723,0.017431388675743106
2006,20117,Fallow/Barren,39.75492365913424,1.9431080883384662
2006,20117,Forest,97.00482186141022,4.741320989140672
2006,20117,Grass/Pasture/Shrubland,1473.4749737229074,72.01928405030274
2006,20117,Other Crops,10.518799254896532,0.5141291198807749
2006,20117,Sorghum,15.45735822949542,0.7555118972836129
2006,20117,Soybeans,193.3599060930498,9.450884642899942
2006,20117,Water,2.564905463005624,0.12536531559518238
2006,20117,Wetlands,4.4885845602598415,0.21938930229156914
2006,20117,Wheat,16.89304450080473,0.8256841765720087
2006,20127,Corn,424.31934955924,1.5763836419554587
2006,20127,Developed,1501.0635145430615,5.576582760884666
2006,20127,Double Crop,137.80212615270142,0.5119469986920153
2006,20127,Fallow/Barren,427.4408415570069,1.5879802588169944
2006,20127,Forest,1071.9528021572937,3.9823987853119496
2006,20127,Grass/Pasture/Shrubland,17982.4595645973,66.80641627397445
2006,20127,Other Crops,288.86516946735907,1.0731594690462314
2006,20127,Sorghum,1030.177297013894,3.827199115509271
2006,20127,Soybeans,1465.527411097969,5.44456301625631
2006,20127,Water,61.375506758512145,0.22801539682634156
2006,20127,Wetlands,103.69938566577984,0.3852523233130178
2006,20127,Wheat,2422.581221819729,9.000101959413291
2006,20131,Corn,7007.289511409533,9.233607347083534
2006,20131,Developed,4031.273948970762,5.3120683386514385
2006,20131,Double Crop,29.62310448007125,0.039034795797325106
2006,20131,Fallow/Barren,3523.455795996034,4.6429089695894
2006,20131,Forest,8128.665502656918,10.711260807064832
2006,20131,Grass/Pasture/Shrubland,40157.54737604203,52.9161844802513
2006,20131,Other Crops,787.2069194677667,1.037314011849703
2006,20131,Sorghum,309.5406558484624,0.40788622610920056
2006,20131,Soybeans,9548.804189567427,12.582598218196962
2006,20131,Water,237.905976809911,0.313492167236744
2006,20131,Wetlands,293.8210542459478,0.38717227835324325
2006,20131,Wheat,1833.835984686992,2.4164723598163254
2006,20139,Corn,1532.4599195961468,6.9678653032021245
2006,20139,Developed,1509.5771226366448,6.863820659074433
2006,20139,Double Crop,136.01512627042138,0.6184403695857077
2006,20139,Fallow/Barren,614.2644492255498,2.7929682780070495
2006,20139,Forest,3317.049963201039,15.082128447227102
2006,20139,Grass/Pasture/Shrubland,11910.234395144971,54.15404862060306
2006,20139,Other Crops,13.864326260600615,0.06303901111421667
2006,20139,Sorghum,65.98072008916446,0.3000044335976749
2006,20139,Soybeans,2318.012609595106,10.539655509580454
2006,20139,Water,285.4634784834656,1.2979596018279627
2006,20139,Wetlands,60.357707873079896,0.2744374408046349
2006,20139,Wheat,229.96851396306363,1.0456323253755742
2006,20149,Corn,9574.14328022077,5.586746393907041
2006,20149,Developed,10218.082394860052,5.962500591573879
2006,20149,Double Crop,116.95190643888617,0.06824429324217661
2006,20149,Fallow/Barren,3050.612949849699,1.780107148802345
2006,20149,Forest,16562.02776387539,9.664347626463089
2006,20149,Grass/Pasture/Shrubland,109689.8432707605,64.0067020520941
2006,20149,Other Crops,1879.3951273266364,1.096672949527494
2006,20149,Sorghum,924.3052222991879,0.5393546677139722
2006,20149,Soybeans,13784.726635789202,8.04372459962954
2006,20149,Water,2197.803416402582,1.2824719613785192
2006,20149,Wetlands,1247.0063715692388,0.7276586683151146
2006,20149,Wheat,2127.535724599416,1.241469047352727
2006,20161,Corn,1629.4824458711569,2.0376898641511216
2006,20161,Developed,9177.55372633697,11.47665521236176
2006,20161,Double Crop,136.63046776702845,0.17085825012018221
2006,20161,Fallow/Barren,1792.7394122075088,2.2418449112942005
2006,20161,Forest,11850.274565684631,14.81892881453767
2006,20161,Grass/Pasture/Shrubland,45161.71288821297,56.47533352273444
2006,20161,Other Crops,585.7650355213972,0.732507109039732
2006,20161,Sorghum,1030.3522232072905,1.2884694076054382
2006,20161,Soybeans,4265.433207899309,5.333981986718054
2006,20161,Water,876.8674419605876,1.0965346102467264
2006,20161,Wetlands,940.8684115527551,1.1765686893890037
2006,20161,Wheat,2519.4670168030357,3.150627621801669
2006,20177,Corn,9343.72114828532,6.412069935444339
2006,20177,Developed,25774.574597457093,17.687639886979145
2006,20177,Double Crop,239.44665263100455,0.1643187610280731
2006,20177,Fallow/Barren,2772.025576195222,1.9022851362239084
2006,20177,Forest,18908.176387354775,12.975617253912285
2006,20177,Grass/Pasture/Shrubland,69298.87565306966,47.55591804199838
2006,20177,Other Crops,226.25339839508808,0.1552649731961965
2006,20177,Sorghum,418.76160229123013,0.28737251867398117
2006,20177,Soybeans,14399.0498759353,9.881257514346034
2006,20177,Water,2589.537568224189,1.7770538872471642
2006,20177,Wetlands,646.5120515961602,0.4436648336517321
2006,20177,Wheat,1103.889533785309,0.7575372572987563
2006,20197,Corn,3804.6488971469616,2.4752967475206193
2006,20197,Developed,7319.164192890358,4.761833170681419
2006,20197,Double Crop,137.89546678710104,0.08971450708419054
2006,20197,Fallow/Barren,2132.62791276866,1.3874833339040809
2006,20197,Forest,9509.65742673493,6.186963563466768
2006,20197,Grass/Pasture/Shrubland,118742.2780411165,77.25348187812334
2006,20197,Other Crops,971.7290059097203,0.6322048927046804
2006,20197,Sorghum,371.79280772612316,0.24188763604603472
2006,20197,Soybeans,7734.675063603943,5.032163688592825
2006,20197,Water,1212.9510872242,0.7891434826901158
2006,20197,Wetlands,595.045206159705,0.3871351873071299
2006,20197,Wheat,1172.2937640907592,0.7626919118787937
2006,20209,Corn,173.25426533628314,0.6752786248266495
2006,20209,Developed,13568.859868091664,52.886207530912515
2006,20209,Double Crop,29.291819834962652,0.11416827042284178
2006,20209,Fallow/Barren,331.9365631764201,1.2937613136183812
2006,20209,Forest,4324.0023070153375,16.85330127925622
2006,20209,Grass/Pasture/Shrubland,5352.678669863588,20.862686897252736
2006,20209,Other Crops,7.791644582868621,0.030368839859988478
2006,20209,Sorghum,18.505155884312973,0.07212599466747263
2006,20209,Soybeans,925.1046120340787,3.6057026880269114
2006,20209,Water,734.0855508485071,2.861183707771497
2006,20209,Wetlands,147.26987680897443,0.5740014521254488
2006,20209,Wheat,43.927722513839974,0.17121340125933596
2007,20005,Corn,14563.797261461466,19.45853526799376
2007,20005,Developed,5344.842824244327,7.141187887354937
2007,20005,Double Crop,542.3086638765474,0.7245728619214129
2007,20005,Fallow/Barren,15.076113255343712,0.02014303524120436
2007,20005,Forest,11393.59075280254,15.22285592914441
2007,20005,Grass/Pasture/Shrubland,26463.845076812442,35.35806311424877
2007,20005,Other Crops,30.271980212098764,0.04044607213448826
2007,20005,Sorghum,259.612307854816,0.3468652548306113
2007,20005,Soybeans,13441.11097093308,17.958526006195818
2007,20005,Water,527.9161794829839,0.7053432159617506
2007,20005,Wetlands,156.4039648745934,0.20896968091005483
2007,20005,Wheat,2106.5144714434464,2.814491674062775
2007,20013,Corn,8438.683445231489,18.89297590390931
2007,20013,Developed,3381.501021474302,7.570685372000724
2007,20013,Double Crop,166.80606395337628,0.3734543388611069
2007,20013,Fallow/Barren,3.138121867604627,0.007025795103344906
2007,20013,Forest,4622.403015332907,10.348883134867574
2007,20013,Grass/Pasture/Shrubland,17112.657267614737,38.31273249046905
2007,20013,Other Crops,39.32357511561986,0.08803972348729258
2007,20013,Sorghum,85.53100093061667,0.1914913801551016
2007,20013,Soybeans,9597.254518246564,21.486846797100487
2007,20013,Water,247.45401657795964,0.5540132892619387
2007,20013,Wetlands,60.10403125537193,0.13456412029262982
2007,20013,Wheat,910.8624844252776,2.039287654491425
2007,20045,Corn,7150.312833335649,7.3354686602613945
2007,20045,Developed,15474.142646429806,15.874842272369118
2007,20045,Double Crop,490.2818404774682,0.50297758424647665
2007,20045,Fallow/Barren,115.22339089498286,0.11820707604549627
2007,20045,Forest,21529.994150554667,22.087508760554293
2007,20045,Grass/Pasture/Shrubland,37271.26457367311,38.23639602645842
2007,20045,Other Crops,66.21749653808367,0.06793218449849028
2007,20045,Sorghum,241.61332570275374,0.247869851278559
2007,20045,Soybeans,7705.814026322474,7.905354438250738
2007,20045,Water,4970.683950855873,5.099398752398046
2007,20045,Wetlands,584.3189074386279,0.5994497210151685
2007,20045,Wheat,1876.0156472594065,1.924594672623799
2007,20061,Corn,1591.4204397984922,2.0289114704075524
2007,20061,Developed,6449.505025831535,8.222512667373847
2007,20061,Double Crop,511.2785312550161,0.6518320681917205
2007,20061,Fallow/Barren,36.002345408976026,0.04589960624804799
2007,20061,Forest,9850.68406961996,12.558696244182688
2007,20061,Grass/Pasture/Shrubland,54277.797674872476,69.19909003113803
2007,20061,Other Crops,324.8648880992013,0.4141721956773375
2007,20061,Sorghum,410.45604243892666,0.5232928720633216
2007,20061,Soybeans,1622.6892385413892,2.06877624960026
2007,20061,Water,690.3622822136235,0.8801470171498571
2007,20061,Wetlands,195.8770393600516,0.2497248131344862
2007,20061,Wheat,2476.2176661462,3.1569447648328515
2007,20085,Corn,8718.714540987192,5.124400359443851
2007,20085,Developed,10351.66212357477,6.08416078511519
2007,20085,Double Crop,217.34810924530356,0.12774575012235295
2007,20085,Fallow/Barren,4.991133534938589,0.0029335249319420447
2007,20085,Forest,26395.48917036773,15.513875761897983
2007,20085,Grass/Pasture/Shrubland,108528.4585356678,63.78730136370458
2007,20085,Other Crops,432.12266423481765,0.25397890084815283
2007,20085,Sorghum,424.9781407069344,0.24977972690316044
2007,20085,Soybeans,10628.219947708714,6.246706881416048
2007,20085,Water,1433.3083340255241,0.8424230094408655
2007,20085,Wetlands,230.91205804981638,0.13571792352045728
2007,20085,Wheat,2774.961611134411,1.6309760126554138
2007,20087,Corn,13659.391541477265,9.501960711460633
2007,20087,Developed,11619.222520894502,8.082746259671078
2007,20087,Double Crop,1105.289222694328,0.7688786676149799
2007,20087,Fallow/Barren,118.22755440382214,0.08224331029284614
2007,20087,Forest,36055.1911352593,25.081278955298615
2007,20087,Grass/Pasture/Shrubland,58531.2342533521,40.71641746119107
2007,20087,Other Crops,90.76909513357735,0.06314222512438551
2007,20087,Sorghum,308.19534297194775,0.21439169025078472
2007,20087,Soybeans,12777.382255444152,8.888403544028877
2007,20087,Water,6528.904620058075,4.541739286137799
2007,20087,Wetlands,831.7325152114082,0.5785828496082787
2007,20087,Wheat,2127.8594388711276,1.4802150393206646
2007,20091,Corn,1849.7608668811604,3.0633733040216917
2007,20091,Developed,26527.37232307158,43.931756615306426
2007,20091,Double Crop,399.24550582970323,0.6611871005636994
2007,20091,Fallow/Barren,465.09427204950805,0.7702386845560832
2007,20091,Forest,9896.996013899736,16.390331270283795
2007,20091,Grass/Pasture/Shrubland,15167.868329272267,25.119378267068694
2007,20091,Other Crops,34.0223611832508,0.056344144183503406
2007,20091,Sorghum,92.52935939047568,0.1532370883556067
2007,20091,Soybeans,3727.1531781179942,6.172506809000304
2007,20091,Water,1014.0325521771078,1.6793307207249435
2007,20091,Wetlands,108.42026257755168,0.17955387852652197
2007,20091,Wheat,1100.6409274343605,1.8227621174087214
2007,20103,Corn,5408.2380944863535,5.985779756812331
2007,20103,Developed,9294.869980329968,10.287462126932462
2007,20103,Double Crop,247.94633882027426,0.27442434111752734
2007,20103,Fallow/Barren,100.38816563504125,0.1111085420396647
2007,20103,Forest,25508.85529581849,28.232926691010835
2007,20103,Grass/Pasture/Shrubland,38817.318652669535,42.962590800461165
2007,20103,Other Crops,66.73572412839044,0.07386238171562433
2007,20103,Sorghum,163.834463554722,0.18133022220561135
2007,20103,Soybeans,7843.580333671436,8.681190354782421
2007,20103,Water,1450.861407578774,1.605797801742322
2007,20103,Wetlands,443.8543499555297,0.4912532208309213
2007,20103,Wheat,1004.9553385875146,1.1122737603491073
2007,20117,Corn,54.25024922617607,2.651598553416917
2007,20117,Developed,77.13947867355584,3.7703592698601396
2007,20117,Double Crop,2.054298845108891,0.10040831007553205
2007,20117,Fallow/Barren,0.641226365751406,0.031341328898795595
2007,20117,Forest,91.52505538314422,4.4734855215789535
2007,20117,Grass/Pasture/Shrubland,1623.0572920260095,79.3304441737456
2007,20117,Other Crops,0.8549684876685414,0.041788438531727465
2007,20117,Sorghum,31.722045107097234,1.5504837326502023
2007,20117,Soybeans,100.81911321693366,4.927752749084303
2007,20117,Water,1.8391099438563987,0.08989048596575507
2007,20117,Wetlands,0,0
2007,20117,Wheat,62.042208073581214,3.0324474361920863
2007,20127,Corn,368.06112320989564,1.3673793911838295
2007,20127,Developed,1604.014656197822,5.959055291995448
2007,20127,Double Crop,69.66645463851928,0.25881699620644205
2007,20127,Fallow/Barren,8.868732699661205,0.032948120718849165
2007,20127,Forest,1084.7737772289458,4.030029833478537
2007,20127,Grass/Pasture/Shrubland,19509.72547818107,72.48034324805765
2007,20127,Other Crops,88.71987494827026,0.3296021256868502
2007,20127,Sorghum,436.28513381540984,1.6208375811505198
2007,20127,Soybeans,791.4694037182036,2.940378331616548
2007,20127,Water,41.27792873792931,0.15335112976550783
2007,20127,Wetlands,61.67639040580757,0.22913320599582931
2007,20127,Wheat,2852.725236608318,10.598124744143998
2007,20131,Corn,6521.274431199695,8.593178204244216
2007,20131,Developed,4416.026060893534,5.819061794776158
2007,20131,Double Crop,354.54189969563123,0.467185019906509
2007,20131,Fallow/Barren,0.2130864338780955,2.8078709438463515e-4
2007,20131,Forest,9002.245858009279,11.862390352135796
2007,20131,Grass/Pasture/Shrubland,44898.37612779336,59.163243506735064
2007,20131,Other Crops,305.7873226851688,0.40294040438794726
2007,20131,Sorghum,398.2097430154396,0.5247267724275874
2007,20131,Soybeans,7966.74054266894,10.49788993123806
2007,20131,Water,211.04546107298782,0.27809767482265546
2007,20131,Wetlands,20.24321121841907,0.02667477396654034
2007,20131,Wheat,1794.2662754955263,2.36433077826509
2007,20139,Corn,2061.4189071423757,9.372962447349032
2007,20139,Developed,1706.7115667014523,7.760161395494607
2007,20139,Double Crop,261.91141900124813,1.190871921434766
2007,20139,Fallow/Barren,4.213206430338948,0.01915681743175598
2007,20139,Forest,3732.724400915877,16.972137742050656
2007,20139,Grass/Pasture/Shrubland,11144.28322532691,50.671383585207664
2007,20139,Other Crops,7.74397338901473,0.0352106849883919
2007,20139,Sorghum,107.06579642371133,0.48681211072527164
2007,20139,Soybeans,2129.0274370543866,9.680368287952389
2007,20139,Water,320.9596135914388,1.4593552018393492
2007,20139,Wetlands,19.253996246435666,0.08754503180016503
2007,20139,Wheat,497.9347901160647,2.2640347737259563
2007,20149,Corn,11263.095367482783,6.572291179150243
2007,20149,Developed,10758.098619892991,6.277613245474385
2007,20149,Double Crop,215.93354436305538,0.12600249599210595
2007,20149,Fallow/Barren,127.42693179619565,0.07435672632660023
2007,20149,Forest,17421.087993564404,10.16563024777909
2007,20149,Grass/Pasture/Shrubland,114497.65051031498,66.81217497766346
2007,20149,Other Crops,734.8285039725805,0.4287903757603109
2007,20149,Sorghum,861.8588278513953,0.5029156716823966
2007,20149,Soybeans,10180.960361810838,5.940838978811027
2007,20149,Water,2302.2005694389463,1.343390249437252
2007,20149,Wetlands,493.43896024540123,0.2879336825321323
2007,20149,Wheat,2515.8538732580064,1.4680621693910063
2007,20161,Corn,1816.52667289923,2.2715912029036978
2007,20161,Developed,9767.624726302893,12.214546988248463
2007,20161,Double Crop,187.86794064955086,0.2349314037905282
2007,20161,Fallow/Barren,117.64430646547078,0.14711579831203223
2007,20161,Forest,12312.417552857512,15.396844878093205
2007,20161,Grass/Pasture/Shrubland,47468.68853306846,59.360237806469954
2007,20161,Other Crops,222.34226933707177,0.2780420186473943
2007,20161,Sorghum,968.9923620503224,1.2117380703258709
2007,20161,Soybeans,3579.190293623117,4.475825929677172
2007,20161,Water,928.9035594014775,1.161606479752133
2007,20161,Wetlands,381.1689560068637,0.4766569410749362
2007,20161,Wheat,2215.779670362682,2.77086248270462
2007,20177,Corn,11880.580518365898,8.152973740169829
2007,20177,Developed,28865.96139594475,19.80908465559254
2007,20177,Double Crop,187.59489227892954,0.1287358162486885
2007,20177,Fallow/Barren,223.52523141760454,0.15339278574779386
2007,20177,Forest,21959.436257267083,15.069525169891017
2007,20177,Grass/Pasture/Shrubland,64530.04349075064,44.28333693112081
2007,20177,Other Crops,262.34988157135825,0.1800359579972903
2007,20177,Sorghum,554.603187052237,0.3805929527821854
2007,20177,Soybeans,11537.700187062826,7.9176742669822024
2007,20177,Water,2903.478796183341,1.9924940825769195
2007,20177,Wetlands,575.5409240883828,0.39496134328047705
2007,20177,Wheat,2240.009283237297,1.5371922976102395
2007,20197,Corn,5596.337202685011,3.6409654741657405
2007,20197,Developed,7561.3185621698685,4.919378305299482
2007,20197,Double Crop,193.47368901828997,0.12587358416092248
2007,20197,Fallow/Barren,64.76654064646601,0.042136978140237265
2007,20197,Forest,9882.334121758286,6.4294262547705046
2007,20197,Grass/Pasture/Shrubland,121083.50074420343,78.77667655359477
2007,20197,Other Crops,500.61566954568383,0.3256995249978314
2007,20197,Sorghum,305.55921905591333,0.19879619947880497
2007,20197,Soybeans,5437.178234413053,3.5374169767478203
2007,20197,Water,1191.7254001177891,0.775334094313231
2007,20197,Wetlands,282.8480871400766,0.18402038376399923
2007,20197,Wheat,1605.1014014050995,1.0442756705666558
2007,20209,Corn,438.87733516421684,1.7105753949666938
2007,20209,Developed,14744.655762334454,57.46900861231719
2007,20209,Double Crop,34.88990005910699,0.13598743838440414
2007,20209,Fallow/Barren,372.31692387302377,1.4511484601240094
2007,20209,Forest,4372.025431639755,17.040476985974383
2007,20209,Grass/Pasture/Shrubland,3756.0140255877473,14.63950097335546
2007,20209,Other Crops,2.326671646273269,0.00906847301374656
2007,20209,Sorghum,16.27458033004048,0.06343206733507796
2007,20209,Soybeans,841.2889492991293,3.279021406266064
2007,20209,Water,817.7614143937295,3.1873201059509357
2007,20209,Wetlands,145.6882609376965,0.5678369205424166
2007,20209,Wheat,114.5888007256678,0.44662316176962275
2008,20005,Corn,14225.36520812552,19.006359786048318
2008,20005,Developed,3603.9149851874595,4.815152640698337
2008,20005,Double Crop,686.487584393164,0.9172087905468245
2008,20005,Fallow/Barren,13.38610897869247,0.017885038426918954
2008,20005,Forest,8350.331600839785,11.156789609008776
2008,20005,Grass/Pasture/Shrubland,27006.112025667626,36.08258024117197
2008,20005,Other Crops,2225.0364256220164,2.972847601710714
2008,20005,Sorghum,53.50328007864286,0.0714851658309302
2008,20005,Soybeans,16686.770951595892,22.29501792982108
2008,20005,Water,527.7130139466713,0.7050717686405192
2008,20005,Wetlands,88.40287459183975,0.11811414441955254
2008,20005,Wheat,1378.2665082263798,1.8414872836760674
2008,20013,Corn,8806.756099292392,19.717036650966975
2008,20013,Developed,2399.390689121329,5.371884224339463
2008,20013,Double Crop,186.14630816500002,0.4167543121611369
2008,20013,Fallow/Barren,8.722915021816254,0.01952932876184008
2008,20013,Forest,3603.558488848465,8.067839508378938
2008,20013,Grass/Pasture/Shrubland,15636.139792121308,35.00702618364442
2008,20013,Other Crops,687.2118053041195,1.5385665504290742
2008,20013,Sorghum,14.797212225936613,0.03312879027209247
2008,20013,Soybeans,12218.992397751768,27.35653380519033
2008,20013,Water,279.70399647469486,0.6262162693885223
2008,20013,Wetlands,48.075085556574905,0.10763307320314258
2008,20013,Wheat,776.2237721424221,1.737851303264058
2008,20045,Corn,6274.577692851959,6.437056544953856
2008,20045,Developed,12999.746364960314,13.336372026540818
2008,20045,Double Crop,627.050706377511,0.6432880507804606
2008,20045,Fallow/Barren,60.17943224168257,0.061737765813982035
2008,20045,Forest,19203.91128986767,19.7011924799307
2008,20045,Grass/Pasture/Shrubland,38587.606389784836,39.58682423335613
2008,20045,Other Crops,3918.539951429173,4.020009708341889
2008,20045,Sorghum,76.11911499606772,0.07809020325618488
2008,20045,Soybeans,9289.79435922873,9.530351604295547
2008,20045,Water,4839.05278404537,4.964359024576566
2008,20045,Wetlands,462.65630969831466,0.4746366962354227
2008,20045,Wheat,1136.6483940012722,1.1660816619184393
2008,20061,Corn,2203.3966231770414,2.8091235796790617
2008,20061,Developed,6056.938445370165,7.722027177758295
2008,20061,Double Crop,589.5398908831714,0.75160794530648245
2008,20061,Fallow/Barren,42.25360805507609,0.053869378515651045
2008,20061,Forest,9730.630216090201,12.405638865754145
2008,20061,Grass/Pasture/Shrubland,50129.64191819088,63.91058135970605
2008,20061,Other Crops,1945.8225277436777,2.480740819450864
2008,20061,Sorghum,882.4230619693009,1.1250064580095294
2008,20061,Soybeans,3401.3938910381635,4.336457486857047
2008,20061,Water,750.0163947423155,0.9562004032567814
2008,20061,Wetlands,425.79140220722905,0.5428440142747883
2008,20061,Wheat,2279.3072641186227,2.905902511431292
2008,20085,Corn,9387.622544090327,5.517549188370697
2008,20085,Developed,7264.8378081323835,4.269888330473964
2008,20085,Double Crop,416.7902141471241,0.24496729571173378
2008,20085,Fallow/Barren,91.5482174717459,0.053807211638051924
2008,20085,Forest,20440.227875535362,12.013687405419724
2008,20085,Grass/Pasture/Shrubland,106039.68062042304,62.324529026853625
2008,20085,Other Crops,6990.42490045361,4.108602902887763
2008,20085,Sorghum,525.9834252872025,0.30914530358027564
2008,20085,Soybeans,14598.024716498237,8.57994865558745
2008,20085,Water,1431.3351574204637,0.8412632803481553
2008,20085,Wetlands,278.80789836987185,0.16386857121033652
2008,20085,Wheat,2675.882991408617,1.5727428279182318
2008,20087,Corn,12403.295357905194,8.628175334573585
2008,20087,Developed,8222.15354746426,5.719623728067808
2008,20087,Double Crop,609.324353419398,0.4238677871665364
2008,20087,Fallow/Barren,56.02411578419962,0.03897237629211512
2008,20087,Forest,29681.727406503516,20.64766990597435
2008,20087,Grass/Pasture/Shrubland,63748.61776346661,44.34581581171006
2008,20087,Other Crops,4324.951478059069,3.0085907486217636
2008,20087,Sorghum,174.25814581095537,0.1212201912596029
2008,20087,Soybeans,15832.718572242928,11.013804631944469
2008,20087,Water,6723.255818241813,4.676936922413145
2008,20087,Wetlands,837.9449687836562,0.5829044542409613
2008,20087,Wheat,1139.1279680900082,0.792418107735612
2008,20091,Corn,1810.13791456933,2.997754068307595
2008,20091,Developed,27462.19713565251,45.479912069381925
2008,20091,Double Crop,231.60227858190578,0.38355457186995756
2008,20091,Fallow/Barren,209.43608214020446,0.34684532169228527
2008,20091,Forest,8976.179165034991,14.86537428627011
2008,20091,Grass/Pasture/Shrubland,15511.733923600532,25.68885116526707
2008,20091,Other Crops,1152.6751437211612,1.908935542267383
2008,20091,Sorghum,16.861514904515314,0.027924212015008845
2008,20091,Soybeans,3605.031093403741,5.970261458888704
2008,20091,Water,737.915447836762,1.2220555229605128
2008,20091,Wetlands,141.0187086097914,0.23353988888910937
2008,20091,Wheat,528.3475438292606,0.8749918921903388
2008,20103,Corn,4230.932630043513,4.682750730810141
2008,20103,Developed,6550.554210589484,7.250082948386223
2008,20103,Double Crop,262.2347965153927,0.2902386524206306
2008,20103,Fallow/Barren,44.84788180561172,0.049637153238801454
2008,20103,Forest,21462.678426028695,23.754661648582022
2008,20103,Grass/Pasture/Shrubland,43012.84626296563,47.606155636199546
2008,20103,Other Crops,3211.727728569751,3.554705707514071
2008,20103,Sorghum,32.411736940559024,0.03587296185419712
2008,20103,Soybeans,9164.876289548814,10.143586508071595
2008,20103,Water,1344.0888430683374,1.4876230756922457
2008,20103,Wetlands,339.504837188916,0.37576030239073405
2008,20103,Wheat,694.7345019713334,0.7689246748397935
2008,20117,Corn,172.01703534493862,8.40770556061566
2008,20117,Developed,68.4370734073501,3.345010344384882
2008,20117,Double Crop,6.037599288376747,0.29510075561913207
2008,20117,Fallow/Barren,0,0
2008,20117,Forest,98.80732179855309,4.829422081652446
2008,20117,Grass/Pasture/Shrubland,1448.5418581651154,70.80062396876863
2008,20117,Other Crops,30.016728756286547,1.467132698628666
2008,20117,Sorghum,9.614587626927328,0.4699338161005106
2008,20117,Soybeans,178.36496721844497,8.717974494179508
2008,20117,Water,1.7106823781724352,0.08361331024317531
2008,20117,Wetlands,0.10687106095856766,0.005223554816465932
2008,20117,Wheat,32.29032030375881,1.578259414990911
2008,20127,Corn,644.444108821227,2.3941664511778655
2008,20127,Developed,1196.4300687835828,4.444842760843202
2008,20127,Double Crop,264.7968168257048,0.9837434256050586
2008,20127,Fallow/Barren,29.295413633838976,0.10883503400133133
2008,20127,Forest,1070.5206531654915,3.9770782260542465
2008,20127,Grass/Pasture/Shrubland,16367.259219210344,60.80580516445603
2008,20127,Other Crops,1204.701670227188,4.475572486513312
2008,20127,Sorghum,825.2959808109968,3.0660470357371925
2008,20127,Soybeans,1955.552157350163,7.265047976340572
2008,20127,Water,56.67226728875876,0.21054244921737703
2008,20127,Wetlands,75.20982755661807,0.27941111334587226
2008,20127,Wheat,3227.086006715935,11.988907876707943
2008,20131,Corn,7911.001798112107,10.424442176522177
2008,20131,Developed,3498.685566304126,4.610268877511038
2008,20131,Double Crop,383.07886083326844,0.5047885888178384
2008,20131,Fallow/Barren,16.460927017082877,0.021690803041213066
2008,20131,Forest,7872.354236949201,10.373515722845669
2008,20131,Grass/Pasture/Shrubland,39940.11609641638,52.62967211940647
2008,20131,Other Crops,2300.3133674525325,3.0311563944546736
2008,20131,Sorghum,258.2074862517822,0.3402437616205817
2008,20131,Soybeans,11307.234386566235,14.899707274402589
2008,20131,Water,248.58534223395807,0.3275645224435771
2008,20131,Wetlands,61.755485562481965,0.08137610188418523
2008,20131,Wheat,2091.176466482693,2.7555736570499865
2008,20139,Corn,1925.5765147914985,8.755307472976137
2008,20139,Developed,1141.7180620493875,5.191220709178213
2008,20139,Double Crop,220.60875063051984,1.0030748859691312
2008,20139,Fallow/Barren,4.763823409784112,0.02166039021520665
2008,20139,Forest,3256.413203124737,14.806422197927217
2008,20139,Grass/Pasture/Shrubland,11769.588122271634,53.51455112233434
2008,20139,Other Crops,607.8305515923172,2.7637143108985525
2008,20139,Sorghum,12.626088732657033,0.05740893087671553
2008,20139,Soybeans,2556.4344090892614,11.623723655819573
2008,20139,Water,268.11914552238,1.2190975224343417
2008,20139,Wetlands,27.082528053689266,0.12314019122798994
2008,20139,Wheat,202.48713307138726,0.9206786101425802
2008,20149,Corn,11468.22638115485,6.6919901346984085
2008,20149,Developed,8694.453436551026,5.073425889081124
2008,20149,Double Crop,318.4616500956215,0.1858301493090224
2008,20149,Fallow/Barren,140.65011996287183,0.08207277951735935
2008,20149,Forest,15836.827254928357,9.241175420905083
2008,20149,Grass/Pasture/Shrubland,112482.8247359631,65.63647493853142
2008,20149,Other Crops,2663.5845942838905,1.5542666525290123
2008,20149,Sorghum,752.151553480267,0.43889879815758986
2008,20149,Soybeans,14129.568617704543,8.244948316733643
2008,20149,Water,2113.4734743118765,1.233263380925483
2008,20149,Wetlands,397.9591531041904,0.23221888355486037
2008,20149,Wheat,2374.2530924509542,1.3854346560569906
2008,20161,Corn,2008.2240139671703,2.511311323773137
2008,20161,Developed,9179.960387870206,11.479664775198808
2008,20161,Double Crop,372.5444589997043,0.4658718907791075
2008,20161,Fallow/Barren,79.68508305727546,0.09964727541636209
2008,20161,Forest,12146.881230123825,15.18983946490942
2008,20161,Grass/Pasture/Shrubland,45858.89448170318,57.34716854625825
2008,20161,Other Crops,995.267954620356,1.244596054644872
2008,20161,Sorghum,1098.6859509353128,1.3739216594685206
2008,20161,Soybeans,4196.512943861069,5.24779626325648
2008,20161,Water,959.0586760599527,1.1993158614781931
2008,20161,Wetlands,621.0021924463629,0.7765716509373393
2008,20161,Wheat,2450.4294693802376,3.0642952338795153
2008,20177,Corn,11731.26649613366,8.050507930488502
2008,20177,Developed,25446.553554979375,17.46253750739342
2008,20177,Double Crop,457.9720103655008,0.31428041487288194
2008,20177,Fallow/Barren,103.68166242330155,0.07115088945086315
2008,20177,Forest,18829.828476101455,12.9218514920408
2008,20177,Grass/Pasture/Shrubland,68217.5183276343,46.81384337111963
2008,20177,Other Crops,2479.5074764342503,1.7015464280278878
2008,20177,Sorghum,373.2215746095493,0.2561209607857628
2008,20177,Soybeans,13218.052946259195,9.070805791049702
2008,20177,Water,2597.4544980494265,1.7824868306010813
2008,20177,Wetlands,433.1058965162419,0.29721620046688707
2008,20177,Wheat,1832.6611257141037,1.257652183702577
2008,20197,Corn,5572.7291285839565,3.6256061097099592
2008,20197,Developed,5286.7906012504,3.4395750919121433
2008,20197,Double Crop,227.62663237008405,0.14809341886376348
2008,20197,Fallow/Barren,71.46407718278152,0.04649438163604317
2008,20197,Forest,8250.597291202665,5.3678216287791995
2008,20197,Grass/Pasture/Shrubland,120456.75817339422,78.36891912603815
2008,20197,Other Crops,3399.907975237302,2.2119731361506583
2008,20197,Sorghum,462.5450012808794,0.3009308265241107
2008,20197,Soybeans,7050.55005166433,4.587073362854361
2008,20197,Water,1077.4005905295626,0.7009546083252178
2008,20197,Wetlands,226.21372195518197,0.14717418225373943
2008,20197,Wheat,1622.1756275076186,1.0553841269526552
2008,20209,Corn,226.65625553502127,0.8834190849441305
2008,20209,Developed,14485.7559429073,56.45991649160492
2008,20209,Double Crop,4.562139144091317,0.017781467264371267
2008,20209,Fallow/Barren,117.36453344616243,0.45744190248428157
2008,20209,Forest,4191.948892654495,16.338607757107308
2008,20209,Grass/Pasture/Shrubland,4941.221585814511,19.25898511621695
2008,20209,Other Crops,39.684921711016685,0.154676592275252
2008,20209,Sorghum,2.53414295467618,0.009877116538668561
2008,20209,Soybeans,793.1298024671325,3.0913155371931547
2008,20209,Water,704.3203353017022,2.7451703225708397
2008,20209,Wetlands,134.92959879588457,0.5259037850897575
2008,20209,Wheat,14.599905258844252,0.056904826710358805
2009,20005,Corn,17084.648780786185,22.82661828326318
2009,20005,Developed,3440.4280865663764,4.5967195270287755
2009,20005,Double Crop,125.13440896598586,0.16719075845332435
2009,20005,Fallow/Barren,21.94310671702622,0.029317952473320703
2009,20005,Forest,8355.098796198628,11.163159008235784
2009,20005,Grass/Pasture/Shrubland,25975.156418791517,34.70513137423261
2009,20005,Other Crops,1792.2442921006782,2.3945986160481563
2009,20005,Sorghum,48.93791854076037,0.0653854346343759
2009,20005,Soybeans,16852.415723852966,22.516334155600482
2009,20005,Water,514.301447972151,0.6871527173911034
2009,20005,Wetlands,121.20557040211847,0.1619414788605929
2009,20005,Wheat,513.7760163592934,0.6864506937782945
2009,20013,Corn,11068.282634503003,24.7802632328255
2009,20013,Developed,2258.804490586355,5.057132322744627
2009,20013,Double Crop,60.069397710278935,0.13448658085923887
2009,20013,Fallow/Barren,7.1272598348986484,0.015956890573698604
2009,20013,Forest,3547.8829125882835,7.943190050018906
2009,20013,Grass/Pasture/Shrubland,15246.199086421188,34.134006072798954
2009,20013,Other Crops,796.5915486045868,1.7834517707319228
2009,20013,Sorghum,19.5944688998853,0.04386914513123773
2009,20013,Soybeans,10962.75131376126,24.543994066809077
2009,20013,Water,242.19295215470535,0.5422345368033873
2009,20013,Wetlands,45.196478702776815,0.10118829419482848
2009,20013,Wheat,411.026018258615,0.9202270365086292
2009,20045,Corn,7235.428730037627,7.422788614968346
2009,20045,Developed,12924.287480816736,13.25895915067434
2009,20045,Double Crop,452.39601968506446,0.4641107181989794
2009,20045,Fallow/Barren,47.398425386282995,0.04862579750998369
2009,20045,Forest,18731.479248989323,19.216526912039768
2009,20045,Grass/Pasture/Shrubland,39713.176159330265,40.74154039219955
2009,20045,Other Crops,2653.2458370276345,2.7219510725107323
2009,20045,Sorghum,99.483082044008,0.10205917525144145
2009,20045,Soybeans,9514.515672677868,9.760892028263251
2009,20045,Water,4864.803826321452,4.990776884604258
2009,20045,Wetlands,602.934212580723,0.6185470655165755
2009,20045,Wheat,636.7340945859097,0.6532221882627666
2009,20061,Corn,2786.3710361568137,3.5523611578004894
2009,20061,Developed,6015.8442527264115,7.669635944909353
2009,20061,Double Crop,620.1826187348935,0.7906745429623527
2009,20061,Fallow/Barren,55.01246716448854,0.07013572457293721
2009,20061,Forest,9890.527394005869,12.609492737581991
2009,20061,Grass/Pasture/Shrubland,49720.410971206635,63.388850369190926
2009,20061,Other Crops,1552.483545143721,1.97927058971287
2009,20061,Sorghum,799.6552816512535,1.0194853181096784
2009,20061,Soybeans,3388.330846304234,4.319803332721341
2009,20061,Water,829.0311084012726,1.056936735947045
2009,20061,Wetlands,502.2131266860828,0.6402745294962121
2009,20061,Wheat,2277.092595404185,2.90307901699481
2009,20085,Corn,12050.231017070226,7.082489954793765
2009,20085,Developed,7149.129609665068,4.201881156821346
2009,20085,Double Crop,121.99288429848133,0.07170098036928588
2009,20085,Fallow/Barren,17.227460910917067,0.010125392507025767
2009,20085,Forest,20439.257544404943,12.013117095981318
2009,20085,Grass/Pasture/Shrubland,105182.81819593473,61.82091050655457
2009,20085,Other Crops,6618.987487649498,3.890291590740047
2009,20085,Sorghum,523.1249167594932,0.3074652230984563
2009,20085,Soybeans,15260.16427017489,8.96911934708235
2009,20085,Water,1340.6293585796934,0.7879511979307102
2009,20085,Wetlands,267.0893780810711,0.15698104331872129
2009,20085,Wheat,1170.5142457089753,0.6879665108024131
2009,20087,Corn,15742.662822331211,10.951158635239281
2009,20087,Developed,8072.0954116687935,5.615237928273292
2009,20087,Double Crop,131.49586083652514,0.09147321823188814
2009,20087,Fallow/Barren,55.14238653182172,0.038359013926097585
2009,20087,Forest,29840.019500315502,20.7577835411073
2009,20087,Grass/Pasture/Shrubland,63439.0208267033,44.13044912274879
2009,20087,Other Crops,3348.7470862204314,2.329508100654644
2009,20087,Sorghum,390.48146679843535,0.2716328574962995
2009,20087,Soybeans,15308.319989672249,10.64901424478837
2009,20087,Water,6451.546792658217,4.487926417940457
2009,20087,Wetlands,663.6638955282343,0.4616683138319491
2009,20087,Wheat,310.20345650688364,0.2157886057616384
2009,20091,Corn,2005.1073996823825,3.3206413811964306
2009,20091,Developed,27402.43184675639,45.380935280657766
2009,20091,Double Crop,110.4980213827906,0.18299483728509747
2009,20091,Fallow/Barren,250.6344418615064,0.4150735762733825
2009,20091,Forest,8812.707493354617,14.594650235418174
2009,20091,Grass/Pasture/Shrubland,15606.765214772297,25.84623168165411
2009,20091,Other Crops,863.9876217901065,1.430842582403406
2009,20091,Sorghum,31.118883235014646,0.05153571894611637
2009,20091,Soybeans,4048.3999338489098,6.704520840180956
2009,20091,Water,803.0763925663207,1.3299680116088022
2009,20091,Wetlands,189.19400590702665,0.31332259069449914
2009,20091,Wheat,259.2146967273409,0.42928326368125663
2009,20103,Corn,5905.122376154164,6.535725935719955
2009,20103,Developed,6491.511183455308,7.184734760968037
2009,20103,Double Crop,295.6145347854245,0.3271829877353329
2009,20103,Fallow/Barren,56.04191425526444,0.06202658796108976
2009,20103,Forest,21037.490697766207,23.284068443879498
2009,20103,Grass/Pasture/Shrubland,42311.9466551217,46.830407488486316
2009,20103,Other Crops,3083.9041837487975,3.4132319828618054
2009,20103,Sorghum,23.70971602073085,0.026241658691274514
2009,20103,Soybeans,8791.752454538639,9.73061706046812
2009,20103,Water,1341.3773064490274,1.484621976124853
2009,20103,Wetlands,458.201233630161,0.507132197379772
2009,20103,Wheat,554.7658893106134,0.6140089197239463
2009,20117,Corn,161.58893673699941,7.8980096315072155
2009,20117,Developed,67.70961112051404,3.309454047870964
2009,20117,Double Crop,0.8023326102286158,0.03921574589955806
2009,20117,Fallow/Barren,0,0
2009,20117,Forest,121.22558893557223,5.925163494061511
2009,20117,Grass/Pasture/Shrubland,1412.0526574145379,69.01713516815155
2009,20117,Other Crops,40.35353914865799,1.972366718275013
2009,20117,Sorghum,23.949750403176782,1.1705959775225914
2009,20117,Soybeans,205.2238476722772,10.030760510348
2009,20117,Water,2.950105130140985,0.14419278449573023
2009,20117,Wetlands,0.364343841393697,0.017808095198938625
2009,20117,Wheat,9.724332335383519,0.4752978266689117
2009,20127,Corn,876.3343770929796,3.2556591594693094
2009,20127,Developed,1178.2730511634713,4.377387846065519
2009,20127,Double Crop,311.55429403924654,1.1574515591019068
2009,20127,Fallow/Barren,66.96337125484686,0.2487748040856043
2009,20127,Forest,1043.279198347212,3.8758738294053283
2009,20127,Grass/Pasture/Shrubland,16294.593212025415,60.53584456715702
2009,20127,Other Crops,1180.3573766323088,4.385131298201274
2009,20127,Sorghum,1013.1368293188169,3.7638922817443414
2009,20127,Soybeans,2001.5836926821107,7.43605917200429
2009,20127,Water,92.74638409300397,0.3445609607164936
2009,20127,Wetlands,99.84828127655362,0.3709451323519053
2009,20127,Wheat,2758.5941224638805,10.248419389697
2009,20131,Corn,10310.275298703677,13.585999778310036
2009,20131,Developed,3391.0832095426363,4.468479686363927
2009,20131,Double Crop,150.019712770247,0.1976831583434996
2009,20131,Fallow/Barren,18.454453120960782,0.02431770139462035
2009,20131,Forest,7612.25253920726,10.030775931183232
2009,20131,Grass/Pasture/Shrubland,38556.52052818948,50.80648810747569
2009,20131,Other Crops,2562.9170769739294,3.3771931234438277
2009,20131,Sorghum,181.40053087816767,0.23903411896343588
2009,20131,Soybeans,11495.23765721246,15.147441919629989
2009,20131,Water,227.47751674078427,0.29975043366682813
2009,20131,Wetlands,52.28742732476795,0.06889990378162028
2009,20131,Wheat,1331.0440695174723,1.753936137443288
2009,20139,Corn,2301.727815020914,10.46561099224444
2009,20139,Developed,1135.9148015563412,5.16483415451674
2009,20139,Double Crop,121.23722835522622,0.5512474852428092
2009,20139,Fallow/Barren,4.377357330222284,0.019903186942084136
2009,20139,Forest,3139.500217657942,14.274836396229682
2009,20139,Grass/Pasture/Shrubland,11672.725300591996,53.07413040677678
2009,20139,Other Crops,623.850696918469,2.836555507815315
2009,20139,Sorghum,9.130745965271936,0.04151613180234922
2009,20139,Soybeans,2546.2177412086776,11.577270000014844
2009,20139,Water,256.30697893793916,1.1653893734335774
2009,20139,Wetlands,61.951470949344404,0.28168404236244576
2009,20139,Wheat,120.3079778469127,0.5470223226189365
2009,20149,Corn,12843.179440024333,7.494308819368585
2009,20149,Developed,8600.994289923576,5.018890194855906
2009,20149,Double Crop,125.3149357950782,0.07312432508736195
2009,20149,Fallow/Barren,99.40463859675711,0.058005033971588904
2009,20149,Forest,15748.008488447273,9.189347501808177
2009,20149,Grass/Pasture/Shrubland,111918.20668610191,65.30700651909451
2009,20149,Other Crops,2637.8850423739113,1.5392703364351517
2009,20149,Sorghum,645.1450778547459,0.37645790665133727
2009,20149,Soybeans,14267.324713914704,8.325332362722463
2009,20149,Water,2116.6935012999165,1.2351423453024712
2009,20149,Wetlands,648.4401261312571,0.37838064778208463
2009,20149,Wheat,1721.8371235281077,1.0047340069203679
2009,20161,Corn,2337.3003579382803,2.922825748086769
2009,20161,Developed,9148.320113073118,11.440098183109187
2009,20161,Double Crop,229.96408280373026,0.2875731995980166
2009,20161,Fallow/Barren,88.58132712246913,0.11077214908811753
2009,20161,Forest,12416.180441134027,15.526601774985126
2009,20161,Grass/Pasture/Shrubland,45177.14663871229,56.49463363672953
2009,20161,Other Crops,792.7396399125039,0.9913316545714084
2009,20161,Sorghum,1211.9971023276935,1.51561878868436
2009,20161,Soybeans,4811.638291567255,6.017018840265104
2009,20161,Water,1025.5306144584863,1.2824399205733836
2009,20161,Wetlands,587.0003785775538,0.734051922259818
2009,20161,Wheat,2140.747855397227,2.6770341820491743
2009,20177,Corn,13016.238485411031,8.932311885205786
2009,20177,Developed,25228.282059599776,17.312750064994752
2009,20177,Double Crop,183.33065925738288,0.12580951312798735
2009,20177,Fallow/Barren,117.50841232422201,0.08063940970286894
2009,20177,Forest,18224.18670576853,12.506233632135629
2009,20177,Grass/Pasture/Shrubland,68344.8489351835,46.90122320058703
2009,20177,Other Crops,2324.0722111689433,1.5948799537722438
2009,20177,Sorghum,473.24548336869157,0.324761739764684
2009,20177,Soybeans,13528.780413470738,9.284040563257083
2009,20177,Water,2585.7885248015614,1.7744811297520076
2009,20177,Wetlands,639.4689370496927,0.43883154054306717
2009,20177,Wheat,1055.0732178162878,0.7240373671568556
2009,20197,Corn,6447.744656478568,4.194889412527141
2009,20197,Developed,5231.082300294495,3.403331385884642
2009,20197,Double Crop,97.40665475155383,0.06337256924658395
2009,20197,Fallow/Barren,34.10726607293199,0.0221901171591571
2009,20197,Forest,7775.854580601733,5.058954997658305
2009,20197,Grass/Pasture/Shrubland,121168.35341883608,78.83188152919557
2009,20197,Other Crops,2978.1118830263704,1.9375534660597975
2009,20197,Sorghum,267.792916851244,0.1742255209378232
2009,20197,Soybeans,7475.8434102946485,4.863768347284901
2009,20197,Water,1018.4328181743397,0.6625902969090254
2009,20197,Wetlands,351.8466554553403,0.22891071040160968
2009,20197,Wheat,858.1823113216597,0.5583316467354381
2009,20209,Corn,418.346174940306,1.63055281303956
2009,20209,Developed,14444.577197847173,56.2994175493
2009,20209,Double Crop,14.1027732773137,0.0549671970641639
2009,20209,Fallow/Barren,119.75372056078794,0.46675403679789484
2009,20209,Forest,4137.900646176467,16.127948438070437
2009,20209,Grass/Pasture/Shrubland,4821.5629338309745,18.792601620242312
2009,20209,Other Crops,75.28433000680542,0.29342942143049616
2009,20209,Sorghum,1.731476573970805,0.00674863107999744
2009,20209,Soybeans,722.9655514052929,2.817842218212716
2009,20209,Water,729.1983048731195,2.84213509886687
2009,20209,Wetlands,152.60011298519754,0.5947766667967578
2009,20209,Wheat,18.684833513429723,0.07282630909878875
2010,20005,Corn,14273.79392385977,19.07106488020616
2010,20005,Developed,3689.399242407584,4.929367251360195
2010,20005,Double Crop,104.45437695093443,0.1395603867114056
2010,20005,Fallow/Barren,19.36030029229338,0.025867092165133363
2010,20005,Forest,9549.28157044209,12.758693964667554
2010,20005,Grass/Pasture/Shrubland,30619.66584481745,40.91061122583732
2010,20005,Other Crops,64.66223335057845,0.08639452510706061
2010,20005,Sorghum,11.392105627521266,0.015220871668985865
2010,20005,Soybeans,15724.990385548355,21.00999310226254
2010,20005,Water,475.7409023313677,0.6356323807760242
2010,20005,Wetlands,136.10575455910805,0.18184945709684644
2010,20005,Wheat,176.4439270666322,0.2357448621407717
2010,20013,Corn,9133.222502739403,20.447947098525674
2010,20013,Developed,2428.135369084529,5.436239351467404
2010,20013,Double Crop,64.09215000785721,0.14349293389034934
2010,20013,Fallow/Barren,12.495231246659397,0.027974992116846113
2010,20013,Forest,4077.9466294007625,9.129925053680376
2010,20013,Grass/Pasture/Shrubland,16361.389498546501,36.63075402184781
2010,20013,Other Crops,39.68821957686619,0.08885610901289419
2010,20013,Sorghum,9.69565843725361,0.021707158754850353
2010,20013,Soybeans,11789.193995509097,26.39427815123544
2010,20013,Water,285.9005973154753,0.640089550822863
2010,20013,Wetlands,83.1097720057165,0.18607060332031747
2010,20013,Wheat,380.84893815570746,0.85266497532517
2010,20045,Corn,5888.296258674004,6.040772435363179
2010,20045,Developed,12237.825188265067,12.554721063357695
2010,20045,Double Crop,182.526006109527,0.18725247813731064
2010,20045,Fallow/Barren,97.56532676533047,0.10009176010853961
2010,20045,Forest,19908.602294291646,20.424131307728636
2010,20045,Grass/Pasture/Shrubland,44225.74748008486,45.37096378557401
2010,20045,Other Crops,46.375822904808075,0.0475767149551907
2010,20045,Sorghum,10.113817114063666,0.010375712252749036
2010,20045,Soybeans,9336.395091311504,9.578159052403933
2010,20045,Water,4823.581082237104,4.948486686347344
2010,20045,Wetlands,672.1949964074706,0.6896013425794761
2010,20045,Wheat,46.659425317518945,0.04786766119193663
2010,20061,Corn,3067.8543671307557,3.911225945922647
2010,20061,Developed,5665.549389396723,7.223042921179909
2010,20061,Double Crop,555.1151797219685,0.7077196744298841
2010,20061,Fallow/Barren,153.55399013154494,0.19576690365004246
2010,20061,Forest,12319.055813282868,15.70563819535035
2010,20061,Grass/Pasture/Shrubland,47179.76935695331,60.14977112624365
2010,20061,Other Crops,586.68755058515,0.7479714795407831
2010,20061,Sorghum,557.2380274892681,0.7104261057897506
2010,20061,Soybeans,4427.688347119323,5.644886448736162
2010,20061,Water,1340.605068122841,1.7091454476639347
2010,20061,Wetlands,1352.3479255128505,1.72411648703111
2010,20061,Wheat,1231.690228139255,1.5702892644617878
2010,20085,Corn,11416.457250289775,6.709991176100168
2010,20085,Developed,7281.865706235965,4.279896430492879
2010,20085,Double Crop,46.484032905608295,0.027320861786458723
2010,20085,Fallow/Barren,33.70356838646703,0.019809179110318324
2010,20085,Forest,23749.23216765854,13.958545526905752
2010,20085,Grass/Pasture/Shrubland,110635.06447457435,65.02545317837759
2010,20085,Other Crops,158.37900239999325,0.09308682065590251
2010,20085,Sorghum,62.093994622838146,0.036495573615666084
2010,20085,Soybeans,14196.922737120683,8.344202076474968
2010,20085,Water,1633.825175260625,0.960276228337897
2010,20085,Wetlands,434.6262907921983,0.2554504004333545
2010,20085,Wheat,492.5119689909286,0.28947254770905123
2010,20087,Corn,13020.989373266499,9.057865357576816
2010,20087,Developed,7899.227215918101,5.494984635928872
2010,20087,Double Crop,26.492085897382054,0.01842884132848719
2010,20087,Fallow/Barren,65.84604342030603,0.045804860025061775
2010,20087,Forest,32620.773172091325,22.69217513221372
2010,20087,Grass/Pasture/Shrubland,67912.52353671187,47.2423774150186
2010,20087,Other Crops,62.58822737467043,0.04353860680457259
2010,20087,Sorghum,22.499388633825493,0.015651378480609286
2010,20087,Soybeans,14356.020351461619,9.986560597395744
2010,20087,Water,6734.286618257447,4.6846103409579065
2010,20087,Wetlands,999.3877231376376,0.6952098013981464
2010,20087,Wheat,32.76575960091714,0.022793032871463274
2010,20091,Corn,1731.749514946457,2.867935703648073
2010,20091,Developed,23080.1761572272,38.22288424307452
2010,20091,Double Crop,28.659751742059708,0.047463172109671076
2010,20091,Fallow/Barren,211.68949368181904,0.35057717745978
2010,20091,Forest,9499.356371154074,15.731803625971791
2010,20091,Grass/Pasture/Shrubland,21270.86167072014,35.226493847006346
2010,20091,Other Crops,8.85476423211279,0.014664300044251698
2010,20091,Sorghum,3.030929380103413,0.005019496474178748
2010,20091,Soybeans,3541.0756325699463,5.8643453619096455
2010,20091,Water,797.5091701893241,1.32074818178507
2010,20091,Wetlands,202.73115038066302,0.3357413409966087
2010,20091,Wheat,7.44134566080079,0.01232354952006849
2010,20103,Corn,3693.6338396526317,4.088074208310082
2010,20103,Developed,6429.265722309946,7.115842154028781
2010,20103,Double Crop,133.24306335320395,0.14747198947627319
2010,20103,Fallow/Barren,35.35423314888137,0.039129685010714454
2010,20103,Forest,22609.895700313464,25.024389389318884
2010,20103,Grass/Pasture/Shrubland,47739.38613373959,52.83743913074254
2010,20103,Other Crops,41.69012112074955,0.046142177674841744
2010,20103,Sorghum,12.320046757281686,0.013635695247570651
2010,20103,Soybeans,7820.53111980799,8.65567973277506
2010,20103,Water,1284.8456288996854,1.4220533234173334
2010,20103,Wetlands,490.49956454235377,0.5428796426614669
2010,20103,Wheat,60.77297159026194,0.06726287133644958
2010,20117,Corn,225.27467967104917,11.010788397429042
2010,20117,Developed,67.26149173680585,3.287551241403757
2010,20117,Double Crop,0.5356721803069426,0.026182139228260536
2010,20117,Fallow/Barren,0.10687106095856766,0.005223554816465932
2010,20117,Forest,171.53743971151954,8.384264284198713
2010,20117,Grass/Pasture/Shrubland,1364.4778136237528,66.69181152864624
2010,20117,Other Crops,4.133720464066268,0.20204455019276285
2010,20117,Sorghum,0.6946618962306899,0.03395310630702856
2010,20117,Soybeans,164.07080346484219,8.01931624888117
2010,20117,Water,4.243046069859667,0.20738807620984392
2010,20117,Wetlands,0.4888993795862506,0.023896017182752898
2010,20117,Wheat,43.11994608990486,2.1075808555039597
2010,20127,Corn,1160.7990430915863,4.312470371732731
2010,20127,Developed,1185.1541651388548,4.402951788696212
2010,20127,Double Crop,278.35635948860886,1.0341183172247839
2010,20127,Fallow/Barren,122.13955221286376,0.4537591612169513
2010,20127,Forest,1675.4741714627569,6.2245336658728645
2010,20127,Grass/Pasture/Shrubland,15677.754363850225,58.244234083223006
2010,20127,Other Crops,388.4067513306912,1.4429651861475667
2010,20127,Sorghum,792.968671820936,2.945948244264906
2010,20127,Soybeans,3671.0946178532176,13.638438854287028
2010,20127,Water,133.4364501745945,0.4957281290950614
2010,20127,Wetlands,163.60282183294385,0.6077988486339345
2010,20127,Wheat,1668.077222132572,6.197053349604966
2010,20131,Corn,9869.46832621003,13.005142016798162
2010,20131,Developed,3466.7202361917234,4.568147696917993
2010,20131,Double Crop,77.70180523646007,0.10238879934171741
2010,20131,Fallow/Barren,10.228148826148583,0.013477780530462488
2010,20131,Forest,10396.784393642494,13.699994071440925
2010,20131,Grass/Pasture/Shrubland,37907.97686047279,49.951892680045034
2010,20131,Other Crops,197.9451716623993,0.2608352328536781
2010,20131,Sorghum,67.15098205414438,0.08848582611713705
2010,20131,Soybeans,12440.752756687314,16.39336092370055
2010,20131,Water,341.16382938061446,0.4495565419979816
2010,20131,Wetlands,87.46110537019298,0.11524877112831239
2010,20131,Wheat,1025.6164044475363,1.3514696591280455
2010,20139,Corn,1951.6022684671445,8.873642669680015
2010,20139,Developed,1139.9571418335736,5.18321406918941
2010,20139,Double Crop,8.754462502358802,0.03980522735918954
2010,20139,Fallow/Barren,1.422641132322242,0.006468535756177345
2010,20139,Forest,3512.6507779905633,15.971496001459231
2010,20139,Grass/Pasture/Shrubland,12609.703095403482,57.33442784284827
2010,20139,Other Crops,6.263348966152893,0.0284785079107353
2010,20139,Sorghum,1.320407299188199,0.006003693857476474
2010,20139,Soybeans,2442.812440820882,11.107101615494097
2010,20139,Water,271.21335737211336,1.233166439417303
2010,20139,Wetlands,36.77548483219533,0.1672126112363312
2010,20139,Wheat,10.772905719282198,0.04898278579177197
2010,20149,Corn,13462.619430836914,7.855767180041269
2010,20149,Developed,8644.582068820877,5.044324728207417
2010,20149,Double Crop,100.7894514965075,0.058813106114179406
2010,20149,Fallow/Barren,164.10402390230965,0.09575870518419091
2010,20149,Forest,20240.1559133644,11.810625217476106
2010,20149,Grass/Pasture/Shrubland,108164.82710467411,63.11681787998919
2010,20149,Other Crops,720.3768611655724,0.42035748928942634
2010,20149,Sorghum,147.95821406846255,0.08633723088347688
2010,20149,Soybeans,14248.927422161538,8.31459709374315
2010,20149,Water,2878.2704598942946,1.679541097502023
2010,20149,Wetlands,1145.7388020113954,0.668566568637036
2010,20149,Wheat,1454.0843115951682,0.8484937029325288
2010,20161,Corn,3009.21695394026,3.7630665501263247
2010,20161,Developed,8683.89710405771,10.859330921364725
2010,20161,Double Crop,221.27916813492175,0.27671259619815164
2010,20161,Fallow/Barren,178.41601565408357,0.2231116435907284
2010,20161,Forest,15347.842376024755,19.192684723580975
2010,20161,Grass/Pasture/Shrubland,41448.39443025602,51.83177850726516
2010,20161,Other Crops,276.99239506557274,0.3463827409139759
2010,20161,Sorghum,460.2617652550871,0.5755635700728201
2010,20161,Soybeans,6184.963913241173,7.73438112701738
2010,20161,Water,1367.130023553244,1.7096146074048604
2010,20161,Wetlands,1280.5539713627636,1.601350081773567
2010,20161,Wheat,1508.1987264790557,1.8860229306913339
2010,20177,Corn,12445.21710788721,8.54045205236088
2010,20177,Developed,24224.5779997897,16.623964459789416
2010,20177,Double Crop,42.53661937194086,0.02919048780477718
2010,20177,Fallow/Barren,130.69728268049818,0.08969018912488441
2010,20177,Forest,20311.86172035793,13.938887494936699
2010,20177,Grass/Pasture/Shrubland,72359.40334673377,49.65618594380105
2010,20177,Other Crops,104.50529103852661,0.0717160994135583
2010,20177,Sorghum,29.13541403409725,0.019993994835670083
2010,20177,Soybeans,12195.808048107809,8.369296652016724
2010,20177,Water,2890.230674148653,1.983402642062847
2010,20177,Wetlands,749.531895648385,0.514361554403363
2010,20177,Wheat,237.31864542182964,0.16285842945012752
2010,20197,Corn,6890.437532744462,4.482904487346064
2010,20197,Developed,5361.432096449672,3.4881366951747683
2010,20197,Double Crop,40.53773934872389,0.026373769846931277
2010,20197,Fallow/Barren,56.849767183534375,0.03698634160756083
2010,20197,Forest,10064.0742918145,6.54766603562685
2010,20197,Grass/Pasture/Shrubland,120583.93410868282,78.45165952797612
2010,20197,Other Crops,277.5134846771263,0.18054970237319906
2010,20197,Sorghum,69.42781594562345,0.045169594263095476
2010,20197,Soybeans,7452.465616658814,4.848558802826178
2010,20197,Water,1596.6014908758145,1.038745646257939
2010,20197,Wetlands,777.8816590576878,0.5060882075256213
2010,20197,Wheat,533.6032687202006,0.3471611891756813
2010,20209,Corn,158.76234261288735,0.618794672591741
2010,20209,Developed,13454.834655701918,52.441781020150074
2010,20209,Double Crop,10.280642157951652,0.040069997037484796
2010,20209,Fallow/Barren,193.33407870894632,0.7535420299713892
2010,20209,Forest,4447.3326895656155,17.333995771632765
2010,20209,Grass/Pasture/Shrubland,5663.213692209454,22.073033219423856
2010,20209,Other Crops,1.7855852169073925,0.0069595258012473595
2010,20209,Sorghum,2.6513235038927947,0.01033384134124608
2010,20209,Soybeans,742.1469660125322,2.8926040098088146
2010,20209,Water,778.7727575007966,3.0353572866841474
2010,20209,Wetlands,200.5383891011137,0.7816216665968103
2010,20209,Wheat,3.0549336988220017,0.01190695896042156
2011,20005,Corn,17766.60615153118,23.73777430333663
2011,20005,Developed,3592.7294835208927,4.800207810393329
2011,20005,Double Crop,26.635063861528593,0.03558682671903737
2011,20005,Fallow/Barren,29.671015570140536,0.03964312964150907
2011,20005,Forest,8681.204763390682,11.598865737036611
2011,20005,Grass/Pasture/Shrubland,27678.94883235651,36.98155037221087
2011,20005,Other Crops,30.699852723930547,0.04101774806571778
2011,20005,Sorghum,40.52507580860301,0.05414512456490288
2011,20005,Soybeans,15961.706892725411,21.32626752030939
2011,20005,Water,517.5057628198906,0.6914339685205388
2011,20005,Wetlands,180.672800611919,0.24139501529434504
2011,20005,Wheat,338.3848723329983,0.4521124439071234
2011,20013,Corn,11356.146542420736,25.4247483484472
2011,20013,Developed,2374.3007742056234,5.315711580702568
2011,20013,Double Crop,35.49955621647185,0.07947830541934475
2011,20013,Fallow/Barren,5.807167407254964,0.013001397031575209
2011,20013,Forest,3842.0141190824597,8.601706728947347
2011,20013,Grass/Pasture/Shrubland,15118.00864567738,33.84700645682772
2011,20013,Other Crops,33.581805653057735,0.07518474287259876
2011,20013,Sorghum,44.00433431900379,0.0985192575775903
2011,20013,Soybeans,11148.358627518017,24.959541649456852
2011,20013,Water,285.46473801426527,0.6391137257040871
2011,20013,Wetlands,47.04848004573013,0.10533465386971316
2011,20013,Wheat,375.4837714658244,0.8406531531433941
2011,20045,Corn,7446.89651908704,7.639732317346624
2011,20045,Developed,12994.030713622495,13.330508369629742
2011,20045,Double Crop,350.5085841120604,0.3595849291963307
2011,20045,Fallow/Barren,155.5050992495589,0.1595318706529704
2011,20045,Forest,19476.74740147001,19.981093624495433
2011,20045,Grass/Pasture/Shrubland,42048.91806180662,43.137765833441065
2011,20045,Other Crops,97.59982726752133,0.10012715399388188
2011,20045,Sorghum,31.48156982052423,0.03229677836159173
2011,20045,Soybeans,9019.896901224101,9.253465209137145
2011,20045,Water,4652.932729614178,4.7734194310022735
2011,20045,Wetlands,647.5190440634453,0.6642864117085062
2011,20045,Wheat,553.8463381453508,0.5681880710344361
2011,20061,Corn,3721.5897412585136,4.744677098119063
2011,20061,Developed,6104.220321282523,7.782307125144868
2011,20061,Double Crop,521.3576423259102,0.6646819873908468
2011,20061,Fallow/Barren,104.49371012922967,0.13321965821519846
2011,20061,Forest,12704.927793672348,16.197588699153243
2011,20061,Grass/Pasture/Shrubland,46648.42913062291,59.47236228259
2011,20061,Other Crops,654.1522038408757,0.8339825708994828
2011,20061,Sorghum,332.8196868129461,0.4243138163022074
2011,20061,Soybeans,4239.433723867962,5.4048794996484
2011,20061,Water,899.7843703081802,1.1471404942133716
2011,20061,Wetlands,660.419089313579,0.8419722608024905
2011,20061,Wheat,1845.5278301508756,2.352874507520838
2011,20085,Corn,12698.654196107775,7.46359888502782
2011,20085,Developed,7226.91396936588,4.247598699119138
2011,20085,Double Crop,115.71602597221374,0.06801177424697351
2011,20085,Fallow/Barren,47.710943145810816,0.028041974887058903
2011,20085,Forest,22854.490175398296,13.432663395406497
2011,20085,Grass/Pasture/Shrubland,108756.0855852771,63.921088532598965
2011,20085,Other Crops,331.5884751410491,0.19489020924039072
2011,20085,Sorghum,220.2016465171113,0.12942290876226437
2011,20085,Soybeans,14783.433991340042,8.688922444117518
2011,20085,Water,1576.0933729864787,0.9263445212113235
2011,20085,Wetlands,253.1582260595457,0.14879304724533585
2011,20085,Wheat,1277.1197619266688,0.7506236081367172
2011,20087,Corn,14246.209476092925,9.91017222970923
2011,20087,Developed,8234.264579555138,5.728048594633299
2011,20087,Double Crop,79.50127450745359,0.05530392657586651
2011,20087,Fallow/Barren,124.8195157781154,0.08682891410980989
2011,20087,Forest,30399.056472114607,21.146669629199813
2011,20087,Grass/Pasture/Shrubland,65977.04764719008,45.895991245153645
2011,20087,Other Crops,85.46764552527904,0.05945434739287192
2011,20087,Sorghum,169.71296873254556,0.11805840371624571
2011,20087,Soybeans,16518.28975433977,11.490712436908767
2011,20087,Water,6544.72899017696,4.5527472832873555
2011,20087,Wetlands,1083.5948010490486,0.7537872529274842
2011,20087,Wheat,290.7063707096576,0.20222573638560007
2011,20091,Corn,2363.599169928765,3.9143365654479423
2011,20091,Developed,27459.177173668915,45.47491073592021
2011,20091,Double Crop,52.68916066571011,0.08725807269714278
2011,20091,Fallow/Barren,287.3607010810431,0.4758956230925497
2011,20091,Forest,9236.674612036353,15.296778589632119
2011,20091,Grass/Pasture/Shrubland,16233.796536516678,26.88465294259031
2011,20091,Other Crops,5.384571142655835,0.008917342661610754
2011,20091,Sorghum,18.818804195544637,0.031165662231488086
2011,20091,Soybeans,3667.2647354268665,6.073326066319354
2011,20091,Water,758.9009549190366,1.2568094434905703
2011,20091,Wetlands,206.62505985732653,0.3421900114991912
2011,20091,Wheat,92.8444724458053,0.15375894441750568
2011,20103,Corn,5713.248481118065,6.323361972317766
2011,20103,Developed,6519.169931625345,7.215347165969911
2011,20103,Double Crop,291.197092936372,0.32229381060684964
2011,20103,Fallow/Barren,102.97537432536606,0.11397203679241673
2011,20103,Forest,21618.44419630021,23.927061527841417
2011,20103,Grass/Pasture/Shrubland,45107.08415408833,49.924035610347055
2011,20103,Other Crops,42.882639955411996,0.04746204469538161
2011,20103,Sorghum,14.319352590700205,0.01584850544125536
2011,20103,Soybeans,8499.238329524884,9.406865572922841
2011,20103,Water,1347.6347785586722,1.491547678956042
2011,20103,Wetlands,735.3774754691904,0.8139078807877999
2011,20103,Wheat,359.8663387434919,0.39829619332126426
2011,20117,Corn,185.2336191097747,9.053694747611752
2011,20117,Developed,67.90271810255726,3.3188925703025527
2011,20117,Double Crop,0.05347817673357277,0.0026138618363746643
2011,20117,Fallow/Barren,0.05343553047928383,0.002611777408232966
2011,20117,Forest,147.81340932212865,7.224700861743963
2011,20117,Grass/Pasture/Shrubland,1355.0230622284435,66.22969005491443
2011,20117,Other Crops,0.11809358580080805,0.005772080050208301
2011,20117,Sorghum,7.053490023265466,0.34475461788675155
2011,20117,Soybeans,236.85752867374683,11.576925255749327
2011,20117,Water,5.109073891431377,0.24971706366434476
2011,20117,Wetlands,0.9084040181478251,0.04440021593996042
2011,20117,Wheat,39.818732686373465,1.946226892892102
2011,20127,Corn,1347.950951967885,5.007756146514837
2011,20127,Developed,1197.1059642743646,4.447353771940025
2011,20127,Double Crop,422.77267014407204,1.5706375921183429
2011,20127,Fallow/Barren,27.865339161281195,0.10352218176477918
2011,20127,Forest,1522.556114638169,5.656429657445501
2011,20127,Grass/Pasture/Shrubland,15689.891979437582,58.28932639090148
2011,20127,Other Crops,367.51521399319057,1.3653512905089473
2011,20127,Sorghum,749.678334080566,2.7851208383510992
2011,20127,Soybeans,2735.4831467170484,10.162560085484786
2011,20127,Water,69.60225861789219,0.2585785023529322
2011,20127,Wetlands,109.10764968951358,0.4053444990463325
2011,20127,Wheat,2677.7345676682826,9.948019043570937
2011,20131,Corn,11702.22403506588,15.420190881433493
2011,20131,Developed,3431.919143075212,4.522289790153339
2011,20131,Double Crop,156.8367373974469,0.20666605088425616
2011,20131,Fallow/Barren,8.976669793210684,0.011828688399412242
2011,20131,Forest,9213.378250507521,12.140602577762385
2011,20131,Grass/Pasture/Shrubland,36572.12354729275,48.19161933225183
2011,20131,Other Crops,320.0887370255705,0.421785586153622
2011,20131,Sorghum,178.09498975198636,0.2346783593249769
2011,20131,Soybeans,12893.630663625221,16.990124731164883
2011,20131,Water,310.3530386521253,0.4089567147499699
2011,20131,Wetlands,47.34286132721655,0.06238437722191542
2011,20131,Wheat,1054.0013466677092,1.3888729104999171
2011,20139,Corn,2196.0450806067997,9.985087456943306
2011,20139,Developed,1135.823733186667,5.164420080304972
2011,20139,Double Crop,143.35220863546402,0.6518009821435811
2011,20139,Fallow/Barren,3.884904630572277,0.01766407841109967
2011,20139,Forest,3515.1775566056517,15.982984884669689
2011,20139,Grass/Pasture/Shrubland,12015.344295222792,54.63196756413294
2011,20139,Other Crops,8.79568816710699,0.03999267427073815
2011,20139,Sorghum,18.58629748056545,0.08450910570238881
2011,20139,Soybeans,2513.848026150154,11.430089762837571
2011,20139,Water,310.96262041941594,1.4139003739714568
2011,20139,Wetlands,24.89621981563924,0.11319937573310353
2011,20139,Wheat,106.53170141842834,0.4843836608791539
2011,20149,Corn,13677.803408566537,7.981332285599186
2011,20149,Developed,8665.59720892705,5.056587575625646
2011,20149,Double Crop,172.25383077593062,0.10051431650414089
2011,20149,Fallow/Barren,234.490273018191,0.1368308002969899
2011,20149,Forest,20101.57194283352,11.72975808660538
2011,20149,Grass/Pasture/Shrubland,106948.91109201185,62.407301195288184
2011,20149,Other Crops,961.0052996987728,0.5607700590515784
2011,20149,Sorghum,318.4945501643084,0.1858493473024842
2011,20149,Soybeans,15562.484611735581,9.081089789460801
2011,20149,Water,2375.234782037059,1.3860074959022473
2011,20149,Wetlands,595.5900857591542,0.34754135868593494
2011,20149,Wheat,1758.996978463586,1.0264176896774222
2011,20161,Corn,3547.614124327559,4.436339502385296
2011,20161,Developed,9183.699201738531,11.484340212570189
2011,20161,Double Crop,157.80768961289553,0.1973406528091739
2011,20161,Fallow/Barren,257.1727224961038,0.32159797197833423
2011,20161,Forest,15375.037989512444,19.22669320651594
2011,20161,Grass/Pasture/Shrubland,40321.18514250825,50.422188028864724
2011,20161,Other Crops,541.8743585227771,0.6776212231086292
2011,20161,Sorghum,549.6721658124577,0.6873724867181558
2011,20161,Soybeans,5666.716405948706,7.086305601314573
2011,20161,Water,1015.3003143452353,1.269646791748451
2011,20161,Wetlands,944.1147438539723,1.1806282718917904
2011,20161,Wheat,2406.951984345721,3.009926050094751
2011,20177,Corn,13318.220126257625,9.139544889016474
2011,20177,Developed,25387.070108568907,17.42171736600305
2011,20177,Double Crop,271.4888394527389,0.18630751042726051
2011,20177,Fallow/Barren,230.01591629222705,0.1578469774648324
2011,20177,Forest,20140.825802016952,13.821515170520044
2011,20177,Grass/Pasture/Shrubland,68382.83613765448,46.92729167962555
2011,20177,Other Crops,167.1244573275288,0.1146881088701958
2011,20177,Sorghum,155.01083089474417,0.10637520883538301
2011,20177,Soybeans,13479.368463363782,9.250131922930136
2011,20177,Water,2727.2813340996286,1.8715796811945655
2011,20177,Wetlands,646.2386227210023,0.4434771948039906
2011,20177,Wheat,815.3434065707476,0.5595242903085208
2011,20197,Corn,7671.5812434033505,4.991114978934415
2011,20197,Developed,5285.3056830381365,3.4386090071772535
2011,20197,Double Crop,134.69384747335928,0.08763154014339161
2011,20197,Fallow/Barren,111.42288228837879,0.07249149805508147
2011,20197,Forest,10288.183041574515,6.693470727299679
2011,20197,Grass/Pasture/Shrubland,119346.05717207593,77.64629933894224
2011,20197,Other Crops,457.0509114295817,0.297356382966467
2011,20197,Sorghum,60.1111932451309,0.03910821869551043
2011,20197,Soybeans,7607.05002022345,4.949131097853951
2011,20197,Water,1226.9316228649998,0.7982391904244663
2011,20197,Wetlands,319.6551369734469,0.2079669746850935
2011,20197,Wheat,1196.7161175686642,0.778581044822438
2011,20209,Corn,335.91447783018,1.3092656980666075
2011,20209,Developed,14466.576454734157,56.38516220850949
2011,20209,Double Crop,6.193658012853786,0.024140501576965043
2011,20209,Fallow/Barren,165.39521973866843,0.6446470816822061
2011,20209,Forest,4295.322631122613,16.741518910956525
2011,20209,Grass/Pasture/Shrubland,4701.115933228901,18.323145443950246
2011,20209,Other Crops,0.4869777864292888,0.0018980524912492799
2011,20209,Sorghum,2.324681440096969,0.009060715953986763
2011,20209,Soybeans,764.9904799906717,2.9816392591022467
2011,20209,Water,710.2757874949183,2.768382389295142
2011,20209,Wetlands,199.39175345408808,0.7771525209662667
2011,20209,Wheat,8.720001157262361,0.03398721744906881
2012,20005,Corn,16263.219468738827,21.729115279638332
2012,20005,Developed,3578.2460437605055,4.78085663993141
2012,20005,Double Crop,156.5848194591316,0.20921131880492772
2012,20005,Fallow/Barren,16.245200529780735,0.02170504036614474
2012,20005,Forest,8620.144633669715,11.51728394443725
2012,20005,Grass/Pasture/Shrubland,28788.61928672942,38.46416931317923
2012,20005,Other Crops,37.21378238085154,0.04972094048778176
2012,20005,Sorghum,0.9092290876425423,0.0012148113538627216
2012,20005,Soybeans,16567.998038263275,22.136326698305457
2012,20005,Water,488.83043287719664,0.6531211639000166
2012,20005,Wetlands,75.85122311243565,0.10134401581924257
2012,20005,Wheat,251.42840864491052,0.3359308337763545
2012,20013,Corn,10151.157557951929,22.726954552080798
2012,20013,Developed,2415.3339329099795,5.407578811378314
2012,20013,Double Crop,60.637939411699925,0.13575946243312753
2012,20013,Fallow/Barren,8.967180317277473,0.020076202971693026
2012,20013,Forest,3761.874008819785,8.42228476319214
2012,20013,Grass/Pasture/Shrubland,16030.05616404596,35.8889472287019
2012,20013,Other Crops,41.12116527053818,0.09206426448381112
2012,20013,Sorghum,1.5582548119579402,0.003488704228040219
2012,20013,Soybeans,11637.428934989015,26.054498415442474
2012,20013,Water,263.6069902367763,0.590177430753104
2012,20013,Wetlands,35.29687607494086,0.07902453427660688
2012,20013,Wheat,258.6795571859791,0.5791456300580033
2012,20045,Corn,6740.871123171121,6.915424544273451
2012,20045,Developed,13012.789906571463,13.349753327882114
2012,20045,Double Crop,644.7075619943203,0.6614021269103916
2012,20045,Fallow/Barren,118.62168394174012,0.12169336716644615
2012,20045,Forest,19701.453080613428,20.211618009310406
2012,20045,Grass/Pasture/Shrubland,42734.96554147187,43.84157836638001
2012,20045,Other Crops,18.371100647370785,0.018846816383337153
2012,20045,Sorghum,5.714714848165398,0.00586269617122358
2012,20045,Soybeans,9073.863050756281,9.308828800610051
2012,20045,Water,4457.037931873344,4.572451979223556
2012,20045,Wetlands,346.8871774255682,0.35586974695549556
2012,20045,Wheat,620.5999161682249,0.6366702187335144
2012,20061,Corn,3196.47438264358,4.0752043756775205
2012,20061,Developed,6061.040979635165,7.727257523316162
2012,20061,Double Crop,702.1214155584586,0.8951388068295276
2012,20061,Fallow/Barren,113.93270470930324,0.14525348905819735
2012,20061,Forest,11165.622837589108,14.235119571731499
2012,20061,Grass/Pasture/Shrubland,48557.77129374068,61.90659406622408
2012,20061,Other Crops,743.4452334673601,0.9478227903072185
2012,20061,Sorghum,495.6822849580131,0.6319483201789718
2012,20061,Soybeans,4067.6887183407985,5.185920761287976
2012,20061,Water,858.0619523819686,1.093948333181214
2012,20061,Wetlands,680.6036566367869,0.8677056868306592
2012,20061,Wheat,1794.7097839246107,2.2880862753769646
2012,20085,Corn,12307.928674444367,7.23395104024024
2012,20085,Developed,7236.747525046738,4.2533783442753945
2012,20085,Double Crop,235.9735469514101,0.13869279962457975
2012,20085,Fallow/Barren,44.10044508131292,0.025919914634655056
2012,20085,Forest,22172.766903370182,13.031982427610233
2012,20085,Grass/Pasture/Shrubland,109579.99254786817,64.40533757130783
2012,20085,Other Crops,231.9930298618172,0.1363532617134816
2012,20085,Sorghum,54.37638804373935,0.03195957169221026
2012,20085,Soybeans,15652.120247835943,9.199490388979662
2012,20085,Water,1438.9959204421655,0.8457658726279546
2012,20085,Wetlands,169.27484563404337,0.09949082238374074
2012,20085,Wheat,1016.8962946580665,0.5976779849100202
2012,20087,Corn,14104.9719300694,9.811922347258498
2012,20087,Developed,8273.857301929149,5.7555907066897
2012,20087,Double Crop,352.3284641174663,0.24509226588956584
2012,20087,Fallow/Barren,126.73285527308508,0.08815990141284474
2012,20087,Forest,31334.29124990011,21.797252350071755
2012,20087,Grass/Pasture/Shrubland,66160.84548720326,46.02384758848734
2012,20087,Other Crops,82.17402611346816,0.057163188071865566
2012,20087,Sorghum,51.30714198928715,0.03569108081565495
2012,20087,Soybeans,15863.094033358113,11.03493488780049
2012,20087,Water,6324.662579204094,4.399661226369906
2012,20087,Wetlands,641.9185488444223,0.446541473868452
2012,20087,Wheat,437.21587776973183,0.30414298326391387
2012,20091,Corn,2140.700050391829,3.545195221555916
2012,20091,Developed,27471.272637370104,45.49494193090622
2012,20091,Double Crop,135.43109152176478,0.22428628355718522
2012,20091,Fallow/Barren,237.7705494398594,0.39376979299207465
2012,20091,Forest,9224.72256947916,15.27698491318789
2012,20091,Grass/Pasture/Shrubland,16706.468090716313,27.66744029993504
2012,20091,Other Crops,10.225246210295929,0.01693394364023052
2012,20091,Sorghum,4.351168600125927,0.007205933463927882
2012,20091,Soybeans,3408.6311636907863,5.64500519881395
2012,20091,Water,755.5492332241599,1.2512586855810317
2012,20091,Wetlands,116.88834111066255,0.19357779165991493
2012,20091,Wheat,171.12581012964108,0.28340000470661186
2012,20103,Corn,5275.394393225459,5.838749777004645
2012,20103,Developed,6528.3920402825115,7.2255540966469205
2012,20103,Double Crop,253.77294255951412,0.28087316347038666
2012,20103,Fallow/Barren,74.48701704992519,0.0824414293552146
2012,20103,Forest,21852.680718750755,24.186311991651436
2012,20103,Grass/Pasture/Shrubland,45495.288695121184,50.353696221181856
2012,20103,Other Crops,35.12294031681183,0.038873692591758435
2012,20103,Sorghum,8.861788018395599,0.009808131669305204
2012,20103,Soybeans,8892.874821598873,9.842538208748776
2012,20103,Water,1269.9698601078967,1.4055889825090275
2012,20103,Wetlands,400.44547379558867,0.4432087435640923
2012,20103,Wheat,264.1474544091219,0.29235556160657483
2012,20117,Corn,139.10605252192187,6.799109919308753
2012,20117,Developed,67.24812926471715,3.2868981216086244
2012,20117,Double Crop,13.198576028383107,0.6451090198335426
2012,20117,Fallow/Barren,0.05343553047928383,0.002611777408232966
2012,20117,Forest,165.04910901563892,8.06713305378611
2012,20117,Grass/Pasture/Shrubland,1322.4587497238217,64.63803867705111
2012,20117,Other Crops,5.01178764622781,0.24496198749918915
2012,20117,Sorghum,0,0
2012,20117,Soybeans,284.33172925511445,13.897329740185132
2012,20117,Water,3.9557614343632137,0.19334641677478007
2012,20117,Wetlands,1.1367621795140794,0.05556171619068264
2012,20117,Wheat,44.394952748701016,2.1698995703538366
2012,20127,Corn,957.1366767777462,3.5558467978312165
2012,20127,Developed,1189.8284631988279,4.420317216426575
2012,20127,Double Crop,722.931617375759,2.6857544372353566
2012,20127,Fallow/Barren,57.61443851226928,0.21404269804224424
2012,20127,Forest,1242.1699147477777,4.614770304893259
2012,20127,Grass/Pasture/Shrubland,16504.88641444373,61.31710227942257
2012,20127,Other Crops,439.87348478768575,1.6341686200959897
2012,20127,Sorghum,471.2649964048261,1.750790842158022
2012,20127,Soybeans,2743.5530301284766,10.19254041095304
2012,20127,Water,58.17042173592292,0.2161082245375117
2012,20127,Wetlands,63.06593961151632,0.23429550330762247
2012,20127,Wheat,2466.7687926653102,9.164262665096588
2012,20131,Corn,12943.940083624066,17.056418185912612
2012,20131,Developed,3490.913856700878,4.600027982686426
2012,20131,Double Crop,215.79767203948708,0.2843597323591268
2012,20131,Fallow/Barren,13.011578534579243,0.01714554635689344
2012,20131,Forest,8851.316081811032,11.66350798997156
2012,20131,Grass/Pasture/Shrubland,36662.88744423797,48.31122023989503
2012,20131,Other Crops,273.5920414763798,0.3605162138893451
2012,20131,Sorghum,9.322531482166676,0.012284435379327788
2012,20131,Soybeans,12325.783390957089,16.24186411764342
2012,20131,Water,262.7316085975448,0.346205263462759
2012,20131,Wetlands,58.44232410157121,0.0770103008197754
2012,20131,Wheat,781.2314066190963,1.0294399916237318
2012,20139,Corn,1996.4054990288005,9.077356236155671
2012,20139,Developed,1138.7666581444219,5.177801118491258
2012,20139,Double Crop,151.2806617860665,0.6878504689260512
2012,20139,Fallow/Barren,3.283017997666713,0.014927390206563104
2012,20139,Forest,3412.553621359427,15.516369250200974
2012,20139,Grass/Pasture/Shrubland,12244.71344605417,55.67487467528537
2012,20139,Other Crops,19.916975852511392,0.09055950058648282
2012,20139,Sorghum,0.16417027709391405,7.46457615597034e-4
2012,20139,Soybeans,2543.071889685993,11.562966285187695
2012,20139,Water,278.5437894850575,1.266496814276779
2012,20139,Wetlands,12.420751424505731,0.05647529294816374
2012,20139,Wheat,192.12785124354104,0.8735765101193937
2012,20149,Corn,12941.69061193384,7.551792493710703
2012,20149,Developed,8734.070264908314,5.096543275826354
2012,20149,Double Crop,377.06480977413383,0.22002652400521744
2012,20149,Fallow/Barren,161.31245739198343,0.09412975795847559
2012,20149,Forest,20445.004493713564,11.93015936628365
2012,20149,Grass/Pasture/Shrubland,106969.4106062739,62.41926316243536
2012,20149,Other Crops,912.3104890813734,0.5323554479833733
2012,20149,Sorghum,161.10028756032867,0.09400595168075444
2012,20149,Soybeans,16712.97314214185,9.752427940599315
2012,20149,Water,2274.763399232912,1.3273799906369428
2012,20149,Wetlands,621.3037386928697,0.36254590307147705
2012,20149,Wheat,1061.429763286493,0.6193701858083829
2012,20161,Corn,2321.9613462293228,2.903644106231936
2012,20161,Developed,9180.604630409507,11.480470409218196
2012,20161,Double Crop,603.950296349745,0.7552480239607626
2012,20161,Fallow/Barren,378.32549068674786,0.4731011491874283
2012,20161,Forest,15093.582441976087,18.874729232999595
2012,20161,Grass/Pasture/Shrubland,39921.95398460321,49.92294405972734
2012,20161,Other Crops,360.1540065287252,0.4503774621791956
2012,20161,Sorghum,570.940169144464,0.7139684128848793
2012,20161,Soybeans,6365.934882809989,7.960687775076315
2012,20161,Water,1636.0629314163339,2.0459188504348194
2012,20161,Wetlands,1661.543225114108,2.0777823027445437
2012,20161,Wheat,1872.133437756403,2.341128215354985
2012,20177,Corn,13572.528627251899,9.314062500113263
2012,20177,Developed,25397.69183176663,17.429006456815788
2012,20177,Double Crop,577.7524801609774,0.396479009741043
2012,20177,Fallow/Barren,176.99351596246734,0.12146068835538727
2012,20177,Forest,20115.932149022712,13.804432057548823
2012,20177,Grass/Pasture/Shrubland,69617.60558378318,47.77464445450797
2012,20177,Other Crops,125.71090189386094,0.08626831663733256
2012,20177,Sorghum,52.51342519648518,0.03603700812190652
2012,20177,Soybeans,12352.90318845354,8.47710220511803
2012,20177,Water,2469.982814484154,1.6950101886039735
2012,20177,Wetlands,396.1959412389692,0.27188697554717434
2012,20177,Wheat,865.0135860054822,0.5936101388893118
2012,20197,Corn,6529.986564724827,4.2483958288864825
2012,20197,Developed,5291.892111365048,3.4428941239005355
2012,20197,Double Crop,265.409256277842,0.17267471627120612
2012,20197,Fallow/Barren,79.02301274827671,0.05141220956860718
2012,20197,Forest,10352.105853012174,6.735058776951949
2012,20197,Grass/Pasture/Shrubland,119951.03787306887,78.03989853875369
2012,20197,Other Crops,420.3427673777403,0.2734741399434174
2012,20197,Sorghum,72.63476388200755,0.0472560279948262
2012,20197,Soybeans,8484.416613040341,5.519943998674169
2012,20197,Water,1109.045282087712,0.7215425795697968
2012,20197,Wetlands,370.52865459301233,0.2410651806175972
2012,20197,Wheat,778.3361199811357,0.5063838788677337
2012,20209,Corn,223.99817846951117,0.8730589208119692
2012,20209,Developed,14479.637709433644,56.43606996593099
2012,20209,Double Crop,15.491756983986456,0.060380922408980416
2012,20209,Fallow/Barren,157.3040487363162,0.6131108028084908
2012,20209,Forest,4361.625884214286,16.9999435418444
2012,20209,Grass/Pasture/Shrubland,4869.738869025169,18.98037292390707
2012,20209,Other Crops,0.4869777864292888,0.0018980524912492799
2012,20209,Sorghum,0.3246518576195259,0.00126536832749952
2012,20209,Soybeans,696.7568051834347,2.7156905853350195
2012,20209,Water,716.9192576624154,2.7942760859962106
2012,20209,Wetlands,107.94380033207536,0.42072350083459165
2012,20209,Wheat,26.480116305954763,0.10320932930353727
2013,20005,Corn,19040.430558323875,25.43971760148987
2013,20005,Developed,3519.813248445789,4.702785201004722
2013,20005,Double Crop,78.13235898890075,0.10439181730304513
2013,20005,Fallow/Barren,72.94777421420876,0.09746474849831752
2013,20005,Forest,9354.05145928074,12.497849080932454
2013,20005,Grass/Pasture/Shrubland,7716.632063166218,10.310110368577284
2013,20005,Other Crops,14210.686780129825,18.986748093870432
2013,20005,Sorghum,77.87279715338481,0.10404501948377193
2013,20005,Soybeans,18896.523223161923,25.24744453518032
2013,20005,Water,682.9065187158201,0.9124241666243266
2013,20005,Wetlands,120.38511856757783,0.1608452818543118
2013,20005,Wheat,1074.908667105427,1.436174085181147
2013,20013,Corn,11816.170463791303,26.454674511465814
2013,20013,Developed,2312.2157292214874,5.176712260904498
2013,20013,Double Crop,65.7882216870937,0.1472901898930289
2013,20013,Fallow/Barren,21.608536592384176,0.04837834761882785
2013,20013,Forest,4033.090748941019,9.02949930905152
2013,20013,Grass/Pasture/Shrubland,7590.996056832569,16.995128033798895
2013,20013,Other Crops,5149.255092261828,11.528427747358917
2013,20013,Sorghum,34.725196194996954,0.07774462678077193
2013,20013,Soybeans,12693.808349260335,28.41957715654536
2013,20013,Water,339.62267488335596,0.7603654118129387
2013,20013,Wetlands,59.59390085607703,0.13342201306651075
2013,20013,Wheat,548.8435915033799,1.228780391702909
2013,20045,Corn,7685.8289969036305,7.884851900754357
2013,20045,Developed,12930.165432030837,13.264989310182406
2013,20045,Double Crop,518.7436634379583,0.53217642004667
2013,20045,Fallow/Barren,457.99315764616813,0.46985279285470904
2013,20045,Forest,20509.63180227297,21.040724346726144
2013,20045,Grass/Pasture/Shrubland,22799.137431129315,23.389516235896263
2013,20045,Other Crops,15895.78951001042,16.307407591619665
2013,20045,Sorghum,23.887897743861327,0.024506469764887007
2013,20045,Soybeans,9494.434044651152,9.740290390758634
2013,20045,Water,4638.828890611793,4.75895037609477
2013,20045,Wetlands,518.6484978153013,0.5320787901304963
2013,20045,Wheat,2002.7934652294975,2.0546553751710035
2013,20061,Corn,3361.643784999789,4.285779838088513
2013,20061,Developed,6005.910368463808,7.656971176239767
2013,20061,Double Crop,421.27367072320754,0.5370843312903765
2013,20061,Fallow/Barren,55.37818176548617,0.0706019763127688
2013,20061,Forest,9910.495571477133,12.634950286889143
2013,20061,Grass/Pasture/Shrubland,47550.05593413222,60.62185170594979
2013,20061,Other Crops,3663.804038657877,4.6710057590436165
2013,20061,Sorghum,560.7313317700658,0.7148797403841585
2013,20061,Soybeans,3424.2309877224297,4.365572638488115
2013,20061,Water,695.2078086911296,0.8863246079388885
2013,20061,Wetlands,632.5033702448645,0.8063823430115884
2013,20061,Wheat,2155.9201949378353,2.7485955963632867
2013,20085,Corn,14604.170118814143,8.583560598803219
2013,20085,Developed,7164.08526909101,4.210671304288353
2013,20085,Double Crop,124.99902505002139,0.07346783128237776
2013,20085,Fallow/Barren,123.45107336401082,0.07255802695985934
2013,20085,Forest,24053.174264608788,14.13718665382188
2013,20085,Grass/Pasture/Shrubland,65789.45500702686,38.66757023650085
2013,20085,Other Crops,36387.32684809931,21.38655072408052
2013,20085,Sorghum,478.51848172851663,0.2812479142702258
2013,20085,Soybeans,16814.307105197084,9.882562500310424
2013,20085,Water,1303.6596141322348,0.7662223328733101
2013,20085,Wetlands,266.924795286721,0.1568843102365036
2013,20085,Wheat,3031.0947668392923,1.7815175665724854
2013,20087,Corn,15711.767302121678,10.929666607699131
2013,20087,Developed,8122.755757589474,5.650479074638092
2013,20087,Double Crop,265.2901530918292,0.18454530746567324
2013,20087,Fallow/Barren,373.4813622040694,0.25980697744477
2013,20087,Forest,33530.407273338504,23.324949107951202
2013,20087,Grass/Pasture/Shrubland,26461.14532984282,18.407317964415274
2013,20087,Other Crops,31834.50445152619,22.145218522267072
2013,20087,Sorghum,275.82485262166534,0.19187362079028855
2013,20087,Soybeans,17745.26567518435,12.344240718777794
2013,20087,Water,6538.27070278552,4.5482546678681075
2013,20087,Wetlands,732.5330907200348,0.5095761862254825
2013,20087,Wheat,2162.153544745447,1.5040712444571063
2013,20091,Corn,2289.3436120118918,3.7913625649322307
2013,20091,Developed,27357.355393438538,45.30628454811919
2013,20091,Double Crop,301.7909176552971,0.4997933825361011
2013,20091,Fallow/Barren,941.2580950715038,1.5588095587177349
2013,20091,Forest,9457.988357418648,15.663294408814888
2013,20091,Grass/Pasture/Shrubland,6976.3659056893375,11.553500486043552
2013,20091,Other Crops,7192.89676235084,11.912095403727259
2013,20091,Sorghum,12.708395008859576,0.02104626533306592
2013,20091,Soybeans,3823.3045957419886,6.3317423573173235
2013,20091,Water,903.2426634636951,1.495852524425742
2013,20091,Wetlands,160.41616408617432,0.26566385060557185
2013,20091,Wheat,966.4650899479221,1.6005546494273397
2013,20103,Corn,6228.157287659107,6.893257501499438
2013,20103,Developed,6473.297335121856,7.164575869524412
2013,20103,Double Crop,306.90789145984604,0.3396823534413529
2013,20103,Fallow/Barren,369.05231281330225,0.40846313062562056
2013,20103,Forest,23237.61046847175,25.71913734357863
2013,20103,Grass/Pasture/Shrubland,17431.9552925247,19.293500635267794
2013,20103,Other Crops,22736.791315234168,25.16483609113754
2013,20103,Sorghum,45.28157536228971,0.05011716060291318
2013,20103,Soybeans,10095.171974027768,11.173227766225718
2013,20103,Water,1560.0825958939051,1.7266826382842293
2013,20103,Wetlands,454.57493538507845,0.5031186494833306
2013,20103,Wheat,1412.555161282256,1.5634008603290128
2013,20117,Corn,250.44591715968397,12.241087204616335
2013,20117,Developed,68.38363787687082,3.34239856697665
2013,20117,Double Crop,0.6939119049963388,0.03391644885935879
2013,20117,Fallow/Barren,2.2769693060295655,0.11129181163520879
2013,20117,Forest,119.11800140547331,5.8221505839694165
2013,20117,Grass/Pasture/Shrubland,1336.2936674026723,65.31425027473317
2013,20117,Other Crops,70.84792183403586,3.4628457883117085
2013,20117,Sorghum,5.006054629196052,0.24468177386174123
2013,20117,Soybeans,177.9535347200025,8.697864838772205
2013,20117,Water,4.69098381268636,0.2292820045851444
2013,20117,Wetlands,0.33739747554686145,0.016491033144505948
2013,20117,Wheat,9.897047821688961,0.4837396705345659
2013,20127,Corn,1177.3214189711182,4.373852448910659
2013,20127,Developed,1163.409896359888,4.322169920876488
2013,20127,Double Crop,478.0568558814053,1.7760231964884596
2013,20127,Fallow/Barren,24.16694369908018,0.08978231787652624
2013,20127,Forest,1049.1041423141373,3.8975140077151464
2013,20127,Grass/Pasture/Shrubland,14305.75094205464,53.14712089931547
2013,20127,Other Crops,2937.262528450601,10.912188206330713
2013,20127,Sorghum,685.7877852457084,2.547761839372042
2013,20127,Soybeans,2081.2613119060306,7.73206852369898
2013,20127,Water,64.87012544635505,0.24099821210476266
2013,20127,Wetlands,140.74534820760687,0.5228813270624157
2013,20127,Wheat,2809.5268918532743,10.437639100248337
2013,20131,Corn,12896.534723628929,16.993951453286606
2013,20131,Developed,3409.195110082129,4.492346001237716
2013,20131,Double Crop,75.40740891760284,0.09936543992829136
2013,20131,Fallow/Barren,23.97758029035031,0.03159560642867301
2013,20131,Forest,8597.264689222015,11.328740773442657
2013,20131,Grass/Pasture/Shrubland,28297.6122557717,37.28817540710627
2013,20131,Other Crops,6827.879898713065,8.997196689976507
2013,20131,Sorghum,136.80613171473783,0.18027143032558715
2013,20131,Soybeans,14025.438435797987,18.4815243006567
2013,20131,Water,278.02037931212266,0.3663514990889798
2013,20131,Wetlands,67.12706739798877,0.08845431342675629
2013,20131,Wheat,1253.7063393332219,1.6520270850952545
2013,20139,Corn,2166.470728870829,9.850617317339216
2013,20139,Developed,1130.5805897161054,5.140580293697134
2013,20139,Double Crop,238.8893304699347,1.0861939394312556
2013,20139,Fallow/Barren,20.135843719022507,0.09155465993358704
2013,20139,Forest,3548.2325311002187,16.133280893676975
2013,20139,Grass/Pasture/Shrubland,8315.383936393117,37.80880300508421
2013,20139,Other Crops,3097.685149635049,14.084709556433095
2013,20139,Sorghum,18.51775765228436,0.08419746538784599
2013,20139,Soybeans,2661.8398393725197,12.102986330848198
2013,20139,Water,263.34358079865524,1.1973837462264738
2013,20139,Wetlands,16.19622212182245,0.0736417916857113
2013,20139,Wheat,515.9728224896961,2.3460510002562955
2013,20149,Corn,15128.423423499085,8.827804486834816
2013,20149,Developed,8584.522447430385,5.009278472537112
2013,20149,Double Crop,242.93632177190202,0.14175927598786864
2013,20149,Fallow/Barren,403.0314040475385,0.23517866583901353
2013,20149,Forest,16996.473884222607,9.91785754637529
2013,20149,Grass/Pasture/Shrubland,103265.62884572853,60.25801606293839
2013,20149,Other Crops,7554.194260143169,4.408056815790097
2013,20149,Sorghum,547.1000164475774,0.3192462191692316
2013,20149,Soybeans,14339.727008212738,8.367580869428622
2013,20149,Water,1932.6503140018028,1.1277486513847021
2013,20149,Wetlands,595.595665740967,0.3475446147415796
2013,20149,Wheat,1782.1504727452661,1.0399283189732835
2013,20161,Corn,2866.953246238249,3.585163857185092
2013,20161,Developed,9130.130051975713,11.417351265386698
2013,20161,Double Crop,211.93695699510542,0.2650300346605304
2013,20161,Fallow/Barren,251.55112611853318,0.314568089583498
2013,20161,Forest,12942.153184621577,16.184337813160944
2013,20161,Grass/Pasture/Shrubland,42934.53306891562,53.69021499941223
2013,20161,Other Crops,2171.998053483407,2.7161129779295927
2013,20161,Sorghum,1140.1582422937056,1.4257833214080204
2013,20161,Soybeans,4849.884403197763,6.064846120767665
2013,20161,Water,964.3356153239288,1.205914745485315
2013,20161,Wetlands,672.1093182992533,0.84048180388204
2013,20161,Wheat,1831.4035755617892,2.290194971138374
2013,20177,Corn,14303.614909879114,9.81576586846667
2013,20177,Developed,25283.36001025954,17.350546962604028
2013,20177,Double Crop,405.0870884903109,0.27798846948916756
2013,20177,Fallow/Barren,386.20806851184926,0.26503286063768106
2013,20177,Forest,20883.311930614967,14.331041611550603
2013,20177,Grass/Pasture/Shrubland,50445.85314051026,34.61814978815644
2013,20177,Other Crops,14662.654635728071,10.06215462463891
2013,20177,Sorghum,147.2581761361204,0.10105499821386062
2013,20177,Soybeans,13787.616650172951,9.461665304537636
2013,20177,Water,2602.97208823467,1.7862732422010672
2013,20177,Wetlands,614.2180895666381,0.42150330509799533
2013,20177,Wheat,2198.6692571158583,1.5088229644059403
2013,20197,Corn,7913.061831177948,5.1482217526911365
2013,20197,Developed,5232.314791223695,3.404133241948334
2013,20197,Double Crop,82.53952505273314,0.053700045241529465
2013,20197,Fallow/Barren,200.05484412302263,0.1301552701367005
2013,20197,Forest,8300.802352629526,5.400484938487533
2013,20197,Grass/Pasture/Shrubland,113042.68509013492,73.54533842648037
2013,20197,Other Crops,8328.22807567,5.418328057491601
2013,20197,Sorghum,309.74101891218646,0.20151686986465245
2013,20197,Soybeans,7577.99789835925,4.930229847120158
2013,20197,Water,973.1711277844745,0.6331431342304055
2013,20197,Wetlands,291.8295833653936,0.18986372673608456
2013,20197,Wheat,1452.3327337258195,0.9448846895714985
2013,20209,Corn,364.53753927762574,1.4208274049893408
2013,20209,Developed,14391.94721425695,56.094286074617564
2013,20209,Double Crop,61.38121253451452,0.2392404060589605
2013,20209,Fallow/Barren,364.21152526837534,1.4195567275176286
2013,20209,Forest,4293.736642623745,16.735337336549527
2013,20209,Grass/Pasture/Shrubland,2795.9941508616753,10.897711993136276
2013,20209,Other Crops,1508.54723877967,5.879738100022634
2013,20209,Sorghum,4.0639819319539585,0.01583984166279282
2013,20209,Soybeans,835.8256508819894,3.2577275660539162
2013,20209,Water,746.3924360618132,2.9091512224910345
2013,20209,Wetlands,219.35768143077337,0.8549720445509508
2013,20209,Wheat,70.71278208175121,0.2756112823493729
2014,20005,Corn,17277.037521431444,23.083666841946222
2014,20005,Developed,3649.6232050231165,4.876222909100308
2014,20005,Double Crop,138.2020568162784,0.18465030433958202
2014,20005,Fallow/Barren,25.310310222600283,0.033816837413246745
2014,20005,Forest,9645.322036516925,12.88701261417368
2014,20005,Grass/Pasture/Shrubland,15257.975675575504,20.386019694672914
2014,20005,Other Crops,7901.108313356842,10.556587132569346
2014,20005,Sorghum,35.49547303535389,0.047425125570804944
2014,20005,Soybeans,19565.870015571847,26.141751695105725
2014,20005,Water,705.8242182958029,0.943044262299404
2014,20005,Wetlands,77.75755204720149,0.10389104171802356
2014,20005,Wheat,565.7641893607718,0.7559115410907428
2014,20013,Corn,11036.964535749641,24.710146598051402
2014,20013,Developed,2443.991844976821,5.4717396778984515
2014,20013,Double Crop,28.19187261588565,0.06311747246769693
2014,20013,Fallow/Barren,7.599620668945272,0.01701443727674934
2014,20013,Forest,4110.546649076473,9.20291172158865
2014,20013,Grass/Pasture/Shrubland,11729.203102977797,26.259967331970344
2014,20013,Other Crops,2227.8697878778353,4.987874055544556
2014,20013,Sorghum,17.655509484667906,0.03952809907255891
2014,20013,Soybeans,12263.47905207077,27.456132906584443
2014,20013,Water,360.65166878081953,0.8074462482451598
2014,20013,Wetlands,55.63052274427748,0.12454859013859852
2014,20013,Wheat,383.9343950019001,0.8595728611613913
2014,20045,Corn,7286.699360009216,7.475386886976119
2014,20045,Developed,13215.351271137426,13.557559975813103
2014,20045,Double Crop,396.5927961376926,0.40686248207077813
2014,20045,Fallow/Barren,221.16409574898447,0.22689109287333056
2014,20045,Forest,20253.10382905913,20.77755363631785
2014,20045,Grass/Pasture/Shrubland,34510.01518496405,35.40364467331348
2014,20045,Other Crops,5299.644423251485,5.436877586117421
2014,20045,Sorghum,23.566395516720167,0.02417664230609343
2014,20045,Soybeans,9834.876725989194,10.089548762773884
2014,20045,Water,4899.60284809237,5.026477019627474
2014,20045,Wetlands,561.0079878225514,0.5755351701037182
2014,20045,Wheat,974.2578717540813,0.9994860717067526
2014,20061,Corn,2844.932485821401,3.627021501463802
2014,20061,Developed,6344.233548425738,8.088301428989592
2014,20061,Double Crop,253.28228569501317,0.32291110623332453
2014,20061,Fallow/Barren,28.19781753789912,0.03594956682242116
2014,20061,Forest,9956.62809476768,12.693764917719754
2014,20061,Grass/Pasture/Shrubland,50988.64438701402,65.00572876294311
2014,20061,Other Crops,1378.8635088651624,1.7579213633935533
2014,20061,Sorghum,263.31201576306813,0.33569806929554646
2014,20061,Soybeans,3154.81622949542,4.022094146196618
2014,20061,Water,898.656562621564,1.1457026454246009
2014,20061,Wetlands,856.1070504332127,1.09145601695342
2014,20061,Wheat,1469.481257145659,1.8734504745642528
2014,20085,Corn,12402.764880918043,7.289690758321086
2014,20085,Developed,7278.078811784264,4.277670693751729
2014,20085,Double Crop,320.8350073386361,0.18856988827875112
2014,20085,Fallow/Barren,31.28850377278707,0.01838973156260443
2014,20085,Forest,23409.833428014717,13.759064856303516
2014,20085,Grass/Pasture/Shrubland,87562.8489298819,51.464822299298355
2014,20085,Other Crops,18101.335327485973,10.639009778622718
2014,20085,Sorghum,148.36154039669816,0.08719908506723531
2014,20085,Soybeans,16906.54599385789,9.936775652029763
2014,20085,Water,1640.024615935892,0.963919932449936
2014,20085,Wetlands,206.56135750917886,0.12140586662072264
2014,20085,Wheat,2132.687972341992,1.253481457693585
2014,20087,Corn,15083.733622614744,10.4927839449518
2014,20087,Developed,8313.66572906362,5.78328287068311
2014,20087,Double Crop,446.0347169090526,0.31027768280510987
2014,20087,Fallow/Barren,166.3817937727499,0.11574111941446218
2014,20087,Forest,33006.65378602944,22.960607472103856
2014,20087,Grass/Pasture/Shrubland,43915.72327263065,30.549345912283904
2014,20087,Other Crops,16281.384781383724,11.325912874750923
2014,20087,Sorghum,128.8890338797321,0.08965981627691753
2014,20087,Soybeans,17693.048642951053,12.307916685804345
2014,20087,Water,6680.0057308464975,4.646850616595669
2014,20087,Wetlands,857.0290470752391,0.596180020842184
2014,20087,Wheat,1180.8493386150853,0.8214409834877117
2014,20091,Corn,2246.353279223671,3.7201666389331622
2014,20091,Developed,28172.78438375705,46.65670959223791
2014,20091,Double Crop,301.1528675536802,0.4987367131671479
2014,20091,Fallow/Barren,539.4958848605024,0.8934545653448518
2014,20091,Forest,9334.149719266326,15.458206289093845
2014,20091,Grass/Pasture/Shrubland,10298.915394609663,17.055946552388704
2014,20091,Other Crops,3851.5534121283504,6.378524982865078
2014,20091,Sorghum,13.760570697898245,0.022788764579671925
2014,20091,Soybeans,3870.6178939905194,6.410097509799353
2014,20091,Water,1246.9741712597888,2.065103363053915
2014,20091,Wetlands,219.43432405633598,0.36340332544369436
2014,20091,Wheat,287.94405048091636,0.47686170309266446
2014,20103,Corn,5593.878687091971,6.19124476812428
2014,20103,Developed,6677.825061792286,7.390944957686196
2014,20103,Double Crop,334.77894654679693,0.37052973745548384
2014,20103,Fallow/Barren,138.49328841883093,0.15328288211219054
2014,20103,Forest,23179.94980331781,25.655319139532722
2014,20103,Grass/Pasture/Shrubland,26046.59383198799,28.82808991940916
2014,20103,Other Crops,14981.701454199121,16.581586039744806
2014,20103,Sorghum,24.07072695797297,0.026641221713903783
2014,20103,Soybeans,10717.503903854746,11.862018052913358
2014,20103,Water,1625.260942873327,1.798821331721129
2014,20103,Wetlands,583.6395346672251,0.6459659598655748
2014,20103,Wheat,447.74196352796565,0.4955559897212037
2014,20117,Corn,116.65662135831371,5.7018452975319756
2014,20117,Developed,68.27676681591225,3.3371750121601833
2014,20117,Double Crop,0,0
2014,20117,Fallow/Barren,0.09640050882241961,0.004711783879120811
2014,20117,Forest,102.30599919409647,5.000427525004751
2014,20117,Grass/Pasture/Shrubland,1486.7626136175122,72.6687462597014
2014,20117,Other Crops,18.77631506576347,0.9177331086408362
2014,20117,Sorghum,0.5873954040604643,0.028710223932740055
2014,20117,Soybeans,218.4491575919622,10.677176207081915
2014,20117,Water,5.061003414063259,0.2473675148591411
2014,20117,Wetlands,0,0
2014,20117,Wheat,28.972772378376032,1.4161070672079306
2014,20127,Corn,932.2828445278911,3.463512628674722
2014,20127,Developed,1196.261376538347,4.444216054339738
2014,20127,Double Crop,389.0637112561178,1.445405849956414
2014,20127,Fallow/Barren,4.7628379312995355,0.017694361126789366
2014,20127,Forest,1092.8383243716482,4.0599903342399095
2014,20127,Grass/Pasture/Shrubland,18106.916316012772,67.26878403369614
2014,20127,Other Crops,851.220680701171,3.162359572207485
2014,20127,Sorghum,259.98886320985775,0.9658814557486879
2014,20127,Soybeans,1902.4836782863606,7.0678939168178765
2014,20127,Water,99.10547353368953,0.36818553636321155
2014,20127,Wetlands,121.91301440698751,0.45291755337644446
2014,20127,Wheat,1960.4270696137048,7.283158703452587
2014,20131,Corn,11209.918878953999,14.771473214055801
2014,20131,Developed,3518.0856281972665,4.635832621343615
2014,20131,Double Crop,101.9618586106687,0.13435662466304793
2014,20131,Fallow/Barren,4.421543502970481,0.005826332208481179
2014,20131,Forest,8354.994731439572,11.00949812498134
2014,20131,Grass/Pasture/Shrubland,35554.58216226057,46.850790243701056
2014,20131,Other Crops,3341.128570343711,4.402653731438408
2014,20131,Sorghum,45.387410416034335,0.05980765110392729
2014,20131,Soybeans,12525.103575850131,16.50451122543792
2014,20131,Water,310.08975223065,0.4086097784015055
2014,20131,Wetlands,59.68399111446862,0.07864646350925082
2014,20131,Wheat,863.6119172618024,1.1379939891556496
2014,20139,Corn,1928.1634046303416,8.7670696729011
2014,20139,Developed,1143.1507910383991,5.197735112905038
2014,20139,Double Crop,181.0326894819148,0.8231284744587781
2014,20139,Fallow/Barren,8.31697892742234,0.03781605518995986
2014,20139,Forest,3420.8886709166386,15.554267469833023
2014,20139,Grass/Pasture/Shrubland,11659.571839038203,53.01432359081657
2014,20139,Other Crops,546.3294021152337,2.4840778126980974
2014,20139,Sorghum,20.764201546002564,0.09441170868548109
2014,20139,Soybeans,2586.3522100629743,11.759755407571864
2014,20139,Water,297.48557658178356,1.3526222779213364
2014,20139,Wetlands,23.41886171668922,0.10648205014015014
2014,20139,Wheat,177.7737062836529,0.8083103668785995
2014,20149,Corn,12746.911590477428,7.438134178404474
2014,20149,Developed,8891.866058193007,5.188620974405211
2014,20149,Double Crop,176.97966713387112,0.10327195741865099
2014,20149,Fallow/Barren,164.68020731914515,0.0960949222776707
2014,20149,Forest,17140.416433664144,10.001851538890907
2014,20149,Grass/Pasture/Shrubland,110187.48331402281,64.29708716915236
2014,20149,Other Crops,3278.931995512493,1.913336887242973
2014,20149,Sorghum,109.90779324186542,0.06413388118232898
2014,20149,Soybeans,14699.394433047017,8.577455594496703
2014,20149,Water,2289.676000503574,1.336081857627461
2014,20149,Wetlands,578.6081103968149,0.3376319613811163
2014,20149,Wheat,1107.5784604793812,0.6462990775201363
2014,20161,Corn,2699.3455226303313,3.375568129158267
2014,20161,Developed,9616.50906301778,12.025574804982062
2014,20161,Double Crop,189.7237077644698,0.23725206569755086
2014,20161,Fallow/Barren,134.12243863042238,0.16772192572245256
2014,20161,Forest,12681.012843322356,15.857778280141918
2014,20161,Grass/Pasture/Shrubland,45944.00974086011,57.4536063304198
2014,20161,Other Crops,725.9506208331057,0.90781108179105785
2014,20161,Sorghum,329.23710465732404,0.4117154577286793
2014,20161,Soybeans,4667.217161782651,5.836418261794921
2014,20161,Water,1117.5481916945018,1.397509146960372
2014,20161,Wetlands,659.7504118660752,0.8250268240295779
2014,20161,Wheat,1202.7200359655158,1.5040176915733316
2014,20177,Corn,12863.377897088298,8.8274122668264
2014,20177,Developed,25861.890429909254,17.747559828431758
2014,20177,Double Crop,192.908807996285,0.13238245752468514
2014,20177,Fallow/Barren,205.4731086214822,0.14100462989264967
2014,20177,Forest,20407.169564630934,14.004291904291005
2014,20177,Grass/Pasture/Shrubland,63073.2151970729,43.283597667207744
2014,20177,Other Crops,4272.25184088001,2.9318059850898432
2014,20177,Sorghum,117.52866108474076,0.08065330528756072
2014,20177,Soybeans,14282.848304071633,9.801514915698908
2014,20177,Water,2735.5543641088425,1.8772569960625123
2014,20177,Wetlands,382.4721204005819,0.2624690897176731
2014,20177,Wheat,1326.133749355395,0.9100509539692603
2014,20197,Corn,6172.669568286026,4.0159261258917995
2014,20197,Developed,5336.627904487896,3.471999138898839
2014,20197,Double Crop,54.229391706799,0.035281530711682954
2014,20197,Fallow/Barren,66.54140287973819,0.04329169985887212
2014,20197,Forest,8769.641002806125,5.705510400039148
2014,20197,Grass/Pasture/Shrubland,119170.12884484386,77.53184073107415
2014,20197,Other Crops,3228.629470867131,2.1005396934733054
2014,20197,Sorghum,56.02254794560096,0.0364481544726905
2014,20197,Soybeans,8699.258464945196,5.659719665661517
2014,20197,Water,1117.4720909811977,0.7270250441046096
2014,20197,Wetlands,281.6793266039917,0.1832599905629943
2014,20197,Wheat,751.85885580542,0.48915782525039736
2014,20209,Corn,209.87810753513904,0.8180243041200779
2014,20209,Developed,14736.384698044094,57.43677117845658
2014,20209,Double Crop,3.613500482820021,0.014084037885664247
2014,20209,Fallow/Barren,269.0755383187081,1.0487531671308041
2014,20209,Forest,4371.541012730792,17.03858890700531
2014,20209,Grass/Pasture/Shrubland,3117.104945709829,12.14927861714506
2014,20209,Other Crops,791.807763810013,3.0861627379554877
2014,20209,Sorghum,1.1362815016683405,0.00442878914624832
2014,20209,Soybeans,951.5627410937761,3.708826319484063
2014,20209,Water,976.3271530995464,3.805348491976835
2014,20209,Wetlands,205.7530425317963,0.8019463840909745
2014,20209,Wheat,22.52327113265677,0.08778706560289828
2015,20005,Corn,16247.357486807343,21.707922253582495
2015,20005,Developed,3605.1736282435795,4.8168343003546505
2015,20005,Double Crop,69.56807745725173,0.09294917145754146
2015,20005,Fallow/Barren,6274.193340679855,8.382883269111044
2015,20005,Forest,9326.44269140934,12.460961298598853
2015,20005,Grass/Pasture/Shrubland,21847.720606470524,29.190508101293066
2015,20005,Other Crops,1700.9533097067988,2.272625701383809
2015,20005,Sorghum,168.74577233298925,0.22545943913646707
2015,20005,Soybeans,14372.175964870117,19.202512083182736
2015,20005,Water,607.877712445593,0.8121789732372977
2015,20005,Wetlands,92.22010329165319,0.12321430325504185
2015,20005,Wheat,532.8618735386393,0.7119511054069941
2015,20013,Corn,11429.787173140146,25.589618931727188
2015,20013,Developed,2427.030021062036,5.43376463918676
2015,20013,Double Crop,8.08465294704921,0.01810035348658349
2015,20013,Fallow/Barren,1266.451384027971,2.835399104280145
2015,20013,Forest,3984.8459487612517,8.921486269671506
2015,20013,Grass/Pasture/Shrubland,11712.060839723557,26.22158831601332
2015,20013,Other Crops,1260.8464257582634,2.8228504238823944
2015,20013,Sorghum,25.260203561279646,0.05655389496578147
2015,20013,Soybeans,11745.052752945341,26.295452376155932
2015,20013,Water,308.8875614738003,0.6915539958119294
2015,20013,Wetlands,87.74091974515042,0.19643906461128005
2015,20013,Wheat,409.6706788799809,0.917192630207179
2015,20045,Corn,7443.9628086048015,7.636722639056687
2015,20045,Developed,13123.131291971938,13.462951979941288
2015,20045,Double Crop,201.18355962703887,0.2063931650268116
2015,20045,Fallow/Barren,335.52566638303057,0.3442140320059065
2015,20045,Forest,20598.54710634601,21.13194209364829
2015,20045,Grass/Pasture/Shrubland,35230.70201134355,36.1429935314674
2015,20045,Other Crops,3987.712614361546,4.090973582638636
2015,20045,Sorghum,141.60522660979075,0.14527206377357288
2015,20045,Soybeans,10083.996193140789,10.345119125434374
2015,20045,Water,4817.8367424754815,4.942593598131844
2015,20045,Wetlands,507.4744943537933,0.5206154382307856
2015,20045,Wheat,1004.2050742651326,1.030208750644401
2015,20061,Corn,3035.459403658997,3.8699254125578704
2015,20061,Developed,6305.697638559487,8.039171766208504
2015,20061,Double Crop,751.3574485788542,0.9579101208419922
2015,20061,Fallow/Barren,107.04010835077749,0.13646607659133664
2015,20061,Forest,12884.960800900124,16.42711386062638
2015,20061,Grass/Pasture/Shrubland,45721.271704012994,58.290323714604405
2015,20061,Other Crops,2028.9114163840882,2.586671342278188
2015,20061,Sorghum,717.0132960115606,0.9141245546002816
2015,20061,Soybeans,3926.441447360738,5.005843767749112
2015,20061,Water,958.5249978873809,1.2220292728754512
2015,20061,Wetlands,534.1868958250441,0.6810380796780962
2015,20061,Wheat,1466.2900860558102,1.8693820313883898
2015,20085,Corn,12895.251133815058,7.579148191467057
2015,20085,Developed,7221.6650425225325,4.244513656883118
2015,20085,Double Crop,347.12528713959995,0.20402192752474352
2015,20085,Fallow/Barren,2485.5729742001577,1.4608886416153997
2015,20085,Forest,24152.312883155086,14.195455102699881
2015,20085,Grass/Pasture/Shrubland,94292.81867507838,55.420343404984905
2015,20085,Other Crops,8833.010741154923,5.1915776350008365
2015,20085,Sorghum,316.319965600044,0.1859161849834571
2015,20085,Soybeans,15798.735122699143,9.28566287621007
2015,20085,Water,1555.324579758876,0.9141377204288893
2015,20085,Wetlands,246.27567192890095,0.14474784508908148
2015,20085,Wheat,1996.7542921852844,1.1735868131125635
2015,20087,Corn,15662.165023732141,10.8951614909064
2015,20087,Developed,8200.77151881137,5.704749625105451
2015,20087,Double Crop,451.07996708932353,0.3137873390622611
2015,20087,Fallow/Barren,1146.4587704647531,0.7975176757461485
2015,20087,Forest,32954.73022193742,22.924487586053058
2015,20087,Grass/Pasture/Shrubland,54186.82875867567,37.694293803653345
2015,20087,Other Crops,5823.7660879188115,4.051219733478451
2015,20087,Sorghum,477.8508895174416,0.3324101490424213
2015,20087,Soybeans,16570.75653702607,11.527210205219173
2015,20087,Water,6673.482368271558,4.642312732554094
2015,20087,Wetlands,836.0900620099903,0.5816141148262608
2015,20087,Wheat,769.4192903170386,0.5352355443529324
2015,20091,Corn,2027.1990433135288,3.3572271650960106
2015,20091,Developed,27988.338414843507,46.351250185392075
2015,20091,Double Crop,115.64662725967084,0.19152139986870165
2015,20091,Fallow/Barren,705.8486045633773,1.168949895424148
2015,20091,Forest,9436.340405185487,15.627443418481409
2015,20091,Grass/Pasture/Shrubland,13500.916849852225,22.35875404121145
2015,20091,Other Crops,1075.484058829366,1.781100040392648
2015,20091,Sorghum,61.364804436266716,0.10162573286217569
2015,20091,Soybeans,3997.0189127605777,6.619429166357865
2015,20091,Water,853.1917196247092,1.412963580269433
2015,20091,Wetlands,166.10249787649602,0.27508093983202864
2015,20091,Wheat,455.6840133394892,0.7546544348120532
2015,20103,Corn,6247.252440348547,6.914391811125749
2015,20103,Developed,6609.946263078502,7.315817433313345
2015,20103,Double Crop,141.77681397070796,0.15691705287834806
2015,20103,Fallow/Barren,892.90611205774,0.9882588815270786
2015,20103,Forest,23248.37777448964,25.73105448207573
2015,20103,Grass/Pasture/Shrubland,36721.47318080965,40.64293157324343
2015,20103,Other Crops,4822.847745751437,5.337876014766824
2015,20103,Sorghum,255.4468699194793,0.28272584826913266
2015,20103,Soybeans,8714.748619686385,9.645390044237926
2015,20103,Water,1487.011522727336,1.6458083603904887
2015,20103,Wetlands,377.8063557835327,0.4181520112344258
2015,20103,Wheat,831.8444466130761,0.9206764869375096
2015,20117,Corn,255.80728048843292,12.503135461530034
2015,20117,Developed,65.33781263955164,3.1935272547073703
2015,20117,Double Crop,0,0
2015,20117,Fallow/Barren,8.896015819767008,0.43481206105660697
2015,20117,Forest,151.86769056977448,7.422862647998319
2015,20117,Grass/Pasture/Shrubland,1309.7949894374894,64.01906993616917
2015,20117,Other Crops,49.11663004068874,2.400681785287795
2015,20117,Sorghum,10.302270286970446,0.5035457971068651
2015,20117,Soybeans,180.10588506134758,8.803065628316288
2015,20117,Water,5.077120798367316,0.24815528696185216
2015,20117,Wetlands,1.1221461400649604,0.054847325572892285
2015,20117,Wheat,8.51720406642804,0.4162968152927906
2015,20127,Corn,901.7556929686407,3.3501015801248872
2015,20127,Developed,1188.528715965934,4.41548854132906
2015,20127,Double Crop,539.423645648218,2.004006208925222
2015,20127,Fallow/Barren,60.54962182608691,0.2249471617836432
2015,20127,Forest,1477.6506604732751,5.489601952195551
2015,20127,Grass/Pasture/Shrubland,15444.254661313793,57.37676218531818
2015,20127,Other Crops,1158.0414595869372,4.302225706876955
2015,20127,Sorghum,899.7268249452903,3.3425641572686864
2015,20127,Soybeans,2760.678021052397,10.256161255934881
2015,20127,Water,109.11347211041245,0.40536612985122294
2015,20127,Wetlands,107.893811350938,0.4008349830346386
2015,20127,Wheat,2269.647603147923,8.431940137357069
2015,20131,Corn,12496.04403192237,16.466219041580327
2015,20131,Developed,3483.035571288463,4.589646651367369
2015,20131,Double Crop,42.777101601027674,0.05636800919771551
2015,20131,Fallow/Barren,1238.8954208483053,1.6325105223049339
2015,20131,Forest,9380.29502816588,12.360551244365674
2015,20131,Grass/Pasture/Shrubland,31294.357813972387,41.23703063258072
2015,20131,Other Crops,2768.4883101188216,3.64807732847418
2015,20131,Sorghum,102.95834598947275,0.1356697105812506
2015,20131,Soybeans,13490.639676068438,17.776812193498937
2015,20131,Water,290.1887322045926,0.3823859147481117
2015,20131,Wetlands,66.13439512313883,0.08714625472654472
2015,20131,Wheat,1235.1555928789528,1.6275824965742407
2015,20139,Corn,2219.314026008246,10.090887860093536
2015,20139,Developed,1134.126078796385,5.156701100531595
2015,20139,Double Crop,134.0288633647981,0.6094091301998338
2015,20139,Fallow/Barren,12.3346751599668,0.056083917089362736
2015,20139,Forest,3767.361194980932,17.12962604728715
2015,20139,Grass/Pasture/Shrubland,10856.93915281981,49.364873204544224
2015,20139,Other Crops,563.0099450937353,2.559921738645017
2015,20139,Sorghum,41.352709192527236,0.18802456357354677
2015,20139,Soybeans,2661.941086036245,12.103446684235728
2015,20139,Water,296.71953904899465,1.3491392202064716
2015,20139,Wetlands,27.022855614214325,0.12286886959976463
2015,20139,Wheat,279.09820622340015,1.269017663993769
2015,20149,Corn,13615.073120386822,7.9447276306426655
2015,20149,Developed,8714.152743225965,5.084920915561043
2015,20149,Double Crop,257.8773304496065,0.1504777193940733
2015,20149,Fallow/Barren,651.9517804627907,0.38042978383521575
2015,20149,Forest,20057.63812202773,11.704121629350308
2015,20149,Grass/Pasture/Shrubland,104072.232756473,60.72868914122546
2015,20149,Other Crops,3474.2178013142234,2.0272909235898044
2015,20149,Sorghum,323.9395295491297,0.1890266257338497
2015,20149,Soybeans,16051.000192195108,9.366150559664433
2015,20149,Water,2323.2914577709917,1.3556972977949648
2015,20149,Wetlands,600.489412984442,0.3504002357579956
2015,20149,Wheat,1230.5698171517529,0.7180675374501888
2015,20161,Corn,2166.9055904441702,2.7097447839395867
2015,20161,Developed,9562.474353425472,11.95800366892743
2015,20161,Double Crop,322.19060858053484,0.4029037189647323
2015,20161,Fallow/Barren,222.77994795445457,0.2785893416852438
2015,20161,Forest,14833.788079250662,18.54985286441363
2015,20161,Grass/Pasture/Shrubland,40884.958705051016,51.127194503147784
2015,20161,Other Crops,1127.8011445862137,1.4103306033915217
2015,20161,Sorghum,1150.0736802371857,1.438182710825957
2015,20161,Soybeans,5815.817339408211,7.2727583376516485
2015,20161,Water,1183.8441001655938,1.4804130782475926
2015,20161,Wetlands,983.1724400633206,1.2294704499002398
2015,20161,Wheat,1713.3408538578058,2.1425559389046236
2015,20177,Corn,13601.108765057914,9.3336754401259725
2015,20177,Developed,25607.661516815326,17.573096834031563
2015,20177,Double Crop,378.64665805028204,0.25984389021350834
2015,20177,Fallow/Barren,623.0678359583134,0.4275763879601462
2015,20177,Forest,21137.243116222908,14.505300292334033
2015,20177,Grass/Pasture/Shrubland,62629.862162751015,42.97934943280008
2015,20177,Other Crops,2843.0605623261927,1.9510324491741338
2015,20177,Sorghum,223.81652168461213,0.1535926818634768
2015,20177,Soybeans,13634.89195870055,9.356858944518008
2015,20177,Water,2674.4138999895945,1.8352997366798207
2015,20177,Wetlands,555.070992012513,0.3809139809971582
2015,20177,Wheat,1811.980055651136,1.243459929302101
2015,20197,Corn,7734.5774208526655,5.032100162419664
2015,20197,Developed,5274.144928703714,3.431347843361431
2015,20197,Double Crop,159.2169501174323,0.1035862202873354
2015,20197,Fallow/Barren,322.52361934651776,0.20983320341744963
2015,20197,Forest,9680.730331637862,6.298263243553589
2015,20197,Grass/Pasture/Shrubland,117399.38008290465,76.3797952284284
2015,20197,Other Crops,2629.182735678521,1.7105408804325273
2015,20197,Sorghum,431.3898078114924,0.28066132172933744
2015,20197,Soybeans,7916.688397817015,5.15058118948781
2015,20197,Water,1103.830303820362,0.7181497254346249
2015,20197,Wetlands,368.0889563821679,0.23947791797931184
2015,20197,Wheat,685.0053370865419,0.4456630634685046
2015,20209,Corn,503.89378812609954,1.963984572870565
2015,20209,Developed,14702.93425473648,57.30639418997226
2015,20209,Double Crop,23.580156098938073,0.0919063975295619
2015,20209,Fallow/Barren,303.23551253132626,1.1818956347383809
2015,20209,Forest,4432.962640352714,17.27798683556216
2015,20209,Grass/Pasture/Shrubland,4100.232446146737,15.981132252815783
2015,20209,Other Crops,38.377522862413606,0.1495808533918772
2015,20209,Sorghum,13.367384452805597,0.052100933695912385
2015,20209,Soybeans,558.056732734218,2.175090941193104
2015,20209,Water,756.577582255009,2.948849012912817
2015,20209,Wetlands,197.33164483713387,0.7691230083239652
2015,20209,Wheat,26.158390856964303,0.10195536699360899
2016,20005,Corn,18526.391853921617,24.752915932999642
2016,20005,Developed,3567.209558078772,4.7661109083054285
2016,20005,Double Crop,60.804928760827664,0.0812408212994914
2016,20005,Fallow/Barren,43.0567189838706,0.057527626197377314
2016,20005,Forest,9510.020755809157,12.70623800606899
2016,20005,Grass/Pasture/Shrubland,20155.922590422597,26.930114690798217
2016,20005,Other Crops,2449.4223860659595,3.2726473068669346
2016,20005,Sorghum,54.635977523041014,0.07299855088938
2016,20005,Soybeans,19440.328062449036,25.974016421220988
2016,20005,Water,618.215535509117,0.825991229139003
2016,20005,Wetlands,85.63565361032494,0.114416889775283
2016,20005,Wheat,333.6465461193685,0.4457816164392654
2016,20013,Corn,12871.397105426558,28.817172363526332
2016,20013,Developed,2427.0657414324796,5.433844611862881
2016,20013,Double Crop,11.761076204399439,0.026331326536406695
2016,20013,Fallow/Barren,26.918399622250675,0.0602663530082248
2016,20013,Forest,4139.252556584487,9.267180042869883
2016,20013,Grass/Pasture/Shrubland,11114.298794808974,24.883286674040423
2016,20013,Other Crops,1202.930863487812,2.6931859650199987
2016,20013,Sorghum,41.28143766535713,0.09242309089471144
2016,20013,Soybeans,12041.027703310649,26.958096927489624
2016,20013,Water,320.09594764964845,0.7166479303476146
2016,20013,Wetlands,57.606728522897036,0.1289730253480652
2016,20013,Wheat,412.08220731032156,0.922591689055839
2016,20045,Corn,8582.868518572128,8.805120069657036
2016,20045,Developed,13119.423520303979,13.459148196316198
2016,20045,Double Crop,379.9284611924788,0.38976662772370496
2016,20045,Fallow/Barren,270.78174936269045,0.27779358505271856
2016,20045,Forest,20368.759603723764,20.89620429261856
2016,20045,Grass/Pasture/Shrubland,35641.77648089318,36.564712686796746
2016,20045,Other Crops,3625.103393598491,3.7189746733841527
2016,20045,Sorghum,129.47438832825506,0.132827100020093
2016,20045,Soybeans,9465.395803532732,9.710500210575159
2016,20045,Water,4806.9557696148995,4.931430864798019
2016,20045,Wetlands,535.1227788443404,0.5489796691557403
2016,20045,Wheat,550.2923215159678,0.5645420239018767
2016,20061,Corn,3807.6559849284067,4.854403468743565
2016,20061,Developed,6276.982787766283,8.00256303058566
2016,20061,Double Crop,450.25333300612726,0.574030676670858
2016,20061,Fallow/Barren,72.4113965058523,0.0923177240186483
2016,20061,Forest,12218.49467790484,15.57743220028878
2016,20061,Grass/Pasture/Shrubland,46647.81810704688,59.47158328496554
2016,20061,Other Crops,1874.5653810751362,2.3898946554776126
2016,20061,Sorghum,701.5447028817644,0.8944035523765796
2016,20061,Soybeans,3518.604400489351,4.485889868854064
2016,20061,Water,938.763788285357,1.1968355881470139
2016,20061,Wetlands,431.6696515134627,0.550338229596569
2016,20061,Wheat,1498.391032182396,1.9103077202751129
2016,20085,Corn,15781.792797162747,9.275705071230863
2016,20085,Developed,7230.412943234306,4.249655211333726
2016,20085,Double Crop,65.10328301079171,0.03826427454335506
2016,20085,Fallow/Barren,178.82211761736968,0.10510220508850424
2016,20085,Forest,23689.341459546093,13.923344928843274
2016,20085,Grass/Pasture/Shrubland,93375.99718632454,54.88148411048344
2016,20085,Other Crops,9375.285717911333,5.510298252902075
2016,20085,Sorghum,464.40921113537587,0.27295522949896883
2016,20085,Soybeans,16921.899809385664,9.945799814644504
2016,20085,Water,1561.9692952736077,0.9180431335963948
2016,20085,Wetlands,303.7052450547081,0.17850191786954794
2016,20085,Wheat,1192.4273035814392,0.7008458499653459
2016,20087,Corn,16782.88681119332,11.674775601871575
2016,20087,Developed,8167.551061426839,5.6816402882125105
2016,20087,Double Crop,255.91031244660505,0.1780203552362826
2016,20087,Fallow/Barren,171.95840025184313,0.11962040609474503
2016,20087,Forest,32852.555623623746,22.85341128547717
2016,20087,Grass/Pasture/Shrubland,53432.311601779445,37.16942471565768
2016,20087,Other Crops,5924.103015456166,4.121017684615117
2016,20087,Sorghum,456.45892757945956,0.31752913613210654
2016,20087,Soybeans,17440.02342839086,12.131903307722366
2016,20087,Water,6548.901809298189,4.555650045333933
2016,20087,Wetlands,1047.4393628127143,0.728636238507545
2016,20087,Wheat,673.2991415124014,0.46837093513896766
2016,20091,Corn,2468.027946648799,4.087280178054028
2016,20091,Developed,27991.5386833711,46.3565501229941
2016,20091,Double Crop,267.63124157024833,0.4432218323067981
2016,20091,Fallow/Barren,596.1421540051134,0.9872659718768819
2016,20091,Forest,9350.705404721026,15.48562401954741
2016,20091,Grass/Pasture/Shrubland,13371.519916354586,22.144460875648225
2016,20091,Other Crops,1290.9112740940543,2.1378672269070216
2016,20091,Sorghum,31.20036993443482,0.051670668378827354
2016,20091,Soybeans,3765.6207216757502,6.236212582063181
2016,20091,Water,851.6839824030999,1.4104666294273789
2016,20091,Wetlands,183.2632937684951,0.30350078855547585
2016,20091,Wheat,214.89096333799483,0.35587910424067265
2016,20103,Corn,5831.677748516132,6.454438211754817
2016,20103,Developed,6626.401743572862,7.334030182144093
2016,20103,Double Crop,123.00963378632177,0.13614573969325103
2016,20103,Fallow/Barren,135.03426716874853,0.1494544745947339
2016,20103,Forest,23101.019870123706,25.567960338373155
2016,20103,Grass/Pasture/Shrubland,36201.352987173734,40.06726813687417
2016,20103,Other Crops,4932.625847936727,5.459377237590555
2016,20103,Sorghum,116.95997711061722,0.1294500447492702
2016,20103,Soybeans,10672.051172338162,11.811711458519676
2016,20103,Water,1480.2313150454172,1.6383040994499827
2016,20103,Wetlands,532.7800926352583,0.5896752764232012
2016,20103,Wheat,598.2934898283552,0.6621847998330964
2016,20117,Corn,130.44861574053536,6.375958926027298
2016,20117,Developed,67.20805620632659,3.2849394639955247
2016,20117,Double Crop,0,0
2016,20117,Fallow/Barren,0.05343553047928384,0.0026117774082329666
2016,20117,Forest,137.33197184496373,6.7123978797556285
2016,20117,Grass/Pasture/Shrubland,1320.8127017280262,64.55758451238341
2016,20117,Other Crops,44.39017605332236,2.1696660990106293
2016,20117,Sorghum,10.698585766920798,0.5229165754594564
2016,20117,Soybeans,321.1075191508597,15.69482620663954
2016,20117,Water,5.23742738980517,0.25599061918655114
2016,20117,Wetlands,0.10687106095856767,0.005223554816465933
2016,20117,Wheat,8.549684876685415,0.4178843853172746
2016,20127,Corn,1432.6112191031457,5.322276472713095
2016,20127,Developed,1171.2058173440978,4.3511324518717185
2016,20127,Double Crop,493.8506627307618,1.8346985757455958
2016,20127,Fallow/Barren,31.150054975970523,0.115725189438427
2016,20127,Forest,1446.7706957801968,5.374880171873971
2016,20127,Grass/Pasture/Shrubland,15481.675388864101,57.515783473981195
2016,20127,Other Crops,1106.3877195499306,4.110327527063242
2016,20127,Sorghum,654.7859409159308,2.432587265498201
2016,20127,Soybeans,2844.8797666141145,10.568978134225876
2016,20127,Water,106.66590502013788,0.39627320319655795
2016,20127,Wetlands,65.7287131334408,0.24418794075256592
2016,20127,Wheat,2081.5523063580167,7.733149593639551
2016,20131,Corn,14760.204516942187,19.449736256819495
2016,20131,Developed,3488.7785519673903,4.597214260569866
2016,20131,Double Crop,115.9148453012341,0.15274267824481977
2016,20131,Fallow/Barren,41.12051279277369,0.05418509802127784
2016,20131,Forest,9201.0914509381455,12.124412083193665
2016,20131,Grass/Pasture/Shrubland,30574.8747646769,40.28895734985709
2016,20131,Other Crops,2574.0091298120083,3.3918092828608404
2016,20131,Sorghum,163.1727758839012,0.2150151409888778
2016,20131,Soybeans,13773.888329021123,18.150053064836836
2016,20131,Water,311.8300054574883,0.41090293539965095
2016,20131,Wetlands,78.39031376642464,0.10329605704963131
2016,20131,Wheat,805.6948236222738,1.0616757921579487
2016,20139,Corn,2057.4491715462495,9.354912655266755
2016,20139,Developed,1131.155375257962,5.14319375730729
2016,20139,Double Crop,256.824877273909,1.1677441794546977
2016,20139,Fallow/Barren,7.003771728355655,0.03184509910733462
2016,20139,Forest,3604.318751420123,16.38829652152961
2016,20139,Grass/Pasture/Shrubland,10926.150880350664,49.679568544154804
2016,20139,Other Crops,597.7201236681781,2.717743712234086
2016,20139,Sorghum,11.993491717799715,0.05453260717364918
2016,20139,Soybeans,2976.7181700853425,13.534690851957164
2016,20139,Water,296.02475358919395,1.3459801349758507
2016,20139,Wetlands,30.149048611905982,0.1370832000636045
2016,20139,Wheat,97.73991708957105,0.44440873677515186
2016,20149,Corn,15180.122404642721,8.857972104763574
2016,20149,Developed,8718.172577680836,5.087266587125334
2016,20149,Double Crop,136.53537274134945,0.0796717240360642
2016,20149,Fallow/Barren,235.68172048169757,0.1375260389857639
2016,20149,Forest,18719.034906311732,10.923013965782808
2016,20149,Grass/Pasture/Shrubland,105327.89665508384,61.461399687976495
2016,20149,Other Crops,3254.9752927412173,1.8993575661799778
2016,20149,Sorghum,497.49988073456313,0.29030332880070636
2016,20149,Soybeans,14999.395671802109,8.752513643005875
2016,20149,Water,2357.0793670222865,1.3754133679061464
2016,20149,Wetlands,782.2538470954628,0.45646422154648525
2016,20149,Wheat,1163.7863676537452,0.6790977638907667
2016,20161,Corn,3315.2388979856223,4.145751135142323
2016,20161,Developed,9550.027107857573,11.942438219790757
2016,20161,Double Crop,219.59155583662513,0.27460221416637876
2016,20161,Fallow/Barren,237.74319362597288,0.29730108302183433
2016,20161,Forest,14583.712352760364,18.237129782044324
2016,20161,Grass/Pasture/Shrubland,41453.320958103104,51.837939197050375
2016,20161,Other Crops,987.1160421683337,1.2344019777347321
2016,20161,Sorghum,1018.9531145598681,1.2742146678811377
2016,20161,Soybeans,5500.912115685959,6.878965091107026
2016,20161,Water,1154.8454134603483,1.444149827837809
2016,20161,Wetlands,751.110947012463,0.9392744103861707
2016,20161,Wheat,1194.575143968408,1.4938323938371298
2016,20177,Corn,14971.611909294465,10.274174612578669
2016,20177,Developed,25583.463388958327,17.55649102081609
2016,20177,Double Crop,391.6822028841496,0.26878945095904894
2016,20177,Fallow/Barren,214.09832637329058,0.14692363138630837
2016,20177,Forest,20641.576098705395,14.165151915624538
2016,20177,Grass/Pasture/Shrubland,62464.70563720656,42.866011804752354
2016,20177,Other Crops,3100.4644148109246,2.1276742257844923
2016,20177,Sorghum,278.3612912624582,0.1910236873050324
2016,20177,Soybeans,13763.142224922036,9.444869883971444
2016,20177,Water,2708.5055587139836,1.858694923296258
2016,20177,Wetlands,735.7247158706828,0.504886464025465
2016,20177,Wheat,867.488276218084,0.5953083795002995
2016,20197,Corn,7568.685129459186,4.924170978827205
2016,20197,Developed,5264.210827734163,3.4248847377019542
2016,20197,Double Crop,9.460192854157116,0.006154782014280672
2016,20197,Fallow/Barren,70.47477580816954,0.04585074419640162
2016,20197,Forest,9431.776509425566,6.1362943988417875
2016,20197,Grass/Pasture/Shrubland,117409.03837480528,76.38607889327488
2016,20197,Other Crops,2794.9360916009114,1.8183796728932426
2016,20197,Sorghum,384.03248596976925,0.24985074553819184
2016,20197,Soybeans,8640.673223589845,5.6216042281270955
2016,20197,Water,1111.372276630361,0.7230565174333502
2016,20197,Wetlands,408.5216478928606,0.26578334391887026
2016,20197,Wheat,611.5773363887075,0.39789095723273954
2016,20209,Corn,196.01176760074932,0.7639786334746893
2016,20209,Developed,14709.531320680459,57.33210702082173
2016,20209,Double Crop,10.280642157951652,0.040069997037484796
2016,20209,Fallow/Barren,329.24704633401836,1.2832786093036563
2016,20209,Forest,4457.853231815727,17.37500080714688
2016,20209,Grass/Pasture/Shrubland,3930.538907086427,15.31973197227322
2016,20209,Other Crops,54.21788236581533,0.21132049461487895
2016,20209,Sorghum,1.9576734188171288,0.007630259558415999
2016,20209,Soybeans,984.3064444521542,3.8364487069194317
2016,20209,Water,772.9612291909887,3.0127061800140114
2016,20209,Wetlands,200.67539313383236,0.782155655729086
2016,20209,Wheat,9.126517753899936,0.03557166310651804
2017,20005,Corn,18138.034875380356,24.234036287269234
2017,20005,Developed,3559.557325279432,4.755886841111162
2017,20005,Double Crop,18.185730561735504,0.024297761988637565
2017,20005,Fallow/Barren,17.311701771137212,0.023129981378830305
2017,20005,Forest,9515.6765945176,12.713794712263297
2017,20005,Grass/Pasture/Shrubland,19942.710718031936,26.645244566339183
2017,20005,Other Crops,2371.8555105790624,3.169011026081575
2017,20005,Sorghum,24.228280982474807,0.03237114960587135
2017,20005,Soybeans,20264.30250776354,27.07491995044719
2017,20005,Water,626.2227463903808,0.8366895787887633
2017,20005,Wetlands,64.94957975999885,0.08677844560124615
2017,20005,Wheat,302.25499623603525,0.40383969912500794
2017,20013,Corn,11671.561673393739,26.1309166160303
2017,20013,Developed,2391.412203862543,5.354021564752544
2017,20013,Double Crop,54.131424829710106,0.12119232953688981
2017,20013,Fallow/Barren,1.1169586308423254,0.002500706731699035
2017,20013,Forest,4020.8795488990504,9.00216022118929
2017,20013,Grass/Pasture/Shrubland,11136.496740861108,24.93298462308676
2017,20013,Other Crops,1111.8724816179651,2.4893195887444284
2017,20013,Sorghum,4.6976975290243566,0.010517456519815789
2017,20013,Soybeans,13761.390915828208,30.809738114294998
2017,20013,Water,311.56333134230874,0.6975446525273088
2017,20013,Wetlands,80.24962391905399,0.1796671507872731
2017,20013,Wheat,120.34596131227701,0.2694369757986911
2017,20045,Corn,7828.23633497531,8.030946846495175
2017,20045,Developed,13141.47207668149,13.481767695362057
2017,20045,Double Crop,376.7060723478403,0.3864607958066985
2017,20045,Fallow/Barren,66.06484218194686,0.06777557719033542
2017,20045,Forest,20545.518496770088,21.077540319529
2017,20045,Grass/Pasture/Shrubland,35266.352986607584,36.17956768113787
2017,20045,Other Crops,3620.4252992157035,3.7141754407443304
2017,20045,Sorghum,6.411684138769759,0.006577713333068212
2017,20045,Soybeans,10933.493214299147,11.21661369090859
2017,20045,Water,4849.510801919149,4.975087850594346
2017,20045,Wetlands,521.0585152934598,0.5345512144976224
2017,20045,Wheat,320.63246505240886,0.3289351744009066
2017,20061,Corn,3594.618547297206,4.582800760856449
2017,20061,Developed,6291.278880872904,8.020789205492468
2017,20061,Double Crop,699.9057495650663,0.8923140409561203
2017,20061,Fallow/Barren,42.07138934630468,0.05363706679016134
2017,20061,Forest,12759.735453696678,16.26746331387394
2017,20061,Grass/Pasture/Shrubland,45987.15350872248,58.62929802325161
2017,20061,Other Crops,1976.3555676963222,2.519667575345853
2017,20061,Sorghum,272.18009869195726,0.34700404144783753
2017,20061,Soybeans,4639.8164182365235,5.9153297997965595
2017,20061,Water,970.2900613006683,1.2370286228349838
2017,20061,Wetlands,377.0345170531055,0.48068356875288043
2017,20061,Wheat,826.7150511066419,1.05398398060114
2017,20085,Corn,14626.885842538133,8.596911702600575
2017,20085,Developed,7248.674141367676,4.260388180034399
2017,20085,Double Crop,47.9256155559157,0.02816814800241125
2017,20085,Fallow/Barren,9.767594659772293,0.005740876748531743
2017,20085,Forest,23690.04379480544,13.923757724449615
2017,20085,Grass/Pasture/Shrubland,91933.8578977124,54.033870731906724
2017,20085,Other Crops,10234.520779511522,6.015311284101997
2017,20085,Sorghum,57.47853780558311,0.033782851635590645
2017,20085,Soybeans,20131.46043484078,11.832210196062587
2017,20085,Water,1560.1854709829263,0.916994695802798
2017,20085,Wetlands,190.1691012044799,0.11177136331120334
2017,20085,Wheat,410.19715825335317,0.2410922453435808
2017,20087,Corn,16351.888504350922,11.37495778305535
2017,20087,Developed,8184.131409261516,5.693174170467006
2017,20087,Double Crop,63.28159222700407,0.04402093616496732
2017,20087,Fallow/Barren,83.82986930593299,0.0583150517483232
2017,20087,Forest,32759.67635069062,22.78880114529342
2017,20087,Grass/Pasture/Shrubland,53028.456252453805,36.8884885077195
2017,20087,Other Crops,5960.27871587666,4.146182794134185
2017,20087,Sorghum,91.93994779865379,0.06395671206464801
2017,20087,Soybeans,19174.61795879307,13.3385492280877
2017,20087,Water,6674.444961760634,4.642982346971877
2017,20087,Wetlands,1113.2737535153065,0.7744329924858944
2017,20087,Wheat,267.58017973745416,0.18613833180712006
2017,20091,Corn,2101.2103296812397,3.479796629568153
2017,20091,Developed,28068.454199684606,46.483929258080416
2017,20091,Double Crop,161.68727738711658,0.2677689305768326
2017,20091,Fallow/Barren,429.4612669500982,0.7112271666253096
2017,20091,Forest,9433.140403399317,15.6221439226276
2017,20091,Grass/Pasture/Shrubland,13382.689432346138,22.162958616475155
2017,20091,Other Crops,1080.6236778891182,1.7896117199845254
2017,20091,Sorghum,7.145688216215609,0.011833913730332806
2017,20091,Soybeans,4522.945518200648,7.490411762987404
2017,20091,Water,853.4918890417633,1.4134606882985576
2017,20091,Wetlands,164.50887669584557,0.27244175729285036
2017,20091,Wheat,177.77739239259154,0.29441563375285856
2017,20103,Corn,6414.548140111179,7.099552892340318
2017,20103,Developed,6620.828295413226,7.327861549664025
2017,20103,Double Crop,141.92103409659876,0.15707667416258148
2017,20103,Fallow/Barren,78.01969420098672,0.08635135843169804
2017,20103,Forest,23268.920442880502,25.7537908865122
2017,20103,Grass/Pasture/Shrubland,35809.48762977975,39.63355577386333
2017,20103,Other Crops,4890.834148677699,5.413122634324751
2017,20103,Sorghum,16.967081937659866,0.018778983805864843
2017,20103,Soybeans,10805.482881638793,11.959392239301653
2017,20103,Water,1513.3683217585558,1.6749797820881187
2017,20103,Wetlands,470.2701676930933,0.52048996379798
2017,20103,Wheat,320.79030704798265,0.35504726170747397
2017,20117,Corn,195.5668301618733,9.558752841698368
2017,20117,Developed,67.68897598064014,3.3084454606696214
2017,20117,Double Crop,0.6253031999167952,0.030563049644872838
2017,20117,Fallow/Barren,0,0
2017,20117,Forest,141.95695959970047,6.938454183919363
2017,20117,Grass/Pasture/Shrubland,1317.4302550004213,64.39226009493171
2017,20117,Other Crops,43.53405653660226,2.1278214014384074
2017,20117,Sorghum,0.641226365751406,0.031341328898795595
2017,20117,Soybeans,249.00395957645102,12.170608401360548
2017,20117,Water,4.435894432615911,0.21681395806305662
2017,20117,Wetlands,0.641226365751406,0.031341328898795595
2017,20117,Wheat,24.420358129159084,1.1935979504764669
2017,20127,Corn,1274.492726617902,4.734852389170102
2017,20127,Developed,1173.9754567949076,4.361421905626081
2017,20127,Double Crop,520.6118989182734,1.9341189180145029
2017,20127,Fallow/Barren,7.337543859101462,0.02725961972658853
2017,20127,Forest,1429.5763341317663,5.311001608559319
2017,20127,Grass/Pasture/Shrubland,15289.13134599039,56.800465447929895
2017,20127,Other Crops,1150.9136638448626,4.275745319822541
2017,20127,Sorghum,232.50057863892965,0.8637600648952218
2017,20127,Soybeans,4247.151414487524,15.778540435784205
2017,20127,Water,113.71802803122405,0.4224724594107313
2017,20127,Wetlands,84.72821521659169,0.31477275928674
2017,20127,Wheat,1393.126983858373,5.175589071774074
2017,20131,Corn,13652.350824275913,17.98990132643152
2017,20131,Developed,3479.6018123590147,4.585121937263943
2017,20131,Double Crop,53.56167534927964,0.0705789989441621
2017,20131,Fallow/Barren,1.8112346879638117,0.0023866903022693987
2017,20131,Forest,9294.584269602688,12.24760893069295
2017,20131,Grass/Pasture/Shrubland,29857.75614953659,39.34399971642288
2017,20131,Other Crops,2844.8647919662017,3.7487197299023043
2017,20131,Sorghum,29.244559651629707,0.0385359817689612
2017,20131,Soybeans,15861.916196246038,20.901477766831903
2017,20131,Water,291.72396773244543,0.3844089169412427
2017,20131,Wetlands,61.474778170613256,0.0810062096695537
2017,20131,Wheat,460.079760603476,0.60625379482831665
2017,20139,Corn,2254.836829142875,10.252404715620493
2017,20139,Developed,1135.6190925028866,5.1634896098229035
2017,20139,Double Crop,142.5464835880994,0.6481374712551968
2017,20139,Fallow/Barren,2.079244731855585,0.009454013797489965
2017,20139,Forest,3614.553553788503,16.4348326321292
2017,20139,Grass/Pasture/Shrubland,10935.996078642675,49.72433318348066
2017,20139,Other Crops,559.0889707877009,2.542093656831977
2017,20139,Sorghum,4.004961915125138,0.018209960868928
2017,20139,Soybeans,2911.480574110322,13.238065292198018
2017,20139,Water,303.12142414444475,1.3782476311092695
2017,20139,Wetlands,24.83180353491884,0.11290648457056579
2017,20139,Wheat,105.0893154498482,0.47782534831529655
2017,20149,Corn,13818.513598101907,8.063440117178931
2017,20149,Developed,8761.67988247893,5.112654161874868
2017,20149,Double Crop,121.10560108363474,0.07066807549597687
2017,20149,Fallow/Barren,137.59681952989317,0.08029110415652592
2017,20149,Forest,19802.856329342685,11.555450231831434
2017,20149,Grass/Pasture/Shrubland,104201.66317551894,60.8042149512852
2017,20149,Other Crops,3646.3030947196594,2.1277068944227673
2017,20149,Sorghum,263.77215993721234,0.15391749634525126
2017,20149,Soybeans,17245.423778145636,10.063125888558066
2017,20149,Water,2301.8161586976016,1.343165936382796
2017,20149,Wetlands,521.903453686775,0.30454340952634945
2017,20149,Wheat,549.8000127486838,0.3208217329418248
2017,20161,Corn,2826.4081814259575,3.5344617045975038
2017,20161,Developed,9568.581975621904,11.965641333190256
2017,20161,Double Crop,305.99076268311876,0.38264559230027057
2017,20161,Fallow/Barren,87.86998456323988,0.10988260558517675
2017,20161,Forest,15264.58066150481,19.08856482208769
2017,20161,Grass/Pasture/Shrubland,40798.852631469534,51.019517692131245
2017,20161,Other Crops,1032.0727744909645,1.2906209802844677
2017,20161,Sorghum,430.8427415026789,0.5387746824935775
2017,20161,Soybeans,7097.485801059793,8.87550210462322
2017,20161,Water,1150.4586933381036,1.4386641749222988
2017,20161,Wetlands,611.880604617676,0.7651649818378495
2017,20161,Wheat,792.12203074687,0.9905593259464465
2017,20177,Corn,13222.718690659725,9.074007628831708
2017,20177,Developed,25669.42999930711,17.61548506707684
2017,20177,Double Crop,203.81698107436122,0.13986812276817234
2017,20177,Fallow/Barren,74.40284401631361,0.051058484265244605
2017,20177,Forest,21116.334240398755,14.490951707661148
2017,20177,Grass/Pasture/Shrubland,62276.621858309256,42.73694049313327
2017,20177,Other Crops,2908.9400468526565,1.996241831538057
2017,20177,Sorghum,38.901474604185715,0.02669589254595056
2017,20177,Soybeans,16548.103029394457,11.356031739334124
2017,20177,Water,2769.8348741593736,1.9007817807150427
2017,20177,Wetlands,440.3014982353974,0.3021541369397981
2017,20177,Wheat,451.4185082087738,0.309783115190653
2017,20197,Corn,7713.391333868369,5.018316537800782
2017,20197,Developed,5283.367550875704,3.437348062378501
2017,20197,Double Crop,28.922315911308438,0.01881679924781251
2017,20197,Fallow/Barren,70.29370801067223,0.04573294185974925
2017,20197,Forest,10175.746155480994,6.620319520454457
2017,20197,Grass/Pasture/Shrubland,116571.62364876592,75.84125859481173
2017,20197,Other Crops,2886.70582100567,1.8780848701025796
2017,20197,Sorghum,208.8680381514717,0.1358891160456481
2017,20197,Soybeans,9261.067995114487,6.025231790524589
2017,20197,Water,1083.5972991016893,0.7049861741775678
2017,20197,Wetlands,231.60295883658083,0.15068040868481647
2017,20197,Wheat,189.5720470360926,0.12333518391175226
2017,20209,Corn,372.2140318095488,1.450747426354399
2017,20209,Developed,14706.25494265167,57.3193369568617
2017,20209,Double Crop,11.380508506971172,0.04435685389620288
2017,20209,Fallow/Barren,199.59908392769,0.7779606155711922
2017,20209,Forest,4480.259706811109,17.4623326462374
2017,20209,Grass/Pasture/Shrubland,3987.4825640029135,15.541676489832593
2017,20209,Other Crops,94.47824624669151,0.36823993959205864
2017,20209,Sorghum,3.3555315351797015,0.01307857394587372
2017,20209,Soybeans,862.4529590837307,3.3615105928694855
2017,20209,Water,784.7905516037505,3.058812338243456
2017,20209,Wetlands,152.95615336024036,0.5961643755170887
2017,20209,Wheat,1.4837764513449725,0.005783191078555032
2018,20005,Corn,18056.122609779068,24.12459417677641
2018,20005,Developed,3543.169201603047,4.733990842642616
2018,20005,Double Crop,58.43634897650187,0.07807618693656183
2018,20005,Fallow/Barren,31.346637556626202,0.04188191043023485
2018,20005,Forest,9215.604936064326,12.312872147624928
2018,20005,Grass/Pasture/Shrubland,19333.76917911131,25.831644225816156
2018,20005,Other Crops,2841.992558562903,3.797156156417317
2018,20005,Sorghum,32.62527902717358,0.0435902897562506
2018,20005,Soybeans,20582.940665506474,27.500649018138652
2018,20005,Water,648.8504416204704,0.8669222027235411
2018,20005,Wetlands,161.57343822113845,0.21587655949568862
2018,20005,Wheat,338.85927122465114,0.4527462832416458
2018,20013,Corn,12428.922282535037,27.82653606092869
2018,20013,Developed,2386.1692319217486,5.342283318711536
2018,20013,Double Crop,19.429379044550636,0.043499533132036576
2018,20013,Fallow/Barren,9.713739857361233,0.021747640405408632
2018,20013,Forest,3997.213283426237,8.949174920079786
2018,20013,Grass/Pasture/Shrubland,10314.721001318849,23.093149138516896
2018,20013,Other Crops,1584.2577738935513,3.546921050186496
2018,20013,Sorghum,41.96573141593308,0.09395512434812088
2018,20013,Soybeans,13227.214153360635,29.61379460400359
2018,20013,Water,330.37642753494663,0.7396644186439397
2018,20013,Wetlands,99.92852014992758,0.22372531634336093
2018,20013,Wheat,225.8070375670521,0.5055488747001377
2018,20045,Corn,7695.575498650407,7.894850786086665
2018,20045,Developed,13105.839471572126,13.4452123915375
2018,20045,Double Crop,352.180633405468,0.36130027584983954
2018,20045,Fallow/Barren,112.35826403231833,0.11526775733334642
2018,20045,Forest,20164.60223757898,20.686760314988014
2018,20045,Grass/Pasture/Shrubland,34297.413391866256,35.18553760209367
2018,20045,Other Crops,4525.408367958203,4.642592853179544
2018,20045,Sorghum,21.443787144544448,0.021999069442496102
2018,20045,Soybeans,11220.835654814811,11.511396802682228
2018,20045,Water,4900.442066976717,5.027337969905975
2018,20045,Wetlands,746.7170187145359,0.7660530967718535
2018,20045,Wheat,333.06639676853115,0.34169108012886557
2018,20061,Corn,3536.8152663431597,4.509107011032735
2018,20061,Developed,6279.82034402991,8.006180648097178
2018,20061,Double Crop,428.23823980140276,0.5459635022095242
2018,20061,Fallow/Barren,45.55571338835836,0.05807925242429499
2018,20061,Forest,11676.758564983564,14.886769578424282
2018,20061,Grass/Pasture/Shrubland,46088.94527760714,58.75907296035707
2018,20061,Other Crops,2182.151177738501,2.782037633774263
2018,20061,Sorghum,163.01907116527272,0.20783399226937607
2018,20061,Soybeans,4832.033800600576,6.160388894261578
2018,20061,Water,1006.1359840594189,1.2827288049074104
2018,20061,Wetlands,936.7721414535459,1.19429642564727
2018,20061,Wheat,1260.9096624149893,1.6075412965950209
2018,20085,Corn,14721.150317712883,8.652315387191628
2018,20085,Developed,7212.530917888852,4.23914510039053
2018,20085,Double Crop,43.20282253360822,0.025392339464659637
2018,20085,Fallow/Barren,29.49891836608499,0.017337907688999177
2018,20085,Forest,23930.66136021244,14.065180033078214
2018,20085,Grass/Pasture/Shrubland,89637.19629632987,52.68401422722146
2018,20085,Other Crops,11553.357421706616,6.790453873246457
2018,20085,Sorghum,198.20736550830367,0.11649583092557203
2018,20085,Soybeans,20136.41351658992,11.835121356162658
2018,20085,Water,1645.1844016516634,0.966952582234747
2018,20085,Wetlands,395.5502677872803,0.2324835759788214
2018,20085,Wheat,638.2127629504527,0.3751077864162588
2018,20087,Corn,16702.618845976725,11.618938337849897
2018,20087,Developed,8140.481649523414,5.662809838290371
2018,20087,Double Crop,229.8885470378261,0.15991868564095288
2018,20087,Fallow/Barren,154.82753555401524,0.1077035646440969
2018,20087,Forest,32485.53069711177,22.598095635343434
2018,20087,Grass/Pasture/Shrubland,51277.13488374557,35.670206801094714
2018,20087,Other Crops,7175.168678912638,4.991303652004202
2018,20087,Sorghum,85.78903579803963,0.059677917947646916
2018,20087,Soybeans,19110.000483100903,13.293599003662527
2018,20087,Water,6703.668697417015,4.663311421455601
2018,20087,Wetlands,1369.9998414007396,0.9530208302594174
2018,20087,Wheat,318.29060019293144,0.22141431180714005
2018,20091,Corn,2207.0637638042954,3.6550996052324236
2018,20091,Developed,27947.255554140334,46.28321320775662
2018,20091,Double Crop,106.11692602697077,0.17573934237454691
2018,20091,Fallow/Barren,479.7618476750743,0.794529532314063
2018,20091,Forest,9267.618059699264,15.348023771213226
2018,20091,Grass/Pasture/Shrubland,12967.024793810617,21.474579929308696
2018,20091,Other Crops,1498.1184479749356,2.4810212725100707
2018,20091,Sorghum,7.151603938169942,0.011843710707354746
2018,20091,Soybeans,4678.764475425871,7.748462218249258
2018,20091,Water,895.4096968088495,1.4828804146944967
2018,20091,Wetlands,254.80217901548158,0.42197573047301895
2018,20091,Wheat,74.04860356484151,0.12263126516623103
2018,20103,Corn,6102.260244171109,6.753916007802763
2018,20103,Developed,6599.346946881635,7.304086224143404
2018,20103,Double Crop,187.13839559282317,0.20712276354916043
2018,20103,Fallow/Barren,119.70111147340769,0.1324839027808205
2018,20103,Forest,22843.017437185925,25.282406020440714
2018,20103,Grass/Pasture/Shrubland,35085.287204064254,38.832018531532576
2018,20103,Other Crops,5692.515332678912,6.300414746612489
2018,20103,Sorghum,39.366887077879774,0.04357084722281808
2018,20103,Soybeans,11297.771229018315,12.504251687568752
2018,20103,Water,1524.292836297528,1.6870709172855591
2018,20103,Wetlands,659.5753441383594,0.7300108970906699
2018,20103,Wheat,201.1651766558958,0.22264745397027488
2018,20117,Corn,167.32206997621572,8.178228948846634
2018,20117,Developed,66.94087855393016,3.2718805769543597
2018,20117,Double Crop,1.38932379246138,0.06790621261405713
2018,20117,Fallow/Barren,0.21374212191713535,0.010447109632931866
2018,20117,Forest,138.16513236692046,6.753120406680327
2018,20117,Grass/Pasture/Shrubland,1294.7499966159246,63.28371329226678
2018,20117,Other Crops,61.63086268640502,3.0123420385367914
2018,20117,Sorghum,6.190205882948759,0.30255973380229184
2018,20117,Soybeans,295.196272154349,14.428357830305796
2018,20117,Water,4.435894432615911,0.21681395806305662
2018,20117,Wetlands,1.1755816705442443,0.05745910298112526
2018,20117,Wheat,8.535085094650576,0.41717078931585566
2018,20127,Corn,1645.499942336316,6.113176772711551
2018,20127,Developed,1180.7589753099114,4.386623272551869
2018,20127,Double Crop,495.63961643765765,1.841344695849936
2018,20127,Fallow/Barren,11.222779033521896,0.041693609551630116
2018,20127,Forest,1369.1216399212153,5.08640711120273
2018,20127,Grass/Pasture/Shrubland,15078.814366222061,56.01911940072121
2018,20127,Other Crops,1301.8584883818442,4.836518597037217
2018,20127,Sorghum,228.06542463967523,0.8472830783490264
2018,20127,Soybeans,3513.139670125321,13.051622353878006
2018,20127,Water,120.2977787929337,0.4469168112407318
2018,20127,Wetlands,125.3739483480345,0.4657752268627516
2018,20127,Wheat,1847.4715608413542,6.863519070043339
2018,20131,Corn,14393.552658717666,18.9665937683564
2018,20131,Developed,3451.1329010896625,4.547608038654196
2018,20131,Double Crop,21.026686743271757,0.02770717106541298
2018,20131,Fallow/Barren,15.55530967310097,0.020497457890078365
2018,20131,Forest,9119.858452690629,12.017370179441494
2018,20131,Grass/Pasture/Shrubland,28921.779712437507,38.110649946554915
2018,20131,Other Crops,3377.99474471563,4.451232825820787
2018,20131,Sorghum,344.2765590206262,0.4536582311356573
2018,20131,Soybeans,15324.574996773608,20.19341544983178
2018,20131,Water,302.92839271216644,0.39917315076434157
2018,20131,Wetlands,123.35142823980425,0.16254197178720475
2018,20131,Wheat,492.93817736816857,0.649551808697729
2018,20139,Corn,2259.693321618718,10.274486458173737
2018,20139,Developed,1135.5468863230265,5.16316129915788
2018,20139,Double Crop,212.6086392055048,0.9666995797654927
2018,20139,Fallow/Barren,6.566035995333426,0.029854780413126208
2018,20139,Forest,3601.9759935696943,16.37764435312307
2018,20139,Grass/Pasture/Shrubland,10714.677661317539,48.71803154953918
2018,20139,Other Crops,735.5840580679343,3.3445903349634745
2018,20139,Sorghum,0.9301884326722353,0.004229427225192879
2018,20139,Soybeans,2925.1043154452213,13.300010399755715
2018,20139,Water,301.1513865360613,1.3692901657152803
2018,20139,Wetlands,41.40154631338432,0.18824661863389577
2018,20139,Wheat,58.00829951416875,0.2637550335339611
2018,20149,Corn,13847.397184375563,8.080294395074564
2018,20149,Developed,8700.112412888453,5.076728039959901
2018,20149,Double Crop,89.85834176870489,0.052434536662501516
2018,20149,Fallow/Barren,275.7294080095482,0.16089484257811792
2018,20149,Forest,18846.826320019973,10.997583376205329
2018,20149,Grass/Pasture/Shrubland,103429.07498705391,60.35339087757418
2018,20149,Other Crops,4445.5556339453005,2.59409026791631
2018,20149,Sorghum,300.8742696926383,0.17556748337967232
2018,20149,Soybeans,17114.079580026002,9.986483341676466
2018,20149,Water,2410.7134765242367,1.4067101804856557
2018,20149,Wetlands,1174.2584057950846,0.6852084538617274
2018,20149,Wheat,737.954043892149,0.4306142046255772
2018,20161,Corn,3455.011487590235,4.320538651169356
2018,20161,Developed,9544.42331972995,11.93543060685363
2018,20161,Double Crop,136.88412875061937,0.1711754566151055
2018,20161,Fallow/Barren,133.93914937195626,0.16749272002273452
2018,20161,Forest,14072.21748515552,17.59749852371156
2018,20161,Grass/Pasture/Shrubland,40768.07491653109,50.98102974282519
2018,20161,Other Crops,1332.134274543343,1.66585194937406
2018,20161,Sorghum,177.32342818230194,0.22174534816202396
2018,20161,Soybeans,6893.640320723249,8.620590571094716
2018,20161,Water,1206.844635579134,1.5091755592433076
2018,20161,Wetlands,1394.707191404799,1.7441002292386476
2018,20161,Wheat,851.9465054624447,1.0653706416896604
2018,20177,Corn,13808.40726924271,9.475932736255773
2018,20177,Developed,25619.934011138823,17.581518756158278
2018,20177,Double Crop,400.4855297455482,0.2748306787101813
2018,20177,Fallow/Barren,200.42380450428834,0.13753957666482344
2018,20177,Forest,20715.96894324692,14.216203537813033
2018,20177,Grass/Pasture/Shrubland,60878.99032095342,41.77782463133844
2018,20177,Other Crops,3998.995886720064,2.7442858032967807
2018,20177,Sorghum,75.52420174201745,0.05182800895950235
2018,20177,Soybeans,15859.981802726848,10.883812870702096
2018,20177,Water,2808.755848747189,1.9274910550022488
2018,20177,Wetlands,864.922263480065,0.5935474693799843
2018,20177,Wheat,488.43416297248336,0.33518487571886885
2018,20197,Corn,7040.495435295409,4.580531850123917
2018,20197,Developed,5261.278599651178,3.4229770361418335
2018,20197,Double Crop,24.506468596960268,0.015943858067103217
2018,20197,Fallow/Barren,131.0077937544005,0.08523340117488734
2018,20197,Forest,9497.37375927271,6.178971834679478
2018,20197,Grass/Pasture/Shrubland,116101.65193777319,75.5354959662235
2018,20197,Other Crops,3562.942623801195,2.3180431431954593
2018,20197,Sorghum,144.84086350275973,0.09423316790290688
2018,20197,Soybeans,9866.144430872282,6.418893275177161
2018,20197,Water,1177.1042069103203,0.765821576083636
2018,20197,Wetlands,609.1913457941655,0.39633863665916086
2018,20197,Wheat,288.2214069344079,0.18751625457096655
2018,20209,Corn,234.96120849347932,0.9157886038252514
2018,20209,Developed,14703.911253939372,57.31020215785637
2018,20209,Double Crop,21.4944640507647,0.08377717049224381
2018,20209,Fallow/Barren,238.8159879827741,0.9308130546662653
2018,20209,Forest,4334.180946309303,16.892973708282394
2018,20209,Grass/Pasture/Shrubland,3975.366642417793,15.494453278036756
2018,20209,Other Crops,118.07555175461742,0.46021317893527186
2018,20209,Sorghum,6.112723617997505,0.02382505037145708
2018,20209,Soybeans,970.1035830654495,3.7810914048224142
2018,20209,Water,793.4293288546502,3.0924829760822905
2018,20209,Wetlands,236.34034532666738,0.9211639498368223
2018,20209,Wheat,23.916020177971742,0.09321546679246463
2019,20005,Corn,19779.759719978334,26.427527463741818
2019,20005,Developed,3132.448348005027,4.185231060316754
2019,20005,Double Crop,77.13747472090557,0.10306256296993355
2019,20005,Fallow/Barren,538.3074408532888,0.7192268702191518
2019,20005,Forest,10322.014339963287,13.791134033594592
2019,20005,Grass/Pasture/Shrubland,16384.083315764336,21.890600185514813
2019,20005,Other Crops,3735.984848061559,4.991609785661153
2019,20005,Sorghum,89.75889288105354,0.11992590609344879
2019,20005,Soybeans,19797.380809868453,26.451070815309524
2019,20005,Water,586.8738184207854,0.7841158928943412
2019,20005,Wetlands,83.22076948859798,0.11119038867758599
2019,20005,Wheat,318.32078924806393,0.42530503500688616
2019,20013,Corn,13073.99456495065,29.270758393364293
2019,20013,Developed,2097.055882134703,4.695000885796989
2019,20013,Double Crop,20.971355189085845,0.04695179180866329
2019,20013,Fallow/Barren,204.2956995321543,0.4573881404112093
2019,20013,Forest,4362.694880542462,9.76743467024745
2019,20013,Grass/Pasture/Shrubland,8810.789317185721,19.726066434933685
2019,20013,Other Crops,2150.9495253828195,4.815660857209464
2019,20013,Sorghum,55.59113324739383,0.12446040282593065
2019,20013,Soybeans,13342.143111271545,29.87110370281796
2019,20013,Water,305.0942192855224,0.6830612584052531
2019,20013,Wetlands,34.76779646811098,0.077840002551017
2019,20013,Wheat,207.37107683566003,0.46427345962808264
2019,20045,Corn,8015.14221042684,8.222692609757651
2019,20045,Developed,12105.017595006038,12.418474445775527
2019,20045,Double Crop,299.83065987562054,0.30759471091240076
2019,20045,Fallow/Barren,929.3499605926772,0.9534152797567162
2019,20045,Forest,24818.05055946669,25.46070868941586
2019,20045,Grass/Pasture/Shrubland,28102.49696848373,28.830205138204533
2019,20045,Other Crops,6220.929743775049,6.382019393669192
2019,20045,Sorghum,34.93111350494069,0.03583564724454033
2019,20045,Soybeans,10988.384572251716,11.272926448876747
2019,20045,Water,4787.091116296884,4.91105182051594
2019,20045,Wetlands,615.8722351073237,0.631820115379117
2019,20045,Wheat,558.7860546953946,0.5732557004917779
2019,20061,Corn,4094.404844745851,5.219981311192018
2019,20061,Developed,5927.192793750054,7.556613667774172
2019,20061,Double Crop,395.8837425512501,0.5047145594735516
2019,20061,Fallow/Barren,221.916717380952,0.28292295493352826
2019,20061,Forest,13206.765817276042,16.83738500747835
2019,20061,Grass/Pasture/Shrubland,45093.27321717306,57.48968467448408
2019,20061,Other Crops,2674.167462217436,3.4093121479391164
2019,20061,Sorghum,518.4195681960774,0.6609362190483966
2019,20061,Soybeans,4220.644808858642,5.3809253991319155
2019,20061,Water,896.7727727277055,1.14330099038241
2019,20061,Wetlands,100.18733089292256,0.1277294294799343
2019,20061,Wheat,1087.5261678158558,1.3864936386825268
2019,20085,Corn,17056.362322764922,10.024829785020659
2019,20085,Developed,7081.222610097895,4.1619690056257905
2019,20085,Double Crop,200.1533019190012,0.11763954966937944
2019,20085,Fallow/Barren,460.9117519812677,0.27089960755353204
2019,20085,Forest,28427.92819676008,16.708436178852914
2019,20085,Grass/Pasture/Shrubland,80388.04262111477,47.24784973358991
2019,20085,Other Crops,14241.686395936744,8.37051179314807
2019,20085,Sorghum,613.1333415766917,0.36036742586216813
2019,20085,Soybeans,19025.381342534118,11.182115268473888
2019,20085,Water,1513.3029928566746,0.8894396489398254
2019,20085,Wetlands,116.95446525784682,0.06873966351214138
2019,20085,Wheat,1016.0870264379564,0.5972023397517204
2019,20087,Corn,18236.317573622357,12.685833961205741
2019,20087,Developed,7328.964469979269,5.0982894983258085
2019,20087,Double Crop,529.3088112920059,0.36820611766302974
2019,20087,Fallow/Barren,1710.5489860946532,1.1899189807646724
2019,20087,Forest,37896.55822185808,26.362199679996287
2019,20087,Grass/Pasture/Shrubland,41953.22658610334,29.18416311075646
2019,20087,Other Crops,9825.496747998837,6.8349665346786095
2019,20087,Sorghum,184.37586089632532,0.1282584353086889
2019,20087,Soybeans,17562.14742732458,12.216857124023115
2019,20087,Water,6515.0229207705715,4.532082680216691
2019,20087,Wetlands,1372.2757167053892,0.9546040104225527
2019,20087,Wheat,639.1561731261819,0.44461986663834147
2019,20091,Corn,1797.6474133675104,2.9770686550627907
2019,20091,Developed,27100.79971623031,44.88140486414142
2019,20091,Double Crop,90.14912264686689,0.14929519844530884
2019,20091,Fallow/Barren,775.5350464706082,1.2843570216170628
2019,20091,Forest,11303.104968995996,18.718976400965143
2019,20091,Grass/Pasture/Shrubland,11308.819911050123,18.728440868094975
2019,20091,Other Crops,2030.6806791985541,3.362993072795471
2019,20091,Sorghum,20.749600573806905,0.034363237759530874
2019,20091,Soybeans,4962.679320011958,8.218651187587188
2019,20091,Water,821.8212494831344,1.361011210378323
2019,20091,Wetlands,113.8534044384916,0.1885516587432852
2019,20091,Wheat,57.29551941733567,0.09488662440948853
2019,20103,Corn,5062.056034164711,5.602629175672527
2019,20103,Developed,5406.327343432175,5.983664958095894
2019,20103,Double Crop,165.69679784455673,0.18339143376800074
2019,20103,Fallow/Barren,1267.557896960608,1.402919447638524
2019,20103,Forest,27745.45263927723,30.70836857591311
2019,20103,Grass/Pasture/Shrubland,28188.716453821533,31.19896819850215
2019,20103,Other Crops,7898.61463352418,8.742101725959799
2019,20103,Sorghum,80.46809534061009,0.08906122248022338
2019,20103,Soybeans,12228.026290472571,13.533847984596045
2019,20103,Water,1471.7125414775337,1.6288756124853478
2019,20103,Wetlands,395.2725288496843,0.43748338373352813
2019,20103,Wheat,441.5368900706399,0.48868828115484825
2019,20117,Corn,210.37311274830424,10.282442005299833
2019,20117,Developed,74.59691076296977,3.646085750570549
2019,20117,Double Crop,2.2436740422347685,0.10966443342822868
2019,20117,Fallow/Barren,26.774671313235203,1.3086701118440587
2019,20117,Forest,124.2417528053735,6.072585042683162
2019,20117,Grass/Pasture/Shrubland,1280.6293858597655,62.59353782600682
2019,20117,Other Crops,59.422523056177106,2.904404651105579
2019,20117,Sorghum,10.981271824861496,0.5367334694460929
2019,20117,Soybeans,224.69875433106085,10.982638797746608
2019,20117,Water,4.349476870649765,0.21259011235602737
2019,20117,Wetlands,0.320613182875703,0.015670664449397798
2019,20117,Wheat,27.31289855137516,1.3349771350636475
2019,20127,Corn,1325.7413536738272,4.925245538687215
2019,20127,Developed,1097.946480325313,4.0789675821412334
2019,20127,Double Crop,185.8668706105822,0.6905117447892102
2019,20127,Fallow/Barren,82.28346773555478,0.3056903077279752
2019,20127,Forest,1560.5844248835222,5.797708169170813
2019,20127,Grass/Pasture/Shrubland,14643.526272929714,54.40198591266132
2019,20127,Other Crops,1477.6301270376177,5.489525668679098
2019,20127,Sorghum,689.9163535873813,2.5630998332798587
2019,20127,Soybeans,4226.0032314523305,15.69997307884329
2019,20127,Water,113.60432951628125,0.4220500594441574
2019,20127,Wetlands,11.244455439642406,0.04177413930371485
2019,20127,Wheat,1502.9168231980802,5.583467965272117
2019,20131,Corn,14972.59140278985,19.729601546585823
2019,20131,Developed,3084.375149036672,4.064326012352541
2019,20131,Double Crop,21.150847138067906,0.027870779024202156
2019,20131,Fallow/Barren,266.8051672572972,0.3515730509800611
2019,20131,Forest,9365.47776034951,12.34102631496891
2019,20131,Grass/Pasture/Shrubland,26110.956745112388,34.40678762429964
2019,20131,Other Crops,4371.614205807886,5.760539647125666
2019,20131,Sorghum,430.9732599503683,0.5678997354105025
2019,20131,Soybeans,16267.048052684568,21.43532590883566
2019,20131,Water,287.63128396543357,0.37901592799182954
2019,20131,Wetlands,32.76203920875718,0.043171015761637656
2019,20131,Wheat,677.5841068810533,0.8928624366635324
2019,20139,Corn,2133.0885771594967,9.698833682621435
2019,20139,Developed,1055.403057756858,4.798759336541365
2019,20139,Double Crop,199.47112058684826,0.9069652539390576
2019,20139,Fallow/Barren,40.65668217672555,0.18485983317408944
2019,20139,Forest,4727.8729368474105,21.496928809263085
2019,20139,Grass/Pasture/Shrubland,9142.944555489787,41.57159696162682
2019,20139,Other Crops,967.199088232253,4.397709122440393
2019,20139,Sorghum,19.816119026368774,0.09010091973194705
2019,20139,Soybeans,3236.7456311919523,14.716996699539763
2019,20139,Water,289.28942134164373,1.315355589907415
2019,20139,Wetlands,16.19622212182245,0.0736417916857113
2019,20139,Wheat,164.56492040808902,0.7482519995289185
2019,20149,Corn,15381.01095443652,8.975195479042535
2019,20149,Developed,7827.2564482414255,4.567395270419441
2019,20149,Double Crop,106.92355591642934,0.06239250583119069
2019,20149,Fallow/Barren,571.1801369079222,0.33329755746752127
2019,20149,Forest,21593.11791726823,12.600111584576796
2019,20149,Grass/Pasture/Shrubland,100042.28982347775,58.37711903311201
2019,20149,Other Crops,5174.427411937738,3.0194047486106044
2019,20149,Sorghum,984.3128650096404,0.5743705925552132
2019,20149,Soybeans,15998.765213318553,9.335670173970051
2019,20149,Water,2351.0790434840887,1.371912032600401
2019,20149,Wetlands,304.12363253894347,0.1774635659463072
2019,20149,Wheat,1037.9470614543343,0.6056674558679362
2019,20161,Corn,3683.9549770830677,4.60683558501176
2019,20161,Developed,9042.683951261351,11.307998732294555
2019,20161,Double Crop,44.74301234873958,0.055951742828301766
2019,20161,Fallow/Barren,465.40463528905326,0.5819947986923201
2019,20161,Forest,15707.318960483948,19.642215060288926
2019,20161,Grass/Pasture/Shrubland,40308.485675928925,50.40630717393782
2019,20161,Other Crops,1563.1579020098848,1.9547501239207155
2019,20161,Sorghum,1063.5016249292667,1.3299231833504304
2019,20161,Soybeans,5974.421156834844,7.471094559072641
2019,20161,Water,1056.2454217830968,1.320849203056481
2019,20161,Wetlands,229.38364127607434,0.28684734960765074
2019,20161,Wheat,827.8458837964022,1.0352324879384056
2019,20177,Corn,13836.410025455978,9.495149451777898
2019,20177,Developed,24169.5455731891,16.586198802779734
2019,20177,Double Crop,122.71351079214283,0.08421137582509287
2019,20177,Fallow/Barren,565.1327862239501,0.3878188240608474
2019,20177,Forest,26409.9877847032,18.123688194700026
2019,20177,Grass/Pasture/Shrubland,54757.95781432441,37.57730452946918
2019,20177,Other Crops,5183.9286953970695,3.5574384988300523
2019,20177,Sorghum,129.0774017883006,0.0885785560396262
2019,20177,Soybeans,16779.888246185972,11.515092888150843
2019,20177,Water,2748.053685428801,1.8858345767904936
2019,20177,Wetlands,384.226691322277,0.26367315298947464
2019,20177,Wheat,633.9018304091568,0.4350111485867272
2019,20197,Corn,8281.683393391022,5.388046182928634
2019,20197,Developed,4746.503530651223,3.088065434980473
2019,20197,Double Crop,42.62010181965967,0.027728550587759058
2019,20197,Fallow/Barren,309.421697640274,0.20130912010188937
2019,20197,Forest,13357.72095738083,8.690505782251584
2019,20197,Grass/Pasture/Shrubland,111738.14352778232,72.69660636904445
2019,20197,Other Crops,4242.911927894823,2.760429773956306
2019,20197,Sorghum,419.1109386123293,0.27267271468212434
2019,20197,Soybeans,8846.100218508176,5.755254608522403
2019,20197,Water,1199.6635140588414,0.780498614917082
2019,20197,Wetlands,195.76895092249273,0.12736687683516673
2019,20197,Wheat,325.11011349696565,0.21151597119212803
2019,20209,Corn,267.64915508371746,1.0431936727799396
2019,20209,Developed,14349.048827328028,55.92708462837081
2019,20209,Double Crop,0.757521001112227,0.0029525260974988797
2019,20209,Fallow/Barren,395.2258118333319,1.5404385121069604
2019,20209,Forest,5444.573296646158,21.22085687986324
2019,20209,Grass/Pasture/Shrubland,3224.559474407206,12.568095124948313
2019,20209,Other Crops,237.55667410038274,0.9259047325243788
2019,20209,Sorghum,3.7524637956452978,0.014625663539750563
2019,20209,Soybeans,807.6505395552055,3.1479117967615458
2019,20209,Water,770.1855218700404,3.0018875382970345
2019,20209,Wetlands,153.28423304641473,0.5974431042045664
2019,20209,Wheat,2.464537323596849,0.009605820505960738
2020,20005,Corn,19373.880106070654,25.885236010490036
2020,20005,Developed,3135.554609552066,4.189381303469658
2020,20005,Double Crop,18.52950708682822,0.024757078162691043
2020,20005,Fallow/Barren,27.06399013215821,0.03615991056623574
2020,20005,Forest,10123.116183232345,13.525388313024214
2020,20005,Grass/Pasture/Shrubland,16071.843062289003,21.473419289951632
2020,20005,Other Crops,3785.5803927473544,5.057873867622637
2020,20005,Sorghum,67.550372805443,0.09025333764285985
2020,20005,Soybeans,21321.635848747268,28.48761182854691
2020,20005,Water,604.687567744622,0.8079166546908764
2020,20005,Wetlands,98.25568937643499,0.13127838589676585
2020,20005,Wheat,217.59323746950864,0.2907240199354775
2020,20013,Corn,13395.350659327421,29.990227607613058
2020,20013,Developed,2080.354439039113,4.657608801591746
2020,20013,Double Crop,2.8721793364516937,0.00643038873865466
2020,20013,Fallow/Barren,5.518099468891832,0.012354216268185695
2020,20013,Forest,4328.950004489499,9.691884836640494
2020,20013,Grass/Pasture/Shrubland,8705.11754871051,19.48948282701866
2020,20013,Other Crops,2089.2892145123888,4.677612454865269
2020,20013,Sorghum,44.83746062226987,0.10038450531139569
2020,20013,Soybeans,13459.382045423254,30.133584500006748
2020,20013,Water,314.97988845571933,0.7051938233531764
2020,20013,Wetlands,40.76155991503163,0.09125916077769437
2020,20013,Wheat,198.3054627252871,0.4439768778149326
2020,20045,Corn,8427.03007532213,8.64524622313178
2020,20045,Developed,12093.106955088524,12.406255382375774
2020,20045,Double Crop,214.02924460821504,0.21957148628286915
2020,20045,Fallow/Barren,140.79601922779025,0.1444419021388759
2020,20045,Forest,24608.431896715214,25.245661996066914
2020,20045,Grass/Pasture/Shrubland,28888.920364334437,29.636992800286176
2020,20045,Other Crops,5647.71849070651,5.793964957366733
2020,20045,Sorghum,45.04118077437849,0.04620751255123609
2020,20045,Soybeans,11784.283829827766,12.089435348103585
2020,20045,Water,4818.352362435238,4.943122569960568
2020,20045,Wetlands,480.94739839416354,0.49340142877480564
2020,20045,Wheat,327.2249720485357,0.33569839296068565
2020,20061,Corn,3638.3772941551288,4.638589049865695
2020,20061,Developed,5882.401201822457,7.49950859838646
2020,20061,Double Crop,473.27644395777736,0.6033829790078717
2020,20061,Fallow/Barren,38.17322299780481,0.04866727111565714
2020,20061,Forest,13076.434193730895,16.671224438369993
2020,20061,Grass/Pasture/Shrubland,45214.05803845114,57.64367396808223
2020,20061,Other Crops,2594.308576332877,3.3074995750117098
2020,20061,Sorghum,492.82207807540317,0.6283018252573654
2020,20061,Soybeans,4852.307581505435,6.186236059220454
2020,20061,Water,863.6520718128962,1.101075209995611
2020,20061,Wetlands,139.41361779841966,0.17773925809199986
2020,20061,Wheat,1171.930922945616,1.4941017675949562
2020,20085,Corn,16356.555829901134,9.61352045418824
2020,20085,Developed,6950.591973047638,4.0851912099647665
2020,20085,Double Crop,25.830430368996755,0.015181764014089286
2020,20085,Fallow/Barren,18.94484019175615,0.011134777429844535
2020,20085,Forest,27343.095249280937,16.07082861412936
2020,20085,Grass/Pasture/Shrubland,81037.50689348289,47.62957056354982
2020,20085,Other Crops,13929.716906712523,8.187152588623054
2020,20085,Sorghum,756.5137169809141,0.44463884498072537
2020,20085,Soybeans,21607.195255260915,12.699569255549408
2020,20085,Water,1558.9213634869361,0.9162517201179794
2020,20085,Wetlands,127.36840835691301,0.07486042976836063
2020,20085,Wheat,428.92550216641973,0.2520997776843563
2020,20087,Corn,18694.899541329796,13.004839959892355
2020,20087,Developed,7227.997913666418,5.0280535549206435
2020,20087,Double Crop,48.61378695222247,0.03381748683699992
2020,20087,Fallow/Barren,153.45173906378548,0.10674651145783802
2020,20087,Forest,37420.881657186146,26.031302068989927
2020,20087,Grass/Pasture/Shrubland,42594.687768362084,29.63038642408938
2020,20087,Other Crops,9221.859451463693,6.415054867439811
2020,20087,Sorghum,144.51551032460983,0.1005301515174677
2020,20087,Soybeans,20073.546905491214,13.963876315900038
2020,20087,Water,6583.882294403588,4.579983720383078
2020,20087,Wetlands,1390.0252490164194,0.9669512191656422
2020,20087,Wheat,199.0376785116284,0.13845771940682555
2020,20091,Corn,1975.2740863561264,3.2712346836873305
2020,20091,Developed,27210.000126187755,45.06225073813588
2020,20091,Double Crop,152.10975817568576,0.25190768213312387
2020,20091,Fallow/Barren,525.8836707271654,0.8709114928151579
2020,20091,Forest,11318.360899836805,18.74424161881167
2020,20091,Grass/Pasture/Shrubland,11220.573027502569,18.58229595170992
2020,20091,Other Crops,1946.4958100353717,3.223575224026795
2020,20091,Sorghum,8.704680275174795,0.014415747274389617
2020,20091,Soybeans,4833.495459030305,8.004710889612946
2020,20091,Water,842.6424739233851,1.3954930638164118
2020,20091,Wetlands,95.69209147539357,0.15847486217284942
2020,20091,Wheat,253.90386835896436,0.4204880458035227
2020,20103,Corn,5712.865796790624,6.322938421419964
2020,20103,Developed,5400.835085002991,5.977586185536285
2020,20103,Double Crop,97.08605539737896,0.10745380194316033
2020,20103,Fallow/Barren,145.4294550606879,0.16095975675220167
2020,20103,Forest,27377.145069666778,30.30072971905461
2020,20103,Grass/Pasture/Shrubland,28669.84937169597,31.73148093737083
2020,20103,Other Crops,7532.76713174495,8.337185645718613
2020,20103,Sorghum,41.6065453635532,0.046049676925642824
2020,20103,Soybeans,13218.56840949134,14.630169348542147
2020,20103,Water,1552.2062491363454,1.7179651824038933
2020,20103,Wetlands,371.74686266114327,0.41144542941704615
2020,20103,Wheat,231.33211322427212,0.25603589491560247
2020,20117,Corn,165.81528902563147,8.104581762964996
2020,20117,Developed,78.77064085306233,3.8500858579820774
2020,20117,Double Crop,0,0
2020,20117,Fallow/Barren,0,0
2020,20117,Forest,132.9540688587416,6.498418379369019
2020,20117,Grass/Pasture/Shrubland,1285.7028782319046,62.84151576576982
2020,20117,Other Crops,54.2476157749023,2.6514698377762036
2020,20117,Sorghum,10.210483972608412,0.49905954198624525
2020,20117,Soybeans,294.19531595107395,14.379433925651048
2020,20117,Water,4.252871532511033,0.20786831699997185
2020,20117,Wetlands,0.686594569527903,0.03355879822328376
2020,20117,Wheat,19.109286578919008,0.9340078132773315
2020,20127,Corn,1233.114527246427,4.5811287451964775
2020,20127,Developed,1106.4474625107543,4.110549477408571
2020,20127,Double Crop,553.7469813789196,2.0572186588584342
2020,20127,Fallow/Barren,10.89430745205296,0.04047330878426533
2020,20127,Forest,1531.0908310010348,5.6881368781440775
2020,20127,Grass/Pasture/Shrubland,14536.42059775475,54.00407892472454
2020,20127,Other Crops,1440.6092901711067,5.351990009019717
2020,20127,Sorghum,1043.8803269211217,3.8781070748408886
2020,20127,Soybeans,3688.6556594434915,13.703679665782811
2020,20127,Water,102.63531052324437,0.38129919072491697
2020,20127,Wetlands,7.938063218832559,0.029490601877982275
2020,20127,Wheat,1661.8308327681113,6.173847464637315
2020,20131,Corn,16036.62971306251,21.131700310068435
2020,20131,Developed,3108.233304997068,4.095764251603978
2020,20131,Double Crop,149.29642553901988,0.1967300722348928
2020,20131,Fallow/Barren,9.422826969595429,0.012416596202438287
2020,20131,Forest,9320.70806442998,12.282032635244937
2020,20131,Grass/Pasture/Shrubland,25970.002865622933,34.22105064638048
2020,20131,Other Crops,4174.950179584751,5.501392598258309
2020,20131,Sorghum,265.44233826640635,0.34977723138924516
2020,20131,Soybeans,16222.568848394048,21.376715014157963
2020,20131,Water,289.9057082375279,0.38201296994863765
2020,20131,Wetlands,43.11674236402369,0.056815558772977504
2020,20131,Wheat,298.69300271398964,0.39359211573770925
2020,20139,Corn,2112.021379645059,9.60304429673313
2020,20139,Developed,1006.3104403803927,4.575542571856911
2020,20139,Double Crop,192.3585841993103,0.8746256182469547
2020,20139,Fallow/Barren,6.2962789560179315,0.028628235633386512
2020,20139,Forest,4530.52661520634,20.599624697296644
2020,20139,Grass/Pasture/Shrubland,9288.57580330763,42.23376039295454
2020,20139,Other Crops,863.1156618040452,3.9244574005691777
2020,20139,Sorghum,13.178253119293393,0.059919539488470466
2020,20139,Soybeans,3622.7005830931907,16.471875951886148
2020,20139,Water,278.22741224381775,1.2650582944344213
2020,20139,Wetlands,18.549051686816927,0.08433975466708153
2020,20139,Wheat,61.38826869734176,0.2791232462331423
2020,20149,Corn,15386.057699561548,8.978140378058875
2020,20149,Developed,7751.21870955765,4.523025393140705
2020,20149,Double Crop,39.00273096170497,0.022759045919334437
2020,20149,Fallow/Barren,164.97717615179678,0.09626821084317051
2020,20149,Forest,21285.425328421683,12.420565445475068
2020,20149,Grass/Pasture/Shrubland,100143.8172892897,58.43636278860074
2020,20149,Other Crops,5260.724408009265,3.0697611530947135
2020,20149,Sorghum,829.1697208348426,0.48384077950671184
2020,20149,Soybeans,17017.677198866077,9.930230198231044
2020,20149,Water,2377.07466611523,1.3870811131897764
2020,20149,Wetlands,298.6315452454473,0.1742587988999073
2020,20149,Wheat,818.6575909766175,0.4777066950399535
2020,20161,Corn,4172.224859543071,5.217423684920433
2020,20161,Developed,9074.995619904605,11.348404911480465
2020,20161,Double Crop,153.27148415363138,0.19166806645546955
2020,20161,Fallow/Barren,110.23250146930414,0.13784723579758362
2020,20161,Forest,15691.672053465436,19.62264839118014
2020,20161,Grass/Pasture/Shrubland,40409.80235572574,50.53300505400062
2020,20161,Other Crops,1512.0413729280588,1.8908282121108975
2020,20161,Sorghum,923.9535235797584,1.1554163929263068
2020,20161,Soybeans,5793.608276213348,7.244985603383087
2020,20161,Water,1034.1816232182746,1.2932581241748826
2020,20161,Wetlands,243.10349225002915,0.30400420903754494
2020,20161,Wheat,848.0596805733862,1.0605101145325664
2020,20177,Corn,14982.670643749289,10.281763599621039
2020,20177,Developed,24081.40937848595,16.52571589288636
2020,20177,Double Crop,48.884558742498356,0.033546721316459485
2020,20177,Fallow/Barren,145.08383523047195,0.09956287042780465
2020,20177,Forest,26052.8606132823,17.878611916988287
2020,20177,Grass/Pasture/Shrubland,55314.58354612177,37.95928544087594
2020,20177,Other Crops,4843.972363995516,3.3241456022046143
2020,20177,Sorghum,239.19350268981577,0.1641450384713641
2020,20177,Soybeans,16618.104059736477,11.40406950662008
2020,20177,Water,2770.8159777582214,1.9014550568959017
2020,20177,Wetlands,349.60907505908136,0.23991703131639583
2020,20177,Wheat,273.63649036895157,0.18778132237574788
2020,20197,Corn,7603.0194731236625,4.946508832200394
2020,20197,Developed,4712.6464227979905,3.0660380702445558
2020,20197,Double Crop,107.57204963377905,0.0699861542499475
2020,20197,Fallow/Barren,54.27878232861307,0.03531366414865425
2020,20197,Forest,12796.17635207559,8.325166016960196
2020,20197,Grass/Pasture/Shrubland,112418.55242501707,73.1392789981988
2020,20197,Other Crops,4027.0391424952004,2.6199833837575675
2020,20197,Sorghum,488.02032178143696,0.31750501764707145
2020,20197,Soybeans,9799.60620753605,6.375603643922754
2020,20197,Water,1181.6574859779375,0.7687839300803685
2020,20197,Wetlands,157.03276075895667,0.1021651911829
2020,20197,Wheat,359.1574486326735,0.23366709740678615
2020,20209,Corn,273.85081766127587,1.0673653730776724
2020,20209,Developed,14356.994860078508,55.95805521404821
2020,20209,Double Crop,5.426279607893222,0.021149555102904897
2020,20209,Fallow/Barren,240.93564322551484,0.9390746571996651
2020,20209,Forest,5507.0757084639945,21.46446729037045
2020,20209,Grass/Pasture/Shrubland,3159.532596995437,12.314645316540078
2020,20209,Other Crops,230.51860548929025,0.8984730425517866
2020,20209,Sorghum,1.5691506451610417,0.00611594691624768
2020,20209,Soybeans,923.1992744454278,3.598276413446038
2020,20209,Water,811.8176196920186,3.1641534756539405
2020,20209,Wetlands,136.01049206954352,0.5301166921832946
2020,20209,Wheat,9.777007616774487,0.03810702290971252
2021,20005,Corn,19882.942329852503,26.565388655931933
2021,20005,Developed,3462.786466111758,4.626592321129682
2021,20005,Double Crop,81.26731661969644,0.10858040098952133
2021,20005,Fallow/Barren,12.943143482911484,0.01729319691969286
2021,20005,Forest,8978.158502662956,11.995622482880815
2021,20005,Grass/Pasture/Shrubland,17737.81339920271,23.699304611910154
2021,20005,Other Crops,3238.5939132076105,4.3270510257389
2021,20005,Sorghum,90.17837919361963,0.1204863773126622
2021,20005,Soybeans,20481.75527607893,27.365456291033635
2021,20005,Water,579.0284632771541,0.7736337969813302
2021,20005,Wetlands,72.32755663691015,0.09663608236234826
2021,20005,Wheat,227.4958209269268,0.30395475680932255
2021,20013,Corn,12616.801833815372,28.247170850492036
2021,20013,Developed,2224.2495345940215,4.979768838836161
2021,20013,Double Crop,45.05701008926242,0.1008760444023602
2021,20013,Fallow/Barren,5.469837085167487,0.01224616386182549
2021,20013,Forest,3890.523377671152,8.710311851959817
2021,20013,Grass/Pasture/Shrubland,9426.582477719978,21.10473710308632
2021,20013,Other Crops,1589.3530458650002,3.5583286176352837
2021,20013,Sorghum,62.49345721046673,0.13991369493739164
2021,20013,Soybeans,14176.539500382263,31.739194972752458
2021,20013,Water,312.36063248349075,0.699329692971861
2021,20013,Wetlands,42.19853928803329,0.09447634706566636
2021,20013,Wheat,274.0893158216239,0.6136458219988222
2021,20045,Corn,8662.064185517684,8.886366491519759
2021,20045,Developed,12928.872660104884,13.263663062202948
2021,20045,Double Crop,509.5189374235703,0.5227128217181374
2021,20045,Fallow/Barren,92.61314865573794,0.0950113464022204
2021,20045,Forest,22145.00039707189,22.718440462753325
2021,20045,Grass/Pasture/Shrubland,32012.013630259517,32.84095790073053
2021,20045,Other Crops,4531.277760760593,4.648614232657652
2021,20045,Sorghum,38.634202997141585,0.03963462744992959
2021,20045,Soybeans,10648.04041953778,10.923769156863324
2021,20045,Water,4804.607147291668,4.929021425400272
2021,20045,Wetlands,558.634036847701,0.5730997461743168
2021,20045,Wheat,544.6062630147399,0.5587087261275872
2021,20061,Corn,3886.3586965597915,4.95474202817624
2021,20061,Developed,6128.731424305082,7.813556477504016
2021,20061,Double Crop,692.4892900576856,0.8828587522165569
2021,20061,Fallow/Barren,34.58748032023543,0.04409578625438969
2021,20061,Forest,12516.30203248189,15.95710858407936
2021,20061,Grass/Pasture/Shrubland,45127.803589925745,57.53370765395784
2021,20061,Other Crops,2768.2085460370745,3.529205690135534
2021,20061,Sorghum,756.2607129633755,0.9641613220352202
2021,20061,Soybeans,4454.449048482677,5.679003827522082
2021,20061,Water,971.7847817651938,1.2389342509265224
2021,20061,Wetlands,175.13225686407452,0.2232771654201417
2021,20061,Wheat,925.0473838230174,1.179348461772092
2021,20085,Corn,16985.95780613343,9.983449725077554
2021,20085,Developed,7820.525812304364,4.5964924181443365
2021,20085,Double Crop,198.76652880336215,0.11682447760584987
2021,20085,Fallow/Barren,32.71900451765827,0.019230504419284363
2021,20085,Forest,24348.919502817047,14.311010099681205
2021,20085,Grass/Pasture/Shrubland,84435.31733043813,49.62662425106326
2021,20085,Other Crops,12857.578622108796,7.557006276896833
2021,20085,Sorghum,912.3351454131491,0.5362224586101709
2021,20085,Soybeans,20393.56963401537,11.986264153001944
2021,20085,Water,1557.7798584253126,0.915580803674897
2021,20085,Wetlands,136.15838673930227,0.08002671525350499
2021,20085,Wheat,461.5387375220294,0.2712681165711563
2021,20087,Corn,17577.66220210545,12.227649755595856
2021,20087,Developed,8106.944757191137,5.639480377943756
2021,20087,Double Crop,228.91112562902995,0.15923875639251456
2021,20087,Fallow/Barren,138.25229115758773,0.09617323252355804
2021,20087,Forest,34063.89529581205,23.696062434206308
2021,20087,Grass/Pasture/Shrubland,47101.24338040981,32.76530749576831
2021,20087,Other Crops,7622.286741558347,5.302334948804151
2021,20087,Sorghum,161.2593706609263,0.11217777890927
2021,20087,Soybeans,20346.351768797307,14.153649124239168
2021,20087,Water,6834.216298096866,4.754124996047755
2021,20087,Wetlands,1013.7162234830996,0.7051772180962701
2021,20087,Wheat,558.6600408699704,0.3886238814730799
2021,20091,Corn,2195.8352782798534,3.636504205461552
2021,20091,Developed,27856.386269878618,46.13272535576078
2021,20091,Double Crop,224.56698619797677,0.37190348374241317
2021,20091,Fallow/Barren,462.2443181642955,0.7655189000661166
2021,20091,Forest,10352.48797601685,17.14466765069316
2021,20091,Grass/Pasture/Shrubland,12326.335972407996,20.413540598868583
2021,20091,Other Crops,1494.3006753285224,2.4746986915671805
2021,20091,Sorghum,63.797636067486465,0.10565472472036323
2021,20091,Soybeans,4272.035140240085,7.0748812112775745
2021,20091,Water,805.0187136994574,1.333184673185777
2021,20091,Wetlands,106.12156373722803,0.17574702284722216
2021,20091,Wheat,224.00542186633456,0.3709734818092746
2021,20103,Corn,6533.677370422071,7.231403843201109
2021,20103,Developed,6549.912244894082,7.249372427658961
2021,20103,Double Crop,241.3347029207365,0.2671066536127531
2021,20103,Fallow/Barren,76.89375815285932,0.08510518452319034
2021,20103,Forest,24890.461528907224,27.548495120682947
2021,20103,Grass/Pasture/Shrubland,31746.418542285217,35.13659460655648
2021,20103,Other Crops,6374.118305401106,7.054805586110302
2021,20103,Sorghum,50.570705849912166,0.05597111334146329
2021,20103,Soybeans,11794.41454621392,13.053931169590138
2021,20103,Water,1482.0322740799074,1.6402973815398538
2021,20103,Wetlands,333.4502527908748,0.3690591534966692
2021,20103,Wheat,278.1539133181218,0.3078577596861285
2021,20117,Corn,248.5437176232221,12.14811307802451
2021,20117,Developed,78.36589329790596,3.8303029436718172
2021,20117,Double Crop,2.2977278106092056,0.11230642855401757
2021,20117,Fallow/Barren,0.21374212191713535,0.010447109632931866
2021,20117,Forest,113.97826361578065,5.570934755793727
2021,20117,Grass/Pasture/Shrubland,1280.9518291797267,62.60929794237429
2021,20117,Other Crops,62.32138801983032,3.0460929613680325
2021,20117,Sorghum,35.97914586956952,1.7585587624341206
2021,20117,Soybeans,214.42705356520494,10.480587152263418
2021,20117,Water,5.504605042201588,0.26904950622771595
2021,20117,Wetlands,0.320613182875703,0.015670664449397798
2021,20117,Wheat,3.0410660200388917,0.1486386952060248
2021,20127,Corn,1137.2736402589676,4.22507143450709
2021,20127,Developed,1165.753174252081,4.330875404002925
2021,20127,Double Crop,638.5574080712331,2.3722968409962495
2021,20127,Fallow/Barren,17.135267499962698,0.06365902336419624
2021,20127,Forest,1429.1196868317813,5.309305123742901
2021,20127,Grass/Pasture/Shrubland,14506.871729557537,53.89430228476511
2021,20127,Other Crops,1541.5486547955747,5.726988611814225
2021,20127,Sorghum,1025.9217412289331,3.811389352099213
2021,20127,Soybeans,3982.022907274592,14.793564751265754
2021,20127,Water,108.68026768800657,0.40375673738346785
2021,20127,Wetlands,31.797670386582904,0.1181311375542225
2021,20127,Wheat,1332.5820425445993,4.950659298504657
2021,20131,Corn,15777.109828999934,20.789727182756838
2021,20131,Developed,3310.1756925964796,4.361866674058397
2021,20131,Double Crop,95.02631523702794,0.12521755824562741
2021,20131,Fallow/Barren,27.096915691613113,0.035706000074064756
2021,20131,Forest,8243.982961070305,10.863216299915399
2021,20131,Grass/Pasture/Shrubland,26311.52853985608,34.67108399660559
2021,20131,Other Crops,4200.261871626478,5.534746183153446
2021,20131,Sorghum,314.66111055771603,0.4146335237835424
2021,20131,Soybeans,16906.109812246497,22.27742688792653
2021,20131,Water,298.2104794758606,0.392956287845987
2021,20131,Wetlands,47.23183153296412,0.062238071646516395
2021,20131,Wheat,357.57466129089266,0.4711813339880612
2021,20139,Corn,2422.3890462338422,11.014239504911693
2021,20139,Developed,1188.3584003324288,5.403287328798293
2021,20139,Double Crop,135.9488628950258,0.6181390799608452
2021,20139,Fallow/Barren,5.6358475626611915,0.02562535318793333
2021,20139,Forest,4173.210094128279,18.974960092602227
2021,20139,Grass/Pasture/Shrubland,9623.005291361413,43.75436109277036
2021,20139,Other Crops,766.1049592614416,3.4833642929177846
2021,20139,Sorghum,16.697105561330503,0.07591923352576703
2021,20139,Soybeans,3156.7351563129714,14.353201076128682
2021,20139,Water,288.877098567943,1.3134808201259343
2021,20139,Wetlands,19.369806186233603,0.0880716022187223
2021,20139,Wheat,196.9166639356843,0.8953505228517544
2021,20149,Corn,15180.033725025945,8.857920358041728
2021,20149,Developed,8574.824134497658,5.003619270118882
2021,20149,Double Crop,75.00240014766204,0.043765731961101555
2021,20149,Fallow/Barren,225.4257084759234,0.13154140554002283
2021,20149,Forest,19321.87123803424,11.274783685933603
2021,20149,Grass/Pasture/Shrubland,100888.83882188034,58.871101045462076
2021,20149,Other Crops,5312.733026530612,3.1001094519943644
2021,20149,Sorghum,907.4913315863752,0.529543351906592
2021,20149,Soybeans,17389.580332148078,10.147244757960722
2021,20149,Water,2362.8125759307322,1.3787588353027902
2021,20149,Wetlands,443.9914671737541,0.2590798628722078
2021,20149,Wheat,689.829302560244,0.40253224290591405
2021,20161,Corn,3659.9617639613234,4.57683174709962
2021,20161,Developed,9442.67804492122,11.808196762924629
2021,20161,Double Crop,129.26425825105682,0.16164670537114736
2021,20161,Fallow/Barren,121.3431534232281,0.15174125652053647
2021,20161,Forest,15007.847750511217,18.76751684034894
2021,20161,Grass/Pasture/Shrubland,40239.34800572935,50.31984958112749
2021,20161,Other Crops,1535.483915618302,1.920143429191558
2021,20161,Sorghum,1112.4678870254231,1.391156157176891
2021,20161,Soybeans,6611.144464553891,8.267325677545498
2021,20161,Water,1158.5402306083297,1.4487702467146186
2021,20161,Wetlands,355.3552626169426,0.4443765679354601
2021,20161,Wheat,593.712105804374,0.7424450280436161
2021,20177,Corn,13967.814581898243,9.585325003078301
2021,20177,Developed,25591.144810151458,17.561762347850824
2021,20177,Double Crop,150.66861223964258,0.1033953885636049
2021,20177,Fallow/Barren,134.01205337843615,0.09196492969107098
2021,20177,Forest,23263.155524974754,15.96419432665004
2021,20177,Grass/Pasture/Shrubland,57276.692828668456,39.30577060893798
2021,20177,Other Crops,4313.9223608819075,2.9604021176432567
2021,20177,Sorghum,283.68225186195366,0.19467516308713767
2021,20177,Soybeans,16986.935748294374,11.657177935682657
2021,20177,Water,2824.123917214801,1.9380372954372078
2021,20177,Wetlands,478.0860051821301,0.32808351744824715
2021,20177,Wheat,450.58535047420816,0.30921136592967774
2021,20197,Corn,7885.030239216884,5.129984456613415
2021,20197,Developed,5089.032034133313,3.310913774872786
2021,20197,Double Crop,141.9893703514626,0.09237799232329533
2021,20197,Fallow/Barren,75.45077534799769,0.04908811926295168
2021,20197,Forest,11493.537482497215,7.477671847529944
2021,20197,Grass/Pasture/Shrubland,113201.49445063749,73.64865946980255
2021,20197,Other Crops,3920.548548617959,2.5507008223986096
2021,20197,Sorghum,705.1124813703353,0.45874473018548456
2021,20197,Soybeans,9427.723521645567,6.133657533327837
2021,20197,Water,1215.1779889643594,0.7905923003822287
2021,20197,Wetlands,268.7219119570864,0.17482992324303423
2021,20197,Wheat,280.9400674193103,0.18277903005786364
2021,20209,Corn,268.535124783889,1.0466468426029663
2021,20209,Developed,14607.0369456366,56.932623288067774
2021,20209,Double Crop,4.8156692213563,0.018769630191242878
2021,20209,Fallow/Barren,184.68424945555356,0.7198283156690081
2021,20209,Forest,4947.596362473565,19.283831548756705
2021,20209,Grass/Pasture/Shrubland,3768.5782505458087,14.688471499623452
2021,20209,Other Crops,128.51242642760633,0.5008921103485008
2021,20209,Sorghum,10.306561122184284,0.04017101921139764
2021,20209,Soybeans,825.8116014375545,3.218696645085485
2021,20209,Water,759.1525745180406,2.9588853443759655
2021,20209,Wetlands,145.54712030914914,0.5672868085473806
2021,20209,Wheat,6.131170059532362,0.023896947520127138
2022,20005,Corn,18538.972885444007,24.769725315964205
2022,20005,Developed,3473.2148967125663,4.6405256368022805
2022,20005,Double Crop,57.09650381597323,0.07628603400860347
2022,20005,Fallow/Barren,8.013553280513017,0.010706823662221317
2022,20005,Forest,8818.29199626079,11.782026536909417
2022,20005,Grass/Pasture/Shrubland,18826.486133128466,25.153868720987276
2022,20005,Other Crops,3001.7611997652634,4.010621345731797
2022,20005,Sorghum,26.62282853527233,0.03557047922921733
2022,20005,Soybeans,21139.020588586944,28.243621513623584
2022,20005,Water,576.6533801422555,0.7704604735605808
2022,20005,Wetlands,81.58531374222751,0.10900527357685577
2022,20005,Wheat,297.5712878394103,0.3975818459439633
2022,20013,Corn,12736.622840062148,28.515432528808894
2022,20013,Developed,2246.503129161723,5.029591376755928
2022,20013,Double Crop,39.04990090226167,0.08742700701889379
2022,20013,Fallow/Barren,6.603256707342229,0.014783724341459999
2022,20013,Forest,3862.721644019401,8.648067843474555
2022,20013,Grass/Pasture/Shrubland,9598.937579651794,21.490614925005765
2022,20013,Other Crops,1607.3316809578516,3.598580147604258
2022,20013,Sorghum,17.049169048513953,0.03817059166939926
2022,20013,Soybeans,14039.872314950202,31.43321716733044
2022,20013,Water,310.8351365348657,0.6959143310394056
2022,20013,Wetlands,47.38830235512017,0.10609546623393862
2022,20013,Wheat,152.80360767460598,0.34210489071705535
2022,20045,Corn,6889.8746466660805,7.068286482253289
2022,20045,Developed,12939.485701965765,13.274550926520936
2022,20045,Double Crop,345.61634068385894,0.35456600216720374
2022,20045,Fallow/Barren,75.90706657443089,0.07787266388586207
2022,20045,Forest,21710.882247521822,22.273080916241064
2022,20045,Grass/Pasture/Shrubland,33369.57486946664,34.233672898899904
2022,20045,Other Crops,3963.929360754517,4.066574466748202
2022,20045,Sorghum,92.49356635214649,0.09488866754036314
2022,20045,Soybeans,12624.442053966364,12.951349290399524
2022,20045,Water,4935.293324717026,5.063091693537877
2022,20045,Wetlands,443.0030252637149,0.4544744941889487
2022,20045,Wheat,85.38058555053111,0.08759149761682712
2022,20061,Corn,3522.7226391629374,4.491140236056695
2022,20061,Developed,6130.907638812071,7.816330946440618
2022,20061,Double Crop,691.634529640844,0.8817690130308518
2022,20061,Fallow/Barren,33.93461596813922,0.04326344557340917
2022,20061,Forest,12605.948346258845,16.07139920757094
2022,20061,Grass/Pasture/Shrubland,45212.449606061105,57.64162336797436
2022,20061,Other Crops,2497.343405552762,3.183878096799005
2022,20061,Sorghum,535.0433399687853,0.6821299654573311
2022,20061,Soybeans,5293.7149768924455,6.748988996927367
2022,20061,Water,949.3725590123001,1.2103607736206554
2022,20061,Wetlands,195.2422739126461,0.24891554685572556
2022,20061,Wheat,768.8413123429693,0.9802004036930455
2022,20085,Corn,16264.5571410867,9.559448479264322
2022,20085,Developed,7821.545506252363,4.59709174044226
2022,20085,Double Crop,292.21671281548237,0.1717495648180275
2022,20085,Fallow/Barren,43.363826841186885,0.025486969301173897
2022,20085,Forest,24072.930391930426,14.148798263018659
2022,20085,Grass/Pasture/Shrubland,85195.20297500206,50.07324493715567
2022,20085,Other Crops,12775.581489503282,7.508812688974927
2022,20085,Sorghum,388.11812600245486,0.22811535519873324
2022,20085,Soybeans,20976.048475810712,12.328614481394107
2022,20085,Water,1478.0564018990437,0.8687235625806081
2022,20085,Wetlands,144.01920928999104,0.08464689196819221
2022,20085,Wheat,689.5261128042689,0.4052670658833201
2022,20087,Corn,17386.532446221045,12.09469306966369
2022,20087,Developed,8120.0019563503365,5.648563432121952
2022,20087,Double Crop,158.491609270378,0.11025242521310942
2022,20087,Fallow/Barren,111.9034341164366,0.07784402630403754
2022,20087,Forest,34012.7525233388,23.66048569469779
2022,20087,Grass/Pasture/Shrubland,48336.83643154029,33.62483016129443
2022,20087,Other Crops,7171.523726821635,4.988768093120873
2022,20087,Sorghum,29.420567067904646,0.020465997444999575
2022,20087,Soybeans,20312.29517088855,14.12995813812808
2022,20087,Water,6822.3006721497595,4.745836060976376
2022,20087,Wetlands,1000.3247382913955,0.6958616226121451
2022,20087,Wheat,291.01621971505506,0.20244127842250795
2022,20091,Corn,1529.751251274927,2.5334080901228515
2022,20091,Developed,27851.016216112872,46.12383205520411
2022,20091,Double Crop,272.9569451416774,0.4520416848823132
2022,20091,Fallow/Barren,446.8344077088227,0.7399986778839629
2022,20091,Forest,9973.957634655957,16.51778675854719
2022,20091,Grass/Pasture/Shrubland,13066.672662419316,21.63960592048627
2022,20091,Other Crops,1380.9329278710338,2.2869513252365814
2022,20091,Sorghum,11.155929586048565,0.018475240495852984
2022,20091,Soybeans,4849.565643028341,8.03132458521637
2022,20091,Water,782.9061585188068,1.296564257846185
2022,20091,Wetlands,102.03892107986765,0.16898579292267243
2022,20091,Wheat,115.34725448702706,0.19102561115563724
2022,20103,Corn,5938.2042507174265,6.572340598687559
2022,20103,Developed,6571.01624257979,7.272730105321805
2022,20103,Double Crop,148.82007220059052,0.16471245533620468
2022,20103,Fallow/Barren,81.84145530018574,0.09058124251285202
2022,20103,Forest,24500.172271739244,27.116527168451125
2022,20103,Grass/Pasture/Shrubland,33477.65367282895,37.052707029427765
2022,20103,Other Crops,5635.096348968859,6.236864032989364
2022,20103,Sorghum,8.088718689168394,0.008952506850157855
2022,20103,Soybeans,11953.030090212082,13.229485147760572
2022,20103,Water,1488.7835418013515,1.6477696120433591
2022,20103,Wetlands,334.2270249784874,0.36991887659965283
2022,20103,Wheat,214.50445521990125,0.23741122401958292
2022,20117,Corn,167.10681499691975,8.167707895029215
2022,20117,Developed,78.47276435886451,3.835526498488283
2022,20117,Double Crop,0.10687106095856767,0.005223554816465933
2022,20117,Fallow/Barren,0,0
2022,20117,Forest,114.38677047067638,5.590901414029461
2022,20117,Grass/Pasture/Shrubland,1293.8041626838751,63.23748360813134
2022,20117,Other Crops,51.00115853489406,2.4927922013759236
2022,20117,Sorghum,13.019008472955058,0.6363322662332314
2022,20117,Soybeans,307.5308435202358,15.031236748971153
2022,20117,Water,4.435894432615911,0.21681395806305662
2022,20117,Wetlands,0.3740487133549869,0.018282441857630765
2022,20117,Wheat,15.70670810353266,0.7676994130042378
2022,20127,Corn,1180.3467739900786,4.385091908454399
2022,20127,Developed,1166.955497646044,4.335342140984287
2022,20127,Double Crop,840.9816133939365,3.1243205380960988
2022,20127,Fallow/Barren,16.20459801913405,0.060201504523329334
2022,20127,Forest,1477.7849098086754,5.4901007002646365
2022,20127,Grass/Pasture/Shrubland,14623.236111127457,54.3266061799413
2022,20127,Other Crops,1352.7776098097497,5.025687604213232
2022,20127,Sorghum,997.2758487768075,3.7049673463206583
2022,20127,Soybeans,3826.231940592967,14.214787630456998
2022,20127,Water,113.19759781609295,0.4205390154639393
2022,20127,Wetlands,16.47615761806746,0.06121037227828626
2022,20127,Wheat,1305.7955317908368,4.851145059002835
2022,20131,Corn,15478.34957256166,20.396046445808082
2022,20131,Developed,3318.5201288814915,4.372862259164892
2022,20131,Double Crop,43.560353459490315,0.057400111568131594
2022,20131,Fallow/Barren,17.206729535656212,0.02267355787155929
2022,20131,Forest,8160.152808131138,10.75275208763676
2022,20131,Grass/Pasture/Shrubland,26805.134829908508,35.32151618710858
2022,20131,Other Crops,3618.0402479346067,4.767544278137427
2022,20131,Sorghum,200.73873328024837,0.26451634964457166
2022,20131,Soybeans,17434.02976805893,22.973074695074313
2022,20131,Water,301.21749806693003,0.39691867999634795
2022,20131,Wetlands,49.53469120140966,0.0652725833388389
2022,20131,Wheat,462.4846591617835,0.6094227646505028
2022,20139,Corn,1788.9228052458018,8.133963561059502
2022,20139,Developed,1188.796136065451,5.405277647492501
2022,20139,Double Crop,304.3251379045219,1.3837207369546995
2022,20139,Fallow/Barren,30.860369178067103,0.14031746794169317
2022,20139,Forest,4078.14095812889,18.54269499668369
2022,20139,Grass/Pasture/Shrubland,9962.381550780554,45.29745401970337
2022,20139,Other Crops,660.9579114143215,3.0052764440550495
2022,20139,Sorghum,49.9293747954237,0.22702137510995446
2022,20139,Soybeans,3600.7797191935174,16.37220507303993
2022,20139,Water,279.17919138478265,1.269385891370456
2022,20139,Wetlands,18.220749887050257,0.08284701564642523
2022,20139,Wheat,30.754428360874908,0.13983577094272637
2022,20149,Corn,14862.934923007333,8.67288546386487
2022,20149,Developed,8585.801286244483,5.010024706212955
2022,20149,Double Crop,241.8449757589757,0.141122448939874
2022,20149,Fallow/Barren,198.160707095906,0.11563161145386518
2022,20149,Forest,19115.3359321323,11.154265291578056
2022,20149,Grass/Pasture/Shrubland,101753.54171514958,59.37567629876469
2022,20149,Other Crops,4873.0601758488665,2.8435496073010404
2022,20149,Sorghum,592.386527452027,0.34567200418640615
2022,20149,Soybeans,17598.546674835685,10.269181721643912
2022,20149,Water,2309.8826966390925,1.3478729582475135
2022,20149,Wetlands,405.7537595241495,0.23676722673649978
2022,20149,Wheat,835.1846903031656,0.4873506610703226
2022,20161,Corn,4097.672652286832,5.124195140199957
2022,20161,Developed,9442.08287061597,11.807452489396377
2022,20161,Double Crop,233.9280016367589,0.29253013377601067
2022,20161,Fallow/Barren,131.80955588232567,0.16482963452612304
2022,20161,Forest,15094.035293912746,18.87529553047867
2022,20161,Grass/Pasture/Shrubland,40242.671238730254,50.32400532899659
2022,20161,Other Crops,1339.9962586868207,1.675683467008309
2022,20161,Sorghum,720.459588014091,0.9009444708942183
2022,20161,Soybeans,6447.052628091486,8.062126614004422
2022,20161,Water,1159.0936470068434,1.4494623014150323
2022,20161,Wetlands,407.86943032812655,0.5100462457773733
2022,20161,Wheat,650.475677832399,0.8134286435269242
2022,20177,Corn,12961.640079764922,8.894844072349358
2022,20177,Developed,25630.100540647698,17.588495473161828
2022,20177,Double Crop,235.8503627676364,0.16185082970327347
2022,20177,Fallow/Barren,111.81408289849236,0.07673171190947561
2022,20177,Forest,22871.014194036823,15.695089801948585
2022,20177,Grass/Pasture/Shrubland,58837.366759760815,40.37677328910952
2022,20177,Other Crops,3871.5025115020644,2.6567942755392684
2022,20177,Sorghum,224.0177424103541,0.15373076832233426
2022,20177,Soybeans,17710.642791994756,12.153817347683098
2022,20177,Water,2672.4674918527767,1.833964026324372
2022,20177,Wetlands,415.4082323965961,0.28507128965156403
2022,20177,Wheat,178.9992551874207,0.12283711429731779
2022,20197,Corn,6858.754887462077,4.462291823486556
2022,20197,Developed,5092.832004589004,3.3133860278359184
2022,20197,Double Crop,180.67062495407285,0.11754393701260885
2022,20197,Fallow/Barren,70.21281421929095,0.04568031252544961
2022,20197,Forest,11533.732603226163,7.5038227104075075
2022,20197,Grass/Pasture/Shrubland,113682.27260480642,73.96145274809578
2022,20197,Other Crops,3607.3649109301186,2.3469441918388982
2022,20197,Sorghum,534.2286672413635,0.34756807216730234
2022,20197,Soybeans,10501.642769068443,6.832347186987871
2022,20197,Water,1134.6234538269878,0.738183685497135
2022,20197,Wetlands,259.6824793927879,0.16894888700796434
2022,20197,Wheat,248.74105244226033,0.16183041713701657
2022,20209,Corn,150.77605196231923,0.5876671770722863
2022,20209,Developed,14609.525943211685,56.94232444524527
2022,20209,Double Crop,7.358775439375919,0.028681682089989117
2022,20209,Fallow/Barren,204.81960513501355,0.7983082034064312
2022,20209,Forest,4930.661067446884,19.217824269141087
2022,20209,Grass/Pasture/Shrubland,3872.665215297036,15.09416253576136
2022,20209,Other Crops,93.83193994175352,0.3657208856918952
2022,20209,Sorghum,4.653343292546538,0.01813694602749312
2022,20209,Soybeans,890.8164628122717,3.4720606434318686
2022,20209,Water,747.5646492287959,2.9137200594767636
2022,20209,Wetlands,130.47720744147549,0.5085500725842693
2022,20209,Wheat,13.557794781685407,0.05284308007129412
2023,20005,Corn,20075.055094331194,26.82206848578183
2023,20005,Developed,3467.2246815469207,4.632522173765067
2023,20005,Double Crop,215.12458171606903,0.2874256751301736
2023,20005,Fallow/Barren,12.729207226995593,0.0170073589540781
2023,20005,Forest,9105.155082264553,12.165301267797123
2023,20005,Grass/Pasture/Shrubland,18363.41255350679,24.53516101591721
2023,20005,Other Crops,3037.347977046331,4.058168461938247
2023,20005,Sorghum,27.393527308375628,0.03660020169707357
2023,20005,Soybeans,19588.34166600181,26.171775829235806
2023,20005,Water,580.5451821795897,0.7756602690424851
2023,20005,Wetlands,69.85263735024343,0.09332936891664009
2023,20005,Wheat,303.1083767748229,0.4049798918242678
2023,20013,Corn,13331.790312609239,29.847925303375153
2023,20013,Developed,2242.1740611937294,5.019899227816284
2023,20013,Double Crop,91.08978996906087,0.20393669440819012
2023,20013,Fallow/Barren,1.5932014256867928,0.003566944576239976
2023,20013,Forest,3958.507483751516,8.862518305295962
2023,20013,Grass/Pasture/Shrubland,9222.18064764385,20.647111351936065
2023,20013,Other Crops,1903.6805959199614,4.262061950881596
2023,20013,Sorghum,47.285463199064964,0.10586522443023318
2023,20013,Soybeans,13249.647650464585,29.66401991734495
2023,20013,Water,307.0417818604321,0.687421565678056
2023,20013,Wetlands,33.73906104608988,0.07553681465851164
2023,20013,Wheat,276.9885129426164,0.6201366995987572
2023,20045,Corn,9105.157593183065,9.340933708543401
2023,20045,Developed,12939.050295120189,13.274104244907889
2023,20045,Double Crop,883.1851965937558,0.9060550890327987
2023,20045,Fallow/Barren,92.24922554092394,0.09463799957590856
2023,20045,Forest,22162.680515180447,22.736578403752272
2023,20045,Grass/Pasture/Shrubland,32956.83570833847,33.81024594515837
2023,20045,Other Crops,4142.5408597455335,4.249811072439439
2023,20045,Sorghum,45.48885014497352,0.04666677422477421
2023,20045,Soybeans,9326.37664314269,9.567881178654947
2023,20045,Water,4927.469600120792,5.055065375260637
2023,20045,Wetlands,434.1073880494338,0.4453485063448654
2023,20045,Wheat,460.7409143226238,0.47267170210469245
2023,20061,Corn,3659.06011747543,4.664957705455091
2023,20061,Developed,6134.293127881818,7.820647126775351
2023,20061,Double Crop,1157.9720912518358,1.476305569287622
2023,20061,Fallow/Barren,38.885506676040904,0.04957536585216831
2023,20061,Forest,12683.504811925666,16.170276411143625
2023,20061,Grass/Pasture/Shrubland,45158.297246750975,57.57258420006732
2023,20061,Other Crops,2461.0759447328087,3.1376404933222792
2023,20061,Sorghum,453.18613593124684,0.5777697247227817
2023,20061,Soybeans,4514.929120112727,5.756110233844735
2023,20061,Water,965.1828157823016,1.230517364869921
2023,20061,Wetlands,149.47791556237854,0.19057029171720505
2023,20061,Wheat,1061.290409502611,1.3530455129419008
2023,20085,Corn,17344.484693532093,10.194172911622891
2023,20085,Developed,7825.570613941829,4.599457486355116
2023,20085,Double Crop,420.0252818078397,0.24686869778258527
2023,20085,Fallow/Barren,16.368771270497522,0.009620700045616382
2023,20085,Forest,24628.290433620197,14.475209591647108
2023,20085,Grass/Pasture/Shrubland,84040.02753219838,49.394293765340656
2023,20085,Other Crops,13071.229374723616,7.682578915884836
2023,20085,Sorghum,670.4490725060751,0.39405458820652256
2023,20085,Soybeans,19214.199348943144,11.29309252955558
2023,20085,Water,1502.273535532253,0.8829571158998875
2023,20085,Wetlands,121.51330393494838,0.07141910833692178
2023,20085,Wheat,1286.7344072270803,0.7562745893222734
2023,20087,Corn,18504.619154181826,12.872474125195298
2023,20087,Developed,8115.41575003409,5.645373103175065
2023,20087,Double Crop,443.289719568877,0.30836816459558997
2023,20087,Fallow/Barren,129.60079496030895,0.09015494271084773
2023,20087,Forest,34012.76436062181,23.660493929134713
2023,20087,Grass/Pasture/Shrubland,48102.45040114377,33.461782865565326
2023,20087,Other Crops,7336.741550460289,5.103699513329488
2023,20087,Sorghum,135.56023795913327,0.09430054415034594
2023,20087,Soybeans,18225.0902197064,12.678023812746408
2023,20087,Water,6873.823875858718,4.781677442042619
2023,20087,Wetlands,897.6604219493473,0.624444656681494
2023,20087,Wheat,976.3830093270255,0.6792069006728048
2023,20091,Corn,2099.248338161881,3.476547392031166
2023,20091,Developed,27880.286140701668,46.172305729397046
2023,20091,Double Crop,485.8612086280799,0.804630632326268
2023,20091,Fallow/Barren,512.5579767158357,0.8488429238326723
2023,20091,Forest,10243.563822828453,16.964279283194013
2023,20091,Grass/Pasture/Shrubland,13220.111815705555,21.8937152026019
2023,20091,Other Crops,1295.582366533131,2.145602983530856
2023,20091,Sorghum,43.42369488317897,0.07191361329391772
2023,20091,Soybeans,3619.089236753613,5.993543031016846
2023,20091,Water,783.1872125343536,1.2970297090207825
2023,20091,Wetlands,92.31806681057094,0.15288716850369127
2023,20091,Wheat,107.90607162838134,0.17870233125083881
2023,20103,Corn,7220.322812853219,7.991375633940504
2023,20103,Developed,6568.617716625445,7.270075442591932
2023,20103,Double Crop,433.51663976700684,0.4798115543774163
2023,20103,Fallow/Barren,114.48435935601987,0.12671005764400917
2023,20103,Forest,24897.550314108903,27.55634091190354
2023,20103,Grass/Pasture/Shrubland,33029.162299066775,36.55632160051932
2023,20103,Other Crops,5776.894247260453,6.393804421767305
2023,20103,Sorghum,21.036117429236313,0.023282548525040258
2023,20103,Soybeans,10202.000517829447,11.291464449553278
2023,20103,Water,1454.470867517282,1.6097927131821443
2023,20103,Wetlands,342.2559302353002,0.37880518258617923
2023,20103,Wheat,291.12632318695177,0.32221548340932743
2023,20117,Corn,266.8070538983425,13.040773236059497
2023,20117,Developed,78.47276435886451,3.835526498488283
2023,20117,Double Crop,0.21374212191713535,0.010447109632931866
2023,20117,Fallow/Barren,0.10687106095856767,0.005223554816465933
2023,20117,Forest,112.25998675049836,5.486950248527097
2023,20117,Grass/Pasture/Shrubland,1289.7440904820508,63.03903877643587
2023,20117,Other Crops,57.12924321467446,2.7923156266854936
2023,20117,Sorghum,11.672189644018154,0.5705035758684205
2023,20117,Soybeans,204.46020586803508,9.993435861478366
2023,20117,Water,4.8303966449633196,0.23609610903012407
2023,20117,Wetlands,0.05343553047928384,0.0026117774082329666
2023,20117,Wheat,20.195065774080856,0.9870776255692201
2023,20127,Corn,1675.0124364898732,6.222818279904893
2023,20127,Developed,1168.5369715120175,4.3412174552613525
2023,20127,Double Crop,754.8787570209225,2.8044408662097
2023,20127,Fallow/Barren,14.343259057476763,0.05328646684159556
2023,20127,Forest,1452.5123713136857,5.396211000641996
2023,20127,Grass/Pasture/Shrubland,14539.876168253224,54.01691667255074
2023,20127,Other Crops,1489.7890678819595,5.534697201559779
2023,20127,Sorghum,1053.642526288925,3.914374502684795
2023,20127,Soybeans,3198.570767114816,11.882971257743154
2023,20127,Water,111.14380454902356,0.41290899313870366
2023,20127,Wetlands,14.671730638945697,0.054506767608960345
2023,20127,Wheat,1444.2863302689764,5.365650535854322
2023,20131,Corn,16687.22189737299,21.988995097621174
2023,20131,Developed,3312.5026518542313,4.364932942130203
2023,20131,Double Crop,232.1926179629102,0.30596359115318217
2023,20131,Fallow/Barren,9.9617907838009625,0.013126796662481692
2023,20131,Forest,8295.300700964714,10.930838432460828
2023,20131,Grass/Pasture/Shrubland,26161.714599300343,34.473671987303184
2023,20131,Other Crops,3936.031992193779,5.186566626410971
2023,20131,Sorghum,264.6203294420502,0.3486940584009472
2023,20131,Soybeans,16205.341302669302,21.354014026491157
2023,20131,Water,303.93575025619,0.40050056045741766
2023,20131,Wetlands,39.630382431744756,0.05222153156276266
2023,20131,Wheat,440.51600494979107,0.5804743493456831
2023,20139,Corn,2296.1503118465716,10.440250922235405
2023,20139,Developed,1187.865947632779,5.401048220267309
2023,20139,Double Crop,287.2487620933205,1.306077018513654
2023,20139,Fallow/Barren,4.1037724970833915,0.01865923775820388
2023,20139,Forest,4108.765435761131,18.6819399011629
2023,20139,Grass/Pasture/Shrubland,9858.40305631229,44.82467940770861
2023,20139,Other Crops,700.2511543239391,3.1839369234706347
2023,20139,Sorghum,42.906883073859575,0.19509115900250418
2023,20139,Soybeans,3126.304059011375,14.21483544299549
2023,20139,Water,286.2382253059402,1.3014822593761675
2023,20139,Wetlands,13.470445990434849,0.06124809662894439
2023,20139,Wheat,81.54027849052976,0.37075141088018143
2023,20149,Corn,15848.18678983845,9.247803986912292
2023,20149,Developed,8581.173663449254,5.007324375310552
2023,20149,Double Crop,330.86318222773224,0.19306674613968886
2023,20149,Fallow/Barren,186.6911672473589,0.10893885487886996
2023,20149,Forest,19798.275152330603,11.552777003177653
2023,20149,Grass/Pasture/Shrubland,100814.00957017805,58.82743634984694
2023,20149,Other Crops,5289.955752670541,3.086818356501395
2023,20149,Sorghum,997.2799351264871,0.5819371946097798
2023,20149,Soybeans,15708.077612818335,9.166046860811255
2023,20149,Water,2355.320722107694,1.374387155654335
2023,20149,Wetlands,266.177797977028,0.15532124488448096
2023,20149,Wheat,1196.4227180200417,0.6981418712727683
2023,20161,Corn,4183.609329920007,5.231660119289268
2023,20161,Developed,9445.221062407289,11.811376840727155
2023,20161,Double Crop,321.42398923666127,0.4019450510940648
2023,20161,Fallow/Barren,118.82703001402386,0.14859481012531445
2023,20161,Forest,15251.615699446975,19.07235196146971
2023,20161,Grass/Pasture/Shrubland,40141.45969881932,50.197438927784845
2023,20161,Other Crops,1461.1428519614585,1.8271789224013195
2023,20161,Sorghum,525.1889480441396,0.6567558913600912
2023,20161,Soybeans,6155.947478675892,7.69809568266829
2023,20161,Water,1171.4738306858183,1.4649438887514883
2023,20161,Wetlands,236.94133081732124,0.2962983427212135
2023,20161,Wheat,954.2955929957333,1.1933595616072357
2023,20177,Corn,14628.820770073426,10.038936346896984
2023,20177,Developed,25602.43003569911,17.5695067629827
2023,20177,Double Crop,544.1776962655132,0.3734385252286543
2023,20177,Fallow/Barren,100.78335265274085,0.06916194257964502
2023,20177,Forest,22952.886003199426,15.751273816621186
2023,20177,Grass/Pasture/Shrubland,58243.059411281494,39.9689336049921
2023,20177,Other Crops,4361.530010460477,2.993072568068239
2023,20177,Sorghum,333.2654387055645,0.22870131354880685
2023,20177,Soybeans,15446.160903650156,10.599830878568786
2023,20177,Water,2769.3839288167096,1.9004723223067346
2023,20177,Wetlands,350.71639578782094,0.2406769232096752
2023,20177,Wheat,387.61009862793435,0.2659949949964944
2023,20197,Corn,8235.60789657922,5.358069559465645
2023,20197,Developed,5090.988204575642,3.31218645533934
2023,20197,Double Crop,97.79559283245565,0.06362561156209567
2023,20197,Fallow/Barren,70.61296728727307,0.04594065128849008
2023,20197,Forest,11969.261487170903,7.78717690655636
2023,20197,Grass/Pasture/Shrubland,113038.28106791826,73.54247317868389
2023,20197,Other Crops,4136.607919758044,2.6912686048963455
2023,20197,Sorghum,627.0456047928351,0.407954580843114
2023,20197,Soybeans,8505.315757512064,5.533540939084521
2023,20197,Water,1172.8161653176335,0.7630317850425836
2023,20197,Wetlands,164.84591321539745,0.10724841210186922
2023,20197,Wheat,595.580295199242,0.3874833151357432
2023,20209,Corn,219.07852526604722,0.8538840009714044
2023,20209,Developed,14609.309508639937,56.941480866360266
2023,20209,Double Crop,9.994073893079477,0.03895306393660999
2023,20209,Fallow/Barren,231.1944734412763,0.90110731640528
2023,20209,Forest,4952.122990228135,19.30147460625532
2023,20209,Grass/Pasture/Shrubland,3913.237510277108,15.252297768432404
2023,20209,Other Crops,102.70777441434298,0.4003154815894658
2023,20209,Sorghum,2.808939821680377,0.010948169248955888
2023,20209,Soybeans,743.2732612922669,2.89699387649505
2023,20209,Water,738.106997550436,2.876857763434261
2023,20209,Wetlands,127.96055020888592,0.4987411086786216
2023,20209,Wheat,6.913450957645798,0.026945978192364033
2024,20005,Corn,19336.565864569595,25.835380847635765
2024,20005,Developed,2635.143432207615,3.520787229544865
2024,20005,Double Crop,286.03417626162366,0.38216723336066427
2024,20005,Fallow/Barren,30.593058703455018,0.040875061706073586
2024,20005,Forest,8251.086032931931,11.02418865689052
2024,20005,Grass/Pasture/Shrubland,21695.81787942102,28.987552476566076
2024,20005,Other Crops,270.68726166729186,0.36166238331864126
2024,20005,Sorghum,4.2901563011813275,0.005732032394645224
2024,20005,Soybeans,21507.777536037713,28.7363137654085
2024,20005,Water,509.89118808005,0.6812602158607125
2024,20005,Wetlands,1.8184581752850846,0.002429622707725443
2024,20005,Wheat,315.58552289692625,0.4216504746058147
2024,20013,Corn,13051.623703518335,29.220673312115128
2024,20013,Developed,1710.7506460909738,3.83012005888881
2024,20013,Double Crop,153.56543483962656,0.34381051012618374
2024,20013,Fallow/Barren,15.50864856135835,0.034721591996380835
2024,20013,Forest,4409.54134224899,9.87231703465288
2024,20013,Grass/Pasture/Shrubland,10449.626200577939,23.395182115041724
2024,20013,Other Crops,330.2380026751742,0.7393545056631821
2024,20013,Sorghum,10.424947221195033,0.023339929495857656
2024,20013,Soybeans,13983.44584611631,31.30688657050922
2024,20013,Water,318.377157031202,0.7127998099685376
2024,20013,Wetlands,2.7126138177599324,0.006073144919840513
2024,20013,Wheat,229.90401932697193,0.5147214166222619
2024,20045,Corn,7325.151965698447,7.5148352146945525
2024,20045,Developed,12554.0331775004,12.879117191083196
2024,20045,Double Crop,670.264511746818,0.687620868429966
2024,20045,Fallow/Barren,208.18426490773555,0.2135751520787432
2024,20045,Forest,20895.660494691412,21.436749169863315
2024,20045,Grass/Pasture/Shrubland,38843.09677867847,39.84893049141938
2024,20045,Other Crops,344.3232242313762,0.3532394007397763
2024,20045,Sorghum,21.380348480586807,0.021933988047855492
2024,20045,Soybeans,11378.751571515506,11.67340191839043
2024,20045,Water,4831.715327537886,4.956831566196599
2024,20045,Wetlands,61.220035718279995,0.0628053154958298
2024,20045,Wheat,342.1010887759865,0.3509597235603567
2024,20061,Corn,4127.264100898965,5.2618737740829395
2024,20061,Developed,5625.642681042899,7.172165619179481
2024,20061,Double Crop,662.102206190455,0.8441180766108904
2024,20061,Fallow/Barren,28.87933570146952,0.03681843841963035
2024,20061,Forest,9469.332676699845,12.07250906447706
2024,20061,Grass/Pasture/Shrubland,51681.69480415059,65.88930289944042
2024,20061,Other Crops,1080.5121958428667,1.3775514837162903
2024,20061,Sorghum,383.39262802415135,0.4887895625912607
2024,20061,Soybeans,3959.8628680839843,5.048452937624608
2024,20061,Water,737.8396586524786,0.9406762093310556
2024,20061,Wetlands,75.14343037334703,0.09580081039398972
2024,20061,Wheat,605.4886579247948,0.7719411241323777
2024,20085,Corn,18446.639953585196,10.841961617656105
2024,20085,Developed,6847.689226157958,4.024710405062816
2024,20085,Double Crop,329.36719484155736,0.19358465788742113
2024,20085,Fallow/Barren,145.31598258527424,0.08540906688620645
2024,20085,Forest,23973.37152061726,14.090282811739156
2024,20085,Grass/Pasture/Shrubland,96005.92648311665,56.427217781477964
2024,20085,Other Crops,1591.2459193602422,0.9352503884374125
2024,20085,Sorghum,358.5362068434409,0.21072866402323273
2024,20085,Soybeans,20069.416807469042,11.79574422565946
2024,20085,Water,1410.2642052675383,0.8288788864929977
2024,20085,Wetlands,1.4490387682079777,8.516685286283356e-4
2024,20085,Wheat,961.9438306255989,0.5653798261486006
2024,20087,Corn,19259.065731924955,13.397294115810768
2024,20087,Developed,7155.551312523894,4.977657111151914
2024,20087,Double Crop,442.9221924585238,0.3081124996084368
2024,20087,Fallow/Barren,272.4633891954139,0.18953526674924184
2024,20087,Forest,32633.557666433124,22.701068483179082
2024,20087,Grass/Pasture/Shrubland,56450.77052004482,39.26917256778006
2024,20087,Other Crops,637.3062776312593,0.44333301324815294
2024,20087,Sorghum,150.30812452100045,0.10455970088235837
2024,20087,Soybeans,19557.452846621687,13.604862852093426
2024,20087,Water,6346.710522575944,4.414998563399281
2024,20087,Wetlands,560.5189479105941,0.38991700361637804
2024,20087,Wheat,286.7719639303932,0.19948882248091004
2024,20091,Corn,1948.4882968663692,3.22687496459109
2024,20091,Developed,28180.451578640925,46.669407168743355
2024,20091,Double Crop,170.84705358242684,0.28293835834986025
2024,20091,Fallow/Barren,634.9179377170764,1.0514822188483224
2024,20091,Forest,10125.981451714444,16.769552114324046
2024,20091,Grass/Pasture/Shrubland,14593.221697891762,24.167710848141652
2024,20091,Other Crops,115.98642852307752,0.19208414186288597
2024,20091,Sorghum,5.167012712649539,0.00855704598841436
2024,20091,Soybeans,3532.887503595959,5.850785070869923
2024,20091,Water,958.9835310755026,1.5881645031481184
2024,20091,Wetlands,14.167075321677476,0.023461973443986536
2024,20091,Wheat,102.03638424283177,0.16898159168834453
2024,20103,Corn,6815.692231117212,7.543534857919229
2024,20103,Developed,6481.5720079604025,7.1737341884271455
2024,20103,Double Crop,184.88307770631357,0.20462660196855084
2024,20103,Fallow/Barren,143.45946262797358,0.1587793903151477
2024,20103,Forest,23089.291997950793,25.554980055586668
2024,20103,Grass/Pasture/Shrubland,40198.65081480065,44.4914343811363
2024,20103,Other Crops,473.411755008345,0.5239670388504011
2024,20103,Sorghum,11.239340901379785,0.012439581629362699
2024,20103,Soybeans,10987.951177961657,12.161346187206227
2024,20103,Water,1544.953649070307,1.7099380826532729
2024,20103,Wetlands,31.17308946944255,0.03450204015494823
2024,20103,Wheat,389.1595406615724,0.43071759415275185
2024,20117,Corn,183.47016640548398,8.96750217326575
2024,20117,Developed,62.04694203201193,3.032678818674303
2024,20117,Double Crop,0,0
2024,20117,Fallow/Barren,0,0
2024,20117,Forest,72.10120926735975,3.524102928926166
2024,20117,Grass/Pasture/Shrubland,1394.2517721228724,68.14707830459439
2024,20117,Other Crops,5.296554047124449,0.2588805627582856
2024,20117,Sorghum,14.000108985572364,0.6842856809570371
2024,20117,Soybeans,291.35189097653546,14.240455365058592
2024,20117,Water,4.777401374652505,0.23350585029217358
2024,20117,Wetlands,0,0
2024,20117,Wheat,18.649000137270058,0.9115103154733052
2024,20127,Corn,1213.9875961881685,4.510070516830582
2024,20127,Developed,1031.6418091538571,3.832639906704113
2024,20127,Double Crop,996.0876064474264,3.7005529217306385
2024,20127,Fallow/Barren,47.96927688125068,0.17821007566726244
2024,20127,Forest,1019.9770529665444,3.789304313217323
2024,20127,Grass/Pasture/Shrubland,16665.650258715345,61.91435407713317
2024,20127,Other Crops,600.3674490994471,2.230417790058299
2024,20127,Sorghum,702.7808560993226,2.6108925897091475
2024,20127,Soybeans,3229.580595439207,11.998175492858039
2024,20127,Water,101.62211776664189,0.377535090668403
2024,20127,Wetlands,5.419781094237403,0.020134962661518936
2024,20127,Wheat,1302.179790538404,4.837712262761516
2024,20131,Corn,16707.566600483497,22.01580360893065
2024,20131,Developed,2752.677455043558,3.6272431346894196
2024,20131,Double Crop,81.66896681177604,0.10761638587275209
2024,20131,Fallow/Barren,63.061378591037695,0.08309689612899898
2024,20131,Forest,7030.868552952949,9.26467779320653
2024,20131,Grass/Pasture/Shrubland,30100.390895826196,39.66372305200785
2024,20131,Other Crops,758.0983603984849,0.9989572400269457
2024,20131,Sorghum,90.36694685819293,0.11907784073780528
2024,20131,Soybeans,17643.836866837184,23.249540561882704
2024,20131,Water,328.84096631084714,0.4333185260300614
2024,20131,Wetlands,0.26635804234761934,3.509838679807939e-4
2024,20131,Wheat,331.3266720257892,0.4365939766183103
2024,20139,Corn,2442.446215922241,11.105436445833359
2024,20139,Developed,1066.4527784904417,4.849000758666063
2024,20139,Double Crop,294.77853487816475,1.340313765496465
2024,20139,Fallow/Barren,15.065799553835523,0.06850192989310501
2024,20139,Forest,3831.2415843972162,17.420080592477518
2024,20139,Grass/Pasture/Shrubland,10951.184297571177,49.7933917359009
2024,20139,Other Crops,63.99701356001211,0.29098481767202067
2024,20139,Sorghum,31.63546772648022,0.14384172473496276
2024,20139,Soybeans,2895.7518006832597,13.166548919584995
2024,20139,Water,267.0286261983133,1.2141390947042132
2024,20139,Wetlands,0.05471696662777856,2.4878983677605173e-4
2024,20139,Wheat,133.61149639148718,0.607511425199626
2024,20149,Corn,15434.132636845572,9.00619327790044
2024,20149,Developed,7958.178742130448,4.6437916258800485
2024,20149,Double Crop,343.00283263472886,0.2001505285888916
2024,20149,Fallow/Barren,336.9508972766474,0.19661907652594107
2024,20149,Forest,15846.21550576434,9.246653694518491
2024,20149,Grass/Pasture/Shrubland,111323.21679261386,64.95981538725479
2024,20149,Other Crops,938.8147386668722,0.5478213248207193
2024,20149,Sorghum,513.7804838692467,0.29980345828396054
2024,20149,Soybeans,15796.79495312134,9.217815595256537
2024,20149,Water,2028.370257068946,1.1836035755386072
2024,20149,Wetlands,8.173069220047143,0.004769185467130185
2024,20149,Wheat,844.8031547795139,0.4929632699644442
2024,20161,Corn,4702.360342019979,5.880365284572055
2024,20161,Developed,8767.243390731952,10.963556581482186
2024,20161,Double Crop,363.8342289644437,0.45497963017068693
2024,20161,Fallow/Barren,199.97376877680213,0.2500699057943761
2024,20161,Forest,11878.835989498992,14.85464526178122
2024,20161,Grass/Pasture/Shrubland,46618.52852613711,58.29710120538524
2024,20161,Other Crops,556.7322421144778,0.6962012077376503
2024,20161,Sorghum,587.5708554340822,0.7347653112940026
2024,20161,Soybeans,4892.221886026629,6.117789716356958
2024,20161,Water,775.871142849929,0.970237370570395
2024,20161,Wetlands,62.17579634178596,0.07775167527714466
2024,20161,Wheat,561.7986741284631,0.7025368495780808
2024,20177,Corn,14458.366318872537,9.921963050652108
2024,20177,Developed,24561.271842910162,16.85501849432876
2024,20177,Double Crop,499.28489927315184,0.3426311253347104
2024,20177,Fallow/Barren,384.0446522145103,0.26354822979544285
2024,20177,Forest,23352.230966593965,16.025321788838674
2024,20177,Grass/Pasture/Shrubland,63914.10177661935,43.86065079949411
2024,20177,Other Crops,488.37124488240363,0.3351416985748388
2024,20177,Sorghum,257.44420780594305,0.17666947019600474
2024,20177,Soybeans,14652.123994053716,10.054928037949361
2024,20177,Water,2660.228594394831,1.825565159835566
2024,20177,Wetlands,1.3021414093451285,8.935863613707299e-4
2024,20177,Wheat,492.05340619044136,0.3376685586390497
2024,20197,Corn,7756.24851815958,5.046199333756929
2024,20197,Developed,4676.95118328481,3.042814820831134
2024,20197,Double Crop,159.09826896509844,0.10350900657371671
2024,20197,Fallow/Barren,174.10915606638454,0.11327505884915154
2024,20197,Forest,11111.443459228063,7.229082261837966
2024,20197,Grass/Pasture/Shrubland,118420.41683632141,77.04407964025067
2024,20197,Other Crops,832.5385974837633,0.5416478992535368
2024,20197,Sorghum,374.47223931570073,0.24363086872746792
2024,20197,Soybeans,8833.626696080395,5.747139360484992
2024,20197,Water,1127.9075181715252,0.7338143115722532
2024,20197,Wetlands,2.60822725643923,0.0016969072887382582
2024,20197,Wheat,235.33817182579804,0.15311053057344576
2024,20209,Corn,73.67360821976253,0.287151446159749
2024,20209,Developed,14698.983484573175,57.290995604328764
2024,20209,Double Crop,0,0
2024,20209,Fallow/Barren,232.80147948854443,0.9073708091486246
2024,20209,Forest,4970.936028678941,19.37480060899016
2024,20209,Grass/Pasture/Shrubland,4095.781313303623,15.963783445504259
2024,20209,Other Crops,3.5170617908781976,0.0137081568812448
2024,20209,Sorghum,0,0
2024,20209,Soybeans,750.1800589406126,2.9239139226415514
2024,20209,Water,790.8907648241584,3.0825886278870662
2024,20209,Wetlands,39.94425617114523,0.15568737845858696
2024,20209,Wheat,0,0
